MM.Entrez,mean_log2fc
11298,0.08100389379999999
11302,0.2223384405999999
11303,0.04190221120000004
11304,0.28174589
11305,-0.13529030720000002
11306,-0.6162844200000002
11307,-0.42460542219999986
11308,0.17366789539999986
11350,-0.2651617361999997
11352,-0.1360474105999998
11363,0.6966455752000004
11364,0.46241246300000005
11370,0.4914799277999998
11409,-0.015379137000000225
11416,0.2558115124000002
11419,0.09340810699999993
11421,-0.6415040187999995
11423,-1.1244502666
11425,-1.0065864968
11428,-0.01845381820000025
11429,0.6876168027999995
11430,-0.09822351979999999
11431,-0.49891890260000016
11432,0.4993871444
11433,-0.5251426125999998
11434,-0.036829380999999925
11435,-0.04633500779999977
11438,0.2002968612
11440,0.12231409860000005
11441,0.0389108256
11443,0.4236616815999998
11444,0.10331209540000014
11447,-0.05273016180000008
11448,-0.14678460460000015
11449,-0.056713836800000014
11450,2.3917936263999997
11451,-0.05115359140000005
11459,4.1622810382
11461,-0.022152421999999925
11464,2.3276530593999993
11465,0.0799304699999997
11468,-0.28460122400000004
11470,-0.06656623880000027
11471,-0.10187731099999997
11472,0.8278434786000002
11475,1.3826527080000004
11477,0.19915089700000038
11479,0.7011767258000002
11480,0.5936477810000003
11481,0.14222249899999984
11482,0.35128898120000007
11484,0.7989688508
11486,0.40730800459999994
11487,-0.7226307185999996
11488,-0.10784928579999992
11489,0.08510706179999976
11490,0.05638770659999999
11491,0.09608843519999936
11492,-0.013616956800000156
11495,0.027066622600000034
11496,0.10590357980000001
11500,0.020391488200000297
11501,1.8967886614
11502,0.25360548500000024
11504,1.3194968968
11512,-0.4976155187999998
11513,-1.294003772
11514,0.18831781239999995
11515,-1.095456062
11516,0.25491693620000005
11517,0.06725070419999993
11518,-0.6483028228000002
11519,0.0722021712000002
11520,0.8000500002000006
11522,-0.6092834766000002
11529,0.025646060799999943
11532,-0.13027085460000012
11534,0.37569048220000034
11535,2.4019755296
11536,0.1257462401999998
11537,2.0451770316
11538,-0.3149128139999998
11539,0.36382604599999996
11540,0.07048151600000008
11541,1.2685251426
11542,-0.09376010520000012
11544,0.0074264100000000725
11545,-0.6335708533999999
11546,-0.3422468829999998
11548,-0.31521954239999983
11549,0.015426868400000154
11551,-0.010843976599999838
11552,-0.1253434804000003
11553,-0.13460965100000025
11554,0.08394679819999995
11555,-0.4422834461999997
11556,-0.01373486119999967
11564,0.21294375879999997
11567,-0.08105534920000004
11568,1.0691565241999998
11569,0.3993939968000005
11571,0.21727790680000006
11576,-0.7074140413999999
11593,-0.20404781579999995
11595,-0.048460405999999887
11596,0.9631105715999999
11600,-2.2020747073999996
11601,-0.10519826139999999
11602,0.05471652499999971
11603,0.7698006636000001
11604,-0.21573763999999995
11605,0.23850617419999984
11606,-0.44009915899999985
11607,0.49710050479999984
11609,4.366139999989471e-5
11610,-0.0717559048
11611,-0.6277036914
11614,0.06520712059999997
11622,0.9890760652000001
11624,-0.0056778174000000625
11625,-1.8363809622000002
11628,-0.17373432499999997
11629,0.41686067359999984
11632,-0.579220012199999
11634,0.04037441360000002
11636,1.5626480336
11637,0.4289092136000002
11639,-0.31123287720000015
11640,0.8473728430000002
11642,-0.03363295459999999
11643,-0.06762484840000002
11647,0.27927297139999985
11648,-0.28731250880000003
11650,-0.0915941185999996
11651,0.2096737210000001
11652,-0.15776487699999997
11655,1.1795577242000002
11656,0.05748851399999957
11657,-3.5034453268
11658,0.4666184822
11666,-0.4627593785999998
11668,-0.13503369200000037
11669,-1.158643856
11670,0.09439355359999996
11671,-0.08836687520000004
11674,0.2325483139999999
11676,0.6604913099999999
11682,0.2729446064000003
11684,-2.6545571148000002
11686,-0.15998428700000025
11687,0.7523756011999996
11688,-0.24388029720000004
11689,0.33994859159999996
11690,-0.5752256359999997
11692,0.021590057200000068
11694,-0.13386014299999988
11695,-0.1551759913999998
11698,-0.026372369400000022
11699,-1.5190089865999998
11704,-0.026107548199999896
11705,-0.1408868024000002
11717,0.4363791706000001
11720,-1.599980542
11727,0.06450443859999984
11732,-0.7721888566000008
11733,-0.26296039439999974
11735,0.40243462080000025
11736,-0.28669421679999996
11737,-0.3144158313999995
11739,0.7518446202
11740,0.333734518
11744,-0.0034855115999999353
11745,1.8039013923999996
11746,1.2146215439999999
11747,0.27215211399999967
11749,-0.42257511659999947
11750,0.36035447739999993
11754,0.7980002724000002
11757,-0.25052324400000003
11758,-1.189068143
11761,1.1669163942
11764,-0.2992120094000004
11765,0.05644240179999969
11766,-0.43725751459999973
11767,-0.12265794800000052
11768,9.148927999998252e-4
11769,-0.12025290920000006
11770,2.2980536031999996
11771,0.011470271199999965
11772,-0.02394626959999968
11773,-0.8713880182000008
11774,0.07960336539999986
11775,-0.0323057570000003
11776,-0.03113203160000033
11777,-0.07883108400000013
11778,0.1959791663999999
11781,-0.08741077339999989
11782,-0.012245515800000106
11783,0.43535622280000014
11784,-0.07474277200000008
11785,0.023828865200000122
11787,0.31396663840000016
11789,-0.19282615040000003
11790,0.6440150425999999
11792,0.9738045796000001
11793,-0.07879920579999983
11796,0.9822795743999997
11797,-1.0600725238
11798,-0.5561149332000003
11799,0.21998402419999968
11800,0.1555017540000002
11801,0.2551121872000002
11803,0.24759949839999998
11804,0.5530792794
11806,-2.0050340684
11807,-2.1168866088
11808,-0.11861127660000007
11810,-0.027768844000000195
11811,1.1638127307999997
11812,-1.2288107910000001
11813,-0.8847417494
11814,-2.5924409656
11815,1.3360899386
11816,-0.1879295352000006
11818,-2.0974785822
11819,0.7802493998000001
11820,1.5550244596
11821,0.3192258378000002
11826,0.08529234660000035
11827,0.0978612051999999
11828,-0.048807368800000174
11829,-0.06663341959999974
11830,0.6247283576000001
11831,0.16276656700000008
11832,-0.09321610260000009
11833,0.041988085999999925
11834,-0.05075636560000037
11835,0.44711318060000005
11836,0.0495741539999999
11837,-0.003480950000000149
11838,0.02306356880000012
11841,0.6545205643999997
11842,-0.45478905980000023
11843,0.6838984337999996
11844,-0.3012522919999999
11845,0.6950108648000004
11846,-2.240903239
11847,2.4062235337999995
11848,0.11959529800000013
11852,0.8027551619999993
11853,1.1565682726
11854,-0.13159663639999994
11855,0.5290977634
11856,-0.9091504224000001
11857,-0.3544720760000004
11858,0.21506566279999983
11859,-0.15829431419999995
11861,-0.4279577312000001
11863,0.21746863739999983
11864,-0.09929534460000014
11867,0.1284752580000003
11870,0.23190007400000018
11875,0.10128754680000007
11876,-0.05811725780000003
11877,-0.09054329760000002
11878,0.024586627400000255
11881,-0.3821988742000002
11883,-0.15943751880000004
11886,0.05651881719999958
11889,-1.0658736786
11890,-0.2126071578000001
11891,0.07372920119999993
11898,-0.8660276365999999
11899,0.043682140999999924
11905,-1.8877370593999998
11906,1.0266478662000003
11907,-0.10079471479999975
11909,-0.07984172680000017
11910,1.4641034546000002
11911,0.14231726880000015
11920,-0.7019799612
11921,0.03359454919999987
11922,-0.04989096360000004
11923,-0.05600620060000009
11924,0.028922668400000268
11925,-0.013071779199999956
11927,-0.9900185280000002
11928,-0.054987622399999804
11931,0.32051653560000054
11932,-0.1400808162000001
11933,-0.20671804399999977
11936,0.5546601296
11937,2.0630632548000003
11938,1.0503625780000003
11941,-0.025111645000000148
11944,0.1150946401999999
11945,-0.06375555379999993
11964,0.5380944568
11966,-0.016056770400000166
11972,-0.20534280060000007
11973,0.4969459453999999
11974,-0.4170900860000003
11975,0.28491132419999976
11977,0.30598618160000013
11979,0.1108398295999999
11980,-1.2085740314
11981,0.42569041939999985
11982,0.21182825400000027
11984,0.17103359
11987,0.7700585504000003
11988,1.9520350843999998
11989,0.26012453860000007
11990,0.03623485340000007
11991,0.4320201609999998
11992,-0.3643603828
11993,-0.4667241984
11998,-0.08553927859999996
12000,0.009218822599999909
12005,-0.11283049220000016
12006,-0.26972348419999986
12007,-1.1297246804
12010,-0.34839215999999984
12012,-0.11031611220000029
12013,0.8760324822000001
12014,-1.2077539292000001
12015,-0.16287655139999999
12017,-0.08373632800000015
12018,-0.15815424779999993
12020,-0.17644354819999997
12021,0.08001911179999992
12022,-0.20976074099999983
12023,-0.2401876266000002
12028,0.013790762199999843
12029,0.23218149579999978
12032,-0.14181170840000004
12033,0.6237968350000005
12034,0.17582376099999983
12035,-0.09586667420000002
12036,-0.14880382260000008
12038,0.3004825134000001
12039,-0.10134480359999984
12040,-0.10433991240000007
12041,0.08102683779999983
12042,-0.04007463380000046
12043,-0.7687976995999998
12048,-0.3440775359999993
12049,0.21374605640000038
12050,0.2220229957999999
12051,2.036189986
12053,-0.5550507178000001
12054,3.8099800000246375e-5
12055,0.2840068293999999
12057,-0.007129338599999902
12061,-0.0912305022
12062,0.044682499800000025
12064,0.4210706949999999
12068,0.15425655039999991
12069,0.4017642342
12075,0.021365162200000214
12091,-0.40873325259999993
12111,2.7134885504
12121,0.26682313660000007
12122,-0.7747586088000002
12123,0.08500866859999992
12124,0.11519347579999957
12125,0.19932631879999999
12140,1.9538094316000003
12142,1.0589277528000003
12143,-0.5129786148000008
12144,-0.2016591251999998
12145,0.1283755211999996
12151,0.06655671279999989
12153,0.6425819695999999
12154,-0.0049932586000000665
12155,0.07701983740000015
12156,-1.1572300625999998
12159,0.5942346218000001
12160,0.08710749319999975
12161,0.4632993130000001
12162,0.015758438800000364
12163,0.1823519580000001
12165,0.03409290820000006
12166,0.7138324722000002
12167,0.21195654140000003
12168,1.3461900992
12169,1.0572982692
12173,0.8505968188000003
12175,0.2632727051999996
12176,0.6786200306000003
12180,0.15961257359999997
12181,0.33107328979999995
12182,1.8662371962
12183,-0.05573353199999964
12189,0.0974664773999999
12190,0.022114569799999914
12192,0.23410317660000002
12193,-0.509388942
12209,0.05733566339999996
12211,-0.4561451408000002
12212,-0.003256674599999858
12215,-0.37531076399999996
12217,0.01624832300000012
12223,0.1754249928
12224,1.4622273884
12226,0.42121537800000014
12227,-0.0068955486000000345
12228,-0.1223300000000002
12229,-0.5447503292
12231,0.1006018288000001
12234,0.13117696179999977
12235,0.3196941108000001
12236,0.2289853537999999
12237,0.1547951893999997
12238,-0.12075794460000008
12257,-1.073451947
12258,3.2490699526000006
12259,1.5495204344000002
12260,1.7657294886
12261,0.9490297634000004
12262,1.3275929567999998
12263,1.6181137210000003
12265,-0.8008854411999996
12266,2.9209994522
12267,-0.4091208638000001
12273,2.1735003208
12274,0.1541924311999999
12279,-1.4004400518
12282,0.2817656441999997
12283,-0.32385947999999976
12286,-0.009990130599999786
12287,-0.06034561880000008
12288,0.2190971280000001
12289,0.013471190600000326
12290,0.3962239307999999
12291,-0.1496938295999998
12292,0.7623921953999998
12293,0.024414823200000064
12294,0.058858978999999846
12295,0.24462115320000014
12296,0.44276613539999976
12297,0.7874130067999998
12298,0.16495155779999998
12299,0.09806397420000001
12300,-0.07513536379999992
12301,0.22119254199999996
12304,0.020439195799999865
12305,0.3945928528000001
12306,1.0488378265999994
12307,0.1384952256
12308,-0.010422514400000082
12309,0.5225726258
12310,0.2865804310000001
12311,0.13665416320000015
12316,0.22246011240000013
12317,0.4760167360000004
12319,0.3383128226
12321,0.5562497910000003
12322,-0.053770807599999935
12325,-0.3924981261999999
12326,-0.30295038420000003
12328,0.015958400999999945
12330,0.3780589789999997
12331,-0.7606883699999998
12332,0.6133726890000004
12333,-0.1973260604
12334,-0.6595882176000003
12335,-2.2423487153999995
12336,-0.3959425659999994
12337,-1.0100733178
12338,0.7035277161999998
12339,-0.2523981228
12340,0.0683055000000003
12343,0.19986900600000013
12344,0.11117241820000008
12345,-0.43085060799999936
12346,0.05528292319999989
12348,0.10304579939999989
12349,-0.5060162019999996
12350,3.5570010448
12351,1.3966862830000002
12352,-0.4404937466000002
12353,-0.2296709793999998
12354,0.3116165876
12355,-0.3666489586000001
12359,-0.1019084080000006
12361,0.39379210480000015
12362,0.4005177397999999
12363,2.0483176558
12364,1.1668809146
12365,0.19097750019999998
12366,-0.7477661375999999
12367,-1.3441573952
12368,-0.5095467687999999
12369,-0.01205155719999988
12370,0.22659546379999998
12371,-0.1280819509999999
12372,1.1658153058000005
12373,0.9603112674000001
12374,0.17891165719999957
12380,-0.2213971835999999
12385,-0.1699392032000006
12387,0.3536238654000002
12388,0.9615298861999999
12389,3.2511320462000004
12390,0.04997676860000003
12391,0.34697920799999976
12393,-0.7277553274000004
12394,-0.41757586239999983
12395,-0.2958710611999999
12396,-0.09777525920000033
12398,-0.6043687887999999
12399,-0.6697491637999999
12400,0.08868365820000047
12401,-0.6672304629999999
12402,-0.5224620911999995
12404,0.09701465220000023
12405,0.17655629439999992
12406,1.9069018796
12408,-0.7715747638000001
12411,-0.10351663720000011
12412,0.02394035399999994
12416,0.023236365400000035
12418,-0.8624342533999997
12419,0.22017059420000018
12421,-0.25731577520000004
12424,0.018259997800000254
12425,0.20910870279999996
12426,-0.024371610399999875
12427,0.09635496719999992
12428,-0.47591356240000027
12442,-0.003827050600000159
12443,-0.05584867360000006
12444,1.2076000481999998
12445,-0.8881899174000001
12447,0.02207085479999975
12448,0.34542006480000004
12449,-0.3060531284
12450,0.36579171320000015
12452,-0.9132562230000005
12453,-0.4876384920000003
12454,-0.2673160621999999
12455,0.009244967199999721
12458,0.5085657965999998
12460,-0.46985671880000035
12461,0.37605739939999977
12462,0.8557655247999996
12464,0.40468709199999964
12465,0.3761126323999999
12466,1.0531984589999996
12467,-0.13242628399999995
12468,-0.11683939199999996
12469,0.4278250474
12475,4.1591259626
12476,-1.0952151392
12477,0.31136963439999976
12478,-1.0488995532
12479,-0.8674148710000005
12481,-0.25916823260000044
12482,-0.20178405600000027
12483,-0.27588978100000006
12487,-1.8500098279999997
12488,0.534391065
12490,2.6465356426
12491,-0.4173534900000003
12492,0.3905784584000006
12493,-0.14402600739999938
12494,1.1917817843999992
12495,1.2385581400000003
12496,0.5734807698000001
12497,-0.1235660072
12499,-0.4739354384
12500,-1.4629192139999996
12501,-0.7220935920000002
12502,-1.7627302520000003
12503,-1.3491025998000001
12504,-0.272059535
12505,0.016287043999999504
12506,-0.9236729925999999
12507,-1.7479872473999998
12508,0.6751390619999998
12511,-1.0469862602
12514,0.34791651900000015
12515,0.3579589460000001
12516,-1.4500525112
12517,-1.0918636151999996
12518,-0.7275494442000007
12519,1.6585580488
12520,-1.0888191639999996
12521,-0.6137824867999999
12522,1.8521147681999999
12523,-1.7673623299999999
12524,1.3855643766000003
12525,-1.0798073502000003
12526,-1.9400320992
12527,-1.44468038
12530,0.09025434279999978
12531,-0.39254697400000005
12532,-0.09598718280000007
12534,0.7583067787999997
12539,0.10626125000000004
12540,0.13644839200000014
12544,0.07797356680000007
12545,-0.08031445520000027
12549,-0.060587847599999765
12550,0.28438132760000007
12552,0.6076276906
12554,0.4368841372
12555,-0.05671361119999982
12556,0.1930404342000001
12557,1.3113213542
12558,0.29868151859999975
12560,0.07389440880000002
12561,0.13405994179999983
12562,0.9861014493999999
12563,0.013512722399999788
12564,0.19753544760000005
12565,-0.015043854200000062
12566,-0.14538280480000002
12567,0.2319439935999997
12568,0.036276108200000046
12569,-0.15171952860000032
12570,-0.033738997799999934
12571,-0.36286584980000003
12572,0.20743317219999988
12575,1.8671541304000003
12576,-0.9352345701999998
12577,0.7287431489999999
12578,-0.07406940899999981
12579,0.31087610760000006
12580,-0.3423278324000004
12581,-0.0904658915999999
12583,1.2033923378
12585,-0.3049780559999995
12587,0.11076585700000001
12589,0.09955077320000001
12590,0.012220431800000053
12591,-0.12478602760000028
12592,0.003627195399999912
12593,-0.4112001928000003
12606,0.2942047482000002
12607,0.5519763593999996
12608,1.6706807926
12611,-0.31037114979999975
12613,0.08463773880000006
12614,-0.5200373636
12615,-0.5334459041999999
12616,0.27529255179999995
12617,0.20030416840000026
12622,-0.03239680480000004
12623,-1.0899671917999998
12626,0.22308977939999966
12628,1.5743409730000004
12630,-1.1079900489999999
12631,-0.20772090599999976
12632,0.5666550716000002
12638,0.4091580425999998
12640,0.05915382900000008
12642,1.3247829523999999
12643,0.38939765080000016
12647,0.07003928519999965
12648,0.19570368679999994
12649,0.3039027712000001
12651,-0.11041685380000016
12652,0.13355886939999953
12653,-0.25198714659999977
12654,2.8270042506000004
12659,-0.20142354600000018
12660,0.23469680659999986
12661,0.6100381242000001
12662,0.02697477079999988
12663,-0.3528764632
12667,0.10753883879999986
12669,-0.03316077760000022
12671,0.19264266559999985
12672,-0.15218999559999988
12675,-0.3178016028000002
12677,0.019571917000000195
12683,1.7587920902000003
12684,-0.8421524290000001
12686,0.16454061419999988
12696,-0.4970963782000003
12700,1.6760199334
12702,3.4261846422000004
12703,1.7181032992
12704,0.15420764400000025
12705,0.021328548999999697
12709,0.08988171360000002
12715,3.1159231518
12721,-0.11214508399999978
12723,0.04221367920000015
12724,-0.30673508940000005
12725,-1.0704206987999996
12728,0.27812385560000036
12729,0.33679212500000055
12733,0.00851580460000001
12737,0.6768509812000001
12738,-0.013770789399999837
12739,0.24987543720000022
12740,-0.10542186920000024
12741,0.3323497256000003
12745,0.07037489660000013
12747,-0.16175655420000012
12748,-0.3420709028000001
12750,-0.28111113659999987
12751,0.03037597800000073
12752,-0.07304553000000008
12753,0.5610378902
12757,0.3032864020000002
12764,-0.8640632400000001
12766,-0.9916751753999999
12767,-1.606685788
12768,2.2230708536
12769,-0.7712342296000003
12771,-0.5137654706000001
12772,0.0790950344000002
12773,0.13507560440000005
12774,1.5034911257999997
12775,-1.6893997952
12776,-0.15703304020000025
12777,-0.02578941279999984
12778,3.3947507552
12780,-0.40257924639999987
12785,0.16424073600000072
12788,-0.3585565584000003
12789,0.2907465226
12793,-0.07938063060000038
12794,-0.10893026919999986
12795,1.1239196662000002
12796,3.9094868382000003
12797,-0.18347119940000006
12798,-1.0681960400000001
12799,-0.7506809699999998
12801,-0.18754773139999995
12802,-0.33538845379999993
12803,-0.09034484460000007
12804,0.01525528059999992
12805,0.5645527637999999
12807,-0.8647098825999999
12808,0.13323946140000004
12810,0.09427345940000002
12812,-0.01261412559999986
12813,0.1443001989999999
12814,0.2785917037999998
12815,-0.095255575
12816,0.13237675840000004
12817,0.22916463479999988
12818,1.5865212263999997
12819,0.5689024306
12821,-0.08538627779999983
12822,0.22876915580000023
12823,-0.07789129399999999
12824,-0.06362453600000002
12825,3.8522803561999996
12826,2.6829259495999995
12827,1.7028659962
12828,0.3608459417999999
12829,0.21210747739999994
12830,0.21823495160000003
12831,0.5305258586000001
12832,1.7073466644000002
12833,2.6744169662
12834,1.1842928234
12835,0.6931743714000002
12836,0.14307913320000004
12837,0.12405531619999996
12839,0.24487732839999993
12840,-0.06563964240000005
12841,0.028635276600000023
12842,1.6827820522
12843,3.1384241248
12845,0.08734271299999978
12846,0.04449177720000019
12847,0.051852258799998906
12848,0.11892155320000022
12850,0.5886445691999997
12854,0.09855543439999988
12856,0.04792239779999966
12857,0.19994490599999964
12858,-0.5742760919999998
12859,0.572383576
12861,-0.15417667399999999
12862,1.625159444
12864,0.02009709400000048
12865,2.6693915386
12866,0.10333566399999974
12867,0.002245458000000511
12868,-0.1843678859999997
12870,1.4901052783999993
12873,-0.3149340486000003
12874,0.7195705122000001
12876,2.7169188566
12877,1.0061246622
12879,-0.1436148619999999
12889,0.13489522359999953
12890,0.21151904660000032
12891,-0.004145893399999968
12892,-0.4436994166000002
12894,-0.4764355256000002
12895,0.6694809287999999
12896,0.23933799060000033
12902,-0.8243123409999995
12903,-0.1479456958
12904,0.04733152839999999
12905,0.07848032160000003
12908,-0.3575039421999998
12909,-0.16121088639999975
12912,-0.4211213673999996
12913,0.060191222600000684
12914,-0.5015690517999996
12915,-0.3065574452
12916,1.4999138401999998
12918,-0.031147184999999942
12919,-0.11232906720000006
12921,-0.06672119799999993
12922,-0.08404678259999976
12925,1.0864276579999999
12927,-0.08936069379999996
12928,0.28585746239999993
12929,-0.34257778040000064
12931,0.16744441180000003
12933,0.028866532800000046
12934,0.2598332458000002
12944,-0.9537461942000001
12945,-0.40478255800000007
12950,-0.052881395200000104
12951,0.06476429779999984
12952,-0.13741956959999974
12953,0.006507481399999737
12954,-0.06941513780000008
12955,4.326112935
12957,-0.014469605000000012
12958,-0.1776241188
12959,-0.009122040000000099
12960,0.04694707519999993
12961,-0.03741102499999993
12962,-0.021521232800000338
12964,-0.12067110359999995
12965,0.020161555799999852
12966,0.020161555799999852
12967,0.10005414279999965
12970,-0.13712670059999982
12971,0.8350382726000001
12972,0.28238461640000007
12974,0.41489591579999996
12977,1.1109376034
12978,0.17531727100000008
12981,0.6663173671999999
12982,0.5514030426000007
12985,1.5334067104
12986,0.1912571087999996
12988,-0.6763801678000003
12991,0.05249220220000019
12994,-0.05667444979999976
12995,0.0958514555999997
13000,0.18731077440000035
13001,-0.12717891220000016
13002,0.00393738300000059
13003,2.6689634832
13004,0.014732016399999635
13006,0.0989503082000002
13007,-1.4733175146000002
13008,0.5494863446
13009,1.2311617279999996
13010,-0.21266807399999976
13011,-1.1411226204000005
13012,0.18455494200000003
13013,0.5643906805999999
13014,1.2514287392
13016,-0.12091134520000006
13017,0.34861567859999987
13018,-0.7044869927999997
13019,0.45074877500000027
13026,-0.21664295679999962
13030,-0.25314978999999943
13032,0.7590786783999999
13033,-0.43250712999999974
13034,-0.7821549876000002
13035,0.5351476902000003
13036,-0.06563941520000005
13038,1.2145461100000001
13039,1.2711145572
13040,0.27976426599999976
13041,-1.3563884292000004
13043,0.09521452280000048
13046,-0.3737295579999998
13047,-0.4065849964000005
13048,0.04449140520000031
13051,-1.2743472668
13052,0.25046539600000006
13056,1.1031976084
13057,0.10609850780000014
13058,0.5304223265999998
13070,-0.3841030398000001
13072,0.0016075441999996443
13074,-0.029123852199999856
13075,0.12855291700000002
13076,0.24978950660000016
13077,-1.3075942299999999
13078,2.0753468787999996
13079,0.0739184026
13081,-0.15257742540000002
13082,-0.5682875644000003
13088,-0.009146537199999777
13106,-0.6649179208000001
13107,2.7649794326
13110,0.1712255004
13115,-0.07378435400000002
13116,0.14087041980000006
13120,-0.2734571404000004
13121,0.7604102269999998
13122,0.15938131419999987
13123,-0.07927806199999998
13124,-0.4195346296000001
13131,0.005659432400000053
13132,3.1398084802
13134,0.47819164940000014
13135,0.00982875719999969
13138,0.2658390690000002
13139,-1.1892239137999998
13142,0.05431024539999996
13143,-0.43105884460000005
13144,-0.1083662638000002
13162,-0.30554895380000036
13163,-0.16080715699999998
13164,-0.06993353939999984
13166,-0.05451752820000008
13167,0.8525750050000003
13169,-0.1936420274000003
13170,0.020159031400000128
13171,-0.10665899500000009
13172,-0.13842205140000025
13175,0.3239350523999998
13176,-0.14138069060000014
13177,0.34643694359999966
13178,-0.7551872307999998
13179,4.4071275482
13180,-0.6040233814
13190,0.01377491400000004
13191,0.024601541600000238
13193,-0.16526865860000012
13194,0.12118158599999942
13195,0.2471219380000001
13196,-1.2692240613999999
13197,-0.38854982400000004
13198,-0.12051921899999998
13199,0.11604439080000013
13200,0.24579799079999953
13202,-0.3465641164
13204,0.5936975625999998
13205,0.8316124139999996
13206,-0.1314805483999999
13207,0.5792248143999998
13209,0.02277411939999964
13211,0.2119478951999998
13244,0.22592522860000028
13340,0.5541458990000001
13345,0.16197026399999997
13346,0.9325973148000001
13347,-0.49475882099999974
13350,1.6449601073999998
13353,0.45849538860000016
13356,-0.2091983255999999
13358,0.7879865738000003
13360,-0.8586832725999998
13361,-0.21991503979999968
13363,-0.23335675840000025
13368,-0.6088986066000001
13370,-1.1031558760000002
13371,0.1677704896
13380,0.27826534159999994
13382,1.0042199862
13383,-0.10545443939999988
13384,0.17881090260000027
13385,-0.16201541960000015
13386,-0.1453052782
13388,0.08188468259999977
13389,-0.02126766520000007
13390,-0.12364729259999993
13392,-0.0978110791999999
13393,-0.08767577900000008
13394,0.005605493400000239
13395,0.12508264119999984
13396,0.005688691799999912
13400,-0.30927792399999987
13401,0.48079671720000017
13404,0.24382280319999997
13405,0.3586713733999998
13406,0.4268489379999999
13409,-0.010309478999999833
13411,-0.022666654399999858
13417,-0.3885691821999998
13418,0.13964429420000002
13419,-0.09952602460000019
13421,-0.058469535800000076
13423,-0.5898139739999998
13424,-0.1117884482000012
13426,0.20670535439999993
13427,0.23748813679999933
13429,0.2884920998
13430,-0.0730320140000007
13433,-0.36586027019999995
13434,-0.0069785147999999715
13435,-0.5826441381999998
13436,-0.027983328800000085
13437,0.6762931821999996
13445,0.20519568120000034
13446,0.08204024340000034
13447,-0.12880987839999972
13448,-0.6991428382
13449,-0.11360410300000012
13476,-0.26579728440000033
13478,0.040042667000000184
13479,0.7041978702
13481,-0.08085678559999998
13482,-0.19470174180000002
13483,0.5169631038
13486,0.2169467919999999
13487,0.2882323686000001
13489,0.1898397348000001
13490,-0.044568220199999765
13491,-0.2848892604000003
13494,0.1693332242
13495,0.30788445860000024
13496,0.11654456019999984
13497,0.15440069319999986
13498,-0.24229242980000015
13505,0.015345234800000012
13506,0.02898137120000025
13507,-0.05838776619999971
13508,0.0524346134000002
13511,1.1100439910000002
13512,-0.15459050160000007
13516,0.19839732279999983
13521,-0.2930783357999999
13522,-0.15879290580000002
13524,-0.11205504459999993
13527,0.2446414723999998
13528,0.011241067399999949
13537,-0.038146386999999754
13542,0.13674098600000006
13543,-0.37382022659999997
13544,-0.21356417320000015
13548,-0.4497797608000001
13549,0.06303091819999995
13555,-0.0169389788000002
13557,-0.23365922779999998
13559,0.4021863377999999
13560,-0.1868888115999999
13589,0.11185895239999973
13590,-0.15099527700000018
13591,-0.6220072248000005
13592,0.7553490808
13593,0.1614757232000001
13595,-0.3082575876
13599,0.07854910159999999
13601,-0.6524098380000002
13602,1.8858073826
13603,0.13313007619999961
13605,0.2633249885999998
13607,0.06375669680000012
13608,0.21308075659999998
13609,-0.7753314258000004
13610,2.1577574368000003
13611,-1.0883591904
13612,0.12028714980000003
13614,0.3576957128000001
13615,-0.21930228499999985
13616,-0.19144068459999986
13617,0.046181550800000276
13618,0.08109554699999975
13619,-0.2368887486000002
13626,0.1394491030000003
13628,0.8444435609999996
13629,-0.1809763159999999
13631,-0.1809811620000003
13636,0.01872588040000006
13637,0.049260116400000165
13638,0.09463718000000017
13639,0.019854012799999918
13640,0.7454688088000001
13641,0.24107041579999997
13642,0.5376037838000001
13643,0.35803082780000006
13644,0.34431892460000013
13645,0.19811928579999982
13649,-0.10537731540000017
13650,1.0736776264
13653,2.9540525275999996
13654,2.5769664331999995
13655,0.9321721517999999
13656,-0.17933397059999995
13660,1.0919522645999997
13661,0.3463250604
13663,0.018793197000000084
13664,1.8382063977999998
13665,0.7128067143999992
13666,-0.9143735487999998
13667,0.0720812965999999
13669,0.5502996501999998
13680,-0.004269875800000378
13681,1.2991435775999995
13682,-0.11753284600000029
13684,0.8107667777999996
13685,-0.8229560342
13688,-0.47020093219999987
13690,0.17927389400000032
13706,-0.14320384959999988
13709,-0.6050649032
13710,0.06506051100000006
13711,0.16627863420000003
13712,0.10538984120000006
13713,-1.4571520224
13714,-0.4087505624000002
13716,0.18029423659999985
13717,0.6815589627999998
13722,-0.02191137359999933
13723,0.445642342
13726,-0.02338514399999915
13728,-0.24571600920000022
13730,1.7059928436
13731,0.46422342720000015
13732,0.12189263820000029
13796,-0.010115151800000369
13797,-0.14701861899999988
13798,0.180073552
13799,-0.012673829799999758
13801,0.2853579118
13803,0.09934069460000003
13804,0.45596287419999976
13805,0.2851658795999999
13807,0.8043187076
13808,0.780545622
13809,1.6100767331999999
13813,-1.2296248855999998
13819,2.5197445432000003
13829,-0.5778512092000001
13830,-0.7079952780000006
13831,-0.2499800175999997
13835,-0.18046976840000006
13836,0.07764261299999972
13837,0.0695816271999999
13838,0.03565088499999991
13839,0.05333795640000005
13840,-0.041330872600000124
13841,0.094651174
13842,-0.005707890800000115
13844,0.12790747040000028
13845,0.06905709140000002
13846,0.31010843739999994
13848,0.05988362140000003
13849,-0.5539974760000004
13850,0.5910327871999996
13852,-0.7745983702
13853,-0.1984451299999998
13854,-0.347293829
13855,0.5790064656000002
13857,-0.27298370080000006
13858,-0.12963333800000038
13859,0.009390262600000199
13860,0.9784661670000002
13861,0.6757843705999999
13864,-0.08142846000000023
13865,0.449260766
13866,0.35995088019999955
13867,-0.09386502180000031
13869,0.1407583129999999
13870,0.05065038539999981
13871,0.05670694340000004
13872,-0.16701401580000003
13874,-0.03505848500000007
13875,0.1886726412
13876,0.06852984440000007
13877,0.5757025364000004
13885,-1.4517460540000002
13972,-0.2456502829999998
13982,0.3204557136
13983,-0.15595217679999998
13984,-0.04572185419999997
13990,-0.15692319460000004
13992,0.5005949990000003
13998,-0.2018679217999999
14000,0.04876552699999995
14007,-0.5649895747999999
14008,-0.20237162160000005
14009,0.2607828016000001
14011,0.5866349794
14012,0.21145135980000002
14013,-0.07465612059999989
14017,-0.18994998959999912
14020,-0.6577050617999998
14025,-0.2400844546
14026,-1.4405785691999995
14027,0.18729029440000033
14028,0.11602490479999988
14029,-0.2003267455999998
14030,0.0885047652000001
14042,0.8265288413999998
14043,-0.02373086079999994
14048,-0.22439440620000023
14049,-0.25178562239999974
14050,0.13602168259999986
14051,0.028240959600000098
14055,-0.3366508913999997
14056,0.18011182780000023
14057,-0.5133224102
14058,0.4519508805999994
14060,-1.259682369
14061,-1.4772516321999996
14062,-0.3704274504000008
14063,-0.8613624200000001
14064,-1.3535471507999999
14065,-0.3622600336
14066,2.5553651326
14067,-2.1365654370000007
14068,0.46385434300000006
14069,-0.0928349616
14071,-0.7988535404
14073,-0.514252851
14077,2.0013169472000003
14079,-0.7854971434000001
14080,-1.5357315760000003
14081,-0.6034399580000003
14082,-0.006399052400000125
14083,-0.044387862400000165
14084,0.07901211640000023
14085,0.17125366720000007
14086,0.4201650248
14087,-0.2451235638
14088,-0.07279944180000017
14089,0.9684681354000001
14102,1.6651334279999996
14103,-0.9537435949999999
14104,1.3853339577999997
14105,0.3448458867999998
14106,-0.05182232960000041
14107,1.363123945
14113,0.6255402750000005
14114,0.26752520219999987
14115,1.4361690481999998
14118,2.3344458708
14119,0.1448278868000002
14120,0.2193216033999999
14121,-1.3784433530000002
14123,-0.10524517759999981
14125,-0.46235460139999984
14126,-0.2038033866000001
14127,-0.326230194
14128,-1.6547411468000002
14129,0.4733406856000001
14130,1.5395661866
14131,0.9552225877999998
14132,-0.018967414200000105
14134,0.41672445140000025
14137,0.4760544386
14148,0.250432494
14149,-0.2811368492000003
14151,-0.008223950000000358
14154,0.008317939999999874
14155,-0.08721027219999997
14156,0.24076598079999983
14158,-0.4118460859999997
14159,0.061163372999999945
14160,-0.035674519600000044
14161,-2.4347475777999996
14163,0.0027308893999999206
14164,1.059579823
14165,0.23442146759999982
14166,0.056146559799999975
14167,0.07869299819999964
14168,-0.7354737477999997
14169,-0.0012552663999999382
14170,-0.06968811560000016
14171,-0.16452484159999975
14172,0.4557966082000001
14173,1.4765073839999998
14174,-0.15736143500000016
14175,0.03661392959999981
14176,0.06132790319999995
14177,-0.04503700760000003
14178,0.039406640200000016
14179,-0.2404201984
14180,-0.045286616999999835
14181,0.32534556720000013
14182,0.3258240052000006
14183,0.5426363892000005
14184,-0.15853915000000018
14186,-0.14084049380000022
14187,1.0744058552000002
14190,1.0597491429999997
14191,0.31591479139999945
14194,0.12205502820000014
14198,0.02607641460000032
14199,-1.6839569389999998
14200,0.4257188893999998
14201,0.0969994176
14208,0.0628426954000007
14211,0.04017501879999993
14218,-0.13084739059999978
14221,0.09415034060000024
14225,0.11738280460000043
14226,-0.4573856902000001
14227,0.4812635008
14228,-0.08616867780000007
14230,0.2534802846
14231,1.0042792913999998
14232,-0.6113781645999996
14233,-0.25552050260000014
14234,0.028230421400000063
14235,0.016939168400000062
14236,0.3786578886000001
14237,0.1698992992000003
14238,0.030356213599999998
14239,0.05611651179999981
14240,-0.16744478160000006
14241,0.10629661440000021
14245,-0.22601894060000027
14247,-1.3572595256000002
14248,-0.22391930019999967
14251,0.6447350348
14252,1.2997412836
14254,0.21867462859999978
14255,0.24356770880000017
14256,-0.8605199138000001
14257,0.33479997159999986
14261,1.3423827374
14262,0.15839720019999995
14263,-1.2406291228
14264,1.3675150632
14265,-0.09968701660000041
14266,-0.1345241198
14268,1.0085704349999998
14269,-0.7024486929999998
14270,-0.045445810800000076
14272,-0.04924665439999993
14275,0.2864432177999999
14276,0.5770430947999999
14281,0.9596915912000001
14282,0.04876743500000007
14283,1.0901787665999998
14284,2.3128915696
14287,0.07370511399999984
14289,2.8922275404000004
14293,2.9496668736
14297,-0.05728180760000006
14299,0.09346040959999993
14300,-0.5472649642000004
14302,0.1025676257999999
14308,0.0803129590000002
14309,0.09435027
14311,1.6560309112
14312,-0.2992543034
14313,0.14996561679999978
14314,2.803954002
14317,-0.7016856553999998
14319,-0.002494884000000051
14339,-0.11115478080000024
14343,-0.18435800780000022
14344,0.18029905400000015
14345,-0.5740880322000003
14347,-0.07867701260000004
14348,0.015213341000000281
14356,0.01729187640000022
14357,-0.7001834963999995
14359,0.1058423340000001
14360,-1.2422004159999998
14362,1.9860546420000003
14365,0.27193946139999986
14366,0.5801266330000001
14367,-0.5062808665999998
14368,-0.3318288713999998
14369,0.2920598841999999
14370,0.19553059099999998
14371,0.042776991799999546
14373,1.9946466364
14375,0.21334970759999994
14376,0.29728375240000027
14378,0.005493144800000053
14381,-0.06408020179999988
14385,-0.7150046305999999
14387,0.12386367880000027
14388,-0.061188643000000195
14389,0.21665092479999984
14390,0.04543379639999989
14391,0.11875832939999979
14394,0.1323243891999999
14395,-0.025857571800000034
14396,0.05593381439999996
14397,-0.11324469320000004
14399,-0.1497376622000001
14400,0.08135952660000019
14401,-0.05595202079999985
14402,0.11740047039999997
14403,-0.1616148987999999
14404,0.26995736640000007
14405,-3.403579999999517e-4
14406,0.16113058020000004
14407,-0.07220340960000016
14408,0.029640789000000185
14409,-0.08040625659999995
14411,-0.12325420719999997
14412,-0.500032765
14415,-2.6270702502
14417,0.09771739539999968
14419,0.26396584680000024
14420,0.3685909154000001
14421,-0.8195732310000002
14422,0.01651161479999982
14423,-0.6236320618000004
14425,0.4987148682000001
14426,-0.11785772740000022
14427,-0.17206777439999996
14428,-0.16927227200000008
14430,-0.17466913360000014
14431,-0.36525584860000004
14432,0.25511648979999996
14447,0.13397009480000008
14450,0.33464206340000013
14451,1.3550410468000003
14453,-0.5361949496000001
14456,2.2145543396
14457,0.44438322100000016
14459,0.04526207060000013
14460,-1.4143760444000002
14461,-0.8695487902000002
14462,-0.9740465834
14463,0.18399986239999996
14464,0.5919286229999997
14465,0.7543588198000004
14468,-0.6367187830000001
14470,-0.5890460300000004
14472,-0.0029528623999999226
14473,-2.8607882167999996
14479,-0.5754918740000001
14489,-0.13582527800000008
14525,-0.5682794017999999
14526,-0.1549883426
14527,-0.017695788800000035
14528,0.6718106871999998
14531,0.009434836599999817
14533,-0.11027694899999999
14534,-0.14307327439999984
14536,0.042615938799999864
14537,-0.32905123219999977
14538,0.5382118869999998
14539,-0.03961175939999998
14544,8.160000000004551e-5
14545,0.02812027460000016
14547,0.08736820119999997
14548,0.1291656786000001
14555,0.9716814632000004
14559,-0.019352032000000102
14560,0.2126910184
14562,0.15776320920000017
14563,0.060684111600000014
14566,-0.0686234947999999
14567,-0.49065494019999994
14569,-0.03930596600000021
14570,0.33752753340000013
14571,0.047439238200000115
14573,-0.11966966360000013
14579,2.078771216
14580,0.22833464459999994
14581,6.067181999998727e-4
14582,-0.7107951562
14583,0.21697718480000003
14584,2.7465297306000003
14585,0.10179981100000006
14586,0.33195725419999994
14587,0.06098767839999989
14588,0.03121297240000001
14590,9.217101999997146e-4
14593,-0.6954265195999992
14595,0.09189148239999981
14598,-0.14730318939999978
14600,1.5979344260000004
14601,-0.05687418600000012
14602,-0.2215149737999999
14605,-0.6769347520000004
14607,-0.21045409760000006
14608,-0.3238905277999999
14609,4.7893903816000005
14610,0.1759544705999998
14611,-0.07683768419999985
14612,0.2630458667999999
14613,-0.0022369180000001874
14615,0.5010080646
14616,-0.03884794579999991
14617,0.3025200970000002
14618,-0.769101908
14619,-0.8833464098000002
14620,-0.043857448600000015
14621,-0.05901691360000002
14622,0.6048243783999998
14623,0.1795042086
14625,-0.30520415440000015
14628,-1.0317041741999993
14629,-0.2094004017999996
14630,0.03143296199999952
14632,-0.019354160799999853
14633,0.31391425580000015
14634,0.5409985711999997
14635,-0.12471885420000017
14645,-0.5716895379999993
14651,-0.4323448520000003
14652,0.0397436660000002
14654,-0.005302900399999744
14657,0.018397070000000237
14658,0.47607266
14660,0.3844188442000004
14661,-0.1756048757999999
14664,-0.32568065760000026
14667,-0.26815497940000055
14670,0.018854630999999955
14672,-0.053129498800000105
14673,-0.16883690980000005
14674,-0.2992440071999997
14675,0.24569515999999997
14676,-0.569166547
14677,0.8313806014000005
14678,-0.2045961499999997
14679,0.5765725411999998
14680,-0.31700359619999985
14681,-0.006525595799999961
14682,-0.9203716684
14685,0.00956793079999993
14686,0.14274919660000013
14687,-2.631604171
14688,0.2202919443999999
14693,0.1315120459999996
14695,0.0454803014000001
14696,0.19183267220000033
14697,0.1285840674000001
14699,-0.061105430400000126
14700,0.3914513953999997
14701,0.09862971700000006
14702,-0.08766519819999967
14704,0.12374312240000002
14705,-0.06859128659999994
14706,0.015312422599999915
14707,-0.2625212579999999
14708,0.10995415359999988
14709,-0.06660363160000028
14710,-0.47020677959999996
14711,-1.8862368204
14712,-0.10626859260000006
14715,0.059415873000000036
14718,0.5681747894000001
14719,0.36747953540000006
14723,-2.8953367042
14724,-2.6937683814000004
14725,0.6805757714
14726,3.3518608286000005
14729,-2.5387223032
14731,0.05692873099999999
14732,0.9028187763999996
14733,0.2715167162
14734,1.9986376408000004
14735,0.8022641898000001
14738,0.2093070926000001
14739,-0.0931299560000001
14744,0.5175219487999998
14745,1.1268736022
14747,0.5125049200000003
14748,0.13685759280000004
14751,0.5065574077999997
14755,-0.28358631039999976
14756,0.10475953920000017
14758,-0.7426175273999999
14760,-0.27020913580000006
14761,3.024535682
14763,-0.17459715540000026
14765,-0.015458138400000005
14767,-0.06881334260000002
14768,-0.28168928120000025
14772,-0.15789331220000005
14773,-0.31946606780000053
14775,-0.08747074999999996
14776,-0.047139820600000173
14778,2.9429235536
14780,-0.020128181599999805
14782,0.14263608119999915
14783,1.5903958468
14784,0.017050168599999797
14786,-0.35538465939999997
14787,-0.24601941960000034
14788,0.06547819600000011
14790,-0.7574891399999999
14792,-0.18781789100000026
14793,0.3205946527999998
14794,-0.14469335860000002
14799,0.20326454499999985
14800,0.23076739560000004
14802,0.20138634579999998
14803,0.01612487920000001
14804,0.10085565299999999
14805,0.3039142225999999
14806,-0.10264017699999999
14807,-0.00969888920000006
14809,0.1935800527999998
14810,0.12018679399999994
14811,0.17780421399999985
14812,1.498097999999004e-4
14813,-0.13535595320000002
14814,0.04017222939999991
14815,-0.05484926560000002
14816,0.016492030199999883
14823,0.0854113147999999
14824,0.13541377260000012
14825,5.0467756204
14827,0.3148298758000001
14828,1.2369964639999995
14829,0.10562429840000007
14836,-0.04130915399999999
14840,-0.12002293079999976
14842,0.12084496820000012
14843,-0.08366888919999976
14852,0.5810225189999997
14853,0.08934459980000024
14854,-0.32115984499999983
14859,0.4126507975999998
14862,0.8752928543999999
14863,2.5627295977999998
14865,0.14576510259999992
14866,-0.38938528640000064
14871,0.5431087340000003
14873,-0.1205126399999998
14874,-0.3067087812000001
14884,0.4331683678000001
14885,0.22301436019999996
14886,-0.4614597412000003
14897,0.14498536480000013
14904,-0.4405934708000002
14911,0.2576342348000004
14912,-0.10046118679999998
14913,-0.03151849880000022
14915,0.0601495214
14916,-0.1553995284000001
14919,-0.05563952520000008
14923,0.05018003760000004
14924,-0.0075373476000001145
14936,0.3711030019999999
14938,-1.3449141258000001
14939,-0.48420877620000013
14940,0.10389146299999988
14945,-0.10918848579999985
14950,0.29980931919999987
14958,0.20193733219999999
14960,0.14682496
14961,0.2583186545999997
14962,1.5302004259999997
14969,0.19167970999999998
14977,0.17164462239999984
14991,-0.39421557840000004
14998,-0.37176481240000003
15001,-0.9288894945999999
15002,-0.9944789865999997
15007,-0.4068957924000001
15040,-0.5952924540000002
15061,0.11410566279999997
15064,-0.064316631
15107,0.7834559972000001
15108,-0.26086626200000007
15109,-0.8820932054000004
15110,0.0952729997999999
15111,-0.14531925259999987
15112,-0.3503847858000002
15114,0.13125030859999995
15116,1.4961135160000003
15117,0.4131270080000002
15118,0.15211814340000007
15126,-0.3246911778000001
15132,-0.05281035699999988
15135,-1.1170012798000002
15139,1.0672456386000002
15159,0.2912407350000004
15160,-0.6064699755999998
15161,-0.3506157198000002
15162,0.7255193757999997
15163,0.2705103146000001
15165,0.34104842100000016
15166,0.012180014200000144
15168,0.10339988220000026
15170,-0.012943864600000037
15171,-0.13214581600000003
15182,0.1456595942
15183,-0.03161827180000021
15184,-0.8532856528000003
15185,0.14957990739999988
15186,2.7464611827999996
15191,0.09625753199999991
15194,0.09622931659999985
15199,-0.7586758883999998
15200,0.4765154692000001
15201,0.15611815180000016
15203,0.46214948299999997
15204,-0.3226418063999999
15205,-0.11552158299999998
15206,0.04038616540000001
15207,-0.08439958240000005
15208,-0.2270387111999998
15209,-0.010028848199999975
15211,-0.30767409480000013
15212,-0.4023419793999995
15213,0.23375640900000025
15214,0.11104586139999997
15216,-0.9766485205999998
15218,0.07542418619999985
15220,0.05769413280000021
15221,0.010636407599999842
15223,0.13827889220000017
15227,0.7624282031999998
15228,-0.07500448319999994
15229,-3.0388779999998e-4
15233,0.05400382259999999
15234,0.05470516339999988
15235,-0.6511908075999997
15239,-0.07467009139999999
15242,-1.4781368510000001
15245,0.1706642852
15248,-0.05070232519999998
15251,1.6095857234000002
15254,0.5347474819999996
15257,-0.6204742559999996
15258,-0.20869704020000004
15259,0.5473082772000002
15260,0.03507302699999995
15273,-0.1235253875999998
15275,-1.3380163233999998
15277,1.2225676896000004
15278,0.17945674659999966
15284,0.7102871022000002
15285,-0.1679851380000001
15288,-0.41841278679999955
15289,0.3448598320000002
15353,-0.24777494279999976
15354,0.4546269674000003
15356,-0.014676282599999792
15357,0.7287977886
15360,-0.25888640880000013
15364,-0.06351641059999995
15366,0.5557059820000001
15368,0.3827048136
15369,-0.03852403079999983
15370,0.09530209780000015
15371,0.08748773139999991
15372,-0.3045530104
15373,-0.11246881340000003
15375,0.5434940289999999
15376,0.24808454839999977
15377,-0.3893703453999998
15378,-0.3464867947999998
15379,-0.013048674800000108
15381,0.23386544200000042
15382,0.20327745140000028
15384,1.3257035899999994
15387,0.4848150679999996
15388,-0.3300254370000001
15394,0.14432589159999992
15395,0.03189529920000008
15396,-0.12094258159999999
15398,-0.1300284711999998
15399,-0.10093041820000002
15400,0.23869883100000014
15401,-0.11528103619999994
15402,0.28061258679999973
15404,-0.14299115040000016
15405,0.15778624919999978
15407,-0.08028000620000013
15408,-0.26111690219999983
15410,0.2027961900000001
15412,-0.08819736779999979
15413,0.18556452100000004
15414,0.41038078519999993
15415,-0.05848883859999995
15416,0.04992529140000013
15417,0.10495830279999989
15422,0.27342904199999996
15423,0.01807398459999998
15424,0.005739220399999578
15425,-0.08762096140000003
15426,0.5763798713999998
15429,0.022087391400000215
15430,0.05606218279999995
15431,-0.12119298099999984
15432,0.04924928600000015
15433,0.08266781839999986
15434,-0.058801071599999956
15437,0.2690299218000002
15438,0.14604967879999986
15439,1.6647247795999995
15441,-0.6452379622000002
15442,-2.4955160815999995
15444,0.06475827339999984
15445,-1.5248049922000002
15446,-0.016986340400000043
15450,-0.7285421698000002
15451,-0.4002272506000001
15458,-2.2012737963999998
15460,0.19551576080000005
15461,0.29396886080000006
15463,0.5296984934000006
15464,0.5797141314
15465,0.17074719200000033
15466,0.10784066839999991
15467,-0.7085165754000002
15468,-0.4165292157999998
15469,0.27309629879999997
15476,0.6832860418000004
15478,-0.3470318012
15481,0.7054671699999993
15482,-0.1817664488
15483,-0.6319295074000003
15484,0.1668696569999998
15485,-0.10268518059999998
15486,-0.520753698
15487,-0.08718438400000002
15488,-0.05401291020000013
15490,0.40629448979999994
15492,0.2665282774000001
15499,-0.17946872899999988
15500,-0.053554137200000164
15502,0.3480760801999999
15505,-0.1257354200000006
15507,2.2356390682000002
15510,0.6682938564000004
15512,0.3951427634
15516,-0.19341213800000012
15519,0.6240244400000001
15525,0.5420680265999994
15526,0.8685133348
15528,0.4789809757999997
15529,0.8661915972
15530,0.20362888460000012
15531,-0.18445354819999976
15547,-0.015919896199999783
15550,0.050085859200000006
15551,0.06851439300000006
15552,-0.11733055040000018
15557,-0.027498316800000033
15559,-0.09460998280000013
15560,0.4523327464000001
15561,0.08773075160000003
15562,0.08633013280000007
15563,0.30392429359999973
15565,-0.0692942185999998
15566,0.4370089398000001
15567,-2.2594370872000002
15568,-0.0380298020000005
15569,0.5249355716
15571,0.2020864194
15572,-0.15924109740000017
15574,0.021718782800000003
15586,-0.1487280803999999
15587,0.17619970600000007
15874,0.013553694599999833
15891,0.03450413199999982
15893,-0.05190462519999972
15894,2.4929412288
15896,-0.3695228944000002
15898,-0.10412514720000025
15900,0.3235489284000003
15901,1.9692140898
15902,0.39997543520000034
15903,1.0712359191999998
15904,0.4437773253999998
15925,0.08073050379999977
15926,-0.4900335486000006
15929,0.13867888460000014
15930,0.27951643220000005
15931,-0.10883335420000012
15932,0.04115254460000006
15936,0.9743178252000005
15937,4.0292228476
15939,0.5628069058000001
15944,1.3646007652000005
15945,4.186409841200001
15957,-0.6101100311999993
15958,-1.7587537370000002
15967,0.05559651020000037
15975,-0.08023907420000016
15976,-0.37399499300000016
15977,-0.05996139199999995
15978,0.3124734526000003
15979,-0.19268706900000016
15980,0.12939957939999983
15982,-0.1347056417999998
15983,-0.24013036839999988
15985,-1.2710749472000002
16000,-0.08582587559999996
16001,0.24525875639999978
16002,1.0794305853999997
16004,-0.49269963380000004
16005,-0.12288569859999982
16006,-0.8001810544000001
16008,-0.02927721319999974
16009,0.6180584732
16010,0.7913614884
16011,0.5558100802
16012,3.1541608874
16068,0.34743853000000013
16147,0.07860587300000026
16149,0.1956839640000002
16150,-0.4268508317999995
16151,-0.5877536695999999
16153,1.6402423334
16154,-0.23796124940000016
16155,-0.05016407680000016
16156,-0.08676119399999997
16159,-0.5408586558000001
16160,0.1981200755999998
16161,-0.3488097912000002
16162,-0.25320039780000014
16163,0.17124950200000022
16164,0.6145481932000001
16165,0.07154036800000016
16168,-0.18921140079999976
16169,0.8736332092000001
16170,-1.3284177902000003
16171,1.2722595903999998
16172,-0.40083465899999987
16173,1.4897512584000001
16174,0.2613443703999998
16176,2.6138133322
16177,0.7245487378
16178,3.1431625274000004
16179,-0.16385762540000037
16180,1.1075404748
16181,4.046436712399999
16182,0.047645838200000235
16183,-0.5800874271999998
16184,0.8016735682000002
16185,-1.1252405747999998
16186,-0.12155166820000077
16188,0.07620460960000003
16189,-0.4927591928
16190,0.45236844719999975
16191,0.24958754599999988
16192,0.12407539580000027
16193,3.8473366874
16194,-0.7434225308
16195,1.4514607478
16196,0.16741769740000018
16197,-1.0015897394000004
16198,-0.0692723722
16199,-0.01579690419999976
16201,-0.1359786925999998
16202,-1.5769130824000002
16204,-0.24719012239999988
16205,-0.7429271943999998
16206,0.1577320276
16210,0.22039989599999998
16211,0.5170004910000001
16319,-0.5837942076000002
16322,0.10691651939999999
16323,0.5579947799999998
16324,0.01381795120000025
16325,-0.08741118639999997
16326,-0.08741118639999997
16328,-0.25338218139999996
16329,-0.6434287994000002
16330,-1.116923091
16331,-0.7603810753999998
16332,0.34443016320000003
16334,0.08657566879999959
16336,-0.09962150999999901
16337,-0.32640293399999987
16341,0.1308989499999996
16348,-0.09934757679999981
16351,-0.23750374860000018
16362,1.1912910652000002
16363,-0.5215453341999993
16364,0.5593279341999999
16367,0.9184154926
16370,-0.12960097279999974
16371,0.20662631759999997
16372,0.27326749659999994
16373,0.349273842
16391,0.2921916493999994
16392,1.0508886138000002
16396,-0.44268960439999994
16398,-2.4222881752000003
16399,-2.4334915616
16400,0.023115706000000093
16401,-1.3811821647999998
16402,0.17475774620000006
16403,-1.9873070716000005
16404,-0.06046078440000039
16407,-0.6755299216000001
16408,-1.288012599
16409,0.5704031425999997
16410,0.07168523020000034
16411,0.04596308320000002
16412,-0.5381733837999999
16413,-0.07645100300000036
16414,-0.36968783599999994
16416,-2.6405373259999996
16418,0.6461556282000002
16419,-2.389372275
16420,0.21077375220000022
16421,-0.7476309683999997
16423,-0.3488454059999995
16424,-0.6078928532000001
16425,-0.6272476281999999
16426,-1.230844116
16427,-0.2753973831999998
16428,-1.3780953444000006
16429,-0.0329602028000002
16430,0.6047282415999998
16431,-0.10534854540000041
16432,-0.3957794640000003
16433,0.08314590839999988
16434,0.28879029460000005
16438,-0.34078547159999995
16439,-1.6877161790000001
16440,-0.8715251114000002
16443,-0.40593216540000016
16447,-0.01811854859999986
16449,1.8740432346
16450,-0.15752072740000003
16451,-0.48198026000000027
16452,0.2321066983999998
16453,-0.09962150999999901
16456,-0.20810796240000048
16467,0.027849396000000057
16468,-0.5238068424000002
16475,0.40357939700000023
16476,1.8159351243999997
16477,1.8260680762000008
16478,-0.22575118799999988
16480,0.2684607123999999
16485,0.14315743419999993
16490,0.18566600280000006
16491,-0.7323057261999996
16492,0.03740168219999981
16493,0.5011612460000001
16494,-0.06461546299999998
16497,0.16637389379999998
16498,-1.0479129644000003
16499,-0.018038439400000064
16500,0.04296725340000016
16502,0.1489431350000002
16504,0.09680632519999983
16506,-0.10351125319999992
16508,0.2997017572
16509,-0.11817598339999993
16510,0.19632805920000004
16511,0.0031855106000002074
16512,-0.01803296599999965
16513,0.12731597899999997
16514,0.10374976660000039
16515,-0.18070941420000003
16516,0.2021025829999999
16517,0.0941546522000001
16518,0.16987025939999983
16519,0.13141299940000017
16520,0.10667837939999972
16521,-0.8144795795999998
16522,0.09037586159999991
16523,-0.17056553119999976
16524,0.08134217839999973
16525,0.30606177740000007
16526,0.24094247940000013
16527,0.46429764640000004
16528,-0.15443042219999972
16529,-0.5761538017999998
16530,-0.06618802379999984
16531,-0.008508715000000132
16532,-0.028556505200000082
16533,-0.05090708139999993
16534,-0.40918701540000024
16535,0.17950463220000007
16536,-0.12330440540000005
16538,-0.009095284399999848
16539,0.07762759580000012
16541,0.37122186260000023
16542,0.3887980078
16543,0.9191664159999997
16545,0.34685871960000014
16548,-0.0602846134
16549,-0.2466920608000002
16551,-0.07823315999999975
16552,-0.06112543140000018
16553,0.9899894249999999
16554,-0.11447239519999997
16558,0.4649708755999997
16559,0.029041585999999578
16560,0.12028312019999987
16561,-0.26945121600000005
16562,0.8281202967999995
16563,-2.0986072019999997
16564,0.4514930112
16565,-1.6689742078
16568,-0.15848202459999997
16569,-0.22962432580000008
16570,-0.2737185884000001
16571,0.14700494180000007
16572,-0.04505808980000017
16573,-0.40610829479999994
16574,0.07489118379999996
16576,-0.09707936939999977
16578,-0.20345938620000012
16579,0.7017914682000003
16581,-0.0017375517999999673
16582,-0.018392514000000144
16588,-0.13835679140000004
16589,-0.7054283514000002
16590,0.3792481613999998
16591,0.07001888159999989
16592,2.4441477332
16593,-0.33263954280000013
16594,0.12007843040000024
16596,0.07879019839999979
16597,-0.062288934200000076
16598,-0.27152522200000007
16599,-0.6499552143999996
16600,-0.3922489701999998
16601,2.2197557752
16621,-0.4888284413999999
16641,-1.5024609588
16643,-1.3874667921999997
16646,-0.6246544266
16647,0.8555961756000002
16648,0.3020679740000002
16649,0.1994987037999998
16650,0.08584193819999975
16651,1.4998283148
16653,0.8923557458
16656,1.2014347424000003
16658,0.6897087482000002
16660,-0.026037549600000005
16661,0.12095577219999994
16663,-0.09298203360000004
16664,0.2728272001999999
16665,-0.24872873079999974
16666,-0.14591103680000012
16667,-0.06532567799999996
16668,1.1751856116000001
16669,2.0138808562
16670,0.1751277361999998
16671,0.2868688937999998
16672,-0.16694752779999983
16673,-0.07945908720000024
16675,0.016522789200000092
16678,0.042509524999999826
16679,0.1676327649999997
16680,0.005449811600000132
16681,0.15826215359999996
16682,0.06749389919999997
16691,1.2987274948
16693,-0.040526275000000195
16703,0.06710204659999999
16706,0.43368243179999977
16709,0.2825411232
16716,0.24263808319999997
16728,-0.7527027829999998
16763,0.22952377439999996
16764,-0.6258216126000005
16765,0.6857860368
16768,-0.05299246259999997
16770,0.05251117140000013
16772,-0.007612434600000021
16773,0.5083862349999997
16774,0.05167335839999988
16775,0.7789747051999999
16776,0.40569394999999986
16777,-0.1164194499999999
16779,0.39528126859999996
16780,0.136609155
16782,-0.24184364959999982
16783,-0.35169877399999977
16784,0.7719448117999999
16785,0.25517247399999976
16790,0.07951790619999974
16792,-0.5270702060000001
16796,-0.44352851660000037
16797,-1.5560044847999994
16798,0.29258503079999976
16800,-0.025335053999999958
16801,-0.6884227349999996
16803,1.0529855460000002
16814,-0.0793994993999995
16815,0.009587862799999937
16816,-0.16752900440000026
16818,-1.4243381944000002
16819,4.5059061752
16822,0.6517352158000005
16825,-0.5000638928000003
16826,0.48877388320000004
16828,0.8310149902000002
16832,0.8244068713999997
16833,0.32967175520000025
16834,0.24098385759999968
16835,0.35970750879999985
16841,-0.33270779999999966
16842,-1.4413211766000003
16846,0.1389309838
16847,0.04116878220000012
16848,-0.5236802401999995
16852,0.8805069979999999
16854,0.5843109776000002
16855,0.09462688739999997
16859,-0.5773359357999996
16865,-0.11890947100000011
16867,-0.018066679
16869,-0.0012565532000001767
16870,0.06823247039999998
16871,-0.013077803399999866
16872,-0.12442124280000005
16873,-0.08081388400000009
16874,0.15250437660000032
16875,-0.024015962000000002
16876,0.07811826859999993
16878,0.5564624462000001
16880,0.9478514898
16881,0.0686214001999998
16882,0.3178792437999999
16885,-0.13103219219999945
16886,-0.07264605799999993
16889,-0.4813781547999999
16890,0.5827667580000003
16891,2.4041450112000002
16897,-0.1902332976
16898,0.1849395260000005
16904,-0.2348028228
16905,0.24279194300000012
16906,0.6902613209999998
16907,0.2581387432000003
16909,-0.5535904720000001
16911,0.1028263054
16912,-0.040354320600000215
16913,-0.2216024661999999
16917,0.07992644759999974
16918,-0.1940773307999999
16922,-0.30748203819999986
16923,-1.1120295500000001
16924,0.025863670000000418
16948,1.2214377723999998
16949,1.2590029388
16950,-0.06943091580000012
16952,1.6512833603999995
16956,2.9653357985999995
16963,-0.02767634479999983
16969,-0.12465420240000018
16971,0.034531942799999854
16973,-0.10782811259999983
16974,-0.2416907120000001
16975,0.5052287858000002
16976,0.4019511721999998
16977,0.23430670280000002
16978,0.27691171120000035
16979,-0.05189093880000008
16980,-0.00497174660000006
16981,-2.091852104
16985,0.08897070520000024
16987,0.10696208160000006
16992,1.2829767857999999
16993,-0.013760463999999882
16994,-1.2907433444000003
16995,0.1769804261999997
16997,-0.17586919440000007
16998,1.8364706142
17000,0.47406315820000006
17001,0.24225914559999967
17002,4.8296914200000005
17005,-0.18115240199999988
17022,1.5923389796
17025,0.21891924879999994
17035,0.645319489
17060,-0.44471673780000004
17063,-0.6219436973999999
17064,-1.1063475377999996
17068,-0.5459481373999999
17069,-0.019326014000000336
17075,1.1610654226
17076,-0.11302611099999993
17079,-0.43224666340000006
17082,0.5621164488
17083,0.10147886580000025
17084,-0.046034222000000145
17085,-0.6087767120000003
17086,-1.4012037306
17087,0.6976424804000002
17089,0.6435532888
17095,-0.8711595153999999
17096,-0.5110806319999999
17101,0.1300206183999995
17112,1.2631596712
17113,0.14481680659999974
17116,0.05812103920000008
17117,-0.18623156439999974
17118,1.597675036
17119,0.6514962044000008
17120,-0.3082165898000001
17121,-0.08478564819999992
17122,-0.6815759332000002
17123,0.013254333200000098
17125,0.16920091799999973
17126,-0.09625232720000006
17127,-0.11879974859999987
17128,-0.1039315270000003
17129,-0.03375904439999999
17130,0.3151109938000001
17131,-0.8680027399999999
17132,0.8440368441999999
17133,1.7925106067999999
17134,-0.40483431360000033
17135,0.10395015140000012
17136,0.22274681980000005
17149,0.5052287858000002
17150,0.30661686339999983
17151,-0.06695023999999991
17152,0.14186494480000017
17153,0.5460594002000002
17155,-0.2543692169999997
17156,-0.29824092500000016
17158,0.3157220636
17159,-0.02401729159999988
17160,-0.01731457659999995
17161,0.8221038258
17164,0.8039503873999992
17165,0.034539238599999855
17167,1.050739196
17168,-0.7836191169999998
17169,-0.2269173428000002
17171,-0.03956088519999997
17172,-0.12314887100000008
17173,0.11617938660000002
17175,-0.4021417266000002
17179,-0.7006792503999997
17180,0.10742976520000003
17181,0.07741730499999999
17182,0.049444717400000116
17183,-0.03191567259999991
17184,0.2531375382
17187,-1.5657563858000003
17188,-0.09984336399999998
17189,3.6712956829999994
17190,0.4140686787999998
17191,-0.3432162488000003
17192,-0.07042480140000025
17193,-0.6948548872
17195,-0.9104462125999998
17196,-1.1274179415999999
17199,0.12130941499999981
17200,0.24178205120000004
17201,0.07961077239999989
17203,-0.012136774600000066
17207,-1.1419548073999999
17210,0.9583633899999991
17215,-0.13397807460000005
17216,-0.04476729959999977
17217,0.3565853363999999
17218,-0.011466736999999961
17219,-0.11562434860000008
17220,-0.2956304929999999
17221,0.10008691040000013
17222,-0.15565160700000025
17228,-0.4155583596000003
17235,0.05062173279999982
17237,-0.25037130439999994
17240,0.16973699660000002
17242,0.03130408039999983
17245,0.022960174400000182
17246,0.12131130460000036
17248,-0.18963039280000035
17250,0.0076626532000000705
17252,0.06980014900000013
17254,-0.04753113520000022
17256,-0.11215323140000029
17257,-0.4411235348
17258,-0.28922005560000025
17260,-1.3822267556
17261,-0.7468393455999998
17268,0.07095757680000006
17274,-0.01923463560000016
17279,-0.027926812799999992
17281,-0.9263977164
17283,-0.4354664554000002
17285,0.4489756936000001
17286,0.4053787204
17287,-0.014161812200000234
17288,0.052059243000000165
17289,0.7158645704000002
17292,-0.17385970680000007
17293,0.04918898959999998
17294,-1.7710690694
17295,1.2803782925999998
17299,0.5361437468
17300,0.05001926799999997
17301,-0.04019624740000013
17304,0.7555094474
17305,-0.8125641938000001
17306,0.06390860860000007
17308,-0.31147302120000014
17309,-0.0065706845999999545
17311,0.13665065419999997
17313,3.885349399
17314,-0.3313870906
17318,0.859471382
17319,-0.3774604025999995
17329,4.1779493603999995
17330,0.1694962648000001
17339,0.085141413800000093
17341,-0.18550215800000008
17342,1.025737968
17344,-0.29370317060000006
17345,0.4714353430000001
17346,-0.2730683244000002
17347,-0.8752325044000007
17349,1.1707949748
17350,-0.3505699616000001
17354,-0.47559612839999976
17355,0.13778058680000008
17357,3.3425872997999995
17364,-0.07274985760000004
17380,0.0044266012000000465
17381,0.5503533746
17384,-0.1083232640000004
17385,-0.07546240219999996
17386,2.3668657644
17387,1.5976751761999999
17388,0.26678600259999996
17389,0.30521177879999994
17390,1.0764645610000003
17391,0.14714623000000007
17392,0.48456711760000015
17393,-0.0027546761999998406
17394,3.5398934406
17395,1.3948072558000002
17420,-0.052843629
17423,-0.3924981261999999
17425,-0.9607694114
17427,-0.09665823619999987
17428,-0.36833822699999985
17433,-0.08436471040000042
17434,-0.2726634833999998
17436,0.9591111390000002
17441,0.28785471340000013
17444,-1.4615138103999996
17448,0.6615404971999996
17449,0.6702494474000001
17450,0.18153032779999995
17451,-0.029581285199999918
17454,0.20320806819999998
17463,0.8910014096000001
17470,0.8435595539999999
17474,1.5185555838
17475,0.17314112999999995
17476,0.16163461660000028
17480,-2.5479893548
17523,1.2815689495999996
17524,-0.42683525600000005
17527,-0.11659885659999995
17528,0.23307575100000016
17532,-0.47071694059999986
17533,2.3176869824
17534,0.7896150609999998
17535,0.3355511528000001
17536,0.7850579157999998
17537,-0.12227470700000005
17681,0.2049628289999998
17684,0.4662877312000006
17685,-0.5267776652
17686,-0.4731811048000001
17687,-0.13746310979999982
17688,0.083464629
17690,-0.028152288600000297
17691,0.09401228520000002
17692,-0.18556445020000006
17695,-0.018143875399999843
17698,-0.07981398999999989
17701,-0.030092550399999855
17702,0.02879911479999997
17713,0.3102296536000001
17714,0.2098577110000001
17721,1.2432479200000004
17748,5.3441505018
17749,0.4108239308000002
17750,5.0293903392
17751,0.1730646497999997
17752,0.004988724800000011
17754,0.1277745475999998
17755,0.8086671215999999
17758,0.22699397660000004
17760,0.1980162194000002
17761,-0.07400002400000005
17762,0.3769374646000002
17763,-0.6629652650000004
17764,0.6577097829999998
17765,-0.2489734916
17766,-0.23547899599999994
17768,-0.25612402479999974
17769,0.09713849700000024
17772,0.0268190162
17773,0.04876468439999984
17775,-0.3977426896000001
17776,-1.7485396033999998
17777,-0.17918762400000002
17826,-0.7804226045999998
17827,0.20978679880000045
17828,-0.05892304739999987
17829,1.1455518541999998
17846,-0.03292363179999998
17847,-0.022263430199999924
17855,-0.12893020800000005
17859,-0.8850521817999997
17863,0.21616148980000016
17864,0.09267730879999991
17865,0.3196143388000001
17868,0.9333164031999999
17869,1.8015166828
17872,-0.36473288020000005
17873,1.3824589159999998
17874,1.2662885236000005
17876,0.26552363040000004
17877,0.0413959802
17878,0.1598628899999996
17879,6.0284908658
17880,-0.018206935999999826
17882,2.0513382021999997
17883,-0.23955393020000013
17884,2.9617758492000004
17885,0.06758452299999991
17886,-0.8950572340000005
17888,1.2367815868
17896,0.034843639400000015
17897,0.9231787363999999
17898,2.2605892306
17901,3.2356469237999996
17904,-0.3274676379999999
17906,3.699360349
17907,2.4114896694
17909,0.3040230253999999
17912,0.27851368460000003
17913,0.19744151279999966
17916,-0.49803121079999996
17918,-0.05785504099999999
17919,-0.1318799569999999
17920,-0.6533579715999999
17921,-0.06051014440000006
17922,0.022752763199999904
17925,-0.07298823220000054
17926,0.6503104315999998
17927,-0.04968877960000013
17928,-0.13750174079999994
17929,0.00579605999999977
17930,2.0914000024
17931,0.09382723819999991
17932,0.016522668600000213
17933,0.12886701039999973
17936,-0.3262604669999999
17937,0.30354636720000006
17939,-0.3864869628000001
17954,0.216786923
17955,-0.08831619420000009
17957,0.26063728579999984
17960,-0.0921387096
17961,-0.6585851496
17966,-0.6725885342000002
17967,0.44118380319999984
17968,-0.009465727199999895
17969,0.1880579946000001
17970,0.39880517900000034
17972,0.19789242319999972
17973,0.2864447058
17975,1.0442813875999997
17977,-1.0393487444
17978,-0.7876189925999995
17979,-0.7703119528000004
17984,0.8617114672000001
17986,0.04472932219999981
17988,-1.4574455121999996
17991,-0.024570689199999406
17992,-0.18939125400000023
17993,-0.4170678381999998
17995,0.8900268584000001
17997,-0.0759826672000001
17999,0.6629062824000004
18002,-0.22724843640000003
18003,-0.40824176600000045
18004,-0.08179112980000017
18005,0.2829623601999999
18007,0.5602802090000001
18008,-0.0032030189999998626
18010,-0.09358957659999984
18011,-0.024786309800000145
18012,0.3087120872000001
18013,0.14058227680000018
18014,-0.03497866599999992
18015,-0.23571968579999983
18016,0.06540726559999982
18018,-0.7425200872000002
18019,0.18186557260000008
18020,-0.5505267364000002
18021,-1.0933236558000001
18022,-1.4290662607999998
18023,0.5589763674000003
18024,1.0834785498000006
18025,0.22712020419999987
18027,0.8653882252
18028,1.8486849282000002
18029,-0.15349355980000037
18030,2.2078611266
18032,1.0151038116000002
18033,0.5557032514
18034,0.6580239946
18035,1.2965904519999998
18036,0.6888420207999999
18037,0.8046374388000004
18038,-0.20256669799999988
18040,0.06919461520000006
18041,-0.1377006439999997
18044,0.2456318694000002
18045,0.16121789100000022
18046,-0.0896660969999999
18049,0.18768758820000006
18053,-0.39242027299999993
18071,0.17395565460000012
18072,0.16339149560000008
18073,1.4267147627999996
18074,0.3719863198000003
18080,0.053535285600000135
18081,-0.2592851840000002
18082,-0.8749702297999999
18087,-0.014769757200000021
18088,0.09881995880000005
18089,0.011776047399999885
18091,0.11974589079999998
18092,-0.12188978460000008
18094,0.03077928599999974
18095,0.236175811
18096,-0.18436281440000002
18099,-1.8598569938
18100,-0.07568163700000012
18101,0.15275571540000002
18102,0.43688886820000017
18103,0.8268071859999999
18104,-0.3762700390000001
18105,-0.6496609392
18107,0.1347568432000003
18108,-0.40632264780000005
18109,-0.028139168599999924
18111,0.6396087812000002
18113,1.5543754273999997
18114,0.25698780779999986
18117,0.11529304940000015
18119,0.05032253099999995
18120,-0.18499582759999988
18121,0.10614098140000008
18124,1.8360066060000002
18125,0.26196724120000014
18126,0.08307221919999996
18127,0.4487381227999997
18128,0.026005034999999843
18129,-0.2816851006
18130,0.095726865
18131,0.375231477
18132,-0.4642851772
18141,0.17784489639999973
18142,-0.07124124999999992
18143,-0.16784864940000013
18145,-0.3752021376
18146,1.2947463182
18148,0.8564023416000002
18150,-0.3095231117999999
18155,-0.014449281200000108
18159,0.009334798799999955
18160,0.07709284119999987
18162,-0.018614055599999978
18163,-0.02536187000000023
18164,0.2000194722
18166,-0.11203816159999985
18167,-0.015712745200000017
18168,0.14887461340000013
18171,-0.3271358590000002
18173,0.33333680319999975
18174,0.1596469176000001
18175,0.7431058985999999
18176,-0.5169926676000003
18181,-0.14891287300000008
18183,0.17075239320000007
18185,0.34797195600000014
18186,0.25766996
18187,0.40243108020000007
18188,0.010767452400000183
18189,0.07190494720000018
18190,0.11390245680000019
18193,-0.5782549335999999
18194,-0.17504434799999974
18195,0.18321852999999994
18198,0.10267303519999998
18201,-0.3702390151999998
18203,-0.5800874271999998
18205,-0.09438461260000001
18207,-0.07155454680000002
18208,0.9564707577999998
18209,0.14935397899999997
18211,-0.13157513299999976
18212,0.2429710887999999
18213,-0.20063049179999998
18214,0.24149095759999994
18216,-0.0048363692000002595
18217,0.11774537919999999
18218,-0.08245736760000016
18220,-0.3898103052000003
18221,0.5848228328000007
18222,0.004188781399999897
18223,0.2985241219999999
18226,0.4875200092
18227,0.040178159799999946
18230,0.23059804919999963
18231,0.06131757540000001
18232,0.23634085899999996
18241,-0.004693278799999963
18242,0.48863381480000034
18245,-0.07671000400000025
18247,-0.7808297626000005
18256,-0.18037828619999985
18260,0.16167373840000004
18263,-1.0471647699999995
18285,-0.04045512900000022
18286,0.07362650819999988
18291,0.10372242799999982
18292,-0.0905174259999999
18293,-0.028170480800000428
18294,-0.43083990640000014
18295,1.3640006584000004
18301,0.17636018759999955
18302,-0.4185610333999998
18377,0.15860368859999965
18378,-0.031226088799999926
18383,-0.05429994600000043
18386,0.1644113579999999
18387,0.14840861479999995
18389,0.22641846060000007
18390,0.1760841976000002
18391,-0.09497513440000013
18392,-0.35644530319999995
18393,0.3289746990000001
18399,0.0725281257999999
18400,0.05684076400000001
18408,-0.2806354166
18412,-0.25161281200000013
18413,2.2380696677999996
18414,3.725202115
18415,-0.6451906142
18416,-1.577892897
18417,0.6507774425999998
18419,0.07803221699999982
18420,0.2292310439999996
18423,0.15303530699999995
18424,-0.1665067099999999
18426,-0.015981137
18429,0.24143761280000003
18430,0.20773060300000007
18431,0.2264867433999999
18432,0.44026264740000054
18436,-2.4481484318000004
18438,0.44484317040000043
18439,-0.42482567400000004
18440,-0.18705184919999987
18441,-0.8708036552000002
18442,0.1361101692000002
18451,0.11354560579999991
18452,0.34858314220000003
18453,0.708539082
18457,-0.06971202279999994
18458,-0.008546707999999726
18472,-0.11725755719999993
18475,0.22068889539999997
18476,-0.41505826719999994
18477,0.5121153920000001
18478,-2.608436735
18479,0.12417310460000017
18481,0.38463853720000013
18483,0.13568216260000007
18484,0.38283075820000045
18488,0.18447804960000003
18489,0.15604002659999988
18491,0.04200522080000013
18503,0.27475575700000016
18505,0.19846914380000008
18506,0.05754332220000009
18507,-1.2945234978000002
18508,0.12112845920000001
18509,-0.04758088980000023
18510,0.26441493920000003
18511,-0.07968419879999988
18514,0.9053167976
18515,-0.4642851772
18516,-0.11332931220000031
18518,-0.3541055662000005
18519,-0.388185764
18521,-0.17534839600000005
18526,0.20168869280000018
18530,0.015594838399999941
18534,-0.15157847120000006
18536,-0.1532124020000003
18537,-1.7948033754000003
18538,0.24521764979999996
18541,-0.18031263799999983
18542,2.1500084592
18545,0.034400741199999994
18546,-0.12274886380000025
18548,0.13510622040000014
18549,0.00812350499999992
18550,0.020270414400000183
18551,-0.026745983199999657
18552,0.4795775200000002
18553,0.46698867720000015
18554,-0.3013163733999999
18555,0.040993534199999904
18557,0.04191305099999969
18559,-0.28387391699999986
18563,-0.044708734199999954
18566,0.2341350202000001
18567,-0.31597162819999997
18569,0.3005117832
18570,0.17405405919999986
18571,-0.2342716264
18572,0.3732251986
18573,0.10713411600000011
18574,-0.040794329799999945
18575,-0.5033051918
18576,-0.5214399240000003
18577,-0.008989645199999785
18578,0.27218997179999993
18582,-0.1823834172
18583,-1.3161787172000003
18584,0.5492918412
18587,-0.11426089320000017
18588,0.037660056800000064
18590,-0.7483629209999998
18591,-0.1640336060000001
18595,-0.04387916500000007
18596,0.04765422580000004
18597,0.5617334842000001
18598,0.06465552939999997
18599,-0.041044164000000015
18600,-0.9204047773999997
18601,0.002607760800000292
18602,0.6543299384000001
18604,0.3203265873999996
18605,-0.15539738980000006
18606,0.8069571550000001
18607,-0.1975122442000002
18609,-0.06425103459999981
18610,-0.0168267361999998
18611,0.0656621706000001
18612,0.13144872759999976
18613,-1.6148281694
18616,0.5140594108000002
18618,-0.2960013697999999
18619,0.4720821299999999
18624,-0.2678253611999999
18626,0.7983992648000002
18627,0.33985355760000024
18628,0.09614734059999996
18631,0.6340591919999999
18632,-0.023104308600000137
18633,-0.017430100399999853
18634,0.23566984740000002
18636,1.2335511317999999
18637,0.45087487000000037
18639,0.11251381379999986
18640,-0.09806907479999989
18641,0.08273613960000006
18642,1.0438189252
18643,-0.16325204399999968
18646,-0.8315547972000003
18647,0.2640374678000004
18648,0.6584856508000003
18654,0.13635541459999984
18663,0.08341926939999986
18667,0.28813264600000005
18670,-0.6087400044000001
18671,0.1918998224000001
18674,0.4833243187999997
18675,0.10814777999999992
18676,-0.1558945716000001
18679,-0.003952102599999746
18682,0.1416325920000001
18685,-0.21645615100000004
18693,0.05066185880000038
18700,-0.2810959110000001
18701,-0.28020237660000014
18703,-0.43475284799999975
18704,0.22758582400000016
18705,-0.02988690259999993
18706,-0.3779004916
18707,-0.32608519739999975
18708,-0.4715961176
18709,-0.008995838000000051
18710,0.07136944700000017
18711,-0.5633619932
18712,1.0460870808
18715,0.07327532060000015
18716,0.042484614600000005
18717,-0.3690726704000003
18718,-0.7219281147999996
18719,-0.5866569864000002
18720,-0.0923325118000001
18736,-0.09339052040000022
18738,0.13320596279999997
18739,-0.9823222339999994
18740,-0.11681035560000003
18741,0.04068555580000003
18742,-0.19594690499999973
18744,-0.15643335879999984
18746,-0.2835358566000007
18747,-0.5888924005999998
18749,-0.7370580946
18750,-1.3231459500000007
18751,-0.5367862635999998
18752,-0.11255054179999993
18753,-0.5072781289999998
18754,-0.7786827483999998
18755,-0.4812016097999997
18759,0.35736438040000007
18760,0.6881048565999996
18761,-1.5093998182000001
18762,0.24687948659999998
18763,-0.299574391
18764,1.5274789300000005
18766,0.05335869380000029
18767,0.7196574464000001
18768,0.6140577911999998
18769,-0.1882930498000004
18770,-0.2766973404
18771,-0.007920273199999706
18772,0.18383764219999993
18777,0.3847406307999998
18778,0.03062205640000002
18779,0.13632969799999994
18781,0.23016967640000008
18782,0.6769216759999999
18783,0.10785120779999989
18784,-0.13246621100000006
18786,0.18120752439999993
18787,4.538180015
18788,2.7426792502
18789,0.3692812250000005
18791,0.33978303320000036
18792,0.0438348229999999
18793,1.931066385
18795,-0.14878544439999983
18796,-0.27030136159999996
18797,-0.009563424999999811
18798,0.8344482989999997
18799,0.3065513576000004
18802,0.3371795075999998
18803,-0.7632880277999998
18805,0.7867546208000004
18806,0.15651191460000025
18807,-0.23474682399999977
18810,0.32008120079999963
18813,0.7161270261999999
18815,-1.7529727822000003
18816,-0.5365336376000001
18817,0.0440370033999999
18821,0.8180580074
18822,0.22752477540000005
18823,-1.3491675684
18824,0.4104963043999998
18826,0.42114885599999957
18830,0.8636148635999998
18843,3.9738577822
18844,-0.003512595399999796
18845,0.6142992128
18846,0.27762594180000005
18854,-0.1054193788000001
18857,-0.020525812199999827
18858,0.7904525743999999
18933,0.3814509137999996
18935,0.07518880040000012
18938,0.7264838500000002
18946,-0.16560556379999972
18947,-0.05707763159999982
18948,0.1381219270000001
18949,-0.011705076800000214
18968,0.15050766379999966
18969,-0.018538541800000106
18970,-0.054759211799999916
18971,-0.5756018972000001
18972,0.23253659419999995
18973,0.10891275680000004
18974,-0.42888466800000014
18975,-0.1335156704000001
18976,-0.0695576747999999
18979,0.0023514782000003008
18983,0.10310510100000023
18984,0.28537834640000026
18985,0.7627882740000004
18986,-0.5313227525999998
18987,-0.5772064082
18988,-0.00949816359999981
18991,-0.08632584100000001
18992,0.018569282400000033
18993,-0.04523648880000001
18994,-0.06866722060000008
18996,0.040854787800000014
18997,0.1296679307999999
18998,-0.17160662119999998
18999,0.001961280599999957
19009,-0.3517077610000001
19011,0.3353152904000004
19013,0.050342771599999926
19014,-0.1880070857999998
19015,0.12035160180000018
19016,-0.08598212540000016
19017,0.1774560718
19018,-0.22566450359999987
19023,-0.12825491519999996
19024,0.1555859487999999
19025,-0.2201526161999997
19035,0.1665436294000003
19038,1.0060495334000001
19039,-0.6077759188000005
19041,0.3678278199999999
19042,-0.18793336399999988
19043,-0.6041092584000005
19044,-0.277760632
19045,-0.4932385059999998
19046,0.09295498200000019
19047,0.20691130599999993
19049,-0.16852040839999988
19051,-0.057190001600000075
19052,0.278861474
19053,0.13140325759999988
19055,-0.1590226509999994
19056,-0.2528093538
19057,-0.3825155431999999
19058,-0.2663270619999999
19059,-0.18851415759999984
19060,0.10639980059999982
19062,-0.42761066599999964
19063,-0.09463264199999981
19064,-0.03749224559999957
19069,0.06684988880000005
19070,0.09913414839999997
19072,-0.23249165219999987
19073,0.009240602000000209
19074,2.3009586871999996
19075,-0.2169637492000001
19079,-0.5418667040000005
19082,0.04865433679999996
19084,-0.39697238739999996
19085,0.15369177379999996
19087,0.6765330961999998
19088,-1.6200871316
19089,-0.16353299040000008
19090,-0.4118424769999997
19091,0.04878631619999983
19092,0.20847844080000005
19094,-0.1822989024
19099,0.15459449340000014
19106,-0.1906484327999999
19108,-0.1305399715999993
19109,-0.087737557
19116,0.10411666700000007
19119,-0.14085910600000012
19120,0.020166897000000013
19122,-0.07030364680000076
19123,-0.9361677539999999
19124,1.0107856676
19125,-0.049534950000000126
19126,0.845368064
19127,0.003973525200000336
19128,-1.2531062922000002
19130,-0.019164707000000003
19132,-0.0782101161999998
19133,-0.1871527295999999
19134,-0.16736424800000033
19139,0.38149086639999974
19141,-0.14308927339999972
19142,0.10085996379999998
19143,0.12708969979999996
19144,0.3370065249999998
19146,0.05997109040000001
19152,0.21851230440000002
19153,0.3243740314
19155,-0.4105680768000003
19156,-0.3076818096
19157,-0.10519549539999992
19158,-0.1271331267999999
19159,-0.14427774359999984
19164,0.1656487337999998
19165,-0.4187163084000005
19166,0.17068420959999991
19167,0.25750795080000016
19170,-0.020958152999999438
19171,0.036926478000000165
19172,0.32708592939999975
19173,0.06333407460000018
19175,0.33780362879999953
19177,0.18176506919999974
19179,0.47851400239999986
19181,0.49438911459999985
19182,0.14969646419999982
19183,-0.09275105099999978
19184,0.46619219079999985
19185,-0.30906749
19186,0.011242169799999868
19188,0.21714659259999994
19192,-0.6668932007999991
19193,-0.6316830904000001
19194,-0.06478387679999992
19197,0.05501948359999975
19200,-0.5067827218000002
19201,0.8634294214
19205,-0.00466251620000015
19206,-0.6908804092
19207,0.14747524699999986
19208,0.28586158740000017
19210,-0.21035682760000043
19211,0.09445091859999977
19212,0.1513282164
19213,0.13066678920000024
19214,0.09757344440000022
19215,1.1063592656
19216,-0.0016136288000000165
19217,0.418200043
19218,0.12931426520000017
19219,0.38894657980000036
19220,0.018387667600000063
19221,0.24225479879999995
19222,-0.9653651958000001
19223,1.7562856273999998
19224,-1.5758380486000003
19225,3.9347119382
19226,0.1396015180000001
19227,-0.06484463339999974
19228,0.5371588154
19229,-1.0692248599999996
19230,-0.9304829357999995
19242,0.046684032600000175
19243,1.0787774259999996
19244,-0.6413682480000003
19245,-0.39626184799999997
19246,0.6748929254000003
19247,-1.4647160862
19248,-0.5535006879999997
19249,0.008598421799999856
19250,0.4570855196000004
19252,1.5696071837999999
19253,-1.4106892381999994
19255,0.8481945438
19258,-0.6181171492000003
19259,-0.05733643380000027
19260,0.2134622692000004
19261,0.11553426800000002
19262,-0.5980538775999993
19263,0.5727052568
19264,0.10460971999999985
19265,-0.20996599480000028
19267,-0.15724963399999972
19268,2.2997728900000007
19270,0.7618942672000001
19271,-1.3260818881999996
19272,0.16300177499999985
19273,-0.13100498980000008
19274,0.5686948106
19275,-0.5232538853999996
19276,0.02391503219999985
19277,-0.8929895869999998
19279,0.0182078232000001
19280,0.19526669480000008
19281,0.22345552880000025
19283,0.18057235800000004
19286,-0.2207847484000002
19288,2.2165446602000003
19289,0.07776659339999999
19290,-0.4044927011999995
19291,0.21444339620000008
19293,2.773608715
19298,0.06137759299999975
19299,-0.046498502399999815
19300,-0.28266178259999997
19301,0.09846659119999986
19302,0.11658747759999988
19303,0.38892954060000023
19305,-0.3348361910000001
19309,1.3521716308
19325,-0.4626137
19326,-0.45660541840000024
19328,0.23373002140000007
19329,-0.19828500879999994
19330,0.25221490779999944
19331,-0.6119947820000003
19332,2.4923017539999996
19334,-1.141398994
19335,0.48709715880000015
19336,0.1573387104
19337,0.0932126276
19338,-0.1261408354000002
19339,0.03194306320000015
19340,0.13231496219999972
19341,0.09554197839999984
19342,-0.17113561619999978
19344,-0.29496387539999985
19345,-0.3892187206000006
19346,-0.30205740200000014
19347,-0.17052203039999972
19348,0.07590911100000038
19349,0.4809913985999998
19352,0.3081131727999999
19353,-0.8946047279999998
19354,-9.472540000000862e-4
19355,-0.36333672519999993
19356,-0.1557737694
19357,0.04542704000000021
19358,-0.8682257656000001
19359,0.3631924754000003
19360,0.03768931159999982
19361,0.2901689745999999
19362,0.34003679100000017
19363,0.020618633999999858
19364,0.05893183680000007
19365,-0.5159057389999999
19366,-0.08026843740000038
19367,-0.5172369288000003
19373,1.0894623818
19374,0.45560957979999994
19376,1.3879280057999999
19377,-0.4784725352000002
19378,2.4795404176000004
19383,-0.4145197025999998
19384,0.7613309608000002
19385,0.7778553182000006
19386,0.4842896956000004
19387,0.04889048740000046
19395,-2.053845876799999
19400,-0.05597445960000017
19401,-0.009013568999999855
19411,-0.6098896756000001
19414,-1.6549343123999996
19415,0.05173796840000014
19416,0.17617970140000025
19417,0.25511630039999994
19419,-1.040152052
19434,0.0025970018000002607
19645,-0.41364995660000015
19646,-0.12255377400000038
19647,2.0291900000051212e-4
19649,0.15884540420000004
19650,-0.7398195369999998
19651,-1.0160246656000003
19652,0.3222516040000002
19654,-0.08370379399999983
19655,0.1768846686
19656,0.44642377840000014
19659,2.5013559709999997
19660,-0.15293674200000015
19661,0.026696237999999903
19662,-1.1339895087999998
19663,0.2726755260000001
19664,1.0390962160000004
19668,0.10815516920000016
19671,-0.034206852600000025
19672,1.3243735024
19674,-0.022215380399999783
19679,-0.3325604976000001
19682,-0.11027694899999999
19684,0.23368836999999942
19687,-0.5902721456
19691,-0.12584904000000016
19692,0.0953410484000003
19693,0.10135237880000007
19694,0.12162012659999988
19696,0.006207482199999781
19697,0.7493045136000003
19698,1.1724998467999999
19699,0.0012684250000001285
19700,-0.12492366219999998
19701,0.06711130099999982
19702,0.06711130099999982
19703,0.20804938440000012
19704,-0.12766399579999974
19707,-0.11463731939999988
19708,-0.04668268439999998
19711,0.10377729260000017
19712,-0.4617708939999998
19713,-0.22741602560000018
19714,-0.6335882606000001
19718,-0.1370196646000002
19719,-0.2166757874000002
19720,0.3902571657999999
19724,-1.0608076692000001
19725,-0.6907563159999999
19726,-0.6649377521999998
19727,-0.6584428208
19729,-0.6389107092000005
19730,1.0926500608
19731,0.6834014871999997
19732,-0.5888425387999998
19733,-1.6984327965999995
19734,0.040866748199999844
19735,-1.4399884341999996
19736,0.45504066859999986
19737,0.7008641196000001
19739,0.2931452443999998
19743,-0.5975672416000002
19744,0.6484737833999997
19752,0.08470728980000006
19762,0.09816752960000004
19763,-0.057047497799999805
19765,-0.5377044757999994
19766,0.9117152538000001
19769,-0.8932190195999998
19771,-0.09806946379999999
19773,0.09763095279999989
19775,-0.49359577180000047
19777,0.16412837980000033
19819,0.15159284839999998
19820,0.22807012539999985
19821,-0.17174983499999996
19822,0.2942061663999997
19823,0.23845282840000018
19824,-0.679352214
19826,0.4282317469999999
19876,0.2830788459999999
19877,-0.44986482440000053
19878,-0.17177162280000008
19879,0.03214345840000003
19881,-0.07215956859999988
19882,0.4784232641999999
19883,0.09870936820000012
19885,0.3693253457999999
19886,0.02371873860000003
19888,-0.2277528123999999
19891,-0.31400432320000016
19892,-0.09504032659999986
19893,-0.3210266679999999
19894,0.02823773420000001
19895,-0.12713099899999986
19896,0.1478938799999998
19899,0.02408686599999932
19921,0.005901377999999738
19933,0.08746949399999979
19934,0.253281204
19935,0.29615844560000004
19941,0.05782881799999977
19943,0.047209801999999725
19946,0.13324797000000005
19951,0.10000279399999952
19981,0.004213941999999443
19989,-0.10758614399999969
20005,0.18081209600000037
20014,0.2105038491999997
20016,0.036287156800000275
20017,0.49525167560000033
20018,0.3507279411999999
20019,0.10916046080000008
20020,-0.3715015214000005
20021,-0.19635898699999962
20022,-0.011280255199999978
20024,0.18841307000000002
20028,-0.10213195920000002
20044,-0.0077547639999995255
20054,0.12962526399999952
20055,-0.011993697999999497
20084,0.20979929600000025
20085,0.15717751399999966
20088,0.036933736000000286
20090,0.001239709999999765
20091,0.13703834800000006
20102,0.16971795199999953
20103,0.11528263200000027
20111,-0.5147222743999997
20112,0.8478123402
20115,0.06541523400000032
20129,-0.009068034599999912
20130,-0.09511913099999984
20132,0.2137383238
20133,0.16248562519999968
20135,-0.0588614112000002
20147,0.026452004199999903
20148,-1.2013429376000002
20163,-1.0853723981999999
20166,0.2565605812000003
20167,0.4510440537999999
20168,-0.9851956059999999
20170,-0.3730019340000002
20174,0.1452604937999999
20181,0.08553559719999981
20182,-0.10920742939999978
20183,0.09469054279999994
20184,-0.13442956799999983
20185,-0.38320030060000043
20186,-0.12706023159999993
20187,-0.20832347720000027
20190,0.40932580279999986
20191,0.5275888939999998
20192,0.11440608299999991
20193,-1.0271748941999999
20194,-0.6512997020000004
20195,1.1630454939999997
20196,-0.16049286780000002
20197,0.18439430880000013
20198,0.4659956009999995
20199,-0.032418667400000184
20200,1.7213350721999998
20201,1.476380512
20202,2.0254520659999997
20203,0.8415329822000002
20204,0.22383565060000024
20211,-0.7145483256000003
20215,-0.05111679760000011
20216,0.2840699671999999
20218,0.23897856019999997
20219,-0.6099139480000002
20222,0.30741071400000025
20224,0.5694205201999996
20227,-0.11079431539999973
20229,-0.1858214780000001
20230,-0.19427570399999966
20231,0.17658231480000008
20238,0.10209765020000017
20239,-0.4988972660000002
20248,0.22341586919999995
20249,0.5570632633999999
20254,0.21500757059999992
20255,0.2054807842000002
20256,0.2560575642
20257,0.04130723819999993
20259,0.3512017428
20262,0.10289988059999988
20265,0.07514768599999995
20266,0.06007812539999992
20269,0.09887471060000008
20271,-0.03247597760000006
20272,0.9588583058000004
20273,-0.04545621959999997
20274,0.23945022420000006
20276,0.24942145380000014
20277,0.21322228319999997
20278,0.3506601349999997
20280,-0.22576255140000004
20284,1.6555594652
20286,0.04013306019999999
20287,-0.08320528699999981
20288,1.102981792
20290,0.022110530200000166
20292,1.0392297995999997
20293,3.1227497934
20295,3.5068515802
20296,3.4160476775999995
20297,0.15201898500000016
20299,0.6691064181999998
20300,-0.015167479399999984
20303,2.3758715674
20304,-1.07641703
20306,2.5180746322000003
20310,6.1344840378
20311,1.8119135960000001
20312,-0.012700054799999978
20316,-0.38337175399999984
20317,0.3633976562000001
20318,-0.0485850346000003
20319,1.0953590296000002
20321,-0.10678375759999988
20322,-2.3396876848000003
20334,-0.5892600175999998
20335,-0.028725938000000544
20336,-1.0635020720000008
20338,0.06074572780000017
20339,0.09990511400000024
20340,-0.48290291220000015
20343,-0.041779073999999757
20344,0.7882662718000002
20345,-0.2789335554000001
20346,0.20092163159999998
20347,-0.01573324120000023
20348,2.5018854724
20349,0.23162008099999998
20350,0.18757666180000016
20351,-0.06015275659999997
20352,-0.7380997170000001
20353,0.4244286006000001
20354,-0.08045139139999975
20355,0.04659414240000004
20356,0.20799901919999994
20357,0.22555448860000027
20358,-0.054325406000000076
20359,0.3078063453999997
20360,0.25878629659999997
20361,0.5645877394000001
20370,-0.139618194
20371,-0.15610955200000026
20377,0.1536295238000001
20378,0.21103097360000014
20379,-0.07769108120000005
20382,1.1509690326000002
20383,0.7319303613999999
20384,0.25635242500000005
20387,3.6578394874
20388,1.1448656017999999
20389,5.3340994770000005
20390,2.2206196964
20391,0.30764402040000005
20392,-0.612399674
20393,0.2370951344
20397,0.06957691659999998
20399,-0.18206318420000006
20400,-1.5285851346
20401,-0.5820939706000002
20402,0.5176585186
20403,-0.24581779940000031
20404,0.24112899040000021
20405,-0.055589236800000046
20408,0.44078382180000003
20409,0.19278077779999986
20410,0.7159046323999998
20411,0.24419961959999997
20415,0.1874012252000002
20416,0.09930721379999989
20418,-0.08747339620000025
20419,0.3354405869999999
20420,-0.13791957680000005
20423,-0.14119792540000004
20425,0.39267816760000007
20429,0.19341156799999987
20430,0.8291133902000002
20431,0.019085811200000264
20437,-0.30829899219999995
20439,0.6188817895999998
20440,-0.7531252518000002
20441,0.1505378898
20442,0.020208220400000174
20443,0.2502807090000001
20444,-0.6909254768
20445,-0.1373787132000001
20446,-7.801373999999764e-4
20447,0.05406238599999985
20448,0.5777009227999998
20449,-1.427603717
20450,0.11333746619999996
20451,-0.1206251609999999
20452,-0.6441096454
20454,-0.6636528751999997
20459,-0.0223349852
20460,0.2675560827999998
20462,0.49693054639999945
20463,-0.33264264759999984
20464,0.2432644151999998
20465,-0.019541856400000057
20466,-0.08690168360000022
20467,-0.24833670580000025
20469,-0.9154343322
20471,0.11696226979999987
20472,0.1252095739999998
20473,-0.07255521820000015
20474,0.23145081440000032
20475,0.2676269328
20476,-0.19146490559999968
20479,0.12388554840000017
20480,0.09788249600000007
20481,-0.7480782853999998
20482,0.44730087819999975
20491,-0.046598149200000105
20492,0.007775870200000068
20493,-1.5142827956000002
20494,-0.07126067299999991
20495,0.11567467280000017
20496,0.038397849399999726
20497,-0.030787080400000038
20498,0.5131802426000001
20499,-0.6063293696000001
20500,0.1149083998000002
20501,0.8300671390000005
20502,0.0593860074000002
20503,-0.13887365739999993
20504,0.07638775799999972
20505,0.04920759579999993
20509,0.1301405093999998
20510,-0.0682027822000002
20511,0.02941200260000016
20512,0.2578006588000001
20513,-0.08236932019999992
20514,0.29938925780000003
20515,-0.030728137600000233
20516,0.002144810400000263
20517,-0.4135940802000002
20518,0.03185358340000022
20519,-0.7089816552000002
20520,-0.050154646400000225
20521,-0.06103148800000008
20522,-0.38147340900000015
20523,0.07394582819999959
20524,-0.1492160452000002
20525,1.2332323036
20526,-1.5687870452
20527,-1.059409488
20528,0.5701247434000001
20529,0.8203168458000001
20530,0.7549268987999994
20531,1.6865582516000002
20532,-0.09821055999999988
20533,-0.6188105559999997
20534,-0.17539510440000045
20535,-0.0878347282000002
20536,0.38480189340000004
20537,0.220766285
20538,-0.04881662880000004
20539,-0.48930551020000046
20540,1.464775543
20541,-0.03491964940000011
20544,-0.17982307320000004
20562,-0.05301716920000016
20563,0.5664101684
20564,0.5108459501999999
20568,1.0917970465999995
20583,0.21903806040000012
20585,-0.40667228159999985
20586,0.05372361960000001
20587,-0.049280696599999965
20588,0.11976182419999992
20589,-0.1287150665999997
20591,-0.1249750852
20592,-0.19207686260000031
20597,-0.38939091059999986
20598,-0.4496313539999999
20602,-0.5593876606
20604,0.057774197999999916
20605,0.009864661600000157
20606,0.07832502899999978
20607,-0.1515738525999998
20608,0.031183821600000182
20609,0.14910861279999993
20610,0.09265359159999989
20612,0.12284495059999971
20613,0.24431842780000007
20614,0.5526488185999999
20615,-0.43327117800000037
20616,0.0994724164
20617,0.0430673119999998
20618,-0.04890897939999998
20619,-0.7807312808000002
20620,0.6782859055999999
20621,-1.1233693080000002
20623,-0.25684829360000005
20624,0.25699743000000036
20630,0.06981828899999983
20637,-0.04043508119999952
20638,0.34284590359999995
20639,0.16780374780000018
20641,0.8546844728
20643,0.26264356140000017
20646,0.30180826199999977
20648,0.3987019258
20649,-0.20690184940000017
20650,0.9264002376
20652,0.5369268661999997
20655,-0.23236193999999982
20656,1.09050453
20657,0.18995871420000016
20658,0.22281705399999974
20660,-0.10081531600000027
20661,-0.5259217916000001
20662,-0.03636374639999984
20663,0.20575207099999987
20664,-0.15508310100000014
20665,0.08353582799999996
20666,-0.06235864060000011
20667,0.25569121600000033
20668,0.23952461740000003
20669,-0.09255277800000011
20670,-0.19253528779999982
20671,0.39486612280000005
20672,0.5365691772000002
20674,0.21429460779999993
20675,-0.02297271799999995
20677,-0.1438786934000001
20678,0.1969696991999998
20679,-0.31369815879999974
20680,0.3101951869999999
20681,0.026684593199999978
20682,0.055629875400000015
20683,-0.0817520741999999
20686,-1.3512482527999996
20687,-0.18886146000000004
20688,-0.3398557307999999
20689,-0.013560427799999886
20692,3.3440537496000005
20698,1.0649026166000004
20713,-0.7884516385999998
20716,1.0652447447999998
20719,-0.9893512858000004
20720,-1.2252184448
20723,0.015429596000000245
20724,-0.2346321275999996
20725,0.12607767159999989
20728,0.5347897906000003
20729,-0.030103008799999696
20731,-0.13536666639999986
20732,0.4999842562000003
20733,0.08398026279999993
20737,-0.7171835240000002
20739,-0.5016862300000003
20740,-0.1060955491999998
20741,-0.6509752618
20742,-0.17552694999999968
20743,-0.013007944199999955
20744,-0.4846000317999998
20745,0.04288743079999994
20747,-0.3857827191999995
20750,4.4534343212
20751,0.10131455880000025
20754,0.06833434679999995
20768,-0.9000848553999999
20773,0.3200658390000001
20775,0.40284194259999995
20776,0.19227579440000006
20778,-0.4402974027999999
20779,-0.08695453299999993
20787,-0.2600891741999992
20788,-0.17083384780000016
20807,0.10166272719999972
20810,1.2711066806
20811,0.07240477719999987
20813,-0.4416767019999998
20815,-0.2121852951999999
20817,-0.7262935268000005
20818,0.2467819180000001
20821,-0.056546329399999866
20823,0.44755441259999956
20832,-0.0348485456000002
20833,-0.08895323179999896
20834,-0.2849962401999999
20840,-0.05664165080000012
20841,0.030915791799999894
20842,-0.08333995479999971
20843,-0.36720195959999985
20844,0.030494683399999906
20845,0.08569622760000009
20846,-0.28216405560000013
20847,0.21084509000000012
20848,1.1287073189999997
20849,-0.4166336598000001
20850,-0.012395595399999793
20851,-0.6623624613999999
20852,-0.06409373299999999
20853,0.23503001660000003
20855,0.35934190460000004
20856,0.18493553259999979
20860,0.7370614093999999
20866,-1.1387301879999998
20867,0.4979019233999999
20868,-1.1145429201999995
20869,0.01970385520000021
20871,0.011032388999999832
20872,0.23910591179999993
20873,0.049188090799999896
20874,0.518156469
20877,0.049268437800000196
20878,0.1560057628000001
20888,-0.06043364980000002
20890,-0.03657346799999976
20893,0.7732212039999995
20897,0.1610356652
20899,0.11402690480000004
20901,0.4898694270000007
20907,-0.39722220540000014
20908,-0.09640849700000016
20909,-0.07264813980000007
20910,0.7328303380000001
20911,-0.07041143220000023
20913,-0.1950472774000001
20916,0.5586553808000005
20917,0.2527437574000002
20918,-0.02338514399999915
20922,-0.6674450915999994
20924,0.059569373000000425
20926,0.20512098500000012
20927,0.00769097640000016
20928,0.06348700800000007
20930,-0.4833490426000001
20931,0.1159696120000003
20932,0.2125624177999999
20933,-4.954948000003637e-4
20935,0.4016555952000001
20937,-0.5725049934000002
20947,-0.20174240019999953
20957,-0.0145908316
20962,0.5176724963999999
20963,-0.24370889420000025
20964,0.27526021400000006
20969,-0.04380007540000008
20970,0.11391286720000039
20971,2.4354018783999996
20972,-0.3302160231999999
20973,0.4715930912000001
20974,-0.17460699120000012
20975,0.42762468640000006
20977,-0.03604358119999987
20979,0.2444511286000001
20980,0.06128667959999987
20981,-0.01158311759999986
20983,0.06256629839999997
20997,0.11586666100000009
21333,0.09052669139999996
21334,-0.2185204696000001
21335,-0.014873266000000197
21336,0.10852467420000007
21337,-0.0049503411999999745
21338,-0.11246987660000002
21339,-0.2800951150000003
21340,-0.11880862680000008
21341,-0.22902947859999948
21343,-0.2626354945999999
21345,0.7013036941999999
21346,-0.7048239559999999
21349,-2.0507193622
21350,0.20238241260000006
21351,-0.5982185899999994
21353,0.2528895188
21354,0.09727649420000013
21355,-0.24825908940000016
21356,0.04366551720000017
21357,-0.4204079556
21366,-0.41238073779999984
21367,0.2913979606
21371,0.2592328251999998
21372,-0.31224961539999985
21374,0.11411085700000001
21375,0.04950069140000002
21376,0.3066732689999993
21379,0.35275441679999986
21380,0.32245849260000004
21384,0.18745701399999976
21385,0.29395241560000007
21386,0.23965400399999975
21387,0.04010916079999999
21388,0.13612074899999982
21389,-0.8154141960000001
21390,-0.1794380846000001
21391,-1.0530027407999998
21393,1.8620680732000001
21399,-0.40446632460000026
21400,-0.3574475115999999
21401,0.18848836339999978
21405,0.08034141300000039
21406,-0.10368181099999965
21407,-0.1596753269999997
21408,0.22055585659999996
21410,0.20210785040000018
21411,-0.5207403673999998
21412,0.05258448179999994
21413,-0.15896210179999937
21414,-1.3058836906
21415,0.19458496660000008
21416,0.14830740920000024
21417,0.5945234670000001
21418,0.39809915779999994
21419,0.0028367665999999517
21420,-0.04980966939999973
21422,0.03751319659999978
21423,-0.7756984098
21425,-0.2668128628
21426,1.6674765584
21427,-0.2614615611999998
21428,-0.02571805980000015
21429,0.06852461919999975
21432,-0.17728617580000003
21452,0.7644455840000001
21453,-0.24995947419999975
21454,0.7418159535999997
21463,0.08881258820000007
21645,-0.03251676440000002
21652,-0.35439522179999994
21664,1.452744359
21672,-0.23031788999999953
21673,0.6746349939999998
21676,1.7598504984000003
21677,0.14464074899999996
21678,0.3789623736000001
21679,0.2075723886000002
21681,0.37147166919999997
21682,-0.6158036882000001
21683,-0.01782954780000008
21684,0.09084143159999998
21685,0.06441865119999972
21687,1.1225771549999999
21689,-0.08034591319999987
21743,1.3491612128000003
21744,-0.10046884840000006
21745,-0.46506298459999995
21749,-0.5053074860000002
21750,-0.5145360201999999
21752,0.12192552160000007
21753,0.27811593280000013
21754,-0.38781682380000004
21761,0.3020284059999998
21762,0.2605660680000003
21763,-0.3150227792000001
21766,-0.2697313037999997
21767,-0.2053787247999999
21769,-1.2199163776000002
21770,-0.025721421199999907
21778,0.13633834660000002
21780,-0.4893725526
21781,0.9347447208000004
21784,0.31055814859999986
21785,0.3313004362000001
21786,-0.07062378759999995
21787,0.35984773659999975
21788,0.2456403983999998
21789,0.5846063215999999
21802,-0.10304070520000028
21803,-1.0037109347999997
21804,-1.0374002784000003
21807,-1.3562039979999998
21808,-0.3587939328
21809,1.0205081089999999
21810,0.12075490299999991
21812,-0.36158313120000046
21813,-0.28288655640000016
21814,0.7224018681999999
21815,-0.06331350800000024
21816,0.9127193067999999
21817,2.5842920821999997
21818,-0.040377167400000157
21819,-0.4099270029999998
21821,0.46364109500000017
21823,-0.05860546259999992
21824,0.40250928720000034
21825,0.3251568839999998
21826,0.32090136020000004
21827,1.083576433
21828,0.3044462224
21832,0.08097840840000003
21833,0.03736810540000006
21834,0.23243913939999988
21835,0.05181564899999991
21838,-1.6509297540000003
21841,-0.6189589548000001
21843,-0.018517654000000397
21844,0.12927261419999994
21846,-0.04816953699999989
21847,-0.3730342226
21848,-0.6528395970000002
21849,0.5352167722000004
21853,-0.3755696475999999
21854,0.9586988813999999
21855,-0.2826487126
21856,0.4546015735999999
21857,3.3821630756
21858,1.4188739055999997
21859,1.7125391244000001
21869,-0.018961029799999807
21871,-1.2043419247999998
21872,2.3803347192
21873,-0.6723562902000003
21877,-0.10400523000000013
21881,0.4653469740000002
21884,-0.17758171239999992
21885,0.05777022779999985
21886,0.11904590700000009
21887,0.46350793279999963
21888,-0.27586604479999954
21892,0.4440457463999999
21894,-1.1367721784000004
21897,-0.6010480492000003
21898,1.1639011136000001
21899,0.3819759477999999
21906,0.02388013340000013
21907,-0.03921089359999989
21908,-0.09660284839999989
21909,-0.0885086381999999
21912,0.31055946160000014
21915,0.05022848959999968
21916,-0.7161385001999996
21917,0.03798914319999977
21922,0.10478111780000018
21923,0.7601406572
21924,2.1558381038
21925,4.052965378400001
21926,1.6947247159999999
21927,0.5938196764000001
21928,3.0229788486
21929,1.8972976726
21930,2.1403602866000004
21933,0.03802708419999998
21934,0.08270639340000002
21935,0.0679104579999999
21936,-0.015265677199999822
21937,0.6827950020000003
21938,0.07834765319999981
21939,0.23164960739999962
21940,-1.8595986965999998
21941,0.030230829399999954
21942,0.2818852345999998
21943,-0.1577977989999999
21944,0.10146803640000002
21945,-0.42609612740000014
21946,0.8517028133999999
21947,0.2083506445999999
21948,0.02278961499999995
21949,-0.1671931958
21951,0.04717885179999985
21952,0.07669327640000015
21953,2.7036517104
21954,2.8528572260000002
21955,-0.5113202427999999
21956,2.6339926112000005
21957,3.4779989051999998
21958,0.026755507400000232
21959,-0.13187676420000022
21960,0.09391494359999994
21961,1.3694836542000004
21968,-0.04746742859999989
21969,0.4939143085999998
21973,0.5989751642000005
21974,-0.3048390124000001
21975,-0.09374143239999988
21976,-0.15166331720000023
21981,-1.1117303301999997
21982,0.061100511200000415
21983,0.4412356977999998
21985,0.4933287545999999
21987,0.02644990480000011
21990,0.1475270356000003
21991,-0.4967985684000006
22004,-1.1019969876000004
22017,0.2051006068000001
22018,0.1720755231999998
22019,0.18311526279999982
22021,0.33534124139999993
22022,-0.31448771799999997
22024,-0.025844473400000033
22025,0.04820735299999991
22026,-0.1630857132000001
22027,0.8553846592
22029,0.8320204962
22030,-0.03561514600000011
22031,-0.5453253182000004
22032,0.015281010599999867
22034,0.07041442339999973
22035,-0.1462840267999999
22036,-0.02016672899999998
22038,3.4742492224
22040,0.7256822702000003
22041,0.27932269779999996
22042,0.25766700720000024
22044,0.005233246799999936
22045,0.07977097960000012
22051,0.7189503412000005
22057,0.044595538800000174
22059,0.07387088299999967
22061,0.12994482300000013
22062,0.05123289319999972
22063,-1.0287662128
22065,0.4788471042000001
22066,0.0735208052000001
22067,0.2802056593999998
22068,-0.592387913
22070,0.042414005999999914
22083,-0.05990921760000008
22084,-0.5525212852000001
22088,-0.22702266799999968
22092,0.2488317118000003
22094,0.1464581232
22095,0.18588240259999989
22099,-0.18075107119999995
22110,-0.3390002553999999
22113,-0.13520732439999997
22114,-0.001957307599999858
22115,-0.16449575700000002
22116,0.16181595939999976
22117,0.3027812049999996
22121,0.11546197800000008
22123,0.3045872278000001
22129,-0.32100120979999947
22130,-0.20404946620000025
22134,0.16908051480000025
22137,0.005191754000000346
22138,3.424491725
22139,-1.5605299851999999
22141,-0.004738406599999934
22142,0.018190933999999714
22143,0.5982838880000003
22145,-0.6132082820000001
22146,0.07052422759999963
22151,-1.210469154
22152,-0.14277826399999993
22153,0.4319693960000001
22154,0.08001921140000054
22156,0.3640251423999997
22157,-0.052423742200000054
22158,-0.0713032403999998
22160,0.6129115460000001
22163,0.4179026043999997
22164,0.17454210639999984
22165,-0.7371205644000002
22166,0.8668088661999999
22169,-0.6640583801999996
22171,0.2103988094
22173,0.4673696224
22174,-0.16856293319999976
22177,0.3524379000000003
22178,0.06803048540000001
22184,0.33951890339999996
22185,0.022979463200000064
22190,0.3381694500000002
22192,-0.3066172909999999
22193,-0.3948456260000004
22194,0.3435394808000005
22195,0.11953575260000023
22196,0.0789936582000003
22200,0.19838036460000003
22201,-0.28192515520000005
22209,0.2976925055999999
22210,-0.2567792799999996
22213,0.2218917963999994
22214,-0.3568656040000008
22215,-0.19823544059999954
22217,-0.24158671159999998
22218,0.2588052074
22221,-0.2849928311999996
22222,0.028153883799999946
22223,0.21889864099999984
22224,0.26850539699999987
22225,-0.11812871359999999
22226,-0.20185266380000005
22227,1.7657635887999996
22228,-0.22055484599999992
22229,0.39895827939999984
22232,0.04200404039999997
22234,-0.5314203895999998
22235,0.4793504977999997
22236,0.4825215988
22239,0.21617817460000005
22241,-0.11451115300000012
22242,-1.9865000000063304e-5
22245,0.16067387020000012
22247,0.2941649111999999
22248,-0.9527078887999997
22249,0.511437578
22253,0.07777536660000006
22255,0.11278692399999997
22256,0.08814860500000013
22258,-0.26261548960000025
22259,0.17027837480000035
22260,-0.26088490560000005
22264,-0.15070992040000014
22268,1.0674847614
22269,0.07803978779999968
22270,-0.02531215939999995
22271,1.5917879961999999
22272,0.3947766940000001
22273,0.3418883304000001
22275,-0.7541516525999998
22276,-0.1507428076
22278,-0.0907943982000001
22282,-0.3591595574000003
22283,0.29680806459999987
22284,-0.1580684719999997
22286,0.11616228959999989
22287,7.747658253999999
22288,-0.24336304700000003
22289,-0.38649831779999994
22293,0.09281417160000008
22294,0.10820210380000025
22295,-1.0610279031999998
22317,-0.8130624980000002
22318,-0.31775907699999983
22319,0.3167664286000004
22320,0.21492996159999972
22323,0.3120357139999996
22324,-0.02095205519999971
22325,-0.08034808740000017
22326,0.02108564299999998
22327,-0.5596302119999994
22329,0.2902541089999998
22330,-1.1263484075999997
22333,0.046194010399999964
22334,0.22135327420000017
22335,-0.4585747056000006
22337,1.2848898679999998
22339,0.05636302240000006
22341,0.15514779139999973
22342,0.0018146957999998993
22343,0.39275965900000004
22344,-0.25361781039999975
22346,0.027201033399999908
22348,-0.3275359560000001
22349,0.2844252232000001
22350,0.49678490139999987
22351,0.2288026049999999
22352,0.91015001
22353,-0.00349628819999995
22354,-0.6279520096000001
22355,0.07295642420000004
22359,0.8161085976000002
22360,0.1880009392000001
22361,1.0871219380000001
22364,-0.748734826
22365,0.031673791599999924
22367,-0.05371855299999988
22368,0.08705264739999999
22370,-1.0698742492
22371,-3.0532619698000003
22376,-0.5488619858
22377,-1.1120172798000003
22378,-1.0229300906000003
22379,-0.5114343584000001
22380,0.0885848317999997
22384,0.4869263489999994
22385,0.17940221000000012
22388,-0.09789650319999979
22390,0.5837815712
22393,0.377887546
22401,-0.21839838460000024
22408,0.3439690538000001
22409,0.030185019799999848
22410,0.16375127000000003
22411,0.09907467780000001
22412,0.17315343779999992
22413,0.03210937760000006
22414,-0.11056804140000004
22415,-0.13680420719999997
22416,-0.02309190020000022
22417,0.4889629758
22418,0.40134451159999995
22419,-0.02895373499999998
22420,-0.06336698179999994
22421,-0.062344369600000074
22422,0.20376470279999986
22423,0.1856236517999998
22427,-0.17732243199999992
22428,0.22664776579999998
22431,1.5921648701999997
22433,1.3447379694000001
22436,1.2762955931999995
22437,0.5117061594000001
22439,-0.2029393766
22589,-0.04257318480000016
22590,-0.748424164
22591,-0.5770585274
22592,0.07886773800000008
22594,-0.45757325280000016
22596,0.01156109580000031
22598,0.19894577499999994
22601,-0.3634867184000001
22608,-0.41538281799999976
22612,0.19646464979999986
22619,-0.6094319472000003
22626,0.2958052602000002
22627,0.5463702128000005
22628,0.4738091694000005
22629,-1.5615298439999996
22630,0.48328825880000004
22631,-0.2688166259999999
22632,-0.07661764580000001
22634,2.3565632302
22635,0.06805633799999988
22637,-0.6981562658
22640,0.09863757740000006
22642,-0.005851161400000039
22644,-0.1331596358000001
22646,0.36811834559999995
22648,-0.005095357000000078
22652,-0.08112167279999996
22654,-0.17132910220000003
22658,0.038621927800000046
22661,-0.47541829580000033
22666,-0.23847187759999997
22668,0.4515914359999996
22670,-0.18977428199999996
22671,0.09047235399999956
22673,0.38339496519999994
22678,-0.1254046314
22680,0.09273380980000073
22682,0.11638190080000044
22685,0.12004763479999969
22688,-0.18169906460000007
22689,0.13372100499999995
22690,-0.03685487179999988
22691,-0.015706609600000105
22693,0.1577345232000001
22695,1.3802882300000001
22696,0.47999797499999974
22697,-0.02975011700000001
22700,-0.11028186120000003
22701,-0.014464299400000158
22702,0.045453237399999936
22704,0.31669270360000007
22709,-0.3846241454
22715,0.18588874460000007
22720,-0.256327361
22750,0.23551092800000006
22751,-0.24295537199999995
22754,0.14475174299999996
22757,-0.2254978332
22758,0.1292671674000001
22761,-0.7360138799999998
22762,0.16480199339999987
22763,-0.9618628028
22764,-0.19472696
22770,-0.28108195960000015
22771,0.7257983802
22772,-0.014800919999999973
22773,0.18024852499999994
22774,0.20998512379999995
22775,0.14779095200000014
22778,-0.18804185959999986
22779,-0.23299752080000002
22780,-0.8380746877999998
22781,0.10519831540000002
22782,-0.5204318469999997
22784,0.14181253160000015
22785,0.6067351319999998
22786,-0.04526891740000013
22787,-0.1698215747999999
22788,0.02622577219999983
22791,0.7860887915999998
22793,-1.6324883984
23789,-0.20996599480000028
23790,-0.4950369912000001
23792,-6.016439999999845e-4
23794,0.41491947419999986
23795,-0.02149527720000003
23796,-0.05700491979999994
23797,-1.6429969723999995
23801,0.04114601039999995
23802,0.047895950999999916
23805,-0.1743472242000001
23806,-0.4378562828
23807,0.05621248300000056
23808,0.05650556319999984
23821,0.19300888500000007
23825,0.3341353427999998
23827,0.23650283039999995
23828,-0.027254989599999762
23829,0.3438832003999998
23830,-0.1679870295999999
23831,0.09664590180000017
23832,0.14773633060000008
23834,0.1641538188000001
23836,0.011778175399999924
23837,0.5957203542000002
23845,2.0470091009999996
23849,0.1953212377999996
23850,0.16222491240000023
23853,-0.5704098113999997
23854,0.1594705952
23856,0.15830216779999998
23857,-0.12063775280000005
23859,-0.9815183541999998
23863,-0.18916809839999987
23871,-0.8635907104000002
23872,2.5299884722000003
23873,-0.09142759219999996
23874,0.6103257142
23876,6.517762000001371e-4
23877,-0.1294852629999999
23879,-0.04493896120000008
23881,-0.32602080399999983
23882,1.1975406702000002
23885,-0.26373743780000003
23886,-0.07804075939999995
23887,0.17761459040000002
23888,0.26058663380000036
23890,-0.24569603499999998
23892,0.26233186540000003
23893,0.8521011344
23894,-0.3007265170000002
23897,0.11274061400000017
23900,-0.6920685799999997
23908,0.08746949399999979
23912,-0.33709731199999965
23917,-0.024170300599999993
23919,0.06002233099999987
23920,0.008959353599999886
23921,1.2149095181999998
23922,0.04694189540000019
23923,-0.2506823535999995
23924,-0.06941343660000003
23925,-0.8514646696
23928,0.13963768800000018
23934,0.011896405200000277
23936,0.11786356159999997
23937,0.08210647540000002
23938,-0.31011319900000006
23939,-0.021365113200000074
23942,0.023287280999999816
23943,-0.48993076440000005
23945,0.954443214
23947,0.5349570009999998
23948,-0.12180605380000012
23950,-0.2737919800000007
23954,-0.3248112149999999
23955,0.3204222513999996
23956,0.24319585840000002
23957,-0.15016211520000003
23959,-0.3395904132
23963,-0.04449430060000007
23964,-0.022774871200000213
23965,0.414202072
23966,0.07137820520000007
23967,2.1830168935999996
23968,-0.012179377800000063
23969,-0.5632701639999999
23970,-0.6226607794000003
23971,0.0373541297999996
23972,0.9423967822000001
23980,0.6566250977999999
23983,0.6328736145999997
23984,0.14072438360000045
23985,0.05515654239999997
23986,0.05460503260000012
23988,0.40639112359999974
23989,-0.1092065363999998
23991,-0.24943189219999976
23992,-0.3705993777999998
23993,0.023008367000000272
23994,-0.024969059999999738
23996,0.4921093545999998
23997,-0.08958925840000004
23999,-0.4597952257999992
24000,0.3424923818000002
24001,-1.0326265876000003
24004,-0.49722912760000015
24010,0.4374083745999995
24012,0.2211226043999998
24013,0.003206274200000081
24014,-0.4990156348000003
24015,1.0480573006000002
24017,-0.2881114198000006
24018,-0.6584005886
24030,0.21871192400000009
24044,-0.38040985280000006
24045,-0.28233432540000025
24046,0.04186889860000013
24051,0.5412751258
24052,0.274927287
24053,-0.015705102999999804
24055,-0.42081453799999996
24056,-0.21188104760000037
24057,-0.6745847170000003
24058,-0.49040909080000006
24059,0.6842750370000001
24060,-0.2718544888000001
24061,0.30297279019999956
24063,0.5736912754000001
24064,0.10783999580000041
24066,0.14071560160000002
24068,0.4881833750000002
24069,-0.5847747846000004
24070,-0.09411496580000023
24071,0.24399757900000005
24074,0.5134899965999999
24075,0.03037597800000073
24084,-0.02305293920000002
24086,0.014820951599999965
24087,-0.09564794999999995
24088,2.928535719
24099,0.19370220759999984
24100,-0.35359218839999984
24102,-0.07274604619999964
24105,-0.33120001020000023
24108,0.6203752065999999
24109,-0.24850676119999943
24110,-0.49897353859999993
24111,-0.19549522940000003
24113,-0.054907636199999756
24115,0.5283042563999999
24116,-0.17429412080000006
24117,0.051303665200000195
24127,-0.21137258000000028
24128,-0.33848856620000045
24132,-0.3365466469999999
24136,-0.4804647008
26356,-0.5498540665999997
26357,-0.18981226359999986
26359,-0.07905079500000006
26360,0.7383105927999998
26361,0.005905428800000068
26362,1.6270714725999997
26363,-0.16105180919999995
26369,-0.0010582251999999015
26370,-0.7644162982000001
26371,-0.2620109836000001
26372,-0.2179196636000004
26373,-0.09566845040000019
26377,-0.8704038753999997
26378,-0.23485557359999998
26379,-0.11941501159999994
26380,-0.021071571000000233
26381,-0.05511043420000002
26382,-0.2446217264
26383,0.14419064340000032
26384,-0.5930515996000001
26385,-0.30219195460000037
26386,0.081054589
26390,0.11164985260000027
26394,-0.01523074280000003
26395,-0.21143220820000014
26396,-0.3930138960000004
26397,-0.5001184619999997
26398,0.372407042
26399,-0.48691759160000003
26400,0.0924885199999995
26401,-0.46427215399999977
26403,-0.24683418459999995
26404,-0.09879598999999999
26405,-0.3903554050000002
26406,-0.30317416359999994
26407,-0.5821354669999999
26408,0.1909698042
26409,-0.0928501302000001
26410,1.2927066033999999
26411,-0.10735953340000037
26412,-0.8580054545999998
26413,-0.4304569153999996
26414,0.15019637060000007
26415,1.0357093497999998
26416,-0.9322561450000002
26417,-0.25301916580000033
26419,0.1043058086
26420,-0.2691167396000001
26422,0.29984746299999987
26423,-0.046082093199999896
26424,0.03195450359999992
26425,0.12863264579999992
26426,-0.05709130920000012
26427,0.4178070325999997
26428,-0.5214711543999998
26429,-0.8880951454000001
26430,-0.012581907800000125
26431,-0.39746588360000035
26432,0.9871825181999998
26433,0.09072962039999993
26440,0.18116024320000004
26441,0.2653856133999998
26442,0.20090892140000033
26443,0.6220461324000002
26444,0.3341521462000003
26445,0.2865449043999998
26446,0.4451546711999999
26447,-0.3956101287999997
26450,-0.4374763078
26451,0.11985844199999995
26456,-0.3222369864
26457,0.2695992050000001
26458,-2.5077586592000003
26459,-1.7344466529999996
26462,-0.794353357
26465,-0.3445576482
26466,-0.39088955760000044
26549,0.4897558721999998
26554,-0.015361014600000207
26556,0.4151053974000002
26557,0.09068552520000013
26558,-0.9196390568
26559,0.08851034320000009
26561,0.6795242725999999
26562,0.10285802399999999
26563,-0.11618789459999981
26564,-0.04438883539999986
26565,-0.38649088839999984
26568,-0.26935855700000016
26569,0.7932370340000002
26570,2.2605563562
26572,0.20851607819999957
26611,-0.0645008996000005
26754,0.18972144239999977
26757,0.016244280599999952
26874,-0.20108233900000005
26875,0.07414532900000034
26876,-0.5840919998
26877,0.12189140439999982
26878,-0.00983094540000014
26879,0.8358357522
26886,-0.10266078180000004
26887,0.5566949367999999
26889,-0.2868562018000002
26891,0.14115357900000003
26893,0.39482359800000033
26894,0.26106975639999985
26895,0.016121864800000205
26896,-0.2596600032000004
26903,0.12458111560000024
26904,-0.24016955099999998
26908,-0.12293194659999998
26909,0.08910883440000017
26910,-0.1725380018000001
26912,-0.008794817399999749
26913,0.006720550800000069
26918,-0.21729494440000002
26919,0.1495708832
26922,0.28859247820000017
26926,-3.825327999997796e-4
26927,-0.14330763359999993
26932,-0.20686316920000014
26934,-0.3391042874000002
26936,-0.29042892160000006
26938,0.06716594920000013
26939,0.4037155777999999
26940,-0.06544744659999961
26942,-0.11502716440000009
26943,0.012821787999999756
26944,0.32368142860000015
26945,-0.07732779279999988
26946,0.09838078160000005
26949,0.12607855060000034
26950,0.07398391979999965
26951,-0.2553291574000001
26961,0.06361836400000061
26965,-0.0967242631999996
26968,1.9413058308
26970,0.1283253563999997
26971,0.23934109739999979
26972,-0.13509780039999963
26987,0.10863161060000019
26992,-0.11828395759999995
27008,-0.14509765320000007
27015,-0.22329726500000008
27027,-0.1911629917999992
27028,-0.020967717800000188
27029,-0.5226865783999999
27041,0.5443174122000002
27045,-0.08228236539999985
27047,0.37180113859999997
27049,0.9170618626
27050,0.14008419599999936
27052,0.11102611299999979
27053,0.5942905888000001
27054,0.6102853336000003
27055,3.3347930016
27056,-0.04087428379999986
27057,0.00636352799999997
27058,0.08158382880000022
27059,0.12189933839999972
27060,-0.43361145039999993
27061,-1.2390312455999997
27062,0.03261071260000011
27078,0.179562943
27081,-0.006647928800000003
27096,0.023725678999999812
27103,-0.28889551960000015
27140,-0.046411553999999994
27176,0.13455552800000029
27204,0.06205620839999995
27205,0.7100874110000003
27206,0.02924305799999967
27207,0.15909562799999966
27214,-0.10348422139999996
27215,-0.0513644983999999
27217,-0.026691506599999932
27218,-1.8458700433999997
27219,-0.19366734799999996
27220,0.015538406200000132
27222,-0.1632402417999998
27223,-0.2918267632000001
27225,0.15708047039999967
27226,-0.19628862039999997
27260,0.23070228000000004
27261,-0.4031052462
27273,3.2015002066000005
27274,-0.06590316519999995
27275,0.6134371556
27276,1.5889695356000002
27277,-0.0985780792
27278,-0.37909372539999986
27279,0.5058911834000004
27280,-0.03065988399999994
27354,0.3021998358000001
27355,0.44336834760000005
27356,-0.16185601519999987
27359,-2.7070516936
27360,-1.1262574171999997
27361,0.13908368759999984
27362,0.8120919086
27364,-0.002214363800000096
27367,0.19110712199999969
27368,0.10429346619999984
27369,-0.46742101079999976
27370,0.06432148200000005
27371,-0.35460448339999984
27373,-0.5117812493999999
27374,0.3731030418
27376,-0.36757789799999985
27377,0.08931400860000009
27385,0.012318020799999737
27386,0.32977822519999994
27387,-0.7392506988000003
27388,0.11102725159999949
27390,-0.19888789659999997
27392,-0.46082790639999993
27393,0.29185637579999957
27395,0.3497816217999995
27397,0.7823061626000005
27398,0.03962178540000034
27399,-0.3715142253999996
27400,-0.7731932754000003
27401,0.03695331839999979
27402,0.2996525158000001
27403,-0.8873203831999998
27404,0.14295949939999986
27406,-0.07580225960000014
27407,0.12351457180000017
27409,-0.6417745314000001
27410,-0.3689040306000001
27411,0.014211900999999982
27413,-0.3409254102000002
27414,-0.09703158939999987
27416,-0.055331111800000166
27418,-0.1427035258
27419,-0.29135101620000003
27421,-0.32940860759999985
27426,-0.08245988759999978
27428,0.32871525100000004
27494,0.03316525479999991
27528,2.4801655933999998
27632,0.04999667700000003
27660,0.07647060799999977
27681,0.15505769260000016
27756,0.11761385420000003
27762,0.16397159999999983
27784,-0.5638475242000001
27801,0.08464298039999996
27878,-0.01838647480000013
27883,-0.40032215819999967
27965,0.09461460060000029
27966,0.40237293219999976
27967,-0.20751480440000006
27973,0.12629682239999973
27979,0.8613472739999997
27984,0.3813524600000001
27993,0.5240128580000001
27998,-0.11252524460000007
27999,-0.5723126153999999
28000,0.5066146663999997
28010,-0.19869381899999966
28015,0.3134951916000005
28018,-0.07418789519999969
28019,-0.26174549340000014
28028,0.4867537062
28030,0.37085420219999976
28035,0.2990448275999995
28036,0.19552081679999983
28040,-0.17147158839999982
28064,-0.4459438027999999
28075,0.2551130935999998
28077,0.13861312819999974
28084,-0.6470134286000008
28088,0.3503197799999997
28105,-0.09099984739999982
28113,0.30256407580000017
28114,0.4433261940000005
28126,1.1878832682000005
28135,-0.004820810999999925
28146,-0.06502837199999975
28169,0.028658793399999993
28185,0.5271692478000001
28193,0.5291814184000001
28199,-0.5113493066000003
28200,0.0476561995999999
28240,0.24516894500000003
28253,-0.49593207740000017
29805,-0.1656468882
29806,-0.5409206348000002
29807,0.10113752540000007
29808,-0.2103814691999998
29809,-1.4204686161999998
29810,0.7822189995999999
29811,0.9346742368000001
29812,-0.28193312060000003
29813,-0.13187189440000022
29815,-0.07777839759999965
29816,-0.19769070560000018
29817,2.7730048842
29818,0.6516795197999998
29819,-0.2587104476000003
29820,0.1492162392000001
29856,-1.0965626708
29857,0.8313330404
29858,0.09324223739999958
29859,0.14947660619999986
29861,-0.014245796399999823
29862,0.034633605799999856
29863,-0.5209631948000002
29864,-0.33997992000000005
29865,-0.192646871
29866,-0.09779692280000025
29869,-0.40966996899999997
29870,0.029267284600000217
29871,0.19035881240000024
29873,0.04301496679999987
29875,0.3396697869999997
29876,-0.7875816020000006
30044,0.0880379733999998
30045,-0.05034293880000007
30046,-0.4284705943999999
30050,-1.0027991154
30051,0.2461868253999997
30052,0.14248000359999988
30054,0.2221362609999998
30055,0.2581387432000003
30056,0.5672196918000001
30057,0.19346579520000037
30059,0.6434303618000001
30785,0.1776509796
30791,0.6002220632
30794,0.20394546440000014
30795,0.028874209999999133
30800,0.11636539119999992
30805,-0.33031518339999993
30806,0.09941454800000002
30838,-0.06370147220000016
30839,-0.4236668579999998
30840,-0.44003149379999995
30841,0.060330974200000366
30843,-0.6243704669999998
30853,-0.3983188099999996
30877,1.4840266837999998
30878,0.19907658639999998
30923,0.04330448459999978
30924,-1.0439893858000002
30925,-0.7945974352
30926,0.2358652066000001
30927,-0.16818135219999988
30928,-0.31140731419999945
30930,0.3282102003999999
30931,-0.23266014939999988
30932,0.39484002020000003
30933,-0.06305516939999992
30934,0.25221213819999966
30935,-0.27548184239999995
30936,0.09155048779999983
30937,0.5822576878000003
30938,-0.2109669346000002
30939,-0.18234848800000059
30940,-0.5455625129999998
30941,-0.24069793120000021
30942,0.1908364498000003
30944,0.21846362059999985
30945,0.5819188508000002
30946,0.17564141920000012
30947,-0.09971234959999986
30948,-1.8849522085999997
30949,-0.3067131456
30951,-0.08777055399999992
30952,0.04058616259999992
30953,1.3160981464000001
30954,0.07563378440000006
30955,0.006839689599999771
30956,-0.7909924356
30957,-0.27743368979999994
30959,-0.5291921822000001
30960,0.7115255384000001
30962,0.0813266994
50490,-0.008778834800000109
50492,0.023260479600000043
50493,1.5526267375999998
50496,0.2518711023999998
50497,0.10126791719999986
50498,0.7670063818000001
50500,-1.2080480128000004
50501,1.9461968214
50505,-0.3129252626
50518,-0.13751079739999988
50523,-0.237459007
50524,-0.012032783799999966
50528,0.31246966660000003
50529,0.2821090714000002
50530,0.8494617036
50701,0.4537669474000001
50702,-0.6368914134
50706,1.5254432140000003
50721,0.04638616720000002
50722,-0.04840777119999978
50723,-0.0712080349999999
50724,-0.7509643860000003
50753,-0.3691578056000001
50754,0.027847760399999887
50758,-0.4653285316000003
50759,0.22978977339999979
50760,-0.13693596439999975
50762,0.039470550599999744
50764,-0.04068780280000005
50765,-0.37915982800000003
50766,0.15394115059999983
50767,-0.048401151400000036
50768,1.243727116
50769,0.13121222159999985
50770,2.0295024454
50771,0.10434170940000005
50772,-1.3216388844
50773,-0.5314714158000008
50776,-0.8011608738000001
50778,0.6240885282
50779,-0.3402192089999999
50780,-0.2496058239999998
50781,0.5863825853999998
50782,-0.10328439439999997
50783,0.07069003380000005
50785,-0.5469529131999998
50786,0.31994131840000006
50787,0.13881397699999987
50788,-0.4357437260000001
50789,-0.3508350534000003
50790,0.6727363236000002
50791,-0.3254317142000002
50793,-0.03490373140000018
50794,-0.33031819419999986
50795,1.3830699191999996
50796,0.0553545088
50797,0.21744204240000026
50798,-0.5509354964
50799,-0.15533240520000008
50817,-0.1996415228
50849,-0.19923801399999946
50850,-0.3399289848000002
50868,-0.3250377962000002
50874,1.0156142508000003
50875,-0.4498265370000002
50876,0.011817366200000005
50877,0.2839565352000001
50878,0.17360373839999993
50880,-0.022603557199999708
50883,-0.8075962914
50884,-0.9811449823999997
50887,0.5587542124000002
50905,-0.07416566420000008
50907,0.7230109272000002
50911,0.27936098000000004
50912,0.04847955099999979
50913,-0.054788780400000014
50914,0.5425918162000001
50915,0.8665808185999999
50916,0.026685976199999944
50917,0.028320755799999892
50918,0.5357051409999993
50926,0.281655842
50927,0.14701997640000006
50928,-1.0512084086000002
50930,-0.31170584320000005
50931,-0.47973948480000034
50932,-0.4923685586000001
50933,0.8407131473999998
50934,0.31798065919999985
50935,0.18267259540000022
50995,0.12854115420000023
50996,-0.4142120003999997
50997,-0.1791929250000001
51786,-0.2904870439999999
51789,-0.3445731199999999
51791,-0.6624733618000004
51792,0.3844674360000003
51793,0.14157646380000005
51795,0.2132289805999999
51796,0.034602174799999455
51798,0.5489603746
51799,0.004159216799999943
51800,0.2231929726000001
51801,-0.9078659998
51810,0.43236117739999996
51811,-0.09109924500000004
51812,-0.03646668379999978
51813,-0.004317803799999891
51869,-0.08801511320000013
51875,0.47631145679999987
51885,-0.2767293173999999
51886,0.6644703641999996
51897,-0.35602953719999986
51902,0.6011208272000002
51938,0.22695460999999986
51944,-0.0048443821999999415
51960,-0.010912907800000054
52004,-0.26767053579999994
52013,0.18080912499999968
52014,0.40893917500000027
52020,0.1925075026
52023,-0.11965517260000007
52024,0.3961178631999999
52028,0.5293358176
52033,0.6825276824000002
52036,-0.2637403054000007
52040,0.1486329013999999
52055,0.043745596199999674
52064,0.2102326918000001
52065,-0.3259030832000006
52076,0.3067128268000001
52120,-0.5723711390000006
52123,0.5184709612
52132,-0.27612464300000017
52150,0.7102751279999998
52163,-0.4386152797999999
52174,-0.11479465539999989
52184,-0.08775231439999992
52187,0.8133197602000001
52202,0.3394904003999999
52206,0.013198067000000258
52231,-0.11060070119999992
52245,0.023940022400000077
52250,0.6250679494
52276,0.2680168097999999
52323,0.3944618684000002
52331,0.5751237044000003
52335,0.11689601820000013
52348,-0.4796008732000006
52357,0.629205987
52377,0.3097332436000002
52428,0.4579538792
52430,0.22296124960000013
52432,0.1626301350000002
52440,-0.1312492200000001
52443,0.0025519023999997477
52463,0.2224755388
52466,-0.03734667920000004
52468,-0.4357709677999999
52469,-0.5459592515999994
52477,-0.4480566613999997
52502,-0.34883883999999943
52504,-0.20918918639999987
52513,0.2972550997999999
52521,0.1332546342000004
52530,0.9581661478000003
52535,-0.3025841992
52538,0.34983502599999977
52551,0.13103802439999973
52552,-0.46449298840000014
52563,-0.18566623159999981
52575,0.14893608539999992
52585,-0.34143003899999974
52588,-1.3179874381999999
52589,0.012989556400000176
52592,0.00915939579999987
52609,-1.0426301846
52615,-0.07875392079999981
52626,-0.22519544380000017
52633,-0.37750680679999993
52635,-0.4907657039999999
52637,0.38455923999999975
52639,-0.5526240179999998
52653,0.6190155209999995
52662,-0.47984621280000006
52665,0.6541681046000001
52666,-0.006900964000000089
52668,-0.12676701320000028
52670,-0.011401857999999977
52679,0.09771267619999995
52683,-0.05506719119999987
52685,-0.14186285860000006
52686,0.4344418871999999
52690,-0.3022114393999999
52696,-0.9139276395999991
52700,0.18031492099999977
52705,0.5464931926000002
52708,0.08922361819999997
52710,0.09584660019999999
52712,0.12746684739999986
52713,0.3829561501999999
52715,0.3257920624
52717,-0.29369119079999956
52793,-0.02040047439999997
52808,0.09121493979999987
52815,0.06652305800000029
52822,0.16759517259999973
52829,0.5635434568000001
52830,-0.1635370333999994
52837,-0.5286141881999995
52838,-0.1169902291999998
52840,0.5423226180000003
52846,0.3825936426
52850,0.06216432319999984
52855,-0.9995802200000001
52856,-0.2033763058
52857,-0.16132001679999985
52858,-0.45502227300000053
52864,-0.04828646880000013
52882,0.07457458320000028
52892,0.02617354340000018
52897,-0.037430342000000026
52906,0.28115868220000007
52915,-0.2216606782
53310,0.088603939
53311,0.017175492400000013
53312,-0.2058441121999998
53313,-1.6979117343999994
53314,0.9924239778000002
53317,0.11186871400000002
53319,-0.1915227652000006
53321,-0.03573773880000016
53322,0.5846459325999998
53323,0.039551195599999645
53324,-0.2764499404000002
53325,-0.29039131739999996
53328,-0.27207718540000025
53330,0.3410256368000001
53331,-0.27289076739999985
53332,-0.6654531553999996
53333,0.3257008294
53334,-0.2567632422000001
53356,0.4478617344000003
53357,0.26687601840000036
53374,-0.15203748799999986
53375,-0.01437150139999981
53376,0.4979769400000002
53378,-0.13240177999999964
53379,0.3937225719999994
53380,0.061343973000000135
53381,0.011514569799999964
53382,0.4040403086000001
53404,-0.20060341980000002
53412,1.9666674681999998
53413,-0.12981998939999975
53414,0.8254934607999997
53415,-0.9700157684
53416,0.21582113199999994
53417,-0.15067885140000037
53418,0.028422177800000087
53419,0.2895020838000001
53420,-0.020630357599999982
53421,0.3557779308000004
53422,0.13296907159999996
53424,0.11275814979999993
53598,-0.042353543399999784
53599,-0.2408013019999995
53601,-0.28600640219999995
53602,-0.32939897200000023
53603,0.343979803
53604,-0.07878154200000012
53605,0.03353555099999959
53607,0.4267716814
53608,0.6595182382000001
53609,-0.42917405819999993
53610,-0.06916996200000014
53611,0.15545827220000027
53612,0.32986781519999936
53614,0.9416311809999998
53617,0.0358524706
53618,-0.3372594062000001
53619,0.5562235900000001
53620,-0.029157546199999905
53621,-0.5151089810000002
53623,0.1675846044
53624,0.21411276520000017
53625,0.0013487336000000572
53626,0.2803862669999999
53627,0.006076301799999916
53761,-0.13203783940000005
53791,0.26852401459999997
53814,0.06625378200000005
53817,0.10230346359999984
53856,0.2762615498000004
53857,-0.9408928832000001
53858,-0.07445417379999988
53861,-0.1763367984000002
53867,0.3914164783999999
53868,0.04730190140000001
53869,-0.6609389104000002
53870,0.014277752000000006
53871,-0.6343679602
53872,0.43575493960000033
53877,-0.0711886938000001
53881,-0.030299260999999876
53883,0.1154475947999998
53885,0.2410588435999999
53886,0.5768309162000002
53890,-0.01711896499999969
53892,-0.3224148478
53893,0.15591393060000008
53895,0.14586555019999978
53896,0.25221297200000004
53897,-0.00360176879999992
53902,-0.7922196306
53945,-0.6377509440000002
53951,-0.0363110554000002
53970,-0.03845360140000002
53972,0.06767211799999995
53975,0.05651639279999987
53978,-0.10196078479999995
54003,-0.07473815999999973
54006,-0.45917436619999974
54120,-0.20296539119999985
54122,-0.07556398139999983
54123,-0.9032374185999998
54124,0.46723522080000024
54125,-0.4368649977999999
54126,-0.008301111000000123
54128,-0.012146541199999743
54130,-0.0918670429999997
54131,-0.10502158239999988
54132,-1.4468871735999993
54135,0.2922388026
54137,-0.14207465299999972
54138,0.8868004921999997
54139,-0.3792085378000002
54140,0.10444901219999991
54141,0.19250692639999994
54150,-1.6901384248000002
54152,0.0769387696000001
54153,-0.07489480140000015
54156,1.149422247
54160,-0.32211551400000005
54161,0.4220587712
54167,-0.41534065259999975
54169,-0.21687003340000008
54170,0.08672784819999994
54188,-0.1561382893999999
54189,0.36340633739999983
54194,-0.12820973160000015
54196,-0.9144134651999993
54197,-0.5949407757999996
54198,-0.16332326600000008
54199,1.9662910828000002
54200,0.262826016
54208,-0.5522648150000006
54214,0.3840485286
54215,-0.5387332349999999
54216,0.10022151119999981
54218,-0.32817765340000005
54219,-0.03133154059999972
54324,0.7831832430000001
54325,0.12701048179999966
54326,-1.0794762941999998
54338,0.47302006179999995
54342,-0.023089716600000365
54343,-0.7536906732000002
54351,0.5725616555999998
54352,0.4904368902
54353,-0.6676754558000002
54354,-0.6133367494000002
54364,0.3543489323999999
54366,-0.03216024260000019
54367,0.5455312868
54368,-2.4467754718
54369,0.054690131799999965
54371,0.15712905379999995
54373,0.260262206
54375,-0.42407251200000007
54376,-0.08162565560000008
54377,-7.933745999997299e-4
54378,-0.05520513479999991
54380,-0.20542698260000009
54381,0.38329739320000034
54383,0.08173267600000005
54384,0.08620212679999995
54387,-0.30024634120000027
54390,-0.7352498466000001
54391,-0.5029411759999999
54392,0.09972006280000018
54393,0.09486968420000023
54394,-0.9386009962000003
54397,-0.03096981460000059
54399,-0.1241512074000001
54401,0.24069825000000086
54402,0.13553456459999982
54403,0.5282244366000001
54405,-0.014924295999999861
54409,-0.6470134286000008
54411,-0.13461835099999994
54418,0.22323994080000018
54419,0.085361402
54420,0.06528259279999997
54422,0.23142122799999995
54426,-0.5496818488
54427,0.023959267200000228
54445,-0.23177984719999958
54446,-0.1597295344000001
54447,0.3598596407999999
54451,-0.23094869220000014
54473,-1.1148141051999998
54483,1.3721179981999998
54484,-0.020987035999999643
54485,-0.27126851399999996
54486,0.17718324679999986
54519,-0.45857308220000004
54524,-0.19843293019999994
54525,-0.03403139339999975
54526,0.2289822816
54561,0.08434919019999983
54563,-0.7614439646000001
54598,-0.5051794608
54601,-0.4937361622000001
54607,-0.11993711039999984
54608,-0.8388621302000008
54609,-0.4621330084000004
54610,0.1752509906000002
54611,-0.03261320999999987
54612,-0.11481312739999988
54613,0.479718598
54614,-0.0037733498000001417
54615,-0.04017135820000009
54616,-0.24809616260000034
54624,-0.1674852263999998
54630,0.001547384000000207
54631,0.10851640679999992
54632,0.19153880379999996
54633,-0.10930861120000068
54634,-0.03968252340000014
54635,0.4907803338000004
54636,-0.5410408915999996
54637,-0.07308506820000016
54638,-0.22503596259999997
54644,-0.5247655442000003
54645,0.23461530500000016
54646,-0.01123837020000007
54648,0.22759732240000025
54650,-0.34828156440000024
54651,-0.05101907540000017
54652,0.1316388904
54667,-0.14566417720000008
54670,0.42509362
54673,-0.0651476639999995
54683,0.2378901509999999
54698,-0.388617743
54709,0.25132333980000005
54710,-0.3470318012
54711,-0.008284965799999874
54712,0.2662761162000001
54713,0.1687279290000001
54720,0.9701984459999998
54721,-0.43434136779999977
54723,-0.06832251939999985
54725,1.1132446553999997
55925,0.0933352932
55927,-0.8723661616000002
55932,1.1771697086000001
55934,-0.5536446831999993
55935,-0.29991249159999994
55936,-0.46764908120000026
55938,-0.48474033599999977
55942,0.6072804645999996
55943,-0.05774538119999997
55944,0.45594015000000077
55946,-0.39286523620000047
55947,0.10572691620000024
55948,-0.2860070748000002
55949,0.063229986
55950,0.27594985879999967
55951,0.1673519945999999
55960,0.021017473600000242
55961,0.05023369719999993
55963,0.14336068059999985
55979,-0.175561813
55980,0.2380722563999996
55981,-0.07298888379999971
55982,-0.18060925420000004
55983,1.6052571891999998
55984,0.46141026699999993
55985,4.5104188474
55987,0.44426370499999984
55988,0.08597605679999987
55989,1.3365373014000002
55990,0.7777938117999998
55991,-0.9876096427999999
55992,0.2477464189999999
55993,-0.24374979319999995
55994,0.1505307049999997
56012,1.8706968342000003
56013,0.15532854939999993
56016,0.3156665852000001
56017,-0.1452418849999999
56018,-1.1052651420000004
56030,0.35879678880000015
56031,0.0717248771999998
56032,-0.49230808299999984
56036,-0.0026988914000004136
56040,0.08120468400000043
56041,0.14412574340000006
56043,0.5407723482000002
56044,0.16903008399999994
56045,0.21793471120000021
56046,-0.036374600200000086
56047,2.7457701412
56048,0.12605991039999992
56050,-0.5991540454000001
56055,-0.03550721119999986
56057,-0.06869953639999998
56068,-0.22363270239999977
56069,-0.061800084800000134
56070,0.8069146845999995
56072,0.0993807716000001
56075,0.36008086299999975
56077,0.10530766579999984
56078,0.2607524470000001
56079,0.08523138879999996
56085,-0.0030807622000000867
56086,0.4931426865999999
56088,0.21388232779999988
56089,0.7671035118000002
56095,0.7793084520000001
56096,0.15771416079999998
56150,-0.17822811239999986
56173,-0.16936979899999988
56174,0.06922419460000029
56175,-0.09644936620000007
56176,-0.09942361699999994
56177,0.5909341013999999
56183,0.11209681799999988
56184,0.012408499200000037
56185,0.1614848492
56187,-0.207249075
56188,1.3683343184
56189,-0.439844014
56190,-0.9515131514
56191,-0.0016365143999999819
56193,-0.43074607599999987
56194,-0.4344159853999999
56195,-0.09461597560000001
56196,-0.41123979800000027
56198,0.009960492999999982
56199,-0.02762575100000025
56200,0.7015345478000002
56205,0.33057455939999975
56207,0.14879828219999972
56208,-0.598469966
56209,0.5295943461999999
56210,-0.25560682339999996
56212,-0.2118966687999997
56213,2.5191643889999997
56214,0.030192394999999747
56215,-0.3568580238
56216,0.1029644266000002
56218,-0.4365993654000002
56219,-0.013792364399999903
56220,-0.53044092
56221,1.8921693236
56222,-1.3017974028
56223,0.06751282920000001
56224,0.11934668800000012
56226,-0.06354652259999989
56228,0.017758983199999873
56229,0.006341172000000126
56233,-0.3311481512000002
56248,-0.0549880743999999
56249,-0.29267878900000016
56258,0.7598731301999999
56264,0.6567879758000001
56273,-0.053302598399999825
56274,-0.68096635719999965
56275,-0.5128136706000002
56277,0.5347240688000001
56278,1.065520969
56280,0.09640646679999991
56282,0.7607036403999998
56284,0.23421184460000005
56289,0.3829053372000001
56292,-0.19249477779999996
56293,0.08757032599999981
56294,0.1784472877999999
56296,-0.0966678613999999
56297,0.7669375994000001
56298,0.3663431384000001
56299,-0.15895106539999976
56305,0.23353366999999955
56307,0.6305777131999999
56309,-1.1422803924000002
56310,-0.44029966499999984
56312,2.0466428444
56314,-0.09367706799999986
56315,-0.03393204080000006
56316,0.11094103860000022
56317,-0.0688413859999999
56320,0.5294258280000003
56321,0.38434143679999994
56322,0.09363905600000015
56323,0.05665611340000024
56324,0.19229042440000016
56325,-0.14066647959999995
56327,0.22614715759999998
56332,0.4507183992
56334,0.46579805999999985
56335,0.06009913620000022
56336,0.38113404280000013
56338,-0.20095113040000037
56348,0.46957553999999996
56349,0.3038744300000001
56350,0.0720081773999995
56351,0.6288268196000004
56354,-0.2589492306
56356,-0.19089031339999987
56357,0.2551327285999999
56358,0.9907735089999997
56361,0.3882157984000001
56362,-0.2590101616
56363,0.42026550160000015
56364,0.0351142858000001
56365,0.21004713900000027
56367,-0.04305009680000005
56368,-0.061652950200000056
56369,0.17810629000000003
56370,-0.18865397100000006
56371,-0.7564912819999998
56372,-0.6485222616000005
56373,-0.15414720279999994
56375,0.23868932659999995
56376,0.40936788200000007
56378,-0.7385219344000002
56379,-0.08384947139999996
56380,-0.7067549870000003
56381,-0.18007113919999984
56382,-0.07746562940000035
56384,-0.024692512200000055
56386,0.029798154000000222
56389,-0.04971659080000064
56392,-0.18608691440000008
56395,-0.13724015919999993
56397,1.2033114446
56398,-0.8711114324000004
56399,-0.4049647863999999
56403,0.5193943303999999
56404,0.010794059999999906
56405,-0.9946206917999998
56406,-0.16643213100000004
56407,-0.15876575620000039
56409,-1.5177340001999997
56410,0.2985697632
56412,0.005668389199999879
56417,0.17005413179999956
56418,0.01740116219999982
56420,0.2148122535999999
56421,0.5423779463999997
56422,0.20154993459999987
56424,0.009254099600000005
56426,-0.2823788600000004
56427,0.16492553560000012
56428,0.13141189739999998
56429,2.5158745824000004
56430,0.1449772915999999
56431,0.3082642952
56433,0.286705916
56434,1.2148589501999996
56436,0.20539027299999937
56437,0.7189832802
56438,8.580136000002625e-4
56440,0.13529950159999996
56442,-0.5397199060000005
56443,-1.2274089201999996
56444,-0.09026171560000014
56445,0.5899630348000006
56447,-0.3339184526
56449,0.028435896000000592
56451,0.1533342953999998
56452,0.08289294940000007
56453,-0.1856974685999996
56454,0.15292136160000017
56455,0.08928204800000081
56456,0.2785915391999998
56457,-0.05972308680000005
56458,-0.4651029576000002
56459,-0.18032949580000007
56460,-0.25126248360000025
56461,-0.07388466660000007
56462,0.2479795260000001
56463,-0.03346234100000026
56464,-0.6013877128
56468,0.4515383992000002
56469,-0.031152845599999937
56470,-0.05158626859999983
56471,0.14180455159999977
56473,-0.2133719979999999
56480,0.2619737193999995
56484,-0.42885576100000017
56485,0.0831451252000001
56486,-0.13101035799999927
56488,0.13102119539999996
56489,0.3105484415999998
56490,0.32084249760000033
56491,-0.05486271020000011
56492,0.8145869554
56494,-0.0538721486
56496,-0.1255341606
56501,-0.09332617000000028
56503,0.6416236436000002
56504,-1.1078247479999999
56505,0.4202001285999998
56506,0.990696446
56508,-0.5842058026000002
56513,-0.39605847099999975
56515,-0.44853066340000025
56516,0.1368480135999997
56520,-0.20092374820000014
56522,0.20463389359999978
56523,-0.03632784339999978
56525,0.035591588199999774
56527,-0.0710681268
56529,0.058688799600000154
56530,0.24644057620000037
56531,-0.24693991620000005
56532,-0.24490665299999975
56533,0.1963417334000001
56534,0.1480448422000002
56535,-0.1678552362
56538,0.12187987260000029
56541,-0.1944808865999999
56543,0.2523861865999999
56550,0.03766770600000058
56551,-0.03001795180000002
56612,-0.46167731399999956
56613,0.06905590379999996
56615,0.7647234448000002
56619,3.6273513362
56620,2.5912591606000004
56622,0.09403790999999995
56626,-0.17893181920000018
56629,-0.1473259638000001
56631,-0.7199297209999997
56632,-0.25077328160000023
56636,0.015061716200000151
56637,-0.8463236286000001
56640,0.1202832686000001
56642,0.2095419094
56643,0.011709286399999996
56644,0.8063596498000003
56690,-0.010827463599999731
56691,0.10472312059999991
56693,0.25938046179999985
56695,-0.3795343730000004
56696,-0.3216207989999999
56697,-0.10422634120000004
56698,-0.1060135157999998
56699,0.010289560199999848
56703,0.14128867899999978
56705,-0.12050138600000011
56706,0.5142567014000001
56707,0.19708564219999988
56708,-1.0980141646
56709,-0.3279115343999999
56710,0.1354584870000001
56711,0.07777847799999993
56715,0.8162093647999998
56716,-0.010875556199999891
56717,-0.017133199400000274
56720,-0.9252558183999999
56722,-0.5554238760000001
56724,-0.3974225220000001
56726,0.24447199800000063
56727,-0.10281655959999991
56734,-0.05170206380000002
56735,0.11297292860000034
56736,-0.6357822894000001
56737,0.04344702680000017
56739,-0.03030121620000035
56741,0.11411942659999992
56742,0.17819138579999994
56743,-0.7210688718
56744,-1.0048464579999998
56745,0.16524522680000012
56746,-0.1725532241999999
56747,-0.017049864000000012
56748,0.25673081500000006
56749,-0.3395717296000001
56752,-0.4195072863999997
56753,0.3108295408
56758,-0.9790914319999999
56760,-2.1099301240000004
56771,-0.035934307200000154
56772,-0.49774020259999985
56773,0.001475830400000433
56774,0.41310908140000036
56784,0.24045013720000022
56786,-0.5011174562000005
56787,0.00816724939999995
56788,0.19760196079999998
56790,0.04610529360000034
56791,-0.015512545999999705
56792,-0.01498839839999988
56794,-0.37778739419999974
56795,-0.11851683440000009
56805,-0.11869056419999957
56807,-0.5605762825999998
56808,0.09126909780000007
56809,0.0010079720000003801
56811,0.11214070199999986
56812,-0.8034651767999996
56838,-0.010227136000000291
56839,-0.008839147999999852
56843,0.08339557039999992
56844,-0.3601582947999999
56846,0.07205127099999992
56847,0.04423686119999992
56856,-0.15474385940000007
56857,0.006295555399999847
56863,0.06321157739999987
56873,0.7117413408000001
56874,-0.05798506840000003
56876,0.46231586740000036
56878,0.6216634120000002
57014,-0.03930378519999992
57028,-0.5380749229999999
57080,0.02147821020000009
57138,-0.04515447639999978
57170,-0.037803315400000245
57230,-0.13409858559999982
57246,0.31804465120000003
57247,-0.017264599599999996
57253,0.10285042880000006
57254,0.21451520080000003
57256,-0.23425997499999998
57257,0.06801811320000013
57258,0.0347659082
57259,-0.015528135599999993
57260,-0.02322293919999971
57261,-0.5762676886000001
57264,0.6975509770000003
57265,-0.02574893479999999
57266,0.40263134940000017
57267,-0.0016798893999997234
57274,-0.07895452140000003
57275,-0.11533447340000028
57276,-0.010301707600000043
57277,0.3761806654000003
57278,0.5872500152000001
57279,0.4015917613999999
57295,-0.2615995858
57296,-0.25263182640000037
57312,-0.02383240800000001
57314,-0.6222266531999999
57315,0.24087514
57316,0.7493609852
57317,0.06170102279999929
57319,-0.06696459400000027
57320,0.2770876697999999
57321,-0.12369641339999987
57329,0.3301559124000001
57330,-0.5042095386
57339,0.14235625519999978
57340,-0.029629120200000428
57342,0.45217158579999983
57344,-0.4729780728
57349,-1.0898740160000002
57357,-0.7341306278000003
57370,0.47706181759999994
57373,-0.03758789040000021
57376,0.2806269557999997
57377,0.13870212680000016
57385,-0.028667918999999924
57390,-0.08597147520000004
57431,-0.15670458720000013
57432,-0.27051079720000004
57434,0.020199853599999797
57435,1.2809581793999996
57436,-0.7399939915999999
57437,-0.24865191000000025
57439,-0.17709602839999977
57440,-0.7940253102
57441,-0.18420558699999975
57442,-0.1981059988000001
57443,0.010072403399999862
57444,-0.03835856999999941
57738,-0.40854456520000004
57740,-0.10103103979999999
57741,0.18911381919999998
57743,0.08797363900000013
57745,-0.03102387019999995
57746,0.19519033219999996
57748,0.22793758320000013
57749,-0.015503835799999865
57750,0.574330059
57751,-0.1784769060000002
57752,1.1816548536
57753,0.5142338528
57754,0.03918478539999999
57755,-0.006020972799999835
57756,0.11993850939999992
57757,-1.0657678508
57764,0.04154299739999967
57765,-1.0412518252000003
57773,0.29080196859999996
57775,0.018742347999999964
57776,0.04163980440000006
57778,-0.6231261353999997
57780,-0.15161513319999997
57781,0.2776707405999998
57782,-0.4696585346
57783,1.0745903059999997
57784,-0.18459013740000002
57785,0.39099385300000017
57810,0.29358218680000014
57811,0.25788337259999994
57813,-0.7988300023999999
57814,0.29032876199999985
57816,-1.3959279415999997
57837,-0.04438067200000031
57869,-0.13431316700000018
57875,1.7226988090000002
57890,0.11990276380000023
57895,0.05346736079999984
57896,-0.036370320400000544
57905,0.19401408120000013
57908,-0.8905795487999997
57911,-0.09738897420000008
57912,-0.607584546
57914,0.21447561540000032
57915,-0.23240127479999995
57916,-0.44346636900000014
58170,0.2026048854
58172,0.5312529082000002
58175,0.06492876539999999
58176,0.14357605500000012
58178,0.024447430000000006
58180,0.2731278122000001
58181,0.37245365880000014
58182,-1.1742354691999999
58185,-0.11494920800000016
58186,-0.19950538980000002
58187,0.38101821859999985
58188,0.1679779722000001
58193,0.1060309563999999
58194,-0.3358433782000002
58198,0.08029710419999977
58200,0.3629060385999997
58202,-0.44208646540000063
58203,0.3341392852000002
58205,0.6660353107999999
58206,0.3530367405999998
58207,0.5984612306000002
58208,-1.6345987852
58212,0.16502549300000008
58217,2.6357386198000006
58220,0.7496158406
58222,-1.1843104377999998
58223,-1.449615195
58226,-0.11913075180000003
58227,-0.030782955399999968
58229,-0.06458167019999994
58231,-0.9692391590000003
58233,-0.8071076824000002
58237,0.9709931771999998
58239,-0.6231714385999998
58240,0.11978778620000004
58243,0.30833665520000003
58244,0.49928276500000024
58245,-0.16134629380000012
58246,0.17686939759999998
58248,-0.08356020480000023
58249,-0.13162377660000005
58250,0.08420884880000001
58521,0.04302232880000075
58522,0.5595935469999999
58523,-0.07211468319999985
58799,-0.24169350639999973
58800,-0.32009486119999975
58802,-0.043673273399999796
58804,-2.163237982
58805,0.23370268680000006
58807,0.004602511199999881
58809,2.2081210818
58810,0.3385182520000004
58859,0.5235902982
58860,-0.11865251700000012
58861,0.07260752580000016
58864,0.007119101400000083
58866,-0.04887114440000014
58867,0.1985806317999998
58869,0.09794079999999994
58875,0.30450535079999985
58887,0.1671565996
58909,0.4550081451999999
58911,-0.5734659609999999
58916,2.6625401434000002
58988,-0.4154764261999997
58991,-0.09530954320000012
58992,-0.6100242245999998
58994,-0.028822735800000027
58996,-0.19501957660000002
59001,0.1646424778000002
59002,-0.3554693489999998
59003,-0.22811864479999996
59004,-0.12004542819999989
59005,-0.2514113952000002
59006,1.6411818368
59007,-0.24287445920000078
59008,0.34723009000000005
59009,-0.07330950999999981
59011,1.3545316874000002
59012,0.36273148180000003
59013,0.28868701599999974
59014,1.5896091048
59015,0.2331763147999998
59016,-0.48846636039999985
59020,-0.06218972040000015
59021,0.2119350409999999
59022,0.25369504519999986
59024,-0.44902128260000007
59025,-0.037097090399999824
59026,0.05001342860000052
59027,1.4599630005999997
59028,0.6217985571999998
59029,0.7824800134000007
59030,-0.014975616000000263
59031,-1.3761012606
59032,0.2661222307999999
59033,-0.016169281600000047
59035,-0.4552460977999999
59036,0.43713389300000005
59038,-0.2580896791999999
59040,0.23229174119999993
59041,-0.35730750600000044
59042,0.017719794199999955
59043,0.6233012139999996
59044,-0.1984148186000006
59045,-0.31922690100000006
59046,0.19394629920000028
59047,0.1203427055999999
59048,0.4344626350000004
59049,0.2249718810000001
59050,-0.11873374100000011
59052,0.5571134723999999
59054,0.08760695859999997
59056,0.03668868499999983
59058,0.10741641400000006
59069,-0.005574190000000104
59083,-0.9643871689999998
59090,0.25636028860000015
59091,0.4482214622000001
59092,0.6653507412000002
59093,0.1318306724000001
59095,1.011874354
59125,-0.4190800282000005
59126,0.9726807705999999
59287,0.1153754656000002
59288,-0.23647626239999994
59289,0.014928061599999865
59290,0.09411647999999975
59308,0.7272335128
59310,-0.12986976160000002
60315,-0.059322997399999945
60321,0.05972583040000005
60322,0.7549293859999999
60344,0.16649671340000013
60345,-0.15385817060000004
60363,0.39835942580000017
60364,0.17955430380000018
60365,0.5619347412000002
60367,-0.0292686599999998
60406,-0.5069064970000005
60409,-0.37452088379999965
60411,-0.41036864999999967
60441,0.12583526579999976
60504,-0.25854195139999997
60505,0.4036241519999999
60507,0.2817428642000001
60510,0.14481043220000014
60525,-0.25717171619999996
60527,0.7725622504
60530,0.36474756500000005
60531,0.04901412940000009
60532,0.12393692919999995
60533,0.8406577078000002
60534,-0.014348596800000205
60594,-0.09228091559999996
60595,-0.5210440339999998
60597,0.2528483678000001
60599,-0.4347874448000003
60611,-0.31470183900000015
60613,0.04627331120000022
63828,0.08109302579999991
63856,-0.003015519200000061
63859,0.08032410719999968
63872,-0.1472760707999999
63873,0.22656955439999998
63953,-0.35256820320000004
63954,0.5144774822
63955,0.5035006672000002
63958,-0.5253708016000003
63959,0.15926485779999985
63985,0.019089599999999884
63993,0.3054552481999998
64008,-0.5324489776
64009,-0.041130086199999916
64010,0.007430872399999808
64011,-2.1815205121999997
64050,-0.13048077960000004
64051,0.32314963220000015
64058,0.6707746053999999
64074,2.0631720143999996
64075,0.2481580108000001
64082,0.23513352500000004
64085,0.21048280720000018
64095,0.9894792792
64099,-0.2909448960000002
64103,0.10773643380000016
64113,0.3735389072000002
64136,0.4657414644000001
64138,0.48883565199999984
64143,0.5552389308000004
64144,-0.09325302419999985
64176,0.09572562400000013
64177,0.14764383260000002
64209,0.19954319420000033
64213,-0.3790945697999997
64214,-2.2818165996
64242,0.06526237259999983
64290,0.24740755279999965
64291,0.07000481800000014
64292,1.4155343108
64293,-0.041731218999999875
64294,0.1828793154
64295,-0.2009561923999998
64296,-0.5005582062000002
64297,0.5553607443999999
64337,-0.09517268060000002
64339,-0.0014814324000001406
64340,0.10610780039999985
64378,-0.015003000199999934
64379,-0.12029796999999982
64381,1.2742451785999998
64383,-0.05535547980000004
64384,-1.1559066627999999
64385,-0.7157140906000002
64406,0.10157759340000005
64424,0.4348723403999998
64435,0.15598285799999986
64436,0.15085170580000024
64450,0.1683112156
64451,0.05363719880000026
64452,0.16937502379999989
64453,-0.11208795999999985
64540,0.6171683284
64580,0.30891194639999997
64602,-0.07936895019999976
64654,-0.029139584199999815
64655,0.15336212840000008
64656,0.06671030240000012
64657,0.5732835914000001
64658,0.08159774159999988
64659,0.11600523060000006
64660,-0.20594242400000023
64661,0.17588113579999973
64685,0.20908566819999982
64704,-0.3192243094
64705,-1.040293593
64706,0.08783278039999978
64707,0.07605549499999993
64817,0.25351604880000045
64818,0.026891379799999972
64898,-1.1137217636000005
64899,-0.1268395702000001
64918,-0.6217179460000001
64929,0.5872190955999999
64930,-0.3645257614000002
64933,-0.2998885404000001
64934,0.3509217394000002
64945,1.1274663604000001
65019,0.28051736200000016
65079,-0.08494648659999998
65086,0.23636653240000002
65098,-0.1013479980000003
65099,0.9615062811999999
65100,0.09883372479999988
65102,-0.014669007399999833
65103,-0.21987340939999972
65105,-0.1361767484
65106,-0.123517071599999
65107,-0.011235177399999685
65111,0.20149499060000067
65112,1.0946947476
65113,-0.1827023960000002
65114,0.5456645716000004
65115,-0.7408036825999998
65116,-0.5151897527999999
65221,2.190472981
65246,-0.8920938056000004
65247,-0.8884136729999998
65254,0.06488009120000043
65255,0.36022959360000006
65256,0.47639458479999985
65945,0.5502618773999999
65960,1.2657114995999998
65961,0.16379466880000032
65963,1.3218269411999999
65967,-0.40651639199999995
65969,0.14124384820000016
65970,0.6575871558000002
65971,0.1422580208000001
65972,0.8522478672000006
65973,0.29013721560000005
66011,0.06963122000000029
66042,0.21516286360000017
66044,0.07054256059999986
66046,0.4813731582
66047,0.37961173200000004
66048,0.23306697079999986
66049,-0.0475837532
66052,0.09495861820000025
66053,-0.23430655500000025
66054,0.5444692520000005
66056,-0.25916491919999984
66058,1.3058980848000001
66059,0.1789033721999996
66060,1.0676951013999998
66065,-1.4278286822000001
66066,-1.4618917920000005
66067,0.08983639999999989
66069,0.22030412079999984
66070,-0.06699175359999998
66071,-0.30930135859999996
66072,-0.37841556740000043
66073,-0.03691518879999996
66074,0.26371538559999974
66075,-0.1510795365999998
66077,0.1070206545999998
66078,0.4724422774
66079,-0.2603993760000002
66082,-0.5585276487999999
66083,-0.10630627700000021
66084,-0.5345109038000002
66085,-0.0652816000000005
66087,-0.10970598579999943
66089,-0.5658010966000004
66090,-0.5941087019999998
66091,-0.10943336800000054
66092,-0.2106893239999998
66096,-0.0745410602
66098,0.24732060479999998
66101,-0.044033238199999936
66102,0.6418619673999999
66105,0.2868753659999996
66106,2.5039963934000005
66108,0.4009336672
66109,-0.03546646580000008
66111,0.31286777860000037
66113,-0.9442871976000002
66114,0.2793088256000006
66119,0.38995208519999985
66120,-0.04260966119999969
66121,0.48137297799999956
66124,-0.03119801319999986
66125,0.1775620236000005
66126,0.03003403500000006
66128,-0.025166254600000215
66131,0.2855496342
66140,0.020788615399999877
66141,0.38135256400000017
66143,1.1269046723999996
66144,-0.5587993360000002
66147,-0.5483090298000001
66148,-0.282660606
66151,-0.13331949599999998
66152,0.16642158600000023
66153,-0.09354485779999992
66154,-0.15859624999999972
66155,-0.06415148959999968
66156,-0.5403005295999999
66161,0.41210179979999995
66163,0.15829670860000017
66164,1.0526577609999999
66165,0.3191963244000002
66166,-0.02679967120000004
66167,-0.11247334800000033
66168,-0.1956328120000002
66169,-0.11710617059999999
66170,-0.2952482942
66171,-0.07480718380000051
66172,0.08842328320000004
66174,-0.2935464838
66175,0.25857729160000015
66176,-0.08437480619999997
66177,-0.3881358689999995
66179,0.06440323359999985
66181,0.4993755510000003
66183,-0.04240795739999995
66190,-0.3333135872
66191,-0.06187170759999994
66193,-0.8568591050000002
66196,0.2410067181999999
66197,0.22147876420000046
66198,-0.1294079481999999
66199,-0.17886783279999996
66201,0.13450608379999968
66202,-0.3036537253999999
66203,0.02255093079999996
66204,-0.1681113068000002
66205,0.9100298328
66206,0.39764280759999976
66208,1.1772551574000003
66209,0.0028262072000000416
66211,1.4282945476
66212,0.1390568220000002
66213,0.3999729762000003
66214,0.7030123327999999
66218,-0.04958847200000031
66220,-0.1766520206000001
66222,0.5854565996000002
66223,0.40325549179999953
66226,-1.6049800330000004
66229,0.7106367058000002
66230,0.3379893678000002
66231,0.18671745580000007
66233,-0.062005038400000045
66235,0.46262549919999996
66237,0.3013748754000002
66241,-0.34544080580000003
66242,-0.08106422960000008
66244,0.6304199176
66245,0.20134844619999975
66246,-0.05227017919999977
66248,-0.018132725399999588
66249,1.28260418
66251,0.1393672552000002
66253,-0.29829596460000013
66254,0.43779548240000016
66255,-0.016312397999999808
66256,0.4990798181999999
66257,0.17388569479999988
66258,0.2890565842
66259,1.1392597916
66260,-0.019677718799999848
66261,0.04757994719999967
66262,1.8177899999985978e-4
66264,0.07986094700000004
66266,-0.07210305760000058
66269,0.03573915620000001
66271,0.2861825507999999
66272,0.12646268160000018
66273,-0.19598158639999994
66274,0.007381769600000068
66277,0.23990794320000028
66278,-0.39498833839999997
66279,-0.12883112079999978
66282,0.4906352524000003
66283,-0.011052068800000116
66284,0.16968452339999995
66286,-0.9263649076
66290,-0.030382098000000093
66291,-0.49379339920000015
66292,-0.06862691820000037
66294,-0.2699830822000003
66296,0.08461029120000026
66302,-0.1358855942000002
66306,-0.019544303400000018
66307,0.08552255940000004
66308,-0.08716363640000008
66309,-0.26699524180000084
66310,-0.16342434540000003
66311,-0.2191549180000001
66313,-0.7573320246000004
66314,0.3145987365999998
66315,-0.6362074728000001
66320,-0.005313192400000427
66326,-0.013358958599999955
66328,-0.20099649600000005
66329,-0.8343065968000001
66330,0.10421794299999973
66333,-0.020095620399999882
66335,-0.30333482499999953
66336,0.14774276099999994
66337,0.16920646340000028
66338,-0.10442262479999975
66340,-0.32666117799999944
66343,-0.07387112039999995
66344,0.1190975486000001
66350,-1.3301413793999997
66352,0.3138906768
66353,0.20177422399999995
66354,0.050277757400000116
66355,-1.6909329809999998
66356,-0.4113794569999998
66357,0.2629010865999998
66358,-0.2098702939999999
66359,-0.29079321480000003
66361,-0.42424609319999995
66362,0.1781453041999999
66365,-0.023546060799999845
66366,-0.20124201159999977
66368,-0.16891963819999983
66371,0.17419156279999976
66373,-0.03405039480000038
66374,0.15683757599999965
66375,0.5497473916000004
66377,1.1140557746
66379,-0.17479752220000008
66383,-0.31418495400000024
66384,0.3635367208000001
66385,0.2474489020000002
66388,-0.3008059179999997
66394,-0.6004638694000001
66395,0.8110611325999997
66396,-0.3187590986000002
66397,0.16036626100000007
66398,-0.06796035519999996
66399,0.0065897792000001254
66400,-0.2513360628000002
66401,0.3860394456
66403,-0.4864118561999998
66406,-0.07862823080000006
66407,0.04083569840000029
66408,0.15331919659999987
66409,0.7821203917999995
66411,0.17492913520000006
66412,1.0221636319999998
66413,0.5367537054
66414,0.7758211186000004
66416,-0.021942066000000076
66419,0.1860921815999998
66420,-0.29314317079999996
66421,0.006582891399999902
66422,0.14708442640000036
66423,-0.1778470431999999
66425,-1.3103604281999996
66427,0.35588770739999964
66431,-0.21488819320000035
66432,-0.08832291739999984
66433,-0.42003176579999996
66435,0.018411376600000296
66437,-0.31262666199999956
66440,-0.09784007759999991
66441,0.9007649528
66442,0.09687791200000007
66443,0.08296626619999989
66445,0.6312513297999999
66446,0.02533554260000006
66447,-0.4762290439999994
66448,0.10757897980000022
66449,0.08466486700000005
66451,-0.8289927177999997
66454,0.12409893060000013
66455,-0.42067519760000016
66460,-0.06486779659999975
66464,0.1885040314000003
66467,0.05426430499999987
66468,-0.07258940759999977
66471,-0.04371313519999943
66473,-0.08325375039999994
66475,0.07322114000000007
66480,0.2087849539999997
66481,0.0060952319999998394
66482,-0.39503815600000003
66489,0.029798154000000222
66491,0.32179037400000005
66492,0.2556082356000001
66493,0.5562717548000002
66494,0.1640951594000004
66495,0.07495155219999956
66496,-0.7641664554000002
66497,0.00806847939999997
66498,-0.16530341980000002
66500,0.21618165620000024
66505,0.041615439200000104
66506,0.2056977100000001
66508,0.2649979280000004
66510,-0.7604212298
66511,0.09226463980000013
66513,0.01617214360000005
66514,-0.06533811800000004
66515,0.026426170200000085
66521,0.16814212820000007
66522,0.07601086819999985
66523,0.7244387341999998
66525,0.31591241319999985
66526,-0.13695863279999987
66528,-0.3386093023999999
66530,-0.7991115893999996
66531,0.04209921019999996
66532,-0.001941724399999789
66536,0.38988306319999955
66537,0.18724961139999968
66538,0.4939063091999998
66540,-0.2131105439999999
66541,-0.26909076919999997
66548,-0.038261024000000005
66549,0.3988147281999998
66552,0.2982213867999999
66556,-0.3938992238000004
66557,0.3005775223999999
66559,-0.12624695919999987
66566,-0.34746721740000003
66568,-0.2538322386000001
66569,0.8637738037999998
66570,0.31275999360000045
66573,-1.5485171097999997
66576,-0.08772660799999946
66578,-0.5453219526000002
66580,0.45900700920000015
66583,0.39007915720000047
66585,0.5081238458000004
66586,0.6932855837999996
66587,0.1242145215999999
66588,0.12454284979999992
66589,-0.45215452119999994
66590,0.24273231820000024
66591,-0.7448262019999999
66592,0.0872442960000001
66593,0.29183051819999994
66594,0.10520418999999988
66595,-0.09182713099999998
66596,-0.37219857739999995
66597,0.4926508501999999
66599,-0.11176099999999993
66601,0.02605192919999995
66603,-0.4484937856000001
66605,-0.02109912679999999
66606,0.22833504659999998
66609,-0.2085068313999999
66610,-0.7395148568
66611,-0.059098803800000065
66612,-2.1010956132
66614,0.23081705079999998
66615,-0.0035369639999997147
66616,-0.3042382318
66617,0.5027020669999998
66618,0.09898039559999994
66622,-0.1848727705999998
66624,0.22691648299999975
66626,0.0037668977999997686
66627,0.01807072260000009
66628,0.10791397400000005
66629,0.1832529576000006
66632,-0.2215702110000004
66634,0.1749691883999999
66637,0.18218671279999996
66641,-0.45212745220000006
66642,-0.015939652800000204
66643,0.3969946830000003
66645,0.4506485405999999
66646,-0.04104479939999983
66648,-0.5777085381999999
66653,0.020553178599999812
66654,-0.0422722868000001
66656,-0.21138218799999997
66658,-0.14204737620000002
66659,-0.3733045587999998
66660,-0.05105113439999991
66661,-0.1396501336
66663,0.054886753799999966
66664,-0.7137250276
66665,0.1091162284000002
66667,-0.3172340168000002
66671,-0.10859370959999988
66673,0.039873517599999866
66674,0.8812468958
66676,-0.007527636400000054
66679,0.07393470159999982
66680,-0.19240426319999987
66681,0.07282407359999983
66682,-0.32176411960000006
66684,-0.07201889500000025
66686,0.11866048459999998
66687,0.449109258
66689,-0.5230850041999998
66690,-0.2155470873999997
66691,-0.4552089902000002
66694,0.31549835759999995
66695,0.7105794237999998
66696,-0.21135209440000002
66700,-0.3855633880000001
66701,0.30841855319999995
66704,-0.21775009799999995
66705,-0.07706490299999974
66706,-0.15139837339999979
66707,-0.18255022740000007
66711,-0.0963895169999999
66712,-0.022391873799999913
66713,0.210960412
66714,-0.3370156004
66715,-0.1471099084000002
66716,-0.1574151099999999
66717,-0.19556277420000007
66720,-0.1505422268000002
66722,0.06940884680000003
66724,-0.7223079889999999
66725,0.11328723700000029
66733,0.26687947580000004
66734,0.46161807819999956
66736,0.47046397659999994
66743,-0.037634208200000074
66745,0.19165086959999994
66748,0.11524118440000004
66753,-1.0957952684000003
66757,-0.14000947519999993
66758,0.1287281169999998
66765,-0.21332365520000013
66766,0.12593968699999988
66771,0.14471734019999988
66772,-0.012369951999999983
66787,-0.11363378299999986
66789,-0.01127993440000008
66790,-0.5511413894
66795,0.37921251300000003
66797,-0.009940614799999992
66799,0.11440680439999973
66801,0.16050452059999998
66805,0.22279164539999968
66809,-0.09430649159999989
66810,0.061343893800000014
66811,0.18132992980000012
66812,-0.6163606760000004
66813,0.07712823019999979
66816,-0.18389549079999995
66817,-0.018572677599999757
66818,-0.1586861190000004
66821,0.2518608236000002
66822,-0.6275001697999999
66824,-0.23229517340000042
66825,0.18532317700000006
66827,0.22739537359999976
66830,0.09018894360000011
66834,-0.005488100399999895
66836,-0.2744282297999998
66840,0.40894165759999945
66841,0.2499908808000003
66844,0.16766104760000006
66847,0.08785264240000042
66848,0.0602980753999999
66849,-0.5771565347999996
66853,0.1895818383999998
66854,-0.048502864399999936
66855,0.017722699199999765
66857,0.5225028852000001
66859,0.45783070719999996
66860,0.1249288296000001
66861,0.42036375839999984
66863,-0.0023428688000001197
66864,0.6401720371999998
66865,0.42761211280000017
66866,0.19563452160000008
66867,-0.6896602193999998
66868,0.21485418339999982
66870,0.25158616199999956
66871,0.5554204604
66875,-0.6017680503999999
66877,-0.30300081920000005
66878,-0.005247637999999803
66880,-0.2561148541999998
66881,-0.2779135876000002
66882,0.5458398607999996
66884,0.2019341815999999
66885,0.16726307219999992
66887,-0.1771837608000002
66889,-0.3341061218
66890,0.028672615600000034
66892,0.026695809000000084
66894,-0.6214308369999999
66895,-0.08080179719999986
66897,-0.24900658579999999
66898,0.396612801
66899,0.045114073599999936
66901,-0.16886084619999991
66902,0.4812790096000004
66904,0.1976368132000001
66905,0.19142450040000014
66910,1.3212770584
66911,-0.10362611099999977
66912,0.22910642139999987
66913,0.8168727648000003
66914,-0.15695967380000048
66916,0.47059470599999964
66917,0.24746291440000015
66921,0.1557344673999999
66922,-0.16773874920000054
66923,-0.48586687820000024
66925,0.3328597657999996
66926,0.27027155659999985
66929,-0.02496636600000013
66930,0.00792451899999982
66931,-0.2396016885999998
66932,-0.2864350059999996
66934,0.18310817119999978
66935,-0.7133903962
66938,0.015996427200000163
66939,-0.9559228142
66940,-0.4197243960000002
66942,0.4498638049999991
66945,0.09585866800000037
66948,-0.24274725699999994
66949,-1.0580926708000002
66952,0.6354106098
66957,0.32092336739999994
66959,0.24029743799999997
66962,0.22023960319999974
66964,0.21866407520000006
66965,0.34743853279999987
66966,-0.13297685620000013
66967,-0.3146105082000005
66968,0.9041236861999998
66970,-0.37464866480000014
66971,-0.7953216792
66972,-0.11793421320000001
66973,0.5717812313999999
66975,0.18662412580000023
66977,0.5356714780000003
66978,0.30792849040000014
66979,-0.10257713819999965
66980,0.01771546699999986
66983,0.007461959399999796
66985,-0.17631094019999996
66988,0.4189773449999999
66989,-0.2002980781999998
66991,-0.0755237692
66993,0.7055310628000001
66994,-0.020912630000000283
66995,-0.31007184019999967
66997,0.46763742460000035
66998,-0.18146590959999997
66999,0.029371723200000224
67003,0.021843542999999608
67005,-0.5631309256000006
67006,-0.1609135820000002
67008,0.4688785802
67009,-0.030166254400000092
67010,0.4112471818
67011,0.3251709527999999
67013,-0.022586750800000055
67015,0.30036767100000006
67016,0.5627335590000001
67017,-0.9231198889999994
67019,-0.1948139675999997
67020,0.32168138079999975
67023,-0.1969419609999999
67025,0.18410782400000017
67026,0.3671599220000001
67027,-0.31215679420000003
67030,-0.13314710000000002
67031,0.09215296219999974
67035,-0.6404427038
67036,0.12249987239999986
67037,-0.14205109879999966
67039,0.12010011239999978
67040,0.22408269399999944
67041,0.3635207246000006
67042,-0.01778645759999975
67043,0.17980905459999974
67044,-0.46934760020000005
67045,0.33055368220000003
67046,0.1719021881999998
67048,0.2834610456
67049,0.12172178819999979
67050,-0.22867322439999996
67052,-0.5468734957999999
67053,0.413290939
67054,0.39610113020000026
67057,-1.5453702645999996
67059,-0.12334276180000003
67062,-0.5475165898000002
67065,0.4703667386000001
67067,0.4090967400000004
67068,-0.17321432419999958
67070,-0.04222225040000005
67071,0.12604399979999997
67072,0.27426093420000014
67073,-0.5840047896000001
67074,0.10972132720000012
67075,0.08967626320000015
67078,-0.08814079159999988
67080,-0.07762169460000017
67087,0.11605690240000024
67088,0.05153098579999984
67089,0.44491951939999996
67091,-0.5648072929999998
67092,1.0896939808000004
67095,0.3264647636000001
67096,0.6173970874
67097,0.02130055000000014
67099,-0.29222169579999957
67102,0.16658391059999964
67103,0.9759883639999998
67105,-0.2618441702
67106,-0.06074501959999967
67109,-0.2651817056000002
67111,0.06299403540000019
67112,-0.06952183999999999
67115,0.5629527079999999
67116,0.3006159254
67117,-0.5574725468
67118,0.1157683194000006
67119,0.07171049960000006
67120,-0.5613020003999999
67121,-0.012514140800000096
67122,-0.5875708754
67123,-1.9436905561999993
67125,0.5558016585999997
67128,-0.06307239799999959
67130,-0.11521570520000031
67133,0.18219013640000004
67134,0.6500968215999998
67136,-0.12817220199999985
67138,-0.38229244699999987
67139,-0.18356235759999998
67141,-0.3295537675999999
67143,-0.5026488327999997
67144,0.0375438845999998
67145,-0.0165393582
67149,0.10342745140000006
67150,0.06192607640000018
67151,-0.08817694659999997
67153,0.09729048099999993
67154,-0.33331048399999974
67155,0.29594285580000024
67158,-0.5072479788
67160,0.2605660680000003
67161,0.0903883217999999
67163,-0.0848866242
67164,0.3641218128
67166,0.2571053193999999
67168,-0.7666238394000002
67171,-0.13429514879999987
67177,-0.49609255019999987
67178,-0.17375406900000012
67180,0.30105012040000023
67181,0.1966188029999998
67182,-1.5215745347999996
67184,0.11599995600000028
67186,-0.006642147999999889
67187,0.5867393046
67196,-0.08914297100000006
67197,0.45194715520000023
67198,0.12604048240000004
67199,0.18415601679999993
67200,-0.21882325740000005
67201,-0.050883798800000324
67203,-0.09004544960000002
67204,0.8010220643999997
67207,-0.13224632500000016
67210,-1.6967899162000004
67211,-0.3053064982000002
67212,0.19748014980000014
67213,6.340271999999203e-4
67216,0.08722292880000015
67217,0.47300731799999973
67219,0.23211129340000003
67220,-0.8808227030000003
67222,0.5330114646
67223,0.8555151326000001
67224,0.35244828120000005
67225,-0.21033560000000012
67226,-0.7029868166
67228,-0.25150410460000006
67229,-0.15927013439999999
67230,-0.4077101867999998
67231,-0.04284255539999987
67235,-0.5028472434000001
67236,-0.29121959740000014
67238,-0.06770274399999998
67239,0.6494915946000003
67241,-1.0186602937999996
67245,-0.9234811565999997
67248,0.08572759800000007
67249,0.47845886679999994
67252,-0.5718831823999999
67255,-0.026493536399999962
67260,-0.17681384100000005
67263,0.09345214759999987
67264,0.6249893242000002
67267,0.6120598100000002
67268,0.2364280119999997
67269,0.06676189499999996
67270,0.4349623086000003
67272,0.2043432574000001
67273,0.27009061659999956
67276,-0.10597443860000004
67279,0.18391760240000005
67283,0.33925711520000024
67285,0.28979290960000004
67287,-0.5003784286
67288,-0.17885847379999992
67290,-0.3212681928000002
67291,0.12465568499999975
67292,-0.7592352169999999
67295,0.3007783924
67296,-0.12966304859999997
67298,-0.3292618315999999
67299,0.7083522274000001
67300,0.5186737338
67302,-0.19957994460000006
67305,0.4923820820000001
67306,1.3720460174000002
67308,0.3840662590000001
67328,0.09354598259999987
67331,0.01237852200000003
67332,0.41603982939999967
67333,0.0052327714000002246
67337,0.08533792919999998
67338,0.6332872134000003
67345,-0.5131765850000001
67356,-0.017770797399999955
67358,0.049315585799999874
67367,-0.015575675200000383
67369,0.0857766562
67370,-0.06980829520000001
67371,0.3679561727999999
67374,0.3618579500000001
67375,-0.4218004121999998
67378,-0.3027736294000002
67379,-0.4444297195999999
67381,-0.26718305040000045
67382,-0.19575884660000004
67384,-0.38186685580000024
67387,0.04134066499999989
67391,-0.27257827999999973
67392,-0.5204385014000004
67393,-0.8206921421999998
67397,-0.40150016799999977
67399,-1.5292502706
67402,0.038137364399999985
67405,0.6519537738
67407,-0.10315748660000017
67414,0.7090992763999997
67416,0.2186218040000002
67417,0.06053316940000002
67418,-0.28953099479999994
67420,0.5790126438
67422,0.12751364340000002
67425,-0.7548671358
67429,0.42244824639999995
67430,0.08232515240000024
67432,0.24937051820000028
67433,0.22309433899999984
67434,1.1443808296
67437,0.014837067799999909
67439,-0.07580940920000007
67440,0.10714141039999986
67442,-0.5020088379999998
67443,-0.15449845799999978
67444,-0.09685571920000025
67445,-0.056276343200000065
67446,-0.07655373960000009
67448,0.7666010813999999
67451,0.3166792763999998
67452,-1.0683069624000006
67453,-0.02192512319999944
67454,0.7361278886000001
67455,1.5042913403999998
67456,-0.0019512842000002973
67457,-1.1494758116000001
67458,-0.5120128855999999
67459,0.1310496838000001
67460,0.8882478485999996
67463,-0.0011394539999999452
67465,0.10516064739999997
67466,0.06645737080000025
67467,-0.14543265079999995
67468,-2.1982505287999996
67469,-0.011480943600000515
67470,0.08250576360000021
67471,-0.26536654740000004
67472,-0.3322379746000001
67473,0.12505339019999978
67474,-0.5904017662000003
67477,-0.5917014586
67480,0.05311639080000017
67484,0.5167160138
67486,0.050163676599999915
67487,-0.15450975239999992
67488,-0.45843776579999995
67489,-0.04465487739999982
67490,-0.35397389320000006
67492,-1.5226494008
67493,0.22012177820000006
67495,-0.44989913379999996
67498,0.11267458939999993
67500,-0.13919324419999984
67504,-0.3392319962
67509,-0.16102193260000014
67510,0.07357767980000016
67511,0.10870101099999996
67512,0.3558316377999998
67515,-0.4333547123999992
67516,0.1628729437999999
67525,-0.26828022520000017
67526,-0.6345117689999998
67528,-0.9060609616
67529,-0.829900168
67530,0.8429596059999998
67533,-0.001941724399999789
67534,-0.5242197138000002
67537,-0.011176205199999956
67538,-0.11135440220000031
67542,0.03554826420000001
67544,-0.02421610500000001
67547,4.1201221928
67553,-0.005998150999999841
67554,0.048702700000000494
67556,0.559229087
67557,0.36870021480000015
67561,-0.15271261739999992
67568,0.6008759016000003
67569,0.36776594420000014
67573,0.1984916197999999
67578,0.1538553352000001
67579,-0.4011251540000004
67580,-0.12404773640000004
67581,0.20880624799999997
67586,-0.05629539519999991
67588,-0.060260838799999855
67590,0.29328681640000004
67591,0.14627305139999985
67592,0.022834736600000315
67596,-0.2830318034000001
67602,0.023795024600000204
67603,-0.5649405834
67604,0.043846298999999964
67605,0.22793401859999993
67606,0.46358097919999963
67608,-0.6839035121999997
67609,-0.4420719458000001
67610,-0.3383044295999998
67615,-0.17874727199999968
67618,0.1294474836000003
67619,0.3605464862000002
67620,0.058406200800000196
67621,-0.5043003868000003
67622,-0.10393079140000033
67623,-0.6283376363999998
67628,0.2397032874000001
67629,-0.09611913659999977
67630,0.1718784844
67634,-0.026866233400000012
67645,-0.04094745399999995
67646,0.14861570659999987
67647,-0.8863287159999997
67652,-0.34371270359999995
67655,-0.0936244784000005
67656,-0.020370517800000165
67657,0.22287310480000005
67661,0.1289849651999999
67665,-0.06083500399999977
67666,0.03424973719999988
67667,-0.7007112198000002
67671,0.027051347999999815
67674,-0.06806516540000018
67675,-0.15891681239999933
67676,-0.19734658619999973
67678,-0.4331496777999998
67680,0.30127651100000036
67681,-0.13395917379999997
67683,0.42675227819999983
67684,0.1257765272000002
67687,-0.10481026659999984
67689,0.10859142219999995
67690,0.2147847480000003
67693,-0.25987567999999966
67694,0.3232877259999995
67698,0.09864951640000079
67701,1.6551146199999998
67702,1.1290691484
67703,-0.029282645199999822
67706,-0.6701284613999998
67707,-0.06630156639999922
67709,-0.08411503579999982
67710,-0.4106576439999997
67711,-0.028528587800000338
67712,-0.0796225119999999
67717,0.11572504060000005
67719,0.09576736180000012
67724,0.38150171460000026
67725,0.09972378899999974
67726,-0.3006426503999998
67727,-0.7801749441999997
67728,0.06128504279999999
67729,0.1140045112000003
67731,-0.016707249200000066
67732,-0.6452421419999996
67733,0.017058233999999912
67738,0.7872221738000003
67739,-0.3086068959999995
67741,-0.11186459199999996
67742,1.5958303711999995
67747,-0.10600070400000002
67749,-0.008841506599999785
67750,-0.025660213800000088
67753,-0.09269527479999999
67755,-0.04893533219999993
67758,-1.1944109017999998
67759,-0.14319772739999995
67760,0.4926436148000001
67763,-0.2349775168000004
67767,0.28284443419999955
67768,-0.37925610459999975
67769,0.12987237500000023
67770,-0.04262259480000008
67771,0.0855039399999999
67772,-0.40340177019999957
67773,-0.41137977960000016
67775,0.49338415620000015
67776,0.4333361680000004
67778,-0.00988373980000008
67781,0.29796573519999986
67784,-0.3098125942
67785,-0.3337220766
67788,-0.011871972400000147
67789,-0.48349408679999967
67790,-0.07458646640000023
67792,-0.08556917400000012
67795,0.021928619399999943
67797,-0.21732911400000016
67800,1.0594948761999998
67801,0.0860397398000002
67803,-0.6549203759999997
67804,0.08070088579999994
67809,0.16826913240000002
67811,0.3456589041999999
67812,0.5861780204000002
67815,-0.26223762540000006
67819,-0.981865981
67821,0.05723240880000002
67824,-0.004499798800000026
67826,-0.5094749429999996
67830,0.05016149640000016
67832,0.7553246745999995
67834,1.1966207583999995
67836,-0.1817488992000001
67838,0.1879749148000002
67839,-0.06396727359999994
67841,0.6956569714
67842,0.19127792160000037
67843,0.05436993320000009
67844,1.1514084751999998
67845,-0.49330158139999936
67846,0.46938944579999975
67847,0.34948408099999995
67848,-0.18866558540000006
67849,0.8575587864
67855,1.2749505780000001
67856,0.2629685404
67857,0.06297351820000045
67860,1.580304563
67862,0.13728994179999993
67863,0.05584566259999962
67864,-0.2800889720000005
67865,-2.1911870289999995
67866,0.32232470020000026
67867,-0.5090434464000003
67868,-0.13993707939999994
67869,-0.8339625319999999
67870,0.19767497720000016
67871,0.004713317600000085
67872,-0.5832887308
67873,-0.5040498895999995
67874,1.0025040000040813e-4
67876,1.1299125013999998
67877,0.5766741116000003
67878,-0.009408260600000263
67880,-0.34415182639999997
67881,-0.31586796780000004
67883,0.05274712240000008
67886,0.3269166280000002
67888,0.9624399227999997
67889,-0.12762157559999993
67890,0.45070388760000013
67891,0.16567493999999988
67892,-0.2079959913999998
67893,-0.33132950519999993
67895,1.1910047422000003
67896,2.7752928805999995
67897,-0.1434417135999997
67898,-0.6067615113999996
67899,-0.2450552247999999
67900,0.5830294218000001
67902,-0.08618119039999997
67903,-0.863524788
67905,-0.18760479420000017
67909,0.04028029400000007
67911,0.03779546060000012
67912,0.008952875799999855
67914,0.24781512620000068
67917,0.8613591704000001
67920,0.6209083116000003
67921,-0.3905945824
67922,3.7272170298000002
67929,-0.2375978076000001
67931,-0.1673806801999997
67933,0.039065845200000206
67935,0.04855701120000014
67936,0.4770699455999997
67937,0.16232349379999977
67938,0.027089594000000272
67941,0.8053797897999996
67944,0.1125334330000001
67946,-0.2591263798
67948,0.2139314861999999
67951,1.0470546038
67952,0.5490051800000003
67955,-0.005436264599999396
67958,0.27722054779999966
67959,0.13907879360000028
67963,0.19870203400000008
67966,0.17729966659999988
67967,-0.1201538640000001
67968,-1.1513472558
67971,0.8393896008000002
67972,0.4264729640000004
67973,0.6928768028000004
67974,-0.7916471892000001
67976,-0.18949410819999973
67978,-0.025188456000000237
67979,0.28464266479999994
67980,-1.1238860676
67981,-0.023092823400000035
67983,-0.07738120360000006
67988,-0.011733496800000322
67991,-0.8670853091999999
67993,0.05799882019999991
67994,-0.2127352327999999
67996,0.5185168450000003
67997,0.05035580320000006
68010,0.1885846484
68011,0.08548900579999985
68014,0.04695049659999987
68015,0.0862271591999999
68021,-0.16125849199999998
68023,0.2542523617999997
68027,0.41073737700000007
68028,0.15674763600000008
68031,0.06240283739999977
68032,0.04256447459999979
68033,0.44696605280000024
68035,-0.060593066000000195
68036,-0.5400311905999999
68038,0.005918186799999781
68039,-0.4126923725999999
68040,0.6560540860000001
68041,-0.7160561877999999
68044,-0.9849003481999992
68047,-0.2250479559999999
68048,0.8467487741999999
68050,-0.17831812000000014
68052,0.13720039000000028
68053,-0.22698577560000005
68054,-0.26662655300000004
68058,-0.360981538
68059,0.050859058600000395
68066,-0.019057481999999838
68070,0.04370237879999994
68075,0.1740969763999999
68079,-0.2347421112000001
68080,-0.4759435512
68082,-0.9890148122000001
68083,0.17691875640000027
68089,0.2297447462000001
68090,0.5465520840000003
68092,0.23762658079999976
68094,-0.1833583472000003
68095,-0.15868809880000007
68097,-0.1638578186
68098,-0.8250807247999997
68106,-0.0529973027999997
68107,-0.405394613
68117,0.11928129859999981
68119,0.19613974700000014
68121,-0.7899303376000001
68126,-0.07696684320000013
68133,1.1505366972000002
68134,-0.25041223200000007
68135,-0.5402757100000002
68137,-0.1248382996
68140,-0.3921612901999998
68142,-0.023027218600000062
68145,-0.8388937272000001
68146,0.10862871040000019
68147,0.7864268477999998
68149,-0.1415698706000002
68151,0.47872868140000013
68152,0.33210424340000005
68153,-0.5851598194000001
68159,-0.1383919954
68166,-0.7642608879999999
68169,0.03841683079999977
68172,0.12144335119999994
68177,0.38066577120000034
68178,0.6305837278000002
68183,-0.3354703660000002
68184,0.6773742378
68185,0.15314793079999997
68187,0.8336994435999999
68188,-0.29732136240000007
68192,-0.7653015168000001
68193,0.09292815599999996
68196,-0.6901470648
68197,0.6479115024000006
68198,0.5127903120000002
68201,0.07434267419999989
68202,0.4710730146000001
68203,-1.5640895270000001
68205,-0.14368828579999987
68209,-0.10991242719999973
68212,-0.7498577866000001
68214,0.057595377400000015
68215,0.3210723682000003
68219,0.1695089350000004
68226,-0.29660571719999995
68233,-0.1351371742
68236,0.0014702600000000565
68240,-0.37757176179999974
68243,-0.2253244392000001
68251,-0.09274407000000018
68259,-0.48756721160000005
68260,-0.026923813200000188
68262,0.48424434140000017
68263,0.3364804534000001
68267,0.07894172300000032
68268,0.06282902879999988
68270,-0.09549532759999994
68272,0.3840807022
68273,0.13618874240000026
68275,-0.7049483114000001
68276,-0.18206575420000007
68277,0.17395747660000022
68279,0.523601832
68291,-0.08332509079999983
68292,0.45225509379999984
68294,-0.08818889760000026
68295,0.13059236059999968
68298,-0.15633544240000005
68299,0.008806643999999864
68303,0.9975022816000001
68307,-0.21718953600000018
68310,-0.5474914566000002
68311,0.47945903759999975
68312,0.08280396560000014
68316,0.5758203122000003
68323,-0.026446834799999763
68327,0.26546995300000004
68328,-0.2560833131999999
68332,0.20879606799999983
68337,1.2253667412
68338,-0.033907418800000144
68339,-0.9283504328000001
68342,0.4570928340000003
68344,0.03507907319999967
68346,-0.05815100299999987
68349,0.41509690719999986
68350,0.3897885471999999
68352,-0.22428067919999978
68364,-0.1760150432000001
68365,0.2811624785999996
68366,-0.5206742954000001
68375,0.3579226744000005
68379,-0.4383528009999999
68385,0.4182914118000001
68393,-0.08684310620000016
68396,0.1065303536
68401,-0.12342764900000028
68404,-0.21565005679999985
68416,-0.16395592279999996
68420,-0.2848662891999997
68421,-0.03234231259999982
68423,-0.48028940439999984
68427,0.09218960300000008
68428,0.08709123539999997
68431,-0.24286575680000003
68436,0.0505907239999999
68440,-1.4839294462000003
68441,-0.14454570180000026
68449,-0.4325533763999999
68453,0.4771053539999997
68458,0.16313572900000012
68460,0.4698851868000002
68463,-0.06916811620000018
68465,-0.00805272760000013
68468,-2.0443134213999996
68472,-0.3012063632000001
68473,-0.6706953728000002
68475,-0.16924498639999971
68477,-0.6485516734000001
68479,0.10312674299999962
68481,0.2499482532000002
68487,-1.8805262376
68490,0.3720274852000001
68493,0.9606970627999998
68497,-0.5390626139999997
68498,0.3331988146000002
68499,-0.003012179599999965
68501,0.08464857840000022
68505,-0.3392102640000001
68509,0.1647784574000002
68510,-0.05185018019999976
68514,-0.3778652940000001
68515,0.01188364679999994
68519,0.12802504499999995
68520,0.14280190859999994
68524,-0.2987361425999998
68525,0.2485160596
68526,-0.7350585651999998
68527,0.24123400579999998
68533,0.28812101879999974
68537,0.1367276934
68539,0.4602627199999999
68545,0.7434954224000002
68550,0.2056158641999998
68552,-1.4263625167999998
68556,-0.18046935320000052
68558,-0.3727735964000001
68559,0.14122088080000023
68563,-0.3517997355999999
68564,0.36804341800000023
68565,0.5001323634
68566,0.06766468380000017
68567,0.07275615679999987
68576,0.0778907795999995
68585,-0.4520280299999996
68588,0.24986465219999995
68591,0.15797468760000016
68592,-0.31885162679999973
68597,0.005794837800000072
68598,-0.011107198000000186
68603,0.20619623239999996
68606,0.09982388139999969
68607,-0.0787448833999999
68611,0.08868592200000018
68612,-0.45638089399999976
68614,-0.5360003404
68616,0.01992139940000026
68626,0.20558061679999967
68628,-0.08140279360000006
68631,0.20095748280000017
68632,-2.0609822950000005
68634,-0.20292936480000012
68636,-0.3570017267999999
68642,0.18190581679999998
68644,0.18773943420000022
68646,-0.8333723094
68652,-0.5687491363999999
68653,-0.4381078066000004
68655,-0.0846609304000003
68662,2.3962791636000005
68666,-0.16080505560000002
68667,0.10650847879999983
68668,-0.008671067799999566
68671,-0.11933457879999983
68678,0.07600849739999996
68680,0.27818004939999985
68682,-0.24310544679999993
68691,0.3310675824000002
68693,0.12951060219999988
68701,0.2379378506
68703,-0.48179099080000043
68705,0.5488545697999999
68708,0.3227585378000004
68709,0.07251593900000017
68713,0.5534952409999999
68718,-0.8048229821999999
68723,0.07017484379999991
68724,-0.028344406799999795
68725,-0.49761937579999993
68728,1.2751680538000003
68729,-1.8294260321999996
68730,-0.13245998819999993
68731,-0.24244902360000004
68735,0.19163965700000038
68736,0.16677698020000023
68737,-0.023142338200000258
68738,-0.6231399231999999
68742,-0.1307039707999998
68743,0.17498358819999993
68750,-0.6496743094000001
68753,0.20591928080000024
68755,-0.40702826739999975
68758,0.37482121980000027
68760,0.9618420414000001
68764,0.02498218000000013
68770,-1.6491540593999996
68774,2.4227005404000006
68775,0.30479873520000017
68776,0.046644256799999985
68777,0.0518082225999999
68778,-0.9507611138000002
68792,0.07064377840000002
68794,0.3188733035999999
68795,-0.2188966437999998
68796,0.1580282003999999
68797,0.1489196316000001
68799,-0.08657137620000002
68801,0.07760877780000008
68802,0.03249576179999991
68810,1.3115266485999997
68813,-0.11988660080000033
68815,0.029721592200000105
68816,-0.7244599051999996
68817,-0.0797078575999995
68818,-0.05175439399999994
68828,0.012578893799999956
68833,0.33209640500000026
68836,1.3278396532000003
68837,-0.07308475340000026
68839,0.21829922099999982
68842,-0.022241240399999796
68845,0.1324023642
68846,-0.030535531199999966
68852,0.5788067594000003
68854,0.3835277790000001
68857,-0.16585318599999982
68859,0.28618000219999973
68865,-0.05547913060000001
68867,-0.24673310719999986
68870,0.12691388279999977
68875,-0.7278045399999999
68877,-0.6274415616000002
68879,-0.06639154100000015
68889,-0.3921140222000002
68891,3.0337610792
68895,0.34317236499999987
68897,0.062142724000000094
68904,0.048292627999999914
68910,-0.027529217999999932
68911,-0.3417868314000002
68915,-0.12272870360000018
68916,-0.10966213259999996
68917,0.07570244359999986
68918,0.01094759320000005
68925,-0.37772621659999983
68926,0.04316126440000012
68927,-0.10179371680000013
68929,-0.30847336719999985
68938,-0.28367909039999983
68939,0.4593221294000003
68942,0.18599756479999954
68943,-0.6039475804000002
68944,-0.14932782700000047
68947,0.03199483060000005
68948,-0.1315583800000001
68953,0.2624832232000003
68955,0.020678989400000347
68957,0.23681120919999987
68961,-0.3582879528000003
68964,-0.14839174119999984
68966,0.27948376160000005
68968,-0.13974369640000006
68969,0.14412202900000004
68970,-0.04804805799999982
68971,-0.07596307579999984
68972,-0.5851503772000003
68975,-0.0624316318
68977,-0.11910087339999986
68979,0.5578335407999997
68980,-0.025576968000000016
68981,0.5293349662000004
68988,0.6057176651999997
68991,0.0737126768000003
68992,-0.0650351217999999
68995,0.14121363440000043
68999,0.2605978318
69008,0.016758514600000374
69009,0.12010555580000004
69010,-0.06562887479999943
69017,-0.12441152259999994
69019,-0.4370157720000002
69020,-0.4660976430000002
69024,-0.6907977184
69028,-0.12337522979999987
69029,-0.3739113139999997
69032,0.027140279999999965
69035,0.24081229719999975
69036,-0.0588430462
69038,-0.032613880599999964
69046,1.2886000000023046e-4
69047,0.05164408159999991
69048,-0.18972449260000024
69050,0.12035160180000018
69051,-0.010280286000000043
69060,-0.019747031600000062
69064,0.2831706382
69065,0.6841828586000004
69071,0.05900746319999987
69072,0.6254634244
69076,-0.8750691582000002
69077,-0.07875694099999997
69080,0.3434500369999999
69082,-0.11449339380000012
69083,-0.09416437420000001
69085,-0.10461866519999992
69089,-0.44216575879999986
69090,-0.5590496763999999
69091,-0.48099038860000026
69094,-0.038776973199999544
69097,-0.12553634300000013
69101,0.2682817806000001
69106,-0.2370935872
69113,0.036305113399999936
69116,-0.28583792199999997
69121,0.06454482359999983
69125,-0.12291862439999975
69129,0.03139416539999987
69131,-0.2590011122
69136,-0.33608335119999977
69137,0.027912507399999873
69146,0.1558686180000004
69149,-0.1894951529999998
69150,-0.12033317240000015
69151,0.25483373900000006
69155,-0.30172566199999995
69156,-0.1609343683999999
69159,-0.23335675840000025
69161,-0.008175043199999971
69162,0.1251208672000001
69163,-0.01772289179999972
69168,-0.10436010239999989
69171,-0.2530934342000005
69178,-0.5049069946000003
69181,-0.8406207820000002
69183,0.16105575300000002
69185,-0.021623514599999893
69186,-0.21358258200000008
69187,-0.047393142400000005
69188,-0.39813836320000034
69190,-0.7300728822
69191,0.033212626200000095
69192,-0.39249845740000017
69195,-0.3007022532000002
69202,0.1368683904000001
69207,0.10442234939999968
69215,0.16520562779999998
69217,0.20093101559999998
69219,-0.08575595299999997
69226,0.6967907405999998
69228,-0.2019092226000005
69232,0.09073453179999952
69234,-0.5170319306
69237,0.9468462518
69241,0.4132315980000003
69253,0.2466544496000001
69256,0.5567468278000002
69257,-0.06532017999999996
69259,0.08313167859999986
69260,-0.5604911855999999
69263,-0.8046814692000002
69270,0.18903171639999988
69274,0.9937322225999999
69276,-0.3670637434000003
69281,-0.05180821879999994
69288,0.1950770293999998
69297,-0.07740642980000008
69299,0.12313774479999999
69305,-0.4017081833999997
69306,-0.09052379700000009
69309,-0.031097615999999738
69310,0.22205080600000002
69312,0.7061291863999999
69317,-0.18551051580000005
69332,-0.06974065960000024
69339,0.06410949920000013
69349,0.11036152439999984
69352,0.1654141084000002
69354,-1.4422327173999998
69363,-0.06753591020000001
69367,-0.06674696779999995
69368,-0.5906847534
69371,-0.013105972799999954
69372,0.01707741900000011
69376,-0.038664041799999896
69379,-1.2283215359999997
69384,0.06843248259999973
69387,-0.14188391179999993
69398,-0.6839496826
69399,-0.10709023040000006
69401,0.11267914680000006
69408,-0.4899145110000003
69412,0.15275571540000002
69440,-0.04242425660000003
69444,-0.19682722260000002
69453,-0.3050843418000002
69454,0.9067476188000001
69456,-0.23020131780000025
69459,-0.7278725195999997
69469,0.0200441176
69470,-0.2473551741999996
69473,0.06198450019999998
69478,-0.3590886262
69480,0.2201514620000001
69481,0.046035563199999865
69487,-0.20442455859999992
69496,-0.1971734849999999
69499,0.4710949877999999
69511,-0.015071417400000089
69519,-0.48675861620000005
69524,-1.4750490186000005
69527,0.04623683779999991
69528,-0.043656577400000014
69533,0.0253591530000005
69534,0.2617652938000001
69535,-0.26835821279999994
69536,-0.023442636999999954
69537,-1.2434504233999997
69538,0.16439180399999972
69539,0.3979137652000002
69540,0.08186491860000036
69541,-0.06865571939999997
69542,0.05212939619999995
69543,-0.1095460307999998
69544,-0.41011873639999974
69547,-0.08939431320000005
69549,-0.21020584580000018
69550,-0.24859884040000021
69551,0.4949420735999997
69554,0.018612293000000335
69556,0.6396823181999999
69562,-0.38479892939999993
69564,0.12486278360000005
69568,-0.24092313700000006
69572,-0.2668480430000001
69573,0.8127931972000001
69574,0.5441896258
69576,0.21026319360000006
69577,0.24865641640000008
69581,2.5001596156000003
69582,-0.11154031399999997
69583,-0.06995424559999996
69587,0.17252966180000015
69590,0.9858217269999999
69592,0.2381457853999999
69596,-0.40310467820000007
69597,-0.276119761
69601,0.21543081039999984
69602,-0.2596238574
69606,-0.0932182644000001
69608,0.9413946880000001
69612,0.06439053800000011
69617,-0.3400291470000001
69627,0.22700680040000018
69632,0.28886284859999983
69634,0.25396824559999975
69635,-0.47771633460000035
69638,0.28458803280000017
69639,-0.13582154200000005
69640,0.036700611599999905
69642,0.5842406294000001
69654,-0.43464189579999973
69655,-0.041299120599999906
69656,-0.08230401019999983
69660,-0.0514545189999996
69662,-0.2838343414000001
69663,0.1468989092000001
69665,-0.014939465800000384
69666,0.14675277039999987
69668,0.2599559585999998
69671,0.23832525899999996
69672,-0.3403887162000002
69674,0.5062714191999997
69675,0.9584069491999998
69683,-0.03767398019999996
69692,-0.03154736600000019
69693,0.4534565692
69694,-0.2026160169999999
69697,0.031896298800000084
69698,0.20827494480000017
69700,0.4071889363999997
69702,-0.01907304760000006
69706,0.017644613399999724
69707,-0.09457200700000008
69710,0.09319244800000011
69714,-0.022652820200000076
69716,0.24002140500000008
69718,-0.0519095497999997
69719,-0.15370118139999964
69721,-0.1313865036000001
69723,0.15617051139999988
69724,-0.19404610740000003
69726,-0.21623613420000026
69727,-0.3183572655999999
69731,-0.37707783839999964
69736,0.20005877160000005
69737,0.08253585019999984
69740,0.2048212642000001
69742,-0.3073514813999999
69743,0.04000552800000019
69745,-0.5458496400000004
69747,0.45570688859999997
69748,-0.1062599119999998
69752,-0.21651108519999962
69754,-0.5444960966
69757,-0.0662816522000002
69769,-0.8903594014000007
69772,-0.07634178319999979
69780,-0.5510778886000001
69784,0.06513948879999987
69786,-0.22884689519999996
69790,-0.1290901353999995
69792,0.15595080240000012
69802,0.2667365748
69804,0.2912548378000002
69806,-0.3039243832000002
69807,0.12281767520000016
69815,-0.12090921359999988
69816,-0.3263465877999998
69823,-0.2771565614
69824,-0.19170236960000012
69826,-0.16521314839999982
69833,0.4612702498
69834,-0.3617596628000005
69836,-0.14039061119999996
69837,-0.6464012114
69847,-1.200467054
69852,0.17366889320000026
69860,0.2564004919999997
69861,0.15681544120000002
69863,-0.3621862856
69865,-0.06181210339999995
69870,-0.2620338219999999
69871,-0.3124589546000001
69876,-0.33311290359999984
69878,0.3420809725999998
69885,-0.058349651399999994
69890,-0.45574646100000005
69900,-0.31566058600000024
69903,0.9369648558
69906,0.2624112088
69908,0.1585988885999999
69912,-0.005438099999999929
69917,0.003616845
69920,-0.19651258240000047
69922,-0.47552690539999976
69923,0.029262654600000288
69926,-0.023487263400000208
69934,-0.2931300631999997
69938,0.007348822199999844
69940,6.068439999999953e-4
69942,-0.19951840300000026
69955,-0.06426056000000013
69956,0.3498839291999998
69957,0.27509112200000024
69961,-0.13072970840000003
69962,-0.03702703019999978
69976,-0.3520607892000001
69981,-0.06955697140000083
69982,0.18784089579999996
69993,-0.37489472660000017
70008,0.11948202659999987
70012,0.4665313191999999
70020,-0.322005989
70024,0.012308763600000105
70025,-0.6244726612000002
70026,-0.6683218399999997
70031,-0.16345112599999984
70044,-0.04047758119999987
70047,0.4022633481999998
70052,0.14629172700000037
70054,-0.09852897560000003
70059,-0.13572602720000013
70060,0.05494520159999983
70061,-0.3324227098
70078,-0.2841377040000005
70080,-0.13251119019999996
70082,0.4166717536000002
70083,-0.2462781955999997
70086,-0.5926277222000003
70088,-0.15179725900000013
70093,-0.3606856813999997
70097,2.4946686261999997
70099,-0.7402681832000002
70103,0.23157452939999917
70110,0.4479962796000002
70118,0.1537960786000001
70120,0.23557468900000028
70122,-1.1260770846000003
70127,-0.05197911279999996
70129,-0.13215533639999993
70144,-0.38932911539999965
70155,-0.4456772372000003
70160,0.02823581339999972
70166,0.1592325872
70178,0.6645805340000001
70186,0.5464771075999995
70208,-0.3051645962000002
70209,-0.033437374200000036
70225,-1.4747506315999996
70231,0.09516862699999962
70233,-0.2261207586000003
70235,0.03380061940000001
70237,-0.18180735019999994
70238,-0.016394503200000066
70239,0.23187253940000013
70240,-1.708419498
70247,0.2820618769999996
70248,0.19810285859999993
70261,-0.06225116800000005
70285,-0.06188132620000014
70292,0.6981498088
70294,0.006533344000000352
70296,-0.33697810460000033
70297,-0.1797992482
70300,-0.015027595799999838
70310,0.24518125199999968
70312,0.025526014600000348
70314,-0.4234710516000003
70315,-0.4475106816
70316,0.7146312588000002
70317,-0.16113705040000018
70335,-0.8346058882000003
70337,-0.43714303880000005
70349,0.1161623524000007
70350,2.1636742868
70351,0.24808835580000005
70354,0.34679139140000004
70355,0.10233703000000016
70356,0.23509969860000018
70357,0.054221034000000036
70358,0.6337858058000002
70359,0.3432737554000001
70361,0.13075885060000023
70362,0.03065964960000009
70363,-0.022887763000000463
70369,0.3167691816000001
70370,0.2118776185999996
70373,-0.1967451513999999
70375,-0.15186077720000002
70377,0.14142148819999995
70380,-0.1954610894
70381,-0.5208276320000002
70382,-0.27853832339999973
70383,0.25423262860000034
70385,-0.1421575901999999
70387,-0.43742367359999984
70392,0.15388735159999994
70393,0.0481575844
70394,0.038497361599999974
70396,-0.21142315000000028
70397,0.5126313765999999
70405,0.24272831359999963
70408,0.08271922719999994
70417,0.37380625740000006
70422,-0.04073191459999994
70423,0.1746467528
70425,-0.5681520571999998
70426,0.1288443179999998
70427,0.08233763860000012
70428,-0.6362635570000001
70430,-0.061429707800000344
70432,-0.3612789009999998
70433,-2.0800598376
70435,-1.5598681397999996
70439,-0.030260024199999958
70445,0.40110031700000004
70450,-0.9695509697999999
70451,0.3419334542
70454,0.05831821639999994
70456,-0.3222960539999999
70461,-0.33552920260000024
70465,0.5719572296000006
70466,0.16167672539999992
70470,-0.18136764419999984
70472,-0.5519785774000001
70478,0.14861085199999985
70481,0.002674206600000062
70484,-0.2008198066000002
70495,0.23736277900000005
70497,-1.0537948821999996
70503,0.19600795339999982
70508,-0.305778673
70510,-0.6491426877999992
70527,0.08690022620000022
70530,-0.034347574399999914
70533,0.2684317902
70536,-0.03085438159999969
70544,-0.3072304766
70546,0.13561924399999992
70549,-0.09702757059999989
70551,-0.012373940399999839
70552,-0.06332227960000017
70556,0.7981580462
70560,-0.05582109839999967
70561,-0.6466623576000006
70567,0.13589614840000003
70568,0.4609374429999999
70571,0.0687802517999998
70572,0.5087256240000002
70573,-0.36555190579999997
70574,-1.4262155234
70575,0.13781632120000004
70579,0.2346577638000003
70584,0.3525675646
70591,-0.006206076400000184
70598,0.2600784130000003
70601,-0.19688043619999984
70603,-0.13227201900000035
70604,0.09428337439999994
70605,0.01028113519999981
70611,0.5048310001999996
70612,-0.11955112000000005
70615,0.022285423199999946
70616,-0.15620644940000009
70620,0.7642926105999998
70625,0.05837904519999986
70640,-0.1875245391999999
70645,-0.004501830599999943
70646,-0.05399907780000021
70650,-0.021402887199999974
70652,-0.1371362968000001
70661,-0.3207471843999999
70673,-0.06129333700000003
70675,-0.020115962799999748
70676,0.14198811199999994
70683,0.20474948599999987
70686,0.7911299599999999
70699,0.08036508900000015
70701,-0.7431530300000002
70713,0.06033743139999999
70717,1.4158046868
70726,-0.19441772519999995
70727,0.31676331740000013
70729,0.03425925800000037
70737,0.10044362139999982
70747,-1.6585010323999996
70750,-0.1604327972
70762,0.15253828160000005
70767,-0.013014307199999742
70769,1.1952057870000001
70771,0.09890857200000003
70779,0.32749638900000005
70784,0.1211206390000001
70785,-0.6460667526
70788,0.23782060860000004
70789,-0.7912952566000001
70790,0.03755278820000035
70791,-0.632205682
70796,0.06759305919999983
70797,-0.49184825879999944
70799,-0.6618351862
70802,-0.42369825260000005
70804,-0.023855668200000027
70807,-0.21365424140000008
70810,-0.1621921583999999
70823,0.04745785379999975
70827,-0.49434144579999995
70829,-0.5294534778
70834,0.18557288719999968
70835,-0.014585575000000087
70839,-2.6845710277999997
70840,0.03917370540000017
70843,0.025060400799999796
70859,-0.14999097299999992
70862,-0.26258344359999997
70864,-0.0333668735999999
70873,0.4665313191999999
70881,0.17136591219999991
70882,-0.2426516374
70884,-0.18474502699999995
70885,-0.05105026919999995
70891,0.11028550520000016
70892,0.19557964859999996
70893,-0.01567172819999997
70894,-0.04247976820000014
70911,0.1782674836
70918,-0.0017923229999995793
70925,-0.4146443999999999
70928,-0.09710427439999997
70930,0.17201681420000003
70941,-0.11532170199999994
70945,-2.3986404796
70967,-0.021144958800000075
70974,-2.3659204448
70977,0.08544377119999995
70979,-0.050756255800000025
70984,-0.15367301720000018
70993,-0.0478297716000002
70997,0.42661788559999997
70998,-0.05127317179999975
70999,-0.17353625140000023
71007,-0.26633629000000025
71020,0.07911023419999985
71037,-0.027586250999999784
71041,0.2161700485999997
71046,0.004646363399999853
71059,-0.3027783855999999
71062,-0.1210400749999998
71063,-0.16986730520000023
71069,0.2234252454
71085,0.25605161719999997
71091,-0.7285662913999997
71093,0.09801574319999988
71096,-0.03639783019999979
71099,0.0896917120000001
71101,-0.15564671240000014
71103,0.0052944639999999875
71111,-0.18982531179999995
71116,0.39259442940000044
71130,0.040886268599999914
71131,-0.048705952799999785
71132,0.02811989840000014
71137,-0.14984492639999997
71138,0.04170999280000007
71145,0.11577875559999987
71146,0.23102650699999977
71147,-0.3115457677999999
71148,-0.5571937247999994
71151,0.1184563950000001
71156,0.06338094079999992
71164,-0.06688190039999994
71169,-0.06787601639999981
71175,-0.8191504859999998
71176,0.21710650659999992
71183,0.026798582399999837
71198,-0.8136856476000001
71200,-0.04739292359999984
71206,-0.027468300600000203
71207,-0.3929938177999997
71213,0.009867326800000149
71223,-0.5237051058000001
71228,-0.01389868180000013
71233,0.4702790376000001
71240,-0.21330389000000008
71241,0.06528762200000013
71242,-0.014767973400000222
71254,-0.060029867400000304
71263,0.007738685000000156
71275,0.05655814800000022
71276,0.2645127384
71279,-0.47567702079999996
71281,-0.2331615352000001
71287,0.018385772999999973
71300,0.21547479979999978
71302,-0.1842312100000001
71306,-2.7694909098
71310,0.21876110059999992
71313,0.09022141479999986
71323,0.24797675220000012
71325,-0.10884946619999994
71326,-2.3653229668
71330,-0.4267379093999998
71336,-0.12486919380000021
71340,0.1859949113999999
71345,-0.06070422359999998
71354,0.1326724069999999
71355,-0.03992944299999993
71361,0.32750813180000005
71365,-0.08708018520000012
71367,0.17303066739999987
71371,0.8130759703999997
71373,-0.056610660000000035
71375,-0.6121531922000003
71382,-0.15466415819999996
71389,-0.5311156148
71393,0.18669326100000017
71409,2.4241597562
71421,0.03468783139999978
71435,0.5928703076000001
71436,2.864010808
71448,-0.0984343896000002
71449,0.3116990212000001
71452,0.04024828659999999
71458,-0.1337004666
71461,0.1410955606
71472,-0.41674366759999976
71474,-0.020593994199999886
71481,-0.1759718212000001
71492,0.07100724519999994
71514,0.4931456991999994
71519,-0.13287094679999978
71520,-0.9054765303999996
71521,0.03246443399999971
71522,0.11535074620000005
71529,0.4855978937999998
71532,0.07255870320000021
71538,-0.7876492119999998
71544,0.36895670160000016
71562,-0.8259616858
71564,-0.22653739779999996
71566,0.3915541937999997
71567,-0.28763905879999996
71583,-0.13068533919999972
71584,0.2797983202
71586,0.4928867103999998
71591,-0.025104318400000204
71592,0.5783588324
71597,0.08842270020000013
71599,-0.12607675320000009
71602,0.39478369140000014
71607,0.15751984780000025
71609,-0.2658752604000002
71619,0.012483518200000083
71648,-0.7281232064000003
71660,2.5798380703999997
71665,-0.21947804320000014
71667,0.14353983359999983
71670,0.017300607799999826
71673,-0.25758366039999975
71678,-0.3896354184000003
71682,-0.005910600400000021
71683,-0.7147904722000001
71684,-0.19414847979999994
71685,-0.12745713300000022
71687,0.028039248200000335
71690,0.42496325259999984
71693,-0.06673617400000005
71699,-0.22318134639999965
71701,0.2915047011999999
71702,-0.05510880639999982
71703,0.6996933982000002
71704,-0.7769348106000002
71706,-0.6208207111999998
71707,0.2717076786
71709,0.4324790549999996
71710,-0.20230623399999992
71711,-0.2288816998
71712,2.278147003
71713,-0.22098717379999983
71715,-0.3050585591999999
71718,0.15526716879999986
71720,-1.006761425
71721,-0.05798022619999994
71722,-0.32014677959999993
71723,-0.37418122680000004
71726,-0.21087045900000007
71728,-0.8226606126000002
71729,0.2213130296000001
71732,-0.2562030362000002
71733,0.6645005214000002
71735,-0.49520492520000037
71738,1.1380348908
71742,-0.1265511108
71743,-0.36643033
71745,0.23787897860000004
71746,0.15568591079999994
71750,-0.38951727440000017
71752,-0.10761072679999978
71753,-0.17968480620000044
71755,0.16505629640000005
71756,-1.0087135178
71760,-0.2680177753999999
71761,-0.24449548220000006
71764,-0.030498311800000105
71765,0.027028732000000142
71766,-0.06497389900000013
71767,-0.009630401400000096
71768,-0.3198219648
71769,-0.02981290800000007
71770,0.4265522799999998
71772,0.006662248399999977
71773,-1.6408641762000002
71774,-0.2550857504
71777,-0.21416828139999994
71778,0.07499865499999976
71780,2.611482000000387e-4
71781,0.07902090839999992
71782,-0.5496578110000003
71785,0.9782124448000002
71787,-0.017164923800000047
71790,0.585280309
71791,-0.08968562239999985
71793,0.3162059443999997
71795,-0.8140487022000003
71797,-0.1775622133999999
71799,-0.14873532880000012
71801,-0.26939223399999984
71803,0.15017216120000007
71804,0.2550217785999999
71805,0.06101972439999999
71807,-0.08255052440000005
71810,-0.03209137420000019
71816,-0.4888303287999999
71817,-0.8879820783999997
71819,-0.4359318426000002
71827,0.3670018677999999
71828,-0.1887164072000001
71829,-0.0636922074000001
71830,-0.03855680840000009
71833,-0.44595305899999993
71834,-0.2160966768
71835,0.28369989879999996
71836,-0.19986577300000014
71837,0.16350102920000043
71838,-0.1441414833999998
71839,-0.2876498685999998
71840,-0.06933037260000015
71843,-0.07314632780000016
71846,0.09196490099999988
71853,0.47410468919999965
71854,-0.1100518438
71861,-0.0716245885999999
71862,-0.6349193184
71864,0.036768514799999874
71865,-0.6295505588000003
71869,-0.07891464940000008
71877,-0.2518293218
71878,-0.09316103379999988
71881,0.35635049860000023
71883,0.3448168802000001
71884,0.0382519241999999
71887,-0.3541985045999999
71888,-0.23150573840000016
71889,-0.024971026200000093
71890,-0.2956763807999998
71891,-0.12646992200000007
71893,0.005650006000000119
71897,-0.27413182759999993
71900,-0.5578063491999998
71901,0.3045143992
71902,0.19051501519999992
71904,-0.21263403379999968
71907,-3.845464000001186e-4
71908,-0.07515056900000008
71909,-0.3886052642000001
71911,-0.8558435672
71912,0.08435801699999992
71913,0.12587261459999954
71914,1.131361038
71916,0.07161985579999985
71918,0.1993139194000005
71919,0.2772366790000002
71924,-0.09685256619999993
71927,-0.23659773720000019
71929,-0.5324718700000002
71932,0.12245374500000011
71934,0.9850750827999999
71939,0.12091657440000018
71941,-0.4113995546
71943,-0.6348680542
71946,-0.7657587167999995
71949,-0.18695660200000025
71950,-0.081687594
71951,-0.1967141704000003
71954,-0.3951221577999998
71955,0.3709694712000001
71956,-0.431001513
71960,0.5152918986000001
71963,0.09984922979999933
71966,-0.6000778351999999
71967,0.052526788799999974
71968,0.026496074999999973
71971,-0.12665128240000026
71972,-0.23537631980000012
71973,-2.2825299812000006
71974,0.0027896857999998304
71978,0.37593040039999936
71981,0.14982926060000018
71982,0.47216695179999946
71983,-0.09447945939999992
71984,-0.2049247537999998
71985,-0.2573757810000002
71986,0.18555182379999985
71988,-0.5964623099999997
71989,-0.1535929848
71990,0.18489153860000035
71991,-0.09456748799999987
71994,0.07872880699999993
71997,-0.2194864047999996
71998,-0.037894623000000405
71999,0.14862983800000026
72002,0.09241692219999997
72003,0.1486290669999999
72007,1.4056992623999998
72008,-0.3256215624000001
72014,-0.1843431838000001
72017,-0.6236529969999998
72018,-0.4026022846
72020,-0.21688204959999968
72022,-0.0014171981999999694
72023,-0.25258957239999996
72026,-0.11610405580000016
72027,-1.3942046011999996
72029,-0.05686839740000006
72033,0.013494286399999911
72039,0.1552930152
72040,-0.0048318293999999595
72041,-0.39960548940000024
72042,0.15877101520000028
72043,0.29386276960000013
72046,0.22542230140000025
72047,0.09127972340000008
72049,-0.6435587182000001
72053,-0.33633757379999984
72054,0.14193061259999987
72055,-0.9273704282000004
72056,0.7769339653999999
72058,0.026583490199999983
72065,0.0582366143999998
72068,-0.14707496780000007
72074,0.0025981457999998845
72075,0.2267654598
72077,0.19611218920000012
72080,-0.22974438119999974
72082,0.23717977620000008
72083,0.046543827599999865
72084,-0.3582445231999992
72085,-0.19166817600000013
72088,-0.08924945480000002
72090,-0.5193074632
72094,-1.2143267494
72098,0.14229978259999956
72102,-0.31376873579999975
72103,-0.3195556515999998
72106,-0.16267490400000018
72107,-0.177726279
72108,0.2229080717999999
72112,0.18130920880000007
72113,0.09781591199999973
72114,-0.05778338139999981
72117,0.5184181256000002
72119,-0.014541349999999842
72121,-0.3940194375999999
72123,-0.7940673556000007
72124,0.3317366123999996
72125,0.20737025159999994
72129,0.06116669359999987
72133,-0.08366585240000009
72135,-0.02863758140000003
72136,-0.11022102100000009
72137,-0.0804507024000003
72140,-0.47883672639999997
72141,0.9678239356
72144,-0.12832600739999994
72145,0.6302136566000002
72147,0.2830500810000002
72148,-1.4211407340000002
72149,-0.24356855060000024
72151,-0.07767708579999992
72155,0.05316220160000018
72157,0.37748389499999996
72160,-0.5495150389999999
72162,-0.4405248915999998
72167,-0.34795488780000017
72168,-0.1787636636
72169,0.22269100199999986
72170,0.9045381531999996
72171,0.08142599000000032
72175,-0.3681366122
72179,-1.9944368306000002
72180,0.0061834677999998726
72181,0.05346021619999971
72183,-0.022617357000000213
72184,-0.03963609580000006
72185,0.11637776460000016
72190,-0.7731923834000002
72193,-0.34030892020000003
72194,-0.10949240159999966
72195,-0.20392723220000025
72199,-0.2850200770000001
72201,0.21747313240000016
72205,-0.04207482799999981
72230,-0.061449046400000026
72236,-0.08965181639999997
72238,0.11591980500000003
72244,0.37171300240000027
72254,-0.19655800699999998
72258,0.03206504779999993
72265,-0.42334670019999937
72267,0.1766835758
72269,0.03171361980000002
72275,-0.5174571012000001
72278,-0.06393289719999959
72281,0.5638531667999999
72287,0.6254832630000001
72290,-0.10858920819999991
72293,-3.205762000000334e-4
72297,-0.023933326600000103
72306,-0.26583160959999985
72307,-0.3352298211999999
72308,-0.3102305340000001
72309,-1.9447333774
72310,-1.503519484000001
72313,-0.47049944099999974
72318,0.012123414200000031
72322,0.2176276142000001
72323,0.027185128400000202
72324,0.10123409980000009
72325,-0.2987717785999999
72330,0.39375288260000013
72338,-0.006642147999999889
72341,0.06490513499999986
72344,0.3068614940000002
72345,-0.25551224799999994
72349,-0.9644371667999998
72350,0.1408170507999998
72351,0.18359860599999978
72354,-0.12060616179999999
72355,-0.20717520520000005
72357,-0.22660046560000016
72371,0.17461117479999996
72373,0.05852922060000002
72383,-0.06682600359999996
72388,0.12149415819999998
72391,0.1769052956000003
72392,-0.07439923200000002
72393,0.09168498919999984
72399,-0.21948319140000017
72400,0.21560297600000008
72401,-0.4657682150000003
72404,-0.5990191491999999
72413,0.18095048320000018
72416,-0.05125471160000039
72425,-0.1546427033999997
72429,0.2380781196000001
72431,0.18141754080000005
72432,0.08729119560000001
72433,0.4864028796000001
72434,-0.06139361379999997
72446,-1.0809812124000002
72454,-0.05033701499999985
72459,0.4917844938
72461,-0.2295784704000003
72462,0.7735001740000005
72465,0.10665812219999964
72469,0.4398556973999998
72472,-0.17556985339999986
72475,-0.7583297745999996
72477,0.23210814820000003
72479,-0.3465892836
72480,-0.4779845050000001
72482,0.010354751400000273
72500,0.06939389359999985
72502,-0.10262913160000015
72504,0.5937813047999999
72507,0.28020444320000004
72508,0.13627905960000014
72514,0.19497534859999993
72515,0.7108653011999999
72522,-0.33237412159999946
72535,-0.1135897698000001
72536,-0.5937410914000004
72542,0.30019249480000026
72543,-0.24691693620000024
72549,-0.3238762497999998
72552,-0.9418450876000002
72554,0.4023150808000002
72555,-0.1674315420000001
72556,-0.38051784980000003
72560,0.98591755699999994
72562,-0.03970217260000005
72565,0.12975666940000002
72567,0.14538437720000044
72568,-0.29869789
72569,0.10544897659999997
72572,0.5477504722
72584,-0.5431380779999999
72585,0.006843165599999956
72587,-0.31363130059999983
72590,-0.05367285000000008
72599,0.05638404220000002
72605,0.08512914420000009
72607,0.1868420053999998
72611,-0.11382980539999998
72614,0.22977585259999994
72615,-0.2171261730000003
72621,0.06898451260000016
72630,0.19236674419999994
72634,0.12259973420000012
72640,0.16750843659999984
72649,0.10294508320000004
72654,-0.9011710797999996
72656,0.16331611599999984
72661,-0.023441014600000185
72662,0.8709346962000002
72667,0.12743630920000015
72668,0.06675211240000012
72672,-0.14791520839999972
72674,-0.10167089199999957
72685,0.2901424261999999
72691,-1.3617559155999999
72692,0.4299381674000003
72693,-0.012518901600000208
72699,-0.6127280495999999
72701,0.0976975718000002
72713,0.1243870526
72720,-0.23955785139999994
72722,0.5651473247999999
72723,-0.40487587879999987
72726,-0.30867404540000043
72727,-0.3334592967999999
72729,-0.4511372641999998
72736,-0.42586551260000005
72739,-0.20541570280000027
72745,0.22731186160000033
72747,-0.3562164960000002
72748,-0.05020220559999996
72749,-0.22042563820000022
72750,-0.5782292480000002
72754,-0.12129520580000028
72759,0.24980154899999998
72772,-0.10475364679999988
72774,-0.5066182225999997
72775,-0.19701435980000032
72776,-0.36425333739999993
72778,0.009909034800000072
72780,-0.010550845200000047
72787,-0.03642898659999999
72789,0.02426964739999989
72792,-0.05823063500000014
72795,0.2351909667999998
72805,-0.18727401360000012
72821,-0.05300667019999991
72823,-0.7805265165999998
72825,-0.1309630885999999
72826,-0.4992032860000002
72828,-1.4849092819999998
72831,0.08021451440000008
72832,0.19287197320000007
72843,0.26696946320000003
72844,0.5565835082000004
72852,-0.6903245290000001
72881,-0.5072598692000001
72895,-0.07853166799999992
72898,-0.0880971989999999
72899,0.3192618130000001
72900,0.24341847439999997
72902,0.20931958540000012
72927,-0.12024108720000015
72930,0.286470025
72931,-0.061557245399999884
72935,0.022983521800000004
72946,-0.057047943400000266
72947,-0.4534673297999996
72948,0.2526179413999999
72949,-0.21395513679999995
72960,0.18670119859999995
72961,0.004409954599999449
72962,0.3295692197999999
72972,-0.23898823559999993
72978,-0.26759160279999994
72982,-0.010402654200000154
72993,0.13712326080000015
72999,-0.5973792732000002
73010,0.1800517317999999
73024,0.2102293660000008
73032,-0.36292394060000016
73046,-0.4113146999999998
73047,0.21679941619999996
73062,0.03547450879999994
73067,-0.2816518186
73068,0.48137297799999956
73075,0.30767530739999993
73078,0.2656166820000001
73086,-0.7550071845999999
73090,0.15328467640000004
73094,-0.059144169
73095,0.0768489191999997
73102,-1.3405101614
73103,-0.12562620100000008
73112,0.36667675479999995
73122,-0.19137795379999986
73124,0.7393060642000002
73130,1.131857612
73132,-0.13461427119999964
73137,0.1058960561999999
73139,-0.5450706006000001
73158,0.7184995730000006
73162,-0.08387789839999993
73166,-0.3392102640000001
73172,-0.3336057720000002
73173,-0.4098494002
73174,-0.0048807937999999496
73178,0.20175089100000018
73181,0.13385485520000007
73182,-0.3403631520000001
73191,-0.23873026019999974
73192,0.4183447440000002
73212,0.01535322779999983
73225,-0.3335762911999998
73230,0.5078275764000002
73242,0.13548100999999996
73246,0.19917772839999998
73247,-0.23391026620000002
73251,-0.1821602462000005
73254,-0.1162870496000001
73259,-0.0997412884000001
73261,0.0934311524
73274,-0.32966232599999934
73284,0.6263341953999999
73293,-0.12963629539999974
73296,0.006550518800000305
73301,-0.0019928899999999902
73314,0.0831805317999997
73316,0.07259012019999975
73324,-0.2495154901999999
73327,-0.06677691120000022
73332,0.09448774200000028
73333,0.07118307560000003
73338,0.06089715360000003
73340,-0.006920982399999976
73341,-0.39745603419999964
73344,0.01676555199999994
73353,-0.05885658079999995
73360,-0.10508827499999979
73368,-0.053986567999999825
73373,-0.35128907480000005
73379,1.8369918438
73388,0.19110595000000039
73389,-0.4635208301999999
73398,0.04659147319999997
73412,-0.05319811500000002
73420,-0.13915758520000007
73435,0.01263680339999988
73442,-0.05083602840000017
73447,-1.5671630724000003
73453,-0.2764888378
73456,-0.1108290410000002
73466,0.007060432799999828
73467,-1.0488416122
73469,-0.8974975540000006
73470,-0.12634772280000012
73472,0.03339535239999999
73473,0.29964087379999993
73490,0.10133253520000027
73503,0.19653365900000003
73523,-0.28057095979999963
73569,0.8580586664
73582,-0.1049012312
73598,-0.13506918760000008
73647,0.19016541960000025
73649,0.18650933799999975
73658,-0.09693283799999985
73660,-0.1398068278000002
73666,-0.06722068880000018
73667,-0.011559540799999907
73668,-0.04634179540000005
73671,-0.013910802200000108
73674,0.9299537056000003
73677,-0.03933064179999999
73680,-0.03276464399999986
73681,0.08290670520000043
73683,-0.8519858838000003
73689,-0.22854881979999978
73690,0.11703419239999986
73693,-0.023117460800000177
73694,-0.05662913439999998
73699,-0.06312915619999974
73703,-0.2929319350000002
73710,-0.45539069019999995
73711,0.029666924200001093
73713,0.4138993076000002
73720,7.374767999999855e-4
73723,-0.7634830959999999
73724,0.056335021400000164
73728,0.14981145280000002
73729,-0.1796008215999997
73736,0.3144545619999999
73738,-0.10342603559999988
73739,-0.4183310764
73744,-0.2299427154
73748,-0.08785604239999995
73750,0.032668607600000135
73754,-0.026414272200000255
73804,0.23162923640000024
73808,-0.02296526179999995
73809,-0.2635978026
73813,0.18067362799999995
73822,-0.08490851400000014
73825,-0.028175461800000245
73826,0.3445669253999995
73828,-0.2745901830000001
73830,-0.28136552000000065
73833,-0.10168222079999989
73834,-0.10517998459999944
73835,0.5261122979999999
73836,0.033076558799999836
73844,-0.10929388680000009
73845,-0.1476508110000002
73847,-0.07053821700000018
73852,-0.19915281899999987
73873,-0.0051743494
73884,0.20062497320000006
73893,-0.7362866696
73902,0.32698451440000015
73910,-1.7040859842000005
73914,0.8668893715999998
73916,0.35991647499999957
73919,0.11330091940000012
73936,0.038787049399999864
73940,0.12513983700000003
73942,-0.27403986160000005
73945,0.2543993835999995
73991,0.3062720362000002
73998,-0.5965484910000001
74002,-0.13324913399999977
74004,0.19857687139999985
74006,-0.1993580651999995
74008,0.2526240844
74011,0.03247818080000009
74012,-0.41311564499999986
74013,-0.11377460160000012
74015,-0.6468324159999999
74016,-0.04372983880000003
74018,0.16941645580000006
74019,-0.2022269409999998
74020,0.22517837740000016
74022,0.0847103082000004
74023,0.0485680982
74025,0.0471792721999999
74026,-0.26398715860000016
74030,0.3744501209999999
74032,-0.3726986214000004
74035,0.25495581099999975
74039,-0.2604079898
74043,-0.5415649962
74044,-0.17445449719999967
74051,0.28796407440000016
74052,-0.10622492220000018
74053,-0.1761546847999999
74055,1.3599059196
74068,-0.0034792391999998173
74075,0.1429296076
74080,0.11577782519999984
74081,-0.2857156165999998
74087,0.2179867424000003
74090,0.1845611837999998
74091,0.29784137899999974
74094,0.10725565140000004
74096,-0.5050173174000004
74097,0.23702638420000016
74100,0.1608277395999999
74102,0.17964794459999994
74104,-0.34947391699999975
74105,-0.8284455872000003
74106,-0.6437509074000003
74107,0.3238850549999997
74108,-0.15191033019999994
74111,0.3115449297999998
74112,0.4731875070000001
74114,-1.2346867214
74116,0.8290918522
74117,0.3509658980000001
74120,0.35896013100000007
74121,0.19059816319999995
74122,-0.7059980490000001
74123,-0.04576209139999996
74125,-0.43401211060000044
74126,-0.28980212639999936
74127,-0.5814214092000004
74129,-0.5608196839999998
74131,-1.0028859284000002
74132,0.024332352800000123
74133,-0.20322696239999996
74134,0.5918889318000001
74136,-0.2860045136000002
74137,-0.48671660020000046
74140,-0.039158725000000394
74142,-0.00912734840000002
74143,-0.04196955199999993
74144,0.24689123060000018
74145,-0.6325113987999998
74147,-0.6757119448
74148,0.5224934343999997
74150,0.14812429700000004
74153,-1.8251771598000002
74154,-0.5946101563999997
74155,1.0383137996000003
74156,-0.31745396660000014
74157,-0.25028735059999985
74159,-0.4148886905999998
74164,-0.07228226680000012
74166,-0.057693269800000044
74167,-0.013538987399999957
74168,-0.23740949259999983
74174,0.047017379199999904
74175,0.3294402225999999
74176,0.027262660400000104
74178,0.22734221440000013
74182,-0.36329472799999996
74185,0.3285298456
74186,0.6184180853999999
74187,-0.16046622419999998
74189,-0.09027213320000005
74190,0.5953466102
74191,0.8732418480000002
74192,-0.5079936926000006
74194,1.6770651810000001
74195,-0.07312158039999976
74196,-0.5891532575999998
74197,0.18109355839999988
74198,0.09997268060000017
74199,0.8190429899999998
74201,-0.12488338200000015
74202,0.5298108897999997
74203,-0.0071995690000001165
74204,-0.14648745160000004
74205,-0.0016452757999999789
74206,-0.20551988640000016
74211,0.15466116840000005
74213,0.05397920259999989
74218,0.15997851340000002
74229,0.15853262219999992
74237,0.22012536820000023
74239,-0.12416505000000022
74241,0.26591790699999984
74243,-0.12774372219999997
74244,-0.08933635239999976
74245,0.22702972539999988
74246,0.07377577819999992
74249,0.4559856628
74251,0.14473114659999986
74252,-7.923995999998823e-4
74253,0.12947897219999974
74254,0.4307510739999998
74255,0.27043811059999995
74256,-0.27783678080000007
74257,-1.393286587
74267,-0.11110410399999998
74268,-0.05752840919999983
74270,-0.41529247579999995
74276,-0.10096093760000002
74277,-0.010270886200000717
74281,-0.12602444760000003
74286,-0.2047712301999999
74287,-0.17128378300000016
74288,-0.27884966260000005
74302,-0.4457340460000001
74306,-0.11242563039999956
74309,0.059570451999999996
74315,-0.7551683079999997
74316,0.16131401540000018
74318,0.5882289515999997
74319,-0.40301425380000033
74320,-0.09121544739999976
74322,-0.0985863483999994
74325,0.5388359674000002
74326,0.4666635194000001
74330,-0.23435670460000022
74334,-0.9585233484000003
74335,-0.04976557420000027
74338,-0.18196668779999997
74340,0.4253642712000004
74342,-0.09851815359999991
74343,-0.051262124600000195
74351,-0.15552352440000003
74352,-0.08553664899999995
74354,0.30064932519999993
74355,-0.40671545180000024
74359,-0.0197958238
74360,-0.29121314599999976
74362,-0.11317071220000001
74365,0.41241030640000015
74369,-0.08018663320000001
74370,-0.12287379460000006
74374,0.041625771799999906
74375,0.6293484342000001
74376,-0.015245237000000071
74377,0.2595152338000002
74383,0.20655633640000026
74385,-0.4435440699999999
74386,-0.43436763480000007
74388,-0.23241120539999988
74392,0.14203218979999996
74393,-0.10569701499999996
74405,0.22966425920000028
74410,-1.5415723925999998
74412,-0.2224441040000004
74413,0.47957865120000004
74414,-0.21701861559999994
74419,0.0033073163999999267
74424,-0.018187942800000023
74427,-0.22631026199999998
74434,1.9164800000001092e-4
74435,0.08463982219999977
74438,-0.012714654199999986
74440,-0.6744490749999997
74442,1.8351952952000004
74443,0.02613135400000016
74446,0.10147789339999987
74448,-0.097158619
74450,-0.03948985020000003
74451,0.588065896
74455,0.0027131102000000126
74463,0.007864012799999907
74464,-0.09486689820000008
74467,-0.0823916444
74468,-0.017638769399999976
74469,0.06438771199999989
74470,-0.4493320786
74477,-0.1618180960000002
74479,0.12921255019999994
74480,-0.5907304882000002
74481,0.6181073429999998
74485,0.05056858099999993
74486,-0.024608658600000055
74488,-0.010547721000000197
74490,-0.06499859920000015
74492,0.40277767519999974
74493,-0.26881874399999994
74498,0.09166023720000034
74499,-0.058810555799999685
74504,-0.20774467139999972
74511,0.0658002009999999
74513,0.10864918880000002
74521,0.07720929139999999
74522,0.31268850320000025
74528,0.03244421539999978
74533,-0.16854909679999977
74549,0.015615197400000023
74551,-1.0844265145999994
74552,-1.7445625907999998
74559,-1.0361352101999999
74563,-0.10528236059999987
74568,0.3792729633999999
74569,-0.12409371180000013
74570,0.08927117940000004
74571,0.2932665359999998
74577,0.02055094620000003
74580,0.20498246020000027
74585,-0.20648052099999994
74589,0.00197399580000005
74591,0.1771951522
74596,-0.5601824445999999
74600,0.2298923391999997
74610,0.03408054820000021
74614,-0.02035481619999989
74616,0.07248723660000014
74617,0.4197194461999997
74626,-0.22855790420000038
74637,-0.25158213719999994
74646,0.13477193740000004
74648,-0.6613023955999997
74649,-0.15847142360000005
74653,-0.1668540152000002
74675,0.25096992100000043
74682,0.44956669060000004
74691,-0.10133519479999986
74694,-0.042950255200000245
74711,0.0073073275999998855
74716,0.06598363040000006
74717,-0.06622318079999998
74718,0.013692085800000187
74732,-1.2944638287999997
74734,-0.29966413379999957
74735,-0.24188695859999995
74737,0.09713032159999951
74741,-0.41337599820000026
74747,-0.46599502280000016
74748,0.9176806357999998
74754,-2.0388076564
74760,-0.2810793368000001
74761,1.0060604180000001
74762,-0.939054141
74763,-0.3779233574000001
74764,-0.22195546840000002
74766,-0.08911047819999993
74769,-1.1384282847999998
74770,0.2763924207999997
74772,-0.35328871080000007
74775,-0.4803904057999997
74776,-0.09810481580000004
74778,0.2554204389999999
74781,-0.4235055218
74782,0.02891857959999981
74838,0.5853631694000001
74840,0.9344179812000005
74841,0.012635464199999898
74843,0.2780675411999999
74868,0.0924779211999997
74890,-0.11508671160000025
74895,-0.39125798760000025
74901,-0.7791325409999998
74914,-0.28237121619999994
74915,0.08280793099999961
74919,0.13291779779999988
74996,0.28551037039999994
74998,-0.558662336
75019,-0.06390431699999999
75029,-0.20824935220000002
75050,-0.010377639000000011
75062,0.08408000760000005
75079,-0.21545964020000027
75083,0.32179037400000005
75087,0.14988088379999992
75099,-0.31979982619999986
75104,0.16189563580000002
75122,0.14099548980000026
75124,0.14245907320000004
75137,-0.3690947461999999
75141,0.17725722499999996
75172,0.09283633619999998
75173,-0.16258496900000008
75178,0.010615937000000039
75196,-0.1341895922000001
75209,-0.0430647186
75210,-0.11661112199999973
75212,-0.0840134581999999
75216,0.02353051839999995
75219,0.12377458740000018
75221,-0.2824691142000004
75234,-0.5566581980000003
75266,0.07478022920000013
75273,0.378017073
75276,0.178363009
75284,-0.3061521758000002
75288,0.34032559879999996
75291,-0.24613561719999985
75292,0.051399192999999954
75302,-0.2651656024000001
75311,-0.1440165384
75316,0.3692004010000002
75317,0.4086869486000001
75320,-0.45963651960000035
75329,0.053150340399999954
75338,0.03496198060000015
75339,0.10786055
75345,-0.4281171505999998
75368,0.2508906227999999
75387,-0.31474630979999974
75388,-0.010995509199999986
75396,-0.6730743651999997
75398,-0.42581245639999993
75400,0.06338127340000002
75404,-0.03890481319999983
75406,0.4285277004000001
75409,0.13829293740000015
75415,-0.7154666839999997
75416,0.4648631956000001
75420,-0.08190000959999999
75422,-0.1176391834000002
75423,-0.7833254638
75425,-0.26995957419999994
75426,-0.06363167359999997
75430,-0.06763987139999994
75452,-0.07575236439999972
75454,-0.12284254600000022
75456,0.014026015999999962
75458,-0.08663677260000036
75459,0.006491523600000271
75465,1.0577652814
75469,-0.1131928856000001
75470,-0.07125943440000018
75475,0.5747494844000002
75477,-0.22708961180000015
75480,0.10090777980000017
75482,-0.08010067780000014
75495,0.1001176509999997
75497,0.16058592320000004
75502,0.14980036420000026
75507,-0.13465697139999994
75510,-0.09825847499999991
75512,0.19765484660000004
75516,-0.2932677843999997
75526,0.038422069199999964
75528,-0.013763802400000014
75530,-0.19764462719999992
75533,-0.0473904094
75540,0.1775075085999999
75547,-0.11399473419999995
75552,-0.5491276599999999
75553,-0.5557534504000001
75560,-0.4069078554000001
75563,-0.06014658839999994
75564,-0.05061415139999995
75568,0.21281398899999998
75570,-0.054065873400000096
75571,0.07445856600000005
75572,0.22283984699999987
75578,0.13170712300000015
75580,-0.3631620625999997
75581,0.3056344726000001
75590,0.0021418730000000745
75593,0.06586865720000043
75597,0.05754668639999991
75599,-0.2294981806
75600,-0.009717765599999862
75604,0.5636545694000002
75605,-0.5911704908000003
75607,-0.13193535559999997
75608,0.2767183360000004
75612,0.38986810179999976
75613,-0.24349082320000015
75616,-0.16855707919999965
75617,0.24755820599999936
75619,0.599258826
75620,-0.16915681099999982
75622,-0.14775989419999985
75623,-0.025093296600000228
75624,0.24055548760000017
75625,0.2818226164000001
75627,0.1295798472
75642,-0.19288555039999994
75645,-0.03233999820000007
75646,1.2871299331999997
75647,-0.09315782339999996
75656,0.06054905459999986
75659,0.021308716999999956
75660,-0.4396299641999999
75667,0.061166649200000034
75668,0.0031581761999998404
75669,-0.3950339926
75671,-0.20045348280000005
75677,-0.10439833280000013
75678,0.09822155140000018
75686,-0.5356522716000001
75689,0.3992840005999999
75690,-0.06260938160000011
75692,0.12940274599999987
75695,1.0318273378
75697,0.07165684159999992
75705,0.047595558800000486
75706,-0.018726550400000097
75710,0.2513070835999997
75712,-1.645524842
75717,-0.8915383186000003
75723,1.0182251145999996
75725,-0.4971330547999998
75729,0.05889168939999987
75731,-0.286405714
75734,-0.4265720860000002
75735,-0.5079381701999999
75736,-0.06955269880000012
75739,0.12540744360000017
75744,0.19942958500000002
75746,0.026672545200000286
75747,-0.685879843
75750,1.7181055665999998
75751,0.20873415600000006
75753,-0.18737338999999995
75758,-0.02032733540000006
75763,-0.7866296037999998
75766,0.4415053179999999
75767,0.2617320397999999
75770,0.08501190680000001
75772,0.20406738779999994
75773,0.05869639060000012
75777,-0.15668964980000005
75778,0.015474268399999862
75782,-0.042280164799999825
75785,-0.42802798119999996
75786,0.16457966039999988
75788,-0.24119928520000009
75796,-0.07766997199999981
75801,0.006826541600000013
75805,0.022769721799999962
75812,0.22763180100000008
75820,-0.0024133583999999455
75823,0.37638168740000016
75826,0.14834926060000003
75828,-0.5368569978
75841,-0.19307459739999974
75860,0.18625499259999997
75863,-1.8739885225999997
75869,0.585715507
75871,-0.20607518799999996
75894,-0.32225884859999976
75901,-0.030411261000000245
75906,0.14807326300000004
75909,0.4002840203999999
75914,0.5164984690000001
75939,-0.12062402419999996
75953,-0.10839231840000005
75956,-0.22643690539999994
75964,0.020683648400000365
75965,-0.43517468159999967
75974,-0.5333114185999996
75985,-0.38254383359999994
75986,-0.20227072499999998
75991,-0.31038990360000013
76007,-0.40004530380000014
76014,0.006271304199999838
76022,-0.2948941478
76025,-0.14858987179999977
76041,-0.062196286399999856
76044,0.47354522240000013
76051,-0.30046641400000007
76071,-1.3750277258000003
76072,0.07846283220000005
76073,0.146766938
76080,0.09469248180000012
76088,-0.6069467886000002
76089,0.0807218156000003
76108,-0.6841250757999997
76113,0.08606563580000018
76117,0.05108579019999977
76123,-0.3226237142
76130,0.03906234279999961
76131,0.24120818200000013
76132,0.03925863600000028
76137,-1.0456356219999996
76138,0.10664033039999987
76142,0.7325135567999999
76156,-0.028186262599999488
76157,0.20050438799999998
76161,-0.1480502568
76167,0.3290981481999998
76178,-1.2864779272
76179,0.11720692580000021
76183,0.13070778300000002
76184,-0.11510174019999987
76187,0.19438324640000032
76192,-0.3893091901999998
76199,-0.26782318240000047
76205,-0.09682909179999992
76217,0.09634855559999984
76223,0.18871269340000002
76233,-0.07569885420000019
76238,-0.39318083040000007
76246,-0.5012144669999999
76251,0.3057656924000002
76252,0.6553508991999999
76260,0.7114723680000001
76261,0.002478901200000128
76263,-0.21217263440000028
76265,0.12452262480000033
76267,0.15233423939999963
76273,-0.4429722645999995
76281,-0.05488255799999919
76282,-0.17613670399999978
76293,0.4297873407999999
76294,1.2271008302000002
76295,-0.2942575660000003
76299,0.5932740440000002
76302,-0.08108874880000057
76303,0.092769127600000445
76306,0.9562556788000001
76308,-0.12394711039999998
76332,-0.06539001080000002
76338,-0.31043836240000006
76355,-0.31207867899999986
76357,0.28131790199999995
76365,0.2090105244
76366,-0.24052497000000006
76375,-0.23937793939999974
76376,0.3651363906
76378,-0.07922786459999998
76380,0.05215921759999986
76405,-0.08944398960000015
76407,0.002052266199999764
76408,-0.4887971673999999
76411,0.9901267999999999
76425,-0.2612765058000003
76426,-0.06242082419999999
76429,-0.38056590840000004
76438,-0.043377262199999767
76441,-0.22879643979999997
76444,0.1714144590000001
76448,-0.4942505388000001
76453,0.3118442034000001
76454,0.17292811640000014
76457,0.150630962
76459,-0.04585895320000013
76467,-0.41112615259999996
76469,1.2763424737999998
76477,1.7491473910000002
76478,-0.24401250099999974
76479,0.1715120493999997
76483,-0.25386671660000015
76484,-0.07855199880000008
76485,0.2591368083999999
76487,0.07640099459999998
76491,-0.10079337579999985
76497,0.6095088982
76498,0.1924340060000004
76499,0.08955239079999992
76500,0.047218806800000124
76501,0.1013104435999999
76507,0.23727536140000005
76510,-0.9896284884000002
76524,-0.1350406979999999
76527,-0.17824272179999984
76547,-0.4197057995999998
76551,-0.3318196997999999
76559,-0.27974024179999973
76560,0.2663353921999999
76561,1.35387204
76563,-0.21974642920000012
76568,-0.03902398500000004
76571,0.026126223199999986
76572,-0.11001692800000003
76573,0.03694525999999989
76574,0.9177209801999998
76577,-0.23328806879999991
76580,-0.2894262698
76582,-1.9706429422000005
76589,-0.6176441575999997
76594,-0.1784664782
76608,-0.33071986099999984
76612,0.12284965919999977
76614,0.11353310359999963
76615,0.06662947080000059
76626,-0.7149926523999998
76630,-0.23763793880000023
76640,0.05794161959999984
76645,-0.24631505679999993
76646,-0.13976487340000004
76650,-1.6440792854000001
76652,0.25644158620000007
76654,-0.025895526799999846
76668,0.143469101
76686,0.5129861784
76687,0.12129291540000013
76688,0.04443804579999993
76701,0.0025598779999995713
76703,-0.08810013300000012
76707,0.2094005557999999
76709,-0.1619953459999998
76719,-0.46483180740000096
76722,2.3627876866
76737,0.6563193035999998
76740,-0.3520948586
76742,-0.25720855100000006
76747,-1.3315590514000004
76757,1.8424401768
76763,0.16750928280000035
76768,0.19364130099999974
76775,-0.5938768700000002
76779,-0.1360820622
76781,0.1020934542000001
76784,-0.14697917779999997
76786,0.13618874240000026
76787,0.02597783239999992
76788,0.25317860680000004
76789,-0.2877575949999997
76793,-0.048560021199999956
76795,-0.06990685980000037
76799,-0.5990577600000005
76800,-0.08049642060000044
76804,-0.3176749579999999
76808,-0.0014580600000005648
76809,-0.1610517871999999
76813,-0.038409184
76816,-0.46289130599999984
76824,-0.11827110820000078
76826,0.25643298440000006
76829,-0.19827010140000006
76832,-0.46070249999999985
76843,0.10056774320000006
76846,0.010017369999999914
76850,-0.07558204420000028
76854,-0.1721975682
76856,0.06609948479999979
76857,0.19042359599999975
76858,0.04582481220000004
76863,0.5857948019999999
76866,0.024565255999999976
76867,0.07823804580000004
76872,0.11976439320000017
76877,-0.26351478159999997
76884,-0.5766103791999999
76886,0.05649526359999957
76890,-0.5973959440000002
76892,0.33163475019999994
76893,0.1943890794
76894,-0.29380768300000015
76895,-1.7837225260000005
76897,0.0806760923999997
76898,0.16746148639999986
76899,-0.36593216460000005
76900,-0.5941292492000001
76905,1.8822627446000004
76915,-0.2617184870000001
76916,0.2191084065999998
76917,-0.0233497508000001
76920,-0.08828545680000006
76927,-0.2830167821999998
76932,0.20698699639999987
76933,-0.01397490139999953
76936,0.21023628420000035
76938,0.3436372655999998
76942,0.1345818962
76943,-0.0316993772000002
76947,0.1340954778
76952,0.30324239880000015
76959,-0.5612061582000006
76960,0.7194975853999999
76964,0.07207152779999987
76965,-0.0199214839999999
76967,-0.24235318280000015
76969,0.39128908500000004
76980,0.029517452199999974
76983,0.4413214872000003
76987,0.38987654039999986
77006,-0.16205483299999962
77011,-0.022735810400000014
77015,0.15747808759999998
77018,0.14442987919999978
77031,0.07349151759999994
77034,0.2711944995999998
77035,0.010259115000000384
77037,0.7787517993999998
77038,0.06941428199999927
77040,-0.06353923580000007
77041,-0.44992537939999994
77042,0.0407871302000002
77044,-0.6234230696
77045,-0.19756289619999964
77053,-0.4351804204000002
77055,0.023171962599999832
77056,-0.08896042079999994
77057,-0.014840821999999854
77065,-0.13768875419999946
77087,-0.22568792179999964
77090,-0.258121618
77097,0.12857343439999996
77106,0.015510672999999829
77110,-0.3568820203999998
77113,0.9807275415999998
77116,0.14882339580000004
77125,2.967050098
77128,-0.8439464220000004
77134,0.2314293518
77219,0.21031733059999982
77220,0.10712371760000003
77254,0.12493439979999987
77264,-0.14372707179999988
77286,0.3747259064
77296,-0.12158429439999985
77300,0.8364173676
77305,0.007756296999999912
77318,-0.09695898920000001
77371,0.3978123130000002
77407,0.2352073201999998
77411,-0.006029440400000053
77422,-0.11516422699999998
77446,-0.015091497199999738
77462,-0.15878950120000024
77480,-0.35201722900000015
77485,-0.16541596280000004
77519,-0.07563381000000009
77521,0.22730922940000015
77522,0.037645896399999934
77531,0.023562870800000014
77552,0.5420741938000002
77559,0.07606103820000029
77569,0.04274628679999992
77573,-0.0679858458
77577,-0.08718000460000025
77578,-0.5547829141999999
77579,1.4602337138
77582,-0.7529015985999997
77583,-0.21039737640000009
77590,-0.6792688414000004
77591,0.12238952360000004
77593,-0.8114679986000002
77595,0.03177767540000004
77613,0.11052993600000019
77619,0.30237762860000006
77622,-0.1502059526
77626,0.20176830700000004
77627,-0.09101925659999992
77629,0.08333925380000011
77630,0.010640864999999975
77634,-0.04847318380000001
77647,-0.8157211119999997
77683,-0.45792645219999983
77697,-0.008675191800000093
77701,-0.12129395600000006
77704,-0.1286594612
77721,-0.08742381899999963
77727,-0.15463678539999975
77733,-0.21731733280000007
77739,0.07769912859999994
77744,-0.08423857900000016
77766,0.22260424859999972
77767,0.7300675920000002
77771,-0.004002966399999863
77772,0.029304394600000283
77777,-0.10727479660000012
77781,-0.5845249772000003
77782,-0.03311887360000032
77794,0.07638932040000006
77799,-0.33754353219999994
77805,-0.31888253520000004
77809,-0.12969818079999987
77827,-0.19172694599999981
77832,-0.1467668253999999
77836,-0.03235381180000009
77853,-0.15879064679999982
77862,0.1755740426000001
77864,-0.6094512179999999
77877,-0.18302852660000007
77889,0.027284291799999652
77891,-0.3219408420000004
77914,0.13436330420000003
77929,0.41948975740000005
77938,-1.4066469341999999
77945,-0.07811029259999991
77951,0.4085062594000003
77963,-0.2545933786000001
77974,1.2185420214
77975,-0.08006299979999978
77976,0.4347141039999999
77980,-0.4729098079999997
77987,-0.19831469139999985
78004,2.3861679056
78016,-0.06943118960000001
78038,0.02887374340000002
78052,0.22809675599999985
78070,0.33081647279999993
78076,0.07470931339999982
78081,-0.027081517400000005
78088,0.18932517480000005
78100,0.4749466719999999
78118,-0.006245867600000038
78134,0.21127206240000032
78177,0.49459553580000015
78178,-0.0075373476000001145
78232,0.021381116399999917
78239,-0.0944078093999999
78240,-0.0890286606000002
78244,0.6255345724000001
78245,-0.02020100139999999
78246,0.1981226602
78248,-0.32721916900000025
78250,0.16959175439999993
78251,-0.23351704760000008
78252,-0.6785394624000001
78255,-1.6284085872000005
78258,-0.034592082399999925
78266,-0.19235884659999983
78267,0.20829897020000004
78283,-0.2812194384000003
78284,0.11397211279999997
78286,-0.12095075519999998
78294,0.20294351400000005
78304,-0.08647100439999988
78308,-0.10839022460000045
78309,-0.14308467240000006
78317,-0.050809424600000076
78321,0.5543252618000002
78323,-0.13923086199999996
78330,0.5709332469999999
78334,-0.9089279918000001
78339,-1.0281269167999998
78369,-0.27373832359999994
78372,-1.046181842
78373,0.3078707114
78376,-0.1125534346000002
78388,0.6262439221999999
78390,0.25297053839999994
78394,-0.2125232468
78405,0.23772548999999987
78408,-0.19046450499999992
78416,-1.3255068293999996
78444,-0.026503613999999943
78455,-0.1426461419999999
78469,-0.04729032239999993
78473,-1.0963364538
78506,0.25171892259999995
78514,-1.2339722748
78521,-0.11312766459999996
78523,0.07726470019999976
78541,0.22463061459999983
78558,0.28243984840000014
78581,0.15019784499999994
78586,-0.14505433239999982
78593,-0.07267365179999993
78600,-0.17878341099999986
78610,-0.16721492839999957
78618,-0.19668871420000045
78619,0.2636680565999998
78634,0.005941237600000012
78651,-0.20173438260000012
78653,-0.27314792000000027
78656,0.04017441300000009
78658,-0.49143457759999987
78668,-0.8130624980000002
78670,-0.32412899999999994
78688,0.006634390399999995
78689,-0.1468477410000002
78697,0.789559336
78709,0.1582218546
78733,-0.11690713979999981
78749,-0.04021697139999973
78751,0.15730932340000017
78752,-0.00486832720000015
78753,0.03237738219999997
78754,0.5969366148
78757,-0.5183482140000002
78767,-0.1118548507999999
78771,-2.1219946114
78772,0.058292976799999965
78779,-0.15270904660000006
78781,-0.3059901631999999
78783,0.05194072380000013
78784,0.21489535680000013
78785,0.2623439862
78787,0.07657743699999989
78795,-0.0273690298
78796,-0.18864481279999978
78797,-0.33644657759999974
78798,-0.37431513439999975
78801,0.34921068619999984
78803,-0.14259521080000007
78806,-0.04697991519999986
78808,-0.7190982118000004
78809,-0.1229174318
78816,-0.34715608079999977
78825,0.0524119350000003
78826,-0.17145655559999967
78830,-0.1270430098
78832,-0.03159030580000051
78833,-0.1982209253999999
78834,0.09255972799999998
78887,-0.02541343900000009
78889,0.6172035378000003
78890,-0.030663934999999937
78891,0.03114203619999998
78892,2.7297969082
78893,-0.0919864822000001
78894,0.19809895599999994
78895,0.6993373444000002
78903,-0.23471212919999992
78906,0.08709789060000014
78908,0.5414205044000001
78910,-0.017829837800000015
78911,-0.021829211000000015
78912,-0.2698468907999999
78913,0.022850602999999838
78914,-0.21970323020000002
78919,0.09482386300000023
78920,0.37943030620000007
78923,0.004989485200000127
78925,-0.09507973320000002
78926,-2.5604915337999996
78928,-0.13501003240000015
78929,0.19298479980000013
78933,-0.06915941080000021
78935,0.18473198679999997
78937,-0.061175922800000226
78938,0.03879079359999994
78943,-0.3249790593999998
78977,0.6226062867999997
79043,-0.3909687577999998
79044,0.28090530899999966
79059,-0.4668476013999999
79196,-0.3907466992
79233,-0.030834619800000053
79235,0.4441211533999999
79263,-0.13303243739999998
79264,-0.22311510619999986
79362,-0.2000473826000002
79401,-0.21293827940000004
79455,-0.09239740200000002
79456,-0.08459103580000012
79464,0.13503421840000027
79555,-0.5124706919999997
79560,-0.43861630279999986
79566,-0.11124960119999994
80280,-0.08023620259999995
80281,1.7704412458000003
80283,-1.0210764244000001
80284,-0.11737955420000006
80285,0.4710043338000002
80286,0.0179843578
80287,0.13636183819999986
80288,-0.4412897778000001
80289,0.07234404739999967
80290,0.24710724859999988
80291,0.31399475939999977
80292,-0.06158451860000014
80294,0.8578050118000003
80297,-0.02105895139999988
80334,0.07539731159999992
80385,-0.12516833359999993
80509,0.1726740526000004
80517,-0.8682179756
80707,0.2177384166000001
80708,0.10054870080000011
80718,-2.5547742364
80719,0.6027045533999995
80720,-0.159040553
80732,0.03293079100000007
80743,-0.22831275159999986
80744,0.13134591719999983
80748,0.08746949399999979
80749,0.06598390439999997
80750,0.6994176057999999
80751,0.10560584679999999
80752,0.6129366658000002
80794,-0.0474176591999999
80796,-0.036140228799999896
80837,-1.1382585668000005
80857,0.04233196959999999
80859,2.3334007876
80860,-0.15918963939999992
80861,-0.1856689492000001
80877,-0.4873687494
80879,0.5550033922
80880,-0.019026366000000013
80883,-0.2159930624000001
80884,-1.1918571978
80886,0.2415723094000004
80888,0.31942644859999997
80890,-0.10067044420000038
80892,0.18783508619999995
80893,-0.014261693200000303
80898,0.12584610780000016
80901,-0.9006985014
80902,0.22841822439999998
80904,-0.03778199579999998
80905,0.2085987322000001
80907,-0.49651856119999993
80908,0.18290561980000009
80910,2.5967425815999996
80911,-0.2315278868
80912,-0.19555665680000034
80913,-0.23937553619999968
80914,1.1534920999999998
80915,-0.04517456700000011
80976,-0.9537745937999998
80979,-0.18358980619999982
80981,-0.06854109879999992
80985,0.1083273045999999
80986,0.31390292899999983
80987,-0.2546047326
81000,-0.07704992980000007
81003,-0.7559455648
81004,-0.5025442729999998
81006,0.17183128199999992
81018,-0.3352573279999998
81489,-0.16622175179999943
81500,0.006022754799999852
81535,-0.6517936631999998
81601,0.17734536640000015
81630,-0.058486982199999815
81701,-0.016676021599999636
81702,0.12573899720000017
81703,2.365635902
81799,0.15352619960000008
81840,0.08503639060000001
81845,-0.1855535638000001
81877,0.38679222180000006
81879,0.47634659720000005
81896,0.89067091
81897,-0.08985090420000023
81898,0.07466361200000016
81904,0.29697338419999963
81905,-0.252581202
81906,-0.6955989407999998
81907,-0.8452561882000001
81909,-0.15791226519999987
83379,0.0856290498
83382,0.31175843180000007
83383,-0.07837794940000029
83395,-0.0025481889999998345
83396,0.009429520800000002
83397,0.6266307952000003
83398,0.3322311840000001
83408,-0.461514996
83409,-0.047444013600000154
83410,0.17172931939999944
83428,-0.22277405160000008
83429,-0.09958561600000007
83430,0.49350333860000006
83431,0.8372675998000005
83433,-0.045587541199999936
83434,-0.14864833420000015
83435,0.47449378340000015
83436,-1.3765585211999998
83453,0.20150109999999977
83456,0.11250726820000008
83485,-0.5822682370000001
83486,-0.2637491058000002
83490,0.16694150520000034
83493,0.2063904569999998
83553,-0.08967738160000013
83554,-0.3196466771999999
83557,0.48903755059999987
83558,0.07995979699999997
83560,0.009025380999999832
83561,0.04691175360000008
83563,0.11955676199999984
83602,-0.20726493899999987
83603,-0.10937427840000025
83669,-0.3161643017999999
83671,-0.8517475668000001
83672,-0.27830404699999994
83674,0.036376414399999904
83675,1.4582312132000002
83679,-0.1680776904000004
83691,0.05561192400000029
83701,0.060278276000000394
83702,-1.5604603398
83703,0.07384853860000007
83704,-0.2074673464
83762,-0.07596319159999984
83766,-0.12888781979999991
83767,0.31954018600000006
83768,0.009875796600000077
83770,-0.08633531480000034
83771,-0.21865170119999994
83796,-0.05669779819999976
83797,-0.1950285097999998
83813,-0.47965415759999985
83814,-0.021051390999999975
83815,-0.7348592246000003
83922,0.08315942440000015
83924,0.48926895319999997
83925,0.3001143759999998
83945,0.5464553043999999
83946,0.07208066839999976
83961,-0.12123956479999975
83962,0.12430478600000047
83964,0.37893636819999993
83965,0.3171036835999999
83984,-0.1895463534000003
83993,0.21585450480000024
83995,0.011518301400000116
83997,-0.9270405808
84004,0.5317652845999999
84035,0.10398084159999979
84036,-0.07830829219999987
84092,-0.04040072239999974
84094,-0.4002297953999997
84095,0.042228561800000196
84111,0.08970027999999988
84112,0.03322405260000033
84113,0.11720212639999997
84505,-0.264737055
84544,-1.1576383884
84585,-0.8136614160000007
84653,0.08076045440000021
84682,0.18766012019999997
84704,0.03940943199999988
85030,-0.4662480426000001
85031,0.5010161943999998
85308,-0.07649957720000007
89867,-0.41386025939999993
93671,1.9775956727999997
93672,-0.026861193199999883
93677,1.5716558734000001
93679,-0.6763895864000002
93681,-0.44357410280000015
93683,-0.2100567072000002
93685,-0.11386430239999967
93686,0.2597754249999998
93687,0.32240465040000005
93688,0.09090780459999995
93689,-0.03477984240000005
93690,0.08667869920000015
93691,-0.38124556059999987
93692,0.9549028983999994
93695,0.26312487139999974
93696,-0.06962447560000055
93721,-0.49623102799999985
93723,0.5592749698
93728,-0.13047720720000006
93730,0.2032774514000003
93732,-0.23993685740000015
93734,-0.07058462199999997
93735,-0.060666784600000245
93736,-0.025863266800000062
93737,0.3881089986000001
93739,-0.13678411399999996
93742,0.35264428100000045
93746,0.2559610388000001
93747,0.23906707539999983
93757,0.005457516999999967
93759,-0.2884800928000003
93760,-0.7501489368000005
93761,0.4441024328000001
93762,0.1832629649999998
93790,0.4147355820000003
93834,0.1677207069999996
93835,-0.25949757559999964
93836,-0.0933302246
93837,0.07661261320000001
93838,-0.09842883520000001
93840,-0.015486002400000132
93842,0.1533940151999998
93843,-0.09532020859999996
93871,-0.2733395852000003
93872,0.15218582600000002
93873,0.035901807399999784
93874,0.035420264000000055
93876,0.0157755176
93881,0.025836437400000117
93884,-0.009643220199999997
93886,0.06713784420000017
93887,0.17726569120000005
93888,0.2955664673999999
93889,0.1473380068000001
93890,0.1112050806000002
93891,0.20475029720000001
93893,-0.015087286000000071
93897,0.1391575937999999
93898,-0.019352032000000102
93960,0.15509168960000003
93961,0.1724372806
93966,-0.3810406192000004
94040,0.29686199499999955
94041,0.13201504419999996
94043,0.07786301279999996
94044,-0.34416503219999994
94045,0.12767858339999982
94061,-0.09197490739999964
94062,0.2840626759999999
94063,0.4121829514
94064,0.2476559328000002
94065,-0.4794713333999999
94066,0.040203048599999375
94067,-0.19244494799999945
94088,0.03797879639999983
94089,-0.9972213906
94090,0.2934822829999998
94091,-0.3181804925999998
94092,0.27079990620000005
94093,-0.3581558698000002
94109,-0.048670300200000044
94111,0.18122310419999987
94112,-0.15004543580000007
94175,-0.8690188737999998
94176,-0.12010929879999994
94178,0.2981601992
94179,0.1470543052
94180,-0.32309438419999986
94181,-0.0542767952
94184,0.06710102680000014
94185,-0.67828419640000015
94186,0.0029250676000001754
94187,0.37364832419999994
94190,-0.0365185367999999
94191,-0.025004391000000226
94192,-0.9957669844
94212,-0.33370511980000045
94213,0.28084683620000045
94214,1.1375252564
94215,-0.07676810339999988
94216,0.20729658180000016
94217,0.13443783179999996
94218,0.046608961799999626
94219,-0.29993779679999993
94220,-0.19925727739999993
94221,-0.06470782760000002
94222,-0.02741734440000025
94223,-0.14458199119999976
94226,-2.538853415
94227,-0.1590834678
94229,-0.05987162720000009
94230,-0.1464591153999999
94232,0.19320102799999983
94242,0.3224262623999998
94244,-0.013262409399999857
94245,0.19113160600000006
94246,-0.03545084040000024
94249,-2.3573977499999996
94253,0.29261740880000014
94275,0.7597253418000001
94279,-0.4030200599999999
94280,-0.2252114405999995
94281,-0.1102720198000002
94282,0.16962045759999994
94315,-0.2769046195999998
94332,-0.29833275560000005
94346,-2.5067925184
94352,0.6535219374000002
96875,0.9605273668000001
96935,0.021094815000000027
96957,-0.04148192319999992
96979,0.2087849539999997
97031,-0.03150943680000022
97064,2.1772852454000002
97086,0.02482363960000002
97112,0.5065550061999996
97159,0.16537732800000007
97165,0.051240917400000204
97212,0.36570959599999997
97243,-0.00716178600000017
97287,-0.7192544860000002
97387,-0.22380041000000012
97440,0.4446992836000002
97484,0.2542523617999997
97487,0.10047568580000041
97761,0.025658620000000264
97820,-0.6144292531999997
97827,-0.18477948120000004
97884,-0.03578755719999975
97961,0.35089001800000014
97998,0.7814246998000002
98053,0.5178365954
98170,0.2850716832
98193,-0.37710319380000057
98221,-0.04184698120000012
98238,0.9603418787999998
98256,-0.9814009457999999
98258,0.5741296521999996
98267,-0.20561435800000077
98303,-0.04723362659999994
98314,-0.25645982020000024
98363,0.7172182584
98365,0.1084248359999999
98366,-0.5652084480000003
98376,-0.05996949100000005
98386,0.11848886559999944
98388,-0.3496914364
98396,0.8034201246
98402,0.19528338119999997
98403,0.09745420579999989
98404,-0.2029174573999999
98415,0.027425040800000376
98417,0.1426968905999999
98432,-0.13975982799999973
98488,-0.2997899817999997
98496,1.1992369520000001
98558,-0.023842330000000002
98660,0.8764980052
98682,-0.5363419268000005
98685,-0.3114721928
98710,-0.14430332499999995
98711,1.5933904706
98732,-0.22253738619999996
98733,0.1249870812000001
98752,-0.6983293132
98758,0.34472442000000003
98766,-0.5754877416000003
98828,0.058948840600000114
98845,0.3236460209999999
98878,-1.9132913234000002
98910,-0.09833131099999992
98932,-2.2747036736
98956,0.4371458800000001
98970,-0.0755222249999999
98985,-0.02797195720000012
98999,-0.10891032400000017
99003,-0.13390875919999956
99010,-0.21763397399999995
99011,0.05668131199999991
99031,0.05114494719999971
99035,-0.07898107159999998
99045,-0.06822643920000004
99100,-0.23401621339999998
99138,0.4899576410000005
99151,0.055288909400000114
99152,-0.28249231480000087
99167,-1.2595735364
99237,0.09571297260000033
99296,0.16063915459999994
99311,-0.41108696459999994
99326,-0.3706020058
99334,0.01711421099999999
99349,0.3048168495999999
99371,0.01873861360000025
99375,-0.4596719506000005
99377,0.016253646599999883
99382,1.2679871810000003
99412,0.010192110600000064
99439,-0.046086215400000095
99470,0.7537473532000002
99480,0.48236728440000026
99512,-0.3267681696000002
99526,-0.055416818199999975
99543,0.9464685836000001
99571,-2.236212732
99586,-0.5712734384000002
99650,-0.058011555599999896
99662,-0.03221481340000007
99681,0.040709447199999894
99683,0.021409004599999892
99712,0.32667078379999986
99730,-0.18419120000000008
99738,-0.05675899880000035
99889,-0.5545205903999999
99890,0.6167813836
99899,0.3658478581999999
99929,1.0296941836
99982,0.011452567599999975
100017,-1.1846396004000002
100019,0.09677226359999994
100061,0.06906013380000008
100072,-0.28752163120000007
100087,0.6845057714000001
100088,0.4254673274
100090,-0.3788241352
100102,-0.18130220579999995
100121,-0.4803285213999999
100129,0.27282053600000006
100163,-0.9204812169999999
100169,-0.35108895140000024
100177,-0.27342473639999987
100182,-1.0958043434000002
100198,0.9005635784000001
100201,-0.18624785220000029
100210,0.04038255920000022
100213,0.34873059720000016
100226,0.8167663454000001
100273,0.4085581040000001
100317,-0.1706800495999996
100336,-0.08866764319999998
100340,-0.4679333382000001
100383,-0.4130566440000002
100434,-1.4493647959999998
100465,0.08363471999999987
100494,0.17326755060000032
100515,0.15285680740000043
100532,-0.12453211339999992
100561,-0.8323729836000003
100604,-1.2270537418000003
100608,0.6037663731999998
100609,0.22939569879999996
100637,-0.9123280676000001
100647,3.6832999928
100678,-0.5049682166
100683,-0.6491160162000001
100689,0.09072784840000007
100705,0.7394116222000002
100710,-0.40766007419999994
100727,-1.3763154423999997
100732,0.302328043
100737,-0.15625131139999981
100756,-0.4652467955999999
100763,4.6007140000003943e-4
100855,-0.1641649725999997
100900,-0.6455419280000001
100910,-0.26585190319999974
100929,-0.10847442220000009
100952,-0.0602846134
100972,-0.008925742400000297
100978,0.3332952560000001
100986,0.13064240259999982
101023,-0.05950481000000014
101095,-0.20958598459999997
101100,0.2698752682000002
101113,-0.0868061376
101118,-0.16132558580000012
101122,-0.16608244580000003
101142,-0.06180167539999973
101185,-0.4752073895999997
101187,-0.5473808373999999
101202,0.6505661018
101206,-0.2467667857999997
101214,1.0807520706000002
101240,-0.17194778460000001
101314,0.11626568760000033
101358,-0.27365078500000006
101359,0.10990992779999953
101401,0.37317240320000006
101437,-0.19226534800000017
101471,0.009580865999999943
101476,0.21129348480000018
101488,-0.05340070359999949
101490,-0.9576305399999999
101497,-0.38606808440000007
101502,-0.0267169078000002
101513,-0.8710982302000001
101540,-0.8471015486000004
101543,1.0745082462
101544,-0.033571546200000316
101565,-0.11712032400000023
101568,-0.17266965259999978
101602,-0.6893468063999999
101612,0.40905924260000026
101613,-1.1839473474000002
101631,0.12663042959999976
101685,0.0715925264000001
101700,-0.05683181220000007
101706,-0.4034130252
101739,-0.28109988059999963
101772,0.2561245291999999
101809,-0.01761808299999997
101861,-0.3317862544
101867,0.31436525
101869,-0.02563950200000013
101883,-3.8307239999982865e-4
101943,0.3376939858000004
101966,0.3826749696
101985,0.24529741420000004
101994,0.4095498105999999
102032,-0.6130868748000001
102058,-0.19848659679999991
102060,0.11400689699999977
102075,0.07444100400000016
102093,-0.2107562918000001
102098,-1.0584028598000002
102103,0.4622300602000003
102124,-0.15586634739999994
102141,-0.2664273143999999
102162,0.19307448119999987
102193,-0.31568368159999965
102209,-0.17345772400000004
102278,-0.04161538420000018
102294,-0.5006446088000003
102323,-0.08238096259999989
102334,0.007405033799999944
102339,0.07183503400000008
102371,1.0341690816
102414,-0.23712526399999997
102423,0.12814824239999983
102436,0.1401858828
102442,0.7185738730000001
102448,-0.26421606480000026
102462,0.059089893599999825
102502,-1.8893933661999998
102545,-0.6387931267999999
102566,0.1849104579999999
102570,0.025631426400000015
102580,-0.2683993319999997
102595,-0.23411888100000006
102607,-0.04740691719999964
102614,0.6353200782000001
102626,0.31202646239999987
102632,-0.07106532359999967
102644,0.22930699519999997
102657,-0.16395972919999977
102680,0.09331892640000002
102693,0.575649283
102747,-0.14824391439999998
102774,-0.23417724459999967
102791,-0.7970026002000002
102857,1.0069494332000004
102866,2.0157377954
102920,0.1784092322000002
103098,0.16510994899999992
103135,-0.4172102564000001
103136,0.8011633208
103149,-0.6310953719999999
103161,-1.9833151731999998
103172,0.044095144799999986
103199,0.0930330041999998
103213,0.11794567659999991
103236,-0.45744202519999994
103268,-0.3137252415999999
103284,-0.07419968879999989
103406,0.11082537020000008
103425,-0.23160710180000005
103466,0.33746510940000024
103468,-0.17205619440000017
103534,0.3964657789999998
103537,-0.12762362019999962
103554,-0.030267274600000258
103573,-0.1398825174000001
103583,-0.0117847900000001
103655,0.08527063439999996
103677,-0.1569906908
103694,-0.18390071420000048
103710,-0.02584261699999983
103711,-0.8565038900000002
103724,0.07069861720000009
103733,-0.31212144080000004
103737,0.09474045060000019
103742,0.019701479000000077
103743,1.8413786728
103765,-0.1079241539999998
103768,0.14043162359999997
103775,-0.14254621360000003
103806,-0.24362992220000007
103836,-0.3582705079999998
103841,0.0481575844
103844,-0.015616654000000079
103850,-0.13764181240000006
103889,0.44112860640000007
103963,0.7544787268
103967,0.20174053660000002
103968,1.6063543756
103978,0.31826216300000026
103988,-0.24666627320000015
104001,0.35609221919999995
104009,-0.5149747823999995
104010,-0.015511410200000093
104015,0.19210609499999975
104027,0.24005503760000022
104069,0.2915484893999999
104079,0.5094341822000003
104080,0.11156142640000015
104082,-0.07763459219999991
104086,-0.9076067676000001
104099,0.03304326480000023
104110,0.1661487606000001
104111,0.13035875400000024
104112,0.4716799121999997
104130,-0.1513880020000002
104156,-0.014904632000000162
104174,-0.0769347852000001
104175,-0.5426210439999999
104184,-0.014249567800000154
104215,0.5449814296000003
104245,0.0525960045999998
104248,-0.38408417880000006
104252,0.8953335986000001
104263,-0.6393975764000002
104271,0.2467693669999999
104303,0.6705042174000002
104318,-0.2465495380000004
104346,-0.032491687400000115
104360,-0.08818390660000011
104382,0.10656945500000019
104383,0.10721388119999986
104394,0.09734437939999978
104416,-0.07066421400000016
104418,-1.2585524281999998
104443,0.15410849019999978
104444,-0.044536196599999675
104445,0.4648828395999999
104457,-0.39853375179999995
104479,0.010904338799999991
104582,-0.14700544840000002
104601,-0.029764531600000144
104625,-0.10860368899999988
104662,1.3756826146
104681,-0.3660349431999997
104709,0.6798986229999997
104718,-0.6183419479999998
104721,0.8053344992000003
104725,-0.06588057800000054
104759,-0.7594419845999998
104771,-0.2404405389999999
104776,0.8694602482
104799,0.05655814800000022
104806,-0.3164128289999999
104816,-0.22474245240000007
104831,0.2407653154
104836,-0.13953142959999973
104859,-0.5294025301999998
104871,0.0382902930000002
104884,-0.059173912200000345
104885,-0.0524349398
104910,-0.8461385006000001
104923,-0.19597203420000042
104943,1.5286823418
105000,0.3222660736
105014,-0.23065508600000018
105083,0.07615365480000007
105171,-0.9373321614
105193,0.30210469100000026
105239,-0.44103042260000047
105243,-0.09724768360000002
105245,-0.23877920019999935
105246,-0.15536306720000007
105278,0.08811295519999973
105298,0.024637830200000176
105348,0.1413761762000004
105349,0.4124776894
105351,0.08963719680000004
105352,-0.2929485024
105355,0.08884682020000004
105372,0.44734338200000023
105428,-0.19675411199999981
105439,-0.40326068460000003
105440,-0.17565522159999974
105445,0.40022899039999993
105446,0.12466404240000023
105450,0.23679456240000007
105501,-0.6520399603999998
105504,0.17953102439999996
105511,-0.06589032580000023
105513,0.0021011748000001255
105522,-0.8850528503999999
105559,-0.5193164315999997
105638,0.16951957079999982
105653,-0.11580755519999997
105663,-0.30515114279999994
105670,-0.6537205153999999
105675,-1.2238372335999999
105689,-0.48226245060000006
105722,-0.2760425867999999
105727,-0.7309716315999999
105732,0.06795866999999996
105782,-0.5065420934
105785,0.19069581060000013
105787,0.19877668099999984
105827,-0.04799161059999985
105833,-0.023523848799999934
105835,0.026200881400000132
105837,0.06557920540000024
105841,-0.17656816920000012
105844,0.08009365160000001
105847,-0.14191283820000006
105853,1.4821190924
105855,-0.2003112559999995
105859,0.11763422760000017
105866,0.011260935600000188
105988,-0.3989762882
106021,0.11870774259999999
106025,-0.2272552248
106039,0.05742133679999952
106042,0.3424124059999999
106052,0.24496150980000003
106068,-0.6808761656
106073,-0.04254144159999992
106143,-0.2245247617999997
106200,-0.14667068719999993
106205,-0.12851222080000008
106298,0.4028734825999999
106326,0.08647211839999969
106338,-0.5125321839999998
106344,0.08256729939999982
106347,0.01010813740000005
106369,-0.0134685794000001
106389,-0.06754579379999992
106393,2.2745993164
106407,0.1462105686000002
106489,-0.2157411979999999
106504,-0.3868808790000003
106512,-0.4642851772
106522,0.22202654420000006
106529,-0.2628025142000002
106564,-0.29291724300000066
106565,0.09855966879999993
106572,0.7574658472000001
106582,-0.9170709368000003
106583,-0.3307500352
106585,0.010856432399999782
106618,-0.2718150241999998
106628,0.5307139549999998
106633,-0.5679600318000002
106639,-0.3735861727999998
106707,0.1794159084000002
106757,-0.08197503820000003
106759,0.2968576835999997
106763,0.10174078039999997
106766,0.6440675906000001
106794,-0.578826808
106795,-0.11767298040000007
106821,-0.5960018015999999
106840,-0.7229702995999998
106861,-0.6539554404000001
106877,-0.5850609234
106878,-1.5000561755999997
106894,0.12261428559999991
106931,0.046704663000000035
106947,-0.18939360039999986
106952,-0.009991228000000003
106957,-0.14615186960000007
107029,-0.34381986200000025
107035,-0.1730401913999998
107047,0.2090723950000001
107065,0.09593468820000002
107071,0.5085417384000003
107094,0.8182980169999998
107146,0.0394813411999996
107173,-0.0925609454
107182,0.373300431
107221,0.7199132054
107227,0.7316775059999999
107239,-0.7009467424000004
107242,-0.4214476171999994
107250,0.1503196926000001
107260,-0.03616386179999971
107272,0.5391357250000001
107305,-0.033425852999999596
107321,0.21327100779999988
107328,0.29898626480000007
107338,-0.11574454979999976
107351,-0.1147892584000001
107358,0.13263114500000023
107368,0.022130932399999997
107371,-0.4574516752000001
107373,-0.24923890860000006
107375,-0.5306191319999997
107392,-0.004145815400000252
107435,0.25056924019999977
107448,0.0031711606000000003
107449,0.30501901820000016
107476,0.7021899655999999
107477,0.05132006920000018
107503,0.36797234299999976
107513,0.1375758981999997
107515,0.4111818744000001
107522,0.27780307220000006
107526,0.13503621200000032
107527,0.014025754000000236
107528,0.07727108740000004
107566,-0.2773041333999998
107568,0.013666463199999713
107569,-0.6379571980000002
107581,0.5909026604
107586,0.10589764440000009
107587,-0.10455471079999994
107589,-2.3911320573999997
107607,0.6089143943999998
107650,-0.1966733273999997
107652,1.9091442150000002
107684,-0.35955591259999997
107686,0.17505125899999957
107701,0.23212654479999983
107702,0.5664296806000004
107723,-0.8340069953999999
107732,-0.07533074059999996
107733,0.16798035679999934
107734,-0.07712490400000044
107746,-0.4046237526000006
107747,-0.9537696550000003
107753,0.13559193340000011
107765,1.1161566613999998
107766,-0.9927400042000002
107767,-0.4413910951999994
107769,-0.5652108518000002
107770,-0.29988292899999996
107815,0.14601345640000013
107817,0.2759074693999999
107829,0.1290575818000001
107868,-0.08228248439999994
107869,-0.8026836434000002
107889,-0.02018063080000002
107895,-0.18890796220000006
107932,-0.14764027319999987
107934,0.6092963992000001
107951,-0.12736434940000052
107971,0.10501522039999996
107975,-0.38456678060000016
107986,-0.7854676359999999
107993,-0.04836089079999972
107995,0.10220313539999992
107999,-0.14133418099999986
108000,0.19663287540000013
108011,0.3500319819999998
108012,-0.8296172689999999
108013,0.2899985592
108014,0.33892272479999974
108015,-0.04900689820000004
108017,0.20173978899999995
108030,0.06277103040000005
108037,0.024803859800000067
108043,0.021051089599999878
108052,-0.6797283383999997
108058,0.8270344223999999
108062,0.007271297199999971
108067,0.577269537
108068,0.007944733800000119
108069,0.13721336999999992
108071,0.13862535980000007
108073,0.40842063819999996
108075,1.0154280506000002
108078,1.8231321273999999
108079,-0.7345720632000001
108083,-0.5093397750000006
108086,-0.29784660880000013
108089,-0.42364112359999984
108096,0.071165446
108097,-1.5804872188000003
108098,-0.3935707723999998
108099,-0.21002480660000003
108100,-0.1858168059999997
108101,-1.3370488779999998
108105,-0.6225148531999999
108112,0.008290600800000174
108114,-0.13705736320000045
108115,-0.19836918220000024
108116,-0.3419879405999998
108121,0.18044339699999998
108123,-0.32845566620000016
108124,-0.3108677573999998
108138,0.13665719220000003
108143,0.28924416799999975
108147,0.15269005320000023
108148,-1.1791836229999997
108150,-0.5711787552000003
108151,0.13472877200000005
108153,0.09651628639999998
108154,-0.9302018741999996
108155,-0.8506959358000004
108156,0.10003951919999973
108160,-0.5081319924000001
108161,-0.15573624240000009
108645,-0.5190068096000001
108652,-0.4809965420000003
108653,0.2589929321999998
108654,0.4825990510000002
108655,-0.7616737030000003
108657,-0.3840061724000002
108660,-0.1428728760000002
108664,0.4912922809999996
108671,-1.1380946800000002
108672,-0.6515747943999998
108673,1.3888006336
108679,0.15972092040000002
108682,-0.006301257800000049
108686,-0.26980184740000013
108687,-0.006487784200000336
108699,-0.09222916879999979
108705,-1.6845343059999998
108723,-0.7281154112000001
108735,-0.24992352120000025
108737,0.1521172862000002
108755,0.08184152979999998
108760,0.07383410839999982
108767,0.21470179600000067
108797,-1.5575047247999998
108800,-1.4778003552
108811,0.7450129882
108829,0.2277579124000003
108832,-0.001941435200000008
108837,-0.23095837879999973
108841,0.1513732980000002
108853,-0.0581161161999999
108857,-0.0626106937999998
108897,0.37860417299999993
108900,0.4657070236
108903,-0.15510991140000013
108907,-0.4285289979999999
108909,-0.3636911388000005
108911,-0.2813612585999996
108912,-0.15784718859999974
108934,0.03778768479999998
108937,-0.09755717000000035
108943,-0.015663610800000057
108946,0.07541544699999998
108954,0.4722365606000002
108960,0.44273809319999985
108961,0.17859837699999997
108989,-0.025861528599999795
108995,-1.1927196892000003
109006,0.13774694540000035
109019,0.8074552615999998
109032,-0.1382035040000002
109052,0.1958902548000001
109054,0.3979670738000003
109065,-0.3550618152000002
109075,0.1672111746000001
109077,0.29728375240000027
109079,0.03227566360000028
109093,0.3298447950000002
109095,0.17600459499999985
109108,0.07680802339999993
109113,0.04811219419999979
109115,-0.3435411802000001
109129,0.4679361248000003
109135,0.05376813780000004
109136,0.01607668519999983
109145,-0.38227287299999996
109151,-0.010554036000000266
109154,-0.6682753121999994
109161,0.6309956611999998
109168,-0.3254668289999997
109181,0.6456902244000002
109205,-0.025887206199999815
109218,0.09960509519999992
109222,0.12153649560000002
109225,0.6230978752000003
109229,-0.04026997860000013
109232,0.10346727840000014
109242,-0.08267514560000003
109245,0.03414288219999991
109246,-1.1936450844
109254,-0.3672555573999999
109263,-0.10068110560000015
109264,0.4376860699999998
109270,-0.39282165680000014
109272,0.8086151294
109275,-0.0667712226000001
109284,-0.9829200927999999
109294,-0.014708027600000048
109305,-0.2370810277999999
109314,0.14340802300000005
109323,-0.1879336126000002
109331,-0.18741522719999967
109332,0.0949415380000001
109333,-0.1600177450000002
109342,-0.017985309199999817
109346,-0.07723539020000006
109349,0.023118701800000016
109552,0.11875721479999973
109593,0.1396211564
109594,0.1655328412000001
109620,2.1375250576000004
109637,0.06553457519999989
109648,0.06651093719999997
109652,0.28003583659999975
109658,0.13813942599999987
109660,0.10563066739999963
109674,-0.1064015574000005
109685,-0.0894279165999999
109689,-1.6870211054
109697,-0.035021236600000255
109700,0.8945841312
109711,-0.6752402692
109731,0.7961889357999998
109754,0.2634268731999999
109778,0.23740624119999967
109785,0.20706197840000015
109791,0.09821838379999992
109801,-0.5120834119999997
109820,-0.08145552819999988
109821,-0.24224751899999983
109857,0.9382254445999998
109880,0.14290824360000035
109889,-0.13334584339999989
109900,-0.5855864711999998
109901,-2.2314660053999997
109904,0.04479623779999997
109905,-0.18402563399999963
109910,0.04416304579999969
109929,-0.4118371785999999
109934,-0.2602062284000001
109978,-0.07105577220000008
109979,1.3228773282000001
110006,0.1589349128000005
110012,-0.5768911989999997
110033,0.08766811340000036
110052,0.23431131699999952
110058,-0.08373816380000002
110074,-1.3082284884000002
110078,-1.1008372536000002
110082,0.008434934999999855
110083,0.09838087140000014
110084,0.07163034859999992
110094,-0.11088603479999984
110095,0.9194749204000001
110109,0.7660951654000001
110115,-0.002643006999999911
110119,0.045635855999999836
110135,-2.0780870462
110147,-0.31532130599999986
110157,-0.11707997279999988
110168,-0.35104298359999964
110172,-0.06726209880000018
110173,-0.4197244050000002
110175,0.9877659313999999
110196,-0.13550258659999997
110197,-0.38217371260000005
110198,-0.08163654500000028
110208,0.15278695559999952
110213,-0.2662472180000002
110253,0.0542386524000001
110265,0.5255944900000002
110279,-0.4674028681999999
110304,0.04122192859999994
110308,0.15633148260000027
110310,1.5904207042
110312,-0.06092678780000008
110323,0.14703675599999994
110326,-0.1458562559999999
110350,0.09538846359999978
110351,0.4241195994
110379,-0.1607734808000007
110380,0.3187647368000002
110382,-0.6754303169999998
110391,0.14490806760000044
110417,-0.4885094487999998
110446,0.13989285259999973
110521,-0.2037729149999999
110524,-0.2569841986
110532,0.03944298960000001
110542,0.4186316080000001
110593,-0.023210465799999903
110595,0.03334329579999995
110596,0.034181360199999844
110606,-0.20768622240000031
110611,0.5488854662000001
110616,0.12165645700000009
110637,0.04397739019999988
110639,-0.21887160339999964
110648,0.1087964225999997
110651,0.19441760060000046
110695,0.30796276219999985
110749,-0.14545976319999987
110750,0.30281733520000015
110751,0.07065014560000016
110784,0.07711192639999993
110796,-0.2632740174000002
110809,0.4372227332000005
110816,0.5105508190000002
110821,0.2619618534
110826,0.16754451460000014
110829,-0.4405674746000007
110834,0.09436208139999991
110835,0.029020760400000158
110842,0.4497943821999998
110855,0.17159302600000004
110862,0.25129794320000015
110877,0.003877770200000269
110880,0.0063774703999999955
110886,0.06744017619999994
110891,-0.13808164540000015
110893,0.5679369040000001
110902,0.02053946360000003
110911,-1.0962392628
110920,0.36782860700000003
110935,-0.13523738659999998
110948,-0.22608384960000016
110954,0.028408251999999485
110957,0.08376528619999993
110958,-0.33768688979999995
110959,-0.09455831599999984
110962,-0.3369553028
111173,-0.014115241599999884
111174,0.10142092959999989
111175,-0.3142733282000004
112403,-5.772859999986224e-5
112405,0.13695895199999963
112406,0.2233542914000001
112407,1.1787104638000003
112418,-0.14172377140000006
113868,-0.2212966880000003
114128,1.4417219180000003
114141,0.060814000399999735
114142,0.5259229725999999
114143,0.06760967680000007
114229,0.07925961460000026
114230,-0.00689665700000005
114249,-0.014709065999999816
114255,-0.06363471220000003
114301,0.7408082389999999
114304,0.09143062520000012
114332,1.3397803021999997
114479,-0.1559530704
114565,0.40332518759999997
114566,-0.16760381079999992
114570,-0.2813357007999997
114584,0.06389337159999933
114601,-0.11844414399999989
114602,0.04618321379999982
114604,-0.11172406520000017
114606,-0.051523320000000074
114615,0.08798903200000012
114640,0.047051216200000044
114641,0.09788249600000007
114642,-0.19106962840000002
114644,0.09827856459999981
114654,-0.6362965421999999
114663,-0.04732219000000004
114664,-0.2009715299999996
114674,-0.20198080639999993
114712,0.14099430159999987
114713,0.36532010059999964
114714,0.09576860200000008
114715,1.7910849622
114716,-0.43816454420000017
114741,0.24968268459999976
114774,1.8556429027999999
114873,0.06453040879999998
114874,-0.18134680720000013
114875,-0.029196311000000124
114886,0.5663315302
114889,-0.1666127972
114893,-0.3563420296000004
116701,0.11890443859999993
116731,-0.0956188182
116732,0.2994332483999996
116733,0.0862511691999998
116748,-0.037183594799999546
116810,0.11680861080000023
116838,0.18131279560000008
116847,1.8753418678
116848,-0.43160870179999977
116870,-0.2478314009999999
116871,-0.6100343897999998
116872,-0.25035598460000036
116873,0.15178835639999963
116891,0.11812182740000006
116904,0.6150983887999997
116905,0.22090094919999997
116914,-0.03651286400000002
116940,0.10654817760000042
117109,-0.3974489904000003
117146,-0.27862454900000005
117147,-0.3617353071999999
117148,0.15427506379999995
117149,0.6299019633999997
117150,-0.195662308
117158,3.3496224774
117160,0.4896856038000001
117167,2.6229140136000004
117171,0.06263517779999998
117197,0.5120742057999997
117198,0.34572098279999963
117229,0.16582425600000006
117589,0.2587115073999998
117591,-0.7581770790000002
117592,0.14076473280000013
117599,-0.3893424850000001
117600,0.09424911939999969
117606,0.295911999
118445,-8.149579999995882e-4
118446,-0.13449053919999976
118449,0.4073503829999998
118451,0.5302459764000002
118453,-0.05465206140000005
118454,0.12407083019999998
121021,0.29553348259999995
121022,0.6739613524000001
140474,-0.12713741760000002
140475,0.1509011887999998
140476,0.10401978559999989
140477,-0.15467851140000005
140481,-0.3276620769999997
140482,0.07804419039999999
140483,0.1538473163999997
140484,-0.3088476552000003
140486,-0.07563605020000017
140488,0.08370208660000014
140489,-0.3717887036000002
140491,0.4598329698000003
140492,0.0685021916
140493,-0.049534372600000154
140494,0.0026649910000001386
140498,-0.1626889266000001
140499,0.11240542339999957
140500,-0.1263340185999997
140546,0.28702791559999985
140557,-0.010893593000000125
140559,0.2922676746
140570,0.08095466280000012
140571,0.20679118680000014
140577,-0.21148571800000013
140579,-0.3456617935999999
140580,-0.16805145260000015
140629,0.22166586599999988
140630,-0.0692650849999998
140703,-0.3609493537999999
140709,-0.10076860000000014
140721,0.2662732146
140723,-0.059010656000000064
140740,0.19532848819999982
140741,-0.021280789800000033
140742,-1.1840368586000003
140743,-0.025727779999999884
140765,-0.13279097920000005
140780,-0.6215586415999997
140781,0.2747398170000002
140792,0.9068623712
140795,-0.3515716582
140806,0.1414525787999999
140810,0.05910510740000027
140858,0.23517429379999993
140859,-0.3467773919999999
140887,-0.03633739839999988
140904,0.1094859207999999
140917,-0.6948822645999998
140919,0.18559215939999998
142681,0.05632448419999977
142682,0.03536522779999984
142687,0.3245136286000001
142688,-0.11622948260000016
142980,0.3291674654000003
170439,-0.07832012020000026
170441,-0.14398683959999978
170442,-0.43536313820000017
170458,-0.1281796289999999
170459,-0.3984048860000001
170460,-0.2016149792
170461,0.2714672836
170472,-0.32365337699999996
170483,-0.23441208499999994
170484,-0.038302353799999966
170571,0.024589324400000133
170574,0.1623551737999998
170625,1.2770441474000003
170638,0.18175792139999983
170644,-0.6283695892000001
170654,0.388667096
170676,0.12576474240000018
170677,0.06634108820000009
170706,-0.3661158950000001
170707,-0.13228113440000017
170711,0.2786744748000002
170716,0.04488286699999973
170718,0.21755823680000008
170719,-0.6217520794
170720,-0.009703991199999961
170721,-0.37530730300000015
170725,-0.01314171720000008
170728,-1.270544798
170729,0.03179607459999989
170731,0.33001922259999994
170734,-0.0982216434
170735,0.06856833799999995
170736,-2.5318610818000002
170737,0.1736426513999998
170738,-0.054757779000000006
170740,-0.29085019200000006
170742,-0.24353201679999986
170743,-0.03489365819999987
170744,0.3767408825999999
170745,0.18443886119999992
170748,0.1134465601999997
170749,-0.6134932553999999
170750,-0.3208447704000001
170752,0.28778994959999993
170753,0.007496469200000005
170756,-0.4792411912000002
170758,0.06340792100000028
170759,-0.13299893140000002
170760,0.17274039739999997
170762,0.2699368462000001
170763,-0.14071471919999987
170765,0.23638661399999988
170767,-0.20804730459999998
170768,1.0072871921999997
170771,0.010126501999999793
170772,-0.7912380499999999
170779,-0.14258649919999972
170780,0.6529391471999997
170787,-0.5000783461999999
170788,-0.025419716200000053
170789,-0.0453674775999998
170790,-0.0032991217999999434
170791,-0.45426737100000025
170799,0.3601398270000001
170813,0.45429266100000004
170822,-0.09601909380000001
170823,-0.42256543460000023
170826,-0.37203793239999994
170828,-0.005556341599999994
170829,-0.4040778286000002
170833,0.2854963452
170835,-0.047279491200000114
170930,0.4562237639999999
170935,-0.020245346399999954
170947,-0.11256727919999994
170952,-0.29144787679999967
171095,0.1282025488000002
171166,-0.09311462779999999
171167,0.23745846319999994
171168,-0.056547713199999995
171170,-0.3203381916
171171,0.057017708399999895
171180,-0.0971691830000001
171207,-0.6544146238000005
171209,-0.12960896439999997
171210,-0.15958926140000024
171211,-0.2141213879999997
171212,-1.1184617198000002
171281,0.20653211159999998
171282,-0.06429880800000003
171283,-0.04275065580000011
171285,-0.6766723065999999
171286,0.1353928088
171382,-0.05197719260000005
171388,-0.010575008799999891
171463,-0.03736548560000017
171469,0.19842328499999998
171486,-0.773751245
171504,0.27987425240000013
171508,-6.425015999997896e-4
171530,-0.0167639602000003
171531,0.03627510439999995
171543,-0.9987875878000001
171567,-0.42514178820000004
171580,-1.0791120096000002
191578,-0.6065871751999999
192113,0.024327329599999982
192119,0.016477958399999975
192120,0.0037895434000001175
192140,0.1406748759999999
192156,-0.19600114519999998
192157,-0.10024998700000011
192159,-0.17001960339999972
192160,-0.2180489006
192166,-0.7877419580000004
192167,0.1407471892
192169,0.059359203199999655
192170,0.4771266697999998
192174,0.5670399145999999
192176,-0.9385268723999995
192185,0.33632006539999965
192187,0.32733628459999975
192188,0.13756975980000025
192190,0.22524094820000023
192191,0.22689808340000006
192192,-0.1337418490000001
192193,-1.3269435717999998
192195,-0.17824659819999997
192197,-1.1054794248
192198,0.03260350340000021
192199,1.9082432702000003
192212,-0.22665372640000023
192216,0.5640800098000003
192231,-0.14513595759999998
192232,-0.22200650939999972
192236,-0.27719561639999934
192285,-0.81475771
192287,-0.21335575139999982
192292,-0.15582059739999982
192650,-0.01764542020000004
192651,0.24615627300000006
192652,-0.44495614480000006
192653,-1.0123293486
192654,-0.07940873479999995
192656,0.41069892059999996
192657,-0.05761931000000048
192662,0.21544021599999966
192663,0.14587523939999997
192678,-0.7816016611999999
192786,-0.019295899799999794
192897,-0.3735604561999999
192950,0.05258298239999988
192970,-0.5522692580000005
192986,-0.15913067739999995
193003,-0.08956203
193034,0.05053470360000008
193043,-0.13761609099999994
193116,-0.09914336040000009
193452,-0.27219860580000005
193670,0.15047023160000011
193736,-0.14060206319999988
193742,0.058744774000000194
193796,-0.3257085405999998
193813,0.23551734159999999
194126,0.4938975709999999
194219,-0.12893481960000028
194231,0.22744056579999983
194237,-0.008762601599999899
194309,0.21024287299999983
194388,-0.8990019118000001
194401,0.3434742066
194590,0.3204048028000003
194597,0.09170170799999991
194655,-0.34258684419999985
194908,-0.013218344200000077
194952,0.0818391425999998
194974,0.07928184399999996
195018,-0.32077975059999986
195040,0.09661647360000014
195208,-0.13592728980000005
195236,0.18379163179999997
195333,0.18350577900000004
195359,0.19247279720000016
195522,-0.049642767200000305
195646,-0.0367239368
195733,-0.005768101999999847
207151,0.11327019039999994
207165,-0.7446094361999996
207181,0.8602546879999998
207182,0.18431711539999984
207212,0.2011705148000001
207214,0.2862244357999996
207259,0.8654409089999996
207278,-0.7507596746000003
207304,0.2518943910000001
207352,0.3154691291999992
207375,-0.08204230460000021
207393,0.040264565199999845
207425,0.07451483200000004
207521,0.44613470159999996
207565,-0.4247217286000001
207592,-0.017933558400000032
207596,0.27549398420000026
207607,0.07933180140000003
207615,-0.12673017120000019
207683,0.01008791940000009
207704,0.31539619940000013
207728,-0.6769861736000007
207740,-0.20417207559999984
207742,-0.4762586289999998
207781,-0.09336981739999979
207785,-0.5195585536000001
207792,0.18059041439999995
207818,-0.03959952280000005
207839,-0.1777066566
207854,0.09518657339999997
207911,0.049794509
207920,0.4693343343999997
207921,0.17438252260000003
207932,0.24194176779999985
207952,-0.3094889546000001
207958,-0.00984892639999998
208076,0.6159426881999999
208084,0.040113532199999996
208092,0.0558853299999999
208098,0.0792905509999999
208104,-0.12424447220000018
208117,0.7142079899999997
208144,0.33054633040000014
208146,-0.33161821300000016
208154,-0.7211879773999996
208158,0.1547373708
208177,1.854483281
208188,-0.19636366499999997
208194,0.07838128899999967
208198,-0.15810607160000018
208211,-0.06354922399999996
208213,-0.09649238720000033
208228,-1.4064615599999999
208258,0.014140311399999906
208266,0.15060045459999963
208366,-0.07084625719999985
208372,0.0790470198000001
208431,0.0718512278
208439,0.36964818220000006
208440,1.1143119808
208449,0.3276825199999994
208518,-0.16609454580000005
208583,0.14708219079999996
208606,0.30176466140000036
208613,0.328240727
208618,0.12923089679999983
208624,0.17965470680000006
208628,-0.07614389460000001
208634,0.1298942682
208638,-0.23880179219999978
208643,0.1215298414000003
208647,0.3697109847999999
208650,-0.4237758565999995
208659,-0.20095108460000013
208665,0.1269729314000001
208666,0.15784807319999974
208677,-0.17369641699999988
208691,-1.0850576787999997
208715,0.6318405264000001
208718,-0.06689878300000007
208727,0.19733303759999998
208748,0.9893285858
208768,0.27678820099999957
208777,0.5741095230000003
208795,0.011189470000000052
208820,-1.3426901092
208836,-0.17141014160000018
208846,-0.7521906982000001
208869,0.35878302799999967
208884,-0.2950603506
208890,-0.004723376400000123
208898,0.021383435400000123
208908,0.6773742378
208922,-0.3227039302
208936,-0.05550109140000011
208943,0.39969119179999996
208967,-0.2872393232000001
208982,0.1452920022000001
208990,0.016051723999999906
209003,0.007476677999999737
209011,-0.33390552759999925
209012,0.010259732200000494
209018,-0.13608605440000013
209027,-0.016350135999999793
209032,-0.21329959699999995
209047,-0.08831919239999983
209086,0.1174389339999998
209091,0.0874131865999999
209131,-0.9314721306000001
209176,-0.16211322760000008
209195,0.2519681805999997
209200,-0.1462802333999999
209212,0.4623800189999999
209224,-0.008679671999999906
209225,-0.9407559309999998
209232,-0.07010300039999999
209239,0.23278559899999998
209268,0.24664631459999992
209318,0.3042484333999996
209334,-0.12229421379999987
209354,0.056212249400000386
209357,0.023669111799999955
209361,-0.14878050879999993
209378,0.9544515273999996
209416,0.025884917200000492
209446,0.09852015779999998
209448,0.16004298259999988
209456,-0.076103477
209462,-0.10005663200000008
209478,0.3439788832
209488,-0.4836612520000001
209497,-0.37782211760000023
209558,0.1845416096000001
209584,0.1244321966000001
209586,-0.2380439993999996
209588,-0.0029641466000000227
209630,0.08817041840000023
209645,-0.05748870799999982
209692,-0.20350320260000015
209707,0.0025314284000000353
209737,0.23323865140000014
209760,-0.08094532759999991
209773,0.18071494660000004
209776,-0.02258070120000007
209815,-0.046232148000000174
209837,-0.48593712439999975
210004,0.08587062600000017
210009,0.29983580579999974
210027,-0.024174524599999875
210029,0.10990910520000004
210044,0.15020213059999996
210094,0.08114831240000002
210105,0.6514933408000001
210108,0.19162136199999996
210126,0.046307491400000345
210135,-0.6205761592
210146,-0.4773256637999997
210148,0.2836831157999997
210162,-0.047155783199999836
210172,0.1383055864000001
210198,0.05939502280000006
210274,-0.0012759724000002137
210293,-0.4754777338
210297,-0.04981912080000006
210356,0.494608939
210376,-0.12724726240000045
210417,0.006327326199999911
210503,-0.21520985779999988
210529,-0.3758705184
210544,-0.025100940599999788
210573,-0.19064266819999992
210582,0.1751645611999999
210622,0.27784574380000004
210673,-0.14907235199999974
210711,-0.07184089299999992
210719,0.046843441400000074
210741,-0.1519429864000001
210757,-0.6358554075999997
210762,0.059179627599999916
210766,-0.48844141419999987
210789,0.09238623239999999
210801,0.07740296859999996
210808,1.2554685222000002
210925,-0.30180453620000003
210973,-0.1005599789999998
210992,-0.39191882599999983
211006,0.15983909659999984
211007,-0.08572382960000002
211064,0.3563531012
211134,0.06179902219999996
211151,-0.20768622240000031
211187,0.07698454920000017
211232,-0.08136969779999978
211255,-0.4369744899999999
211286,-0.38709478080000037
211329,-0.42374205899999995
211347,0.16937052039999992
211383,0.04979866340000001
211389,-0.4862637581999998
211401,-0.8131116693999992
211446,0.14978926160000017
211468,-0.17620885359999994
211480,0.144948943
211482,0.10499368279999999
211484,-0.4946488928000001
211488,0.47202526960000013
211499,-0.11675675619999984
211550,0.8813865772
211556,0.05979450180000023
211577,0.46633997219999995
211586,-0.29683322600000006
211651,0.029650606600000105
211652,0.7586084008
211660,-0.47781121979999985
211666,-0.2784686033999996
211673,0.16224890940000022
211712,0.04442687559999997
211739,0.36025038360000006
211770,1.2148062612000001
211798,-0.5838855228
211896,-0.2065679921999998
211914,-0.03868414659999983
211922,-0.9524152556000001
211936,0.00991393719999989
211945,0.02877789520000018
211948,0.9791457279999995
211949,0.04086379780000016
211961,0.24895103479999983
211978,0.1716738324000005
211986,-0.1052454118000002
212032,0.5147662044000001
212070,0.1387579874
212073,-0.3119469161999998
212090,-0.4020946348000001
212111,-0.1822116723999999
212114,-0.49254761560000027
212123,-0.4370364220000001
212127,-0.27609419020000014
212139,-0.288797463
212167,0.16121941
212168,0.3440009392
212190,0.14020926140000026
212198,-0.13145992599999995
212285,1.233524444
212307,-0.8016447356
212326,0.3173958105999997
212377,-0.0994883122000001
212390,0.12202849060000016
212391,-0.5452952888
212392,0.024718084399999965
212398,-0.3604864889999998
212427,0.01055372660000028
212439,-0.04468859240000015
212442,0.2052495989999999
212448,0.2423860566
212503,-0.010915241799999897
212508,-2.5895240000010087e-4
212514,-0.3700339937999999
212516,-0.10624098479999995
212518,0.049196297599999994
212528,-0.062024575400000094
212531,-2.7389588044
212541,0.2353535886000003
212627,-0.37278043479999956
212632,-0.2280472456
212647,0.0852428904
212670,0.10537253839999963
212679,0.08877430539999986
212706,-0.13509314039999992
212712,0.23611001020000016
212772,-0.01554246359999998
212862,1.4250391418
212880,-0.1506764497999999
212892,0.3087106178000002
212898,0.48844560959999994
212919,-0.19844913840000006
212933,0.06398674360000003
212937,-0.7268817391999999
212980,0.15895101840000017
212986,0.11035671019999996
212989,-0.0037406445999998653
212998,0.2474905163999998
212999,-0.22157921799999994
213011,0.0439048795999998
213012,-0.026425591600000332
213019,-0.14891622160000026
213053,1.5759444792
213054,-0.49147295899999943
213068,-1.2765753863999998
213081,0.04080302299999996
213084,-0.10070728439999996
213109,-0.2149208634000001
213119,0.10674876759999999
213121,-1.0817626117999999
213171,-0.06116671860000008
213208,0.16202123120000017
213211,-0.0151343102
213233,0.045718785200000056
213234,-0.08455626100000009
213236,-0.20297744060000014
213262,0.11878007099999995
213272,-0.03670630660000018
213311,-0.061702746200000026
213326,-0.08108425839999997
213389,-0.12830649800000007
213391,0.2615653406000001
213402,0.10759830559999965
213417,0.1782898986000001
213435,-0.2166251450000002
213439,-1.2388711402
213452,-0.0741291038
213464,-0.10632256119999983
213469,0.15918603719999994
213484,-0.2228479232000002
213491,0.06785880500000019
213498,0.0855409611999999
213499,-0.12901645860000013
213522,0.0892303536
213527,0.13316400619999996
213539,0.2668930822000002
213541,0.5650253781999999
213550,-0.13679741279999985
213556,-0.07094228559999977
213575,0.3838811173999998
213582,-0.014127719799999914
213603,0.2917083422
213649,0.027095964599999967
213673,0.2436135474000006
213696,0.05431654879999996
213753,0.29641456280000006
213760,-0.15341115600000013
213765,0.020347082800000048
213773,0.39423048419999984
213783,0.3008016628000002
213819,-0.8535419483999995
213827,0.6161169595999997
213895,0.43956711739999943
213948,-0.31120010019999994
213956,-0.11280847499999994
213980,-0.09888584019999999
213988,-0.8122398810000003
213989,0.34351369619999994
213990,-0.5203016922000001
214058,0.04424609439999997
214063,-0.15305181139999996
214084,-2.2434504222
214105,0.08819205879999999
214106,-0.03470351719999991
214111,-0.052555963599999964
214112,-0.051724394799999976
214133,0.9980791246
214137,1.2942554392
214150,-0.07716796999999982
214162,-0.5004507923999997
214189,0.0731580696
214230,0.11468598540000004
214240,-0.05460914899999986
214253,-0.16118121379999983
214254,-0.20325705619999984
214301,-0.20513355360000002
214305,0.16583910779999994
214345,0.005056308399999931
214359,-0.8889320869999999
214384,0.18285302239999995
214424,-0.40140591159999994
214425,0.9070352882
214444,0.24108458559999985
214459,3.1229786151999996
214469,-0.34040321879999985
214498,0.4540028025999998
214505,-1.0633125614
214523,0.06325500539999991
214531,-0.019389743600000037
214547,0.2287151847999997
214552,-0.35587969259999996
214572,0.16590849779999975
214575,-0.09977994599999995
214579,0.08741083260000002
214580,-0.41266780139999976
214585,-0.39072289400000015
214597,0.0826120699999997
214601,-0.03870617440000004
214642,0.0800163863999998
214663,-0.10091581699999994
214669,-0.13319924259999993
214685,-0.11169903219999977
214704,-0.1089605648
214742,-0.19311392499999996
214779,0.07620625560000009
214791,0.45490606600000005
214804,0.4754856108
214855,1.0947139549999998
214895,-0.22353927319999975
214897,-0.2610964332
214899,-0.15300301420000015
214901,-0.21662252180000027
214922,0.04958659679999984
214931,0.16029967260000005
214944,-0.015173131800000128
214951,-0.2663221720000003
214952,-0.14749488439999947
214968,0.03609420579999993
214987,0.0432785004000001
215001,0.09996699719999995
215008,-0.08663072080000005
215015,-0.32397801519999997
215031,0.5534279150000001
215051,-0.06282448219999992
215085,0.11146390259999991
215090,0.06488551619999987
215095,0.16701702820000008
215113,-0.7608513567999996
215114,0.16071144700000012
215160,-0.034408593999999924
215194,0.4516234277999997
215201,-0.1496097491999997
215210,0.46495057400000006
215243,-0.9480744962000003
215274,0.06439033199999994
215280,-0.9811588074000003
215303,0.2598079330000001
215332,0.01545622780000003
215335,-0.3935988857999998
215351,0.017285853600000324
215378,0.0715291599999998
215384,0.15631318899999974
215387,0.20411978640000009
215418,1.2626079495999996
215436,-0.5455442126000001
215445,0.026026494799999966
215446,0.37157618060000014
215449,-0.4095733600000003
215456,-0.1286388056
215474,-0.3229885142000001
215476,-0.13633301619999955
215494,-0.04186904100000016
215512,-0.15404066399999933
215615,0.1004054315999996
215627,0.20378644259999984
215632,-0.3587039248
215653,-0.52962361059999985
215690,-1.9496455809999995
215693,-0.13085050939999995
215705,-0.013673614199999495
215707,-1.5762445217999999
215723,0.17996024800000004
215748,0.07964581579999969
215751,0.01798311520000022
215772,0.1325279949999998
215789,0.6934566551999998
215814,-0.25900296219999996
215819,0.20849754399999992
215890,0.05620046480000004
215999,-0.009316185000000123
216001,-0.91088389299999994
216011,-0.14993707439999987
216019,0.1727335613999999
216021,-0.3091013597999999
216028,0.0324686323999999
216033,0.3573599445999999
216049,-0.14154090680000025
216080,-0.3789589353999997
216119,0.15250477940000023
216131,-0.33538889320000037
216134,-0.04583382740000023
216136,-0.5287011282
216148,-0.08152317120000012
216150,-0.07384650759999971
216151,-0.06461042240000017
216154,-0.25936254400000003
216156,0.15949362259999994
216157,-0.21947632719999924
216161,0.7896438947999996
216169,-0.8478554828
216188,0.27383870079999983
216190,-0.3532946191999997
216197,0.9413443437999994
216198,-0.30825461780000013
216225,0.13131282879999998
216233,1.8532402616
216238,0.6785718944000001
216274,0.15162375940000006
216285,-0.11956246579999989
216292,0.09011464879999981
216343,-0.11305698040000012
216344,-0.3024246380000001
216345,-0.08893842139999979
216350,0.03923855960000006
216363,-0.4130352126
216440,-0.11558158200000009
216445,-0.5538078534000002
216456,-1.0491700992000002
216505,-0.3636433230000005
216516,-0.008994504600000215
216527,-1.0608086748
216543,0.15679386199999978
216549,-0.5548280917999996
216551,-2.3800113218
216558,0.20123110900000007
216560,-0.5236476174000002
216565,0.4017044232
216578,-0.25889141820000017
216613,0.40708904120000006
216616,4.8867436268
216643,0.14572134539999998
216705,0.03947071740000004
216724,-0.11628079479999975
216725,0.9559819311999996
216739,-0.021807682799999933
216742,0.14370288639999984
216749,-0.008620003799999942
216760,-0.6156787576000005
216766,0.15207779999999999
216767,-0.05382921400000013
216792,-0.1114319113999999
216795,0.10888412539999985
216799,1.9807364619999999
216805,-0.3266808954
216810,0.13788411579999985
216820,-0.0506269102000001
216821,0.44545990280000003
216825,-0.025088063399999763
216831,1.5794741149999998
216835,0.058521791399999926
216846,-0.09214913340000022
216848,-0.7780117134000001
216850,0.9260319559999998
216853,-0.14502197559999994
216856,-0.017922801800000165
216858,-0.6196907289999999
216859,-0.6196907289999999
216860,-0.30173800060000033
216867,0.08595863520000029
216869,-0.5612654297999999
216873,0.03280123339999985
216874,-0.2202463769999996
216877,0.289235807
216881,0.094420184
216892,-0.4151056942000002
216961,0.5837486221999999
216963,-0.21720755739999992
216964,-0.04683334299999993
216965,-0.2806397854
216971,-0.7682407294000001
216974,0.2658695351999997
216984,-0.5127729257999996
216987,-0.00220829680000012
216991,0.3615634334000001
217011,0.3652930492000001
217012,2.0731127896
217026,-0.1346638163999998
217031,0.3566641021999997
217038,-0.3140842723999997
217039,0.04766192480000039
217057,0.13059955279999985
217069,-0.48266155200000005
217082,0.23066795919999983
217109,0.6268923788
217119,-0.3903686365999999
217124,-0.015737032799999894
217125,-1.3874166534
217127,-0.13522681300000006
217138,0.6785313274
217140,-0.2430866670000002
217143,0.10474802400000005
217149,0.06399975940000006
217154,0.17213687879999995
217166,0.24012878979999996
217169,-0.2095501915999996
217194,0.08819925180000024
217198,-0.09231852200000007
217201,-0.07921254520000025
217203,0.8242111818000002
217207,-0.19903087379999995
217212,-0.1429703094000004
217214,-0.26688126579999966
217217,0.011286617400000221
217218,-0.2562140876000004
217219,0.07425009899999983
217232,0.3290531050000002
217262,0.200564244
217265,0.2820927260000001
217303,-0.6918247516000002
217304,-0.6606654440000004
217310,-0.22459344619999994
217316,-0.3866249084000001
217325,-0.2058002007999999
217331,0.006792773599999968
217333,0.8086735985999999
217335,-0.14495678760000014
217337,0.39106027439999985
217340,-0.19793440959999983
217342,-0.36712960400000016
217344,0.1996669112000001
217351,-0.5809226151999999
217353,-0.9309504395999999
217356,-0.12359314039999986
217364,-0.1631719242000001
217365,-0.03486595139999995
217366,-0.4617848254
217369,0.27988369639999977
217371,-0.16029987579999982
217378,0.27749124819999993
217379,-0.5892739777999999
217410,-0.8626072981999997
217431,0.8703709749999999
217449,-0.0742922606000002
217463,0.058359284799999855
217473,-0.7609933559999996
217480,0.0735317858000002
217517,0.5141117135999999
217558,-0.16997191459999977
217578,0.4439610415999997
217588,-0.011137121199999826
217648,-0.1537163948
217653,-0.7263426078000004
217664,0.31833687000000027
217666,0.30135559339999995
217682,0.15095689979999988
217692,0.1417565311999999
217695,-0.04504624280000032
217707,0.027381249000000274
217708,-0.22194343639999997
217715,0.2349166905999997
217716,-0.25408251060000014
217718,-0.019979403800000017
217733,0.2053208602
217734,0.2001356613999997
217737,-0.4008919722000005
217826,0.47473495259999987
217827,-0.5031250984
217835,-0.9147867411999998
217837,-0.05867140759999997
217847,-0.5441042809999999
217864,-0.11866346420000015
217866,-0.10883462119999976
217869,-0.48228566599999995
217882,0.2107623090000001
217893,-0.1966779275999997
217944,0.8982794588
217946,-0.4415793821999999
217951,-0.02868914439999982
217980,0.21618811879999988
217995,0.7504415562
218030,0.10288979519999994
218035,-0.12675862939999977
218038,0.3265501617999999
218100,-0.27600925379999985
218103,-0.5223802172
218121,-0.4068211890000001
218138,0.07659892700000004
218194,-0.0772313453999999
218203,-1.0356801208
218210,0.20393623840000039
218215,-1.887629172
218232,0.03766394799999997
218236,-0.05323572779999989
218271,-0.2768397845999999
218294,-0.5170742372000001
218314,-0.010807214599999936
218335,0.2884843830000001
218341,-0.8169470009999996
218397,-0.0948572711999999
218440,-0.014585206999999918
218441,0.11076533559999993
218442,-0.48899660879999995
218454,0.09675920220000034
218460,-0.03778807280000011
218461,0.31002033440000004
218490,0.3225280355999999
218503,-0.12910352800000008
218506,0.23378930040000018
218518,-0.5920150063999999
218543,0.20179428799999996
218544,0.0986063542
218581,-0.23064770699999998
218613,-0.027504993600000225
218624,0.04186985739999986
218629,0.08955865220000021
218630,0.465594065
218639,-0.031084534800000094
218693,-0.20328741239999992
218699,-0.7688007552
218756,-0.50672082
218763,0.11087261179999963
218772,-0.10015007560000022
218793,0.6796494114000001
218811,0.04803003700000019
218820,1.5832938840000002
218832,-0.29042118540000017
218865,-0.42603025579999976
218877,0.3024157740000001
218885,0.22842890659999976
218952,9.76543400000196e-4
218973,0.0394149168000002
218975,0.26246379980000006
218977,-0.0699246390000001
218989,-0.04150424180000023
219022,-0.5172073937999999
219072,-0.8520716761999998
219094,-0.4674597222000001
219103,-0.3053830515999999
219105,-0.8100405958000003
219114,-0.06721445919999977
219132,0.38906246360000035
219134,0.03989121800000017
219135,0.2230520003999999
219140,0.09593232279999989
219148,0.019572672400000008
219149,-1.6952974293999998
219150,-0.16840606200000022
219151,1.1802309208
219158,-0.34389270619999956
219170,0.4664447961999997
219181,-0.14546312960000002
219189,-0.10603283260000024
219228,0.495937711
219249,-0.09263955399999994
219257,0.19824981219999974
223227,0.21906570699999986
223254,0.5409907742
223255,-0.9816086611999996
223267,-0.48086377139999975
223272,0.5308074165999999
223332,0.22557611680000028
223435,0.9055816060000004
223453,-1.7928939520000005
223473,0.22299414120000005
223499,0.47538707820000037
223513,0.5914518691999999
223527,0.39311784959999996
223604,0.10723401220000017
223626,-0.15837804379999998
223642,-0.14050424200000006
223648,-0.24021340640000016
223658,-0.1733741229999998
223664,0.1444135210000001
223665,-0.5143950041999998
223666,-0.5143950041999998
223669,-0.3622448852000001
223690,-0.14512365859999968
223691,0.28268602899999984
223693,-0.11368557300000008
223696,-0.1740976909999997
223697,-0.005798601199999709
223722,-0.15544112900000012
223723,0.054099882800000304
223726,0.1238599903999999
223739,-0.7243465454000002
223752,-0.10205595479999996
223753,-1.6553213498
223754,-0.49192078840000003
223770,-0.3267052901999996
223774,-0.23847549160000003
223775,1.0915391815999995
223780,0.0062094009999999235
223825,-0.05306359280000006
223827,-0.04946986300000019
223828,0.4332985855999995
223838,0.19921841939999993
223843,0.0702383168
223864,0.4200919594
223881,3.2973632707999996
223915,0.11836832939999978
223917,0.5731740466000002
223918,0.028370915200000013
223920,-0.13194818520000012
223921,-0.2962308442
223970,-0.09000440900000013
223978,-0.19571873180000005
223989,-0.7519143624000002
224008,0.33063069600000006
224014,-0.26336531119999973
224020,-0.4890446845999996
224022,0.14391691579999982
224023,-0.3194311822000001
224024,-0.058422756400000254
224045,0.4034031523999998
224079,0.1771280354
224088,0.3019200456000002
224090,0.20080513979999998
224092,0.29720889879999995
224093,-0.35374992100000036
224105,0.27156112659999965
224109,0.25017671900000027
224111,-0.0929593928000001
224116,-0.11738332400000005
224129,-0.3928100536
224139,0.2963211934000002
224143,0.1627103916
224170,-0.8612816906
224344,-0.11796442719999994
224405,0.007216808999999838
224419,0.08121251660000015
224432,-0.26242231959999984
224440,-0.12895409120000015
224454,-0.6294046529999997
224481,-0.20548443160000002
224585,-0.11063636520000027
224613,0.08007150800000015
224617,-0.07220053340000021
224619,-0.39272419040000023
224624,-0.3067842535999997
224630,-0.3096687233999999
224640,-0.2590161142000003
224650,-2.1614399999958513e-5
224656,0.05642458719999992
224661,-0.2535880176000001
224671,-0.06397629160000003
224674,-0.1809955554
224697,-0.4675992506000002
224705,-0.29642958119999996
224727,-0.10582084839999999
224742,0.1636061667999993
224762,0.08495726899999985
224794,0.6442483062
224796,0.3839624796000001
224805,0.029357229800000082
224807,0.03511702880000023
224813,-0.013844671000000103
224814,0.09969752639999976
224823,0.027028732000000142
224824,-0.09251999199999972
224826,-0.43256559820000007
224829,-0.06057564580000004
224833,0.3267536456000002
224836,-0.0073533269999996875
224840,-1.4242318830000003
224860,-0.2847971019999996
224897,0.1814448554
224902,0.048605166000000276
224903,-0.007454966599999923
224907,-0.3492834145999998
224912,0.0224073387999999
224938,-0.2196229121999997
224997,-0.17100386139999985
225010,-0.051741106800000145
225020,-0.5439176575999995
225027,0.7065695183999999
225028,0.565969486
225049,-0.8160668618000002
225055,0.020018371200000284
225115,0.5407122083999999
225131,-0.011086446000000028
225152,-0.020675862600000282
225160,0.5602023912
225164,0.05667482520000015
225182,0.9926281343999996
225187,0.8169603114
225192,0.18986420820000002
225207,-0.039940995799999955
225215,0.7631371477999996
225266,-1.5500964968000002
225280,-0.7982335487999999
225283,0.20717780300000008
225326,-0.40653174120000013
225339,0.003727324000000476
225341,0.5232112426000001
225348,0.4809599092000001
225358,-1.0597803098000007
225362,-0.20936410579999992
225363,0.9630680497999998
225372,-0.21026632740000012
225392,-0.15988783439999993
225432,0.1739413471999999
225443,0.028393455200000063
225467,0.18741115479999962
225497,-0.0565583506000001
225518,0.22227433279999978
225523,-0.24588098900000016
225600,0.04172219260000008
225608,0.257960355
225631,0.11602305980000001
225638,0.7401430840000002
225642,-0.03772719260000004
225644,-0.08439246040000015
225651,-0.7058595276000001
225659,-0.33147895039999986
225724,0.5027280344000002
225742,0.08699433860000028
225745,-0.15753402999999988
225825,-2.4543416571999996
225849,-0.3577667568000001
225861,-0.3531251714000003
225865,-0.028234733999999834
225870,0.030299504200000084
225872,0.06389531859999975
225875,0.025044113599999918
225876,-0.3965511813999999
225887,0.25986087320000023
225895,0.039847130000000064
225896,-0.3266054158000003
225898,-0.5530252641999999
225908,0.6513811651999999
225912,-0.7852008322000004
225929,0.13101675340000013
225994,-0.3310619374
225995,-0.37879019499999983
225997,0.0742305629999999
225998,0.2878977189999997
226016,0.5791705241999999
226025,-0.05552456120000018
226026,-0.21609940319999976
226040,-0.036385308799999905
226041,0.6316059629999997
226049,0.25939314780000017
226075,0.31306612860000016
226090,-0.2933852832000001
226098,0.35899058280000007
226101,0.24492199139999987
226115,0.09452713519999989
226122,0.11546040319999964
226123,0.32823109999999983
226139,-0.2909387284000003
226144,0.0016428697999998686
226154,0.3548329838000003
226162,-0.23972056560000024
226169,0.9288831157999997
226178,-0.3910466981999992
226180,0.06195863700000004
226182,0.0978495174000001
226243,-0.1915775506000001
226245,0.06694864759999994
226250,0.014887423399999907
226251,-0.38302643280000026
226255,0.755274704
226265,0.18824287960000013
226359,-0.0839383341999998
226407,-0.21237208739999983
226409,-0.748350954
226412,-0.9430856872
226413,0.22747428879999995
226418,-0.8060047296000004
226419,-0.05284860820000006
226432,0.32308194820000036
226442,0.7781229502
226470,0.6355117272000002
226517,-0.17975201660000018
226518,-0.07070833140000002
226519,0.1730449640000003
226525,0.5214442689999998
226539,0.004766673800000213
226541,-0.37486254320000006
226548,-0.1653681722
226551,0.4508476156000004
226562,0.01872180699999961
226564,0.05629937619999997
226591,-0.08116719119999975
226594,-0.3382214619999999
226610,0.19352046360000053
226641,0.12013919720000032
226646,0.3449310864000005
226652,0.12419735680000059
226654,-0.36000009060000016
226744,-2.1422409592000005
226747,0.43010097239999967
226751,0.08459767180000027
226757,-0.37677358400000005
226778,0.10346611519999982
226781,-0.0930127149999999
226791,0.07188281640000013
226823,0.04314695559999999
226830,1.411776043
226841,-0.0731612993999999
226849,-0.25829353619999973
226856,0.17217024180000007
226861,0.02271202240000001
226866,-0.12794743479999976
226896,-0.12311489680000003
226922,-0.5331101386000003
226970,0.09771850620000004
226971,0.287434457
226976,-0.027701210599999925
226977,0.08332478980000016
226982,0.739793051
226999,-0.0786542761999999
227059,-0.021273131199999917
227095,0.1563748102
227099,-0.17629086919999998
227102,-0.6867511752000004
227120,0.20250108200000003
227154,-1.3598028832
227157,0.16941645580000006
227195,-0.4685720302
227197,0.06794503879999997
227210,0.817559913
227231,-2.0308139602
227290,0.1348901969999993
227292,-0.10576058720000032
227325,0.10845505860000022
227327,0.9710292912000001
227331,-0.18041031540000002
227333,-0.8750992556
227334,-0.6830793950000004
227377,-0.14378158980000003
227394,1.1617108386000001
227399,0.14455155259999977
227449,-0.48798961679999986
227485,0.1362606565999998
227525,0.23398710620000002
227541,-0.4628817527999999
227545,-1.755771486
227580,0.28039373079999963
227612,-0.9444297296000006
227613,-0.34789524660000026
227615,-0.3952484816000002
227618,0.09773089600000003
227619,-0.16921137279999993
227620,0.09452094240000035
227624,0.0906101322000003
227631,-0.19348804559999985
227632,0.03351308160000015
227634,0.06530981139999989
227638,0.22033132319999957
227644,-0.13258513080000028
227648,0.15085170580000024
227656,0.21966273019999996
227659,1.1077910608
227671,0.06292002639999998
227674,0.2689506538
227682,-0.04396615660000015
227683,0.25674142240000003
227693,-0.49752176000000015
227696,-0.030963141200000176
227697,0.11328079719999984
227699,-0.12045512020000013
227700,-0.5065590498000001
227707,-0.31209281479999973
227715,0.30590212920000026
227720,-0.1481926862000002
227723,-0.5722805610000001
227731,0.25155615479999993
227733,-0.08443159480000012
227738,-0.2560358665999999
227743,-0.48492929480000024
227746,-0.1664222645999999
227753,-0.20758658599999968
227800,-0.1634770314000001
227801,-0.12370448000000028
227835,-0.5046117438
227867,-0.04893928220000026
227929,0.40729457399999947
227937,0.4759922402000001
227960,1.4398404347999998
228003,0.8831837024000001
228005,0.9173900080000001
228012,-1.1481815417999996
228019,-0.6069396833999999
228026,-1.0714294492
228061,0.17851645440000002
228071,0.48009703960000005
228094,0.2506604030000001
228136,0.42207737039999993
228139,0.17581493880000015
228140,0.33177529060000027
228355,-0.6442846716
228357,0.48656432999999966
228359,-0.29225358339999996
228361,-0.1639191106000002
228368,-0.8527602405999998
228410,0.31011547440000004
228413,0.18100928080000003
228421,0.0600268316000003
228432,5.166880000000915e-4
228482,0.00629144960000013
228491,-0.1481580845999998
228536,-0.24440286960000013
228543,0.4430839906000001
228545,-0.014422543799999946
228550,-0.08730578159999983
228564,0.30843976100000015
228576,0.09177698979999978
228598,0.26316750059999966
228607,-0.9740050328000004
228608,-0.45601848999999994
228662,-0.017608004799999927
228677,-0.18584463259999992
228731,-0.006325112999999938
228765,-0.21920494039999988
228769,-0.5013832114
228770,-0.1296277980000001
228775,0.03668312759999956
228777,0.06436747859999997
228778,0.27239224259999995
228785,0.13178450979999995
228788,0.09259490579999967
228790,-0.16994387359999955
228801,0.9921516090000002
228807,-0.22666983700000004
228812,-0.2854418664000001
228829,-0.2642888243999998
228836,-0.8637627258000006
228839,0.17116260279999995
228850,-0.3319160740000001
228852,0.3029679666000005
228858,0.19041353880000006
228859,0.5562266133999996
228866,-0.4209334030000001
228869,0.36168185380000006
228875,-0.18467887980000003
228876,0.12692698659999985
228880,-0.7998104076000001
228889,0.06018290160000017
228911,0.811664364
228913,-0.011816746799999733
228942,-0.16715467079999993
228960,-1.0017350742000002
228961,-0.17990809639999977
228966,0.9643558493999997
228983,-0.17405902319999988
228993,0.1025386474000001
228994,0.13776407140000022
228998,0.1441944591999999
229003,-0.12709325000000077
229004,-0.10729017859999994
229007,-0.6127280495999999
229011,0.011609213200000043
229055,0.23703303739999998
229096,0.1487519933999993
229211,-0.12052135219999978
229214,0.04584571199999994
229228,-0.5557198125999999
229277,-0.026831867199999932
229279,1.0300308446000002
229302,-0.1448859973999998
229317,0.23343752019999986
229320,-0.2366613492000001
229323,0.5417273496000006
229357,0.006429494999999896
229363,0.5075833584000004
229445,-0.25258794859999983
229474,-0.46613025399999997
229499,-0.7109824120000001
229504,0.35229223140000004
229512,-0.1435035172000001
229517,-0.5288587781999998
229521,-0.20678193460000022
229524,0.1360771211999996
229534,-0.41227591320000023
229541,0.12429245599999987
229542,-0.7576775895999998
229543,-0.17464127480000027
229584,0.06248802140000009
229588,-0.010575008799999891
229593,-0.49342603
229595,0.5228671064
229600,-0.6013964331999995
229603,-2.2527507168
229615,-1.0171818058000002
229644,-0.17838191239999973
229658,-0.3679048006000002
229663,-0.12947879400000026
229665,0.07439515260000018
229672,-0.11518356860000001
229675,-0.28491888320000014
229681,0.05281572419999973
229699,0.5520642504
229700,0.14851766899999977
229706,0.1041063770000001
229707,-0.2376530364000001
229709,0.2980733023999999
229714,-0.026900173200000137
229715,-0.07481936940000011
229725,-0.04911506380000005
229731,-0.17129396159999963
229759,0.019827913999999947
229776,-0.12383161200000004
229780,-0.04005253520000007
229782,-0.08620387540000023
229801,-0.07110460080000011
229841,0.30418531779999985
229877,-0.27723850999999994
229900,0.9819532839999997
229906,0.07522126239999986
229937,0.41462830680000007
229949,0.04903489540000033
230027,0.28699130699999975
230075,0.35248833600000007
230082,0.2568197941999998
230098,0.12065062279999994
230099,0.19752693860000026
230101,-0.02936893580000016
230103,0.33527684440000005
230119,-0.18246651299999977
230125,-0.21874682199999995
230126,1.3231601854000001
230145,-0.7713548656
230157,0.132002228
230162,-0.02789438100000004
230163,-1.7704740106
230235,0.1526328489999999
230257,-0.4975084260000003
230259,-0.025288467199999855
230316,0.1265443348
230376,-0.5162755021999997
230379,-2.0194505288
230393,-0.3248016909999999
230484,0.19660291920000036
230514,-0.5119167970000001
230558,-1.3256061014000002
230576,-0.15751292640000028
230577,-0.20076764580000006
230579,-0.043422887200000204
230582,0.042134034199999865
230584,-0.17987446999999968
230587,-0.029087079800000026
230590,0.13387175560000014
230596,0.46396011460000003
230597,0.16205702440000014
230603,-0.5272134663999999
230612,0.21898164759999988
230648,0.06844634040000042
230649,-0.5470374992000002
230654,0.41642991819999986
230657,-0.09581595019999974
230661,-0.39288330800000004
230673,0.16145783219999998
230674,-0.2811304458
230676,-0.4129135332000004
230678,0.2778674018
230696,-0.07763654219999996
230700,-0.18344067799999986
230709,0.319089351
230721,-0.4415062400000004
230726,0.17046886339999986
230734,0.6577097829999998
230735,-0.05966728640000023
230737,0.7084290630000002
230738,0.7781200725999999
230751,0.10360500999999989
230752,-0.18194949859999998
230753,0.03366479160000074
230757,0.30811625619999994
230761,-1.0953497445999998
230766,-0.3334539074
230767,-0.05579122700000009
230770,0.023584431800000166
230777,0.19318318760000003
230779,0.07489466360000012
230784,-0.03745419720000012
230787,0.32311847420000034
230789,-0.16156017199999936
230793,-0.23884635040000024
230796,-0.4796253572000001
230801,-0.22308470619999987
230809,-0.4460271098
230810,0.21424982900000006
230815,-0.2370580258000002
230822,-0.22661266820000012
230824,0.06405482799999981
230837,0.14665134920000025
230848,-0.38534832340000025
230857,0.04618736040000008
230861,-0.4110942238000005
230863,-0.03512550740000009
230866,0.017672035000000197
230868,0.03737273739999997
230872,-0.021459176400000148
230895,-0.2122876338000003
230899,2.0352040084000005
230903,0.0797647615999999
230904,-0.6185593883999999
230908,0.07639870239999969
230917,0.11917228719999999
230935,0.2971429136000001
230936,-0.07480635519999997
230959,-0.1958152253999998
230967,0.10002144000000007
230971,0.3081075223999997
230972,-0.070749339
230979,-0.2751891599999999
230996,-0.7030703024000001
231002,0.0647362231999999
231003,-0.25828085860000005
231004,-0.8432951517999999
231044,-0.006070999199999952
231050,0.11936895260000019
231051,-0.5281857836000006
231070,0.6028734612000003
231086,0.4289229284000008
231093,-0.8542415478000001
231098,0.12685921240000003
231103,-0.21457344059999972
231123,-0.2523018005999999
231125,-0.12272521880000012
231128,-0.43322289960000016
231130,0.45479514819999983
231134,0.18758489340000004
231147,-0.06436262360000011
231148,-0.09350977720000024
231151,-0.0735850194000001
231162,0.5859164584000004
231207,0.6724556754000002
231214,0.5224959856000002
231225,-0.6020760324000003
231238,0.05135632780000012
231252,-0.11005505399999986
231279,-0.11069292540000022
231290,0.12884916959999992
231293,-0.11059246840000006
231296,0.01034627839999978
231326,-0.4270187578
231327,0.29316393980000016
231329,0.032263805000000034
231380,0.14639707380000008
231382,-0.11347336960000007
231386,0.07546331699999981
231413,0.17076260819999992
231430,0.10555905119999982
231440,0.11239884540000009
231452,0.3115264259999998
231464,-0.5121392383999996
231470,-0.05444037779999997
231503,0.11567800519999993
231506,0.005902441399999958
231507,0.37785322800000004
231532,0.3800785351999997
231549,-0.3701785848000002
231571,-0.4118867484000001
231580,-0.21240007519999987
231583,-0.32522654200000023
231600,-0.09614161759999933
231602,-0.0712733321999998
231605,-0.47648493199999986
231630,0.07624387480000011
231633,2.4534239918
231637,-1.0779001807999997
231642,-0.10002269619999993
231646,-0.20583509739999997
231655,-0.33562994659999995
231668,0.19055614879999988
231670,-0.11009827099999965
231672,0.3412475068000001
231691,-0.4605953426000001
231712,-0.33771346520000023
231713,0.5348951845999999
231724,0.20501183579999988
231727,0.11014796380000007
231760,0.10878437439999988
231769,-0.0378688950000001
231798,0.43737658299999965
231801,-0.2673575547999999
231803,-0.3933865511999999
231805,0.4046430412000005
231821,-0.07698472680000013
231830,-0.0017962984000000294
231832,-0.06136426460000008
231834,-0.06179048159999974
231841,0.20205514839999988
231842,0.0154728258
231855,-0.0987111198000001
231858,0.14794183739999997
231861,0.03661868960000003
231863,0.033972042999999987
231866,-0.34069722520000034
231871,-0.24908332219999987
231872,0.6259842109999999
231876,-0.23711393960000038
231887,-0.1647417608
231912,-0.00521095159999998
231915,0.2538572155999999
231931,-0.542933871
231932,-0.8862377427999997
231946,-0.11938616480000011
231986,-0.05800328019999999
231997,-0.20906723639999997
231999,0.37668687540000007
232023,-0.6635978797999996
232035,0.24511718939999988
232078,0.10359388740000011
232086,0.10354165040000021
232087,0.9139392701999995
232089,-0.22107590099999985
232146,-0.3982543224
232156,0.2930123768
232157,0.02736403860000003
232164,-0.17485780220000002
232174,-0.012328215800000042
232187,0.3692659584000001
232196,-0.2825122652
232201,-0.41566267680000024
232210,-0.12259420560000008
232223,0.6361815320000002
232227,0.07204284359999953
232232,0.09765395079999983
232236,0.08997124739999991
232237,0.8724596933999997
232286,-0.16906176680000012
232288,0.5917757781999997
232313,0.5342442817999998
232314,0.3870762883999994
232333,0.06708310240000008
232334,-0.4251750467999999
232337,-0.20981848560000013
232339,-0.2318018944000002
232341,0.35164121740000026
232345,0.23272316720000014
232370,0.06706030580000011
232430,-0.08853847340000001
232431,1.2740451214
232441,-0.034371745000000065
232449,-0.48777032580000024
232491,-0.2440352528
232493,-0.22599036819999987
232533,0.017906930799999908
232536,-0.22756435200000008
232539,-1.0706623111999996
232560,0.1877563305999999
232566,-0.6735387798000001
232664,-0.01991672479999984
232670,-0.4719970239999999
232679,0.03048345999999994
232680,-0.2424356549999999
232714,0.39783770340000013
232717,0.069565199
232784,-0.16779654920000006
232790,-0.14430268840000054
232791,-0.3431331277999998
232798,-0.29311122580000004
232807,-0.6586774258000002
232813,-0.07211575640000037
232816,0.025306714599999926
232821,-0.04023314559999988
232854,-0.6797086689999998
232875,-0.00663801640000008
232878,0.1941707848000002
232879,-0.5013423687999999
232889,-0.09479193239999992
232910,-0.1965091593999997
232934,0.17785471780000037
232941,0.12320062140000017
232943,-0.002450571399999999
232944,-0.09565611960000009
232946,-0.0824985494
232947,-0.012388887800000074
232969,-0.029240414000000214
232973,0.04491477119999968
232975,0.12414405939999999
232976,-0.08392468600000032
232984,-1.2905689959999997
232987,0.10391753679999985
232989,-0.1890305232000003
233011,0.339411263
233016,-0.5755537539999999
233033,0.3574542727999999
233038,0.20800319520000005
233040,0.16513725459999992
233046,0.16097668620000008
233056,0.14004241839999984
233064,-0.01230969860000003
233065,0.08767878820000023
233066,-0.08032338440000013
233067,0.0575715009999998
233071,-0.1967798132000002
233073,0.23544279520000017
233079,0.8579700706000002
233107,0.6620428708
233115,-0.25743697320000003
233187,-0.09468172480000003
233189,0.1949401185999998
233199,2.499435508
233204,-0.2607571998000001
233208,-0.07544770699999985
233210,-0.21808665240000025
233276,-0.08211452820000013
233280,-0.5025890589999996
233315,-0.04701532040000026
233328,-0.19288722839999967
233335,0.26709391260000004
233405,-0.1409062790000002
233406,0.31792882040000026
233410,-0.2652786954
233489,0.8852346239999992
233490,-0.05648560219999991
233529,-0.22944959640000012
233532,-0.6000797453999999
233549,0.21515948579999994
233552,0.10084606460000015
233571,-0.14804001200000005
233649,-0.09845053639999993
233651,0.05827470219999995
233724,0.23091697060000005
233726,0.46000188219999993
233733,0.4084560126000003
233744,0.056332487599999946
233752,0.04735518900000013
233765,-0.02129776540000013
233781,-0.7699481212
233789,-0.20621355240000022
233799,0.08939947799999998
233802,0.47425508900000024
233805,1.1638950533999999
233813,-0.010273541600000005
233824,0.22411315539999993
233826,-0.2239339868
233833,-0.5221005840000007
233836,-0.009347159799999893
233863,-0.1441728624
233870,0.22204762680000006
233871,-0.11083524039999997
233875,0.13776342999999985
233876,0.08940516400000006
233877,-0.09907692560000017
233878,0.1313019241999999
233887,-0.03324241059999996
233890,-0.14390472999999987
233893,-0.1571732685999999
233895,-0.05323423779999992
233900,0.11608360099999988
233902,-0.1086358004000001
233904,-0.08469062180000009
233905,-0.2579405281999998
233908,0.30523189339999995
233912,-0.12938763040000012
233918,0.2207100852
233919,0.03151833879999995
233977,-0.28203905319999995
233979,-0.075882453
233987,-0.3129481774
234023,0.009811658999999627
234069,-0.09883943379999975
234072,0.4519625190000002
234076,-0.2657954717999999
234094,0.32147030159999995
234129,-0.054409176399999926
234130,0.012333471999999734
234138,-0.130401333
234155,-0.011230138200000008
234199,-0.3787721023999998
234258,0.2687598647999998
234267,4.1549592568
234309,0.049001164600000514
234311,0.23672130559999988
234329,0.14577689840000013
234344,1.129144309
234353,-0.0637083979999998
234356,-2.4388499888000004
234365,0.11599995600000028
234366,-0.1565827291999991
234371,-0.16792554420000022
234374,0.18126842839999974
234378,0.10972934200000015
234384,-0.0887324243999997
234388,0.2954750834000002
234395,0.17297732860000004
234396,-0.0516850420000001
234404,-0.13399445339999988
234407,-0.040007318200000135
234421,-0.19197157119999986
234463,-0.32481816539999997
234515,-0.74179916
234542,0.13909655999999995
234549,0.9271943836000002
234577,1.3651350674
234582,-0.06870454180000021
234593,-0.10309298399999989
234594,-0.15217200260000005
234595,-0.2003055169999998
234663,0.31172676600000016
234664,0.02623651379999996
234677,0.1890967884000002
234683,-0.07072998079999986
234686,-0.6110395764
234699,-0.08947264860000054
234700,-0.29261638719999983
234723,0.15332876819999974
234724,-0.4941945628000005
234725,0.33222233339999996
234728,0.19440344739999987
234729,-0.10735831979999982
234733,0.23676258360000002
234736,-0.29577767339999994
234740,0.15949848739999997
234776,-0.5342646962000002
234779,-0.34840245859999996
234796,-0.28716486780000017
234797,-0.4872511974
234814,-0.15655806979999998
234825,0.4427118401999996
234839,0.02504760639999988
234847,-0.20033554039999987
234852,-0.3827237733999997
234854,-0.1965529985999998
234857,0.13674423079999992
234865,-0.18364059120000004
234875,-0.3802244334000003
234889,0.06578583499999997
234959,-0.17327593960000023
234967,0.2902720257999999
235028,-0.2997805132
235036,0.6321667032000002
235040,-0.1368888846000001
235041,0.06858222280000031
235043,-0.18282750400000036
235050,-0.38845754759999995
235086,0.34710710839999964
235106,-0.07983387699999991
235130,0.4584621888000001
235132,-0.4775049368000005
235134,-0.2266052239999999
235135,0.9701418121999998
235169,0.09901553840000013
235180,0.46450510420000046
235184,0.19134850519999985
235281,0.18690750820000016
235283,0.3650312959999997
235293,-0.19899089880000015
235312,0.1574891113999998
235315,-0.1705070548
235320,0.11707435739999994
235323,-0.2088548745999999
235330,-0.021385534600000068
235339,0.7013150321999998
235344,0.3708031609999997
235380,1.8379413627999999
235386,0.1973413390000001
235402,0.010212189600000166
235406,0.06620807859999989
235415,-0.09393725419999993
235416,-0.06646511479999992
235431,0.3766318244000004
235439,0.09445091859999977
235441,-0.5726039099999998
235442,0.5970401978000002
235459,0.10550981359999982
235469,-0.23335696260000027
235472,0.038300634800000045
235497,-0.0466443805999999
235504,-0.17712772979999997
235505,0.5138300930000002
235527,1.1922800000097045e-5
235533,0.031627064199999756
235542,0.5685603656
235559,-0.5713084566000004
235567,-0.14119965079999997
235574,-0.9418543926000001
235582,0.13934178819999993
235584,-0.09060399699999981
235587,-0.3457516036000001
235599,0.04654294839999995
235604,-0.008348993200000088
235606,-0.4072933394000001
235610,0.7256822702000003
235611,0.3951281546000002
235623,-0.2666287582000001
235626,-0.4359568908
235627,-0.7526774995999999
235628,0.13494512819999988
235631,-0.08964921179999957
235633,-0.3742274767999998
235636,-0.09001018859999999
235661,0.019647912800000184
235682,0.04828808139999981
236193,-0.46308092740000006
236266,-0.3802817984000001
236285,-1.7477481069999998
236511,-0.8175558556000002
236539,0.07377868160000034
236690,-0.35497549599999995
236732,-0.21898071579999975
236733,-0.2158414737999998
236792,0.3005168386000001
236794,-0.08368976800000003
236899,-1.7261060522000002
236900,-0.02880459719999954
236904,0.44990781420000003
236915,0.13331088419999979
236920,-0.17957942980000005
236930,0.036908797399999936
237010,0.08464938220000003
237052,0.6488452745999999
237073,-0.05444400059999984
237082,0.39062894099999995
237107,0.12902613599999985
237211,-0.18860692860000014
237213,-0.13952656380000014
237221,0.024192878999999747
237222,0.12651516659999995
237253,0.44706004460000004
237256,0.0487470108000002
237310,0.5304733314000003
237313,0.2838819561999998
237320,-0.33326585499999994
237336,-0.6717817477999999
237339,-0.8892316209999999
237353,-0.02992109520000027
237387,-0.03238400940000012
237397,-0.009481826399999874
237400,0.03595358200000015
237403,0.017460647399999887
237422,-0.25497319520000017
237436,-0.03375501219999998
237459,-0.24805068179999978
237465,-0.010715544199999982
237500,0.45614088340000014
237504,0.0706653005999999
237542,-0.3254136702000004
237553,-0.07383453759999989
237611,0.07922667419999987
237615,-0.2906927333999999
237625,0.11571424960000004
237636,0.05540747840000008
237711,0.3210085688000002
237716,0.0775812270000003
237754,0.08498431039999994
237758,-0.06743185299999992
237759,-0.19986691860000008
237761,-0.5884535277999998
237775,-0.14725251519999988
237781,-0.030663921000000195
237782,-0.14150211279999997
237806,0.0428058693999999
237823,-0.31908952799999957
237831,0.045282905800000245
237847,-0.329137942
237860,-0.42111329059999997
237868,-0.0290886382
237877,0.2808748523999999
237891,-0.019392593999999708
237898,-0.5227456668000002
237911,0.13200583540000016
237926,0.2556197845999998
237928,-0.36959744479999995
237930,0.015476485800000004
237943,-0.5477171704000001
237979,0.0827763710000001
237987,0.1127345333999999
237988,0.21215802220000005
238021,-0.1409776221999998
238055,-0.06172276619999959
238076,0.16537309300000036
238123,-0.35019344579999956
238130,0.03919004439999993
238161,0.28513424040000024
238205,0.21582167539999997
238247,-0.7405559780000001
238252,0.041720881999999716
238257,-0.13605283959999995
238266,0.09376913740000001
238271,-0.13148619840000011
238276,0.09629060960000002
238323,-0.048883903800000184
238330,-0.38299223260000026
238331,0.058901265000000064
238377,-0.706495723
238384,0.18344885339999983
238386,-0.10240069160000026
238455,-0.029303418800000012
238505,-0.21454670480000004
238564,1.0119246433999998
238673,-0.10087998959999996
238725,-0.041351150000000024
238799,-0.2791389559999999
238831,-0.19122539460000035
238988,-0.018047272400000036
239027,0.14269607739999995
239037,-0.08871945319999996
239038,-0.10895659980000003
239083,-0.14657942359999981
239099,-0.13881648300000013
239102,0.08334838859999998
239114,-0.061717487399999896
239122,-0.5118701431999997
239126,0.25081857780000033
239133,-0.11083513180000004
239157,-0.10038425559999992
239188,-0.08311798640000001
239250,0.005897444400000037
239273,-0.9728357962
239283,0.007756878999999994
239318,0.33370873460000006
239319,-1.3415250694000003
239337,0.15229948160000006
239364,0.301702037
239393,0.7433307975999999
239405,0.16071696940000013
239408,-0.05250559580000003
239420,0.16644492579999995
239435,0.10465805799999986
239436,0.07898815159999995
239447,-0.18486722260000005
239510,-0.2464278012000005
239528,-0.6851138751999997
239530,-0.00577110319999985
239546,-0.384123922
239552,0.11372046039999972
239554,-0.3106129407999999
239555,0.019339268200000426
239559,0.17743998439999978
239570,-0.22757135580000015
239606,0.3559616862
239618,0.10277794020000001
239647,-0.8149820684000002
239667,-0.2680097600000003
239691,0.5997245653999999
239706,0.2058224290000002
239739,0.7872221738000003
239743,-0.8534047765999997
239759,0.2053641416
239796,0.2674028196000003
239827,0.11496707040000015
239833,-0.2539944133999999
239839,0.0821908591999998
239857,0.2773722322
239985,-0.43206155339999996
240023,0.20491803199999997
240025,-0.08458622939999998
240028,-0.5325425368000001
240041,-0.4952331066000001
240055,-0.06292039159999988
240057,0.03270328419999996
240058,0.044952415400000056
240064,0.3801593965999997
240068,0.11822250239999972
240084,0.2096100788000001
240087,-0.29210129780000005
240119,0.09629296999999999
240121,0.011350015000000185
240168,-1.0396190457999999
240174,-0.17256800059999994
240186,0.07273816279999996
240215,-0.1292679366000002
240239,0.016532435999999956
240255,-0.1730424111999998
240261,0.16329773600000008
240263,-0.30214039199999976
240283,-0.4183829157999998
240322,0.28201880260000023
240332,-0.017540073999999885
240334,-0.08291351460000002
240354,0.33059412500000035
240396,0.04674926380000066
240442,0.018338868000000026
240444,-0.09611914000000005
240476,-0.3471361249999999
240505,0.3697703386000001
240514,-0.08687679860000014
240590,0.022103377799999713
240595,0.2655294921999999
240614,0.13039069419999977
240633,0.017709407600000022
240638,-1.2093927141999998
240641,-0.11473882220000002
240660,-0.2848426734000002
240665,-0.751678303
240672,0.24772483720000021
240675,-0.013002457999999975
240690,0.015387399599999796
240725,2.7214720420000003
240726,-0.039873199
240753,-0.06108472239999996
240754,-0.6993858960000001
240756,-0.0228236943999999
240776,0.5980702764
240832,0.4981883327999997
240843,-0.3721674048
240869,0.1509122872
240880,-0.06492874140000016
240888,-0.16112294979999983
240899,0.11152153920000005
240913,0.5314331123999999
240916,-0.05857675400000001
241035,-0.07190227859999991
241062,-1.6215575798
241066,-0.34690089900000026
241075,-0.4601528206000003
241113,0.2753548332000001
241118,0.1178011355999999
241128,0.1057292512000001
241201,0.01138810740000018
241226,0.6601903727999997
241230,-0.3884375711999998
241263,-0.10579692619999966
241274,-0.34325344839999994
241289,0.015555547199999964
241296,0.04855027099999987
241303,-1.5599670116
241308,0.1861959254000002
241311,-0.538301723
241322,0.016915311600000038
241327,0.13120941199999975
241391,0.03867847639999998
241447,0.8777347849999998
241490,0.1436618358000003
241494,0.43185649180000024
241514,0.1259664931999999
241520,0.3500359192000001
241525,0.31020654420000043
241547,-0.044490592799999715
241556,0.24884656759999985
241568,0.008044334800000108
241576,-0.8055011900000002
241589,0.08514704660000001
241612,-0.12609426900000004
241624,0.07087943020000015
241627,-0.3233248836000001
241633,0.12544824180000003
241636,-0.10652217579999997
241688,0.08628770479999977
241694,-0.820413043
241727,0.1407977240000001
241769,0.003433117800000038
241770,-0.1498452839999999
241794,0.13729494499999992
241846,-0.3141530471999999
241915,-0.3623567244000002
241919,0.03469896720000021
241950,0.02310071579999998
241989,0.14836976199999993
242022,0.03391599720000001
242083,0.04569732119999977
242109,0.6738615515999997
242122,0.1772829261999999
242125,0.2309189243999999
242126,0.12864591959999988
242202,-2.0892696496
242248,0.13117510219999995
242274,-0.01873539720000002
242285,0.2050940385999999
242297,-1.8430425033999998
242341,1.2544049128
242362,-0.26095089959999995
242384,-0.07066816620000013
242406,-0.3023762692000004
242408,-0.2803506392000001
242409,0.11735369760000011
242418,-0.10223857639999974
242443,-0.027833128400000004
242466,0.48262922900000016
242474,-1.7746459216
242484,0.25500102300000016
242505,0.10174964379999984
242506,0.024500044799999995
242509,1.4290031326000001
242521,0.1548450682000002
242523,0.0402385508
242553,0.22635363820000015
242557,-0.4491719982000003
242585,-0.3001457881999997
242607,-0.14305872139999992
242608,0.33399177980000017
242620,0.02278790060000002
242642,-0.13673602779999997
242653,0.05602587359999996
242662,-0.1057785197999998
242667,-0.18751804840000014
242687,-0.5904891237999997
242691,-0.07195390100000001
242700,0.6308869523999998
242702,0.1402144258
242705,-0.7369366441999997
242721,0.017070547999999963
242735,0.15713379179999992
242773,-0.06110352740000005
242785,-0.29056191840000023
242800,0.07009677279999964
242819,-0.7190456417999999
242864,0.12667285200000017
242891,0.01955392379999984
242894,-0.11957025540000003
242939,0.3192651065999998
242960,1.3114107953999998
243025,-0.4381835397999998
243043,-0.22796848899999994
243078,0.4525525272000001
243083,0.07783869819999997
243084,0.06986638120000004
243168,0.1465327433999997
243272,-0.22776957479999993
243274,0.2533836433999996
243300,0.016755252199999925
243312,0.3399806343999998
243328,-0.11022370380000021
243339,-0.22905784839999996
243362,0.14483487979999993
243371,-0.19969169859999986
243372,-0.36104208059999976
243374,-0.26702816960000036
243382,-0.40771626560000024
243385,0.20441002740000008
243499,0.07386551939999988
243535,-0.022968418200000063
243537,-0.7697888248000003
243548,0.9801835736000001
243574,0.10743235420000002
243612,-0.09863305480000013
243616,-0.08013268179999981
243621,0.08081253299999995
243653,0.32640250660000036
243659,-0.4544282011999998
243725,-0.06647367420000005
243743,-0.8425438827999999
243755,0.4580540300000001
243771,0.45520638239999994
243813,-0.13814092420000001
243816,-1.7093269331999998
243819,-0.8311790293999998
243833,-0.11578019300000035
243834,-0.1470779587999999
243846,-0.06272470819999984
243853,0.020902984400000317
243867,-0.1006749518000003
243874,0.016244416400000183
243906,0.0021227255999998556
243910,1.0600498547999997
243912,1.3303283699999995
243914,0.19965717220000007
243923,-0.02910146100000013
243931,0.4439178762
243937,0.10267524480000007
243958,-0.8811318668
243961,-0.3390101064000003
243963,6.255420000000545e-4
243967,-0.0671607034000001
243983,0.19243115280000006
244049,-0.05041334180000005
244058,0.21921031279999975
244059,-0.24567743320000002
244091,0.24902198040000006
244141,-0.019767120800000093
244152,0.08163549960000002
244178,0.020627114199999852
244179,0.12384842260000006
244198,0.19377995540000015
244202,0.6310705509999999
244209,-0.5147997196
244216,0.07167196459999998
244219,0.04198516520000021
244238,-0.27439310599999994
244281,-0.1788094696
244310,-0.04274217440000035
244329,-0.21089579819999962
244349,-0.2133071616000003
244373,0.07261389040000005
244416,1.2829148174
244421,0.7100032678
244448,0.043330457000000086
244484,0.03491624360000005
244548,-0.013649104000000268
244562,0.04936641480000008
244579,0.3721693522000001
244608,0.05908074
244631,-0.11456089400000005
244650,-0.42943520279999986
244666,0.1954032559999998
244668,0.05710444599999994
244672,0.15811515920000013
244694,-0.14854998440000014
244698,0.01807409779999995
244713,-0.04357970979999992
244721,-0.12262413760000009
244723,0.16556217200000017
244745,-0.43316811620000006
244757,0.3458404508000001
244853,-2.2595250672000007
244864,-0.8072719582000001
244867,0.20472976419999983
244871,1.1804483343999999
244879,-0.06788391679999994
244891,-0.3599572724
244911,0.07165684159999992
244954,0.060109624399999895
244958,-0.1298888250000001
244962,-0.48181479120000004
245000,-0.13917524620000007
245007,-0.6308402772000001
245038,-0.012435510399999917
245049,0.2984721960000001
245308,0.02445513280000007
245386,0.27977674640000016
245424,0.13585640799999982
245446,0.32570445579999996
245450,0.18495049660000032
245468,0.011818292599999926
245469,-0.0562370711999998
245474,0.3956670928000001
245522,-0.07173289180000017
245527,0.24456512740000003
245536,0.14215284440000014
245537,-0.2238667229999999
245572,-0.08137118620000017
245595,0.05662998219999994
245610,-0.1266680396
245622,-0.07249936519999985
245638,-0.13811057440000013
245666,0.24284997200000014
245684,-0.14638015520000014
245688,0.7525148423999998
245695,-0.5248159882
245827,-0.018797320599999875
245828,-0.05573217079999966
245841,0.4539212346000001
245847,0.17103359
245857,0.009624458999999605
245860,-0.08693810159999987
245865,-0.036501103199999996
245866,-0.397628115
245867,-0.8897023813999999
245877,-0.10538952899999998
245880,0.07834266579999996
245886,-0.12900512299999978
245944,-0.3274967118000001
245945,0.7547463262
246048,0.009254265799999929
246049,1.0314604384000001
246086,-0.1181178428
246102,-0.3851188232000001
246103,-0.36066016340000023
246104,-0.091324466399999693
246133,0.21088506999999995
246154,0.3684540004000004
246177,-0.6445380069999999
246179,0.196557037
246190,-0.14828284720000004
246196,-0.16852017160000032
246198,-0.3191606578000002
246221,-0.024144252799999686
246228,0.20779163399999984
246229,-0.20753227239999994
246256,-0.12251725540000016
246257,0.22090094919999997
246277,-0.25613706800000013
246278,0.14214372499999986
246293,0.1497655828000001
246313,0.6750049077999998
246316,0.09048104159999985
246317,0.40028588459999986
246691,0.028104010799999992
246694,-0.1028567392000001
246696,-0.09061189739999978
246700,-0.01758034059999998
246707,0.16225621480000008
246709,-0.12825814639999988
246710,-0.45165366280000024
246727,-1.1023630442
246728,0.49334136299999987
246738,-0.23113502539999992
246746,1.7728350277999998
246747,0.5938151502000002
246782,-0.1381759968000001
246787,0.02691753160000018
252837,0.1958646862000002
252838,-0.19983964879999974
252864,0.05260348960000023
252868,0.04959408220000013
252870,0.16143536500000014
252875,0.1681161610000002
252876,-0.45398623239999997
252903,-0.27835767540000017
252966,-0.32440859639999975
252967,-0.45171505499999975
252972,-0.8689762087999997
252973,0.20381340879999982
257630,-0.10015805299999986
257633,0.07047623939999996
257635,0.026877457999999875
259172,0.1574891113999998
259277,-0.9490685108000003
259279,0.02399317539999988
259300,0.7431215271999999
259301,-0.39197567440000014
259302,-0.7542055402000001
260297,0.08197252879999992
260298,0.19883632159999998
260299,0.8500550675999999
260301,-0.18989309640000016
260302,-0.29191075740000016
260305,-0.16488674480000004
260315,0.05967653879999961
260408,0.027044222599999834
260409,-0.3983383241999997
263406,-0.16574759739999984
263764,-0.06507054879999989
263803,0.06343899380000018
263876,-0.2706757132000005
264064,-0.3266816074000003
264895,-0.12196509060000019
266632,-0.32651435999999984
266690,-0.14211806480000072
266692,-0.06424682159999977
266781,0.2620047500000002
267019,0.0010079720000003801
268281,-0.1938079688
268291,0.5370934145999999
268294,-0.35225827940000015
268297,-0.09908174799999987
268301,0.42558810719999995
268345,0.16109103080000003
268379,1.3184527288
268395,-0.3688952711999997
268396,0.9100265230000003
268417,-0.059274968199999556
268420,-0.1717194038000002
268445,0.1509087956
268448,-0.7148179812000004
268449,0.06786550600000003
268451,-0.17949027400000012
268465,0.19818294959999996
268469,-0.5453380059999999
268470,0.25964343759999997
268481,-0.019043511599999962
268482,0.028000354600000055
268490,-1.6095234641999998
268510,-0.17858595499999988
268512,-0.4202972380000002
268527,-0.01944121280000033
268534,-0.09810466459999993
268564,-0.5189211142000001
268566,0.2856406990000001
268567,-0.8183175036000003
268591,-0.2128753441999999
268656,0.21973175339999998
268663,0.09465481840000008
268706,-0.244823463
268709,0.5369375198
268721,0.07238027820000019
268739,0.1926631411999999
268741,0.2946039716000003
268749,0.05132219540000005
268752,-0.07428426679999982
268759,-0.07436714240000025
268780,0.20141010599999998
268782,-0.2758362652
268783,-0.27716494380000006
268822,-0.2705175027999999
268857,-0.09845836499999994
268859,0.4047695619999999
268860,0.36527460460000005
268878,-0.10032767340000001
268880,-0.03272584779999973
268882,0.002181535400000101
268890,0.2542698948
268902,0.10123350239999995
268903,0.013729576600000293
268905,0.1457601263999999
268930,0.018299421999999933
268932,0.23760098000000024
268933,-0.32183555680000014
268934,0.14071035859999997
268935,0.017144192800000096
268936,-0.3380787359999996
268958,0.18461282539999982
268970,-0.2543738101999997
268977,-1.4393921673999999
268980,-0.41324274120000004
268996,-0.11443169199999978
269003,-0.3780132372000001
269016,0.055392147000000225
269019,-0.2768652227999997
269023,-0.15566148600000002
269037,-0.6888917002000001
269053,0.051307191000000085
269060,-0.06668072539999999
269061,-0.12257509599999988
269109,-0.09275907940000001
269113,0.5347625186
269116,0.11858982759999998
269120,-0.05430582519999978
269132,0.17719677159999986
269152,0.18214347960000002
269180,-0.6799482754000001
269181,0.1649013536
269198,0.5377108342
269209,-0.001994334399999964
269224,0.11090057340000017
269233,0.019801566800000003
269252,0.4031309526000001
269254,-0.7258289114000002
269275,-0.13942153499999982
269295,0.5424054598000001
269328,0.30658515480000004
269336,-0.006325673999999981
269338,-0.21490590259999998
269344,-1.3620574799999996
269346,-0.6569603177999997
269356,0.06981243740000023
269378,-0.2634168064000001
269389,0.08828633319999973
269397,-0.09225832220000002
269400,-0.2913019428000002
269437,0.03162278300000008
269470,0.10297446100000052
269473,-0.06511767079999993
269514,-0.3488490540000001
269523,-0.07787066599999974
269529,0.06535706460000007
269536,0.19758620399999938
269582,0.06365858020000006
269585,-0.25632175499999976
269589,-0.21808875960000002
269593,0.34107916360000007
269608,-0.032672935999999986
269610,-0.08067449159999956
269614,-0.3973101471999999
269615,0.07491885900000009
269623,-0.23600785880000022
269633,0.17767024520000002
269639,-0.18744215979999995
269642,-0.3855839357999999
269643,0.0474681187999999
269682,0.14882648560000006
269695,-0.04670982979999998
269702,-0.7487998730000003
269704,-1.0881151760000003
269713,-0.019104095000000165
269717,-0.5757277830000002
269774,-0.531509046
269784,0.11406599819999988
269788,0.1717374764000002
269800,0.17185166979999966
269823,0.543752552
269831,0.32747471600000005
269854,0.025306714599999926
269855,0.11696710960000017
269870,0.011662095800000029
269878,0.5998227104
269881,0.005717023200000254
269941,-0.46562735200000027
269951,0.3024338076000001
269952,-0.32326020280000006
269954,-0.03892888920000015
269955,-0.40953937280000013
269959,0.43376307300000005
269994,-0.0745027318
269999,-0.3969759528000002
270035,-0.6301809249999997
270049,0.23521906060000017
270058,-0.04451328720000003
270066,0.21074355760000002
270076,-0.4648776116000003
270084,0.3623581272000001
270086,-0.08710713079999995
270091,-0.010752360400000095
270096,-0.17085114839999987
270097,0.0361806077999999
270110,0.5716040093999994
270118,0.03956366980000007
270120,0.06759865259999993
270150,0.4336872172
270151,-1.3533873667999998
270160,-0.5358780854
270162,0.09470248399999999
270163,0.1764278963999999
270166,0.19199456360000053
270190,0.4610470728000001
270192,-0.46678171600000024
270198,-0.3239860686
270201,0.0362496452000002
270624,0.45337776460000007
270627,0.09541932880000026
270669,-0.7001406935999999
270685,-0.3978630734000001
270757,-0.20417979839999986
270893,0.13391301699999986
270906,0.1840962792000001
271005,-0.41975944519999986
271127,0.08364276359999963
271209,-0.01441621380000004
271305,-0.21202379760000004
271457,0.20078770899999973
271564,-0.5865079381999999
271639,0.03974211000000008
271711,0.07464217500000032
271786,0.09952526959999997
271842,0.5361486406000001
271844,-0.043073794999999936
271849,0.05396653539999985
271970,0.051127424799999946
271981,-0.06468862879999993
272027,0.08762446459999998
272347,-0.4924207715999998
272359,-0.2575518466
272381,-0.1884251998
272382,-1.1205988604000001
272411,-0.04547466060000012
272428,-0.3719083957999998
272538,0.0759640939999997
272551,0.014712131400000139
272589,-0.5770909338000001
272636,0.4940070888000001
276770,0.7167323019999998
276829,0.4974563106000002
276846,-0.2691209737999998
276891,1.3473537406000005
276905,-0.28963675080000006
276919,0.20609288159999986
276952,0.15806349459999997
277010,0.1945939896000001
277154,-0.10437102460000006
277250,-0.37811175539999964
277328,0.20429251260000023
277353,0.005550713199999979
277360,-0.7904666445999998
277414,0.01975524200000009
277432,0.06930489020000014
277463,0.19201102960000024
277468,-0.05571086560000012
277743,-0.05250117279999992
277854,-0.02256824160000015
277898,0.018228807000000034
277939,-0.2784104838000001
277973,-0.1861612924000003
277978,-0.02493047759999989
278097,-0.5632035917999998
278180,0.20188546099999952
278279,0.7710945122000001
278507,-0.06676603859999979
278795,-0.12922421519999983
279653,0.3258044484000001
279766,0.031868789799999686
280408,-0.017697096800000273
280411,1.8516559581999998
280635,-0.016212455600000026
280645,0.017736434800000023
280662,-0.3023963908000001
282619,1.0514739584
286940,0.597121791
317717,0.15963795619999996
317755,0.050792089199999585
317757,-0.4960521238
319195,-0.05543941200000013
319196,0.15885845979999985
319197,0.004854029999999909
319207,0.09452849120000018
319229,-0.004932595800000073
319262,-0.27968987279999985
319263,0.10884481979999983
319266,-0.1822680669999997
319322,-0.10796345400000007
319352,0.12514447960000014
319370,-0.37351030140000036
319415,-0.0035155431999999934
319448,0.30962609080000014
319468,-0.9850305219999997
319469,0.06676189499999996
319475,0.1908438955999999
319476,0.08717998379999996
319478,0.04421423900000025
319481,0.12370379959999996
319504,0.26188570860000004
319513,-0.18667374120000008
319518,-0.38746930219999987
319530,-0.031832339000000154
319535,-0.3439879381999999
319554,0.900832944
319555,0.1691565761999998
319565,0.1560503441999998
319583,-0.2471042375999999
319586,0.16689888679999992
319594,-0.24085051179999986
319601,-0.34540246540000014
319604,-0.10285160199999993
319613,0.46252778299999997
319618,-0.09867689000000013
319622,0.5800282876000002
319625,0.028141158000000034
319638,-0.28274256519999985
319642,0.08872248039999997
319646,0.1782674836
319651,-0.010091560599999893
319653,-0.18743480800000026
319655,0.18518982999999967
319660,0.6111864274
319670,-0.16982955260000027
319710,0.2591013713999999
319713,0.6682410355999998
319719,-0.11185669720000016
319734,-0.3827950908000002
319740,-0.41012930160000016
319742,0.2720083111999999
319748,-0.08895255740000006
319757,1.1250458617999999
319758,-0.6935521001999995
319765,0.5490577313999999
319767,0.03953675459999992
319776,-0.010117614800000023
319817,-0.2595503560000001
319822,-1.5758555675999997
319832,0.10437812859999998
319845,-0.43076994279999975
319876,0.08454162000000011
319880,0.2641433563999998
319885,0.01921152700000024
319899,0.07471430039999978
319901,0.6667330739999999
319909,-0.00686119620000003
319922,0.5766206899999998
319924,-0.19905903759999982
319934,0.5118412058000008
319939,0.6039640648000006
319942,0.033461611999999974
319944,-0.09053839579999978
319945,-0.15518751639999984
319953,-1.7598402335999999
319955,-0.013428813600000034
319965,-0.16862785680000006
319974,0.5325569065999997
319984,0.2459375327999998
319991,0.07490299900000004
319998,0.21314018459999978
320007,-1.1303362938
320011,-0.042127514199999876
320024,-0.07275178220000011
320027,-0.13873303099999995
320040,0.0892829247999998
320078,0.7640328617999999
320080,-0.36382361779999994
320091,0.171460101
320092,-0.13503369200000037
320100,0.14020691999999996
320111,0.4268108606000002
320116,-0.19897202000000008
320118,-0.024112681400000113
320119,-0.5244461694
320127,-0.04684990140000006
320145,0.02554913119999993
320150,-0.2258762742
320158,0.2179856288
320162,-0.5594763566000001
320165,-1.3373109708000002
320181,-0.14654130620000014
320183,0.9597942552
320184,0.8710232595999996
320191,-0.00884714300000019
320202,0.03848827760000002
320207,0.5175636890000002
320208,-0.05432875599999994
320209,-0.030253595399999982
320213,-0.04881286400000013
320226,-0.22052257159999994
320234,-0.3242215843999999
320244,-0.006122497400000178
320267,0.39735778879999994
320271,-0.7813292038
320277,0.1057523085999998
320292,0.2848507466000001
320299,-0.1351365914000001
320311,0.24671955259999995
320343,-0.13988866339999984
320355,0.10938156199999974
320360,0.3465103176000001
320365,-0.1429008584
320376,0.15070079279999984
320394,-0.04514786940000004
320398,-0.07043108180000016
320404,-1.1048820209999994
320405,0.6234890042000003
320415,-2.5640110594000003
320429,0.14160034859999993
320435,-0.3946154044
320438,0.23601995979999962
320452,-0.22924771179999995
320460,0.16991091320000012
320463,-0.3515716582
320472,-0.2608959774
320473,-0.2627816986000001
320484,-1.088473886
320487,-0.47558729399999977
320492,0.033708196999999974
320495,-0.7295879576000001
320500,0.08276686180000022
320502,0.6828994598
320506,-0.13099785839999994
320508,0.15275718040000008
320522,-0.04448574100000009
320528,0.06622953700000007
320534,-0.11370101959999974
320538,-0.41918841539999985
320541,-0.34812757279999984
320557,0.12318237220000014
320558,0.32744916479999997
320560,0.19554069359999993
320563,-0.2959900262
320587,0.20242358459999998
320590,-0.08299586779999987
320595,-0.6144621006000002
320604,0.34807310960000015
320609,0.5532068972
320632,-0.09051977539999993
320633,-0.3029060592
320634,-0.025524425800000097
320635,0.3595376652000001
320655,-0.13552330599999982
320661,0.31209748359999967
320664,0.01713197579999992
320678,-0.5772019664000002
320679,0.0867786178000001
320683,0.009694251799999687
320685,0.2986463793999999
320696,-0.14377786500000003
320705,0.12257888300000001
320709,0.14903937379999982
320712,2.2824683832
320713,-0.45467527119999956
320714,-0.28868996340000025
320717,-0.3235166001999996
320720,-0.20934155059999976
320727,-0.15552473560000024
320736,0.25435470540000027
320747,-0.07640195599999997
320752,0.04971779040000009
320782,-0.0869718572
320790,0.22605991879999973
320795,-0.14588286079999993
320799,-0.039690689199999886
320806,-0.13699027239999978
320808,-0.4503721591999998
320816,-0.4692808684000001
320817,-0.4119484144000003
320825,0.13227718260000004
320840,0.18930789399999998
320864,0.10130735099999982
320869,0.02357166459999993
320873,0.12830519699999982
320878,0.25947580139999965
320910,0.7267959194000001
320916,-0.11156484299999983
320924,0.6311618462000004
320938,0.28951718200000015
320940,-0.32779963700000014
320951,0.47305863039999957
320974,1.993004058
320981,0.29741528519999993
320982,-1.0853106433999993
320997,0.14282627840000012
321000,-0.4030240580000001
321007,-0.30280871419999994
321019,-0.31507847720000015
326622,0.02014793999999983
327655,0.1763123723999998
327747,0.03377646959999999
327762,-0.7314768316
327766,-0.913778354
327799,-0.23595073180000004
327814,0.06567335760000007
327826,-0.2573063956
327942,-0.18863214440000015
327951,-0.017450851399999943
327954,0.15523737379999997
327958,0.02833783699999995
327959,-0.4360894355999999
327978,0.5168781169999999
327987,-0.6040489620000002
327992,0.2657047494000002
328035,-0.10617121039999997
328092,0.0863673281999999
328110,0.11310559880000019
328133,-0.02991944760000004
328162,0.7451019735999997
328232,-0.5314885078
328234,0.10514875279999998
328258,-0.01956234159999965
328329,0.04846685659999981
328365,-0.46607123160000014
328381,-0.14483182239999995
328417,-0.2749708345999998
328572,-0.33665959460000006
328580,-0.645227413
328643,0.09968823479999996
328778,-0.11540505119999978
328779,0.04543445739999985
328789,0.05824912599999994
328795,-0.366231286
328801,-0.37102706259999996
328833,-1.8125147112
328845,-0.02656128620000012
328949,0.05992036699999996
328967,-0.5984559674
329002,-0.3891148143999999
329003,0.7766474818000001
329015,-0.16468378240000003
329064,0.08983679639999984
329093,0.081225069
329152,0.22082837800000016
329154,-0.49521114079999967
329178,0.28745253839999985
329207,0.06868832319999996
329251,-0.2091674526000002
329252,0.1607601623999999
329260,-0.39663668700000015
329274,0.28496224540000004
329278,0.14939196420000017
329324,0.08157383180000019
329384,0.04249895880000008
329416,0.5620507456000002
329421,0.037137221000000054
329470,-0.24985200560000037
329502,0.047470646199999855
329504,0.049659063400000036
329506,-0.3273205678000002
329559,-0.38579142719999987
329581,0.015167008400000088
329628,0.40148655619999996
329641,-0.1164752070000004
329650,-0.35096402800000004
329659,0.32387106699999996
329679,-0.24527629139999987
329727,-0.8215453192000004
329738,-0.046195159599999674
329777,-0.16682034059999964
329795,0.13912624739999996
329872,-0.06145088239999996
329877,-0.5756039595999999
329908,-0.4365548197999997
329910,0.06319742139999995
329941,0.35077292480000005
329972,-0.15844712999999971
329977,-0.1494096369999996
330010,-0.21546451759999968
330050,0.23273764660000004
330064,0.0645423670000003
330096,0.011410165599999997
330119,-0.01540697720000006
330122,5.963001262000001
330171,0.010326622399999909
330177,-0.7504297565999998
330188,0.02580544960000015
330189,0.1979315756000002
330192,-0.4573566032000002
330216,0.06579925759999997
330217,-0.1967141704000003
330222,-0.008325853400000072
330230,0.2648125953999999
330260,-0.8937171883999999
330267,-0.12474104479999983
330286,-0.10882682320000008
330301,-0.008810053799999912
330319,0.3575559047999999
330355,0.13596162659999997
330361,-0.15235811780000005
330369,0.12570966099999997
330401,-0.022995366800000194
330409,0.02250618460000009
330428,0.2033379009999999
330450,-0.04816564480000015
330460,0.04764451560000005
330463,0.1279994627999998
330474,-0.33050824379999977
330502,-0.3986516660000001
330627,0.17279708240000016
330657,0.08643324079999992
330662,0.33820264459999994
330671,0.07291031040000018
330695,-0.8878857136
330721,0.1436416888000002
330723,-0.01966726980000015
330790,0.00422959820000024
330812,0.1268840471999999
330817,0.14361714320000019
330820,-0.0956231344
330836,0.38967134940000003
330863,-0.07662210339999982
330890,-0.12665642539999994
330908,0.35623405959999993
330914,-0.14725804219999983
330938,0.3999513524000001
330941,-0.03238771560000002
330959,-0.2381972772
330962,-0.18518833560000036
330998,0.20368493500000007
331004,-0.3319142022000001
331026,0.38190964540000005
331046,0.03763703079999986
331401,-0.35321025900000025
331461,0.11090566859999999
331524,-1.3089044166000003
331532,0.0620385992000001
331535,-0.07009314600000005
331623,0.4992645868
332110,-0.033936054800000205
332131,-0.0054003389999998435
332175,-0.1256910302000001
332221,0.059116713000000064
332359,0.0932999398
332397,-0.12860552659999963
332427,0.03826883419999991
332579,-0.11862569779999994
332934,0.030009376600000064
332937,-0.1175016789999999
333050,0.06741561139999991
333182,-0.7629100475999998
333329,-0.13509595380000014
333424,0.18071005639999987
333433,-1.0266465528
333654,0.11688703880000004
333789,-0.6282706716000002
333883,-1.2488833260000005
338320,-0.2620606431999997
338337,0.017016219200000127
338348,-0.6268373110000001
338349,0.3635762326
338352,0.25454974560000004
338355,-0.0030625326000002784
338359,0.4018416669999999
338362,0.0035588185999999907
338363,0.05084225599999998
338364,-0.3767757099999999
338365,0.11576284340000029
338366,-0.3029583993999999
338367,-0.12949036940000014
338370,0.04434819259999996
338371,-0.0684913737999999
338372,0.12448114100000005
338403,0.13007547960000004
338467,-0.11641641319999999
338521,0.45442390320000003
347722,1.4806282114
353025,0.13776077939999992
353047,-0.20037137219999987
353156,0.25046496420000003
353169,0.06632680680000007
353170,0.16838540160000015
353187,0.1748433513999997
353188,0.06831750460000004
353190,-0.2762735054
353211,-0.1022197016
353242,0.3306876731999996
353258,0.7764955714000001
353282,0.6139231558000002
353283,0.014364882000000008
353310,0.5918383942000001
353499,0.27602238840000004
353502,0.46205128779999993
360013,-0.19433188319999978
360213,-0.01197305519999985
360216,-0.2646674056
373864,0.4508374240000002
378425,0.61890918
378431,0.6036417724000002
378435,-0.265830156
378460,0.6761834837999997
378462,0.06138438180000011
378700,0.16171493200000012
378702,-0.25987567999999966
378937,-0.27020558319999977
380601,-0.04383050180000011
380614,-0.01597537859999994
380629,-0.8356259304
380660,0.6380771326
380664,-0.04735993740000009
380669,-0.07960107179999998
380683,0.6776138102000001
380684,-0.5433111483999996
380686,-0.051906012400000104
380698,0.7743109224
380702,0.22041534260000012
380705,7.577843999999946e-4
380711,-0.5732241969999998
380712,0.14095665779999997
380713,0.08611169299999993
380714,-0.7436008641999997
380718,-0.12421852500000004
380753,-0.07123657419999994
380773,0.77941002
380780,-0.15649947080000004
380836,-0.2670268634000001
380840,-0.2474847581999997
380842,0.36200242680000033
380863,0.1122905898000001
380912,-0.5899070254000002
380916,-0.37260843460000004
380921,0.24214718800000018
380924,3.6488448130000006
380928,2.7520836956
380959,0.16307001119999992
380967,-0.1508040915999999
380969,-0.020243488400000044
380993,0.04374751700000009
381022,-0.6956220195999998
381038,0.32787775040000006
381059,0.8478123402
381062,-0.3045144097999998
381085,-0.149693585
381101,0.19991883719999987
381107,0.16000302999999988
381110,0.1733069179999998
381112,-0.041735842200000116
381113,0.08186363620000003
381122,3.011688000000845e-4
381157,0.1239218364000001
381175,0.1533180509999999
381199,0.5413843942000002
381201,-0.02465931820000016
381204,-0.14994178959999985
381259,0.40045414919999994
381269,1.5708360416
381280,0.01055372660000028
381290,0.02014717699999994
381293,-0.04295818480000005
381305,-0.5596474345999998
381314,-0.2970186556000002
381318,-0.08674800080000011
381319,0.32361689120000003
381337,-0.045836626200000195
381338,-0.05203512859999984
381339,1.6236659152000001
381352,-0.12284254600000022
381356,-0.11901077560000001
381379,-0.06021158599999994
381404,0.22348400020000003
381409,-0.06636461960000002
381410,-0.0775801156
381411,-0.9973770014000002
381413,0.17712391899999974
381418,0.002510947799999741
381489,-0.2185838662000001
381510,-0.10380343060000004
381511,0.25207914820000016
381534,0.24413433439999993
381546,0.05302907700000008
381549,-0.13778795539999983
381560,0.1633269280000002
381591,0.11870898279999995
381605,0.04953211319999957
381626,-0.5671378340000004
381629,-0.4461704392000002
381644,-0.39283640119999985
381668,-0.29032533560000007
381677,0.0602031907999999
381686,-0.19987814119999975
381695,0.27207007440000003
381738,-0.14483198959999993
381759,0.06995777839999999
381760,0.3485114241999998
381801,-0.12271642500000013
381802,0.3207774220000001
381813,0.3417726475999999
381823,-0.20771696199999998
381853,-0.07778849619999997
381884,-0.05800661539999989
381903,0.1877458223999998
381921,-0.3426585094000002
381974,-0.02453638540000006
381979,0.028840749199999932
381983,-0.01178057519999991
381990,-0.4692180995999996
382010,-0.48347141920000014
382014,-0.0844978588
382018,-0.04670440300000005
382030,-0.05077251079999989
382034,-0.5223621442000003
382035,-0.16382591619999992
382038,0.44242287040000006
382051,0.13514666660000002
382056,-0.2437788703999999
382062,-0.4519347532000005
382066,-0.6588008078000002
382077,0.2481150829999999
382083,-0.08793728619999985
382089,-0.07484463520000002
382111,0.18530230359999997
382113,0.1603286552
382117,-0.03939552139999999
382118,-0.2800059626000001
382236,0.19863349640000028
382253,0.3607108757999997
382406,-0.37702636379999993
382423,-0.052938975200000016
382543,0.07448999079999999
382562,-0.1590539156
382571,0.010814947399999934
382620,-0.5248700880000001
382639,-0.10600198259999997
382793,-0.002273671199999848
382985,-0.41798175120000003
383075,-0.08476269919999975
383103,-0.13071216399999983
383295,-0.2910278399999996
383348,-0.13065801699999985
383491,-0.011370913399999774
383563,0.079577355
383619,-0.023403654800000062
383787,0.20092827740000024
384009,-0.027677575800000145
384061,0.4374508838000001
384071,0.34351369619999994
384214,-0.0746248574
384281,0.19275044280000025
384309,-0.25837898100000006
384569,0.3776114655999999
384763,-0.4189082471999997
384783,0.38384523140000015
385377,0.11662184300000027
385658,-0.6953175553999997
385668,0.2500602009999998
386454,-0.05959692620000023
386463,-0.038638104800000045
386611,0.03241069439999994
386612,-0.06565081579999996
386649,0.23958004220000007
386655,0.5009418218
386750,-0.03308461940000011
387285,-0.1170962962000001
387314,1.0709099913999998
387524,-1.0051987753999998
387609,0.5089096512000001
394433,0.4825215988
394436,0.4825215988
396184,0.2094658418
399510,-0.7173709278
399548,0.3787819105999999
399558,1.3101943344000004
399566,-0.21495817020000021
399599,-0.06300123079999978
403171,0.13676771439999982
403178,-0.09765745979999993
403187,0.3684215966
403205,0.04299342599999994
404710,0.10421304959999984
406217,0.5107792009999998
406218,-0.1327518399999999
406220,0.018851576399999972
407786,0.17155058099999998
407790,-0.024326671599999728
407800,0.18341979279999993
407819,-0.49703124959999984
407821,-0.023280432400000172
407831,0.6732652015999999
408057,0.3744501209999999
408068,-0.012067571999999766
414121,-0.20063049179999998
414801,-0.11004023319999998
414872,-0.6520895824
415115,-0.32998325959999997
431706,-0.015488080400000031
432442,0.11103707940000014
432467,-0.07880880119999996
432486,0.22443355020000041
432508,-0.8547385702000001
432516,0.00603493620000003
432530,0.20891416980000016
432572,-0.6505491120000002
432628,-3.0068961302000003
432677,-0.13528957039999998
432839,0.24723223079999995
433022,-0.9980175912
433091,0.14834641680000007
433256,0.2888720725999999
433323,0.3909979104000003
433375,-0.6247196080000006
433466,-0.2439878530000003
433470,3.2086855856000005
433485,0.26588371560000024
433619,0.12532650180000005
433638,-1.0978258983999998
433667,-0.2276264438000002
433693,-0.1705478628000002
433700,-0.05422079520000037
433702,0.14927005979999972
433759,-0.03691067820000029
433766,1.3992513316
433809,-0.021772252400000098
433904,-0.4507635722000002
433926,-0.34127075920000005
433931,-0.24266047959999995
433938,0.6089825567999999
434008,0.1794803761999999
434130,0.12437046160000007
434204,-0.09369377220000016
434232,0.05188553340000013
434233,0.20691130599999993
434341,0.26336516320000014
434377,-0.25275021480000015
434402,-0.10159998179999993
434423,-0.05445934240000002
434439,-0.053262650999999994
434756,-0.10979724179999975
434778,-4.6562079999994403e-4
434784,0.25942471199999984
435285,0.18398668099999999
435684,-0.04600479280000017
435766,0.1489974966000002
435965,0.014680270200000022
436090,0.12699887059999995
442801,0.1433039820000001
442829,0.05585337619999997
445007,0.018495806400000328
448850,0.35461324120000004
448987,0.03371681459999998
449521,-0.033785564799999966
474156,-0.06321616980000011
493583,-0.0329602028000002
494448,-0.04763841460000011
494468,-0.10006974100000007
494504,-1.51894793
497652,-0.20896143260000014
503610,-0.3387422757999996
503847,-0.0711886938000001
544696,0.17276464619999993
544817,-0.4797365496000001
544963,-0.44823253519999995
544971,0.31109806099999987
545030,-0.029320874000000045
545085,0.04302957740000011
545156,-2.2596151212000004
545192,-0.5865506696
545260,0.18097440780000013
545279,0.00414344800000015
545291,0.0511101106
545370,0.8758045204000001
545389,-0.3118382017999998
545428,-0.09797708779999985
545474,-0.06415795119999998
545554,0.21839901119999983
545622,-0.48666860840000015
545963,0.262826016
545975,-0.06642748979999993
546071,-0.7999808616000003
546336,-0.12287286540000027
546611,-0.05162916440000005
547253,0.6129246739999996
547431,0.05195528239999997
574402,-0.052148265799999816
574428,0.45580868539999975
595136,0.428024834
606496,-0.01418753600000037
619289,-0.17953570119999993
619331,-0.09014601119999993
619547,0.0505907239999999
619605,-0.0998095105999999
619665,0.1317878664
621080,0.07134920719999993
621976,-0.7742588724000002
622320,0.012634839600000261
622404,-0.40050532820000007
622434,0.35538313759999973
622645,-0.10586303440000025
622665,-0.24280040619999993
622675,0.10786753099999978
623474,0.11267928880000008
623661,0.34949715160000017
623781,-0.11638480760000025
624367,0.1677207069999996
624866,0.3320447299999997
625098,0.04178231539999988
625249,-0.9421513159999997
625286,-0.011291650200000069
626834,0.2831706333999998
626870,-0.005007707399999988
627049,-0.20545806179999992
627191,0.041131848000000026
627352,0.3020284059999998
627626,-0.0641872546
628040,-0.24865191000000025
628779,0.055759663800000164
629059,0.31577309220000027
629147,-0.055483143999999915
629378,0.24362325600000007
631797,-0.16020614839999991
633285,0.21397227719999998
634731,-1.0905071064
636808,-0.029207902599999877
636931,-0.1146695210000001
641340,0.03263993080000027
641376,-0.011249736799999965
652925,-0.051568242399999756
654309,0.3563531012
654470,-0.1618823580000001
654795,0.1449851788
654801,0.11558139599999998
654812,0.1392553388000005
654818,0.049258798200000085
654821,-0.13403517000000012
654824,-0.4583112881999999
664883,0.41301827699999977
664968,0.31057637200000004
665113,-2.1729273052000004
665119,-0.48052128439999997
665180,0.09074303300000003
665270,0.13064128899999988
665563,-1.0429337302000001
665574,0.22822206119999996
665775,0.10233463820000019
666048,0.5455925066
666060,-0.1350116735999997
666173,-0.2909241564
666279,-0.045284953400000015
666311,-0.0952516683999997
666468,-0.9361748773999995
666528,0.09222296980000008
666794,0.29691884300000027
666938,-0.8610167108000002
667118,0.2346577638000003
667663,0.1480345894000002
667742,0.002445738999999847
668110,-0.17085114839999987
668158,0.029355750199999885
668166,-0.29953846959999986
668173,0.04724097899999987
668212,0.21110878500000002
668303,0.11606414479999996
668501,0.0039822334000000174
668940,0.11030355660000028
671535,0.2963128639999999
751865,-0.41752409999999995
100009600,0.23195690900000018
100037258,0.06724832999999997
100038347,-0.784172498
100038725,0.20109148979999997
100038882,-0.6646098067999994
100039596,-0.06916055539999996
100039781,-0.0027745279999999515
100039795,1.9452242573999998
100039957,0.039847130000000064
100040591,0.2645862376000002
100040608,-0.09228769779999979
100040766,-0.003152390799999694
100040972,0.017980468599999983
100042150,-0.06879871979999981
100042450,0.14144289999999993
100042480,-0.36787149459999996
100043057,0.10470154560000003
100043332,0.2134434717999999
100043597,-0.2905695187999999
100048658,-0.17753934499999985
100073351,-0.45280872840000014
100113398,0.003888274799999891
100126226,0.11659242600000022
100126824,0.3295692197999999
100302688,0.013132737599999977
100502841,-0.22209623260000008
100502861,-0.05619166339999976
100503185,0.05654027599999997
100503572,-0.1449235846000004
100503670,0.07742465800000035
100503676,-0.5898139739999998
100503884,0.3116097910000001
100503890,-0.25391464379999995
100504156,0.050025523599999934
100504164,0.04017365299999992
100504446,0.06443582239999995
100504663,-0.42919360700000003
100504715,-0.6030071373999999
101488212,-0.5127729257999996
102637926,-0.4652467955999999
102902673,-0.6952840604
105245391,-0.07645100300000036
105246059,0.0934311524
105246064,0.4047695619999999
108168140,0.06786550600000003
111828493,0.7256822702000003
113523645,-2.0217631246000005
115487184,-0.11247334800000033
118568607,0.39764280759999976
122152370,0.002209738
122526781,-0.1618180960000002
123956256,-0.14211806480000072
125179616,0.13450608379999968
135575218,-0.06796035519999996
136856708,0.05436993320000009
