MM.Entrez,EffectSize
14679,0.015059053
12544,0.270662538
67608,0.130361981
12390,-0.769058108
23849,-0.250585113
29871,-0.005073129
12858,0.313062049
21385,-0.483648145
21387,-0.35846423
18053,-0.422849762
216795,-0.353227522
14158,-0.238944594
74204,0.117670026
209446,0.13003561
12006,-0.370574816
231841,0.010188208
14673,-0.073018004
18400,0.471852358
16415,0.863197396
72058,0.486418512
72614,-0.204436286
235339,0.088239532
66925,0.249950751
12444,-0.117574174
277463,-0.006715802
338370,-0.145930142
20558,-0.485882558
20278,-0.347633053
13497,0.135506348
27027,-0.230326882
66355,0.580237336
23947,-0.548357584
217069,0.142645968
56077,-0.084998158
74617,0.154852693
17428,0.023974835
16414,0.109645475
69692,0.173148271
21987,-0.508033029
18618,0.752951507
12550,-0.016168516
12561,-0.517586494
12716,1.055690386
12029,-0.402834083
17312,-0.212558763
11684,-0.141804011
11877,-0.659994513
12846,0.322888678
66368,0.119983643
13171,0.300887455
23994,-0.087299491
68995,0.227527766
19700,0.315460383
216131,-0.02438944
216527,-0.065273075
21379,0.400201717
50528,-0.20422605
14089,-0.12423496
66108,0.032589868
54156,0.9548535
16818,-1.109621569
30785,-0.013774326
14423,0.013765248
67027,0.027773691
19016,0.326068623
110157,0.064848553
54204,-0.967530192
18591,-0.691579663
11482,-1.029928499
56149,-0.170592653
11479,-0.138848261
216810,-0.16263357
29813,0.258732942
16402,0.478619883
70465,0.481094521
69296,0.58594086
11542,0.58594086
11950,0.306785744
20682,1.118429699
11991,-0.011042218
100040563,0.124011403
57316,-0.124471688
14667,-0.079394028
79264,-0.158797364
12727,0.030669964
20355,0.010492979
15277,1.160608403
360013,0.129796024
107766,-0.811488777
23833,-0.56460566
67477,0.106493198
15414,-0.05285532
16950,1.134551434
18519,-0.027495882
19344,-0.200922285
50723,-0.116192953
234847,-0.055907271
57429,-0.602875981
270106,0.375046062
234852,0.144333692
68275,-0.158438367
20317,0.582918053
259279,0.128405868
67065,0.133322905
21414,-0.912694811
13205,-0.056960503
16161,-0.190732853
140493,0.346009382
237898,-0.129952784
12351,-0.55136822
232223,0.343061762
14103,-0.591585655
269401,0.057635972
13002,-0.014989263
66314,0.0231894
14265,0.031178445
14025,-0.759070668
16189,-0.452552443
59038,-0.123557637
53310,0.363861254
13972,0.089706011
13166,-0.652142441
17385,-0.160851991
20587,0.143386285
22364,-0.821556391
29816,0.396835113
100609,-0.038846326
72960,0.298528337
15401,-0.579561472
17387,0.731399596
20540,-0.159108241
69089,0.265396498
217026,0.084056012
20302,-0.029427181
78369,-0.110785963
67781,0.010403563
66511,-0.147060992
20615,-0.177962128
20198,0.13747176
20200,0.256139243
110880,-0.882635121
15896,-0.93019594
23939,-0.019737701
13855,-0.398055683
27078,-0.176144939
99683,-0.038914433
212706,-0.388155423
66089,0.018656442
52530,0.655158411
72325,0.107534626
57247,-0.144109458
68294,0.259129332
269593,-0.188595601
20500,-0.279645575
330171,-0.271928797
67811,0.335141203
55978,0.111964283
12833,-0.144317501
59093,-0.767907448
16859,-0.318842218
11836,0.046049201
18636,0.368041091
21857,2.446517021
22294,0.200213738
94218,-0.107999249
214895,0.01749946
54387,-0.015069331
18541,-0.060180392
14317,-0.510192765
17119,0.173740275
23885,-0.046604421
66618,-0.10132393
114643,-0.036553245
320634,0.217819596
12313,-0.24773382
28169,0.029562402
13487,-0.213558054
20359,0.495810169
18140,0.48129389
224897,0.295706503
54409,-0.929196961
54135,0.348821655
52857,-0.146044997
15451,0.781199551
12709,-0.003631745
20683,-0.038334499
16421,-1.119565448
60315,0.081570561
19411,-0.415732002
56612,0.153617093
13642,-0.717958164
67223,0.068742592
11858,-0.486892392
27364,-0.240289357
68828,-0.249024215
384061,-0.956426399
11433,0.454225329
12797,-0.878744791
71538,0.096802696
73288,0.033643298
15115,0.036424586
66492,-0.110578892
68612,0.498178841
229512,-0.040864541
12462,0.374211458
56700,-0.037730066
17261,0.060131451
71913,0.55935062
56463,0.487254045
12822,-0.126534421
20509,0.561733903
16211,0.092953929
19155,0.141746228
57765,-1.128109419
107732,0.067133183
13121,0.198903223
66855,0.098012135
67951,0.333554659
23854,0.053640883
17285,-0.308141046
74499,-1.302051708
21869,0.553444118
16372,0.680995137
12842,0.670449675
16400,-0.567888675
20391,-1.358580235
14235,0.29737745
101142,0.195987383
60345,0.312220139
22158,-0.184604185
14885,0.003320342
22154,-0.002787341
192657,0.158070102
16480,-0.451031535
14230,0.524729762
433864,-0.011584409
67458,0.012584967
83813,0.633324571
216859,-0.996993269
21401,-0.039080348
15982,-0.18583724
232533,0.109581097
78783,0.029616726
11677,0.324734474
14871,0.261687573
103140,0.499454629
13202,0.105526666
234724,-2.833748538
73608,0.2697863
66942,0.042317604
24109,-0.223149086
107022,-0.356806388
66143,0.379455002
11651,0.161726735
60363,-0.801043054
16170,-0.48868199
27060,0.281985155
27419,0.327946183
71743,0.47961006
319757,0.021416616
232670,-0.241754572
66877,-0.033718368
74030,-0.153770067
66917,-0.121792482
28088,0.342486546
103136,0.081100577
69754,-0.058437782
12336,0.019250651
435965,-0.902947559
14275,1.727349923
20480,0.203548962
235072,-0.252712979
72881,0.013009077
19353,-0.200647166
227720,0.145638185
108897,-0.331981845
12873,-0.557999306
268977,-0.213227463
216558,0.044006067
192775,-0.298873248
212528,0.134397243
66830,0.04567615
18032,-0.142852693
20514,0.085013663
22201,-0.012793398
22371,-0.570840939
22619,-0.063225303
57276,0.760710555
69524,-0.44495336
20686,-0.333835606
108160,-0.06629214
13726,-0.212882064
70207,0.05119151
14807,-0.413575862
53623,-0.159054734
18142,0.27206324
244668,-0.49440278
108011,0.156057099
109778,0.248637628
245469,-0.175711786
56504,-0.888522335
15929,0.136599582
93843,-0.010940359
20832,0.358760405
27061,-0.026573996
72722,-0.066197154
16997,1.16290375
214162,-0.053841946
76568,0.151137473
71687,0.507630943
12502,-1.112249336
67091,0.471816322
20926,-0.011565113
54141,0.59737212
22248,0.4932818
19376,0.372254017
20316,0.234941882
12447,0.421180047
74377,0.12029965
170770,0.280439386
17868,-1.279849791
19182,-0.07894911
11432,0.291852728
19400,0.044810899
68427,0.029976286
14007,-0.082097084
22259,-0.170075699
107986,0.239176811
20375,0.253835497
67465,0.050827385
20852,0.01514669
16541,0.733373798
101568,0.293811208
71997,0.125282324
55982,0.266862261
68477,-0.026843752
17454,-0.21325685
71887,-0.12696621
11853,-0.119749878
21678,0.201801543
19015,0.032564934
23853,-0.146178415
18616,-0.427945666
70083,-0.104466439
76483,0.173262662
67563,-0.146741723
57875,0.249489115
27214,0.29464523
13163,-0.017637771
54219,0.481282838
75751,0.36651882
74140,0.08704239
56739,-0.281177337
16391,-0.336047752
105446,0.016641057
67881,-0.067265138
52585,0.039407473
13004,-0.633658333
234371,0.003304516
76813,-0.246881321
105980076,0.133808739
72368,0.133808739
73095,-0.400305591
66616,0.181594517
71810,0.071975967
239760,0.042698869
69875,0.042698869
13864,0.147686299
67023,0.305677572
77090,-0.232128788
13549,-0.004215086
109880,0.022785337
68198,-0.029399985
20585,-0.072026234
68879,0.034990301
56470,0.263868727
58175,-0.104722697
106861,-0.216267862
20641,0.123325235
77832,-0.117855355
21844,0.341892286
22084,-0.116194065
65962,-0.438010928
67959,-0.051050742
99412,-0.113927664
22245,0.059285525
20259,-0.330658649
22781,-0.455189706
103742,0.095856425
18979,-0.791696643
26362,0.321666965
21803,0.053744316
52132,-0.081557821
22700,-0.491852736
54194,0.013766532
20423,0.784907126
68079,0.151353198
98053,0.031264297
53895,0.127727635
66400,0.008104173
70785,-0.198012878
69792,0.012823192
18760,-0.401269721
16822,-0.108260268
110750,0.079403266
67877,-0.002349384
23992,0.187067365
14231,-0.041646893
83435,-0.205611046
56418,-0.038060103
22385,-0.075011016
224824,0.077144273
27398,0.255684493
17256,-0.019426941
14711,0.892584437
14814,-0.009183351
68137,-0.146887268
70209,-1.602268342
110175,-0.074969983
16450,-0.300569176
399566,0.017295499
66174,0.390987698
105298,0.40045467
14248,-0.118031343
21975,0.145188921
235040,0.049092176
60507,0.412805441
57435,-0.769187592
15193,-0.047328386
27221,0.136334128
11544,-0.141914203
67846,0.122646437
76916,0.047897662
85031,1.434291116
17216,0.185592004
24100,-0.144887707
17936,-0.037246508
26364,-1.045186295
16172,0.040114209
16777,0.475969131
84036,-0.020502897
70807,-0.043792584
12491,-0.349743955
26400,0.026021765
21856,0.235458355
11772,-0.16765736
59047,0.061817492
75613,0.030633374
57278,0.064087339
56457,-0.035892141
19698,-0.016263583
53333,0.279220129
11816,0.841043665
11813,0.946180733
73389,0.072647466
19088,-0.22589718
12576,-0.170970602
16600,-0.379984368
11767,0.014621269
17274,0.032392295
15331,0.027337298
67922,-0.159168099
13710,0.385183192
76205,0.02905797
20869,0.070127775
13637,0.03145257
66043,0.232785731
19060,0.246827193
69131,-0.003215635
16890,-0.020752053
18475,-0.002506868
54610,0.540943574
52846,0.048884824
20527,-0.789052808
60611,-0.163633798
109552,-0.120677349
13356,0.041075723
54131,-0.03878024
75736,0.079430208
224893,-0.121940658
68047,0.165385488
20405,0.042638642
50498,0.027789902
72886,-0.069159387
19386,0.018732576
13608,0.265887362
14773,-0.525583069
13544,0.04323891
27406,0.006610307
224045,0.065787608
19158,-0.005309779
54200,1.08233825
12348,0.373873306
56711,0.025366194
15162,-0.08016973
66163,-0.02625781
50868,0.016757407
11768,0.560478037
20340,-0.035168403
208198,0.006536337
103236,-0.101964938
216169,0.013875678
208228,-0.023557075
12297,0.160431939
105833,-0.114892554
66120,0.735631718
74351,-0.134008601
18807,0.367537334
14809,0.201937904
12518,-0.728844282
14470,-0.067613964
27049,-0.15307733
19089,0.158479863
69908,-0.150394073
241230,-0.322752118
14132,0.09781736
66394,-0.09966112
68845,-0.093054921
27207,0.427517986
20924,-0.006780226
54624,-0.169775255
66525,0.210901327
67224,0.116221045
12121,0.399842811
59287,0.031166121
19298,-0.130593914
105653,-1.261497079
12922,-0.532082035
21743,-0.809378588
72054,-0.446970734
23917,-0.474670359
72349,-0.374412931
19125,0.065454378
27886,0.01584147
13358,0.365499174
13353,0.079844019
12305,0.01379466
15937,-0.238297894
14282,-0.216770356
74764,0.190094452
13870,0.069407673
57344,-0.192963252
26558,-0.332359632
382056,0.077744292
71673,-0.362144993
67815,0.44375589
74268,0.208779208
12870,-0.009478653
74114,-0.095408831
20111,0.219912617
320632,0.030924985
26371,-0.083712947
15116,0.42902401
67706,0.033120045
225895,0.033120045
72999,-0.055755237
16650,-0.071476432
17155,0.233619218
233011,-0.02644122
76889,0.327277853
78656,0.065682419
19348,0.769720817
66590,0.186223709
270076,0.003978618
17776,-0.069679243
13423,0.389217141
19358,-0.087906652
12317,-0.037161936
71846,0.28374904
54446,-0.108985256
67619,0.191564116
18104,-0.580289858
14936,0.420483974
20174,-0.155999378
12028,0.148459722
16197,-0.778170758
21780,0.093871891
224694,-0.229521758
13643,-0.049983368
67468,0.029717387
217082,-0.731843228
70186,0.350623918
26961,0.418663418
66970,0.206457996
67030,0.07679415
240843,1.094822211
14866,-0.371145693
68312,-0.329713896
14864,-1.056103653
20848,0.443122936
20850,-0.023379953
19285,-0.555025168
26403,-0.332670046
11652,0.227621722
83945,0.043593076
15369,-0.023810815
66626,0.016270041
65964,-0.088244527
66070,-0.146480785
53867,1.104932636
13433,-0.07433035
235036,0.591034272
26360,-0.309966484
12290,-0.524211176
12287,0.671134276
108943,0.414747089
14009,-0.025233826
16581,-0.092574967
19156,-0.012499723
16151,-0.293963266
70560,0.014930376
13498,-0.022527097
12034,0.396545136
15170,-0.06686124
13807,0.845883471
14791,-0.043826675
14792,0.165999125
66144,0.105558081
16160,0.005999125
12728,0.519462078
12725,0.198973504
53417,0.366977923
18575,-0.214302623
70683,0.0961744
20728,0.461494186
212448,-0.59679888
26554,0.023053873
16156,0.592311242
16795,0.387162079
52513,0.1954651
103694,-0.131269565
140709,0.5316192
12122,0.092969264
64143,-0.182522907
434233,0.119674016
19047,0.119674016
67838,-0.096336451
70573,0.030393769
20256,0.109424128
243834,0.039846422
14389,0.161021422
23790,-0.11530651
52440,-0.128260456
13034,-0.795164316
29811,-0.632213145
52535,0.11603265
268739,0.14870492
50767,-0.066467288
94178,-0.023890571
102098,-0.501522532
109333,-0.157885292
12489,0.638265804
110826,0.40580317
72310,-1.15765329
20911,0.489106141
20392,-0.37720855
69993,-0.271908513
80707,0.501179836
20492,0.155636777
11826,-0.673975656
56380,-0.533944436
12798,-0.188813946
66420,0.246630652
268379,-0.294652654
17925,-0.033372915
79221,-0.358948367
17085,-0.907296408
18106,-0.571125341
13733,0.578130762
67900,-0.014734941
19335,-0.257225347
53869,0.16649462
217715,0.131439737
78920,0.109594701
18654,-0.162743138
29869,-0.316263059
56221,-0.365034225
110524,-0.123165547
71520,-0.857019005
68942,-0.026266564
26433,0.224133317
11769,0.229394858
26415,0.973536872
20815,-0.104715686
98386,-0.198626599
18008,-0.450021851
94315,-0.065679717
229503,-0.095658147
15191,0.388985295
71803,-0.265147606
50492,-0.098375914
57267,0.135961055
17179,-0.020221864
59004,-0.014568088
26395,0.225785382
52551,0.099909459
69564,-0.582177368
70544,0.085292663
74198,-0.068121832
15507,-0.128470057
54153,-0.026838048
53420,0.028283113
53379,0.038384054
108017,0.902866889
67736,-0.046128008
67873,0.348464739
18749,-0.037825591
27029,-0.188341223
269610,0.220173973
13014,0.393557561
23921,0.41525463
19305,0.21954432
104771,-0.012317017
12505,0.372013589
20511,-0.491712945
27103,0.370714749
22388,0.053690628
117591,-0.286229489
22402,1.083284556
17988,0.325649425
75311,-0.193409046
17159,0.308488806
12224,0.147497048
67836,0.030180549
21672,0.272038531
20020,0.031195487
80886,0.024937837
53419,-0.172413889
231999,0.105465598
66442,0.069353076
327954,-0.300858441
72388,0.202204993
22230,0.029193792
170740,-0.613227114
19116,-0.692956336
56384,-0.033783907
56085,0.082114115
14186,-0.92525622
94332,-0.336639738
56551,0.103956188
20512,-0.64409288
58799,-0.103872683
17688,0.153124508
225055,-0.090859247
58805,0.81286469
27368,0.047041337
66138,0.063899989
18073,0.114827199
17218,0.116453903
15368,-0.397413492
26936,-0.263423463
71722,-0.142304409
18476,0.7575641
50931,-0.751907283
18747,0.050650974
66929,0.45191818
68278,0.214636638
81489,-0.243309199
55993,-0.004838079
227334,0.230283252
67136,0.103013553
13046,0.110880942
68349,0.21341428
18984,-0.304293886
16001,-0.645368382
16337,0.06188861
14128,-0.482846321
13087,-1.077088809
21849,0.30449632
22192,0.208992972
11515,-0.49896202
17260,-0.209700167
22083,-0.072682363
13690,-0.060604891
17540,0.242506633
13026,0.12829041
233410,0.003263919
19185,0.048414356
50874,-0.287354714
23920,-1.108947317
72183,0.003914488
17768,0.243894401
16590,-0.983070915
641376,-0.430451553
12355,0.301548915
103135,0.091586764
12974,0.095405297
11717,-0.198600488
68183,0.048335474
20400,-1.103878322
13018,-0.125376958
56513,0.24285926
11604,-0.361565737
83383,0.267740432
19385,0.128267793
12503,-1.044334093
53970,0.149825451
19172,0.065838894
17394,0.655384119
22785,0.043643603
59010,-0.441640975
18457,-0.289700007
75624,0.131027247
78308,0.06879262
50930,-0.728994237
14465,0.152445912
66409,0.277632246
12789,0.317141558
11789,0.203531006
13476,-0.076656259
66366,0.144782102
56046,-0.128782128
17978,-0.108909794
22026,-0.023962705
22025,0.051567147
77626,-9.91374e-4
71382,0.215509517
18423,-0.609461025
66989,-0.141557072
16407,-0.141669912
83429,-0.052727693
94045,0.74802076
74637,-0.010389232
13845,4.18672e-4
22156,0.193951031
19672,-0.260100034
13419,-0.176059077
68015,0.14970943
74763,-0.165490985
73261,0.393791807
68423,-0.309808159
108989,-0.018321914
226499,0.038135435
96875,0.210870136
71723,-0.031059035
70394,-0.176105961
108124,0.150740624
24068,0.078306605
225372,0.078306605
11951,0.201432647
27681,-0.134178642
66411,-0.107972509
19062,-0.132662384
12929,-0.169975038
67425,0.21426669
216705,0.070533599
68916,-0.116465787
56213,-0.121390528
22642,0.022193968
74202,-0.228720781
29818,-0.393816762
13857,-0.266954679
67119,0.059131991
68473,-0.029216369
110935,-0.889038447
11966,0.484406965
13859,-0.15506825
21745,0.078367881
219022,0.013709973
66246,0.060523482
227290,0.20581758
69660,-0.184627744
76709,0.088539172
75410,0.033178179
58206,0.033155284
109637,-0.432903516
69804,0.223738777
76846,0.481007681
69714,0.160913815
71733,0.017774079
23887,0.404737089
14598,0.278094684
68337,-0.134608131
12925,-0.24570415
12398,-0.934035925
14114,-0.154213851
53328,-0.331978828
26912,0.491892748
14429,0.491892748
21687,-1.019606658
54325,-0.108594299
80509,0.234592715
68180,0.046397955
107995,0.563160324
240913,1.43061983
71740,0.973163225
18637,-0.002432696
81018,0.131543547
77644,-0.099129213
18011,0.776204418
20810,0.412236873
13836,-0.092311243
56275,-0.153569162
70605,0.067109591
52028,-0.142294883
78797,0.081346366
56876,0.055777819
228026,0.423844239
19205,-0.066408094
192156,0.388143444
13057,0.265869347
16426,-0.141768067
69179,0.36988875
54650,0.215317
16424,0.875605257
241113,-1.104627464
11979,0.388760119
20533,-0.477274705
51799,0.618490373
20536,-0.010318575
67177,0.256615157
12395,-0.606446054
30927,0.010285412
11821,0.44412297
14884,0.044515784
15216,-0.206935216
330064,0.333486043
69852,-0.254293529
11803,0.634739254
69232,0.1476298
74443,-0.407850166
71472,0.02359799
18968,-0.024031293
12540,-0.035450675
18771,-0.111181295
210108,-0.807421122
57441,0.095965065
66834,-0.034229509
193452,0.264993792
12567,0.442028867
14421,0.43812845
17299,0.264895211
67125,0.078667612
16573,-0.106677118
78935,0.122284936
94179,0.525818201
12799,-0.380404751
74407,-0.385809784
72043,0.141310487
20656,-0.086834821
71983,-0.048047123
70527,0.040750471
14055,-0.242468144
15114,0.306490654
66180,0.153037719
12387,0.189892515
68969,-0.202371473
12667,0.142555162
21762,0.016616663
22321,0.395167311
27762,0.108391467
15482,0.233323019
70129,0.198953115
17687,0.285354084
193742,0.017951033
18010,0.138131569
51793,-0.260115711
114584,0.086323783
27756,0.21449494
18973,0.407997587
98660,-0.953042739
27222,-0.300387226
12372,-1.007616701
20907,0.064766752
243372,-0.26075486
56788,-1.203310887
18120,-0.125152839
329727,-0.233893035
17169,0.002966649
67210,-0.016804103
12943,0.015841275
17113,-0.020763259
241296,-0.177821441
51792,0.101224395
28113,0.034887858
71099,0.303559558
224907,0.112789611
70359,-0.131773225
21812,0.582662399
26556,0.119765055
114714,0.114551657
12389,-0.91949713
59046,-0.05122616
12048,0.138930629
16549,0.043457031
13371,0.228602106
234388,-0.12084338
12464,0.168749631
66050,0.220572805
78070,0.396711491
13345,-0.791628765
72611,-0.048784843
11848,-0.179462245
328365,-0.192572612
232339,-0.209811151
69748,0.159734023
77134,0.050660818
65116,0.089855222
59013,0.011660896
76411,-0.250177305
15903,-0.140503543
21393,-1.354122595
93760,-0.191772693
12931,0.51537586
13033,0.224768791
56040,0.222034336
208982,-0.222233071
64296,-0.006340696
67286,0.074493032
14365,0.174498644
68041,0.17467164
232910,0.182027828
116701,-0.197838514
74666,-0.215689765
14200,1.000092033
69683,0.114790917
232370,-0.369498999
68628,0.470409535
272382,-0.804096992
55935,0.124533957
67260,-0.542503507
74616,-0.156190092
56698,-0.068925536
21885,-0.069855958
320100,-0.062363819
20639,-0.096527196
22190,-0.007072351
68988,-0.014037344
55942,-0.100578471
52502,-0.123306582
13713,-0.406771236
80517,-0.10120034
108841,0.096567666
621832,0.063124227
68051,0.063124227
14343,1.393469229
67771,0.119184339
18987,-0.387248951
56615,0.217476687
18028,-0.26110905
53868,0.6918144
94232,0.156142354
268859,-1.046038506
20084,0.618487503
434434,0.087219832
110954,0.087219832
267019,0.406034561
52683,0.238794476
15257,-0.22769848
64297,0.42132034
17156,0.20757228
66204,-0.145220405
93671,-0.324931822
15184,-0.024657606
56044,-0.107058122
22335,-0.128620566
242607,-0.76609625
21427,-0.045769561
14390,-0.13727288
12162,-0.367855243
56455,-0.181618492
67466,-0.195307131
223693,-0.294538413
18016,-0.218115196
67178,-0.072105337
14030,0.124207495
11764,-0.132556033
70377,0.774421522
21380,-0.067847631
94044,0.029065303
76964,0.053769137
93838,-0.029087667
20307,1.0064534489999999
69605,-0.155383772
75573,-0.06003595
56843,0.182447724
71660,-0.854732861
108705,-0.140206231
28240,0.1162502
22213,0.050119085
17295,0.434721096
240638,0.040321583
20965,0.130408321
13712,-0.103282519
215690,-0.189438157
238799,0.05045142
67897,0.127691324
16535,-0.216660734
20813,-0.053850934
70730,-0.569588815
107951,0.229896193
30933,0.336366183
14287,0.244213547
239719,-0.067764051
12419,-0.089807925
80287,0.116220212
192166,0.796858478
22325,0.281698474
104271,0.774357126
19053,-0.065708556
14373,-0.925278316
66233,-0.012891539
215999,-0.046601023
18302,-0.352061563
83558,-0.485450025
110279,0.118483896
18301,0.246978418
16506,0.564885416
21422,-0.011063741
19009,-0.048463548
22221,0.092503969
74137,0.465362725
56542,0.157989126
67680,0.018854818
84682,-0.529369758
67826,-0.111088901
22416,-0.790616821
70750,0.15932057
20479,0.003422255
75617,0.254835554
66826,-0.02663436
286942,-0.397033655
11671,0.029159001
114602,-0.495198443
56395,-0.007782218
15587,-0.381135793
15983,0.150407477
15586,-1.097419748
80385,-0.22880698
56032,-0.096831417
56808,-0.592141609
56289,-0.128178036
71889,0.500440523
17254,-0.10397982
66836,0.143606132
53319,0.143606132
56389,0.023320962
67473,-0.443517394
100503311,-0.501554907
57916,-0.223550284
234857,0.136331075
19130,-0.682206715
71766,0.023548975
72503,0.111352089
98404,-0.140309058
67893,0.300492563
83560,-0.790580899
70110,-0.381176916
66599,0.056431011
18002,0.041503895
53334,-0.0563987
68836,0.165462765
226976,-0.071438879
14051,0.323348353
14084,0.187761242
76927,0.357581374
67493,-0.238932618
75761,0.173783871
66268,0.132014155
67039,0.12338785
19165,-0.012693939
235674,-0.34264272
18799,-0.055193268
76267,-0.246657927
56873,-0.003810709
79202,0.385187393
27267,-0.081571972
22113,1.143462501
22413,-0.177988977
105785,0.590410449
56369,0.028596976
27402,0.040491899
234729,0.109041307
68279,-0.086870635
20537,-0.355302955
67605,0.239402773
21376,0.105034535
11565,0.913895219
75556,-0.69953296
72308,0.037134369
22355,-0.754787906
18263,0.614273491
66628,0.253451868
11492,0.530987022
230721,0.425848206
74463,0.822550077
63872,-0.032354809
66968,-0.300664554
70616,-0.148667625
71755,-0.350124082
233056,-0.30604434
76703,-0.472697186
70300,-1.370030577
18648,0.29578623
14020,-0.071674958
213027,-0.137757338
102209,0.019419646
216963,-0.219913262
56356,-0.222641076
12175,-0.235622145
12455,0.029541086
224024,0.112585264
52592,-0.115058654
94112,0.064685184
67422,-0.091308377
230806,-0.301544761
67586,-0.179993304
74094,-0.053818138
13661,0.447217517
71950,0.040015047
66480,0.30333634
66074,0.182370795
117167,0.317862778
66308,0.013513729
16551,0.444714863
68240,0.179369889
74568,-0.124219258
320938,0.092207933
320244,0.223938064
69930,-0.033316872
57264,-0.483908819
20103,0.519097967
244550,0.017845083
330814,-0.048472402
75723,-0.458026475
104156,0.370309722
78052,-0.021875766
70575,-0.109861177
102124,0.163484884
11972,0.22457805
19280,-0.03262016
98396,0.226030395
210094,0.863592665
140486,-0.879680735
14422,-0.244315504
270210,-0.072242924
58202,-0.093534956
170720,-0.037498342
72392,0.045415105
76960,-0.423514923
27883,-0.096033507
19378,0.3793678
226646,0.186505318
66696,-0.368139471
381629,-0.193653118
69719,0.199783266
79566,-3.44006e-4
67979,-0.054990538
19211,-0.130023077
18611,-0.45001917
53600,0.212163127
69769,0.144140464
70047,0.061970082
70274,0.896263766
110147,0.189571811
66126,0.002927591
216154,0.108034422
20442,0.085998203
216157,0.101227316
77733,0.211169397
76686,0.558448534
21945,0.096724136
69189,0.678859081
27045,0.184313893
18507,-0.557648315
114604,-0.071769637
70238,-0.046855378
66061,0.1224911
56398,0.128280752
63873,-0.448034257
100503085,-0.069260817
67510,-0.085608065
56354,-0.121075534
12301,-0.066288623
76779,-0.064068398
69747,0.501256381
327942,0.190768991
17991,0.051625579
66449,-0.044629035
83396,-0.688996847
12864,0.09819475
83675,0.405306832
268470,-0.017060904000000002
72477,0.154654866
17222,-0.063896367
17289,-0.26246275
22088,0.053793205
246694,0.115711908
26407,-0.314920473
234839,0.108641737
12143,-0.594168135
68718,0.004577909
105522,0.334336036
237615,0.015151346
53871,-0.107449986
66384,0.039948383
170733,-0.180269976
268752,0.213369311
78287,-0.09947876
64658,0.070593917
27369,-0.356834144
100072,-0.149505356
12977,-0.444258469
229707,-0.022171819
16560,0.142417759
67863,0.14110835
66531,-0.03540185
231600,0.115691955
330483,0.241295099
15399,-0.478300776
13522,-0.679492605
21766,-0.041255318
67544,-0.056785125
21374,0.062454752
19170,0.134424825
18567,0.141538756
13388,-0.115657044
78688,-0.2320504
234686,-0.299831473
277973,0.39459171
234683,0.348732412
20855,0.198938296
74356,0.156942342
67971,-0.618449255
17686,0.111881104
279028,-1.11268292
66320,0.11403105
104394,-0.06321703
20932,0.165116848
20931,0.079936065
27362,0.061795247
234344,-0.044454092
22612,-0.17664448
19046,-0.142529614
70231,0.163082109
66637,-0.048709505
76740,-0.022126107
59005,0.147821708
257633,0.212675712
13680,0.074489152
50917,0.204762557
14461,-0.702842799
69379,0.0749769
12496,-0.0924112
227624,0.03580379
59022,-0.012222127
69454,0.038076817
18146,0.120244338
30839,0.041537477
50799,0.647645029
22196,0.244590424
68327,0.082940693
74154,-0.277192799
233328,-0.114291844
56847,0.635076377
109711,0.053087123
64383,-0.082933246
15388,0.129790209
70769,0.165151928
213819,-0.110833778
215748,-0.03134771
53332,0.016286695
15354,0.194553928
17756,-0.807722726
74519,-0.866519739
11303,0.325647045
66536,-0.093319795
66192,0.041020464
27643,0.089567527
100169864,0.089567527
14567,-0.128743075
70097,-0.273134137
17873,-0.50164499
30925,-0.173245835
27218,-0.714549384
66220,0.394665374
13804,0.025679623
13058,0.267509012
57437,-0.015084769
22439,-0.125164057
76477,-1.322589363
12506,-0.153207876
270166,0.175020856
67976,0.229817925
69440,0.171230018
12522,0.305492307
70008,-0.006549348
14939,-0.540571229
11596,-0.200683052
12915,-0.066639002
81701,-0.648996247
18132,-0.873744572
54397,-0.308670874
260297,-0.435223349
54197,0.285863413
381356,0.121345712
15273,-0.079742075
11863,-0.047284312
16398,-0.683353335
17434,-0.351564668
66176,0.017477485
16956,0.544652373
11974,0.115161542
57908,0.151252631
106763,0.304991507
20807,-0.139193272
14462,-1.074055977
14464,0.019175041
16776,0.508446372
70358,0.975616842
74051,0.737525737
15481,0.061571854
321007,0.132483434
245533,-0.084407493
72621,-0.051360338
19166,0.167737704
75398,0.69223271
84505,0.009561148
71790,-0.24717678
11864,-0.213147474
229589,0.074489691
76893,0.172873009
12343,0.121386475
67220,-0.259846452
22365,-0.251512239
70767,-0.018445014
66471,-0.117833555
226548,-0.109504877
68652,-0.057671764
67418,-0.144333664
12793,0.032592443
13860,0.324073796
20933,0.077497765
20930,-0.032335362
66999,-0.219745249
110391,0.104763462
14714,0.179083225
21960,0.075049694
18412,-0.165176591
18024,0.267863764
20183,-1.096236
20181,-0.16251808
229595,-0.1479493
80891,0.346313831
11801,0.159487413
67763,0.071862429
54392,0.907697434
209707,0.186651995
16993,-0.079950716
56431,0.106430189
26914,0.066153648
114674,0.502566984
69168,0.309301151
80909,-0.217339381
14129,1.156673931
17969,0.379487691
22411,0.780890693
11566,0.089916609
12289,-0.413018529
218865,-0.32536316
56249,-0.083426593
76612,0.372703837
57740,-0.135144373
14272,-0.027392083
72198,-0.055516355
16803,0.391216346
12614,0.519659292
14247,-0.42466586
243362,-0.411554975
23963,0.064047344
215193,0.10085938
15483,-0.287123524
329324,-0.379620951
14991,-0.241421703
74365,0.223755664
67126,0.112220525
57314,0.102154116
545486,-1.439144575
64138,0.46283738
66390,0.184874181
214791,0.697867817
14990,-0.266744467
22209,-0.020312011
11740,0.391613617
66496,0.071137388
16536,0.33664404
13628,-1.852402985
73368,0.125323521
102866,0.144604157
77015,-0.878090487
67050,0.003278134
54405,9.35235e-4
22431,1.603782218
13557,0.218037336
12946,-0.203039861
67533,0.160105819
17221,-0.047990726
12490,-0.108984372
67759,0.048279466
60533,0.083716453
58205,0.219172156
66596,0.17648239
76366,-0.157943465
140887,-0.022844304
226419,0.800112829
17164,0.155088214
16784,0.133163641
54138,0.107337451
239554,0.466571856
55944,0.261561191
625328,0.178643571
667250,0.178643571
15081,0.178643571
18141,0.007266253
271305,-0.902476499
67042,-0.165095078
23970,-0.112721265
12763,-0.130200695
223723,0.18757767
12124,0.316060705
64706,0.036677918
268741,-0.090445663
68735,0.181493222
240725,0.300826414
67996,0.255701197
18803,-0.207728918
70382,-0.05252328
71753,0.579677341
69259,-0.032003691
68145,-0.238567841
17183,0.225904208
20568,0.347198043
19668,0.970475889
20971,0.388976923
16164,0.426813419
17966,0.007589434
19157,-0.013807682
74194,0.415841566
12189,-0.404518911
53321,0.014006608
68106,0.137314718
52469,0.058839875
23989,0.28596101
22123,0.0689609
50912,-0.029340867
67201,0.03537899
68299,0.127745255
216965,-0.071264915
76233,-0.037374944
170789,0.067978787
52685,-0.703039396
50997,-0.256406252
22370,-1.080007076
18099,-0.11594483
22032,0.550137832
11676,0.533484362
217154,0.253771275
19921,0.454309357
140859,0.131916347
12298,-0.090079811
72324,-0.178726653
75869,-0.410346174
22680,0.108211579
69077,0.020175387
56745,0.514899712
19193,-0.582697589
21858,-0.343874526
76014,0.014803933
21974,-0.078648148
218772,-0.332434765
16010,-0.24908804
23834,0.352233218
52615,-0.00348962
237877,0.04032672
54394,-0.288872779
217169,-0.383813587
21927,0.17370602499999999
109934,0.095118091
268451,-0.257675175
21939,-0.405185895
228875,0.146358522
228876,-0.053414684
140579,0.055697002
78889,-7.88025e-4
76080,0.043013682
59040,0.057574757
246104,-0.076501602
11486,-0.028024622
26943,-0.192142373
71776,0.623427881
74451,0.522784003
11799,0.658418415
71562,0.280573551
78928,-0.073317146
67701,0.043533136
18612,2.374344004
52840,-0.137868525
17395,-0.661497113
57138,-0.181505981
80860,0.1317206
18830,-0.919472425
20499,-0.067493607
19025,0.289028897
71971,0.022729595
20498,-0.175012285
17913,-0.405963147
12928,-0.143035548
12867,0.174008002
18738,-0.017955487
21428,0.122232768
67998,-0.066280282
59091,-0.840894078
80861,0.145361555
271457,-0.032734775
71966,0.091679576
26931,-0.100377994
245866,0.040516679
17865,0.168646822
14049,-0.009806939
56336,0.422846172
19223,0.222024996
320405,-0.125234033
228889,0.044766258
19159,-0.802409342
72318,0.216464318
170758,0.169404635
74778,0.083605291
109754,0.012074731
70422,0.33191736
76199,-0.080750876
68024,-0.189736486
207495,0.463774629
17135,-0.179203835
19014,0.07245562
13867,0.546119067
59045,0.099311362
22780,-0.797505169
17305,-0.82004155
75909,0.63006888
56207,0.019594482
69367,0.04054955
20822,-0.046759109
58231,-0.410307462
18858,-0.900436426
14566,-0.273849368
67966,-0.071178196
21388,-0.45044202
19175,0.126176298
216873,0.120581953
18643,0.131233111
67145,0.050071467
54401,-0.11863626
16706,-0.453383428
14778,-0.114904145
11749,-0.158101351
16162,-0.084045888
52712,0.090215326
16647,-0.023088776
66313,-0.496171703
320162,0.005735911
22344,-0.346955168
103841,-0.379675562
110809,0.084473492
66610,-0.50733583
71774,0.721338138
16568,-0.144149969
20362,-0.196957423
170749,0.071302193
217038,0.029560763
17762,-0.953842676
76719,0.027446116
66771,-0.413388949
17912,-0.426827883
67487,0.081068698
77864,0.04667373
11640,0.318895074
68979,0.132518073
116891,0.063653746
12261,0.476027736
69723,0.085766707
114644,0.643968241
16499,-0.382625068
216848,-0.031330747
216850,-0.136269463
66884,0.106262459
22412,0.84557553
11541,0.94402331
20185,-0.041603832
22368,0.025589121
73139,0.259569995
22658,0.454675882
67480,-0.120482166
108083,-0.352291243
68729,0.168149439
53422,1.134694095
67181,-0.026424161
54351,0.081652919
20528,-0.558059921
56486,0.151417267
53624,0.338476573
78246,0.054948392
11370,0.047663246
13411,-0.375785709
27041,0.177784079
11927,0.254994469
20692,0.056513513
237781,0.157567365
21386,-1.092642334
56405,-0.375064203
217031,0.054651653
22778,-0.301960966
103711,0.398365328
16834,0.144125046
12412,-0.092228454
80280,0.272173712
56358,-0.036505914
68066,0.471586205
78912,-0.079161977
56321,0.09933351
13424,-0.01465066
52670,-0.01451224
103737,0.088845268
83431,0.075901445
71998,-0.130149396
75580,-0.335269549
619441,-0.100920426
24070,0.26250568
23879,-0.070036147000000007
228033,0.192847584
12514,0.386297982
56293,-0.186734084
14081,-0.43882229
217265,-0.550004417
319822,0.066600132
16985,0.62583648
319740,0.128719208
69534,0.396668031
54612,-1.157317377
17880,-0.934450919
19364,0.094702475
217012,-0.910969297
211347,-0.046451101
104458,0.085291112
211652,-0.177400274
68572,-0.092138438
14149,0.193889339
75772,1.618113833
67036,-0.015712517
17189,-1.537575063
16362,-0.437965075
20520,-0.299935448
18452,0.333734608
11685,-0.943385337
109689,-0.461881542
12981,0.447518636
66102,0.118937855
75273,0.058473887
66172,-0.066953363
11687,-0.961735336
20305,0.369462407
20303,0.081657916
24083,-0.042531225
26397,0.096121742
22629,-0.119138882
53890,-0.039127493
242705,0.090828192
20557,-0.865485499
244141,0.035433294
58246,-0.06757422
110084,-0.504724566
67789,0.021509146
66437,-0.042736165
18822,0.042468471
19340,0.012540629
69572,0.228930493
68267,0.00789577
54411,-0.079186714
69537,-0.038659815
11670,-0.357971063
20308,-0.003027064
69938,-0.47636605
79555,-0.088998605
71780,0.582234031
70791,0.016828991
12300,-1.495302029
69094,-0.043776674
19345,-0.051211303
17448,0.19353747
14950,0.259337349
74315,0.198709074
20266,0.479793374
11973,0.187049206
214901,-0.015976412
238323,-0.57527616
232807,-0.315796244
11622,-0.572160475
270058,-0.127104855
13479,-0.437897233
68366,-0.095425347
67842,0.176824532
11975,0.059727997
19183,-0.145628309
14786,0.633486031
71893,0.080945996
11754,-0.892067103
78266,0.272188375
71584,0.864964754
101966,0.028776539
103655,0.485333464
12315,-0.255450587
26572,0.125333431
14232,0.09532794
53817,0.206366228
67903,0.082823443
68385,0.205992696
70310,-0.179624535
19216,-0.372825356
52666,-0.174641519
67439,-0.04447105
12539,-0.025737266
19341,-0.179559183
106628,-0.073197181
26893,0.1530925
22187,-0.086358225
11781,0.092024887
27357,-0.247389269
52377,-0.299193698
102857,-0.047610743
13496,0.193489183
27273,-0.2929435
66530,0.228291995
28106,0.170722209
13056,-0.026298945
20358,-0.973070078
72654,-0.088073319
66117,-0.06297754
23797,-0.580368971
67707,-0.057265576
74412,-0.153671902
67217,0.544897242
17101,0.0200304
270066,-0.046638543
73316,-0.502207142
353499,0.48007166
233066,0.502061556
69920,-0.036979616
73244,-0.19413824
16661,-0.127502684
70337,-0.589512913
66084,0.135473615
100504234,-0.725729494
13982,-0.28692936
67141,0.203724765
108853,0.154618897
56533,-0.482048104
15182,0.019447926
14302,0.462821218
66521,-0.088927858
76757,-0.96517661
15214,-0.855263525
78808,3.1e-5
66847,0.090358541
73681,-0.009059567
23924,0.040899257
18537,-0.078130487
237253,-0.136449867
140740,-0.038411809
54198,-0.138460608
66253,0.093696839
66757,0.260322312
56535,0.183648892
66848,0.067407579
103268,-0.26110275
353258,0.068970939
22634,-0.215913574
53599,-0.149109785
22288,-0.526388442
20598,0.238548828
171580,-0.016434021
268294,-0.018806138
14816,-0.454118796
83767,0.46664294
67844,0.278199076
67371,0.099514748
72472,0.074708485
19714,-0.149224413
103213,-0.28144187
14360,-0.603092697
71924,-0.242491189
16775,-0.156424413
78977,-0.55674236
19072,-0.046523485
21929,-0.249158839
64058,0.606679711
215821,0.690544761
56016,0.229248128
19707,-0.099997514
75906,0.230773943
66403,0.004252441
94221,-0.114533065
76563,-0.128245172
170728,-0.098872431
11630,-0.118708006
76743,0.242330471
66201,-0.069742989
57319,-0.294735577
28193,-0.05956412
18768,0.287888155
56442,-0.150099178
15500,-0.070610714
72780,-0.238035554
52665,0.142729409
19272,-0.11332788
66686,-0.412409616
74978,-0.520706855
19886,-1.268182252
103098,1.161617249
52713,-0.094041384
16773,0.210905455
210198,-1.088813139
108030,1.314671439
17931,-0.145734991
77296,-0.964838425
18451,0.11185768
103080,0.152252015
110829,-0.402411099
52696,0.121879258
216080,-0.196101673
13179,0.380293225
216227,0.295966329
12534,0.92154012
67972,-0.233172537
69288,-0.713856564
73287,-0.437284893
71371,0.09106888
67019,-0.077185888
75089,0.608488044
382406,0.046320715
67603,0.48362592
21917,-0.20168851
17311,-0.873815444
19164,-0.118572559
20393,-0.187320469
216274,-0.065432641
67454,0.192874095
56422,0.100407419
13822,-0.548218615
11783,-0.013501254
17863,-0.776570158
70208,0.026939233
52906,0.265330623
11846,2.167039
17997,-0.007301578
209558,1.32051523
29863,0.302042851
71804,0.186228921
17761,0.185875203
14219,0.63567536
53331,-0.142751709
59012,0.736708888
18634,0.278538467
15979,-0.090373584
26464,-0.085252949
380654,-0.338805059
237459,-0.296637074
15109,0.112996651
69878,0.111370187
57764,-0.761146919
13998,0.229779674
66414,-0.059441303
319880,-0.610346805
77048,-0.113581564
216233,0.214168138
71207,0.261558084
77976,-0.707166362
216198,0.017851314
71137,0.124923466
12952,-0.17540484
74007,0.164214986
21859,-0.10521619
22027,-0.057807741
17172,-0.662327376
16000,0.307799382
67282,0.132394839
71712,0.544158541
216225,-0.892981783
93759,-0.131006702
67345,0.058229075
68802,-1.274811253
432467,-0.059081074
70432,-0.045759143
68371,0.066341715
67307,0.066341715
67500,0.109173842
56200,0.113304916
94213,-0.036308031
19073,-0.568030797
30930,-0.017357032
338359,0.315066178
216019,0.521540661
69894,-0.126602721
71361,0.254787638
404634,-0.549408827
71767,-0.005128688
20224,-0.003614212
67895,0.484360817
13688,-0.210342935
27355,-0.308182152
65971,0.273634475
20397,0.248993288
13180,0.988402829
107449,0.469042925
71279,-0.032797746
74048,-0.179240989
20503,0.111840202
320398,-0.153380426
52717,-0.042073051
74747,0.613707904
56709,0.035435928
216001,-0.207712749
71902,-0.005395916
56480,-0.007452471
66249,-0.024003513
56193,0.379079912
117600,-0.576518048
13649,-0.092305215
54140,0.393570885
14479,0.128501677
245944,-0.008403327
66687,0.197309617
18551,0.56429317
216344,-0.111059429
66374,0.083951821
67245,-0.008276713
23805,-0.451949966
66816,0.130287611
14160,1.036428039
55963,-0.449063054
94176,-0.133492409
19324,-0.039529571
14431,-0.441173773
19279,-0.109525512
66713,-0.047421255
75406,0.181492938
19263,-0.822586957
16533,-0.709659741
68114,-0.166198548
216643,-0.715071655
17268,-0.622909669
66594,0.209363845
72068,-0.00124002
21423,0.04050609
382427,-1.029997053
327826,0.097035629
64050,0.172780756
12808,-0.28724238
76877,-0.067629123
14783,0.221506671
77397,-0.589409092
11540,-0.257115182
67332,-0.151679524
260315,0.807678884
13195,-0.880718208
70574,0.112161366
17246,-0.081008576
52679,-0.178123534
13008,0.045454179
237542,-0.199968255
17347,0.045792255
53604,-0.040730842
104248,0.217954597
11776,-0.017023205
21664,0.200092592
20222,-1.01511e-4
17245,-0.201166178
24117,-1.578844193
30055,0.197090072
230895,0.149253609
66225,-0.145688113
68212,-0.049930271
64454,-0.063609707
73914,-0.229384027
117599,-0.178622943
15468,-0.347971513
64451,-0.024474881
15353,-0.067149995
432479,-0.456621072
56371,0.042390246
103425,0.101304886
12834,-0.292780124
67933,-0.165999853
18045,-0.085097712
50493,0.188902864
74782,-0.673896789
67905,-0.228402067
28109,0.172248045
216188,0.134873762
77305,0.10068868
235582,0.203007615
80294,-0.062303974
215335,0.150165941
110532,-0.429057323
216190,0.100493901
246049,-1.14177841
20610,-0.070386228
15254,0.162190982
75530,-0.131519011
103583,0.006317841
20868,-0.295167029
216578,-0.09505938
19696,-0.227469985
18641,0.307136058
16199,-1.179500699
74467,0.236337196
13650,0.180861765
72129,0.243986105
67884,0.131575783
268395,0.335755015
268390,0.115999313
17168,0.334607588
103573,-0.207941711
18197,-1.110293429
67579,0.011723955
20856,-0.196285967
65257,-0.015990691
216150,0.162042972
110012,0.210820694
68044,0.146399378
66753,0.171293807
216148,0.181127472
20742,-0.55298463
216560,-0.041733941
17449,-0.071205026
83554,-0.050359554
12450,0.013968203
52653,0.362469872
216151,0.114685257
15366,0.417425637
15166,-0.236996724
30805,-0.433723787
27274,-0.907858805
76884,-0.643925776
17308,-0.132348877
19052,-0.005788207
24052,-0.416980943
14257,-0.638045266
15384,0.29044492
72947,0.277822231
15525,-0.053180354
104625,0.147712193
14584,0.763111308
21408,-0.219970307
26420,-0.121159428
12330,-0.094043612
14694,0.626881903
216724,-0.141698417
59044,-0.110549646
17001,0.932608182
19360,-0.1071239
68067,-0.2015352
12750,0.24091747
66397,0.003882049
76901,-0.098568611
30794,0.269701339
213084,-0.199498068
22210,0.137851113
52626,0.039674581
84035,-0.180049903
16428,-0.984000918
380684,-0.084997375
66213,-0.058490034
171285,0.121335337
57783,-0.125907529
22333,0.044337797
22271,-0.32559723
193116,-0.192112291
214112,-0.243583112
75452,0.175253792
15574,-0.265707605
30939,-0.161273724
545938,-0.019966697
319939,-0.667188549
12227,0.207688043
71962,0.075761353
16009,0.043281101
64934,0.302595359
432530,-0.681422592
21452,-0.198575427
67430,-0.172314657
246177,-0.254298696
29856,-0.066342165
11844,0.198405991
67862,-0.237203626
14923,-0.337855404
193670,0.006190114
16886,0.140406616
56218,-0.190662056
74203,-0.075580017
94091,0.126064005
18293,-0.162988156
13494,0.074585739
68585,-0.132306058
76784,-0.084840711
78294,0.460576213
216618,-0.059056813
104570,0.037918405
71701,0.119208095
216616,-1.142533631
17898,-1.442557362
18972,0.093595735
268417,0.078085848
11568,0.233876989
54125,0.08319305
56012,-1.115314832
13169,0.01250422
64660,0.01807847
104479,-0.201163608
68097,-0.366436408
22433,0.182421982
100041294,-0.034495772
20922,-0.034495772
18952,-0.896285574
192194,-0.48469529
69944,-0.081642586
66140,-0.268113029
270906,0.347923819
74133,0.088652134
108660,-0.114711064
56427,-0.131901912
216767,0.219318026
69125,-0.093139702
72508,0.149693005
50724,-0.17500586
171212,-0.173995751
76892,0.164915428
216760,-0.114721689
67726,0.071417956
14799,-1.073414753
53892,0.060212562
448850,-0.1229292
66196,0.521476467
212627,-0.160327887
217039,-0.00697591
107476,0.487509793
20425,0.936068762
16897,0.073447721
13495,-9.57e-5
20787,0.35126743
71943,0.335197625
214384,-0.971422914
69802,0.118934042
20913,-0.220428052
66912,0.255355537
68626,0.421128441
18559,0.330052411
28071,0.069975922
75040,-0.315152468
380753,-0.295017484
68775,0.59206146
19027,-0.126503518
71853,0.022585821
59027,-0.034435672
30955,0.07741439
71169,-0.111887762
66109,-1.046119957
19878,-0.171399529
23795,-1.285675833
17775,-0.201134891
76820,-0.466779329
217463,-0.250116437
20969,0.623795918
14245,-0.022863112
80913,-0.013943353
319504,0.447722768
19739,-0.975776409
217410,-0.625244414
74008,0.417010449
58240,-0.116601146
105005,0.091864138
67241,-0.173579793
13929,-0.013487495
14674,-0.034934862
19084,-0.162409681
208659,-0.070560232
27404,0.016432587
105014,0.101868632
26399,-0.884059507
208439,0.735744039
217449,0.128463112
104923,0.003714235
19819,-0.063802986
68511,0.234441449
217379,-0.121089456
14226,0.338727415
22169,-0.559886237
20403,-0.214183377
58185,-0.789442156
108089,-0.918338636
15902,0.112958699
67216,-1.015585196
17977,-0.0484808
71916,-0.019139863
20135,0.368300623
12033,0.244938165
23985,0.132606831
52504,-0.020435288
194655,-0.110652217
104111,0.044932355
195733,0.092300152
217378,-0.303391449
668212,0.172070762
104836,-0.068433348
13435,-0.134445563
13382,0.051376586
16570,-0.480157551
24057,0.091372994
19325,-0.053308747
268534,-0.047588293
69675,-0.728459458
20292,-0.769713642
78394,0.02602739
21410,0.191167946
70439,-0.137324316
11421,-0.32125113
118453,-1.040538932
276952,-0.309024886
237891,-0.277591673
217232,0.036572506
16416,-0.121545364
52686,0.050917079
217011,0.207426937
24086,-0.110034517
17534,0.058240081
67338,0.045721383
16882,0.480445727
26406,-0.21905115
72047,0.112109358
56095,0.054707026
71956,0.279838622
19184,-0.054768202
216991,0.025589699
78943,0.214190545
18015,0.001558125
18613,-0.851251706
50776,0.136181429
13207,0.001271547
66997,0.042647727
78455,-0.206644197
54377,0.682515875
76380,-0.015668522
58222,-0.378084992
26941,0.039711072
14813,-1.173617985
50773,0.030608105
15374,0.213398186
170930,-0.009942895
445007,-0.068448964
260302,-0.118900629
74148,0.430225443
69674,0.425601185
67283,0.061177128
18472,-0.158954109
71947,0.195497712
170472,-0.017352083
57230,-0.080155088
192897,-0.485016079
14635,0.424028667
217331,-0.020467129
217333,-0.210664138
11484,-0.5182322
60441,0.202109025
217335,0.163653623
11430,0.100945368
69535,0.186909536
217337,-0.024392198
76265,0.337405895
217325,0.256813427
66874,0.028721146
55984,0.211054007
18436,-1.489526273
53313,-0.520037638
11736,-0.04812992
53413,-0.019677728
14428,0.881122559
67128,-0.023750538
21689,-0.502665211
67279,-0.166841101
217342,-0.057866131
52700,-0.048617182
217344,0.218489939
74477,0.039729355
109212,0.316632669
114886,0.318471868
216881,-1.143656765
67622,-0.188193197
54189,-0.154236074
69900,0.049468865
16562,-0.143871735
74136,-0.194718937
18126,0.178586511
50932,-0.003845774
18806,0.063672914
52466,0.48296655
104457,0.055678855
57837,-0.018416593
70451,0.279575996
216961,0.406711528
15567,0.083442424
104184,-0.082299524
12874,-0.402601352
56322,0.112743474
18230,-0.187600512
76566,-0.200545029
380714,-0.002420812
13447,0.852719871
22627,-0.017724847
192159,-0.016437973
18103,0.178240016
70834,0.035733869
67684,0.004312066
71452,-0.315413127
76408,0.396625463
12291,0.900814569
217119,-0.380324496
98238,0.107156546
13394,2.537007064
110172,-0.054236943
74479,-0.133310014
217140,0.211163067
69297,-0.448121397
12295,0.0239192
72194,0.241810819
13385,-0.418046698
13543,0.087231422
217166,-0.935841573
11688,0.537885112
23801,0.928557257
18626,0.336867648
22318,-0.164632435
66910,0.253860349
20877,0.333888569
68964,0.28761079
237823,0.097921673
77579,-0.362949477
320207,0.042896176
18208,-0.494215998
55943,-0.034737933
71860,-0.174526458
216835,-0.424324609
66358,-0.056369154
16669,-0.194148253
21973,0.296484519
104112,0.253530791
14534,0.270115248
20851,-0.374844824
76547,0.084724081
268490,0.150605038
21429,-0.11379767
52715,0.021134725
11488,-0.238644672
75689,-0.474533182
20624,-0.073229001
73293,-0.340663335
14580,0.28028637
68087,0.416480388
18107,0.175469166
72469,0.381121459
53859,-0.024441522
56494,-0.151221562
66689,-0.077781778
30795,0.005798795
76983,0.108816888
12810,-2.341818763
94186,-0.166917288
11782,-0.0709784
328092,0.090167628
108800,-0.251612004
83602,0.045483814
20338,-0.023216261
109065,-0.007411759
18974,-0.270396659
69554,0.22024824
66244,0.190184631
20334,0.104381881
217666,0.647855416
71091,-0.906612647
78232,-0.100675033
18949,0.020840553
338320,0.321742184
14420,0.527378271
104871,-0.128804422
24000,-0.041878526
75553,0.049735149
76260,0.050457315
245841,0.245063949
59032,0.098060204
66132,0.360834297
26443,-0.077013568
18035,-0.42766109
56784,-0.098250215
217588,0.544123534
64242,-0.651518884
14874,0.443976373
20773,0.224373674
217737,-0.086240086
104799,0.067769132
66354,0.051490395
380773,0.258536977
72113,0.15742733
664883,-0.450723275
108156,0.454374068
26932,-0.129811141
81535,-0.052432348
13983,-0.976673426
238276,-0.490427514
20741,-0.242893419
104886,0.482907095
53618,0.136955102
73991,-0.117902262
64010,-0.233349476
18080,-0.404657447
110095,0.682134213
12062,-0.226489772
94090,2.03625863
72736,0.012619255
56444,-0.098770719
30056,0.309916016
104001,-0.313400128
78257,0.04126012
20716,0.653196682
66375,-0.062832464
19042,-0.090403349
94040,0.597402005
73046,0.256820606
17420,0.069670045
18755,-0.702074583
15251,0.246801261
18789,0.009015606
56217,-0.34556336
75627,-0.146257502
73834,0.022481865
22367,-0.059697577
13665,0.179720743
27260,1.288757559
110417,0.077886599
77974,0.093899799
53612,-0.202433884
11847,1.19744765
12192,-0.117879185
108760,-0.667674876
13877,0.39472896
217684,0.139746508
20384,0.167625773
64075,-0.445182716
105940408,-0.152683579
54604,-0.388883483
217893,-0.131259544
116870,0.074792576
207615,-0.249904636
69237,-0.02480143
66505,-0.389332336
52635,-0.009984098
217946,0.404992433
78767,-0.606890416
104884,0.026556667
19179,-0.103523726
217827,-0.055144455
73086,-0.279038725
68339,-0.144359503
217830,-0.223280588
23876,-0.752590118
74413,1.444437975
109181,-0.025622004
110616,-0.141936519
19141,0.429711524
27277,-0.008485399
69617,-0.064317092
12652,0.588353741
56421,-0.238812009
217843,-0.738628239
65256,-0.572797741
68149,-0.615219673
74521,-0.612669514
622402,-0.116714362
27384,0.286229418
56349,0.275909591
243931,0.283112421
14569,0.122209439
50779,-0.950940683
73828,-0.037979047
170721,-0.950188824
18222,-0.472121761
171210,0.043071352
217705,-0.370040284
217707,0.074746958
12499,-0.22739564
104776,0.158406326
19300,0.247466151
74316,0.009079143
67963,0.910914923
73736,0.039816436
56531,0.020514787
217716,-0.133794716
68581,-0.040617533
14281,0.220355319
58520,0.137683215
21809,0.827632205
70373,-0.102941531
238328,-0.189700531
68737,0.223105133
12454,-0.094135237
13116,0.682897653
214305,1.951114883
14026,-0.220565357
70059,-0.347243108
22632,-0.047354245
214663,0.113764609
22375,-0.109191087
15519,-0.137832749
72805,0.146731663
14137,0.283613709
104859,0.343807464
67236,-0.088235816
22031,-0.253998065
217866,-0.403139735
74190,-0.471984421
21928,0.080728351
217869,0.147536262
21981,-0.246640856
68520,-0.188663464
74335,-0.118777738
16593,-0.565711908
70257,0.143694795
668303,-1.136431775
56696,-0.645481607
94253,2.54643871
14593,-0.132423902
83924,-0.132005418
238505,-0.179142799
20191,-1.041293393
218038,-0.924631013
14634,0.585753355
20379,-1.178950786
27052,0.700214962
19720,0.118446538
72739,0.032513168
68732,-0.368918469
380836,0.049317888
14756,-0.020807319
16364,-0.494547626
66482,-0.152442127
21418,0.602034619
14538,-0.251162633
66154,0.109374853
17152,-0.164107851
18003,-0.064371102
110521,-0.359164853
13614,-0.467752403
67046,0.165796267
76137,0.055231735
67252,-0.567604362
218210,-0.217840472
16553,-0.298190333
22017,-0.009000137
110052,-0.137896724
15904,-0.492584512
66329,-0.02475252
75678,-0.062635466
66695,-0.808915644
18295,-1.586608127
66336,0.564906851
70930,0.183500606
20729,-0.166960695
75124,0.169631719
78903,-0.075453173
20706,0.358216526
19766,0.069177741
66895,-0.48726358
19134,0.034094705
23986,0.257336745
208366,0.175428166
69955,0.05721141
17084,0.358701194
107513,0.024203987
71340,0.053595557
67797,-0.123562443
108652,0.163893993
104002,0.550328399
20354,-0.094046688
23882,0.567314685
14120,0.742724641
20963,0.023366606
72061,-0.1725756
11992,0.219303965
14088,-0.962001436
26564,0.885374307
19206,-0.175087228
268656,0.099526727
76251,0.206436665
14057,0.584993316
56541,-0.070219271
13039,-0.074914253
26919,-0.347441784
66129,-0.446662182
105278,-0.192217195
66890,0.020581345
17121,0.280788416
66494,0.216738784
18193,-0.043699488
67399,-0.037286379
72935,0.220080908
212483,-0.089103089
72562,-0.009163222
69672,-0.063027316
212880,0.0215562
12328,-0.063947374
218271,-0.034556881
57266,-0.003136291
212281,-0.124034449
170936,0.074402771
19210,-0.082952735
66410,-0.168857379
67530,0.0078897
69577,0.04026196
69315,-0.333194637
210044,-0.250004624
12626,-0.125512751
17129,0.102732276
15387,0.133683506
66671,0.042275531
218397,-0.019518544
70153,0.225741179
56278,-0.263869077
114304,-0.259503963
78689,0.049735478
105348,0.461372183
67269,0.056599149
69635,0.521757627
72293,0.619256226
69716,0.395251782
74470,-0.59870418
72948,-0.577275323
11624,-0.057259397
18570,0.133651508
66945,0.041200973
67433,-0.063359446
80898,-0.312823537
12380,-0.071973916
18548,0.174368713
73296,0.050798015
75571,-0.249150397
93692,0.503322301
77041,-0.067576593
78925,0.406449771
28114,0.193878598
78771,0.216112
105377,0.043414232
28077,0.079228343
407785,-0.063720535
94066,0.140719068
210992,0.523258154
218335,-0.010459787
21752,0.970351919
22598,0.082101064
13003,2.078111992
108138,0.070961488
66795,-0.225270272
69085,-0.025591432
76722,-1.66110255
17079,-0.416795717
69048,0.155319742
19356,-0.148665351
218518,-0.094328739
18260,-0.301447034
23894,-0.165436288
17940,0.541888148
20365,0.644565794
20595,0.329548878
78038,0.397529565
68927,-0.044976469
218490,0.299049901
68558,-0.016329772
110596,-0.454114778
15212,0.269024136
320806,0.057206584
27015,-0.113843527
68018,0.019502915
15357,0.105875038
67463,-0.15399088
14064,0.71707902
544963,-0.117195073
14063,0.02137571
66549,-0.116588003
218461,-0.498624527
11774,0.058547577
107767,0.070581219
57748,-0.121620131
66254,0.036904174
16563,-0.047687697
71991,-0.242807647
74559,0.339118497
218581,-0.046711113
238871,-0.068636645
67295,0.930707889
20620,0.079275
21828,2.619132259
218442,0.223995125
382793,0.072986466
218441,0.006737714
13361,0.045279051
59079,-0.154125523
75805,0.036960225
66975,-0.06920884
81003,-0.08183423
238831,-0.033164128
60411,0.357034715
67285,-0.080114881
67288,0.305078838
52882,-0.547791642
71816,0.41116644
52552,0.58719269
13723,0.283433982
15165,0.596230271
59054,0.27673892
14165,-0.231591331
218756,0.452685369
66413,0.113759943
246103,-0.117268427
19270,-0.49890779
74430,-0.374619746
68263,0.149442377
18300,-0.804970278
268709,-0.433610907
93732,-0.175256681
71393,0.015795821
26401,0.045201553
16195,-0.42543043
19012,-0.285832247
69590,0.214301051
17993,0.025979787
14313,-0.096657052
54169,0.002940529
67630,0.022040875
22334,0.08903271
69721,-0.328496546
69156,0.461780359
22194,0.045845902
353187,-0.336834724
21834,-0.037485625
71228,0.151029685
59007,0.051993297
71147,-0.017365874
20387,0.471482807
71200,-0.386457755
70564,0.125613133
14661,-0.015309124
20390,0.860835351
12166,-0.009330738
24131,-1.575965912
170677,-0.179838864
18074,-0.37722769
68045,0.18664729
67725,-0.04203346
70601,-0.010504113
108671,-0.024654479
11750,-0.075402253
74843,0.170821347
19056,0.052648078
268721,-0.094308678
12325,0.070299515
18792,0.031163476
22330,-0.324315826
55946,-0.156842257
70561,-0.330246485
50527,-0.102845369
67089,0.006857065
12159,-0.425790284
74480,-0.468256396
218975,0.03917306
16709,-0.164955624
93834,-0.248445331
11744,-0.139633905
100039257,0.229645311
105675,0.306455347
83997,-0.223859344
18950,-0.111542462
58809,0.272579406
11843,0.142985484
78416,-0.880000744
56794,-0.179559866
14744,0.213436826
74427,-0.121394071
67011,-0.042734655
24056,-0.820120683
12339,0.084231311
71704,-0.670662789
142687,-0.326193249
26363,-0.273223442
104416,-0.033380789
71838,0.106400914
78754,0.137312405
218877,-0.959951438
105638,-0.036014958
218885,0.214642968
64652,-0.062478784
26430,-0.019347808
239017,0.390129361
76485,-0.066188795
69019,0.172931892
23955,0.348094869
16427,0.840499441
68177,-0.072067466
16648,0.028467963
66674,-0.162066263
67153,0.073392134
26419,0.105453569
66645,0.080508651
13030,0.361816124
14560,0.225918553
14463,-0.071401546
76007,-0.05252344
68631,0.264441347
18753,0.03395283
11752,-0.303657165
68043,0.001976343
57258,0.008494602
21881,0.298814218
72400,-0.106437985
50523,-0.683663973
75901,-0.028194257
20220,0.277912216
219114,0.383791432
67840,0.298918457
75965,0.011776307
219150,-0.476946365
68514,0.090817187
14180,-0.3129965
210925,0.040817308
54616,-0.189773719
69008,0.194177627
71891,-0.015679283
50769,-0.216035039
219135,-0.198234612
219140,-0.090717819
12294,-0.467325696
70478,-0.051713897
22418,0.55153712
13885,0.189318995
70859,0.6037477
18826,0.125742329
67302,-0.17574927
67554,-0.058042103
67467,-0.099472436
27275,0.046255027
21807,0.076199213
239188,0.421221019
66148,0.085205515
108670,0.045403175
21943,0.512302103
219181,0.157335076
66214,0.523174437
219249,-0.064670883
66897,0.299295962
56419,0.611080597
211253,-0.04078232
22380,-0.211885431
67955,-0.045993233
380924,-0.342709309
74195,0.063274414
71145,-1.192505584
52033,0.925524726
71988,0.017691102
67179,0.217075432
12759,0.823412726
13850,-0.647216071
66854,-0.340730676
12934,-0.622055516
12177,-0.077460423
71978,0.041708306
13592,0.643187305
11500,-0.863605079
58860,-0.34703046
52023,-0.221775391
100862375,-0.02086966
77744,0.101974687
21933,-0.013571175
246710,-0.33793855
57784,0.196716748
213019,-0.058377155
20410,-0.32679538
19057,1.06982e-4
213053,0.550904747
239170,0.106677477
15460,-0.089125696
12153,0.938281416
13829,-0.570497014
65246,-0.023151307
13449,-0.112063076
14586,-0.001517264
19645,0.07001314
105670,0.372646157
16432,-0.355197147
67381,-0.114247373
20916,-0.077519135
50933,0.343876469
212085,0.671237774
24064,0.168246011
74213,0.1379801
72486,-0.119186846
13618,-1.290640548
64929,-0.677407383
50789,-0.057304659
211286,0.181586137
16365,-0.38663339
76355,0.00358759
58245,0.011952228
58187,-0.424677321
100037258,-0.056715149
105559,-0.158333917
71175,-0.080052334
170762,0.102135601
14573,0.601974126
18414,0.500750115
23880,-0.085847155
13132,0.400008437
67515,-0.159363653
76338,-0.092328524
56335,0.046070003
13135,0.047816693
65107,0.005637817
140743,-0.354957751
219072,-0.129876004
16475,-0.40352768
74359,-0.173342474
50934,0.424398224
12274,0.769462457
106052,0.572418808
56215,0.040816828
67041,0.338001399
14000,-0.158491848
19173,0.19184947
54196,0.174502476
77877,0.072094109
68070,-0.707674674
59049,0.193392157
66629,0.102816586
22763,0.119421655
13644,0.075862846
68966,-0.060432848
20024,0.030217955
18162,-0.897585305
28200,0.325032941
268747,-0.116878948
28199,0.259454363
68680,0.325918816
19186,0.278809199
85308,-0.084579359
21816,0.750345093
12684,1.412368332
104110,-0.651848936
56532,0.334962333
654795,-0.086291963
17228,-1.0901199049999999
432731,-0.119367848
192113,1.052778128
20356,0.137144353
12465,0.298259142
69574,-0.462454639
252967,0.245362613
67434,-0.802969986
18163,0.251225328
110960,0.072508752
17117,0.085862615
75646,0.773381392
67832,0.287867089
19355,-0.121956952
68646,0.275821966
67154,0.130364807
114128,0.134822124
15529,-0.436112475
110082,-0.721821114
223435,0.161766434
11732,0.851656748
66270,-0.036831923
17909,-0.618970493
30945,-0.170331617
18458,0.353437992
22631,-0.08171742
252973,0.376572929
382985,-0.363987293
66335,0.008360844
14368,-0.10556526
69906,-0.059721628
223499,-0.037019905
75766,0.318540967
239393,0.291041742
22762,0.966198301
170719,-0.179720065
11600,-0.930463804
68135,0.287663973
78581,-0.073135602
19357,0.01699797
20419,0.613820565
15473,0.153351522
17181,0.640060119
67724,0.144424382
56274,-0.014684053
107587,0.084720327
13992,0.401001207
380993,-0.03550661
16341,0.287574702
66736,-0.063568785
223527,0.167018197
55960,0.035291929
319613,-1.279397241
17869,0.446586215
223593,0.054521018
20775,0.042241955
211401,-0.084030963
66218,-0.01595345
268807,0.224409045
67731,0.126840764
76773,-0.222668639
70472,0.183473362
22770,-0.119096548
210544,0.156587566
67819,0.072416859
15117,1.370620141
105837,-0.208772501
68537,-0.011256096
12818,-0.160369721
20491,0.358415603
54562,-0.746920168
11514,-0.949936009
13196,-0.208945915
223601,0.385997938
22422,-0.528889533
19013,-0.053493686
29870,0.788606668
72026,0.27232723
223770,0.013738788
239591,0.388820502
21685,-0.465055324
20286,-0.250908703
19387,-0.030399192
214669,-0.099475491
100043674,-0.020822894
56438,-0.020822894
321003,0.010307147
70356,0.057366204
20524,-0.032172541
11564,0.143586343
213956,-0.211643667
239555,0.227122213
66513,0.222165947
20972,0.196059317
239556,-0.067276026
97998,0.190258463
54152,0.018509836000000002
73340,0.292778866
72107,0.390476414
18606,0.037924659
74158,0.159186718
100043771,0.159186718
223696,0.077019577
73739,-0.25072627
27373,0.154567361
73225,-0.291188972
22270,-0.573339458
20401,0.005715301
57028,0.005715301
68653,0.072216016
170736,-0.753586136
64099,0.177205063
72709,0.538656931
77627,-0.37680109
319953,-0.320762249
17886,-0.25360745
223838,0.263100497
67130,0.192878146
233637,0.021052231
19230,0.021052231
69029,-0.109885546
17939,0.100126739
24050,-0.639563885
67760,0.4101685
20788,0.0048238
69354,0.94399806
71919,0.028267596
19011,-0.716979476
223864,-0.393188206
14375,0.434826094
28075,-0.009165509
29858,0.230314473
56233,-0.402473768
78929,0.473898301
11429,0.077229703
22337,0.951879567
105855,0.156615644
18574,0.446374281
58200,0.231807635
106200,0.1837143
56722,0.340681503
26425,0.35612408
12265,0.006827865
13731,-0.478861443
69053,-0.098977813
12053,0.140857638
22061,-0.710761313
12737,-0.283953731
16180,-0.046839047
72615,0.089537603
66911,-0.121537801
17237,0.120754781
78809,-0.2866718
106393,-0.72153399
12914,-0.092614584
14167,-1.620436701
71591,-0.121034626
15205,0.027192743
74120,0.093000901
224088,0.195383065
54483,-0.933146642
74022,0.086353944
224090,-0.735515781
224092,0.094049919
66049,0.012323474
70511,0.369796018
50505,-0.037940244
76282,0.553368516
11815,2.610688315
268822,0.226140375
66445,0.353021345
106025,-0.067316278
68877,0.004026792
59053,0.163103373
13350,0.228113323
15499,-0.055665922
12181,0.298971643
223658,0.352832879
30840,0.427636324
52710,0.061783611
14731,0.295756638
75475,0.537677598
66168,0.388366899
18810,-0.271116378
105782,-0.03056701
22122,0.393655024
66194,0.4393901
223646,0.705762281
69146,-0.038164983
23934,-0.034594031
68453,-0.477586216
14787,0.255402548
100041546,0.684637776
57248,-0.698934148
17069,0.001512459
23936,-0.129133866
68311,-0.989802991
57277,-2.14603842
271377,-0.06824111
11838,0.403411289
74201,-0.39115524
14083,-0.230382911
29857,-0.268119836
105847,-0.171358677
72962,-0.134280023
12651,0.105854285
11883,-0.331648337
68708,-0.019739053
11434,-0.078744034
58234,-0.943734015
16564,-0.245875213
67057,-0.205781975
67197,-0.325943507
11658,0.291181427
208650,-0.120200192
70508,0.085751874
245195,-0.021358333
17450,1.028385544
58998,-0.408286006
84544,-1.024699727
14525,-0.21829661
17470,0.375068074
67841,0.010462985
74102,-0.003210833
67896,1.540386338
57781,0.13133105
66067,0.27743162
72083,0.206206948
19090,-0.127526108
17217,-0.043882602
70620,-0.046959279
20583,-0.151686658
66086,-0.254909849
67203,-0.036720205
93734,-0.509290145
94184,0.126983053
18203,-0.125087082
106298,0.113828005
67118,0.04649128
74108,-0.014109415
108105,-0.877659245
320007,-1.034493066
72117,0.132921463
212153,0.005555917
15260,-0.061631509
106248,0.173024147
18100,0.104204026
74185,-0.130857383
56490,-0.407814965
252870,-4.15686e-4
54128,0.007341808
94223,0.036543851
15547,0.084260343
56297,-0.053735299
67014,-0.004798913
12892,0.096173097
224250,-0.038466976
54613,-0.762024038
66497,-0.023294116
67581,0.035390885
224023,0.163089064
52633,0.131597638
28185,0.153096111
71027,-0.027314001
56277,0.291521449
239853,1.250653924
224022,-0.155438696
21787,0.053811109
18440,-0.418693651
74685,-0.567488093
69009,0.033570116
66863,0.229045776
72168,0.050139436
67474,-0.085140362
15160,0.709998557
76872,0.883450415
64136,0.007642171
13383,-0.044566733
66053,0.060331442
320213,0.143192398
106369,-0.206459247
68092,-0.045028254
21976,0.025037097
224105,-0.005955151
50525,-0.685941303
68980,0.101050365
224014,0.142653038
74006,0.044412195
207683,-0.176074129
51789,0.25215952
70120,0.267095117
56375,-0.404707744
22042,0.835997925
12549,-0.317714491
69823,0.161517418
70144,-0.188206787
239833,-0.198848225
64082,-1.035095562
320214,-0.373972102
106326,0.089508676
69150,0.114072006
18171,-0.570808884
22661,0.026987417
56637,-0.129338273
22247,0.271800952
14314,0.950475335
16419,0.330570983
224044,-0.144802923
68194,-0.120458369
100042503,-0.120458369
100041273,-0.120458369
27416,0.082923485
67657,0.023450306
74197,-0.09806283
15163,0.001336037
239839,0.017772081
107589,-0.486831638
320299,0.070864902
106389,0.085437466
224129,-0.323820184
11773,0.058454457
107522,0.689982978
12724,0.224386185
72599,-0.298410268
21832,0.21339371
224132,-0.163661273
66667,0.215695543
74147,0.281304872
75826,0.064664346
66664,0.292163025
20462,-0.016113571
246048,1.179202551
110197,-0.402877253
12228,-0.311029524
67102,-0.27284843
13052,0.172973991
30940,-0.193358413
11625,0.492321774
59083,0.781277328
67742,-0.047286082
11450,-1.260366626
106344,0.604998565
19876,0.084830005
13682,-0.01904662
20440,0.033290459
17174,-0.112942102
27393,0.140005545
11957,0.037053463
11820,-0.200126753
11504,0.203841393
23794,-0.402138388
23872,-0.022881996
13548,-0.162086787
13185,-0.082409046
57738,0.359560976
106347,-0.08247326
12524,0.212622728
16646,-0.083574134
80285,-0.094926522
68146,-0.269138382
19128,-0.149443431
56088,0.388769353
93871,0.177642714
56176,-0.07261495
170765,-1.027414623
110749,0.054500206
70028,0.13160657
109857,0.035627516
224440,0.327921993
209195,-0.257280932
54720,-0.0743714
12394,0.538662957
28080,0.086996469
16443,-0.05577072
60364,-0.029061554
20658,-0.012021027
14450,0.187397591
77975,0.148111898
15980,-0.12883288
15975,-0.119563763
16155,-0.003364219
15976,-0.23830695
68001,-0.078535496
104015,-0.091161863
67367,0.151315215
66578,-0.110171875
20655,-0.136359685
224432,0.001655387
239652,-0.716715292
69612,0.153102475
11512,-0.008677515
13800,-0.226633205
22410,-0.22171403
74775,-0.090812506
13363,-0.890571472
22143,-0.101876409
54614,0.20354935
22379,-0.323553669
380969,-0.15939725
110213,0.064203416
72393,-1.272187333
26934,0.225370874
11419,0.255788838
83797,-0.074791088
14555,0.55865193
66379,0.176155119
71949,0.13585007
65970,-0.118247568
207214,0.242380754
239667,-0.072686528
11908,0.173562637
18174,0.084859474
109901,1.533696922
59033,0.550947686
15370,0.154839019
93707,-0.3044052
110310,-0.150386659
16668,0.551760754
246277,-0.010003937
223920,0.480746408
16012,-0.939932629
110542,-0.187871069
66151,-0.003037706
26404,0.191434088
21357,0.150679269
54615,0.145582813
67488,0.069526053
20618,-0.44654603
246102,0.035391263
12575,0.716010566
52014,0.147750855
19733,0.769792929
72140,0.21018379
70380,-0.061080455
68050,-0.073719106
55985,1.820152488
57080,0.099471292
74485,-0.152788779
12457,0.533607445
17250,0.042801755
68202,-0.00223763
14199,-0.451364925
76467,0.077434597
19718,0.06371094
68184,0.09737966
27374,0.376349909
68188,0.043686224
14938,-1.319040917
27426,0.053001031999999997
71446,0.048206272
117198,0.214081889
67053,0.142305314
105727,-0.313691917
56310,-0.084958467
12215,0.21295006
71756,-0.001837815
67776,-0.070018456
14789,-0.186275833
16169,0.006482371
13828,-0.748715654
12258,-0.115415318
230779,0.670408026
20300,0.389504497
20394,0.035379253
16529,-0.356638664
14915,2.271565801
235587,0.101678554
109652,0.140329309
107971,0.039182032
14409,-0.423035174
76737,0.046820297
12504,-1.173053119
23999,-0.225430707
675812,-0.084238174
140499,0.124337291
69104,0.355002799
11423,-0.821622505
69185,-0.027391708
67866,-0.32207305
17858,0.139339585
70235,-0.703643651
22051,0.312134935
56620,0.419687345
213990,0.152899224
66058,0.056707296
228993,-0.129838267
73181,-0.193480296
320951,0.27700422
21991,0.477237507
19328,-0.242646024
107934,-0.143022765
59092,-0.13322439
14793,0.562032918
67389,0.340447244
17151,0.023794255
66627,0.08445926
64656,0.086583349
69159,-0.529684782
78887,0.101164273
84653,0.159445116
72084,-0.063906629
24001,-0.004461466
20975,0.056012291
100037282,-0.058751312
20112,-0.400002398
50873,0.168016246
68262,-0.505850531
20519,-1.169656389
20517,-0.266440887
16004,0.057522086
110460,0.207708689
240028,-0.051908509
12648,-0.005877489
67045,-0.005877489
55951,0.022498271
23984,1.322898559
66931,0.578617013
22712,0.156272969
72057,0.009019044
21826,2.665084704
64074,-0.157779006
22709,0.054697044
240047,-0.216533788
353502,0.137335192
27279,0.538742926
268930,0.396630272
76498,-0.251993668
76917,0.098776245
74011,-0.079926322
27226,0.302410801
94185,0.438949273
78249,2.291554808
83815,0.024647134
17850,0.041615581
72238,-0.026201107
20230,-1.029783476
211482,-0.405748993
71702,-0.014972905
224805,-0.056250038
68463,0.067337197
72415,0.244977848
63959,-0.456369673
15516,0.015622718
18037,-0.434869315
21645,-0.239830127
22339,-0.622128796
56055,-0.134800059
80905,-0.021290808
224796,-0.525052467
83965,-0.25930191
224794,-0.380062205
56050,0.085721399
12311,-0.700213498
50758,0.069091202
75564,-0.215693279
68565,-0.137086512
224823,0.035391321
71461,0.165394138
72029,-0.10032006
224826,-0.057230594
63856,-0.003354245
14913,0.078940174
53414,-0.156939127
21425,-0.015839352
74123,0.527660757
83433,0.786843856
71326,-0.932914401
18044,-0.139012061
319991,-0.460966417
57261,-0.150641431
106504,0.046836962
68816,0.185466689
240058,0.525215924
74116,-1.090924068
56462,0.357999754
26382,0.390566137
18712,0.511397668
68597,-0.27156748000000003
74157,-0.266189325
109801,-0.027353541
14652,-1.042110076
21785,-0.699023869
11307,-0.230096077
22092,-0.674997136
224674,0.251732808
57773,0.268441971
78330,-0.064046823
12411,0.240318461
12954,-9.55362e-4
17691,0.2276793
268970,-0.475345473
13823,-0.698351374
56399,-0.03978913
67268,-0.160534079
17929,-0.668726091
22404,0.030297268
64898,0.333087272
246707,0.618265509
74355,-0.060831348
170716,-0.11197173
67052,0.063251719
78785,0.923866551
77889,-0.558314695
57440,-0.534379431
22436,0.064961891
66310,0.077730249
50850,0.115589165
210148,0.01072542
75292,-0.116665822
67864,-0.018703003
12211,0.163286958
50766,-0.798513241
74199,0.700484852
268980,-0.126836797
74196,0.213667821
19106,0.09013299
12607,0.071118851
73694,-0.08976452
224938,-0.126727948
70536,-0.313117155
17158,-0.139928121
13078,0.923936628
30960,0.2291638
72692,0.142034384
19765,-0.149875186
225027,-0.00506593
65960,-0.191808986
72900,0.112437281
68767,-0.028242196
28006,-0.066203092
18189,0.408127911
58226,0.695152962
71003,0.124988238
72016,-0.227191114
72416,0.026027247
11984,0.261887997
18607,0.036686394
30943,0.10010658
213760,0.182682759
27410,0.453977441
20532,-0.462536748
13177,0.190016516
78586,-0.128322873
66705,-0.022267275
13560,0.038287466
13819,-0.737636678
56716,-0.020196158
104215,-0.031879543
18701,-0.040724436
56724,-0.077788213
193813,0.129713486
17685,-0.100420818
75178,1.15257495
14651,0.177903772
79043,-0.005807221
30957,-0.086347177
12266,-0.93195736
52009,0.521658428
407831,-0.63510017
106633,0.18467626
71718,0.326351965
72836,-0.154482541
71840,-0.537597174
20681,1.290637309
56520,0.890454245
60455,0.19821899
68611,0.161245427
12005,-0.07282261
50782,0.476304507
106581,0.170278534
66978,0.214487372
19252,-0.11536809
224630,0.089240027
21652,-0.138219915
67675,0.048189223
66905,0.143606962
193796,0.026637273
19725,-0.04841729
67267,0.040458029
78625,-0.057932843
271424,-0.190249486
64144,0.123219464
56409,-0.115995818
30051,-0.018134468
20630,0.107528798
68776,-0.158033161
224650,-0.526352331
224656,0.187116053
14229,1.309224633
67993,-0.200652768
71745,-0.081189101
68010,0.083578187
67440,0.057264578
26410,-0.006664505
225115,-0.073689853
21417,-0.636894123
13831,-0.142931394
20662,0.057533321
225028,-0.197522504
68027,-0.272391707
72167,0.137633524
106522,0.491212881
20463,0.149883099
240174,-0.007491281
213575,0.186124205
69241,0.083233397
67453,0.053669529
269003,-0.007743345
108013,1.51635258
66648,-0.425294443
106957,-0.291011113
58523,0.038447619
68046,0.116898357
328918,0.407073052
69256,0.01537071
212307,-0.312493292
225131,-0.012666417
67974,-0.162547457
225160,0.036863035
19877,-0.030888624
77805,-0.018323516
225164,0.039611945
208292,0.099059603
224697,-0.269160898
17916,-0.093939225
16580,0.447061985
13527,-0.437107414
12558,0.30763176800000003
21356,-0.201141482
14976,0.010765568
57315,0.002450369
56515,-0.154108005
224705,-0.023200601
19763,0.095321265
14977,0.102031596
12815,0.24741853
13506,-0.55322811
15001,-0.416442259
14312,-0.067664589
16913,-0.012741714
21355,-0.218640575
547431,0.321129204
67199,0.176573089
74002,-0.348884621
72512,0.515822549
76594,-0.256105063
71242,-0.175642136
69816,-0.095614519
20522,-0.215547757
81500,0.09323225
15526,0.355912351
225363,0.14685246
27632,0.126923866
52563,-0.101970478
12263,-1.043234705
13824,-0.312494552
170459,-0.256308234
53603,-0.773441148
30948,-0.123604532
13872,-0.039672736
26405,-0.030428943
73473,-0.020325895
13001,0.215020663
224727,-0.017019837
53761,0.153718081
225341,-0.85700932
11629,0.466389423
16994,-1.048246755
74320,-0.133600662
21926,-0.614303512
16992,0.188716006
66237,-0.060315755
66878,-0.078749558
76482,0.098320096
11829,-0.820625212
18145,0.027519784
94064,0.117260376
225207,-0.550123729
16774,-0.563752838
69192,-0.015352838
16210,-0.008794
72747,0.166518093
65113,-0.047916179
73242,0.210280732
24066,0.657300588
14670,0.002179806
71132,0.396515475
14815,-0.392631102
66973,0.194341281
53601,-0.815052197
66839,-0.297966216
67676,-0.073116123
106952,-1.000091718
15183,0.18950772
13367,0.041587611
22670,-0.08910881
240095,-0.400841612
54393,-0.119381649
70640,-0.171222253
24010,-0.129094997
225467,-0.208838272
105853,-0.260644249
11777,0.22294066
74574,-0.396342256
108857,-0.042116325
15200,-0.315952591
67180,0.048959297
225432,-0.103002241
107045,0.044670796
56070,0.241168653
72930,0.423778771
22240,0.073121584
68857,-0.123553249
15488,0.090975825
80718,0.44429897
17191,-0.210606647
17128,-0.049541324
66286,0.013509492
225642,0.696447383
58801,-0.284036795
14680,-0.15451573
114663,0.757658254
12683,-0.222892693
69597,0.181754301
67222,0.066480396
16948,0.738880129
225655,0.166397378
68166,-0.130504212
67847,-1.065150398
69226,0.640607038
107047,0.029384194
19038,0.574096689
19255,0.253409417
70799,-0.013258793
52662,-0.237315398
240427,-0.168923481
107029,-0.087327128
225724,0.185523609
74322,0.017256495
17190,0.227892637
17126,-0.024198387
50771,0.091614413
68731,0.053552337
93687,0.09517205
56069,-1.719986446
240334,-0.031901964
17714,0.308723913
108123,-0.131469863
53382,0.044338309
70223,0.068834735
14151,-0.331667747
83814,-0.009859691
16906,0.104928886
77422,0.028865789
70417,1.041989732
73137,-0.100570139
20496,0.752136647
14119,0.81188905
225579,-0.384108553
66307,-0.005429784
67665,-0.133607523
66810,-0.104472756
20044,0.529900209
16149,0.293657129
21453,-0.172850001
67988,-0.138011076
12322,-1.008130562
18596,-0.248352902
12978,0.121808488
106894,0.050844767
14682,-0.296800892
107272,0.560204834
21888,-0.281927791
66054,0.211782079
67105,0.126685564
109672,-0.189282481
66514,0.107203205
16952,0.014429813
16319,0.252494497
14319,0.092144088
74760,0.446853246
60527,-0.103621389
56473,-0.268764893
72982,0.078938247
68642,0.044848622
66072,-0.006211516
12507,-1.341499215
12511,-1.169448079
109225,1.190949224
12482,-0.882204386
64380,-0.867882683
69774,-0.283855121
66607,-0.712356673
68774,0.611624015
14126,-1.341596483
14603,1.397739293
94063,0.289955159
76303,-0.108523209
107373,-0.107609066
109910,-0.112996275
107321,0.058635405
14675,-0.934831468
54391,0.101936166
18552,-0.389034364
20409,-0.06088918
67383,0.130499334
225997,0.115876376
108673,0.110593939
28000,-0.077489919
98170,0.121159017
65221,0.187701462
13194,0.202745417
14156,0.427171923
54525,0.112249719
26358,-0.082854125
22682,-0.145782512
83921,-0.450694213
20168,-0.054046023
109168,0.161413055
70999,0.200232144
381236,-0.705036863
107260,0.113500639
67717,1.096718623
240505,-0.324426235
13660,-0.363357702
329015,0.148864131
76630,-0.380453002
225849,-0.169971021
14102,-0.258090859
67072,-0.115560174
16889,-0.338004807
56248,-0.241024294
59028,0.161506085
69024,0.256452261
16452,0.102357881
66406,0.017686399
67849,0.702185694
81909,0.103211542
85030,-0.116853728
240641,0.271829547
68505,0.288183779
73166,-0.221784767
54364,-0.108385465
107765,-1.65359227
76073,-0.278473201
77836,-0.572924679
74126,0.115212429
77125,0.379627081
74493,0.07243117
21873,-0.197616013
67457,0.05220229
109113,-0.114453216
107375,0.122302061
19367,-0.300574552
19708,-0.120885998
353242,0.0208087
58988,-0.166532027
20589,0.224577018
18969,-0.086316191
23789,0.094128712
69860,-0.189008582
12660,0.533134258
23825,0.106611414
73720,1.267275344
11632,-0.184249616
18739,0.111005705
319322,-0.013694468
69745,0.123500177
107975,-0.320348118
52004,0.197429032
110355,-0.238779476
16594,0.199209736
71670,0.226628765
18719,0.669898259
13380,0.247372927
76308,0.208784392
60425,0.380441124
12794,0.156830256
68090,0.056076825
226043,-0.012027899
225870,0.79130331
67689,-0.1467152
54447,-0.194678259
19671,0.020062816
13340,0.263476389
18563,0.508819856
17330,0.039805614
319924,-0.22091412
23972,-0.804694604
12894,-0.306866143
240518,-0.27145088
66419,-0.087706184
17771,0.604873951
71711,0.483178019
52036,-0.008654742
58859,0.471467982
13041,-0.807416232
58249,0.198698414
14283,-0.090327871
16973,-0.293818899
66556,0.041712766
67155,-0.457845778
18426,0.483019039
22359,0.294799653
68209,-0.077793589
81601,-7.31e-5
19697,-0.10877094
20510,-0.200596573
16530,0.534453914
114601,-0.022292021
17826,0.159802095
16998,0.714389702
78891,0.074445724
12333,0.014573702
226026,-0.077636461
56327,0.253472127
17283,-0.029840955
26412,-0.63281367
22668,0.079946286
56613,0.003394237
54683,0.158302684
26379,0.189470529
107173,0.04242638
12015,0.27335081
18797,-0.035185871
22340,0.030900564
57431,-0.090973365
108101,0.144550811
20867,0.041328783
104383,0.636510582
13728,0.09708732
68229,-0.104308022
56072,-0.402334948
13006,-0.196363984
18569,-0.298399217
56392,-0.216121698
14732,0.467056605
433256,0.160008174
66980,0.258714
53611,0.036620614
21416,0.053288239
15242,-0.444947237
13082,2.66005911
74107,0.61741266
19662,-0.215904682
13669,0.102779093
67894,-0.237766607
11757,0.293988872
74055,-0.224496051
57753,-0.004041409
15201,0.811743239
20411,-0.669183358
56454,0.53240354
67590,0.030921776
240665,0.445639308
107358,0.062638158
83490,0.374795263
212391,0.172422046
76479,-0.099673788
17859,0.053365814
27360,-0.416710452
170750,0.150762784
93679,-0.185192578
56350,-0.029710799
94279,0.257442792
17161,-0.199047759
74405,-0.303769807
72018,0.017229103
76952,0.155614415
20288,0.82910263
18572,0.14893951
226182,0.044264446
71041,0.5275408
71398,0.129381915
14933,0.562534881
20874,-0.00975123
12821,-1.087676129
67788,-0.034884803
14873,-0.082021317
68214,0.354156213
12369,-0.113231025
55947,0.153199341
66866,-0.74181626
240675,2.240236314
226250,-0.372617015
226251,-0.552080767
72133,0.21745419
14585,-0.167734985
73442,-0.316177754
214084,-0.080056518
67290,0.233315594
83962,0.149580006
29877,-0.328840474
12173,-0.13260213
14527,1.255001296
59058,1.090126617
18453,0.223363293
192662,-0.025398439
101861,0.137291244
21681,0.017590578
66156,-0.170218777
68671,0.119471482
209011,0.010258946
54473,-0.192590181
209027,0.851234181
68938,0.127453072
20892,0.103694644
217366,0.155993945
101513,-0.062706915
12409,-0.11707412
94275,0.30823513
14104,0.896460857
71085,0.270237684
68730,0.141190974
209318,0.118433126
74168,0.146900805
19719,0.074189162
72199,0.239613199
80879,0.620825539
104318,0.075818547
12516,-1.468019235
209588,0.694002908
66179,-0.022124794
217371,0.199409988
226122,0.299904965
66840,-0.026597611
63828,0.048999064
67432,-0.173325377
84095,0.185400237
52013,-0.217630356
67573,-0.931399514
192236,0.175319381
14718,0.191345457
93685,0.197014813
66388,-0.102407927
71972,-0.358850749
93721,0.248189076
226143,-0.804212098
226144,0.104214348
12675,-0.027909152
72502,0.033569722
30049,0.363617509
20250,0.103202226
67264,0.049287042
26456,0.511673219
94067,0.064347489
226153,0.270703963
94280,0.069375461
107250,-0.069796806
12234,-0.293707567
56626,0.096632919
76055,0.030816088
80906,-0.48892618
16825,-0.080247206
107338,0.002490346
18034,0.029820263
68431,0.442651171
75146,0.374971366
54130,-0.133028336
24069,-0.005639405
15211,0.223992499
23806,0.132519249
102774,-0.197759002
72141,0.082281171
67287,-0.02934314
29806,0.043510909
83493,-0.064690743
17281,-0.115178003
22599,-0.329165492
93730,-0.071331142
21372,0.021529339
80892,0.442509849
66611,-0.630577778
15108,0.393817268
59026,0.117490306
207375,0.050594106
69499,-0.1804183
14163,0.401745779
237107,-0.021581634
80884,-0.059359964
77622,0.066475399
11656,-1.190236396
18639,0.077722831
56191,1.824384486
66082,0.07819846
286940,0.014230587
13421,-0.529617781
218832,0.116209174
20229,0.141252914
56360,-0.122258953
53381,0.169696883
20088,0.292192328
19271,-0.105947863
53325,-0.044436041
320910,1.133467644
20688,-0.204541387
11982,0.029858612
22215,0.12079236
18601,-0.655278913
18599,0.163732801
18602,-0.512606763
20591,0.129571822
66711,-0.254449159
56715,0.08489234
16404,0.705835527
19682,-0.21351227
12512,0.496022915
14561,-0.114632414
66844,0.047276031
74330,-0.099414983
58223,0.027480288
13139,-0.500275845
12566,0.219234512
20431,0.391011271
27370,0.629718585
18813,0.262512501
23943,-0.211239342
68094,-0.15614601
208092,-0.011210737
108100,0.118286163
67588,0.103446327
69917,0.008266468
11302,-0.689499195
78777,0.08822508
56530,0.100125546
71885,0.098055205
18588,-0.074619919
11947,0.242025679
19075,0.107952596
17937,0.439312884
108037,0.199053957
71750,-0.233113377
14632,0.335545002
13198,-0.285449992
110962,0.140985215
69654,0.049687425
72354,0.037368642
117150,0.241846144
71206,-0.407262859
76987,-0.138422413
216439,-0.075713271
17344,0.078420679
225743,-0.458488483
11946,0.2054477
19201,0.24736985
11567,-0.205194829
68876,0.032309575
170822,0.381139411
12729,0.035267385
218693,-0.017260431
18115,-0.033296875
244233,-0.898486299
212503,0.782724179
93747,0.361529325
69064,0.114932442
69752,-0.072128499
11501,-0.069228737
74237,-0.017774846
212111,-0.401545777
13106,-0.661296218
76974,0.672809435
54399,-0.119761764
101489,-0.008728439
64384,-0.098053635
23997,0.158089259
12869,-1.27533636
73835,-0.240605177
68713,-0.757363617
66141,-0.513431589
24058,-0.129820959
27388,0.082289502
54123,-0.191924767
15461,-0.060766723
72000,0.307158354
21351,0.047479098
98845,-0.051914081
71448,-0.070118264
57913,0.585999918
67186,0.308996144
66853,0.252106826
12476,-0.313427978
64540,0.053909244
68038,0.026466709
73067,0.142876225
68117,0.29776076
245595,-0.366451917
12662,0.027700591
12909,-0.202216743
109900,0.412089745
110006,0.293235681
18682,-0.924675065
67902,-0.032388543
68059,-0.026070765
69634,0.383204797
14169,0.055686074
223254,0.032683127
56643,0.118020737
105445,-0.03276803
217351,-0.221784121
217353,0.094820082
21877,0.379724449
76025,0.011555465
52897,-0.341063242
12416,-0.089211261
30951,0.293539983
14387,0.210429903
192170,0.074196918
18164,-0.944635082
74370,5.72236e-4
18584,-0.204407873
12877,0.201577019
66282,0.191611587
80902,0.299938374
54160,0.276864398
27205,-0.366677339
27418,0.017574283
224419,-1.217513063
12013,0.194039327
12469,0.209998517
74112,0.081958017
70998,-0.074093208
15452,0.196479651
66658,0.130573575
235610,-0.024884628
66940,-0.204650927
270198,0.264271296
12836,-0.053383334
22273,0.098919509
236915,-0.476728396
245684,-1.084534558
67071,-0.318533825
192216,-0.888941841
11689,0.544309611
71779,-0.0666019
71968,0.019108391
68039,-0.096813168
56529,0.093621316
14755,0.107787192
224624,0.03699125
68347,0.397592313
68241,0.373709718
214952,0.016883714
214951,0.342495879
72106,0.032310214
268933,0.083591975
214931,0.246308432
110639,0.328345063
20970,-0.283951349
97212,0.061686563
16193,1.366380881
22171,0.39305241
18415,-0.361483744
20873,0.103488675
72175,-0.112777599
214048,0.308451558
269424,-0.119652591
73852,-0.050566823
83691,0.574861147
17087,0.010134064
209378,0.299604749
11949,0.165861373
209361,-0.071170082
21922,-1.596719274
66446,0.412582961
69035,0.269024907
331046,0.30253986
20450,-0.598256254
108116,-0.33105565
72157,0.75861649
27376,0.544861097
15239,-0.155303542
67115,0.38295214
192678,-0.401721174
12768,0.789548883
16412,-0.165965566
18186,-0.476322188
93742,0.294266889
26557,0.817551349
209692,0.058284985
57743,0.294182823
53893,0.070623847
101095,-0.005822486
12304,0.116112349
66383,-0.172043769
80752,0.253837025
19085,-0.394557477
18590,-0.691349461
433956,0.071042703
67604,0.325382118
11798,-0.298414379
20843,-0.058445241
12890,-0.276245036
67044,0.176129425
28126,0.516806369
56795,-0.075600772
97820,-0.213502318
73666,0.188876108
76577,0.221790842
74257,-0.312299099
212032,0.04933999
20184,-0.16877951
17131,-0.45959218
17919,0.010852373
12364,-0.252972968
12362,0.238688172
20617,-1.30742114
69149,-0.26830717
67618,0.005014938
244672,-0.074193746
67667,0.05263346
19888,-0.656048376
20671,-0.247954668
18777,-0.023575215
12421,-0.193002476
76187,0.046535783
17864,-0.12301268
170755,-0.279687742
26754,0.177680541
29819,-0.025832334
98711,0.139466685
21749,-0.126142168
17681,-0.307315355
74229,0.323799887
14048,0.083281315
75712,-0.438058526
14859,-0.764137008
72265,0.099087839
212442,-0.110437232
240726,-0.664896884
66799,-0.065804871
70397,0.096549492
18711,0.047519859
15926,0.021202763
67099,-0.004498297
12912,-0.2918751
93691,-0.492818168
75619,0.029835708
76668,-0.344364276
23792,-0.44863612
55949,0.664404762
227197,0.071835994
18187,-0.219278484
68115,0.026541661
74013,-0.434396545
19070,-0.007994316
15510,0.312997069
67876,-0.07804133
81898,0.076891614
78016,-0.744841565
227059,0.134777078
53945,-0.605191074
73674,0.073150785
22779,0.220765145
14768,0.051445597
11363,-0.038595401
68691,-0.171007777
66646,-0.130077855
54167,-0.982014395
12477,-0.739337141
12487,-1.014632606
77300,0.032989429
241066,-0.037369089
70375,-0.68330228
57750,0.502151107
55989,0.338276213
22218,-0.102586462
271697,0.370078987
74018,-0.227421427
227154,0.125836575
70827,-0.323437424
12370,-0.160908285
12633,-0.342504571
66495,-0.11085881
12747,-0.07699826
70225,0.025658194
65102,0.140906599
18393,0.026482036
68549,0.268796582
12832,0.981726259
12825,0.518650321
72050,-0.058080754
22592,-0.046324402
75623,0.10391917
78896,0.237558061
226999,0.33374946
19243,0.58796561
110895,0.621952398
16174,-0.090884841
17082,0.042115896
16182,-0.05179414
16177,0.794500759
16178,-0.155553153
26921,-0.274244692
18143,0.638588917
68833,-0.188699751
98388,-0.362774833
56210,0.097601277
226982,0.04550284
107734,0.021960359
69028,-0.175695472
72097,0.357945021
98267,0.008544803
70396,0.0397481
72085,0.033395095
227102,0.031934847
227099,-0.233016144
16329,-0.148863997
14660,-0.00383177
20846,-0.235970406
109019,0.250646213
56363,-0.826894257
269181,0.453633463
67387,-0.060846539
76178,-0.033934377
269180,-0.063394005
12790,-0.04087995
56030,0.081073009
22637,-0.785144398
20353,0.174072425
226971,0.119778331
19253,0.207636061
27993,-0.015018674
13518,-0.284332447
19076,0.044804488
77264,0.002127758
76867,-0.103422417
75734,0.035382426
68187,-0.137923903
68002,0.022288434
98366,-0.231488085
280645,-0.035303664
70155,0.232709994
15463,-0.277220635
77629,-0.736849061
20297,-0.93564353200000006
104086,-0.541185632
57751,0.013201926
66821,0.045961069
18802,0.596310819
58184,0.117567825
22349,0.428431615
227292,-0.167934227
18173,0.196796601
56695,-0.247100942
12765,-0.373811544
68606,-0.594389439
16011,-0.928386277
22596,0.480902389
111175,0.530915728
108147,0.260249494
14268,1.563790549
12021,0.061149369
68818,0.002236706
74104,-0.092698339
52231,0.134316163
74577,0.161422373
20872,-0.041268732
22145,0.308633965
56812,-0.144354181
19275,1.219444838
22626,0.163457044
11790,0.416500262
13346,-0.238809194
13437,0.279137651
98733,-0.012222385
71728,0.071927021
14897,0.081687775
71781,1.357457775
20684,-0.554076885
64294,0.054209876
72792,-0.002726715
15559,0.696050389
70247,-0.014274285
17975,0.290683856
13838,-0.527809856
14767,-0.536750945
19231,0.092348646
18582,-0.050740982
26895,0.349340803
23874,-0.012446977
69163,0.191824304
20720,0.746049004
26987,0.155218044
98363,-0.342472098
53972,0.467444534
67273,0.279830434
108657,-0.05069035
23830,0.097909338
64095,0.148340103
69821,-0.058808255
269224,0.658654034
66385,0.059662154
18000,-0.077056547
59041,0.131681999
51800,0.45928916
67026,0.29276389
66615,0.054123083
21915,0.247172702
66262,-0.087154517
18566,1.134238161
16331,-0.190192271
77040,-0.051401015
74918,-0.196298086
171531,0.400897035
19329,0.233969963
16978,-0.01727265
50880,-0.070583183
70788,0.381183293
67444,-0.006710854
65247,-0.145054426
208727,-0.14598817
20725,-0.143532185
26889,0.053572073
227446,0.17280702
21934,0.487714337
74441,-0.218206439
252876,0.182625743
18484,-0.392491644
70829,0.012059359
74117,0.11140895
74150,0.019227549
71111,1.448856368
72585,0.693569709
72160,0.735757094
72949,0.150049827
67812,0.164322963
17219,0.241435414
226414,0.012851106
64214,-1.429626219
50778,0.969702548
19735,-0.335865798
214498,-0.106658863
12628,-0.089975274
22099,0.157633073
67949,0.200805771
81879,1.007125786
226352,-0.169563912
19258,-0.29410319
13167,0.240884047
73103,0.032325697
68428,-0.595015143
17167,-0.191813959
59125,-0.200143957
338375,0.596773139
19264,-0.310126906
26424,1.146454163
13136,-0.163597357
13137,-0.802892101
67997,0.234826337
12269,0.368150511
12292,-0.004616368
18640,0.590313486
66241,0.405063993
21956,-1.511452786
64435,0.622930349
18703,-0.37863297
13007,-0.05254292
14270,-0.047005642
68724,-0.21027419
16865,0.201749936
67196,0.122697055
54354,-0.172907638
226422,0.057521826
98415,0.060774761
212980,0.114571862
13714,-0.264635209
18557,0.345159585
213464,-0.093163876
269116,2.561301883
16980,1.817620455
240752,0.435231893
20980,-0.42082754
240756,0.096313332
72017,0.018149527
72674,0.024049611
68507,0.396165233
381290,-0.463047045
208263,-0.226149542
16872,2.17730829
19775,-0.064391979
58244,0.05721468
15064,-0.049906264
14645,0.041377455
19734,1.25873554
226519,0.120078775
16782,-0.004837377
17970,0.416541625
19731,-0.388448268
63913,-0.083206038
19821,0.190861983
67426,0.230026529
226751,-0.065600526
226747,-0.111716586
15278,0.140996193
269152,-1.060402669
68226,-0.199857447
11545,0.062859188
170760,-0.069245222
66359,0.116035684
78825,0.200463835
76816,-0.242913359
12334,-0.401642546
209456,-0.488939824
27058,0.11220307
67459,0.31598438
208795,-0.073321075
69051,0.271390752
13603,-0.024783257
14194,0.258127948
20739,-1.426645851
26388,0.637917525
100044068,0.637917525
381308,1.245768619
68440,-0.270254964
71870,-0.473114258
21346,-0.090019638
98365,0.524547366
12847,0.021333902
98193,0.084167425
93840,-0.399833589
80914,0.488252734
27878,0.11199136
18986,0.058910416
68481,0.016526798
70456,0.178225075
74106,-0.047839821
56429,-1.22321755
171567,0.095553696
11931,0.511640223
66352,-0.127497443
74895,-0.267547442
14067,-0.605204959
20344,-0.851070772
20343,-1.054968019
20339,-1.645790665
240880,0.10057423
16579,-0.141114779
18933,0.069955577
11899,0.90987717
89867,-0.048270406
78255,-0.665056138
11352,0.140234101
20652,0.265891016
77352,0.378773458
170484,0.396794906
226830,0.575601064
19250,-0.394377574
108000,0.651859648
226823,0.329133739
26381,-0.552128291
74717,-0.210611889
107508,0.195460441
12902,-0.213088589
23827,0.034397559
381314,0.203428696
226778,0.07320293
18005,0.122435234
226856,-0.16514585
226849,-0.054350354
66950,-0.371816118
11910,-0.124062592
381319,0.509891376
68972,0.075345207
52477,0.037223368
54139,-0.100743841
16780,0.01040205
18845,-0.029689439
22278,0.006108557
18108,0.305600741
64707,0.180325507
227525,0.240957013
75472,-0.375204434
104362,-0.791086595
66540,-0.636030293
14130,0.797602647
209630,-0.318184803
80915,-0.028625846
109079,0.161219719
226641,-0.085523155
16922,-0.283277634
16589,-0.191109945
70024,0.263567389
107652,0.079862881
71648,0.220918436
18214,-0.283945321
15490,-0.118954056
74186,-1.254668351
19737,0.560573236
71233,-0.378062406
66977,0.449356065
56752,-0.021909186
66447,-0.116452312
14262,-0.639711788
226564,0.402403216
71449,0.239595971
53330,-0.084999118
67292,-0.128955698
22164,2.19825701
11758,-0.261193777
226541,-0.087451534
74455,0.007915117
70454,0.258860329
226539,0.049234087
17533,0.530887104
11905,-0.081481086
20844,0.066970374
29809,-0.29664523
13434,-0.488795087
329278,-0.661892848
65969,-0.609740029
20163,-0.265697644
22352,-0.129188515
19212,0.243298105
18718,-0.121264236
12151,-0.046350063
13418,0.171231755
17354,0.033870582
67448,-0.248824665
59126,0.649103659
19177,-0.021759706
67857,-0.048611813
76899,-0.061330084
74192,-0.108749685
26428,-0.076132102
16574,0.367499104
71897,0.298220811
109129,0.015047109
66960,0.047854563
241226,-0.834880258
16184,-0.199789197
76857,0.232559445
170768,-0.499993017
27377,-0.062971579
18761,-0.614086298
67121,0.41904521
74159,-0.223216128
329165,0.140691477
56075,0.015492221
263803,-0.50461622799999994
54519,-0.115650986
14417,0.416035689
71834,0.153643721
18286,-0.08776564
56017,-0.018812479
227738,-0.319774367
227737,0.121648116
20910,-0.524833703
227683,0.438441547
68975,-0.115032159
22130,-0.182717813
227674,0.064974367
68870,-0.092307266
69987,-0.42094001
13481,0.04707946
50935,-0.012689622
64930,-0.036527008
13805,-1.106504719
70239,-0.281534278
11636,0.732875653
227731,-0.159526469
96979,0.199165195
19730,0.045269667
16819,0.634475457
16519,-1.6600797
13429,0.648193358
18227,0.236995302
14571,-0.220610555
241391,-0.031354775
227671,0.116892531
69327,-0.347943713
227929,0.422615073
56177,0.00541636
269275,0.093952843
11477,0.240749742
12831,0.526818599
76654,-0.207180485
23928,0.843056822
11350,-0.059032521
320267,-0.00598763
30934,-0.10635748
30931,-0.03137764
227707,-0.054924545
12908,0.164118017
74270,0.399401474
57170,0.152365829
66617,0.156270038
108958,0.043961262
227700,-0.080189493
14828,0.057683852
70789,0.483878554
66691,0.140436541
66998,0.090547183
77996,0.271686455
24136,-0.33520391
74016,-0.177818985
15139,0.763081763
22029,0.174816216
68365,0.003497949
227753,-0.870467061
13830,-0.136673273
69601,-0.306720649
74410,-0.069558136
67871,0.292738292
50915,0.300940421
67889,-0.065305223
16874,0.621999739
227960,0.551844652
75495,-0.960921301
68375,0.149779284
71586,-0.3292497
94229,-0.212725085
59029,0.11545997
20744,0.006447961
140858,-0.048717775
67382,0.029393082
353156,-0.64696381
67512,0.353351544
18128,-0.353785247
227648,0.113325541
64436,-0.032116374
66865,0.221640464
68112,-0.113911799
332579,0.198076978
67839,-0.176500776
67991,-0.116744393
227634,0.221998967
14133,0.374098581
51875,0.305796827
381352,0.024675878
22030,0.044213061
11305,0.10521245
64685,-0.336791128
17996,-0.078705294
72080,0.250279948
227620,0.374350228
83768,-0.129507292
14810,-0.506850319
65103,0.301814566
227618,-0.701506085
99152,-0.04223545
68475,0.087473337
56878,-0.076103892
16420,0.009073904
215705,0.328060744
67187,0.357480155
67228,-0.007137126
57438,0.198930327
215632,-0.046774405
17076,0.15977297
16181,0.349699473
140483,0.537340075
407823,0.032259383
72137,-0.119335028
76747,-1.700556634
227937,-0.296779958
14425,0.41958514
69482,-0.009075034
68082,-0.476081397
50884,-0.072076872
20378,1.60472464
66861,-0.029780941
70599,-0.023721069
16401,-0.776830385
78830,-0.176301239
22193,-0.128230651
13427,-0.122398223
80744,-0.019818515
73649,-0.460638169
241494,0.705051701
107435,0.117536006
241431,-1.652313772
53416,1.037925394
241447,0.113508141
20833,0.071595238
241452,0.453075345
14725,0.709588724
58207,-0.613249643
72401,-0.585124739
30059,0.218344865
56791,-0.576703289
98985,0.025071321
381379,-0.065587486
21788,-0.299215588
320720,0.042937698
16410,0.395929652
73373,-0.029185123
69082,0.036379531
53375,0.149033313
15437,0.123243633
11909,-0.039682779
11435,-0.355478287
67059,0.332972534
20687,-0.089623898
16403,0.084331107
228421,-0.061440483
212772,-0.054182069
107723,-0.306691304
68032,0.079627465
72425,-0.015023726
66181,0.032304085
99010,0.07203832
68201,0.086162997
22343,-0.114173468
76501,0.055557271
22034,0.049253091
68170,-0.104232014
99349,-0.112477518
77766,-0.288549778
98221,0.2947392
228413,0.223412663
211896,0.140445039
320554,-0.425059285
228410,0.037314137
15259,-0.06833795
57443,-0.050827011
53872,0.117538414
98956,0.259022722
13711,1.062668242
12359,-0.086030873
210622,0.061335513
80985,-0.014381335
11800,0.027011933
74569,-0.095558598
56348,0.077258289
14043,-0.108606079
67092,1.15490654
214968,-0.377163586
17876,0.279457575
110074,0.261232553
14118,0.496506372
12848,0.099691406
69976,0.131135052
14178,-0.990518544
17536,-0.286561581
12521,-0.281184472
241556,-1.064572918
269346,-0.704669267
80976,0.416113243
76969,-0.908547852
18633,0.20399738
19099,0.267919814
20322,-0.207939946
26427,0.170687787
78655,0.174360966
228564,0.23562192
17242,0.659092235
241627,-0.265337738
241547,0.189142017
51897,0.209012402
67693,-0.083667169
269344,-0.01420091
228359,-0.011670262
14827,0.030635914
228357,-0.531104752
17754,-0.270457444
77038,0.012187493
80708,0.245215826
75894,-0.006588354
51885,0.104900624
22222,0.346375732
20614,0.459365131
59030,0.001525145
16449,0.123622619
74243,0.160439579
56428,0.194391358
68968,-0.318553771
66296,-0.035364793
66606,-0.296728325
20619,-0.032587025
20402,-0.060108665
269338,-0.016143563
98878,-0.749287864
228550,-0.085155715
17005,0.093444936
22174,0.018713902
140629,0.063644177
19262,-0.190142599
76246,-0.161171741
69702,0.240347521
108907,0.317987473
228602,-0.208205278
11990,-0.245758421
69065,-0.475904718
54485,-0.935895389
20732,0.35639841
14588,0.175632003
72112,0.009282141
110751,-0.679118694
20612,0.519300926
19361,0.210271154
271842,0.061706101
76464,0.38150238
67326,-0.048914569
70997,-0.414549652
12531,0.155338496
51944,0.153425944
56357,-0.184865167
228608,0.328112894
11550,-0.577230768
26434,1.037320706
215653,0.493521769
54338,-0.262283172
70612,0.073835851
18538,0.029140999
71313,-0.78660661
74182,0.132822478
19419,-0.894076967
68215,0.004326885
12653,0.364995194
114715,0.298677855
66634,-0.086713681
241639,-0.438746611
66586,0.117350618
12156,0.585578642
26458,-0.332375817
15186,-0.63178333
14391,0.046876018
84092,0.335570982
75083,0.126557141
58800,0.133197818
66552,-0.152349896
99138,0.039214045
13537,-0.410885948
68126,0.227330208
77721,0.007122968
17153,0.919552985
192212,-0.173184465
228576,-0.165504014
53885,0.011027841
12235,-0.13378746
74121,-0.522331335
12125,-0.084149115
69487,-0.141006235
70370,0.979096999
57432,-0.014695636
69737,-0.446939981
20017,0.418131195
20515,0.526147625
16176,0.247457146
16175,-0.162194092
21818,0.737434872
20638,-0.01996719
67134,0.257836015
170718,0.045469982
56264,0.121101631
80743,0.06410793
64899,-0.234962469
18549,0.408265375
12075,0.488338493
81910,0.086657055
69178,0.386890938
74528,0.285895654
228714,-0.037900363
70408,-0.123582805
26450,-0.290862147
27054,-0.120951013
66044,0.221582461
24128,0.26178691
17064,-0.850779925
17957,0.149694853
74533,0.314655788
13012,1.239823857
77705,-0.63253047
13010,-0.342154741
68738,0.228575501
69270,0.259024768
386649,-0.025634757
228765,-0.589694677
241727,-0.018343838
73847,-0.128411955
11602,-1.679402019
69698,-0.194981617
67231,0.123468203
24105,-5.03145e-4
72119,0.435946492
68559,-0.010788887
228788,-0.774647983
16569,0.036458553
13436,0.17330712
13589,-0.085975949
18843,0.47516108
228801,-0.761625499
66971,-0.172762577
20648,-0.314881954
56846,0.552542676
13555,-0.119612429
67017,-0.081428493
20878,0.268814835
67337,0.174740497
18767,-0.810880531
20257,-0.925117267
66404,-0.047051342
21985,0.209156724
94212,-0.358407857
66679,0.03580744
56190,-0.423448805
18534,-1.061667044
58203,-0.003928178
19334,-0.048297544
228960,0.07247235
14683,-0.097905082
13616,-0.605384754
75497,0.15179312
55980,-0.013449188
16592,-0.24792666
74718,-0.211133808
66371,-0.003525391
19246,0.249121371
18019,-0.103053252
11981,0.032839993
71710,0.027873271
22722,-0.012903934
13559,0.039010107
71934,0.54853536
12350,-1.105593907
12349,0.06229913
26444,0.015093273
73247,0.128979937
12841,0.742024685
76425,-0.093665818
58237,-0.583309261
228998,0.055163254
20811,-0.394521055
229003,-0.340349971
229007,0.032294949
72147,-0.442876338
245867,0.131583924
19383,0.021665878
269378,-0.020775993
16396,-0.019023039
74252,-0.127413671
67472,0.124429609
66734,-0.087028573
207182,0.461262942
60525,0.099800844
14854,0.131012811
19124,-0.158697592
17391,-0.054672147
16418,0.216045286
12807,-0.150704329
18041,0.164956962
170791,0.036383931
13821,0.193454341
68295,0.199229007
81004,0.115410031
29812,-0.219286163
66934,0.191638098
77799,-0.649128519
67388,0.273220195
56045,-0.329901148
19650,-0.018327896
20014,0.027529117
20779,0.119964952
66642,-0.073619122
75425,0.079712498
70470,-0.160070652
228850,0.04827753
71878,0.449797864
71715,-0.131413889
22403,-1.384820877
20482,0.022165857
170441,-0.038849972
22401,0.287237511
18706,0.008736527
67778,-0.045192232
67414,0.175616442
14696,-0.2350369
74614,0.066956860000000007
56456,0.497579833
66046,0.272484322
51938,-0.564966906
67120,-0.008019749
17979,-0.285440339
100503724,-0.091431648
67713,-0.091431648
14359,0.006765646
14013,0.357906102
665113,-0.598121735
18805,-0.064038262
320024,0.255328118
13605,0.474221183
71827,-0.503129266
69276,-0.214839194
114893,0.135424785
72039,0.439346391
229211,0.01629827
11747,-0.325571801
50911,0.128522577
12428,0.568642124
22065,-0.559803634
57815,0.210085095
26570,0.07120377
19338,-0.174361332
67542,0.206640694
229277,-0.150130502
67890,0.083968496
22066,0.948433676
50706,-0.633858586
56790,0.014217336
69639,-0.017605528
56758,-0.091229587
18441,-0.077684916
72162,0.121969788
28030,0.028497645
66868,-0.049670669
16159,-0.568044171
30953,-0.415662415
68259,0.032888832
16649,-0.230939579
242083,-0.316585487
97112,0.100004476
12038,-1.287781843
12427,-0.756794908
55994,-0.45056314
13175,0.641649588
26422,0.100525811
17112,-0.684934383
97064,-0.223742132
67738,0.046324328
18645,-0.531115929
72033,0.095236645
28146,0.138099074
66841,0.059786594
229317,0.234946966
75939,-0.008455919
17380,0.129838334
11416,0.116457615
229363,0.124721146
16497,1.387846186
67437,0.090682306
56706,0.172407246
72789,0.244738283
19288,-0.053954225
20713,1.120519729
56426,-0.002151624
22414,-0.90247921
19260,-0.23661568
140917,0.094867407
99543,0.292864663
54524,1.748724557
18176,-0.091170003
66641,-0.290842228
20957,-0.134900703
22094,-0.458361441
70747,-0.067927729
229658,-0.510166254
12373,-1.521662223
12481,-0.596893036
19221,-0.126464586
14547,-0.066673081
74362,-0.375553065
15360,-0.054096317
18129,-0.058334233
20333,-0.012977318
66921,0.051332411
20912,-0.112910964
76123,-0.217764175
229725,-0.097248746
75504,-0.615780736
109674,0.362870575
14865,-0.135334168
229709,0.211807288
229706,-0.328512511
99738,-1.969680637
229699,0.616158826
67171,0.056202388
72121,0.484444889
53975,0.143949334
20195,0.218851428
18160,-0.233775174
26568,-0.972594765
229543,-0.100237239
68328,0.19887166
74343,-0.14730401
23922,0.2405783
78284,-0.050775885
77595,-0.273631406
59069,-0.069529709
73545,0.063525965
99650,0.063525965
23897,-0.053220753
16194,-0.533209013
11444,0.530841292
56417,-0.25423169
68603,0.591817989
19729,-0.107453032
13636,-0.04508591
68659,-0.173115582
70652,-0.063811472
229782,-0.007425506
72776,-0.188821445
109245,-0.432501613
22329,-0.469821653
58193,0.04844042
28036,-0.165605392
64580,-0.171888715
83398,-0.517106516
19142,-0.657426859
67225,0.039128043
71519,-0.560365961
15107,0.344751754
16842,-0.920322092
80890,0.374644875
66815,-0.14274923
24088,0.294527843
20319,-0.72115554
12368,-0.037983203
53317,0.086874539
66350,0.245979341
14161,2.161338927
79235,-0.592457729
54195,-0.774141843
76561,0.813426844
68147,0.137767383
56720,-0.437872379
74776,0.316706074
229445,-0.247026298
71793,0.171414518
13645,0.10174014
67553,0.090689886
54635,1.39174097
14658,-1.103172144
13809,0.031338175
71481,0.291708435
13722,0.160511536
271981,-0.062135839
56811,0.802180575
23971,-0.051319061
226922,-0.327711358
51886,0.029626475
67035,-0.168651754
19220,-1.414834356
99899,-0.306141238
13638,1.306138727
13639,1.029677272
11490,0.032784661
22724,0.228552865
54124,0.530713718
21827,0.363830056
14466,0.16389358
24045,0.07259097
192195,-0.053160686
19769,-0.220406731
16800,-0.268058885
74200,0.257088663
83409,0.062460491
16905,0.136956706
20351,0.465697965
67037,0.431940927
404710,0.539299113
66614,0.196182561
246703,0.137263483
27371,-1.049148247
73182,-0.106248481
12479,-0.426363662
70762,-0.69891611
80877,0.149217249
20091,0.432643651
27059,-0.092732634
229487,0.150578716
50754,-0.427226541
14263,-0.40909411
68058,-0.036639019
66659,0.011144484
67549,-0.096298072
67845,0.033838475
74414,0.032736253
78373,-0.166031107
229615,-0.214595823
18632,0.013454854
69870,-0.028073891
75137,-0.099689768
71807,0.094570631
13601,-0.088687305
13038,0.334026453
210529,-0.207959927
171388,1.085953586
59006,-2.173579567
29815,0.001872017
14630,-0.255536589
11304,-0.373586189
18720,0.060338737
19299,0.328061504
14066,-0.317321736
99887,0.9258418
66568,0.585266064
56195,0.17719487
76742,0.031353787
78784,-0.10842699
11532,0.089262794
66353,-0.409820501
78523,-0.003978681
75778,-0.350116574
229877,0.002019754
19885,0.110284083
56224,0.103735665
13684,0.001126109
17777,0.119767579
26377,-0.121460259
19055,-0.155655972
18033,-0.081500214
110173,0.09104515
67006,0.078914132
69772,0.397022948
68151,0.280528254
76131,0.599213904
107869,0.99181297
53861,0.111177779
99633,-0.589798367
70285,0.148032528
70951,-0.241067008
74245,-0.095405394
12042,0.020493561
69219,-0.370205017
16007,-0.555327267
71355,1.610394451
12972,0.004041707
65973,0.079723919
60599,-0.036233765
12448,0.104755002
14579,-0.040937361
12557,0.368516421
68099,0.219988051
72519,0.107385059
67460,-0.048979792
27354,-0.080223289
17389,-0.178745543
70568,0.080975966
66302,0.134747328
72098,0.023494658
116940,-0.019243699
67427,0.369659565
242341,0.455456238
68053,-0.01652172
18201,0.035413928
76132,0.071077325
230027,0.131989903
66625,0.141067696
53378,0.112513103
77032,-0.287965151
51813,-0.179927977
23844,-2.935266706
52184,0.019230394
57756,1.206464611
68493,-0.223837696
80797,0.572686694
16911,0.357664874
55932,-0.385177185
14469,-0.386186332
229906,0.052804884
56376,-0.379450314
24018,0.005796825
56228,0.113256253
52187,0.442069441
26885,-0.052661697
26409,0.035181506
13841,0.353206385
433693,-0.230613861
109093,0.030994934
24060,-0.092647789
69329,-0.593730176
66291,0.134951062
73205,0.003281564
109331,0.175087437
14211,0.164363997
64424,0.148054205
66362,-0.006804402
74152,0.169304797
21916,-0.606352456
22590,-0.124743483
433702,-0.030066092
74753,0.122815045
67628,0.14265076
94181,0.147661488
107684,-0.038631476
12819,1.33799449
18124,-0.02903612
76299,0.066914196
16348,-0.123439819
269536,0.29073133
230157,-0.339689613
68016,-0.05232149
56710,1.148439633
54418,-0.429928659
72701,0.264462213
18407,-0.951144462
21949,0.303346808
21923,2.48064455
22166,0.042316284
64817,-0.786321079
18491,2.071453082
56079,-0.592951016
67103,0.272636054
22234,-0.238860798
230257,0.020273038
72479,-0.338469774
209131,0.643880478
22696,-0.563572651
71354,0.444765997
192120,0.680385195
17025,0.092171702
59001,0.129745415
76804,-0.13158018
66928,0.010119389
19266,-0.399504304
17475,-0.269223146
68268,0.117374194
11428,0.43857539
74255,0.029540401
15502,-0.086590119
66408,0.010825994
100434,0.062032525
14595,0.108404797
246179,-0.062862668
20731,-0.392534844
12017,-0.158942991
21350,0.349400519
76959,-0.177948935
52076,0.348898387
74164,0.213832143
19359,0.134157166
11832,-0.195456657
230082,0.166095506
230233,0.269556039
68926,0.049497222
54357,-0.315777623
11828,-0.449994207
68970,-0.147150045
67123,-0.001953209
109242,0.197028218
71901,-0.49132076
73721,-0.478230332
66401,0.094507579
12804,-0.214349097
69638,-0.854019525
53598,0.212012984
269523,0.050934381
60534,0.041600562
56703,0.183708848
66592,0.164270412
22249,-0.012905207
320571,-0.317641684
21754,-0.027834232
12517,1.530752897
54390,-0.798175019
622404,0.315122159
230099,0.254811203
22004,-0.183813916
21894,-0.330268183
12913,-0.131583714
230101,-0.046034836
242406,-0.005657077
230103,-0.075936351
68917,0.209134837
53614,-0.701516288
12757,0.135007994
50798,0.148049549
384009,-0.145073791
77634,0.18874197
101739,-0.111767521
242509,-0.138323462
20404,-0.715411602
11520,0.118364014
20104,0.388548627
105244208,0.388548627
70122,-0.184779857
66775,-0.054056028
329908,-0.056485566
67916,-0.75782302
108079,-0.142544507
13131,-0.342716407
242585,0.257817693
71148,-0.037104412
73094,-0.001434463
18578,0.027017347
11639,0.816871257
72685,0.710195906
16451,-0.195321111
320508,0.052673294
66451,0.320334905
20441,0.09047258
11876,0.354022902
67728,0.087001123
53418,0.23324668
14664,0.198139774
230612,-0.401589991
67621,-0.266815289
67733,0.155648222
242557,0.017476636
12580,-0.306519635
13858,-0.229273865
230603,0.143548544
67299,0.147306976
29864,-0.073495813
100273,0.005359502
230484,-0.073217678
94043,0.109458562
18027,-0.116807938
66073,-0.126899013
70533,0.166980348
230459,0.24708776
77963,0.488343787
75578,-0.241079017
67694,0.061543557
18786,0.05014414
67770,-0.008711146
80912,-0.007482648
16792,-0.041479527
319965,0.024746212
14726,-0.565934985
18392,-0.033803502
67305,0.280424324
21938,0.257777936
242608,-1.100409627
52430,0.464587746
21941,0.088287992
20280,0.263338191
12896,0.16069177
74098,-0.060568958
17149,-0.018706601
16975,-0.120840985
72787,-0.012987876
77809,0.045889214
56374,0.049613164
66526,-0.029273677
230582,-0.023427321
56280,0.109124941
73172,0.032606004
69181,-0.288701684
60613,-0.590593685
51797,0.391617067
16656,0.109081045
106564,0.332930948
73332,-0.452380521
22608,-0.124158627
56401,0.008939239
69216,0.06776324
27028,0.060396636
20525,0.403960085
54170,0.101953486
56309,-0.180589629
595136,-0.031926522
11426,-0.390906339
56031,-0.050115439
66966,0.240980889
16918,-0.597770607
76574,0.281682032
12331,-0.05447263
19063,0.28153138
13844,0.573122296
27224,0.085415222
66193,-0.057279191
26394,0.150111644
74246,0.321155552
15356,0.129195465
71665,0.279918437
52830,-0.055240682
14105,-0.050454266
66743,0.050695027
73804,0.701601862
12795,0.164322687
19207,0.042008134
108067,0.121609751
22275,0.155194786
70603,-0.579633996
68276,-0.157979847
68394,-0.008025219
67096,0.051538925
18477,0.112235556
58810,0.117042606
50927,0.176495647
16351,0.204150316
18710,-0.181795171
66805,0.025954586
68273,0.056228884
68075,0.077180101
19366,0.573660206
230654,0.261030732
72181,0.211199657
17346,-0.25210205
100465,-0.094397906
230649,-0.008942536
666168,0.038539935
13120,-0.653672097
67182,-0.119187153
21349,-0.752105942
20460,0.528237386
66588,0.059895847
69072,0.068428844
68625,-0.741405869
212647,0.264634399
69902,0.48144412
110198,0.288023403
212555,0.469098752
12345,-0.050679706
68943,-0.062148525
13200,0.087715637
15441,-0.10701987
230861,0.016121119
15530,0.08990544
11647,-0.661572218
19248,-0.008018014
619605,0.109931014
14077,-1.207750154
94242,0.165481285
67898,0.028741626
20348,-0.612821771
230775,0.754137154
15444,0.336741209
66260,1.413499211
19244,-0.071670503
242669,0.862612602
20218,-0.145931502
11637,0.358631107
75234,0.255249875
66264,-0.211027663
54383,0.039069035
76799,-0.100822767
54709,0.26775837
230761,1.95501e-4
433759,-0.119301305
78806,-0.765444637
74552,-0.525230548
73680,-0.081703096
51796,-0.016031434
107271,0.32592699
71514,0.131425038
68592,-0.176077725
71817,-0.119489857
66146,-5.65834e-4
100317,0.003977137
16765,-0.371939879
26562,0.140713432
230810,1.394287888
26445,0.161377577
56219,0.021865162
68040,0.217074261
194231,0.221792254
214150,0.081237175
73723,-0.13777695
24084,-0.535523538
27096,-0.047636364
100210,0.1284733
245877,-0.500482967
242691,-0.21215448
18221,-0.115198954
20544,-0.019219767
52174,0.08309925
12986,-0.198049681
269589,0.681767221
66407,0.083334928
53608,0.364795716
70088,-0.039602489
15234,-0.337488307
69655,1.628184163
242687,-0.274507469
230737,0.146408008
192199,-0.94184791
52276,0.422890022
14191,0.141367316
230789,-0.210075427
100226,-0.066958263
100336,-0.079067712
20346,-0.012031135
19891,0.088840665
100340,0.766663622
14050,-0.154725359
230734,0.163467742
17764,-0.350195845
230784,0.416208832
16330,0.240775974
100088,0.211771392
71787,0.055143309
66464,0.041397796
56809,0.13551122
75062,-0.213033602
269587,-0.183105628
67205,-0.198620288
19273,-0.177043499
26922,0.307645003
57317,0.047447749
12371,0.136244766
69582,0.250912372
213649,0.492144254
213499,0.035665008
66147,0.096289363
18647,-0.393007048
18600,-0.411185547
16498,-0.19258374
19181,-0.110935188
57434,0.11291131
19934,0.391026398
70025,-0.074523892
15206,-1.490872833
56226,-0.171769711
108099,0.139103942
19744,-0.094751832
74035,0.131220068
66993,-0.075924805
100090,0.358600024
27407,0.148953795
53312,-0.135018063
22319,-0.121004187
18628,-0.237263209
64295,-0.161488188
66587,0.16583559
63958,0.156369749
110208,0.381350061
20535,0.060023969
57320,0.034851797
21942,0.20132634
74155,0.56357489
12568,0.052191275
18669,0.597398391
74610,0.456562875
13347,-0.036380072
56273,0.101411955
69743,-0.636730087
18127,-0.303187487
100198,-0.261144793
70556,0.097313824
52323,0.011156991
67087,0.433025423
654812,3.471358904
69151,-0.186054022
56717,0.019564564
66454,0.08086325
84652,-0.31157344
66169,-0.127162253
72772,0.276985611
230903,0.215298688
71890,0.261868764
69188,-0.204964263
70433,-0.782535472
11610,-0.221368761
17769,0.018353971
26429,0.055423432
22791,0.007991763
26372,-0.112936325
73078,0.147133902
170731,-0.28086959
28010,0.227075371
22062,-0.564640757
13368,0.054260608
72946,0.066851744
59002,-0.036001597
67808,-0.15489199
230972,0.327284823
140500,-0.390190812
71957,0.143933407
108888,0.403031231
68991,0.051562634
668173,-0.067018976
67830,0.050582134
76866,-0.065415179
20481,-0.262617312
18762,-0.193305755
269615,0.766676772
269614,-0.050301347
66469,-0.11631795
76580,-0.163714819
26561,0.070639395
12537,-0.169750254
192185,0.051931855
14688,-0.077370737
66448,0.093080924
56036,0.260305538
74761,-0.189996556
13542,0.285737102
83771,-0.096285893
79554,0.141917844
330010,-0.204606923
22163,0.426396324
20318,-0.141310058
12182,0.080267097
12494,-0.047679233
19126,-0.700579615
80334,0.230183335
66768,0.140751025
70693,-0.389013996
81840,0.485812474
70292,-0.053555938
231148,-0.434437697
78558,-0.141439345
78890,0.039123634
80911,0.03488987
71729,-0.661241027
54426,0.812904501
16976,-0.367960656
15194,0.171681925
11518,-0.216340117
54216,0.819053672
19822,0.144590587
24116,-0.095639379
17160,-0.001097563
269643,-0.683697303
12933,-0.207118774
59056,-0.354070734
71116,-0.046078249
18196,-0.657634954
75079,0.12393983
100972,-0.196252725
56874,-0.682845525
546133,-0.086957694
23950,-0.086957694
665270,-0.955906774
14284,0.438525329
71336,0.273435522
20534,-0.002635865
13667,-0.110666974
266781,-0.02696659
14208,0.058863206
192292,-0.133758615
69815,-0.506509236
68095,-0.013730407
433904,0.848647602
73472,-0.591980451
24051,-0.026285756
75581,-2.269585728
68567,-0.132857726
16548,0.03929671
100952,0.361474524
231093,1.01544785
100732,-0.002976978
19017,0.128028398
65254,-0.073382087
13204,0.048060185
66681,-0.258543039
211006,0.314622147
57915,-0.356751809
74919,0.139238405
52206,0.27668584
12615,-0.063614597
16599,-0.203030246
78796,0.326516954
75434,-0.573165917
68303,-0.096411623
67073,0.899577536
20531,0.491388878
231238,0.887231368
320661,-0.139186446
19687,0.070863358
100855,0.154592083
12425,-0.342277251
231151,0.044379796
17713,0.062345617
79464,0.030155236
22235,-0.0559043
71521,0.023744383
53323,-0.132619164
74734,-0.379409416
11787,-0.155235315
231279,0.10169745
67980,0.042200671
14397,-0.718856033
14400,0.029073614
27784,-0.065725542
21682,0.149468645
109108,-0.078145029
22223,-0.055974452
66899,-0.106506839
16924,-0.267457869
74277,0.201608723
18595,0.089444475
57357,0.08627815
21982,0.041143291
12753,0.034707264
13839,0.59748138
231327,0.258735065
67054,0.321342091
19712,0.09149386
231329,0.067977231
12617,-0.039103366
56792,-0.558697982
433931,-0.176755158
13486,-0.04943171
17765,0.185794579
67266,-0.065307898
53315,-0.656470027
170823,0.254248354
114642,-0.29215577
12545,-0.107671667
21814,-0.614692319
54367,-0.075820225
52822,0.147487149
236573,-0.66132661
27405,-1.257906443
20750,1.766910198
13602,0.558934203
74167,0.045517343
114664,0.024902923
246293,-0.227445773
17355,-0.165511217
231510,-0.245338057
71883,-0.025458803
74218,0.047389391
75750,0.405572843
231507,-0.320805359
67870,0.15116861
50926,-0.051576635
74596,0.354051019
19092,-0.399568605
110075,-0.836711319
71914,-0.942972477
22022,-0.309920428
54723,-0.14928022
70118,-0.024765801
12962,-0.115385658
57816,0.547993756
18125,-0.38530731
72151,0.651915853
59043,0.097312759
13178,0.021603353
11657,-0.83285836
73246,0.498052148
20311,0.427479833
57349,-1.538383072
56744,-1.167187826
20309,0.13271484
665563,0.24294903
13874,2.702855806
11839,1.695564565
330122,0.607147628
14825,-0.151002892
27428,-0.232370685
12452,-0.125395307
209357,0.038568797
209354,0.613524053
67848,-0.128779114
100862175,0.102431163
56334,0.102431163
75695,-0.256283275
13445,-0.020988014
68098,0.084765998
80291,0.249692138
76167,0.353952792
53886,-0.322058788
65105,0.144057861
23881,0.021824587
19679,0.11394108
56041,0.073267712
56325,-0.239672646
19023,-0.463798062
67111,0.189592979
208628,0.160329167
231452,0.098272331
100561,0.051971581
17329,1.274979089
381353,1.557507997
231760,0.478387885
208606,0.037924849
12492,0.166555247
70650,-0.184105878
13852,-0.21450131
19384,0.224284044
231727,-0.737545015
14467,0.058084336
66593,0.137135593
77573,-0.053693284
23948,-0.174174723
77045,-0.097795807
231769,-0.06870878
67151,0.021882094
269701,-0.23534869
100678,-0.054500344
23912,-0.478286583
77462,0.94961923
17165,-0.141276815
11669,-0.295430222
71985,-0.047160115
72399,0.007237203
319604,0.033301507
56433,0.044871831
68948,0.07771535
68080,0.256605054
56378,0.005335172
56317,0.125420335
11938,-0.087295376
18439,-0.29539544
12589,-0.019938876
18438,-0.070258618
207565,-0.157238771
59008,0.0408519
80751,0.029617754
30841,0.163333871
74890,-0.79495853
20602,0.113216257
208144,0.039476449
78894,-0.045081614
11745,0.092680822
94061,0.09744186
243197,0.345165221
19301,-0.47490298
72542,0.076995908
71782,-0.01000885
269682,-0.050081114
231602,0.654074157
69663,0.087368566
75560,-0.103423631
56361,0.345257802
71951,-0.107846993
22241,0.079316822
19079,0.170792949
12704,-0.135834425
77407,-0.056994185
50883,0.003526186
18778,0.893082585
75387,0.175008046
19303,-0.132320061
12769,-0.848940319
64213,0.096263735
69076,-0.144173818
384281,-0.151395485
108014,0.183642996
29867,-0.998945763
11409,0.437950846
68510,-0.077738714
74585,-0.260583156
66506,0.12423401
21753,0.038202391
21426,0.423447234
17120,-0.085156281
68017,-0.041888934
72357,0.223452471
231834,-0.095464456
23962,-0.14021297
114142,-0.107916149
101118,0.065878217
16848,-0.532375484
71900,-0.172776186
77697,0.096345509
231858,-0.251860264
117146,0.03337671
74781,-0.003164501
11461,-0.092857394
14086,0.331139847
231866,-0.103450324
22256,0.577181423
100756,0.126006937
74111,-0.051102982
257635,1.252472305
71772,-0.118007819
71990,0.058799802
100764,-0.013036058
75732,-0.200036915
19415,-0.499527188
14357,-0.928899429
23961,-0.279906714
66729,1.01690913
19894,-0.427963039
231872,0.316180147
15467,0.091106609
19988,0.614934564
67397,0.233351385
231874,0.632739952
56443,0.083335712
11867,0.383101214
231887,0.044359922
71799,-0.071913817
54188,0.059568281
67235,-0.038436202
75725,-0.027094845
17992,0.092210627
74132,0.010637691
264064,0.381477169
245880,-0.72252866
170772,-0.400814324
22217,-0.173870217
68895,0.717764527
20018,0.273420773
72587,0.173639394
14254,-0.595690243
66537,-0.037152172
71706,-0.462828224
77521,0.140425376
381695,0.011817331
15505,-0.503831162
381693,-0.695641353
70717,0.651484111
75860,-0.420712964
12843,0.612826994
21789,0.333131896
269831,-0.777212189
71777,-0.10381808
27999,-0.187354667
16885,0.186910976
13717,1.044208355
101185,0.056373279
12054,-0.145074261
93677,-1.355411186
73178,-0.160089138
78910,-1.641988621
26965,0.020767788
14056,0.176869392
30956,-0.057615927
109267,0.059659565
55961,0.059564243
68272,-0.18550017
71735,0.057818421
13047,0.199402865
74375,0.046164195
13846,-0.435956484
14693,0.051003336
57330,0.033951852
74097,0.177898381
50765,0.998218047
18542,-0.250435149
231801,0.123259796
78829,0.047199998
69871,-0.18777052
231803,-0.11837079
13113,-0.005088446
74570,0.093433968
17220,0.321414519
29807,0.059294935
27053,0.111974229
13396,-0.063246947
269823,0.211489382
109624,-0.089864487
14187,0.356466178
20336,-0.124844265
243743,-0.020608615
12321,0.007677424
232664,0.53905281
27056,-0.261284579
74340,0.614270124
76788,-9.90829e-4
58875,0.353669319
353172,0.204212139
11517,1.672246407
107569,-0.026930947
27055,-0.360005747
72649,-0.046669607
78937,0.233105269
83922,-0.278206325
243369,-0.371928275
67138,-0.329605752
26357,-0.144305326
73998,0.005122705
65963,0.210989388
76507,0.306676676
140488,-1.46498255
75593,0.160711605
93695,0.394473289
101214,0.053909265
54722,0.722478208
71720,0.155578557
192196,0.149831177
78781,-0.146772742
70821,0.479193224
77522,2.257884921
320590,1.372721331
18025,0.359064714
21848,0.024751442
12417,-0.064689323
19242,1.967395003
14489,-0.021293256
243755,-1.457573176
15394,-0.481490714
243753,0.523319819
20899,1.536009043
232748,-0.215569516
13835,-0.10774106
22793,-0.375487977
76156,0.198106066
12723,-0.346356504
12366,0.382348666
76263,0.641609539
64177,0.628220716
13848,0.191999853
239650,-0.341058611
56150,0.209725754
381760,0.211267015
70779,0.286432163
23845,0.391375944
69923,0.011551787
14548,0.073807454
54486,0.622434223
13990,0.070527604
54484,-0.380854114
19331,-0.016678318
72144,-0.153538442
21391,0.256882491
14583,0.303888067
56748,0.049938291
11746,0.089926346
66881,0.336773055
21802,0.101243509
11519,0.783113638
72102,-0.003016513
68396,-0.609034163
12468,0.180424341
73327,0.110024401
18139,-0.002748263
19695,-1.86934287
101358,-0.130039962
243548,-0.690420068
101401,0.065345894
16206,0.311659292
71837,0.14873366
243574,-0.249134673
75659,0.040563879
70020,0.113527437
22377,0.026205868
57377,0.220984141
68499,0.133489217
110958,0.116338475
66979,0.020950653
21336,-0.91839487
56284,-0.023582303
232201,-0.215973305
68888,-1.541081496
72103,0.089910723
54368,-1.012453328
69834,0.051632935
57905,0.072456709
12785,0.067858808
54161,0.094984126
232286,-0.048391814
232210,0.25821788
22200,-0.023210758
103963,-0.05241228
232288,0.161695693
108655,-0.241012667
232313,-0.674725081
12661,1.694764838
56505,0.013443165
53421,0.221623997
80283,0.100056463
18844,-0.796396889
66098,0.045854266
66277,0.249340138
107747,0.403018363
71699,-0.280219213
54563,-0.021270591
22421,-0.296228768
22591,-0.273083715
74122,-0.038163765
21366,-0.170454717
243547,-0.641552534
58911,-0.071179389
16438,0.185949039
20893,0.585207266
192193,0.205669865
67166,0.123211774
24110,-0.334992014
19713,0.315700346
50928,-0.764289148
50530,-0.357050598
30853,0.001631517
69202,-0.145953381
67784,-0.436030865
16768,0.061824588
16977,-0.895261568
330401,-0.249543839
26894,0.238394421
70727,-0.456961938
53857,0.404758103
213895,-0.02228199
56619,0.417578594
17474,-0.546541357
72720,-0.449816667
69810,0.295706436
26888,0.833866712
27007,-0.891499791
232408,-0.321924599
12515,-0.657237955
93694,-0.770637899
56760,-0.904409405
57436,-0.228157132
108078,0.33424879
16643,-1.216198889
19365,0.057744212
16641,-0.412837331
68465,0.185072871
22419,0.286809328
111173,-0.290889319
67200,-0.10434797
214899,-0.071835324
16633,0.780501826
66441,0.026245379
56449,0.292642014
14011,-0.010035853
66813,0.628317978
16974,-0.009634253
70686,0.228909154
67755,0.024236785
74525,-0.134836911
13730,-0.361799753
14812,-0.792084367
54343,-0.073095237
66857,-0.097338343
60321,-0.016967567
109978,-0.675438857
17313,0.694612454
11857,-0.25727234
232441,-0.303407206
19277,-0.147441177
20901,0.07250416
232449,0.356111729
18705,-0.201788431
109135,-0.084091174
11569,0.044218763
19691,-0.155714442
66964,0.195635428
16832,-0.092429475
16523,0.251122186
20928,-0.004589904
58186,0.062139787
16651,-0.326737492
79362,0.101327226
259302,0.075169332
71323,-0.597569648
16970,-0.082160039
14911,0.019441993
16653,0.172343478
97287,-0.080617142
18294,0.066898183
52163,0.272956147
75320,-5.67288e-4
101100,0.2624983
14311,-0.6493733
74741,0.15311689
171095,-0.262540553
12764,-0.021850154
20449,-0.673631808
171508,-0.031922852
66087,-0.052630217
16439,-0.006454323
108098,-0.028321058
110379,-0.004111903
67015,0.19775158
11941,-0.944845947
330450,-0.019230702
67456,0.042680623
387314,-0.404712859
232560,0.579739221
320560,-0.358264989
74244,0.116080475
232334,0.059123706
68971,0.260227466
110595,-0.418810048
67088,-0.21440882
212516,-0.193220176
17193,-0.175459684
81896,-0.070741087
212541,-0.639066832
17059,-0.058498369
67602,0.043714301
319352,0.200615697
28019,0.183317846
66493,0.055320408
21940,-1.349053783
22317,-0.093305064
17000,0.187392047
20276,-0.064293542
21937,0.139059504
12527,0.108276027
19362,-0.540797578
28040,-0.218156342
381813,2.621553155
68498,0.880192135
109246,-0.362315724
21679,-0.360582436
14228,0.327055367
11287,0.825670874
17057,-0.541746891
94071,-0.006246525
93675,-1.075884514
97387,-0.189625317
110891,0.042485785
109889,0.231736246
67370,-0.036127205
22775,-0.503507372
232944,-0.114892656
12715,-2.069930856
13871,0.02106675
20167,-0.21808331
22323,0.17623511
381853,2.659978889
67369,0.044168978
13400,-0.224450574
13401,-0.159899255
21946,-0.081121849
100042424,0.042329361
56330,0.042329361
19777,0.259950791
66161,0.023840118
18726,-5.97096e-4
57776,-0.185916539
664968,0.505442282
19943,0.391661816
381836,-0.147897767
22185,-0.008487605
213011,-0.412418413
212569,-0.111323198
20430,-9.45342e-4
15204,-0.114357761
93790,0.164046555
234353,-0.304316953
243958,-0.74415944
210105,-0.063996424
13009,-1.663679811
243983,0.179827836
83382,0.599703366
13088,-0.285943027
54678,-0.082171524
101831,0.076387436
52428,-0.458341215
53896,-1.485675102
14453,0.446187677
233107,-0.023480543
71974,0.258097783
117589,-0.05544566
545975,-0.425603154
68981,0.146641702
18553,-0.284310869
272396,0.435030415
21872,-0.39223173
67973,0.00116441
233315,-0.355170264
11441,0.679081521
70461,-0.200139014
12144,0.161386026
18550,0.197049806
68695,0.270394455
101869,0.007132566
233405,-0.192635925
29875,0.407697657
23991,0.061159537
20352,0.318564024
269951,0.363805661
17293,-0.183202233
17292,1.023636915
18631,0.476682059
103968,-0.642350518
11819,-0.542802652
78444,-0.680804299
233335,-1.080928481
67009,0.0163034
67867,-0.152947519
17258,-0.236317205
72433,0.362276456
13032,0.704285199
50490,-0.6039413
12483,-0.154358789
22177,0.386659565
74206,0.26185845
29861,-0.301371356
72275,0.351180147
77254,-0.098053248
233046,-0.33585582
73833,0.05163276
57296,0.352991208
20190,0.135302781
18036,0.07358047
50760,-0.045279906
80749,-0.161300486
70584,-0.251871418
23996,0.016144598
71163,0.107147928
17304,-0.390434577
67666,-0.692934048
68048,0.204145555
76375,0.174885268
67994,0.201439812
67308,0.061587129
66365,0.018121666
68472,-0.251324033
66271,0.10309483
83671,-0.199184914
13626,0.184830518
109264,-0.275733369
65098,0.104501108
14085,0.19344465
74041,0.639996001
75985,-0.453718005
68197,0.450116551
75430,0.175026648
74424,-0.300049577
12850,0.324396974
207728,-0.215833696
54208,0.156262947
233789,0.123496025
233781,0.038207194
53322,0.263868235
18704,0.17767376
70572,0.26456116
56372,0.014037549
116903,0.313198834
12310,2.542652126
244209,0.383219941
18576,0.151244684
17907,-0.318656512
67375,-0.697256684
110033,0.287035952
17188,0.059868515
78388,-0.067045417
52858,-0.110779774
233878,0.106335771
233877,-0.049674212
56018,0.326344107
233875,-0.185055292
207278,-0.181593192
69540,-1.613023078
11674,0.206832335
56420,0.10124913
21389,-0.591520412
27276,0.110926838
68616,-0.44331587
19346,-0.161571974
52443,0.145324753
12721,-0.346809329
69387,-0.02159441
20887,0.161494831
75565,0.201510143
56312,0.202938404
72590,-0.020961089
12752,0.174599762
18020,-0.048379367
12478,-0.806820356
67164,0.232342476
67967,0.104943281
70314,0.118410242
70974,-0.496459357
11937,-0.444343592
20981,0.129924461
20399,0.009654966
101488,-0.171479011
56347,0.056340036
71960,-0.089725525
73658,0.22135184
16797,-1.032820262
27050,0.463839041
60504,-0.187439112
67800,-0.503603212
16190,0.084512123
67711,0.110016286
26440,0.034392323
77035,0.067991796
72981,0.023766217
70349,0.039651631
210162,-0.369077697
67420,0.032348257
66190,-0.086298476
17921,0.432205234
30949,0.097495785
70497,0.15538637
68897,0.451220292
57342,-0.087231801
100504195,0.262870304
50781,0.282578507
18479,0.106689849
77647,-1.376587812
19647,0.007948313
233913,0.088943717
21804,-0.390069254
12862,-0.523821884
16409,0.535435542
114332,-0.686265034
67150,-0.471011228
16411,0.228596718
11535,-0.535573166
50722,0.031477664
66824,0.179576501
233908,-0.005294463
21677,-0.186973037
12493,-0.718103734
76560,0.512326914
67773,-0.22961564
12041,0.047050554
20909,-0.001443958
56216,0.045118785
233902,0.074752947
12055,0.123634738
68961,0.06277678
233900,0.031934626
233895,-0.019234825
78921,-0.223329128
18220,-0.053640991
12036,0.377402391
16408,-0.439999466
27421,0.452052186
211548,-0.01975439
27414,0.641943611
66508,0.064765762
67865,0.480788037
21843,0.191997941
29810,-0.0263454
14183,0.220897621
11907,-0.063358266
57752,-0.149570634
66885,0.020260873
55987,0.42159303
70261,0.256682942
26918,-0.8145343
18817,0.518528113
59288,-0.168712707
70316,0.159981102
28018,0.112219857
67417,0.346465494
74105,0.019577623
20277,-0.272563961
59052,-0.121696776
12585,-0.474087772
27397,0.314756862
26939,0.002381764
76932,0.117691744
77505,0.322559972
67003,0.093201149
101867,0.221514996
233813,-0.19470194
16202,-0.172445105
12751,0.058503534
15458,0.027894718
12971,-0.657369996
233806,0.164496504
20128,-0.392046692
73919,0.312357003
434234,0.123089383
71151,0.042302402
77590,-0.463016997
18242,0.233557031
233802,0.006827403
233799,0.226815669
76429,0.697981389
67133,0.384291281
77938,-0.249254
72096,-0.021414853
109359,0.107430792
20821,-0.387316428
360216,-0.077139274
13017,-0.001608581
20133,0.307772115
22276,-0.041826889
66356,0.210508605
71517,0.093329252
66165,-0.091665995
101437,0.252584258
20866,-0.170350626
233575,0.127338316
11870,-1.917383126
17345,0.431332048
70495,-0.069197631
22284,0.16846548
12361,0.241968764
20947,-0.246772523
22390,0.225006037
56786,-0.086174562
57355,-0.270032086
57373,-0.319686794
76954,-0.423228671
330627,0.259933806
117229,-0.529621701
22141,0.676053843
66085,0.449159775
104130,0.121579233
433287,-0.019886633
236732,-0.019886633
18555,-0.063716936
236733,-0.230709806
30926,0.266465238
211577,-0.197429547
72284,-0.244902447
101772,-0.168647734
14082,0.003508418
13043,0.192117828
245368,-0.508882297
56774,-0.066324681
78914,-0.047736985
75974,-0.060523576
72584,0.18497284
21953,-0.081503241
93761,0.432842931
74131,-0.313523484
56501,-0.291514132
19337,-0.940890005
20523,-0.350616588
209003,0.326170223
209224,-0.155150784
209268,-2.433179922
70415,0.528702251
14735,-0.105979915
331004,-0.209292911
21947,-1.689267166
73341,-0.327861977
19655,0.0335967
14168,-0.352909424
54638,0.307932142
20977,0.048190858
54630,0.017699885
18824,0.451782543
54634,-0.159606858
209416,-4.72358e-4
54637,-0.038419774
54648,0.518385883
54645,0.046948781
54644,-0.084396531
18715,0.030695852
22232,-0.032883249
54633,-0.10679041
21855,0.198269224
15185,0.336302246
14460,-1.637571937
22376,-0.105161785
73447,0.113020948
19652,0.431791181
13595,-0.16203236
53627,-0.00666505
209837,-0.998203526
54632,0.062999644
19893,-0.118019304
67117,-0.021739731
14266,0.081326234
14069,0.226785966
22327,-0.204218304
67391,4.26805e-4
17763,-0.134566315
210766,0.069559716
67790,-0.971388804
17698,-0.276029861
15203,-0.61258248
94190,0.076354064
236920,-0.674107718
13641,-0.356765219
245532,0.076160817
18518,0.33794903
67683,0.173138343
107528,-0.135088372
22589,0.258527626
66142,0.226884714
67075,-0.234348633
16431,0.835674386
67028,-0.105868829
50887,-0.123582613
56726,-0.267364607
68792,-0.222288848
27359,-0.271717143
108062,0.3426539
237038,-1.141986497
331524,-0.944332644
102920,0.194455303
12229,0.068791086
11605,0.003886106
331535,-0.578807041
94216,-0.230322283
12830,-0.252748847
50790,0.657596989
83453,-2.301374841
18481,-0.96041614
320302,0.017102447
210297,-0.726168274
382253,-0.583532445
110094,0.007962504
237175,0.61344221
18597,-0.004556385
245537,-0.160121677
270672,0.25847718
16186,-0.83758072
110651,0.178440704
56364,0.076648951
53610,0.088053009
26549,-1.977702383
270627,-0.013936976
20102,0.369457425
12212,-0.147144409
192176,0.020021656
11306,0.259774571
17772,0.151360277
14404,0.524165145
14758,-0.400648611
26370,-0.334417785
18194,-0.106478392
22673,-0.584831001
15159,-0.030374531
245688,0.188063364
11856,-0.450084774
67043,0.072965286
17692,0.02367281
55936,0.131582196
72891,-0.616743513
27081,-0.289900506
108012,-0.381577896
22184,-0.080519272
73738,0.20738999
56078,-0.037168138
22754,-0.047235018
12111,0.171598246
12169,-0.488084638
11666,-0.037201443
69656,-0.882332061
14205,-1.510925443
18700,0.390920167
68854,0.444220922
75590,0.848459914
140571,0.399886381
15161,0.026730233
19703,0.400176165
56292,0.26374405
171207,-0.484456374
12000,-0.700036243
16728,-0.306805489
16179,0.107224998
17257,-0.112454307
18846,0.506514138
66294,-0.215831884
14381,0.140076214
17524,-0.192559988
245474,0.225741043
56397,0.230174776
18823,0.044469643
66995,-0.451204454
53380,0.16258289
14605,-0.200111279
19139,0.09266939
237073,-0.108182642
75746,0.204467347
66889,-0.292480448
50770,0.531427904
17207,-0.027398802
14068,0.723350335
14058,0.911894117
66901,0.156523793
99375,0.110293142
16783,-0.023335307
234072,0.121948988
24013,0.330091351
14456,-0.064569959
19414,-0.236100948
66423,0.159121498
17930,-0.703438223
11601,-0.917368257
52123,-0.080840031
23954,-0.205667829
70160,0.038523804
56229,-0.691467139
18408,0.137725128
244373,-0.044983309
114863,-0.013840909
78560,-0.351750923
66653,-0.107181801
75767,-0.226645602
11556,-1.904178846
13685,0.046857453
243897,0.602872283
170786,-1.602944662
170779,-1.291715203
24099,-1.090392375
12826,-0.088038271
12827,-0.147752087
19332,0.703203214
69225,0.342188609
320139,-0.403993583
102334,0.172020391
76413,-0.17169271
54126,-0.287803319
68192,-0.222854791
22428,-0.271572044
234267,-0.767158748
22341,0.129547495
11593,-0.069342592
50768,-0.620093483
67276,-0.007530773
21951,0.06638807
319520,0.512619882
67887,-0.233637472
57312,0.003035944
102032,0.005122507
18970,0.062752664
16150,-0.123380168
18791,0.738579836
64933,-0.380602919
244349,-0.327236852
11733,-1.51394932
102247,-0.066247483
109145,0.003512397
20377,0.187543109
11499,-0.955252192
11502,0.028895009
69742,-0.110169121
83436,-0.627722162
20563,-0.329710943
23965,0.038823069
320685,1.823840653
52357,-0.353698693
14182,0.124520521
192174,0.021834155
71910,0.285868707
20845,0.462424515
23808,0.263873451
234138,0.108800315
67920,0.017190854
22427,-0.086934183
14782,0.245265512
68153,-0.002045554
19663,-0.274181341
14300,0.015899106
11886,0.189987677
18536,-0.02100829
68797,-0.113885454
11988,0.468161232
52348,-0.039857705
18983,-0.064734865
66234,-0.030625133
77113,-0.031934373
108150,0.176951177
60406,0.272152946
20284,-1.026983458
15446,-1.19969058
13617,-0.168121087
234463,-0.08890479
110784,-0.402790695
20467,0.116805462
234214,0.12629915
16363,-0.258735841
12367,0.232415612
71876,1.044584062
66756,0.113250717
11739,-0.11857639
192169,0.051384511
53318,-0.17184435
67620,0.858726181
142980,-0.366257399
234309,0.275238714
59009,0.087477967
18004,-0.284442149
71306,0.078091426
80750,-0.130711787
234549,0.200992279
11513,0.791343182
26992,0.670537628
93960,-0.113909137
71607,0.061398021
58198,-0.448172377
19651,-0.039603534
14339,-0.36615125
13666,0.014254059
78833,-0.056656059
66083,-0.188767033
14719,0.018778817
12552,0.40229099
17125,0.134787241
78651,-0.2067236
76775,0.030693832
212999,0.152252896
65114,-0.020024968
56452,0.225981959
213435,-1.261529309
108682,0.36885634899999997
56445,-0.007061918
71927,-0.069668518
19724,-0.010375634
106529,0.072478046
71310,-0.115888247
30932,-0.002982322
16168,-0.38104839
14388,-0.193333933
93762,0.08413809
15439,-0.065624096
234723,0.03721786
234564,-1.022870293
75871,-0.489083773
71955,-0.103293816
56749,0.199813348
11765,-0.099483746
244650,-0.356830397
16373,0.281419953
54352,0.383462716
17390,0.485790939
14681,-0.956896277
20444,-0.496208613
76527,0.663510891
23802,-0.06811541
102339,-0.140961019
68219,0.071138536
67378,-0.122608247
72155,0.263032629
75796,0.009483041
17750,0.733725973
17748,0.673945903
67528,-0.111928345
64209,0.10080198
102122,-0.045689804
67801,-0.950010415
107566,-0.431077639
20312,0.070723674
20299,-0.782666382
20295,-0.337020409
109006,0.103520589
67914,0.263808455
20021,-0.013457766
14766,0.438748846
330830,-0.401129763
74187,-0.032834608
16582,-0.230398456
333329,0.064775414
17388,-0.089571666
74166,-0.794700614
101985,0.252230026
14894,-0.007273629
326618,-0.047523536
72297,-0.408147125
16453,0.244947553
66171,0.426713105
26457,0.313301114
67443,-0.011752142
73711,0.248471716
234814,0.065120151
12857,0.360871442
18117,0.24667638
68251,-0.055914747
272551,0.522454279
382034,1.29618e-4
102193,-0.015845591
234797,-0.476686119
78892,-0.435032681
22224,0.236666066
72042,0.19891679
234796,0.103498759
68270,-0.422141344
21341,-0.133083081
546071,-0.092076739
18709,0.263567553
56453,-0.017189336
65972,0.213351729
68196,-0.05517287
19339,0.215736539
12554,-1.202638584
110385,1.718002098
68533,0.221042946
63857,-0.03754259
69528,-0.205526898
50783,0.262643818
12845,1.015570815
66566,0.61954865
234878,0.356185301
74549,0.071313723
53978,0.259504978
170759,0.163615131
70885,0.141613843
13191,-0.233486306
18667,-1.474137848
12562,-0.927284614
65115,0.915935194
68119,-0.150040548
72361,-1.137282823
234664,-0.031571802
68523,-0.094725214
56437,-0.584612824
12556,0.559059446
12400,0.089461941
234673,-1.38646943
71609,-0.07837642
234678,0.407868686
15484,0.872884275
72236,-0.509662413
109660,-0.419622711
19171,-0.217005525
71854,1.324288023
66369,0.096913711
18021,-0.156883279
192654,0.172737078
330836,0.461622267
58994,0.731000915
22751,0.055151085
15118,0.126919261
116733,-0.128541501
97484,-0.098056145
66164,0.041831313
77116,-0.215596945
66269,0.259910633
21750,-0.009362664
74360,0.238749068
66427,0.284963332
270118,-0.307399408
17535,0.067757338
66894,0.01598666
56503,-0.010263799
64931,-1.125395798
55991,0.075436962
234959,0.049314622
69137,-0.554206335
70984,-0.087810726
75316,0.546121615
85305,-0.020684621
30947,0.150529472
93739,-0.182548402
234740,-0.098623643
56773,-0.193829099
66817,-0.041928735
23837,-0.139837775
12927,-0.20772632
52815,0.36580203
319481,0.020686455
234734,-0.098706954
73230,0.94278194
57246,-0.743721079
70893,-0.771473368
114896,0.111241752
66948,0.041822894
72185,-0.127454946
73420,-0.350444796
11459,-1.507427833
56199,-0.038722772
382038,0.028615086
76332,-0.060845075
11606,0.386248384
68865,0.045962348
69551,-0.404525601
66523,0.152421719
14712,0.294455192
244666,-0.039283517
112405,-0.127471183
69091,-0.177297956
83964,-0.152188529
102607,0.101922394
30806,-0.687856923
19143,0.465153528
11804,-0.150723117
22068,-0.56523046
11796,0.358510063
76863,0.143375111
71785,-0.701301926
75747,0.751517183
53376,-0.800547413
21838,-0.067425036
58235,0.224067016
72169,0.68070077
102644,0.770611327
110637,-0.002300365
235293,-0.391121188
72828,0.342542531
70989,-0.501097301
71566,0.181451848
104444,0.230128632
78252,-1.070946844
75717,0.122817827
12023,-0.378382518
16521,-1.312877822
23871,-0.822477134
67703,0.056098907
20443,-0.09740823
69305,0.018382609
117149,-0.071568315
67398,-0.071579823
71989,-0.004401507
76192,0.1572241
110446,0.28687192
19684,-0.29973746
14148,0.053040894
18985,-0.323712249
235345,-0.40285871
73699,-0.20759437
102580,0.145923437
12955,-0.436115175
66952,0.304589299
330938,-0.106719854
170752,-0.102502778
19286,0.124374189
76509,0.343554276
54725,-0.569448227
215051,-0.014926768
22687,0.107263504
21345,-0.049504806
23821,0.121617411
114873,0.452481938
16154,0.156345843
214523,0.42757886
14012,1.029063966
12501,-1.253144273
12500,-0.526048287
213827,0.08706183
13209,-0.072684797
67049,-0.044859718
270151,0.090020074
60409,0.076654437
12649,0.98853575
14385,0.012769412
12282,0.018373873
16430,0.090609163
102423,0.201369715
71764,-0.096539333
66279,-0.082677251
56857,0.326098024
13478,0.034136585
74144,-0.8817346
15288,0.518822538
71732,0.080930349
84004,-0.505563608
23988,0.070640344
244723,-1.052995822
15898,0.340931
54721,-0.047484424
18577,-0.213537704
16201,0.071495227
12160,-0.187708528
17083,0.159687897
20255,-0.41801892
74766,-0.009196678
70082,-0.839236264
59035,0.256013236
50876,-0.905741679
20586,0.050696029
14697,-0.174557688
16835,0.039565179
235041,0.144987151
319899,-0.424590784
28015,-0.120204327
11891,0.520577796
64008,-0.248821653
66660,0.055558355
225215,0.084630917
17999,0.235739859
93836,-0.047259029
12442,0.645794502
71602,0.309938429
17427,-0.71454788
76886,-0.219126794
21406,0.03617073
12306,0.122539929
68178,-0.119425902
93697,0.091852178
19883,0.014518867
55934,0.09844295
319480,0.452754634
14155,0.215281673
76524,0.335110076
75600,-0.262399925
11737,-0.111060395
65099,0.475972377
93683,0.035289674
83946,0.110505512
71819,0.185369967
75782,-0.436061388
212531,0.697812998
83603,-0.333049381
12040,-0.034159949
26951,0.102858992
212943,-0.088769077
235323,0.119048097
80893,-0.20418298
18113,0.191008514
74090,-0.697165665
67834,0.203389107
21887,0.097927693
94180,-0.392941556
58233,-0.396019269
102462,0.27624255
207596,0.457741054
56294,0.097364186
12903,-2.479550255
64602,0.176150596
18746,0.415543198
73744,-0.050484439
72774,0.017398059
66199,0.18634932
74211,0.414714599
26441,0.359046269
78323,-0.27891008900000003
110119,0.344976994
109161,0.152986495
71742,0.128446901
71999,-0.045037096
83961,0.120593109
12988,-0.280339826
244886,0.209779052
110842,0.066718923
13076,-4.039754223
102414,-0.052210268
26611,-0.103515133
19200,-0.137504751
56434,-0.072575373
20897,0.936424538
69981,0.137130185
66867,-0.112305091
12866,0.16254672
12816,-0.150831242
69106,-0.185422203
16949,0.325556987
20320,0.012659132
330953,0.483212095
18007,-0.139164959
68291,0.119119541
214763,0.093427434
67968,0.619354523
14860,-0.342675925
68801,-0.220390903
14629,0.190421838
214345,-0.004919275
66111,0.147296032
19417,0.426559789
26944,0.123400704
208994,0.081062777
13036,0.927237786
108153,0.635277474
22003,-0.004077952
22771,-0.057632989
22038,-0.12980541
80907,0.142828442
18828,-0.040053163
76459,1.122688564
26432,-0.136256209
208117,-0.137376676
235441,0.388494496
235527,-0.486509541
13143,-0.250879548
68250,0.197105376
56440,0.183652068
19035,0.196802425
214897,0.100670676
56404,-0.084873836
71973,-0.251777114
27965,0.237740793
214424,0.078951531
74388,-0.158065393
213550,-0.052856593
66131,0.092554431
330959,-0.259656693
67891,0.453459646
68014,0.339562075
17127,0.516487397
69478,0.259253303
56469,0.029448994
67958,-0.011966614
245000,0.069686733
24127,0.033549431
211586,-0.022026844
11933,-0.223122186
114713,0.077809018
70348,0.399200239
69519,-0.062622085
17436,0.245319398
76365,0.899874142
23959,-0.059963658
244962,0.068739516
56403,0.073517
71640,0.453186067
56693,0.18662185
67213,0.035608463
235661,-0.042153249
102545,0.22349776700000001
68292,0.066511381
21813,-0.002479444
13813,-1.202241664
192287,0.11347129
64085,-0.527093628
74080,0.603294135
50797,0.120454104
64655,0.191772288
74769,-0.445634067
23873,-0.063957998
74125,-0.229405051
83703,0.07462375
17532,-0.15876857
56492,-0.166937498
17973,-0.27437952
12530,0.198707948
54369,0.339070892
17758,-0.394873228
72831,-0.068771072
20588,0.220647097
29873,0.122535546
18054,-0.123279718
235623,-0.018343574
19225,1.038271566
16578,-0.437742694
67169,0.189129026
19228,-0.071279058
74249,-0.741089855
17002,-0.124363445
71268,0.00977123
17350,0.321202975
245038,-0.859869227
211770,0.128267021
18571,0.181283927
72179,-0.071394302
17874,0.231286393
20271,-0.667716548
67561,-0.119102553
74498,0.008642094
74052,-0.395632104
215418,0.0250235
16785,0.465747577
208638,0.14552726
74770,-0.599144433
18087,0.115477105
26901,0.260695585
66904,0.090837774
22354,-0.91600478
56332,-0.661886815
28135,0.012220109
67095,-0.139696573
270190,-0.717783224
67469,0.540580901
20187,0.02730796
24059,-0.473939483
270192,-0.383053968
66202,0.097970123
20818,-0.090978425
22041,0.741821953
235559,-0.044415755
66663,0.01222202
74025,0.070250141
235567,-0.056297615
56318,-0.204258219
14678,-0.261320607
94062,0.048644386
74020,-0.887564836
75686,0.233329434
66595,-9.20073e-4
235574,-0.098756949
75669,-0.072218529
74840,0.10631816
102626,0.467366982
12700,-0.121884518
69536,0.019289427
83486,-0.006331869
19654,-0.083000078
72825,0.053213139
19882,0.385295771
22036,0.246903096
12217,-0.058641043
235606,0.090042162
15235,-0.491499629
320844,0.154855767
27399,-0.094618728
69398,-0.126678697
74153,-0.304633139
80987,-0.005870396
76500,0.248322412
19087,-0.084222418
57279,0.247719564
97541,0.315977613
66257,-0.189443906
434437,0.066799147
78267,-0.015764241
112418,-0.41558607
22258,-0.001065799
103850,0.093648319
218543,0.259575565
78798,0.178683214
330267,-0.530766374
216805,0.190633394
233871,0.032466025
269941,0.621960754
14760,0.31895372
14201,0.337710269
19309,-0.675653237
269132,-1.011495292
232430,-0.244021851
320253,0.066744413
68521,-0.07099749
246727,-0.450221374
69399,0.284582188
330260,0.072044203
67939,0.060956346
12509,-0.241109111
228778,-0.475291719
240354,0.66517816
246728,0.367904004
216799,0.041292216
16909,-0.561845057
107351,-0.069807370999999993
97827,-0.24840191
67246,0.020594966
71709,-0.452802565
228775,0.31876009
17240,0.902819582
67729,-0.181150071
226866,-0.968222887
99382,-0.206739033
14276,0.414452846
218613,-0.011142172
235406,-0.228266551
319713,-0.763649461
16332,0.253527268
378460,0.240247146
108686,-0.071618596
252972,-0.484430784
233865,-0.043088076
56198,-0.118805391
73274,-0.041360697
210710,-0.247744838
170756,-0.107851398
12068,-0.149701557
216136,0.101406236
66066,-0.882904742
12669,0.208104345
244049,0.292001702
233863,0.047429127
216846,0.125497442
78733,0.743447288
11655,-0.105259847
216134,-0.111384807
16772,1.539827149
76650,0.05265852
321022,0.126257282
214601,0.0431675
69710,-0.107977994
14087,-0.400740506
56741,0.627991416
109676,-0.350027172
243725,0.463197517
110816,0.065579922
22063,-0.433009869
76792,-0.087408646
72446,-0.552683321
224814,0.185289732
225638,-0.137992398
67263,-0.137878253
239273,-0.070272366
269695,0.434274059
228770,-0.673844724
22239,-0.972792869
18763,-0.24811228
18442,0.371992296
231672,0.057118647
228769,0.015749175
69780,-0.101221909
266690,0.017924817
207212,-0.318278064
216613,-0.947641869
74205,-0.136129823
242662,0.146661027
57785,0.262106332
18046,0.047244717
231670,-0.028593436
243659,0.334470232
20501,0.085866605
67526,-0.198907901
433323,0.439161832
121021,-0.190891777
269473,-0.138864614
52614,-1.554272533
223272,0.336420534
110920,0.02353083
71805,0.050545624
22229,0.620702977
19395,-0.803092402
67489,0.080344648
23980,0.098514903
73916,-0.115097355
14225,-0.251885523
16322,-0.449856146
108707,-0.026587253
74241,0.268217454
230700,-0.045582615
105689,0.132255193
270086,-0.184160812
94093,0.028355302
18018,-0.342042175
69833,0.163692485
69080,0.218200806
12583,-0.524148622
16640,0.282436277
27660,0.127301028
224171,0.321192947
106877,-0.552620386
72691,-0.623250293
27008,0.25967412
68460,-2.009538297
223691,0.311644845
67483,-0.615315256
244879,0.190190862
223690,0.320257435
110078,-0.015524684
380928,-0.112756126
19711,0.197572654
18642,-0.275693405
14457,0.555537839
12497,0.366084452
223870,-0.16883211
243653,-0.923674528
210789,0.001753656
110253,-0.147272611
71881,0.070611273
97961,0.229954975
218294,-0.112457698
16987,-0.141125383
66432,0.076290177
67664,-0.117002549
218734,-0.130087058
70484,-0.101368544
245860,-0.043957883
216119,0.019325047
106039,0.036001988
242126,0.578028676
208177,0.083191599
319655,-0.318168983
213012,-0.09030239
69171,0.013558386
11928,0.360025773
72662,0.072558738
105844,-0.602959253
23945,-0.202326236
66676,-0.084233084
76789,-0.037207245
21846,-0.838714574
270084,0.571801678
17882,0.237772714
71738,-1.051522936
20203,0.605215501
209683,-0.854789904
65967,0.209405124
19354,-0.260890422
74044,0.167908771
72193,0.058088876
229644,-0.267072697
77044,0.064299677
26386,0.205396202
230676,0.673690948
435684,0.213155377
67534,0.318616033
67843,-0.09957769
269209,-0.099001549
19274,-0.544770829
244585,-0.144173732
269470,0.226739557
72844,0.058851907
100608,0.42451689
19268,0.263511665
210126,0.254575034
17319,0.807120714
99586,0.027761576
50788,-0.109268571
14872,0.164148475
240263,-0.106562306
67655,-0.041510958
230674,-0.014601327
81877,-1.245069888
13430,-0.165472612
54371,-0.508301987
26398,0.136348279
67775,-0.598202251
78895,0.219768124
208748,0.368924622
319651,0.118248501
230673,0.223071004
110606,-0.001471337
114301,-0.562225554
114143,0.21601723
75964,-0.124332929
20321,0.10294417
216831,0.16891715
76499,-0.175939153
214585,0.004429391
77559,-0.100253065
214254,-0.110638536
329506,-0.144390305
68778,0.157536784
78832,0.024996455
69538,-0.326407956
140546,0.174117939
103149,-0.713658094
73724,-0.098566215
57321,-0.043628614
107999,0.018297734
67416,-0.477306131
229780,-0.023024941
74392,-0.659266765
67168,-0.032558277
72536,-0.254107305
235130,0.049338498
268564,0.083404186
330554,0.316364977
78248,-0.77374756
57914,0.424238804
70086,-0.116079085
66119,0.073463108
226252,0.025569854
212670,-0.043951558
319448,0.123684947
226527,0.027914231
244954,-0.446834403
217980,0.102477535
229776,-0.03954429
67855,0.158039265
170711,-1.132201845
327655,0.204903941
104718,-0.278907541
117147,-1.357735846
12363,0.088247126
15932,-0.153383646
54324,0.103472841
235459,-0.04743512
170737,-0.116975804
69740,-0.01237856
215015,-0.113196562
93686,-0.00361831
210933,-0.022967489
71939,-0.499943533
17920,-0.448090236
67564,0.375859485
319765,-0.366117298
17984,-0.84936521
72549,0.281052956
208943,0.546401807
78779,0.22922583
213469,0.590983493
234736,-0.025680263
268932,-0.211692899
75735,-0.192244165
71751,-0.206148639
69587,-0.110079632
319518,0.045379744
225326,-0.012825554
57874,0.347007857
225289,-0.332788752
93673,0.80759682
57746,1.004070942
209018,-0.305499573
234733,0.030286165
223669,0.157572403
74081,-0.042111247
104009,0.066954341
22228,0.158210796
223666,-0.021776445
72482,0.065720092
234730,-0.068147304
668880,-0.744020847
232187,0.344342266
223665,0.271356789
378937,0.271356789
219158,-0.085116595
71375,-0.327829331
105387,0.16068788
11551,0.374700559
94282,0.394204669
57257,-0.47631901
207792,-0.239180174
223664,0.014560315
13655,0.433083202
101943,0.186565023
20751,0.105835027
56299,-0.421238149
102060,0.080063536
76915,0.018233004
66704,0.072450683
79456,0.224769813
244654,-0.539866575
229473,0.094780859
18190,-0.365996907
75914,-0.101007598
231571,0.001398559
226304,0.351304955
279572,0.424792724
142688,-0.130102216
26903,-0.117988766
233276,-0.051758838
11977,0.066356544
108664,0.137569269
70902,-0.169866077
105203,0.044187007
384214,-0.613871433
211499,0.036221986
208624,0.158162127
21399,-0.056557508
73062,0.342720249
13417,-1.180904808
27395,0.171329481
26878,-0.9243475
77057,-0.45262053
217364,0.129161114
99571,1.64034532
234854,0.219530149
16601,-0.196078392
170826,0.444887556
19039,0.106989352
633285,-0.470786426
241944,-0.190256884
218699,-0.147535415
213582,-0.131563562
26390,0.661740628
101565,0.355804842
108672,-0.481716183
72344,0.18126887
60596,-0.62920537
68953,-0.007880622
56209,0.729031407
381038,0.147305714
52202,0.333250565
22346,0.080882184
66916,-0.023202912
101314,0.028274001
29808,-0.014203621
74464,0.374008288
28105,-0.3406242
12316,0.487300425
19058,0.133223816
228140,-0.202766686
240185,-0.482009876
269870,0.055785774
226470,0.055213629
20502,0.371460582
381113,-0.441914098
381845,0.400882033
69263,0.317583207
319615,0.011295052
14800,0.124052545
12812,0.539704731
230661,0.12591349
69926,0.16111456
218343,0.029326563
16525,1.026141414
66943,0.20472765
244891,-0.195830381
381489,-2.034743736
100710,-0.005622812
94230,0.028029846
211651,0.264043238
12461,0.326637247
225825,-1.104073243
68925,-0.066866547
622665,-0.253433594
232237,-0.517613442
212996,-0.305335535
17095,-0.02714014
77110,0.027604496
18679,0.148070702
241525,0.235621126
224143,-0.202468768
227377,0.143794453
619331,-0.283904762
228136,0.097721556
232236,-0.221264464
110611,0.164840457
12388,-0.329696063
74347,0.014797594
12460,-0.055461227
73124,-0.056436983
212919,-0.075508302
382620,-0.150644493
69047,-0.28059641
22324,0.111644846
14764,-1.127124549
22021,-0.380151122
20382,0.081013377
380718,-0.077261374
217734,-0.085648458
216350,-0.017696242
70661,-0.035128425
211446,-0.158870499
68142,0.003631445
207777,-0.338334797
217732,0.27721629
320184,-0.08865266
71874,-0.348724274
108155,0.357359963
20289,0.673305938
216345,0.168745888
140703,-0.464282022
12445,-0.110954249
238330,0.008652656
14073,0.098713577
71970,0.30143984
279766,0.226746867
207742,0.045334205
18195,0.066396014
72552,-0.161504691
105513,-0.069827044
67678,-0.068355547
71843,-0.022902636
78926,-0.143230308
72170,0.417443924
100862072,1.23605423
94352,1.23605423
77782,-0.086132668
75668,-0.398330848
230648,-0.144119813
66258,0.032527858
241158,-0.149038803
228545,0.155248851
11920,0.239262463
14733,0.420768079
228543,-0.25140087
15223,-0.536082686
78787,-0.045047134
224139,0.05059452
232232,0.249241104
353047,-0.17966912
67712,-0.241382659
215351,-0.002219041
55979,-0.016654486
544817,-0.150633622
217721,0.300887465
109075,0.248127489
69882,0.039235064
224454,-0.370976792
53314,0.439143305
72895,-0.080647738
81703,-0.375548717
107829,-0.029678163
235086,0.301905285
69408,0.02016887
14027,-0.332968099
18082,0.239756378
217718,-0.215391126
74019,-0.224381567
225288,-1.045451932
327987,0.064137121
66306,0.0252771
245902,-0.227839212
74032,0.382147273
243274,0.898022932
16571,0.088421093
232227,-0.328176436
66949,0.27811746
13521,0.094089593
66583,0.020362371
208213,-0.485185626
105440,-0.028013611
237911,0.042203812
234779,0.011331359
223773,0.096790011
73942,0.054787247
22378,-0.080497025
12402,-0.107543756
67921,0.127124964
66467,0.023463482
70099,0.076673137
51801,0.681774738
74302,0.016904574
234577,0.514255142
225913,0.95857786
68842,0.174625275
69544,-0.104984382
224833,-0.069832234000000007
74440,-0.299210586
16878,0.342357061
67946,-0.185355513
18744,0.102939997
103724,-0.037423986
240055,-0.503429353
547253,-0.3548245
68133,-0.007517176
69020,-0.085503265
80292,0.116162735
108679,0.002505977
238257,0.161416208
76074,-0.487706673
76357,-0.059239154
225912,0.23122128
192970,0.165373647
214111,-0.493942609
70428,0.095699942
245527,0.729521661
15957,-0.619602187
20474,-0.512655445
18764,-0.200191545
219151,0.150946432
75465,-0.471491393
140721,-0.555859917
75141,1.323909695
317717,0.257712231
54004,-0.002227663
67804,0.101280292
72565,-0.22540844300000001
14472,2.7349596370000002
68304,-0.30015114
13612,-1.173530072
67708,-0.407147853
66591,0.008359677
70823,-0.015230723
14615,-0.605483375
380912,0.261131296
218333,-0.046194487
50759,-0.2407339
20264,-0.528583895
232854,-0.081286501
74522,0.345531883
66880,-0.144491843
245596,-0.640818098
230597,-0.152168721
319277,-0.03644912
72278,-0.055941961
71679,0.067902737
170835,0.335473646
19249,0.376109009
208846,-0.356376627
210106,-0.028930611
237625,-0.081409494
320051,-0.153934493
217310,-0.158571937
338365,0.30099274
17918,0.170078318
76448,-0.091916161
76967,0.156370508
67074,0.019729873
69693,0.173550337
230594,0.197309944
58250,-0.279972955
319468,0.00333568
216505,-0.529575181
245857,0.236374242
210009,-0.045544866
216395,-0.054351546
237943,-0.072531113
17068,-0.647043871
414872,-0.132833972
74729,0.289071488
99929,0.175919213
217305,0.1805029
106585,-0.090208812
16979,-0.136059126
217303,-0.117573801
240255,-0.088437445
12286,0.094785311
68539,-0.348734662
140780,0.089064899
16399,-0.719274971
73192,0.23784896
18515,0.075536528
545124,0.15402351
21665,0.15402351
56320,0.488477512
19826,0.149273224
20350,-0.427816888
217219,-0.162502484
432763,-0.049987912
231470,-0.826336603
432611,-0.477411143
75612,0.066554604
14824,0.071442056
73825,0.068411744
117160,0.29224163
52837,-0.123249494
231464,0.09419282
64657,0.055846569
380921,-0.40234280100000003
329416,-0.727224425
259172,-0.194737795
56174,0.093227425
50721,0.042114751
328329,-0.022570915
72053,0.108310093
114606,0.471267382
399510,-0.074244571
240672,0.373826313
21886,0.451169683
26877,1.005910626
14672,-0.297017358
246278,-0.673862105
106512,-0.076908319
19336,0.146945336
14676,-0.012755115
68401,0.239040964
108811,0.597557667
102278,0.649507529
382018,0.153570623
72180,0.178145099
20663,0.024255371
234407,0.109633819
20272,-0.549208944
74053,-0.359780001
319586,0.143941095
269061,0.0681537
78593,0.37197859
269113,0.147388175
234404,-0.004248791
194388,-0.279067293
67596,-0.857333898
14685,-0.876250048
67557,-0.194935146
109979,-0.781627515
84094,-1.302672052
73668,0.021408259
69470,-0.079952659
329910,-0.142127934
73822,-0.033299762
15945,1.135255512
235493,0.024764814
382014,0.102996621
245886,-0.080208845
67938,-0.47783725
230579,-1.396067518
209047,-0.931476574
110959,0.033846373
94065,0.262800564
21390,-1.186578256
70312,-0.191199671
20090,0.012256128
338337,-0.050776025
70598,-0.373475618
18717,-0.112194337
319876,-0.136979402
215387,-0.272302955
214597,0.390938207
72135,0.299596822
234395,-0.802798401
320772,-0.0378279
27375,0.392512796
230576,0.254177701
74754,-0.221954623
105239,-0.134344684
20166,0.549130551
217207,-0.043961728
66047,0.195817402
80981,-0.327189172
217030,-0.097253545
217203,0.148783014
103406,0.14361167
233824,0.021195014
12606,0.497731736
16467,-0.420098225
271221,-0.294844574
16815,-1.128164233
320615,0.088110041
13144,-0.064983975
231440,-0.082850088
15466,-0.176520784
26949,-0.288310897
13629,0.558803209
15558,-0.105157931
14236,-0.247419799
13482,-0.443804035
80719,0.10247156
217201,-0.012752584
16969,-0.162612892
217578,0.19067755
78658,0.097194371
26396,0.176883666
208583,-0.374421796
20304,-0.869143079
547176,0.371444291
215194,0.005405055
69010,-0.115258397
107094,0.075064105
106794,-0.197364981
245522,-0.370130987
13631,-0.243252293
219149,0.110232704
67013,0.208103735
210376,-0.206977995
66330,-0.683556884
56208,-0.122774333
70354,0.525455708
219148,0.060721007
232146,0.218576777
112407,0.400852919
73379,0.02596889
271849,0.670657361
69847,0.686622733
382913,0.4244188
330361,-0.116334124
242584,-0.466476836
11855,-0.082862083
75420,-0.071757701
76826,-0.128492348
26905,0.142779958
244548,-0.010726515
71770,0.010890378
17342,0.661280304
18130,0.107234639
244871,-0.011437052
57442,-0.443648426
66860,-0.177108674
66206,-0.121170516
217198,0.122698565
213993,0.072527971
67752,-0.29115117
320487,-0.029464439
317750,0.089401183
629059,0.228435904
320091,0.443936477
103733,0.15029185
65106,-0.007914767
108015,-0.054112771
102436,0.215296781
13854,-0.056929011
73218,0.03657165
276950,-0.131878868
446101,-0.570235409
230514,-0.04566699
66094,1.116127294
66624,0.048254829
236900,0.271222936
70681,-0.011130451
66597,-0.041505932
320271,0.129666305
16816,-0.167452672
50877,0.294792134
18245,0.149126505
101351,-0.134024681
236899,-0.395131114
207304,0.122803995
214290,-0.081517599
320712,-1.111524366
191578,-0.088694748
18769,-0.482118866
224224,0.749897866
15442,-0.306543584
21983,0.457907014
242570,-0.785050153
78670,0.061663587
269855,0.02790629
11554,-1.097610274
320528,-0.056841066
269854,0.101950366
217558,0.261553511
76646,-0.229245007
24053,-1.395541462
26891,-0.058572301
17318,0.5709936
26563,0.532515763
231506,-0.195374663
432486,0.647035257
233552,0.079303801
69162,0.084812853
70611,0.06629539
226154,0.215108982
69736,0.089205281
20293,1.295132398
78610,-0.183867654
380728,0.479074559
80859,0.376185272
55983,0.167946313
75317,0.896381451
74386,-0.215255344
100113398,0.15368656
72056,0.214945827
20306,0.683472832
70757,0.328824135
72171,0.208490575
18554,-0.026391756
20296,1.062198869
381979,-0.063520949
227801,-0.078450442
74453,-0.486572438
118445,0.062774426
66680,-0.082596357
233545,-0.033242925
241324,0.730938734
242553,-0.79019462
103743,0.151375618
381072,0.566302982
227800,-0.039726775
76478,-0.079665377
338367,-0.078342632
77862,0.297186871
12771,-0.443714223
15375,-0.001527397
60530,0.137454442
77630,-1.508825456
21954,-1.436403153
71330,-0.042319449
319625,0.329862913
66724,0.16221272
17192,0.052949729
216166,0.058476073
21810,0.627265768
272027,-0.043467782
109332,0.364996715
70335,0.309411491
231430,0.073348313
171286,-0.216892163
213311,0.925631576
171171,-0.550887726
100121,-0.327372879
214505,0.018112662
72843,0.036944684
20918,-0.087106275
381522,-0.504140282
14473,0.308904383
232798,0.015259175
12337,0.083510568
234384,0.303031904
72535,-0.54302639
219228,-0.59914216
77087,-0.159318166
242418,0.115283231
216987,0.037376208
69707,-0.459696622
66078,0.045412979
69770,-0.034596573
77582,0.412381263
328110,0.164143664
69934,-0.230906152
16716,-0.435299745
328108,0.018359695999999998
666060,-0.629789429
237422,-0.035147568
59090,-0.080396707
233532,-0.160186278
100502698,0.027806017
232791,-0.003357234
76238,0.3839808
224116,0.47862366
100503659,0.446968713
66273,-0.16981759
319885,0.166527482
269252,0.20949097
212168,0.107714399
216161,0.348933029
66091,-0.083637575
21950,1.02779229
268345,0.176814356
17279,0.484344741
21835,0.569684824
100038882,-0.359853469
353025,-0.115218418
73469,-0.130098245
70719,-0.17521625
381903,0.492889063
27261,0.469944095
244144,0.529298523
27403,-0.076786704
19108,-0.224175044
114741,-0.039312824
269060,-0.120180782
216156,0.176898467
223776,0.143139664
71769,-0.068363285
72745,0.11574904
268882,-0.097316142
69190,0.233754203
102448,0.136070731
234663,-0.271126339
118451,0.156967539
114229,0.257802626
171486,-0.206273158
14594,-0.335678472
109284,0.244802393
11475,-0.583996583
66994,0.006082461
320150,-0.227665234
22160,2.288155721
170790,0.73111823
57813,0.103179559
223775,0.310736547
241289,-0.180267264
67486,-0.195691128
216152,0.242332204
80289,-0.193019131
320209,0.243570396
223774,-0.037034408
15931,-0.451170113
268481,-0.779221956
231386,-0.146289349
78906,0.159307793
68764,-0.397954488
319875,0.234407346
18483,-0.395088542
73229,-0.204599346
114774,-0.030405422
98870,1.315090904
320799,-0.231893853
235386,-0.141572565
12868,0.162512999
70294,0.224466421
223753,0.169169374
231380,0.157681113
223752,0.37505886
19347,-0.216335976
195208,-0.437404232
102657,0.878990341
237523,1.01783951
319845,-0.19310159
15015,-0.149931885
26887,-2.09431077
404319,-1.271806893
238123,-0.055871306
208076,-0.538263006
214579,-0.16265305
108837,0.276622879
239570,0.016816447000000002
380660,0.133382317
30050,-0.22913199
219024,-0.301622162
238130,-0.498106051
56196,-0.025654397
11792,0.615885361
67937,0.460785482
236790,0.321365532
100213,-0.444966529
75533,-0.474084483
216742,2.29013e-4
230088,-0.139976819
193385,-0.950270599
216292,-0.105775292
278279,-0.029970062
78755,-0.140290845
11546,0.042656155
224807,0.148823968
22715,-0.086478915
77794,-0.105150875
223739,-0.151418312
56323,-0.386473151
71409,-0.706416991
234373,-0.097067226
104831,0.033679589
71726,0.022314957
230085,-0.656471793
227659,-0.072747208
14430,0.050206265
18391,0.147336973
226409,0.203081747
75991,-0.360263458
109685,-0.067412557
75423,-0.045526582
217480,-0.947748032
226151,-0.12069234
225908,-0.058517211
215008,0.205818974
140792,-0.049475727
226407,-0.062429369
109270,0.145288932
171170,0.50818755
218103,1.499583453
109594,-0.439111002
56307,0.244321097
69961,0.066314928
19727,-0.16899107
104943,0.450169668
113868,0.419063167
15427,-0.123279835
17286,-0.507290514
107770,-0.478484606
107895,-0.036455789
106042,-0.849564727
20935,-0.032576265
223828,-0.594737552
234366,-0.150343273
50708,0.224946911
78376,0.568002677
56279,0.442817761
217473,-0.263612258
225998,0.427495457
223827,-0.173067084
67184,0.083134141
51869,-0.095424238
98402,-0.312299504
212547,0.113334986
76416,-0.218769489
239618,0.475613067
66468,-0.306387125
106931,0.356629431
403205,-0.716168167
67615,0.010639196
67419,-1.567649362
78816,-0.06909473
71684,-0.256714816
29817,-0.25231596
67452,-0.005851188
320027,-0.072555891
234699,-0.020238482
66725,0.550106735
213673,0.072027287
107227,0.306118297
227644,0.147913829
70646,-0.078638556
56412,0.269352009
74385,-0.014770675
207798,-0.156821821
16981,-0.90314784
239606,-0.228592981
407819,-0.045363777
332175,0.378884051
211134,-0.353635973
21402,-0.014664297
66136,0.031344596
66661,0.203814356
227638,0.035314415
110877,0.534022779
77480,-0.118232502
242050,-0.773024619
218989,0.049177257
98766,-0.066271147
70839,0.247895099
234356,-0.367985484
74191,1.01205524
381110,0.622461993
66870,0.074471439
69038,0.182534096
30946,-0.097875047
320827,-0.207505706
140795,0.482227517
13197,0.327882779
77371,0.126483002
244757,-0.163965004
76497,-0.244325573
14701,0.053692899
381644,0.031248027
68283,0.520191534
545260,-1.011544633
14751,0.348197673
72726,0.069578041
20439,-0.174554137
69940,0.048543902
18166,-1.036591373
12314,0.141561219
59016,-0.0713935
17022,0.965228637
319594,0.030889544
71302,-0.174970233
101543,0.052180092
13709,-0.096737206
214058,1.212190968
72925,0.18885611
224617,0.052917455
18209,0.052917455
12226,0.267478555
386454,-0.344059097
216238,0.060467663
225358,-0.133220482
245386,1.488293058
24017,0.039836754
75454,0.24717625
52245,0.158885436
268527,-0.600435046
108723,0.236191755
19024,-0.112259361
77980,-0.152110109
260409,0.133111718
234595,-0.021110097
69942,0.035843891
216725,-0.085172068
234594,0.152853577
434756,-0.84238978
100041574,0.038255062
100041621,0.038255062
381062,0.038255062
231147,-0.356943189
74239,-0.161989231
243914,-0.344775486
71474,0.0263925
234593,0.149227952
78339,-0.441615743
210982,-0.155295543
56188,-0.87636757
68134,0.239230895
57780,-0.062508564
229285,-0.328748481
14164,-0.454000652
14347,-0.012779168
71435,-0.35885666
14960,0.207994048
242939,-0.813186426
244608,-0.595737981
59031,-0.123246431
140570,0.265587584
67484,0.050823303
380752,0.016692045
170767,-0.057692993
208618,-0.134467452
103534,0.192204865
74772,-0.089540189
66248,0.162888941
17136,0.339450172
26373,-0.103980187
17766,0.100129961
227933,0.217582414
76795,-0.17308385
227619,-0.176752175
71693,0.247648829
105841,-0.204552898
77574,-0.092729978
320394,0.135009484
237500,-0.115461644
223921,0.023453779
212139,0.057125919
231832,0.149899229
75416,-0.046324221
239528,-0.107402468
12283,-0.134619938
74256,0.031970894
231830,0.594893324
22758,8.46196e-4
68035,-0.150749537
108737,-0.113407737
73677,-0.133246901
70892,0.104108615
67116,0.173880449
110323,0.056788148
227613,-0.071555939
30045,-0.091449443
227325,-0.57770353
209737,0.367481868
72404,-0.291119317
26378,0.014357814
68743,0.712156191
214627,0.06018667
67941,0.267666286
67455,0.155450007
109241,-0.109264597
241275,-0.315155076
382030,-0.100667451
102680,-0.099184892
269109,-0.08465875
77053,-0.335627512
194952,-0.137554738
245847,0.424407366
106021,0.035972521
99167,0.424440477
101883,-0.056587493
65086,0.255674832
241274,0.381159638
269437,0.104022041
66340,0.079223611
20437,-0.120253683
75660,-0.036529659
107733,0.050239351
171166,-0.085095167
243912,-0.509459266
22417,1.007079615
67212,-0.044062076
233651,-0.398434594
214804,0.052687558
333193,0.103777277
17130,-1.046468721
66421,-0.125898524
327762,0.21435338
102093,0.01381602
52538,0.178220517
233071,-0.16874427
622434,-0.431923103
12259,1.200377239
227835,0.062187501
56189,-0.184785765
77683,0.175324589
74012,0.068950457
12262,1.271363737
72154,0.04222897
74513,-0.532518599
14370,-0.003031874
12260,1.229651799
54445,0.217312348
330890,1.298743654
330863,-0.181707096
208968,0.220525125
225049,0.4183813
216021,-1.184390376
50878,-0.226487112
243910,-0.083559243
26926,0.146206755
66714,-0.30436175
99982,0.058776472
114615,-0.08093162
235442,-0.07523087
213068,-0.572909728
231807,0.278421422
277468,-0.178871295
72320,-0.155979559
233067,-0.040054048
320376,-0.174866562
226356,-0.285883257
56631,-0.122041317
223918,-0.131923858
66455,-0.143728237
66343,-0.126794663
68999,-0.172142299
21343,-0.057726688
224481,0.092108494
208884,0.040761393
18854,-0.071248346
55992,0.124193276
73945,0.02901691
56488,0.172858334
230837,0.219407854
22698,-0.322637989
209039,-0.550348676
170745,-0.527910099
56314,0.41549674
30878,-1.000701885
15275,-0.167661782
268996,0.042005971
20608,-0.440583143
242022,-0.871890211
22697,-0.096588848
233064,-0.034332332
109136,-0.22653379
15376,0.015318926
26465,-0.024691181
70423,-0.223753316
11785,-0.077131046
16324,0.896353856
20597,0.095657387
67869,-0.027863438
109042,-0.15654744
54673,-0.188696795
19656,0.117104721
20249,0.194456632
93684,0.058794516
75841,-0.056514606
68260,-0.033350966
73836,0.249737158
76905,0.923467221
215445,-0.08497975
73301,-0.555572782
212123,0.021858293
56468,-0.059170143
631797,-2.029588598
381678,0.383151364
241694,0.385125526
73251,-0.136992093
235344,-0.193805562
210998,0.236683194
73728,0.258754157
214531,-0.054190745
102182,0.046164715
16764,-0.846124347
242702,0.411351636
78774,-0.489095852
78514,-0.162789348
104721,0.117227092
216011,-0.217086853
66377,-0.09100844
230828,0.837074303
68458,-0.8765561
18109,3.761143276
243780,-0.044918979
69257,-0.101858451
74127,-0.285546224
230824,0.369658955
56368,0.195226883
69310,0.43450094
76938,-0.036933567
18646,-1.238033899
68118,-0.005444684
26968,0.452249363
231128,-0.091238775
24063,0.233204254
73754,-0.235238085
623661,0.337002864
20964,0.286742533
68929,0.005064996
231125,0.069816184
14173,0.949881382
320191,-0.040011063
17122,-0.045771434
17184,0.018956044
101809,1.008674564
29876,-0.560768917
103836,0.169774262
74653,0.049296397
240396,0.007141934
16425,0.374689583
66939,0.180004201
241688,-0.207307223
52120,0.135137551
16588,-0.012696366
73458,0.446822707
27981,0.006803368
229227,0.044213744
216766,0.133386072
69071,-0.00308677
107586,0.0970221
207839,-0.28990314700000003
20842,-0.051217195
272589,-0.095962863
100017,-0.316672155
67207,0.248073625
234875,0.147948088
230815,0.01750011
21335,0.369159259
382207,0.15135590300000001
67384,0.150363772
215243,-0.912992077
21354,-0.13735531
71492,-0.176535964
50817,0.076920526
73158,0.171607343
432628,-0.491428158
26411,-0.233823888
74504,0.098979773
236727,-0.146234778
319944,0.108758422
83704,0.117746821
60322,-1.005698331
71904,-0.151465547
68323,0.237497937
226977,0.11241937
68614,0.131142384
71101,0.869266979
75905,-0.399777987
66055,0.037735616
18133,0.978835258
270035,-0.068635226
83701,0.036477791
100163,0.224547955
22289,-0.017811636
18605,1.861183135
13016,0.008852247
226861,0.286969714
66926,0.119662086
100689,0.374386985
214742,0.149308643
76295,0.198009532
15894,-0.227186642
330723,-1.085600685
94220,0.059022044
67016,0.045250759
18787,0.475512427
74334,0.047824887
240283,0.033145141
24115,0.026853407
71946,-0.442612328
277854,-0.259307276
100534273,0.326050425
22782,-0.66077234
22361,-0.175550639
70012,0.10848379
22157,0.507303003
214855,0.47394542
76306,0.374422167
54375,0.029769147
77065,0.251826944
233040,-0.274225444
21847,0.315917462
104732,0.379462864
320011,-0.051545196
76843,0.412956951
331401,0.010958151
75302,0.109397953
70790,0.055066115
353169,-0.405079926
320158,0.977918824
56506,0.727277839
66208,-0.147861926
214469,-0.057301072
226970,0.08799492
74450,-0.067666732
233977,-0.02748511
228607,-0.01237059
75284,0.188802097
100504663,0.104380881
74600,0.369461033
192786,-0.047734362
78938,0.37803127
210274,-0.223664476
237320,-0.255567594
218977,0.496933797
15000,0.273860473
101497,-0.156358452
503610,-0.111292351
20055,0.174832751
226841,-0.00422261
51812,0.154233435
218973,0.151243056
22057,0.008300735
71932,-1.018983032
16512,0.164934313
14528,0.068272679
217887,-0.240870781
69073,0.390381064
18102,0.329038072
319387,-0.303084473
79196,-0.419265548
72567,0.123303313
72413,-0.47644112
79201,0.634265583
26942,-0.270034045
71093,0.338607675
230796,-0.141638656
16526,0.213747252
18417,-1.943649081
626596,-0.442148892
72391,0.644921511
194744,0.597686332
382639,0.18129393
22718,-0.308844366
18759,-0.221894128
666173,0.255279565
14998,0.393804482
241915,-0.049792975
243043,0.052117057
20516,0.501734869
71862,-0.007767057
12577,-0.348757382
68832,0.049198298
319758,0.065605009
70435,0.01418606
272636,-0.048510349
70882,-0.835126441
11980,0.513579886
104816,-0.275816275
230793,0.00961313
114874,0.224646104
241638,-0.133859851
12520,-0.081721412
58909,-0.437972856
52637,-0.073799263
218952,-0.390766579
382077,-0.061484426
67878,0.062912632
54342,0.306959957
80986,0.748302968
80732,0.042860831
230787,-0.033194372
77569,-0.723513017
330721,-0.367145481
99045,0.170130374
13627,0.464681441
216971,-0.257761954
381560,-0.388071108
228852,-0.899823337
19217,0.504209947
109275,-0.055857063
66859,-0.598847472
19935,0.342289557
319513,0.040173418
17194,0.972502623
72507,-0.051295238
68020,-0.05557779
232023,-0.359616048
268448,-0.1168558
11720,0.399136096
19896,0.638116108
72826,0.100859274
228846,0.44309715
12385,-0.230232768
109082,0.02121669
269423,-1.408484813
21817,-0.393898261
68552,0.003240856
52588,-0.132992056
243382,-0.21749756
328381,-0.125169175
382137,0.19155989
170799,-0.51834293
225994,0.052242766
102639543,-1.155973363
105148,0.179295029
12876,0.553866679
216049,-0.788949102
68564,0.089767515
383619,-0.026043648
13654,0.655623688
13349,0.222823364
108829,-0.03731177
67333,-0.099235213
18218,-0.402977189
213081,-0.076566111
73173,-0.675941495
51788,0.337610702
217864,-0.086111334
19261,0.249215896
74251,-0.119632731
76809,0.479242783
268445,0.441241986
243025,-0.108350918
17995,0.065014176
234311,-0.318309552
242248,-0.54490041
237860,-0.157962637
76895,-0.433269141
57376,-0.218728712
20778,-0.036243902
66170,0.186081584
234515,0.124573559
12775,-1.011339056
30938,-0.245148916
102566,0.192466213
69641,0.010777573
237859,-0.007001747
68480,-0.050036392
73121,-0.949131546
106205,0.153791516
18081,0.209996636
68721,-0.101185826
20621,-0.316055257
232016,-0.831054057
17833,-0.635378946
235599,-0.053537228
215707,-0.554521683
237353,0.081261336
223970,0.133498036
19401,-0.204104999
64340,-0.024669521
93842,0.369296262
101187,-0.085873765
212285,-0.446901562
497652,0.163544215
57354,-0.015153185
72612,-0.064250581
230379,-0.7167161
72778,0.655156654
76138,-0.193122032
56087,-0.591904399
68524,-0.139405964
218236,0.147571747
268480,0.14682753
330323,-0.388841747
21871,-0.083544376
329877,0.074240705
18676,-0.29799393
319801,-0.116291906
140559,0.526114797
12703,-0.172511879
70297,-0.408368533
218232,-0.234868564
67390,0.033735282
230376,-0.105982837
58239,0.035925997
231051,-0.127899676
107607,-0.508170587
106878,0.179943896
320256,-0.608304147
75677,-0.797905881
68235,-0.585600337
218215,-0.070807026
70925,-0.019291594
338349,-0.106931562
231050,0.043088004
231997,0.399478706
381259,-0.27137787
218214,-0.215586687
74143,0.192562168
70873,0.034810049
69253,-0.288776866
224079,0.362437001
243272,0.011201346
320714,0.009965941
244810,-0.49415243
243634,0.327031905
228829,0.006429623
57810,0.058168529
108654,0.278993643
544696,-0.14875551
269702,0.018973595
67501,-0.087943655
12326,-1.007229212
666794,0.289218803
77106,0.049874406
71069,-0.214945801
20623,-0.291667101
18131,-0.556414587
12523,0.239511908
66612,0.021819574
12142,-0.770658016
14869,-0.869368278
233744,-0.771255117
11793,0.05210562
213522,0.278482964
210530,-0.144945013
83679,-0.13227946
69863,0.337613088
320981,-0.482748958
213056,-0.107162228
218203,0.013670359
215113,0.139989117
75345,-0.793834668
245865,-0.436352043
100910,0.135694576
68815,-0.186055493
380713,-0.443623777
280408,0.218983188
16495,0.276251243
108097,-0.219780363
50753,-0.047360592
320655,0.398397064
493583,-0.759644724
16429,-0.759644724
66631,-0.184184262
213233,-0.285634598
331623,0.282106247
382010,0.25820263
380712,-0.016959695
408022,0.164430416
245050,-0.698523785
16456,0.039735376
15404,-0.344004082
15464,-1.585584266
71365,-0.099474815
16328,-0.286107422
320878,0.423672882
109205,-0.442039887
74841,-0.114520459
68298,0.060134188
15402,-0.712338381
77578,-0.101518719
14563,1.983476224
68667,-0.030794774
20361,0.136083432
73102,-0.341895421
246257,0.107791239
320678,-0.01389111
14109,-0.030950121
171209,1.32352163
110109,0.431752908
14628,-0.021891999999999998
68021,0.142060036
103677,-0.138085023
102141,0.13285048
384619,0.017838043
213948,0.039834526
233733,-0.450649468
225348,0.184503326
71982,0.104374236
215951,-0.310910688
54215,-0.739641777
67198,-0.938638512
108687,-0.01347137
16511,-0.221391398
73467,0.100204376
56407,0.016329724
212712,-0.148934914
140742,-0.298565288
104662,0.3580882
208104,0.104729266
353170,0.314964558
269800,0.031686836
21646,-0.416270293
227120,-0.543538753
97761,0.225647202
217151,-0.38914413
213121,-0.027141476
66822,-0.040746591
16796,-0.152767759
230393,0.192303016
56406,0.106809167
66425,-0.426737763
319934,-0.06370244
218138,-0.088954419
60365,-0.08961975
68728,-0.090334844
22137,0.020628768
228812,0.456811615
208043,-0.305869601
20130,-0.269336923
56524,0.649306379
14788,0.330298846
56338,0.041302698
67031,-0.047377913
65112,0.582393013
14238,-0.605639757
69585,-1.827077703
233208,0.106836226
56295,-0.042908551
15220,0.681750686
69957,0.092386271
103199,0.060234515
13653,0.552599869
98752,-0.725459396
72748,0.03056647
26447,0.158762765
22225,0.091803332
246198,0.004503698
71713,-0.123272901
14794,0.312172665
56013,0.407557325
209773,-0.403419649
272465,-1.038305356
70178,0.162303208
66694,0.237564903
320078,0.191231758
75608,0.101874133
70729,-0.099368129
78334,0.438532359
21781,0.359497064
192157,-0.038281327
64051,0.799106701
66491,-0.01691844
229603,-0.233527424
80721,0.319243156
234076,0.060994151
75210,0.04023236
84113,0.204945525
67943,-0.199839882
102323,-0.012650801
243771,-0.266828063
23886,-0.128106567
67239,0.207150286
66790,-0.780235353
73174,-0.476405716
16468,-0.054474595
233204,0.051635167
50908,-0.203011032
215929,-0.120997139
319262,-0.025980624
67211,0.323510271
23831,-0.629003943
232371,-0.115656421
215928,0.262761534
19736,0.103786028
12396,0.031216586
71240,0.136438045
235469,0.153868831
320538,0.013823409
107503,-0.39432665
233424,0.048965311
234069,-0.07335768
229600,-0.760070408
66209,-0.013591662
66515,0.420241973
56705,-0.0293827
229599,-0.86136819
64339,-0.060235321
225362,-0.198227423
83395,0.026516431
101592,0.162891642
67661,-0.202988035
231724,0.458117767
330577,-0.330773987
228802,1.268352657
96935,0.147591361
634731,0.671588773
320717,-0.137711681
18821,-1.216460146
83397,-0.264812568
654470,-0.003973428
100038725,-0.421854631
140494,1.716937725
75687,-0.479830768
229011,0.429853072
14700,-0.26794118
210293,-0.14071921
101471,-0.027841437
17210,-0.100690806
18023,-0.251020007
66985,0.062808945
56205,-0.096712135
69790,0.00285103
107769,-0.227486242
67005,0.387385187
13244,0.094699756
70552,-0.06084305
208665,-0.264734049
13040,0.617450969
18971,0.154666791
67148,-0.059792775
208647,0.220138204
107702,0.261736599
226089,-0.002885954
244091,-0.587745504
235439,0.067656015
14745,-0.3626233
233199,0.229570251
76688,-0.248198434
268935,-0.340329562
83925,0.060210197
68083,-0.124810118
269400,0.143885431
57423,0.048812647
15412,-0.588448754
66124,-0.095991373
227743,-0.126036638
102162,0.177294251
15413,-1.076669851
319901,0.623061715
229004,0.037951212
54214,-0.117545776
75007,0.184011737
27425,0.04231968
18516,0.093238542
15415,0.123113876
231889,0.14895895
192190,0.410596084
11641,-0.711208117
218121,0.023858739
226757,0.094430914
67429,0.144384078
243961,0.433540855
72543,-0.065046009
70726,-0.500840216
20459,0.258744028
237930,-0.466364371
70699,0.135353591
224742,-0.118110527
116904,-0.596945614
545622,0.339560486
213054,-0.038556945
277250,-0.071654757
77987,0.065295096
22351,0.535987001
13849,-0.37095845
20360,-0.75945238
75788,0.046158567
106766,0.17356813200000001
53621,-0.065408173
117158,-0.863167706
13590,0.47209067
22691,0.12890803
338417,-0.378384657
67695,-0.03682563
102632739,-0.03682563
208768,0.121929571
380711,-0.560077917
14710,-0.383716359
67674,0.023430003
54366,0.578803523
209462,-0.089264521
230234,0.262959453
68796,0.145738806
241308,0.206997904
76223,0.072273963
68915,0.417554908
14537,0.225421573
16558,-0.049064134
18673,0.173123421
237880,0.173123421
228994,-0.011750891
320404,-0.5669182
66898,0.347592664
99326,0.248545836
107650,0.021470712
227449,-0.079410597
12183,-0.78008443
11906,-0.435770278
68031,-0.208303451
223473,0.045807544
79044,0.419273298
319278,0.246094487
140481,0.187137841
233189,0.204284255
215512,0.261799341
384783,0.351359968
319601,0.141580126
269261,0.580456957
229584,-0.072363813
381175,-0.277662259
217127,-0.043295275
224860,-0.065850495
23856,0.007259131
269955,-0.085470452
109232,0.277135434
233406,0.591065277
226744,0.085668174
109115,0.303452396
353190,-0.440755236
108115,-0.372572379
100042355,-0.023894434
22195,-0.023894434
18604,0.174184699
231876,-0.275074652
19352,0.269060718
217124,-0.217443335
271887,1.703238022
17828,-0.133763485
239364,-0.36407335
227736,-0.53916696
252966,0.075938637
105245,0.190726014
100763,0.072719649
66481,0.260904621
12161,-1.350831923
21898,0.229413155
54381,-0.089452693
233186,0.72986831
30057,0.194818233
212508,0.352811638
338348,-0.276110488
73910,-0.03881678
75812,0.020008361
26938,-0.282524056
56436,0.131835465
70420,-0.169048762
98910,-0.101828658
329777,-0.139404109
235169,-0.043761938
228983,-0.217259523
268465,0.340156328
244281,-0.843495422
229949,1.013411303
16790,0.064782058
67856,0.46941532
68073,0.161295104
17463,-0.04152654
108946,0.056598147
52856,-0.217511858
218820,-0.176133415
12643,-0.481199733
269397,-0.083812317
68750,-0.109105782
237339,-0.209315403
228677,-0.933726796
237926,0.213761587
626359,-0.076120933
223455,-0.015016656
68810,-0.622625425
66290,0.230817461
241846,-0.012817799
74145,0.635648476
104601,-0.462865843
68404,0.873470563
104099,0.44694047
215798,-0.742683949
228980,-0.313951513
353211,0.782459751
98828,0.074818548
232679,0.046883358
54120,-0.278004976
73750,0.999881599
227541,-0.085295092
20227,-0.119355507
12393,0.086958451
20420,-0.438754906
381409,-2.23317186
116873,-0.878052669
98952,0.048807574
100182,-0.338727328
22214,-0.153818492
67899,0.137415927
71254,-0.195285707
432442,0.042210418
170757,-0.523211084
223453,0.309772022
18975,0.081343479
67249,-0.125685364
70426,-0.55830548
105351,0.132009131
26426,0.066285291
208836,0.328673738
19664,0.046227563
268973,0.262482952
19771,-0.299114854
73737,0.210737664
18405,0.655724154
11534,0.177101126
70796,0.066349453
209815,0.105247226
54608,-0.007276533
68379,-0.025381088
231871,-0.044279804
210029,0.366117149
67769,0.062197313
16173,0.508934257
75956,0.208913492
94246,0.201859277
52040,-0.066522441
68028,0.500221516
108903,0.029343072
20937,0.056143974
74732,-0.680936421
70430,0.088845971
69608,0.040981878
57444,-0.482336863
319530,-0.481984869
21808,-0.688367977
97884,0.244743323
231868,-0.106716173
226791,0.242981521
246316,0.888207447
238024,-0.294944563
99011,-0.155707997
58188,0.214579579
227723,-0.165072399
228961,0.287739436
83408,-1.039356303
230316,0.211498618
68837,0.011487358
27215,0.024115162
72007,0.142769689
217370,-6.78651e-4
214444,-0.010678786
22035,-1.328650656
238023,8.86645e-4
17423,0.073441999
209743,1.89533457
76438,0.045878209
98732,0.11029573
16008,-1.040002571
68867,-0.164471948
239706,0.28594596
76252,-0.535168157
226777,-0.85903653
54380,0.026605737
227715,0.183699943
73068,-0.095890898
233489,0.178885147
218811,0.023440437
381270,-0.24982888
244484,-0.083541326
68760,-0.880028312
15284,-0.487965408
54636,0.295613738
63953,-0.444384782
12563,-1.106065721
70884,-0.984778624
381269,-0.128173053
234258,0.308512103
76453,-0.510953907
70673,-0.009664334
320473,-0.123144539
66797,-1.055727636
208211,0.105807954
72759,0.300961892
54384,0.074532897
192653,0.629503868
67229,0.349995878
67880,0.48152731
382083,0.406546078
338467,0.089835082
19041,-0.08844389
268783,-0.161489093
102791,-0.14523973
77031,0.212080744
70546,0.157634656
170644,-0.168772586
22393,-0.281531952
20204,0.983747593
231861,-0.287123385
78506,0.09045936
319638,-0.044834963
18188,0.42196167
72323,0.038859593
72480,0.705613677
227526,-0.372820473
212898,-0.097161095
98999,-0.390213539
234865,-0.049683914
224648,0.188002144
110854,0.055568484
386463,0.903875846
13123,0.630803974
20371,-1.001459817
230967,-0.10520604
54670,0.268404947
80286,0.029711615
72580,-0.116669238
20853,-0.005010174
17967,2.70738544
76670,-0.238947229
230959,0.494029235
212892,-0.615690674
54646,0.079261908
207740,0.134566372
260305,-0.255666819
232035,0.09246704
242443,0.512347874
270163,0.018545045
105428,-0.099531965
53901,-0.660467076
207181,-0.083245004
67063,-0.204087642
56424,0.17017975
68591,-0.236007103
319582,0.294374271
277360,-0.248393861
231855,0.146255672
328779,0.179291583
320609,-0.470698246
51810,0.076051277
77609,-0.326294739
244421,-0.175285674
230162,-0.267266199
78885,-0.354059227
56282,0.361157187
246154,-0.103083844
70266,0.464174664
208922,0.284857824
20182,0.036634792
227695,0.175549574
57295,-0.018622088
66431,0.496822828
228880,-0.26279993
246133,0.388404252
75568,-0.580018477
70296,-0.016111331
121022,-0.215688579
66988,0.640742743
330222,-0.86122414
227693,-0.037328057
66665,0.14516413
211329,0.181980833
74481,-0.263495678
99526,0.310384346
217365,0.006251665
320506,0.265050402
16826,-0.691076174
269608,-0.018556242
71820,0.251292578
381406,-0.007193756
104245,0.082479786
214459,-0.191188838
66801,0.061951534
52864,0.025983124
56737,0.093208142
268515,0.098267367
53415,0.030619294
269717,-0.051909812
26909,0.598496161
242960,0.139076129
72041,-0.082323549
99480,0.039382917
69876,0.046521054
237310,-0.58349219
246738,-0.153041649
231214,0.053495634
230935,0.233368043
383295,0.050876093
20022,0.141656972
230145,0.061710269
12009,-0.028060508
231207,-0.068672867
98256,-0.568670315
99151,0.49357989
71063,-0.141044351
66361,0.371645082
73692,-0.086257356
228869,-0.021476339
103284,0.021489827
381605,0.237497611
216459,-0.007466798
227682,0.059849487
545085,0.119940655
214137,-0.562890726
329559,0.054013974
215819,-0.140625919
100502841,0.07851552
627049,-0.167227888
244329,0.154592347
107746,-0.332317746
228866,-0.003942683
338371,0.451712198
68703,-0.131297456
74735,-0.280039524
58212,0.013464625
213603,0.320495947
415115,-0.048017498
380629,-0.301752127
74511,-0.942980786
215210,0.30714043
66789,-0.126502399
378431,-1.091682202
14190,-0.344448924
71617,-0.018762042
70967,-0.010292596
268512,-0.020878299
17684,0.075228615
74646,0.353080382
210582,-0.065946766
215160,0.134531718
207932,0.048741595
212167,0.416553038
18707,-0.297954292
19219,0.148043476
18798,-0.484324053
13138,0.056954802
65945,-0.307063549
269019,-0.766162096
77037,0.351614079
320204,0.223436206
215114,-0.30917201
69581,0.909609522
207607,-0.433558751
30046,0.099585866
242860,-0.110666614
207592,-0.187101161
234964,-0.617220142
237256,-0.336543696
207521,0.337159933
269336,-0.082968854
56306,0.114408094
68770,0.247569314
433667,-0.019971669
12418,-0.049936304
214764,0.180200468
21853,-0.144331214
102641031,-0.698451492
15950,-0.698451492
50791,0.487526025
215751,-0.184470638
228536,-0.054208321
14687,-0.07636271
20539,1.248619807
19218,0.955634026
20211,0.097703916
226139,-0.050076559
16798,0.141146061
74998,0.061764615
213541,0.081843415
20210,2.075464102
15568,-0.016083047
320727,0.077693593
20847,-0.253270514
69912,0.087817434
214240,-0.110535468
320840,-0.230081804
21821,-0.008293747
56516,-0.115909031
50793,0.073507689
68342,-0.043729418
116848,-0.102948982
14623,0.734068058
18796,-0.057957445
12236,0.700676986
171543,0.353490879
224613,-0.264469524
232539,-0.196963599
74411,-0.009477853
235283,0.153694726
232536,0.09733598
12293,0.031245856
66532,0.121300414
219105,-0.054248332
98376,0.142960256
233919,-0.328689173
108767,0.127868852
381413,1.390663911
20927,-0.724804704
77252,0.335463525
71746,0.073699247
109731,0.12913632
23908,-0.139716631
21825,0.897302454
76281,0.183234393
170776,-0.020109703
67143,-0.096782421
55990,-0.494030781
69113,0.070909083
68277,-0.186888507
14261,-0.881108747
140577,-0.482204329
272322,0.420383858
24044,0.289894485
211535,0.025602266
210035,0.248418924
68026,0.400239118
170753,0.31049399
13732,-0.014382702
229905,0.171102762
235330,-0.291125294
104346,-0.103012258
226562,0.03175116
23890,0.294144405
67623,-0.175116988
66682,-0.102059073
67529,-0.091391724
108995,-0.878382711
16971,0.35229662899999997
71177,-0.03502651
229900,-0.449528086
108151,0.162691939
76441,0.144236756
234825,0.710233149
14468,-0.024666474
103967,-0.515497045
101476,-0.315608164
66230,0.099662597
12014,-0.348591205
329470,0.240822777
12571,-0.108485651
23969,-0.877503387
407790,-0.623103464
399568,0.175495833
237754,-0.072671106
237611,-0.616070466
15213,-0.95142066
230073,-0.281093858
226551,0.047696941
330660,0.093647535
269623,-0.064136914
11695,-0.455832854
240084,0.428271364
228491,-0.072687258
229731,-0.095799082
321006,0.003263421
78309,6.84335e-4
16196,0.045142928
67872,0.072527908
329739,0.274521684
216445,-0.07154975
94089,-0.130826566
70797,-0.063300793
216443,0.177555379
108077,0.173372486
67490,-0.004809749
71458,-0.049204697
56546,1.648245095
211007,0.078853249
67636,-0.086199766
81006,0.595220712
19302,0.097536527
56410,-0.044937462
11834,-0.10290077
19045,0.053519827
212390,-0.839948049
99512,-0.195771333
269881,-0.18986174
68904,0.006854735
100986,-0.173284975
269514,0.071362997
229722,0.114711597
246696,-0.11657558
80904,0.214699231
381305,-0.137242342
233020,0.346888993
69217,2.18915892
545725,-0.326542159
71795,-0.63184805
245007,0.077333887
228366,0.872869856
17872,-0.12759208
216441,-0.226468575
225283,0.183418263
216892,-0.810849944
208449,0.019275109
77593,-0.134224933
234023,-0.025467887
216440,0.021422798
18432,0.371469059
207704,-0.012853189
233016,0.175586707
71522,-0.034026707
56187,0.158445104
207686,-0.076167137
104418,-0.146898009
207165,-0.160802899
112403,0.04453067
327959,-0.658144732
108075,-0.786937923
70080,-0.478343611
216438,-0.084745562
228361,-0.078708166
52118,0.537777254
242362,-0.159342958
66399,0.260285258
170744,0.49219952
214812,-0.120126936
80794,0.530080079
380732,0.388297254
68758,0.733527255
69352,-0.224390614
11496,-0.11314216
327958,0.243599677
21763,-0.0711675
75786,-0.169913866
72201,-0.179580841
12267,1.062222844
79565,0.203276093
104082,-0.066670628
14863,-0.635269954
235044,0.166192415
11812,0.733433477
107182,0.164250529
242819,-0.552592693
18671,-0.557988412
237222,0.524191902
228356,-0.43006606000000003
15985,-0.307712325
66011,0.292259294
71592,0.173230474
67139,-0.170262158
99662,0.199237632
56175,-1.004931058
71529,-0.400975049
100039795,0.90523556
11810,0.386116157
214359,0.294629779
74551,0.342621363
216877,0.199286922
237221,0.617365103
213783,-0.048890111
114255,-0.425667518
238988,-0.779314999
227399,0.1461787
108653,-1.225521479
218850,-0.197889852
18247,-0.121593774
76142,0.608545616
381101,0.948623082
27984,0.289376222
81000,-0.049176766
56708,-0.005677219
50795,-0.303116399
19069,0.136361492
13619,-0.108638288
270685,0.156677675
73016,0.469742247
15312,9.27e-5
228355,-0.229527335
213773,0.29008232
107581,0.583325489
227394,0.499999056
11811,-1.294653635
214063,0.047640623
67803,0.032158881
11766,0.39112199
74134,-0.354092576
20452,-0.714564031
268396,0.523921022
216874,-0.152817057
433375,-0.113597625
232943,0.68041675
69994,0.453975049
171463,-0.679984442
66185,-0.037677478
239102,-0.093239576
56807,0.453609702
226594,-0.360870343
16490,-1.278318096
232989,-0.001802376
207920,0.472826694
234915,-0.293483368
22384,0.152284057
13876,-0.826534789
333654,0.364838861
72656,-0.029703575
384071,-0.93150416
70510,-0.453391249
12508,-0.044698934
20438,0.03035721
56743,0.149168021
17888,-0.814314896
72993,-0.238364255
56381,-0.081212302
78372,-8.5024e-4
106821,-0.107197274
99712,0.177114973
26374,-0.139472136
22129,0.083856987
67445,0.442125379
230767,0.144850314
243621,-0.062616161
12309,1.033785174
12655,1.021537445
72205,0.277568161
271813,-0.406173279
21767,0.002102206
211922,-0.234569856
110948,-0.026739171
58248,0.120520332
107686,0.123447647
106757,0.562624516
574428,0.592466713
240888,0.087098066
20475,-0.124462431
213491,0.036678714
226591,0.008051994
108735,0.051723714
103554,0.197999318
213556,0.129378025
194590,-0.562571601
13875,-0.042152636
100383,-0.087667867
230872,0.161374224
227195,-0.040680386
380785,0.348263996
74486,0.25307991
212198,-0.101010212
235043,-0.051807208
11692,0.266937147
56543,0.029616332
12458,0.075798426
232975,0.542789096
30838,0.394128284
116914,0.168651288
74648,0.214004726
19726,-0.025768405
209012,-0.392548477
216867,-0.046984456
16801,-0.28795361
214133,0.253758852
108911,0.349684842
216864,-0.416488586
20085,0.628402394
63955,0.248689609
11890,0.432072195
72754,0.634542673
77669,0.404874244
626870,-0.446923712
243864,-0.610966881
58194,-0.161400977
105501,0.013852518
114249,-0.544234911
67525,0.165833518
70031,0.184726513
212632,-0.208533064
66092,-0.134929794
226162,-0.008573319
210146,0.074531548
72750,-0.048543199
56089,-0.466818943
72515,0.182396371
107568,-0.013795437
328783,0.294939701
192950,0.055418195
14369,-0.083048588
14803,-0.373358872
53858,0.275351077
66357,0.184414875
52808,0.135193715
140580,-0.521429208
245666,-0.275956509
434130,-0.534057163
18585,-0.531336677
17965,0.092960706
78100,-0.181390697
77605,-0.097911058
213753,0.13883196
100637,0.238281666
24061,-0.160199377
224405,-0.840894505
192656,-0.058208111
77056,-0.063431199
227058,-0.441056908
12190,0.282098324
209212,-0.162677107
73162,-0.067415891
52915,-0.079770292
74142,0.088006332
226098,0.280957671
101540,-0.673073237
11443,0.133332662
18784,-0.233114604
106707,0.117629785
18782,-0.856017706
68544,0.050501703
208146,0.044153028
228482,0.385175667
170439,-0.404165727
75415,-0.087971887
320595,-0.243304657
79560,0.22859304
320790,-0.235238041
218035,0.05416047
18770,-0.053107113
225182,0.273334414
68350,-0.036222364
279561,0.617817915
239739,0.43851897
329002,-0.14713857
12319,0.050785587
72296,0.00818236
231915,0.074413772
235380,0.193892324
252838,-0.048827885
66827,-0.034775979
69562,-0.023653623
231912,-0.091468646
12638,0.714044599
98488,0.065910555
20650,-0.002614965
14912,-1.244746773
11987,0.201385312
386612,0.342678889
78801,-0.538629936
16323,1.744629138
74737,-0.009061201
11932,-0.033725436
76559,0.170222791
73845,-0.116355684
216853,0.170827537
12061,0.522523349
110351,0.640539117
382245,0.319586157
19732,0.111231121
66256,0.114680186
52874,0.073370939
102371,-0.987068352
71653,0.196906554
243846,-0.061615052
12741,-0.693773211
15560,0.768007799
16543,0.187268476
69962,-0.190074303
381306,0.62676543
218914,0.181880511
192119,-0.0930956
18708,-0.148246373
17537,0.446053615
68957,8.42854e-4
227095,0.102838596
18207,-0.112637054
268697,0.857733061
21771,0.234612527
98682,-0.301247797
235533,0.132342207
330914,-0.309165237
105450,-0.8499643
19933,0.260236709
100043348,0.260236709
230908,0.113755669
319734,-0.496390722
75698,-0.044474132
66106,-1.556603559
319618,-0.088327853
319508,-0.673607607
667742,0.001864798
226442,-0.013074542
20908,-0.049726805
208518,-0.021838884
381293,0.135673708
27966,0.063174862
15900,-0.205868415
84585,-0.152087767
236511,-0.150059587
15002,-0.620060296
20678,-0.305942433
80888,0.541302041
230904,0.263678584
14264,-0.381777521
68077,0.296883117
67886,-0.11380463
20364,-0.140254426
116847,-0.901192666
12951,-0.478456155
237979,0.263868014
70551,0.073729102
56699,0.138683479
67313,1.323789325
17196,-0.018564263
215446,0.052047444
75665,-0.029554811
230899,-1.934161048
72315,-0.111225362
276852,0.115551023
234889,-0.576562094
223267,0.224725351
28081,0.001671975
218506,0.224987476
207474,-0.039731339
231659,-0.173207632
16565,-0.626322204
241612,-1.898135029
27225,-0.060690982
245671,-0.598563968
110821,-0.073699451
116939,-0.058199405
69806,0.23462518500000001
245670,0.030781914
170442,-0.755882367
232491,0.052034155
67580,-0.476354231
234684,0.425417811
246229,0.092969967
218503,-0.215957484
27494,-0.256353367
16518,1.108800488
70784,-0.327125661
12861,0.091380352
238386,-0.256666143
69069,0.818707956
66622,-0.090797549
100859931,-0.11381336
67574,0.119379353
224020,0.090217761
235431,-0.491771149
226041,-0.800381192
52064,-0.05981806
170643,0.063335177
12257,0.321770166
235135,-1.049302395
50849,-0.027988764
54611,-0.962210407
105372,0.022848512
58218,-0.483588945
240753,0.137757438
68526,-0.094642708
22019,0.16612133
68889,0.001911729
52432,0.147966664
238384,0.11763352
13803,0.927523169
69101,0.397092645
69546,0.030031022
66935,-0.038868991
170829,-0.241558938
51786,0.059254693
16763,1.046169217
245049,-0.243579709
217262,0.3520754
103988,-0.351891981
27280,0.191112863
71877,-0.502505117
73826,0.036627238
231655,1.153950781
217258,-0.25865086
101055731,-0.728375485
83672,-0.728375485
101055745,-0.728375485
19267,-0.483288885
50996,-0.191126572
225745,0.133996308
100502825,0.410320313
67281,0.410320313
229474,0.106049082
11854,0.501683602
68734,0.06220639
239319,-0.254021092
21411,-0.100138166
17215,0.047415619
68420,-0.224315361
257630,0.190079417
226432,0.073159516
66416,0.145050563
238455,-0.225170986
77552,0.188043105
26431,-0.497921453
70361,0.044795463
52639,-0.113507224
13390,0.489800031
72634,-0.275704602
225339,0.008036362
104681,0.588645519
66559,0.400374455
215615,0.12120177
433940,0.076288711
106064,0.100558061
11603,-0.348677342
17855,-0.143440495
211798,0.353751667
272538,0.173606672
21936,0.020556049
67451,0.158276138
276846,0.161889327
20194,-0.153469178
407821,-0.096346001
75763,0.076387014
224008,0.116385342
228019,0.235696344
213498,-0.064928506
20129,-1.070317759
270162,-0.412986844
217944,-0.394959889
72114,0.095504768
228012,-0.116348392
100705,-0.496638524
218460,0.139267028
76044,0.266898672
108645,-0.064043638
78908,0.586548387
78752,0.045047855
21371,0.061775892
66402,-1.512026396
213452,-0.092685072
217935,0.124401044
207425,0.091589218
56220,0.020418669
329421,1.121014176
68875,-0.912409916
76491,0.046950754
98758,-0.036919377
11881,0.10692232
22685,0.356570159
80880,-0.566154427
66435,0.061361776
101490,-0.035841678
68176,-0.618736932
105859,0.476104844
69668,0.029130055
213417,0.090853612
246228,0.475346866
64918,-0.091098524
231637,-0.18127342
213391,-0.083804973
228005,0.118590107
235184,-0.191446469
70383,-0.052913853
277396,-0.402844004
66573,-0.255348049
100715,0.112794641
233912,0.056025445
18946,0.96716964
320705,-0.017607062
235134,0.091746024
14747,-0.559302938
72022,1.070344057
98403,-0.023909664
66433,-0.141301319
66338,-1.220186893
320541,0.051548841
381085,0.044230097
75605,0.023313463
71675,-0.094761249
68644,0.009726737
107035,-0.020832064
67492,-1.992922716
213539,0.30550527
52850,0.304302104
56068,0.475975323
17096,-0.357993552
98710,-0.109260898
209760,0.576975676
320129,0.368344181
212933,0.456433829
214425,0.304120962
58217,0.231257106
320718,0.882762009
436062,-0.285530886
237082,-0.021901114
228071,0.001357371
105083,-0.38226696
109700,-0.947687867
192187,-0.210570573
101502,0.04115431
223701,-0.047220931
434402,0.071009188
72795,0.07319143
216565,-0.170359546
105835,0.382554209
57439,0.129452607
66166,0.318775669
233904,0.091104817
20196,-0.295109386
73422,-0.203174034
66923,0.075849856
192232,-0.195642459
432572,0.104162679
230979,-0.575583347
13019,0.168919571
328795,-0.815023705
218639,-0.457317879
56489,-0.281147595
68497,-0.140888955
17444,-0.764667773
30877,0.488898024
14622,1.663463972
99031,-0.180777307
216551,-0.203532386
170625,-0.181141225
14620,2.602046765
241490,0.229231416
240590,-1.129836415
69640,0.582045646
71690,-0.620488968
80284,-0.061025914
381802,-0.026389057
229542,-0.173685295
67010,0.128329356
229541,-0.279674068
11911,-0.047805967
100177,-0.107931877
228061,0.087891708
218630,0.324345644
18038,0.28492635
14123,-0.060414453
218629,-0.1433553
17309,-0.534301686
11539,0.94862808
331537,-0.678911692
76293,-0.347081365
328977,-0.175674059
235461,-0.251884244
67785,0.081432243
252875,0.196467532
53311,0.862720987
19699,-0.066604539
19194,-1.493930447
94192,0.081211759
66422,0.629940861
52708,0.051434889
245638,0.22370878
69169,-0.979459242
18670,-0.329276107
66175,-1.02614718
235497,0.128734472
269582,0.179697852
68449,-0.082722978
382066,-0.040744872
102871,0.702453188
76850,0.031270916
329093,-0.126683518
70233,-0.022896619
71238,-0.055804973
216825,0.096586127
238317,-0.24563478
23857,0.270309375
212439,0.571184979
245631,-0.990173169
74383,0.070665181
105000,-0.208198303
223697,-0.293739386
16515,-0.801814884
14904,-0.067396058
20422,-0.099315287
228790,0.11181255
20466,0.015026765
100206,0.14290136
75729,-0.186155755
674895,-0.940324699
216820,0.207863023
70427,0.161881333
70093,-0.017854549
13048,0.240160421
76582,-0.016770563
16923,-0.294677587
245622,0.197918678
338523,0.084692431
20239,-0.005782061
233876,0.02030715
65255,0.651440869
74178,-0.108806231
229534,-0.057140639
230751,-0.110033392
17133,0.516695174
224902,0.056401486
20416,0.230417625
217695,-0.145599693
53357,0.149418251
319945,0.13276766
16440,0.148600806
338350,0.148686396
268420,-0.00233498
66412,-0.396451614
67936,0.272068254
66541,0.037518776
77772,0.177097435
66090,-0.001207238
230738,0.132898359
17910,0.497572662
381126,0.840543805
80795,-0.071975427
74091,0.690660885
57339,-0.184931279
50772,-0.067493295
108689,0.044963427
13211,0.109295387
217692,-0.318071873
69456,-0.176176029
75563,-0.613806882
246782,0.235440369
22381,0.430289465
140491,0.602235168
231713,0.208305697
338372,0.036448016
231712,-0.090002124
107071,0.170949901
69480,0.580668099
68563,0.0314687
101148,0.03896614
218544,-0.408510542
269700,-0.310795352
15901,-0.053728013
66059,0.134636628
12069,0.250457888
226518,-0.452240539
81907,0.333159843
171504,0.108371549
244958,-0.002998918
360213,0.298676459
15199,0.185442611
226517,0.001477924
17829,0.832133433
208194,0.132855691
329831,-0.497003811
235315,-0.064372005
329252,-0.835609095
66333,-0.066631205
100129,0.179314499
329152,-0.518041964
14776,-0.655647403
77827,0.169873854
15227,-0.702448455
66405,-0.130282548
14255,-0.905565886
20613,0.318992322
14166,-0.204669882
434246,-0.785370988
233065,0.04566532
27528,-0.146686784
20708,-0.047684059
192200,1.342337304
78751,0.378475219
76367,-0.218423978
21968,-0.350634192
269788,-0.315218215
223513,-1.193706456
108909,-0.242635644
54601,-0.344436416
74490,-1.030188444
381157,0.789335685
268780,-0.30913499
104175,-0.359057236
100647,-0.588745046
77583,0.25366163
67774,0.214906199
212114,0.150822525
242505,0.464088108
14702,-0.558839981
239743,-0.164225417
227094,-0.173732203
19222,-0.216019166
66967,0.005325196
242253,-0.571191207
246788,-0.729212515
244667,-0.427972468
101023,0.051678789
211986,-0.125666676
212514,-0.304961503
244745,0.096993624
69627,0.356575164
104027,0.440548107
213989,0.340824657
57890,-0.20720597
330788,-0.057909136
22146,0.170846816
15248,0.183072158
227717,-0.014310927
320974,-0.490467518
319942,1.101432966
232157,-0.097254447
66690,0.090850386
75847,-0.320332106
235542,-0.223115723
242642,0.8877954
219144,0.520371506
66459,0.098738457
208613,-0.314676957
319719,0.203139963
218341,-0.040092452
230709,-0.015069269
241128,-0.772270775
326622,-0.032875735
100037278,-0.357708643
277978,-0.468580898
100201,-0.036101553
230801,-0.12856986
71721,-0.490313515
54122,-0.052890543
236312,-0.973444059
384309,-0.358765255
433365,-0.142465767
216821,0.325278975
433091,0.372269819
75033,-0.654908435
654801,0.13647251
26879,-0.190920362
114585,-0.125226186
93890,-0.162553729
381668,0.097619554
78749,-0.293952592
170639,-1.88865374
71059,-0.085871231
258708,-0.501082719
67298,-0.054877868
243339,-0.036534873
72190,-0.153073809
238252,1.08586766
170707,0.00102282
71198,-0.656766758
69573,-0.365253805
100042807,-0.004110021
76943,0.642213199
243813,-0.255700243
103551,0.855067658
67078,0.136273337
118454,0.129554246
93883,-0.460485637
66183,-0.330800104
240869,-0.08043975
217700,0.177624984
66873,-1.01433732
107753,-1.472678714
317757,-0.847952512
100900,0.165631016
24004,-0.708518797
58178,0.622808644
269254,-0.011033679
320662,-0.328985919
67306,-0.209732144
448987,-0.75705233
74762,0.459054132
230577,0.246445533
235534,0.607796687
76589,-0.402282141
193043,0.199744285
17392,-0.179347933
194309,0.427858444
212190,-0.033755924
67080,0.15401777
407800,-0.918346244
242408,0.289579476
330119,0.686921676
73713,-0.961673681
194908,0.904527704
434325,0.358604991
244579,-0.83390671
233115,0.01866352
238076,-0.415926619
14154,0.072404939
68918,0.445867454
211948,0.204414619
381122,-0.150502953
19989,0.433451858
245026,-0.917682753
19247,-0.15639342
320148,0.154356131
241035,0.449284666
212733,0.117284468
266614,0.19847228
66548,-0.268183908
75099,-0.155603484
73149,0.400150791
229320,-0.126021751
24075,0.088298809
68310,-0.38143008900000003
211255,-0.204161289
234967,0.138992702
14739,-0.08759014
27223,0.047586342
269693,-0.130851702
382073,0.224322387
236904,0.365962703
231932,-1.166339716
320407,-1.21026479
328830,-0.722797408
72145,-0.066870413
72560,-0.416057714
54199,-0.798926659
230753,0.105401588
269999,0.101865699
214552,-0.080995956
19290,-0.096677567
217664,0.222056775
237716,0.350562877
68709,1.118889011
243277,0.590148745
28028,0.111445775
93892,-0.401320999
240660,0.793619312
272359,-0.062205993
545428,0.346763337
235633,-0.247628536
14260,0.492834507
93885,-0.415787523
12777,-0.252260759
231570,-0.00349867
216543,-0.146776098
22183,-0.402536104
237711,-0.167771286
20193,0.162220866
320502,-1.567363897
319772,0.580395624
229675,0.026640494
215257,-0.365822651
216974,-0.34047754
231717,0.403343796
330657,-0.003872383
329509,-0.185885354
11845,0.297208212
69155,-0.049175061
77286,0.08969788
382252,0.011848271
76522,-0.134900343
101202,-0.896273743
414084,0.49267076
56458,-0.403787182
328971,1.096089075
278507,-0.20644495
80290,-0.288878821
13611,-0.977971093
12532,1.079889724
278180,1.276140097
11830,0.305085237
231413,0.053110605
78244,-0.089700666
244853,0.03939995
105193,-0.535383561
213208,0.215198405
239647,-0.339851019
64291,0.252591602
13024,-0.666811851
224912,0.401759142
12801,-1.197018614
214779,-0.399576128
12578,1.677734476
68795,-0.001034826
242125,0.168859246
319197,-0.545504215
216964,-0.274124747
12778,-0.225484755
23796,-0.947840632
231642,0.299432959
98432,-0.518488643
277010,-0.131963896
67062,-0.278564732
319317,0.293310806
210808,0.520703034
237761,0.170083246
57385,0.113466111
271278,0.471289287
70054,-0.303355994
319478,-0.531402594
69309,-0.185767009
332359,-0.078662489
13511,-0.057999868
246747,-0.370553203
104725,-0.241529016
69697,0.782960028
67768,-0.105291873
68813,0.480873814
668501,0.148540669
217835,-0.378505263
219134,-0.747386011
74349,0.057556139
74645,-0.59791872
66443,0.16739118
69090,-0.049844656
21769,-0.276570258
77034,0.025651244
224598,-0.253387914
69556,0.022195563
382867,-0.038387517
229801,-0.421981133
16898,0.213225424
59289,-0.465527712
59036,-0.197276585
594844,0.094620738
268759,-0.289841959
69903,-0.673737631
71213,0.267307975
11431,0.080036109
170743,0.102167487
213236,0.026848287
66818,-0.053740418
320080,-0.136488568
239759,0.340980663
72931,0.020558479
68846,0.053510997
380686,-0.338081463
207785,0.154479098
58220,-0.455178765
207259,0.224883048
229791,-0.258904787
14362,0.846541105
234725,0.351213253
76486,-0.381664176
230917,0.062191474
233826,-0.019604227
219131,-0.362375518
380694,-0.853060645
16513,1.154487646
69731,-0.079345688
625098,0.326554838
66787,0.093784196
231134,0.422842391
240216,-0.40176869
239368,-0.780114363
66222,0.020754291
317653,0.098198052
76184,0.232423767
52575,0.055671432
52392,-0.037041718
268297,-0.412225696
218739,-0.453886983
212427,0.380838514
381280,0.380838514
22695,0.267322034
328035,-0.137432698
235626,-0.066364033
69046,-0.042687105
327951,-0.44324107
30944,0.22734993
140497,0.49462535
230126,0.12821815
98303,-0.639280021
21897,0.148425123
73844,-0.237534683
72290,0.076198335
224640,-0.025760386
99696,-0.605885817
72667,0.1370007
68185,-0.101040401
22272,0.184687745
269033,-0.395157975
75641,-0.386898551
237504,-0.629754092
243529,0.714591032
20607,0.338162003
238673,-0.170196263
103220,-0.051355985
244923,-0.223562116
100048534,-0.400620567
414801,-0.400620567
327900,0.322653445
70802,0.01969525
238564,-1.783376609
622320,-0.343849152
110332,-0.505288021
319701,0.397504155
242864,0.212042055
546144,-0.282806536
67158,-0.00245759
22117,0.457091249
73747,-0.231324299
14367,0.051129313
103768,-0.14960562
210673,0.547171827
207175,-0.142061058
218440,1.052552075
381107,-0.468416414
18754,-0.847342136
269878,-0.088462676
225875,0.913941869
93878,-0.344652706
72350,-0.559315433
230259,-0.339749563
108086,-0.083807563
94226,-1.146379606
13609,-0.571488511
328967,0.013662601
14924,-0.170457528
225888,0.017874151
67582,0.018000868
272158,0.047294339
13405,-0.40702595
211936,-0.247634508
67509,-0.173840218
69017,0.048134962
76808,0.548471024
73710,0.384527571
70325,0.092204273
78653,-0.163439361
101602,-0.229047777
71923,0.13399109
110380,0.235847452
12696,0.256139544
218763,0.30209919
381510,0.027929736
70675,0.008377237
213484,0.061067128
211961,0.588743613
50785,0.032236468
68618,-0.066949566
70625,-0.058390618
69234,-0.041811
232976,-0.055122053
378462,-0.37676293
68874,-0.667002148
195522,0.418784764
26886,0.329400037
385668,0.251603094
68255,0.098337977
245404,-0.23936199
237847,-0.26608709
231070,0.009259588
50907,-0.127871097
218454,0.560494707
78088,0.647334141
68636,0.590710583
227545,0.505020351
81897,-0.008811648
320181,-0.695740385
229841,0.37421678
94187,-0.393397106
243300,0.014418457
230863,1.370129388
244237,0.076094932
192652,0.381859542
67020,-0.158022752
12767,-0.430133317
17075,0.42251606
217826,-0.070234863
79263,0.029033665
56043,0.05280571
668661,0.26924444
68861,-0.567473618
56258,0.009340917
212090,0.100202552
68033,-0.103100931
243385,0.501107341
101197,0.079328569
269954,-0.189271258
100683,0.259242616
93874,-0.726082476
80885,0.471199099
66460,0.034132616
18993,0.091758457
246086,0.066157654
434377,0.007004831
71986,-0.006941235
16664,0.768499295
14293,0.370283435
327747,-1.017945133
18619,0.340756287
229681,-0.124088199
230235,0.737428063
12091,0.305458226
233887,-0.070970582
243764,-0.514065558
66580,-0.017031712
239827,-0.474727902
225608,-0.742505042
102103,-0.155974321
320683,-0.034376202
219170,-0.433038137
93881,-0.702630531
98496,-0.65990045
233765,-0.158304998
104252,-0.521986013
106073,0.070799033
276829,-0.400716036
114716,-0.105046236
373864,-0.251512691
217430,-0.010912458
21412,-0.800784383
93875,-0.550123264
72338,-0.091895247
105663,0.074598408
78004,0.087238353
11555,-0.570882053
18155,2.640419511
212518,-0.61760768
212377,0.366825821
56844,0.142027982
233893,-0.38660697
320159,0.729354372
70350,0.060915729
78521,-0.151400378
217316,-0.372834342
319476,-1.074271203
320802,0.108369202
100503884,0.133296977
434204,0.06310124
12193,0.021020619
67538,-0.095517356
19265,-1.042886299
20723,-0.219472502
214239,-0.307143598
108755,-0.044902117
12905,0.218303974
74558,0.10629551
239250,-1.061493742
11549,-1.253280714
93879,-0.367862637
232164,0.031187026
225872,-1.074798489
276920,-1.015220295
230279,0.649026376
66864,-1.151049627
15958,-0.611134654
194126,0.640361686
24030,0.24656457
20324,-1.153942649
232341,-0.163729592
240817,0.020927556
26356,-0.130286142
230125,0.117196145
207781,-0.409224379
320534,-0.174997367
208643,0.049977328
102641086,-0.136894627
100862456,-0.136894627
17749,-0.136894627
238875,-0.712081825
66983,-0.150068914
140484,-0.050553131
170460,0.120743739
215900,0.046272592
55988,-0.063976804
432940,0.073843896
282619,-0.519981892
386655,-0.34924437
108954,0.037525861
16005,1.283127409
231549,0.06323868
232414,-0.707755109
170638,-1.161586681
233812,-0.176577234
240697,0.17045662
319675,0.340205768
240613,-0.082572003
225929,-0.036349688
171167,-0.452892807
268567,-0.50585638
12671,-0.367796524
328424,-0.41805103
108154,-0.360452185
108961,0.338269767
269994,-1.16743294
74352,-0.138980745
235505,0.615353047
93891,-0.237869141
214704,-0.521654423
106583,-0.036818988
104709,-0.108662387
104582,-1.399300299
18793,0.320029476
19018,0.086405529
271564,0.02773444
72927,-0.196249496
231805,0.619595438
54651,-0.306821476
237858,-0.69337763
214547,-0.877436337
234396,0.687854444
22720,-0.063704706
329828,0.176935603
217517,-0.842630254
320924,-0.657509317
226090,-0.129958251
66972,0.309491554
19981,0.375554637
381337,0.523891706
69576,-0.386054738
218100,-0.213354747
14619,0.244576383
26451,0.15882143
233879,0.221542257
16469,-0.179664616
93888,-0.067730422
19659,0.422151027
226418,0.132989603
52150,-0.160774594
192976,-0.30324805
12070,0.533828631
545091,0.378675891
15382,0.378675891
234728,-0.036356468
320472,-0.125258962
66259,-0.104947841
245555,1.001331609
330460,0.080244776
20672,-0.991517702
399548,-0.129568519
69183,-0.585650775
12856,-0.29669495
229593,-0.100276517
11835,-0.529230267
210172,-0.171693317
224093,-0.538573336
278240,-0.218674632
79233,-0.336878269
271970,-0.965890317
106840,0.049060058
68281,-0.224963734
100515,-0.145580912
380840,0.198054425
233210,-0.262705913
381229,-0.425586068
72267,0.494617771
77011,0.521112623
71911,-0.274332633
382117,-0.154920905
210004,0.239489588
319888,0.077534394
241327,-0.235298861
14621,2.632165499
242800,-0.247382384
54201,-0.01882714
72397,-0.102047603
67393,0.356916532
76824,0.27922035
320351,0.193750807
232196,-0.055908657
211550,0.217306189
214987,-0.073776502
100342,-0.108728397
245446,0.825687724
13000,0.003307554
26414,-1.222600099
15361,0.330191236
14234,0.524913593
69550,-0.136352701
104079,-0.264883666
57912,0.247074857
66060,0.043561601
216858,0.043866039
232431,-0.115086697
329628,-0.371830016
320234,-0.34160158
50529,0.120861153
105732,0.480341648
80837,-0.186708505
70846,0.040639137
77781,0.111136605
71952,-0.203452679
67109,0.209601871
244416,0.201101533
64945,0.147801795
17476,0.447085475
78412,-0.12524539
192734,-0.675499646
320415,-1.048125325
73284,0.387473287
106947,-0.393482506
76415,0.295378901
403183,0.362763996
16678,0.430347084
71678,0.031471413
216197,0.318574554
270097,3.502485961
76608,-0.10559763
242736,-0.17445066
14113,0.208059997
270669,0.017229829
20238,-0.037138943
15944,0.01926192
66758,-0.331129583
68744,-0.057353484
16995,-0.489504862
68550,0.226554006
68632,-1.156060411
57869,0.02717926
18105,-0.409913915
231583,-0.293672202
114565,-0.01227455
271844,1.091058595
110796,-0.04496658
231225,-0.019961016
71682,0.019849535
212679,0.286278922
211949,-0.556355623
22701,-0.160285248
241116,-0.300527446
73490,0.244292716
263876,0.04257487
93886,-0.176618603
235682,0.071959564
233280,-0.12909958
217138,0.660088773
225995,-0.09980137
209497,0.362379034
67446,0.194054755
83485,0.055172314
272381,-1.001135557
73827,0.281458683
268749,0.029888738
231946,0.238597958
271144,-0.216600955
106759,0.021466682
67300,0.052919709
12484,-0.240451641
72020,0.150165362
52463,-0.766304923
219094,-0.089771626
81906,0.174464006
214854,-0.611911347
217125,0.353770622
16369,-0.091744468
59021,-0.046871316
110350,0.126617404
75219,-0.089557467
229096,0.150193074
20005,0.325564742
434438,1.305606752
330050,0.671517943
93726,0.05538508
217648,-0.197413406
232400,-0.046747304
12738,1.044985045
75625,-0.195919711
407786,-0.285430628
319179,-0.673654603
277939,-0.059137704
19224,0.851471651
66048,0.310610426
14432,-0.720875519
140482,-0.02351656
55948,0.654673296
216860,-0.141229252
93884,-0.182251356
57814,0.162916812
192651,-0.082380053
236285,0.320744348
381260,-0.378105168
226016,0.092134397
233890,0.069518617
108902,-0.196430195
234776,-0.067708985
70113,-0.149772937
21815,0.430703809
69274,-0.404115532
235132,0.185901458
399558,0.670629025
238377,-0.442736448
66932,0.062816267
76469,-0.710705127
208164,0.605621194
107242,0.069377932
268880,-0.121050551
11861,-0.087732278
268566,0.105578899
67068,-0.100995984
319293,-0.748405105
212163,-0.129480202
22693,-0.205457671
245683,-1.579826738
320311,-0.020405683
239337,1.695578714
12740,0.642893556
545192,-0.422303996
22110,0.067970959
12945,0.146934347
217653,0.346834237
67948,0.081414708
74325,-0.119719936
233724,0.042496341
17035,-0.112418883
17384,3.511225469
209584,-0.318467796
233038,-0.739949618
381680,1.637966235
56525,-0.092393476
212398,0.326337277
97159,-0.005236228
227622,-0.26311699
72514,-0.043187197
72650,-0.215804313
20186,-0.076360852
406219,0.865671397
71865,-0.565355215
70333,0.230987853
83984,-0.409907557
107328,0.032187359
545276,0.005065546
73390,-0.559449385
242646,-0.427495209
20116,0.499161801
319200,-0.018447798
213436,1.318107724
77929,0.242047298
101994,0.075772861
338362,0.075474113
66849,0.11971549
71707,0.072352066
66162,0.356969055
215384,-1.066885142
226178,0.1096844
209086,-0.338786418
207215,-0.943935643
330812,-0.348360961
209032,-0.059721052
237211,-0.388855718
15478,0.845124119
102747,0.099473841
73683,0.099657388
382543,-0.723695656
230936,0.114960168
66643,-0.288706795
396184,-0.678016785
268706,0.014505482
208777,-0.493358261
14618,0.730508853
246746,0.580847547
56697,-0.079923796
78317,-0.081007143
94092,-0.377816516
624219,0.467543132
68911,0.025884782
71963,0.036887513
332713,-0.288927783
68203,-0.681531336
55950,0.041030409
406217,0.021644344
68159,0.285750619
66887,0.03040017
231931,-0.643139082
269604,-0.053372248
239559,-0.074015437
59025,0.162355941
12145,-0.6250132
100532,-0.139360873
213988,-0.133177238
12773,-0.722585674
20606,-0.404304392
228911,0.065759104
320816,0.208021608
93887,-0.130956312
76510,0.013212665
17357,0.533844477
14729,-0.960083437
16491,0.226949417
52331,0.747170441
16485,-0.489977323
239167,-0.104795211
74337,-0.318134543
100141474,-0.16137084
225280,-0.019393449
546336,-0.338290846
227331,0.175443626
30058,-0.081969774
243963,-0.276921766
68799,-0.216288215
226265,-0.477337667
329366,-0.631862247
229504,-9.66622e-4
76976,0.110438849
56805,-0.02926097
241576,0.048859874
193003,-0.238712279
11840,0.033280265
23966,0.450422969
11615,0.446029205
93689,-0.494558192
99730,0.048095871
229700,-0.065798014
238247,-0.298796744
12495,0.104785513
12835,-0.381280742
226049,-0.634283913
269642,-0.126150009
319555,-0.438537583
381022,-0.083235598
20345,-0.050510548
210711,0.124203551
74626,-0.121633754
78541,0.014165611
209645,0.268931783
353328,-0.11859465
213573,-0.297206144
105827,-0.326295998
100034361,-0.34315534600000003
78803,-0.462152708
269529,-0.133704851
67702,0.800943818
14708,-0.239811659
77128,-0.305127222
58208,-0.661422384
208440,-0.076874677
381626,0.019498174
20973,0.122649761
50720,-0.507686514
408068,-0.004219601
319710,-0.360651033
68839,-0.190945129
244631,0.078451559
70466,0.325929437
215723,-0.025050724
320360,0.04706095
108927,-0.171338377
93889,-0.247678776
69893,0.333035177
76219,0.404647735
27047,-1.487642449
382051,-0.189633596
14181,-0.158485379
14062,0.448768574
67296,-0.002164797
23967,-0.345932976
241520,1.11196351
14633,0.011053104
240476,0.069590775
17349,-0.75611272
69773,-0.033426362
231042,0.100928204
70101,0.270972202
66528,-0.611299193
71276,0.836376221
17701,-0.553096419
109050,-0.193537694
227288,0.055421836
232934,0.367223245
12064,-0.478095702
215627,0.309402405
228859,0.574055287
213393,0.563406733
268903,0.092307774
68736,-0.205794727
216829,0.031308366
217306,-0.307375609
235300,-0.559877687
320118,-0.569664112
80901,-0.260016528
20231,0.151680098
270152,-0.452729666
102693,-0.363257855
57259,0.033061323
208967,0.026202015
226040,0.520996331
109154,0.292680678
329659,-0.136028314
16002,-0.606431588
226101,0.239714981
622976,-0.029551343
330695,0.259878157
241624,-0.035198464
380664,0.062589833
72440,0.156933823
233979,0.857970141
237400,-0.323958751
76551,0.026479151
52829,-0.283718877
97031,0.384378789
209478,-0.344046549
237758,-0.128676828
70772,0.752553886
217194,0.048084048
223722,0.23276312
56484,0.216110993
666642,0.429758251
19944,0.429758251
15410,-0.18059236
68777,0.099667157
19227,0.156682961
233571,0.287810855
233752,-0.67649764
233805,0.020089317
243538,-0.599543019
72023,-0.061412888
225523,-0.236955621
103710,0.289384256
240025,0.276396746
244646,-0.016424878
107305,0.043717048
328133,0.033738249
211739,0.520012156
620913,-0.721786853
104910,0.514405505
226652,-0.145574623
213109,0.07167159
192231,-0.055494742
12569,0.118292993
209225,-0.160475725
194237,0.737129772
207819,0.171750286
51902,-0.162705499
13640,0.421208885
243853,0.042674494
71131,-0.345994405
108912,0.13774524
76041,0.137536049
101206,-0.061777893
381463,1.663375921
109294,-0.683263511
244238,-0.260257958
59048,-0.003498154
243312,0.53766465
72522,0.180356055
68169,-0.014745351
269799,0.152217696
74238,-0.405195285
56508,-1.210475384
71703,-0.250350797
78618,-0.341312827
107771,-0.324809788
225791,0.45346081
20768,0.305599699
70713,-0.070694327
12772,-0.095926248
320808,-0.010258792
18205,-0.267065781
210757,-0.686411527
11607,-0.239561654
242297,0.402745745
16447,1.436608093
12273,0.651542641
18175,-0.855997822
239318,-0.887356939
75429,-0.526259892
72672,-0.058323996
75029,-0.285269884
331474,-0.454681172
381511,-0.40443034
68140,0.22504701
243270,-0.788522149
16527,-0.226750572
235281,-0.393742454
330216,0.017313686
216792,0.130584589
280411,-0.104617709
69890,0.356971719
245828,-0.015463054
99890,0.231872169
171180,1.901083301
72454,-0.179776211
14345,0.756299384
20660,-0.032487437
22678,-0.086323751
237782,0.077272894
67956,0.070731476
227298,0.103117136
74023,-0.728064138
71833,-0.099306953
271508,0.016836141
16691,0.434404094
276919,-0.045000394
72075,0.023396177
109222,0.732991536
58182,0.713626153
338363,-0.152480314
77220,-0.496151667
26466,-0.185988969
103172,-0.091176115
22268,0.778474331
77951,0.024450436
93736,0.116756633
66965,0.161111902
329795,-0.216056901
69109,0.02032638
102502,0.139234738
209200,-0.073259456
212127,0.022815756
15551,-0.565982242
227357,0.46785324
101685,0.053498439
66475,0.173999892
104445,-0.454320949
73893,0.553399936
50524,-0.281042896
237052,-0.445277144
243078,-0.631397113
271127,3.319025078
56430,-0.306333907
20019,0.270330189
20776,-0.296095512
235402,-0.111464268
381201,0.096223658
212124,-0.330781561
22761,-0.154752605
244152,0.231447333
108071,0.988174056
52570,-0.221603597
232879,-0.171334152
52397,0.059614724
227326,0.448205252
235504,-0.031650493
212937,0.254908718
66367,-0.111923623
74281,-0.569697914
230119,0.0842179
544971,-0.029747034
216549,-0.048394499
226123,-0.265458557
22666,-0.221960063
320225,-0.15259751
72046,0.030252433
109305,0.183816859
338368,-0.009070129
210356,-0.652138515
244202,0.379581333
319583,0.020996894
53897,0.754029292
17381,0.151816865
244219,0.197627845
22040,0.245948759
233905,-0.189380088
242093,-0.036856427
76117,-0.676043032
66483,0.318939437
319475,0.110257565
224904,0.185657145
64453,-0.05978363
19241,-0.062981011
14366,-0.435244555
70369,-0.117851802
58172,-0.329967113
100503043,-0.323821308
58996,-0.496791842
73873,-0.454257895
193736,0.223466175
211389,-0.4297057
320982,0.094435598
268857,0.249780075
103511,-0.910896945
109263,0.116578359
207965,0.820904333
19416,1.388651214
279029,-0.111159472
103765,0.098274143
68939,-0.097504582
70458,0.792642967
228368,0.190065813
78134,0.198226548
15270,0.132714609
192198,0.564499279
70804,-0.162867395
227522,0.460651256
67291,-0.099654746
66242,0.10584437
71801,-0.064841204
77318,-0.625780466
211228,0.56696075
228966,-0.092348954
75731,-0.187751069
330096,0.319255217
328561,0.450376961
56305,-0.084230785
231842,0.135375307
72065,0.091664073
14202,-0.512477751
66958,-0.168029853
320696,0.911110896
72148,-0.793144088
242109,-0.857195286
23893,-1.554318095
19716,0.243515432
229323,-0.298809371
67610,-0.052761445
67912,0.012930473
234669,-0.21769419
319660,-0.088175157
72690,0.067249843
217356,-0.48095145500000003
14841,0.210649909
270757,-0.434252732
210741,-0.274255014
229517,0.072899274
14065,0.097411726
54609,-0.063947623
207911,-0.13086016
229228,0.818833232
116748,0.056733639
208691,-0.090126997
329065,-0.91176571
107515,-0.193107136
230752,-0.161982135
76793,-0.113064392
239114,-0.391609488
67556,0.069268881
12766,-0.600621089
14612,-0.561355521
58180,-0.361186262
243655,-0.848499702
217995,0.312125077
68525,-0.100364042
338369,-0.083289745
244418,0.481750806
57265,-0.163732653
17300,-0.004749613
78757,0.180906532
106338,0.084693816
118449,-0.370585917
76947,0.102454839
72345,0.197517382
16854,0.068273223
214639,-0.516530465
110168,-0.617125628
234695,-0.965076069
20753,2.118766662
12642,0.682954644
101113,-0.075532802
56526,-0.577266762
16576,-0.211739216
97130,0.49621434
278097,-0.157856754
326623,-0.444013908
106795,0.310000556
243867,-0.101219436
84506,-1.566368331
13124,-0.562553449
320343,-0.47441174
332131,-0.959453715
109229,-0.115801566
76157,-0.540180423
230766,0.378205848
74165,-0.777137698
18386,0.146574032
54420,-0.3458343
269233,-0.356982195
68127,-0.221672035
11548,-1.190706884
70617,-0.100377643
66096,0.158095485
76832,0.112705695
16500,-0.380906839
240832,-0.077975568
103806,-0.128664207
17386,0.322665918
241568,-0.363736645
241303,-0.864325495
100043757,-0.948800896
22719,0.048660029
433771,0.211813279
99334,-0.016851296
100043813,0.126914689
403180,-0.542947426
333433,0.03006874
319370,-0.117291083
231503,-0.432965479
320736,-0.117241747
53951,-0.242598346
217738,0.624069327
14723,-0.520250657
66717,-0.937274579
105787,-0.090787075
69662,0.230849087
14325,-0.251035074
100862446,-0.251035074
20254,0.720005627
320633,0.030645744
102595,-0.120778535
71544,-0.49594349
22320,0.162738755
64292,0.67128118
69097,0.024218617
14724,-0.076895672
170706,0.261672824
57895,0.057756626
117592,0.138712388
230249,0.164413582
78408,-0.164942077
243328,-1.225746603
78834,-0.085233687
230678,0.208148023
233057,-0.141244542
11958,-0.137003463
237928,0.363152735
225583,-0.239739947
230809,0.134659442
69694,0.314103366
383103,0.605188891
237988,-0.303245126
71929,-0.261518978
654824,1.35598349
238803,-0.999648032
78826,-0.519676098
74393,-0.280628909
74442,-0.180977437
319634,-0.148635209
240186,0.005283939
229715,-0.181477715
14609,0.606540925
67911,-0.138692683
27356,-0.034278722
18750,-0.183034522
263764,0.00516097
269952,0.132250905
74777,0.297916723
215772,-0.526571815
229488,0.025028583
213350,0.209185179
15476,-0.550690703
282663,-1.597306831
22648,-0.07567233
218311,-0.081872854
244198,-0.98905912
70355,0.138402614
320452,1.283648771
239796,0.111953403
242122,-0.430490094
72852,-0.160646232
75209,0.651627899
75538,0.151751219
317758,-0.384054325
73047,0.398362046
17961,-0.077187685
11538,0.04092781
12238,0.189114955
319670,0.317252085
101122,-0.012242049
18795,-0.525249032
66056,0.12617012
67698,-0.102406221
321019,-0.439606916
236930,0.052064163
66882,0.064247432
245695,0.653705383
239463,-0.111917716
236690,-0.735328431
195040,0.163132842
19823,-0.170164346
209334,0.625015801
320183,-0.042057928
66962,-0.130730199
93880,-0.102306767
403174,0.109192591
67767,0.192558215
93674,-0.970365838
71643,0.227084227
242316,3.766230812
319263,-0.014616795
76800,-0.097727773
233079,0.916502519
24074,-0.518949784
279653,-0.541262641
59015,-0.084954748
12288,0.05325911
328232,-0.59872785
243219,-0.355017779
22710,0.043419925
52055,0.063053652
241075,-0.269430496
66701,-0.013470567
22704,-0.15489763
268288,-1.030856028
17846,0.108158906
52589,-0.911932344
20471,-0.379324374
227721,-0.565246064
75599,-1.301530554
70218,0.152220489
71436,-0.397709359
81630,0.144012451
22628,0.052437197
50497,0.147437847
56753,0.08168391
232947,-0.047158593
20955,-0.072427956
54711,0.225172965
216516,-0.223616739
329977,-0.209481302
12475,0.600466641
241950,0.375766347
233490,0.14321228
20737,-0.692035028
59057,0.071249698
12408,0.02132771
93882,-0.93704189
270110,0.183538902
16517,-0.562292799
21899,-0.130187797
330301,0.953168758
70240,0.025331092
233274,-1.288057866
545030,-0.137323219
17134,0.114093599
230098,0.139022707
66538,0.161193316
68490,0.023799731
433813,0.263805681
66684,0.05060803
194401,-0.38956617
22625,-0.359395742
93873,-0.550299046
76108,-0.234767269
50709,-0.441448712
279499,0.405952432
53625,0.050605749
237387,-0.172632283
239691,0.08391999
67892,0.00993528
100737,-0.041167503
69807,-0.121730686
93877,-0.75661864
224840,-0.83053999
23983,0.051743982
319998,0.211413624
71599,-0.098597255
238037,-0.163071784
382571,0.529241523
233529,0.698616563
75422,0.043713348
320435,-0.60501652400000006
66337,-0.23421492
22138,-1.380140402
66107,1.026186677
22594,-0.015060354
328580,-0.220306362
216856,0.108050752
238405,-1.776410434
333182,-0.070501859
20667,0.528481444
14934,-0.725406635
72865,-0.526276945
11842,-0.067291565
17294,-0.556524085
223754,-0.036756325
271005,0.113609647
69142,-1.88623549
20679,-0.113975593
72572,0.154029397
381694,0.13177089
239081,-0.872527
213389,0.257827766
234086,-0.023771812
240667,0.743005205
68936,-0.007378771
240754,-0.675519768
208154,-0.469941043
380608,0.302001442
109054,0.091629486
50794,-0.2571411
228913,-0.024520183
72823,-0.30881745
76088,-0.132180161
51791,-0.327621088
26384,0.173841169
68617,-0.108187039
242484,0.400411703
329934,0.087500735
77604,-0.355272694
107976,-0.079479459
320484,-0.67120783
232314,0.015342302
67097,0.441729125
50784,0.857106097
11480,-0.168389256
104759,0.349765853
68891,0.769844836
403187,0.265994527
210762,-0.299014996
574402,-1.01545908
52521,0.176787745
14289,0.569047899
17341,0.679498728
381917,-0.317429959
108143,-0.130437223
243819,-0.082633606
72729,-0.418278925
78913,-0.002326448
74694,0.249446346
15129,-1.389005475
100503605,-1.389005475
15130,-1.389005475
30791,0.300597543
329154,-0.500822439
13051,0.589490349
76614,0.103795663
80982,1.069141863
380967,0.214510221
13384,-0.416818804
11472,-1.28342467
224109,-0.300701272
171282,0.462682805
328370,0.044949345
22350,0.353567248
227656,0.001629974
320226,0.308545819
99681,0.012205563
57370,0.360539161
68944,-0.12028696999999999
12167,-0.099076923
234413,-0.078039694
56495,0.062673673
11964,0.123594605
100041057,0.5777111
620078,0.5777111
380863,0.548905585
27967,-0.040075703
18766,0.366281412
13837,-0.083321379
78286,-0.021807032
268902,-0.282541088
70891,-0.229275769
227699,-0.02274866
18514,-0.058485942
99470,-0.37604952
20447,-0.779257802
94191,0.343736995
209239,0.075585307
66871,0.257303191
170833,0.590401279
23859,0.011851143
72661,0.390125163
11491,0.177251685
67441,0.104536889
263406,0.036226322
11994,0.810408967
320022,0.083209608
211914,-0.292061392
22644,-0.136042359
57745,0.069149982
215693,-0.003951545
215449,-0.182775251
16476,-0.58096171
226421,-0.335398087
70549,-0.135756497
233833,0.115064134
80748,0.1765877
269023,0.034857508
17755,0.023163244
16642,-1.457239687
56451,0.330553344
66875,0.538208926
244183,-0.196567641
58887,0.020365588
224619,-0.209214964
319997,0.181496969
232784,-0.090822364
246730,-0.019355806
14772,-0.255350521
72254,-0.248510014
103468,-0.014556175
320817,0.154846186
58861,0.117043803
56459,0.155737304
16477,0.575801018
52250,-0.809059846
330355,-0.569586647
18751,0.07121804
108159,0.026744672
16779,-0.285582214
13110,4.65e-5
74026,-0.179497516
66315,-0.108240378
19091,-0.246182234
442801,-0.84427615
69724,0.095707514
269037,-0.241317865
76454,0.220447495
226075,-0.186920294
217340,-0.036385756
14451,-0.109274031
66223,-0.047837256
13107,-0.676968666
50995,0.095121559
15465,0.011402623
231991,0.187644281
57896,-0.074755915
68318,0.193278634
12526,-1.339942799
67374,-0.229024093
232413,-0.189912484
234912,-0.016510392
108899,-0.026584351
72635,0.380100314
140781,0.7812104
71667,-0.011365609
353346,-0.680534427
22601,-0.191219631
66930,-0.419535502
12702,0.969299911
66700,-0.078517173
213211,0.023474369
72195,0.056841626
19094,-0.149003499
19281,0.492560717
66722,-0.628549365
14159,0.14594673
71227,-0.439115282
104010,0.469425348
12051,0.520283149
208595,-0.170366808
56772,0.200905119
19153,-0.695787622
244867,-0.677091883
56291,1.194198296
23863,0.003869335
76273,-0.029486006
11668,-0.817745816
98685,-0.170342597
77591,0.010158846
19342,0.07305912
107939,0.255362243
64011,-1.007063639
66212,0.155194137
74748,0.304870293
28295,0.059059689
208718,0.003082175
231630,-0.136180421
74670,-0.007674417
240067,-0.307668976
236539,0.862234856
52609,-0.240130412
26559,-0.351387755
26416,-0.237925694
240322,0.238413917
66231,0.069120457
56316,0.187520568
50787,-0.434414998
21819,-0.536526407
104263,0.232940224
21930,0.386983836
21413,-0.221301953
30941,-0.040090445
230598,0.031855815
16858,2.387441177
83410,-0.226076837
232813,-0.579261553
228598,-0.147510491
73212,0.22955619
207818,-0.300859642
15936,0.192884135
73830,0.288482321
77097,0.539093863
100494,-0.191382151
224691,-0.131985024
19895,-0.009083388
14218,-0.461187889
21892,-0.594513088
102442,-0.01815892
110695,0.186243401
235611,0.366187282
76854,-0.176841345
270802,0.344207393
319446,0.773973786
56527,0.698612428
74103,-0.318691126
235584,-0.286842498
230770,0.150366077
329384,0.371539351
67772,0.140296938
66075,-0.025197994
217779,-0.089742088
224111,0.13777416
74230,-0.569220144
107371,-0.172499779
101612,0.243910094
108058,0.34934742
327814,-0.396197337
15042,-0.882345527
209586,-0.155035158
109658,-0.03422735
16891,-0.683064992
75540,-0.197005001
100043597,-0.125617529
72281,0.17458456
67547,-0.046866669
51798,-0.06293729
232087,-0.034105597
67311,0.127210377
54151,0.002506604
380702,-0.251536161
71994,-0.239031204
240442,0.041448434
503844,0.618181093
11730,0.618181093
381310,-0.71653073
16855,0.072573615
242202,-0.629984791
12525,-0.9549213
243906,-0.209225206
69136,0.234806861
15531,-0.42214765
104885,0.628457393
68346,-0.238120348
103466,0.122717348
626834,-0.308050866
319955,-0.069625335
56460,0.150877474
60440,0.069588778
72668,-0.810230306
217109,0.086633949
60594,-0.547619227
67704,-0.041923412
100039078,-0.041923412
319653,-0.024577661
27401,0.213603508
15043,0.016277517
15033,0.016277517
16665,-0.349723107
212073,-0.375232309
73813,-0.565308488
68588,0.433059672
76022,-0.060323471
107221,0.776174751
226695,-0.847947343
16904,-0.7845104
69786,0.072703957
70567,0.06418278
14184,-0.36474592
17690,0.764878388
16880,-0.21325507
66251,-0.007850548
215476,0.150477627
213438,-0.130293499
66266,-0.112076185
54451,0.298116477
66292,-0.075466041
270091,-0.213749027
72504,0.414651537
16534,-0.615765054
11852,-0.169837778
269997,-0.388002455
70481,-0.287746074
17248,0.198755464
75458,-0.052502571
327978,-0.702754032
68598,-0.382436512
76687,0.125772804
66500,0.2214534
14080,0.814733149
11983,0.229118851
330189,0.027761263
107526,-0.939225428
14797,-0.056111301
236643,1.35423862
56491,-0.167201131
26950,-1.078169003
225010,-0.322615934
232078,-0.02899527
140492,-0.485144902
96957,0.456600599
67379,0.138443259
328417,-0.105567303
338364,-0.349230249
237775,-0.162347076
24055,0.164168566
94284,0.096152034
11489,1.164586908
13531,-0.123423169
18779,-0.470961469
106143,-0.01042167
225876,-0.144135873
17314,0.771895896
70152,-0.543918508
22441,-0.00731885
20541,-0.245746017
70945,-0.768487781
66869,-0.04567703
242377,0.087197501
71345,0.621546733
244234,-0.44711452
231633,-0.532596
72244,0.127486342
59308,-0.428078572
11487,0.042048061
252903,-0.293914664
70615,0.140405965
232878,-0.132576512
244216,0.329596487
97165,0.040287216
100604,0.318165935
106639,-0.024040052
218194,-0.760846014
110265,0.08504571
319535,-0.135778224
319636,-0.127960422
245128,0.32674922
619548,0.510666109
56086,0.109831347
51960,-0.194769927
270201,-0.198019179
260299,0.540465842
60595,-0.04830057
69727,-0.25845761
234135,-0.110578235
72341,-0.185967273
226255,-0.086923015
223881,-0.474409043
106014,1.351052558
72309,-0.3535226
104401,-0.046453915
109620,-0.113759692
22165,-1.009622712
384763,-0.268031665
68055,-0.013902257
381112,0.226411539
71778,-0.419654163
544922,-0.232372041
11576,0.900597332
58802,-0.356780819
385674,0.09016415
215708,0.337657081
71583,-0.175872952
74071,-1.60220067
239546,-0.052984344
380683,-0.606012693
381204,-0.347265025
211187,-0.471951596
347722,-0.271556666
12805,-0.014355626
328572,-0.061975225
12180,-0.491620215
66398,0.096155221
54132,-0.00325174
18029,-0.41300694
67040,0.196544695
69726,0.146801006
270160,-0.214836015
11865,0.710098204
68755,-0.195659561
192136,0.809989147
16598,-0.530811723
330463,-0.029553642
50909,-0.579496516
108900,-0.108617884
170742,0.005776181
240063,-0.026874663
81702,0.058369201
17301,-0.225291106
71508,-0.073196267
269633,-0.983495955
74287,-0.022474884
22643,-0.004608809
18212,0.729902101
242474,0.212999238
11529,-1.083201915
67568,0.046776773
22755,-0.02314757
319207,-0.196089442
207352,0.005776466
21676,-0.387485193
21961,-0.539690689
245827,0.573016222
66069,-0.099881652
431706,0.16605667
20538,0.197420732
56324,0.012570444
14348,-1.217798326
50762,0.029953227
17760,-0.48806811
319767,-1.201543793
58243,-0.592400159
17132,0.112242677
69207,0.155176074
16423,-0.2020705
238690,-0.471787436
320706,-0.566147145
233246,-0.42398935
226169,0.093967348
13853,-0.350516698
73707,1.456859498
432508,0.101228764
71918,-0.236303858
52855,0.540819516
276891,-0.196499615
71281,-1.256781043
75620,0.200368328
328274,-0.279844308
66953,0.106364877
330671,-0.04476686
68992,-0.154734117
13134,-0.888386573
207952,-0.060281384
14734,-0.899560563
76781,0.005573648
195018,0.036863565
74901,-0.225840374
59042,0.149686455
224019,-0.406044891
234378,0.294830298
105439,0.319133974
69459,-0.073736137
66922,-0.272242668
231474,-0.076003281
54561,-0.392530541
14600,-0.381754375
223732,-0.465369141
67242,0.070435839
66656,0.117368055
17885,0.564380011
26874,-0.123774882
21415,0.225256062
57778,-0.205358242
436022,-0.115897183
116871,0.282861538
22640,0.278992412
67673,-0.059579377
66510,0.083816229
71564,0.030900517
329731,-1.204041369
18627,-0.148358354
104806,0.499131581
230657,0.01018396
232086,0.171704915
246196,0.009340096
231326,0.194279952
623781,-0.164939716
26383,-0.056447584
73024,-0.050487557
320111,-0.377598446
208820,-0.142005143
71908,-0.391879528
14344,-0.134644855
16367,-0.595829771
22757,0.014261349
257632,-0.389010629
231014,0.54891376
243308,-0.118993005
75453,0.236754321
236193,0.110884076
12722,0.837959215
243923,-0.278837993
20201,-0.230129296
20215,0.183435553
223433,-0.025798103
20202,-0.346322431
27979,0.449544749
20454,0.24405307
15039,-0.069193093
15051,-0.069193093
225020,-0.347063956
56386,0.761253904
225471,0.038624701
109785,0.249704684
94094,-0.625007828
103142,0.088642144
54607,0.206269912
338403,-0.192850402
78893,0.113349381
329941,0.45869231
225861,-0.134936695
12631,0.013108869
66522,-0.122126042
18150,0.570751655
226412,0.125106976
93737,-0.482573336
74354,-0.462332274
12611,-0.030439634
18783,0.800870533
71941,0.055177979
27057,0.020246994
110862,0.861561739
321000,0.096242338
68121,-0.190712669
329260,0.079912485
60361,-1.154296209
28035,-0.021882742
100929,0.126825816
69068,-0.348283488
17847,0.241270602
242894,0.261516437
20388,0.559118758
233168,0.090330337
16881,0.085153405
231821,-0.018927921
20564,-0.651377765
22134,0.20113331
22135,0.20113331
26448,-0.344001629
109929,-0.021962992
329650,0.18748642
70445,0.415856564
108699,-0.516621557
224792,-0.580373385
17425,-0.381317318
320782,0.250926947
12608,0.071650917
106572,0.161764401
19204,-0.147975832
73254,0.498296529
27392,0.403376549
19820,0.23810033
19276,0.854368505
17528,-0.133016597
210104,-0.367748932
74665,-0.439876468
320365,-0.064419339
109151,0.070374319
18938,0.536428541
14227,0.110585522
223626,0.011871277
67442,0.725693505
77619,-0.185113255
20592,0.029311815
70771,-0.293637208
224647,-0.116377498
232089,0.212056309
15939,-0.124020893
235627,-0.445225937
12332,0.517918903
18030,1.332987015
237806,-0.28843459
15364,1.81182792
211660,-0.035808224
52690,-0.073619976
53424,0.027339214
381405,-1.254539383
264134,-0.101439002
18521,0.04377579
18994,0.390211456
70676,-0.609384781
73748,-0.022327102
73690,0.154963531
93757,0.037036401
72607,-0.105824016
20469,-0.564342682
382090,0.250880449
67131,-0.108923689
99311,-0.083396991
381801,0.196634279
107817,-0.021498747
118446,-0.113216401
104158,-0.387136566
15925,0.020696516
103844,-0.23619286
78473,-1.216651915
210027,-0.586521344
384198,-0.085965124
67475,0.069327906
12623,-1.347574882
17178,-0.417608014
112415,-0.088733202
13591,-0.903490792
210135,-0.251333405
66116,-0.016822644
26920,0.29383035
18148,0.543684435
14613,-0.614413021
27366,0.30257424
77945,-0.458620831
71389,0.151152352
211488,0.142678072
327957,0.220901711
68487,-0.65222516
319236,-0.316943644
66632,-0.140193663
239099,-0.083198705
233899,0.404008721
606496,-0.038563677
70591,-0.057339553
20269,-0.715726642
382062,-0.363428577
68682,-0.085008595
276905,-0.054601203
66349,-0.260399014
269774,-0.073553575
76894,-0.185946503
19646,-0.056713982
407788,0.795865052
72873,-0.648693132
68011,0.153320469
20446,0.085037719
231532,-0.190045431
67671,0.323786512
12043,-0.418375539
545389,-0.323365957
53374,-0.992161758
56632,0.078274336
223672,1.310134096
67883,0.263044243
11797,-0.112381388
230584,0.023951735
20192,0.038958284
67681,-0.044910325
268670,-0.141710838
107823,0.194583879
24132,0.088426765
214917,0.176985995
76130,0.190912413
75739,0.006650253
18675,-0.174010783
50496,-0.16783207
66488,0.439352535
73689,0.151071712
20747,-0.306919278
230857,-0.712131309
94245,0.139088906
78697,0.485381546
244713,0.033885246
56048,-0.056151686
13664,0.244033773
67106,0.048133088
70317,-0.056414984
209387,-0.691381887
30937,-0.070967568
382864,-0.711219887
14677,-0.021997348
110593,-0.313737024
105246,-0.318881895
100042025,0.4273952
14433,0.4273952
232946,-0.004254731
320795,-0.292529435
69228,-0.094941157
108797,-0.721701393
320492,-0.387329114
434008,-0.163442639
269016,-0.998331331
16847,-0.377497929
19152,1.896986859
20740,-0.404710054
230971,0.048518575
225187,-0.624214331
192986,-0.235418963
234374,0.097231344
12018,0.008624545
75784,-0.387504592
104349,-0.044401503
22445,-0.956609773
621697,0.692142697
19951,0.692142697
218314,-0.113398366
76539,-0.028388736
54217,0.516675107
268860,0.881095364
67230,-0.458684952
22646,-0.270951544
12323,-0.528055231
435529,-1.021138267
12296,-0.286787879
14858,-1.158153545
70450,-0.392389968
217837,0.162360045
14172,-0.622939527
20347,-0.409220264
235047,0.17773532
100019,0.056251049
52398,-0.286258519
67935,-0.131442841
72333,0.079329911
668178,-1.102024236
68519,-0.455494671
66052,-0.127335579
100416706,-0.055375444
74039,0.155315776
14862,-0.699236053
233332,-0.49963136
22446,-1.478307474
78923,0.732631089
56747,1.83444438
432555,0.02085407
170748,-0.416603896
381438,-0.31035508
27390,0.246391727
244721,-0.068491124
20714,0.605264183
225884,1.007663146
232906,-0.128654257
22282,0.090787749
66609,0.01960263
16510,-0.539747377
21912,-1.008848266
319554,-0.035087297
71907,-0.635125623
64659,0.005868521
105988,0.434381927
24135,-0.229729467
94214,-0.469507055
71567,0.270121963
19704,-0.112302476
218793,0.106669977
192285,-0.027224572
330662,-0.007215829
22746,-0.170217493
66487,-0.166644106
24015,0.123537845
319181,-0.297630551
18685,-0.198894599
72462,0.514810052
11536,-0.859566995
233058,-0.210603114
98258,0.017892704
110058,-0.687062073
20310,0.288876668
18181,-0.064253038
406218,-0.064142874
23938,-5.59725e-4
387524,-0.105865694
13360,-0.013109515
101240,0.426389234
16591,-0.615761433
433809,-0.191666763
68152,-0.072023047
268449,0.270565888
100503670,0.029923295
67511,0.039871615
23888,-0.673803704
68607,0.24432135
50875,-0.103258579
50755,-0.118849603
619883,0.274500402
433003,0.274500402
664969,0.274500402
625281,0.274500402
19946,0.274500402
11552,0.027857606
14544,0.799484876
65020,0.138739296
75705,0.42302813
320679,-0.26867468
18094,-0.636987692
22151,-0.232231504
72972,-0.194250711
76890,0.466055059
68364,-0.052922716
112406,0.11937163
14127,0.459006287
72568,0.748576224
233987,0.11872635
18413,0.306938205
21833,-0.420694257
108937,0.085067334
110911,-0.385478561
18022,-0.192580327
53605,0.070347404
12817,-0.480077725
18733,0.51370032
66462,-0.076581657
11308,-0.070024051
329003,0.21913125
432769,1.392507075
54006,-0.073319952
380855,-0.035002385
241877,-0.564772969
12630,0.493253418
68952,-1.292036899
16502,-0.404605277
214932,-0.057322554
219189,0.127866459
229279,-0.167602572
27387,-0.351871143
333088,-0.136963634
433182,0.527126324
329872,-0.282068843
19899,0.708164164
246256,0.916053363
213002,-0.564968096
17955,-0.080945609
240041,-0.084496215
18213,0.122501447
213006,-0.131634821
18573,1.096335187
54353,-0.07725217
69606,-0.074616425
320265,-0.245659978
60367,-0.095933029
76936,0.001284329
53860,0.073701549
74996,0.175141243
330474,-0.122167163
78304,0.092081744
12593,-0.130560194
67025,0.356938601
26569,0.026991275
72749,0.028673369
66914,0.028673369
74318,-0.629913365
12982,0.306011356
13607,-0.138485302
108052,-0.955669319
100040052,0.120865178
414077,0.120865178
14297,0.298422742
66707,0.045722915
333639,-0.593759526
21770,-0.062297404
242747,-0.203599476
11468,-0.544928412
17187,0.08016037
192197,-0.205054625
231086,-0.027775465
19229,0.228431015
103537,0.197712308
235028,-0.140077544
232984,-0.330881473
67157,0.20732598
210973,-0.14636559
195727,0.886753698
69632,-0.402514288
14131,0.515820492
70103,-0.019142251
66152,0.038239554
21400,-0.232846378
22059,0.180784431
215814,0.207843525
227612,0.04507594
207209,-0.148887172
68501,0.038875536
54598,-0.760267898
27204,-0.116562555
268885,-0.043828681
21340,-0.123547235
239096,0.378348741
232337,-0.088149674
338351,0.36047785
53902,-0.333845081
14251,0.060784337
225887,0.117729295
17897,-2.758678906
170738,0.408331107
110196,-0.119605117
75764,-0.032501218
106582,0.164365894
13681,0.191776865
50780,-0.462711037
56298,0.222099614
270156,0.038412873
13170,-0.940035388
67161,-0.290086531
408067,-0.254408986
228807,-0.252474359
232811,-0.007347409
240444,-1.009255297
244653,-0.458877617
231130,0.226123089
67255,-0.093118703
266632,-0.016673041
140630,0.050551467
19245,-0.051052855
234358,0.227066679
94346,-0.61051472
237360,-0.179941199
67609,-0.073045263
22253,-0.56354338
14784,-0.060729407
230996,0.075592015
15512,0.111928874
235106,0.093423251
72723,-0.316103822
381921,-0.42460881
53324,0.639878562
229499,-0.793539502
217218,-0.079363433
212862,-0.363865879
16554,-0.253045075
232440,0.554368905
244218,-0.162765964
27367,0.552115906
330817,0.033331331
327766,-0.144436303
11690,0.266525788
19167,-0.030714188
319163,0.677854297
19889,0.067021265
214572,0.526595675
66603,0.08947978
22070,0.281453884
241633,-0.350442691
20719,-0.035471234
117109,0.006785984
27801,-0.164547015
75050,-0.34839995
544791,0.997474616
215436,-0.176054875
232983,0.379366275
242466,-0.363296831
270109,0.636239707
216869,0.19646065
74580,-0.032569572
319996,-0.054648571
57754,-0.267655688
56009,0.137106332
101631,-0.313396838
14886,0.15516095
381544,-0.030512043
100042150,-1.104900791
11771,-0.03464452
170574,3.226165525
66101,0.010852108
72128,-0.270412533
407812,0.842991993
245174,0.025419763
15381,-0.038144166
12039,0.417063992
243833,-0.227557813
68947,-0.543365837
234362,0.081349456
20649,0.044137484
667823,-0.163237555
320558,0.334149835
56736,-0.140476379
385643,2.253025082
54672,-0.496114063
60532,-0.089888281
108960,0.135364505
320825,-0.396421285
23832,-0.457953366
77519,0.191533113
76261,0.620396813
30935,-0.313043534
68742,0.052225237
29820,-0.732243498
15018,-0.14178105
226610,0.663527806
17150,-0.299224266
14198,-0.086087652
14969,0.390465313
80876,-0.248406759
244864,-0.339576993
13808,-0.079866002
22260,-0.106895899
219033,0.613382716
57808,0.215471823
319158,-0.218353099
223989,-0.163607137
54667,-0.09122134
225845,-0.135285765
69527,0.544237994
236794,0.169449137
66205,0.343103197
117197,-0.116510204
211945,0.040136329
69718,-0.065856036
59050,0.245459778
15078,0.026709747
211484,-0.535134314
63986,-0.189543263
380614,-0.148434253
12010,-0.215008127
14870,-0.088468981
77891,0.190100632
230848,-0.229475023
258405,-0.18998477
16508,0.136739852
104303,-0.009766863
381485,-0.855278825
75572,-0.347090343
94109,1.867616406
103266,0.039829868
19941,0.433616534
328162,0.024297241
54403,0.282269526
73712,0.153737639
16371,0.705575591
69386,-0.395471329
214575,0.710963622
271786,0.552079547
56447,0.132639134
210719,0.34051044
59014,0.184151336
53609,0.023232835
18114,0.084986836
258783,0.655329401
68977,0.215587369
12560,1.276844337
20841,-0.159721928
268890,0.79717641400000006
17896,-1.508639459
14447,0.442465
57262,0.443746738
100041953,0.012279995
192173,0.111628724
66114,-0.031592674
72461,-0.055422011
320997,-0.930249375
19043,0.108752471
17060,-0.168560385
56194,0.01327327
433586,0.010885909
329679,0.038163576
353282,-0.91455497
54402,0.212860094
14972,0.004315585
105504,0.03974674
231382,0.035104757
236792,0.105989952
27998,0.365757853
330177,0.20151438
72055,-0.006559811
72108,0.110896033
17938,0.31048158
68922,-0.731031279
20315,-0.543571385
68479,0.106775044
408062,0.078884271
23877,0.076219078
11481,-0.083952254
223917,-0.039066449
142682,0.003072428
329540,0.048562225
381812,0.566578096
15258,-0.509464032
381199,0.24908905
67727,0.185028651
217431,0.09859272
66278,0.067615331
380698,-1.428056649
66128,0.072711249
20115,0.35195973
53607,0.140012856
223227,-1.022395968
12859,-0.076956041
110308,-1.355819446
75216,-0.058893843
109323,-0.16740912
215474,-0.296423053
18406,-0.375889733
381067,-0.211730289
66317,0.132657395
13483,-0.655763801
382045,0.131482232
333050,-0.435961467
208266,0.0743911
26875,-0.585271356
238161,-0.633300013
240087,-0.019802177
108121,0.087683252
192191,0.072125012
236576,0.345885969
12488,-0.048220321
66569,0.348132868
228836,-0.156698457
320208,-0.121009578
19049,1.566043139
21957,-0.141530539
14042,0.274632588
56448,-0.700283508
545156,0.417460691
665775,-0.156883163
67861,0.011901266
73419,0.1098327
76763,-0.271359466
11537,-1.036483907
20068,0.438031643
74934,-0.581464791
435626,0.293940844
17901,-1.912861226
234671,0.658424008
20917,0.375455458
12695,0.038284961
20698,0.536898636
208908,0.486706693
72475,-0.156723468
269585,-0.262024928
57782,0.022002898
18674,0.241524718
17933,0.014965413
217847,0.669539776
70351,0.090811785
13897,-0.154014829
94254,0.140893752
14252,-0.002422552
20042,0.665858996
100043876,0.185328235
68436,0.185328235
619547,0.185328235
209488,-0.365839404
22654,0.037368809
63985,-0.176542104
212974,-0.061206592
22689,-0.024954379
381983,1.143277716
67732,0.46389172
18655,0.160515319
16907,0.09467816
58522,-1.585975239
19317,-0.349648626
239849,0.515363235
228662,-0.451839381
240120,0.254046878
212986,0.568033617
19377,0.083180623
232853,-0.114880563
80281,-0.141386562
93719,0.950455409
53873,0.950455409
208898,1.834552659
242700,0.005626742
98417,0.129064629
228839,0.18700899000000001
50786,0.023140499
71835,-0.033042186
72658,-0.040090342
224671,0.099517177
14852,0.215346654
13869,-0.779971286
106869,0.284435116
76089,-0.352867297
231580,0.04624381
66197,0.325346558
330908,0.438321255
627352,-0.107164137
21761,-0.107164137
19294,0.478730586
102614,1.58704585
13866,0.142793953
319195,0.476411603
231162,-1.353777618
18788,-0.465606294
16413,0.23785389
83762,-0.344640912
74868,-0.373527912
66439,0.096772904
68036,-0.086922146
11841,-0.088327726
280667,0.853868926
677156,-0.722611374
224530,-0.140916522
667370,-0.41908637
381318,-0.18956801
102631730,-0.135480113
11770,-0.087184343
272347,0.046233768
17086,-1.188548494
225651,-0.299734381
60510,-0.245312026
384059,-0.335214735
12879,-0.704151769
21854,0.197225591
12802,-0.639858534
78795,0.412209273
22153,-0.229693722
14727,0.733195674
14728,0.733195674
20817,0.001563951
16516,0.54705157
67101,0.400283492
320713,-0.092911109
76051,0.053446023
27176,0.456235908
14299,0.165409135
67942,0.205109491
68554,0.170314753
12391,-0.630742578
319184,0.855122853
19044,-0.069388458
210503,0.041619661
106672,0.038357059
72301,-0.840764239
269639,-0.006013969
13663,-0.037169872
81600,-0.07786016
114564,0.478851802
665378,0.478851802
101055758,0.478851802
100503923,0.478851802
100503433,0.478851802
100041903,0.478851802
100040213,0.478851802
16504,0.588569576
235048,0.380751587
67669,0.025622765
67392,0.033204171
11465,0.203857024
21463,-0.472564142
22690,-0.001431899
215789,-0.610458195
23918,0.177626798
75785,0.034421449
170787,-0.083702661
11364,-0.069259914
12632,-0.16880688
237411,-0.014911741
66902,0.299133737
20849,-0.638576976
100043133,-0.037693865
320940,-0.084782167
16542,-1.108973426
66155,0.22788858
214642,-0.726233619
67270,0.027115404
211323,-0.515922574
15893,0.066994124
66489,0.266367413
56047,-0.569173348
12453,0.075778466
69161,0.008962498
338354,-0.243138933
69260,0.367991933
67144,0.18656096
20680,-0.811973763
26417,-0.112350229
16561,-0.167236719
22688,0.273010108
70405,-1.576710243
72569,0.045451096
269713,0.005161923
18223,0.092905146
72938,-0.058143936
16619,-0.786635546
214580,-0.216738508
217304,-0.25109861
70078,-0.143990156
16828,0.669649282
117171,-0.189764817
56367,-0.340662642
54526,-0.539605254
671535,-0.094943317
74838,0.174302067
30963,0.164486568
22694,-0.144784675
320709,-0.644138327
108167922,0.098583827
19942,0.098583827
76179,-0.091350497
544717,-0.121327881
52705,-0.079260357
72027,-0.259369244
26413,0.121093019
207958,-0.212633195
69277,0.145523627
80288,-0.315474762
210853,-0.018397089
73130,-0.061291008
381741,-0.335989221
223255,-0.1041374
232174,-0.739092897
70503,-0.374150823
320916,-0.91919027
232987,0.161212745
67824,0.360244233
319565,-0.308284503
330286,-0.368292805
20054,0.373205895
76633,0.449024367
20826,-8.07772e-4
100862468,-8.07772e-4
382118,0.266662753
239027,-0.42589625
20637,0.241183115
67038,-0.006034727
13806,0.392275942
380842,-0.440944857
20349,-0.89142813
76373,-0.306365281
269966,0.052178922
11761,-0.14941966
237759,-0.350492346
231986,-0.234994616
71765,0.149234768
14709,0.50797429
75740,-0.254806492
234582,-0.305593615
210801,-0.1821431
20666,-1.041615037
76071,-0.80704764
56517,0.369005136
30928,-0.177973667
382236,0.335900724
170788,-1.719719307
93876,-0.223749581
13063,-0.489980121
94281,-0.51838555
332110,-0.076115704
18383,1.322380403
15493,0.117554702
268291,-0.009965568
214685,0.018364218
104183,1.122438797
72554,0.141503016
66121,0.001846169
230596,0.004536218
11778,0.047154978
66245,0.191366011
67471,-0.276258863
236266,0.406187979
58804,0.087229864
66812,0.243817557
14775,0.240239543
107932,0.125686454
94249,-0.384006931
66576,0.16992773
69956,0.094913233
66229,0.243892193
12916,0.236547436
93681,0.145138384
71844,0.098139575
236082,0.347612779
16612,-1.468816761
75221,0.043298244
18624,0.019362344
268936,0.211432509
100041585,0.39881978
319192,-0.458858422
14536,0.323363794
108096,-0.084817891
259277,-0.761908048
78428,0.217921862
74254,0.020913766
68662,-0.198087901
224170,0.302825037
320495,-0.692417059
17827,-0.029942182
14115,1.421005627
69922,-0.184446431
94219,0.119607914
23900,-0.257561971
239857,-1.117618648
56738,0.369823005
73072,0.622837444
26896,0.170801159
219103,-0.286098825
68675,-0.051900759
381549,-0.750519637
23807,0.145925686
442827,0.667063235
58991,0.753377754
216363,-0.178378756
381218,0.040365352
105722,0.064417769
52668,-0.241469331
15267,-0.164305159
75552,-1.173641885
12654,-0.031724298
403178,-0.160589705
66071,-0.089505997
243374,-0.859703242
232969,0.404942557
74096,0.075820508
75172,-0.361487771
72355,0.090211488
21353,0.160877759
269784,-0.124897346
71724,0.147492662
76707,-0.078079919
69358,-0.249415119
15245,-0.706916367
30954,0.329257459
78600,-0.197351558
17716,0.159972121
17717,0.125658698
17708,0.312026748
17709,0.252005488
17706,0.066608638
17705,0.29623395
17710,0.440400853
17718,0.945680707
17719,0.231248586
17721,0.350137924
17722,0.307534452
17711,0.338071603
20363,-0.353882272
17720,0.233294702
320165,-0.287608772
223978,0.233266573
69165,-1.510460088
66077,0.043263578
102631585,0.485163287
100862460,0.485163287
433804,0.485163287
112422,-0.723162954
100043034,-0.723162954
20148,0.343877509
69116,0.255694783
74326,-0.027817102
67219,0.195577183
100169,0.037525472
13117,-1.240377657
74180,-1.494873269
77739,-0.38257034
76484,-0.426732753
70052,-0.022473953
66440,-0.024811365
20529,0.347978181
338355,-0.018180665
20530,-0.25245484
75691,-0.16609498
433700,-0.146460411
233726,0.134502743
66079,0.323959208
215494,-0.075602082
76681,-0.152038926
330192,-0.197805826
504186,-0.804302957
101706,-0.147241552
235636,-1.126573828
242291,0.102900752
83669,0.340037127
16625,-0.742860042
238393,-0.156195932
20703,0.282990691
20700,0.282990691
75547,0.095770082
77853,-0.258327685
217682,0.443612152
211978,0.02825307
17252,-0.090593713
107885,0.191323803
94353,-0.028657516
100862258,0.033652241
15289,0.033652241
67070,-0.209497335
233103,-0.369365111
226844,0.158950946
319477,1.272039466
69504,0.193438773
70381,-0.279800608
75516,0.116782566
231863,-0.027218554
74682,-0.024975065
330503,-0.405434886
100033459,-1.37681628
545812,-0.082450303
170741,-0.226490942
235320,-0.025792548
59095,0.249099367
101544,0.238778157
69568,0.053720543
240873,1.404246284
26436,-0.103262557
241322,-0.15207294
24014,-0.353123575
235050,0.140687275
232855,0.338244132
26940,-0.114536242
545370,-0.619038831
81013,0.203593187
23960,0.319629543
17974,-0.070779255
170938,-0.098289451
30843,-0.032986
231668,0.005424077
71954,0.023446667
231646,-0.64810894
12237,0.023471508
55927,0.149657786
208372,0.054544557
20016,0.566416553
16069,1.037089386
72322,0.094969593
12829,-0.461115671
66235,-0.04123726
14296,0.169172928
15040,-0.164734432
70701,0.162275228
12788,-0.406130517
15007,0.026062972
11837,0.702730843
12338,1.260142124
53412,-0.239764172
54127,0.354477923
112419,-0.564730251
12168,-0.753989461
381091,0.177018714
66309,-0.096376104
17089,-0.09674766
215201,-0.083117705
54218,-0.076897617
56496,-0.520409064
240068,0.277052337
73451,-0.491983353
70315,0.059323404
13610,-0.657065629
56538,-0.521997974
240057,0.139893364
78321,-0.136136467
19082,-0.064798471
381810,-0.070987886
214489,0.037916729
27083,-0.575756413
574404,0.117230359
434795,0.117230359
94227,-0.180015765
18111,-0.078541461
53619,0.23936627
75799,-0.183459535
98932,-0.863410894
74043,0.144728411
67067,0.22250475
211673,-0.127732355
399599,-0.694734799
72459,-0.100584424
320923,0.059137464
76982,0.487677404
20743,0.403300712
666532,0.030781532
553127,-0.322216789
66158,-0.209971892
240034,-0.316109831
381066,-0.073196268
224585,-0.060517598
68705,0.059755262
70291,0.118143678
380916,-0.447870662
17356,-0.090169148
21454,0.297260577
99237,0.038593457
21407,-1.066830363
66570,0.671864558
72049,-0.708741767
76457,0.097246664
78177,-0.13255497
13011,-0.653308273
668923,0.06573643
104348,0.084549977
53626,0.44515939
75597,-0.107210876
12837,2.006211395
72899,-0.093628176
18693,0.346440443
16852,0.900023558
16185,-0.886358035
219132,-0.063981647
71898,0.210445016
232566,-0.157600573
58229,-0.902212779
69596,0.229139993
12616,-0.23258525
208431,-0.359509813
207806,0.11462027
77006,-0.053549394
75541,0.592753791
232156,-0.046511255
11993,0.014974424
64704,-0.078831010000000007
13448,0.245818262
241589,0.304744053
93696,0.061249689
99100,-0.04464645
667034,-0.161613719
239789,-1.212887805
214593,-0.646405734
22290,-0.041861126
67532,-0.286813841
239435,-1.098603501
14707,0.165256341
100043507,0.165256341
68910,-0.064096536
50918,-0.34477376
72008,0.035431761
232714,-0.360452869
225594,0.474713142
11464,-1.589075568
66793,-0.434134544
74374,-0.090409114
333883,-0.181911562
64378,0.780469448
68794,1.555068069
67495,-0.098942089
277414,0.139540001
20226,0.182773923
53883,-0.223382494
12953,-0.240763387
56742,1.855801654
68753,-1.29664254
20661,0.021896461
19283,-0.322161989
26442,0.075477934
16188,-0.028209978
14867,-0.970050686
213945,0.164685802
109905,-0.277923249
229663,-0.148121478
319190,-0.135069602
107701,0.039174362
381373,-1.368380459
229588,0.886648272
20341,0.196106351
70737,-0.271492518
20342,0.048460243
20823,0.004153136
12748,0.051313084
65111,0.186978534
229524,0.192041468
229521,-0.05398149
70227,-0.181363774
241311,-0.125677751
68205,-0.004262544
26900,0.202427562
26908,0.564977852
22202,-0.324462377
241919,0.020675283
12572,0.126932704
18583,0.486392787
229055,-0.114903582
75296,0.345689133
110789,-0.116012168
13865,-0.632975535
238722,-0.180259889
238692,-0.312832156
235956,-0.003878241
97863,-0.031509358
105352,-0.167450572
319161,-1.924515778
665596,-0.645268652
225518,-0.451585789
19683,-0.185289047
227867,-0.133341712
17110,-0.58645696
17105,0.198969393
67226,-0.001680932
213326,0.095115442
70248,0.07796573
11735,0.498011283
72149,0.082454958
69129,0.07530742
17118,-0.218274496
69837,-0.09434946
434179,-0.143741454
239985,-0.125653183
75424,-0.261362338
26446,0.019932301
67888,-1.129636434
76626,-0.198900336
100034251,0.810425809
237886,0.434107176
14121,-0.627064744
81904,0.090990943
116972,-0.207128151
432582,0.769211428
66395,-0.525322511
69215,0.100843092
52892,0.031184594
54396,-0.264180623
245240,-0.503716041
667214,-0.444647301
52335,-0.351664972
70385,0.214122676
110257,-1.222429695
15122,-1.415218452
97440,-0.055056746
74015,-0.72200616
13716,0.189390025
76900,0.329629618
434484,-0.13081802
109032,-0.24012425
212326,-0.405729267
14107,0.276526783
52065,-0.544388292
66706,-0.17012491
331026,0.248404243
245020,-0.119631968
100048658,0.131504271
72821,0.142390797
319742,0.374787946
270150,-0.333909363
53356,0.014989819
672511,-0.135718168
217143,-0.285867023
12443,-0.204715608
101488212,-0.276954789
381924,0.14021155
77613,0.213818612
12340,-0.151236256
637515,-0.013826625
69186,0.028208565
54710,0.328001866
666311,0.170252032
11875,0.721045392
102443351,-0.583480413
75212,-0.074810941
16068,-0.225457482
12406,-0.185178301
80889,-0.383180882
269959,-0.634815
12739,0.833545177
71532,0.035410288
14004,0.083435402
433806,0.083435402
545384,-0.843065381
244058,-0.214871
66647,-0.01826567
435653,1.662788503
27412,-0.400314961
22652,0.175935132
277345,-2.389792314
78465,-0.755518521
21969,-0.070969615
69363,-0.797877923
243967,1.680628136
226525,-0.455757439
72961,-1.307669052
433938,-0.387890162
14349,-0.40870758
75690,0.394473847
433791,0.129014001
433926,-0.346713199
20668,-0.700550057
214253,0.744395791
66825,0.213694414
12399,-0.202133111
65961,0.047018546
71984,0.386193388
434156,-0.145971333
73430,-0.094364904
623230,-0.440045591
67809,0.010184326
72313,0.00092360300000000005
100039968,-0.040811746
227333,0.15323812
245945,0.619796359
434128,-0.248595711
56222,0.483155882
332934,0.011827098
243842,-0.325351159
321008,-0.310293932
232875,-0.347810038
381633,-0.17211006
666048,0.144721577
227210,-0.09312476
232801,0.435805415
546840,-0.404837947
75051,-0.471021405
242521,-0.013048272
68441,-0.008393412
73122,-0.062947204
107527,0.361111577
227746,0.155388629
72429,-0.021571172
100039781,0.249850703
24047,-1.452586618
100039053,-1.452586618
230075,0.13747114
73582,-0.185228799
240168,-0.690069438
224903,0.045878556
622675,0.097113599
328833,-0.650972229
56351,-0.009449781
224813,0.537346207
28064,0.284102528
16478,-0.023765403
75692,0.125763398
69479,-0.222998872
20383,0.091880586
234094,-0.641162716
20701,-0.249446061
75616,-0.206493093
215001,0.885118306
381077,-0.368364461
17951,0.241457584
330409,0.74219735
381073,-0.078496181
72371,-0.233457947
73132,0.170712893
449521,0.14011295000000001
74149,0.088581298
73233,0.104747951
235907,-0.211722283
238693,-0.230522403
72139,-0.127287308
23828,-0.617077731
213402,-0.628284669
100041085,-0.010351415
21841,0.227560144
239126,-0.54941389
239122,-0.322406583
237336,-0.183607367
26408,-0.027726423
53602,0.312333738
100045792,-0.566409075
73667,-0.620466779
65019,0.485908775
100862455,0.485908775
100044627,0.485908775
69666,0.211972717
13528,0.490897532
239083,-0.285595751
72306,0.090767461
19214,-1.184865112
109218,0.860326495
66477,0.269719265
76302,-0.148154245
74253,-0.132026509
100504518,-0.905732901
70021,-0.166910479
212517,-0.33735166
432720,1.287370355
100043314,0.019732523
67795,0.065623292
381217,0.042348833
72307,0.006644381
12609,0.315306428
67160,0.40676777
70044,0.097011483
23942,0.049859134
225898,0.157808515
19881,-0.022842626
72727,0.017847623
14376,0.031680357
109077,0.186794318
66276,-0.208482484
107197,0.016512689
225896,0.086824906
68852,1.083858583
14705,0.12251408
68693,-0.128541451
70387,-0.086304333
75291,-0.352757349
67710,0.014621417
74478,0.410072592
20603,0.209433651
671878,0.209433651
246221,0.437405908
12983,0.371480178
12984,0.342883346
17972,0.413357754
666348,0.01609411
620592,0.245652941
270624,-0.143054201
14853,-0.033759378
100503915,-0.21076989
387609,-0.304814092
494504,-0.597698838
240261,-0.05468673
328949,-0.784670608
268373,0.091735091
68655,0.670609302
12449,0.569758817
11727,0.277979296
18951,0.244633065
22142,-0.341933078
94088,-0.033795208
21339,-0.137951676
16597,-0.983093925
73703,-0.834808743
73902,0.077781957
332397,-0.044126264
67085,-0.525031116
105651,-0.126383733
239510,0.10557342
399603,-0.193393661
619301,0.354311075
214922,0.112071978
217057,0.284808804
503845,0.694820338
13587,0.694820338
53876,0.694820338
630952,0.586692654
13586,0.701522775
20556,0.096572058
22750,-0.30076588
12165,-2.538937985
66274,-0.275063754
280668,0.135492674
545893,-0.330693944
320277,-0.52223074
100039246,-0.24349758
66039,0.229645311
100039192,0.382942716
381820,-0.377353734
74376,-0.672936597
100041734,-0.188755453
54137,-0.291434638
14790,0.249092769
626391,0.052613875
217882,0.190067078
56353,-0.145027281
14761,-0.753086109
100978,0.259657504
108167848,-0.258639812
20657,-0.88591407
279706,-0.157823076
77219,-0.045797612
26897,0.716112842
399591,0.486238714
70237,0.235980138
245607,0.218407898
494468,-0.024623074
11498,0.462598974
214321,-0.085475132
70645,0.178754904
53620,-0.359637578
213439,-0.826862581
331487,0.146997153
668166,0.129189609
667736,-0.681820279
636104,-0.681820279
24067,0.065836438
243371,-0.00740129
381738,-0.712274886
574437,-0.406534158
67048,0.153567068
236848,-0.067191486
668588,0.061904066
105245381,0.061904066
100042698,0.061904066
102637839,0.061904066
102639021,0.061904066
108167321,0.061904066
105245400,0.061904066
66808,0.061904066
78619,-0.290039121
236366,0.168641757
434778,-0.081324528
100502967,0.45920651
102954,0.025215751
58242,0.405177253
328829,-0.680952354
19824,-0.585510592
667977,-0.062501391
14963,-0.058282594
547347,-0.227380692
268949,0.628861987
110557,-0.068019681
15019,-0.068019681
14964,-0.098960017
14980,-0.098960017
16988,-0.204419141
114654,0.482096636
106722,-0.292493322
12268,-0.065879099
14961,0.222823487
14979,0.085684887
328801,0.030473472
106648,-0.676045408
237412,0.107508421
14570,-0.004570777
106618,0.338616254
79059,0.093685811
193838,-0.001684125
240023,0.900761574
106489,1.27229e-4
66832,-0.024729272
67247,0.05277604
15951,-0.32138434
226691,0.368663958
623121,-0.935683903
545378,0.407240595
23850,-0.256062102
225659,0.025634794
240327,0.243454401
329251,-0.457272245
70425,0.019564243
71373,-0.946293921
93893,-0.296660928
73449,0.129522326
68545,-0.884736024
381148,-0.606361484
619597,-0.016533433
98314,0.012550807
66915,0.058550237
66153,-0.173765497
19330,-0.116546037
69368,0.385623529
241112,-0.355098481
269198,-0.093648739
15528,0.152722769
241062,0.113811872
320587,-0.176562831
67513,0.140909393
242785,0.061124585
114641,0.25852547
69928,0.439930193
210940,-1.540880741
347710,-0.484558096
68421,-0.18649599
76166,-0.139974278
230757,-0.324278664
66938,-0.098893252
100087,0.1561793
320438,-0.181266958
381933,-0.48257974
12579,0.215405716
627214,-1.294674269
233870,0.200482897
434232,-0.200861094
100038993,-0.384272404
100042555,-0.384272404
100861969,-0.384272404
20301,0.002681569
16157,-0.341288559
214944,0.149259425
101488143,-1.471908535
101700,0.07343438
259108,-0.654522968
56212,-0.025779113
14590,-0.459604422
50500,0.511307897
272411,-0.810460077
102058,-0.028608978
17199,0.321690645
71839,0.081865718
56690,0.291057307
66585,0.169685179
75744,-0.264467655
109095,-0.345336409
78405,0.545212026
22121,0.253251277
100328588,-0.372479556
14204,-0.372479556
434341,-0.301285207
208111,-0.148834514
67607,-0.140499549
101835,0.083749815
72287,0.496732606
229937,-0.11481441
14857,0.56776656700000006
244556,0.355686697
11522,-0.250764273
68332,0.143016428
70604,0.079409627
70134,-0.883777212
12865,-1.081337286
233060,-0.110562296
243905,0.073954683
20733,0.286590256
211556,-0.060361016
66498,-0.007363616
13086,0.264512982
546134,0.002421374
11722,-0.038482149
26365,-0.278044474
232970,-0.030200957
22756,-0.059897428
56869,-0.046129156
244895,-0.213172036
12659,0.71324891
433638,0.078699153
244882,0.894556288
232933,0.071476397
56868,-0.6757441
319430,0.369872835
259300,-0.58385394
621080,0.043241403
382074,-0.464798519
319748,-0.0724849
232816,0.164311727
18730,0.037011513
18729,0.037011513
100038909,0.037011513
18724,0.037011513
18727,0.037011513
100041146,0.201092369
434396,-0.318175418
67860,-0.36700043
67629,1.134396218
72640,1.162521008
12095,0.724259937
319493,-1.041698278
72230,-0.175379456
270120,-0.639294762
99889,0.049946963
626848,-0.14602437
102639598,-0.282777987
78703,0.204814768
320664,-0.83253482
241794,-0.440496495
69372,-0.086064724
69553,-0.448120922
624866,-0.002304409
99371,0.225143829
242037,0.088075524
211666,0.248490831
269389,-0.269352055
16658,0.692187419
545481,-0.527607757
633640,-0.067364812
20674,-0.720475515
266692,-0.094232947
320095,-0.452835781
71405,0.421437114
622408,0.054205183999999997
668940,0.788497103
67204,0.302805706
16572,0.128071508
241732,-0.149172332
74711,-0.310053721
14239,0.144328067
100038947,0.174261638
67917,0.011789576
12995,-0.037750216
56838,-0.285441073
545471,0.25326778
230991,0.127633696
21824,-0.782855184
107368,-0.036766232
382423,-0.128811577
228730,0.378034378
228715,-0.167116279
319909,-0.449105127
93765,0.065706719
54712,-0.211232857
72630,-0.828409739
105171,-0.048023242
269356,0.495558762
16434,0.223005557
237436,0.347755259
20170,-0.135709097
56522,-0.226369397
100503041,-0.226845569
432770,-0.127103259
73338,-0.436337377
100038538,0.471963803
630836,0.130021085
545291,-0.93829535
77117,-0.558020971
630579,-0.050939591
381418,0.831898642
13025,-0.585432911
378702,0.001164056
26385,-0.059362015
329504,0.22539407
15959,0.091342279
240614,-0.114330893
72136,-0.219284183
68034,0.161577966
214230,1.00621646
72351,-0.100658398
23892,2.392876873
228432,0.035829151
67606,-1.179749663
99003,-0.184848218
641340,0.209589313
14221,0.051150016
100042784,-0.03615771
385658,-0.935810735
381410,-0.005756164
67008,0.478573931
12519,-0.195083146
241528,1.659883729
75973,-0.51331419
29805,0.109744918
381045,0.126329638
11702,0.457027998
77446,-0.546769563
66311,0.584504668
78802,-0.0726288
72421,-0.084340249
215280,-0.310409672
107239,-0.26321374
621603,-0.237575429
667281,0.357064771
66748,-0.918287543
64406,0.376233357
228003,-0.726168066
110876,-0.834406241
60344,-0.233496519
381990,-0.216453503
67874,0.353156836
319817,0.025587529
77055,2.955507315
100038570,0.8570303
14269,-0.192273136
227697,-0.041637597
68528,0.373561408
52838,0.032827406
380959,0.106218916
66200,0.008246621
69684,-0.034282878
432870,-0.603626457
18861,-0.380606229
320864,-0.639215447
103889,-0.252622384
223649,0.267609193
277154,-0.510706634
330217,0.349293983
268469,-0.217013456
223642,-0.075350031
110454,-0.397954572
544806,-0.462877956
69227,-0.072032617
109815,0.184889487
114679,-0.049571147
28042,0.263659197
26462,0.337226766
27361,0.377073126
625249,0.069078483
20677,-0.299789656
22630,-0.065618701
71856,0.958177385
264895,-0.139559057
72657,0.190196848
11898,-0.194923066
19326,-0.06378243
383787,0.210322095
621823,-0.242984035
209601,-0.448041635
12663,-0.174400639
227615,0.216669686
67122,-0.756864351
242721,-0.205783975
111241,0.403489252
77914,-0.979837798
330941,2.140274442
14070,0.044747805
66125,0.038646642
68859,0.442130626
66118,-0.147436801
52468,-0.132213482
216177,-0.051950128
72273,0.208071715
102115,-0.066048959
56214,0.06211956
73075,-0.50827238
73112,0.178027239
231003,-0.140200864
231002,0.099485919
74183,0.071347716
242805,-0.723745517
544678,-0.347969689
100041677,-0.203586611
195531,-0.715655957
433801,-0.239566434
101056073,-0.231357
68817,-0.03906553
230866,-0.078525098
67149,0.301902304
70081,0.35305871
100504491,-0.234062801
12176,0.596642269
68920,0.387506026
208501,-0.045703829
66105,0.024423193
101604,-0.191399112
230696,-0.010072325
381546,-0.550716523
13118,-1.325388543
639774,-0.27149485
100042856,-0.278933454
242594,0.977417998
83796,-0.127856332
67163,0.024465048
259104,-0.125886033
381536,0.440627629
632687,-0.819232121
620779,-0.353952816
237940,0.391483284
19192,0.036327906
68107,0.158629618
28084,-0.001325585
100038347,-0.655468046
244059,-0.067161381
192160,-0.195783743
68634,0.033730491
217149,0.262432482
100504524,0.262432482
666377,0.017246734
68512,0.017246734
242409,-0.032002624
100862261,-1.58527012
100043920,-1.58527012
545611,-1.58527012
100862324,-1.58527012
100041579,-0.595322146
71909,0.181624452
20555,-1.153532453
233073,-0.01603934
72556,-0.342370297
14017,-0.038394525
623474,-0.246445375
319482,-0.53934026
22717,-0.305406114
381484,0.229879008
751864,-0.153360929
69126,0.109496819
414069,0.18731618
116905,0.382636946
629378,-0.077563604
81014,0.066482577
276770,0.421403489
69757,-0.114804837
18752,-0.352887081
378425,-0.319843755
319162,-0.308432804
16145,-0.236566307
353208,-0.181862913
665001,-0.001061989
665211,-0.001061989
626802,-0.492746147
628308,-0.409839704
545490,-0.305167177
100043915,-0.397273588
100039060,-0.397273588
626832,-0.25372615
13999,0.405322533
100504263,-0.281691738
100503949,0.006704608
102633156,-0.135656642
627914,-0.135656642
100503353,0.155700125
270096,0.003963198
13480,-0.330984507
15953,-0.411111065
100039796,-0.793276564
21822,-0.233026306
66589,0.011134754
238896,-1.300770182
68023,0.01144376
12895,-0.078001228
102216272,0.185665156
17952,0.152841921
53880,0.152841921
17948,0.177133754
73167,-0.297612071
103784,-0.326651468
100043039,-0.125239554
102637269,-0.125239554
20335,-0.125239554
72807,-0.160120382
408065,-0.179385989
666704,0.167554117
20717,0.521724833
628900,0.105437075
20702,-0.156541234
76933,-0.377389654
17067,-0.020716509
16336,0.443636232
106068,0.041027001
69700,-0.168360383
654309,0.33002348
211064,0.33002348
19122,0.321167153
211135,-0.507683454
380601,-0.038096118
110893,-1.4105884
56461,0.167035377
102294,0.117805342
100042165,0.225336574
381417,-0.565871986
77532,-0.010885273000000001
66396,-0.285003838
328099,0.130243531
109828,-1.062908126
100101806,0.054306382
665155,0.054306382
12335,0.58080118
66913,0.024770654
319266,-0.040513849
666747,-0.337368548
53791,-0.120331674
751865,0.394873066
70192,-2.157522359
22635,-0.126739432
75339,2.25091e-4
19188,0.067103503
269704,-0.168611641
677525,0.485553817
12774,1.066976518
100502861,-0.263855388
22437,-1.933137147
100504715,-0.154441634
28254,-0.237871278
69549,0.435185397
56644,0.603247387
80782,0.29334409
56382,0.353520051
66226,-0.13903593
100044633,-0.13903593
213409,0.428124041
56441,-0.305700206
667373,-0.854701024
317677,-0.217591539
628236,0.03236115
252837,-1.763864928
17472,-0.959387323
100041874,-0.194812564
100861615,-1.380999015
12803,0.508971927
666468,-0.179047637
73656,-0.042025086
68089,-0.241019609
100039707,0.360914475
100040766,-0.316000319
23956,0.41670773
19982,0.482466316
100040591,0.6051265
20448,0.117402347
227327,0.369560385
73061,-0.223413989
12828,-0.487917872
55981,0.102806177
195434,-0.148445845
19349,-0.12710287
56390,0.351929597
105247253,0.033682693
69713,0.033682693
100042480,-0.917820306
227696,0.041366412
59024,-0.116278511
15024,-0.094870839
100529082,-0.582527535
100504710,-1.107864771
329375,-0.600633191
15006,-0.365308921
68316,-0.031875112
22764,0.040367635
19240,-0.55172043
546325,-0.455282957
14999,0.480209144
227157,-0.2769418
100502766,0.38909975
231123,0.080411913
224703,-0.391824191
100502940,0.109024872
15400,-0.516430992
59003,-0.00291269
57757,-1.077711589
381339,-1.56994998
235312,0.239862765
474156,-0.253140204
170461,-0.177874065
109346,-0.008572037
72124,0.085839044
140474,0.245066919
67248,0.201780567
245884,-0.179954892
101359,-0.71063142
67923,-0.12554634
652925,0.671387031
68165,0.163744435
77777,0.41373956
100041586,0.007094023
21647,0.007094023
100041639,0.007094023
102638047,0.780148362
192289,-0.006038146
434794,-0.622849915
16635,-1.110625196
93970,-1.110625196
100504608,0.462436741
107392,0.00176419
75202,0.358659672
97114,-0.288673535
67739,-0.305656352
15504,-0.883455732
237890,-0.826853833
17954,-0.793356301
12223,0.342751371
67238,-0.60165761
56464,0.260148247
77411,0.697282516
66177,-0.058219928
381582,-0.05518737
668158,-0.436273441
50518,0.012107873
100503572,-0.149816483
381284,-0.571446873
67341,-0.572998037
381835,0.257729127
209540,-0.824883727
629959,-0.219836629
217708,-0.219836629
353310,-0.168563715
214292,-0.330061549
330319,0.218274593
546143,-0.264044462
630146,-0.184503674
382111,-0.729014802
664994,0.175149502
620695,0.134556587
433022,-0.326195943
620393,0.992377359
68576,-0.038147262
101055671,-0.390200905
621976,-0.026865541
433752,0.171128618
14559,-0.432487555
93898,-0.432487555
56707,-0.072789156
69784,0.434052588
100503890,-0.134389111
12587,-0.068420554
69583,0.340895264
12050,-0.246838083
242681,0.48883579
100043497,-0.961211477
108148,-0.008846014
494448,0.057223048
100044509,0.596383528
667962,-0.445006019
72500,0.629360211
666244,-0.344421761
53881,-0.497870435
107605,0.382615186
320292,0.319062541
75710,9.67456e-4
192192,0.30527045
381287,1.550931045
100041708,1.550931045
14356,0.315108238
382019,-0.190094925
100036521,-0.061101434
320119,0.097164097
380705,0.531395922
15247,-0.006045024
68556,0.094091058
12045,0.694580679
18725,0.017012499
394436,0.404494756
71176,-0.098830018
100034363,-0.30867598
66191,-0.137418454
16205,-1.033968554
14426,-0.162266192
242481,-0.488195953
319807,-0.290112845
102634333,-1.206362259
72699,0.007644424
58230,0.033732957
51795,-0.308792431
140810,-0.235785399
105886298,0.024096106
268281,-0.113043193
621239,-0.690972103
224836,0.104901652
100504285,0.129165111
394432,0.11882683
22186,-0.014277943
394435,0.036827657
102632,-0.023419765
232406,-0.72707836
93725,1.019797998
213980,-0.088079297
271375,0.696870821
73407,-0.494686632
213119,1.047376448
407243,0.116039534
434218,-0.347603298
18546,-0.117297981
14962,0.11887228
80733,-0.44516091
14533,-0.063768187
211151,0.052887493
108112,0.426378917
74319,-0.116473291
100040462,-0.644299862
100504446,1.190804774
212728,0.243234813
278795,-0.517772069
403185,-0.316375487
66765,-0.729391478
67647,-0.12511719
433102,1.021467641
71683,-0.194380102
20643,0.061803801
320700,-0.639305121
21778,-0.096624421
78251,-0.29192681
72958,-0.353059072
381823,0.585050739
102642386,0.219461691
546611,0.099092598
17904,-0.118049184
68052,0.356926335
15511,-0.309579723
52372,0.890360327
241989,-0.882944402
24071,-0.200850794
240328,0.453962555
72123,0.111561337
434215,-0.059948472
100042499,-0.018172589
100039139,-0.443890914
628705,-0.100082608
380850,-0.36180903
73569,-0.349703303
108934,0.042178086
58521,-0.133281586
665033,-1.38909257
218476,1.749483909
97122,-0.599825272
633979,-0.393768653
545391,-0.405429218
56692,0.022261172
66167,0.092117822
101055983,0.897401413
208285,0.260401402
670558,0.623733364
66373,-0.022002441
236451,-0.404228459
15013,0.004929512
665119,-0.374301651
100073351,0.014411029
636741,0.126378071
100126824,0.700655565
66272,0.116973907
66300,0.007049576
56550,-0.036395501
21924,-1.436423487
100233175,0.073960571
193740,-0.386374921
634650,-0.423757323
170676,0.099303422
666938,0.107799906
100310872,0.183464428
98741,0.350470958
100040608,0.091290291
67685,0.020689293
620419,-0.081105492
434178,-0.097353177
81845,-0.21500931
330173,0.151782517
11871,-0.338983907
56771,-0.181694818
241197,-1.364862274
68468,-0.427567794
69269,-0.074280184
231798,-0.081533065
66892,-0.267884103
67945,0.297704803
15077,-0.380875737
67952,0.316868435
330230,-0.051364653
208715,-0.12112842
216984,-0.102720673
52898,0.098329078
100101807,-0.326494021
546886,-0.348969313
319185,-0.551320625
381043,0.881056365
77652,-0.098312936
19291,-0.011344952
108168669,0.053387558
100503583,0.575711814
94047,0.501819569
633057,0.214980973
18829,-0.592234521
100504362,-0.592234521
68195,0.326630607
625360,-1.021058412
100039175,-0.730387613
100503361,0.312795052
72465,-0.07663689
268595,-1.320424093
19653,-0.071178102
100041979,-0.137573919
100502950,0.71008141
668101,-0.032686161
240514,-0.339121819
100041062,0.340677122
545654,0.340677122
171211,0.737173361
319622,-0.265748146
15495,-0.718575334
100043456,-0.718575334
100044193,0.024204088
240064,-0.173818289
211623,-0.650988089
240066,-0.173988457
329575,0.039919853
212276,-0.389848579
668225,-0.28601966
67464,0.047557176
57741,0.177344164
73385,-0.171661853
100861753,1.334741866
100040531,-0.059528292
100043665,0.064942271
100037283,0.486872437
100861908,-0.138513271
76229,-0.695062747
320832,0.54244766
69034,0.139152473
245269,0.212622536
545929,0.064942271
22759,-0.088480576
320332,0.204820822
108168591,-0.341830635
108168592,-0.341830635
320333,0.477565788
64009,-0.324193024
100043332,-0.154967965
627872,-0.650360505
27973,0.119787072
16514,-0.537184212
97487,-0.24418221
69709,-0.023493941
14958,0.331970181
432995,0.238310066
21648,0.063927356
100041504,-1.33725896
65956,-1.33725896
100041593,-1.33725896
231004,-0.045380256
102902673,-0.29576795
240038,-0.010005477
64113,0.28599375
12581,0.086080601
100503386,0.057222309
449000,0.03882297
331188,-1.001664492
16912,-0.33678192
102308570,-0.174151506
170942,0.646278861
102635315,-0.014972047
73610,-0.014972047
210573,0.579279703
100233208,0.001819716
100463512,-0.1209181
100043468,-0.093108395
100043772,-0.115578785
14241,0.410312798
319887,-0.10243728
21944,-0.410486453
170763,0.14692982
73635,0.132637252
330502,-0.899674759
668218,-0.156056522
78748,-0.301030312
66381,0.036297631
223648,-0.152490758
268301,0.257243298
68193,0.298089382
667277,-0.557200727
211429,-0.764547255
239217,-0.032494438
433466,0.309208091
629016,0.021292281
226351,0.128656251
100039596,0.247259647
223922,-0.047358228
383435,0.717167131
102443350,-0.138500568
73729,-0.365391682
12047,0.34134636
22064,1.05645747
16866,-0.526027846
75555,-0.17298273
666907,0.435587564
217246,0.0080433
75758,-0.128501039
12044,0.508392834
667118,0.026309804
93722,-0.584309447
20646,-0.254352552
26904,0.470206091
93724,-0.728008139
93717,-0.252120563
93708,0.284649568
353237,-0.991517465
93723,-0.541714798
93700,-0.322568312
665574,0.034463467
93706,-0.33088753
70579,0.024179152
93699,0.051671737
93705,-0.468598766
93703,-0.358300137
12941,-1.958267572
93709,0.043069288
353236,-0.744086855
93710,-0.496493572
93715,-0.164997153
93713,-0.388579
93701,-0.478136038
93712,-0.08211026
226654,-0.452014733
93702,-0.815855318
93714,-0.500570479
93716,-0.253661745
105734,-0.210294018
93704,-0.411778577
213248,-0.88159208
93711,0.051095298
58176,0.314055025
626578,-0.043825651
229898,-0.450851581
105180375,0.445738641
71752,0.76153689
66845,0.20178833
67278,-0.182897875
17527,-0.114390717
243510,-0.774057929
15469,0.472303468
233033,0.031405251
18226,0.149899185
14256,1.786386347
66387,0.597491224
100503185,0.461804372
