MM.Entrez,row,EffectSize,condition
11298,11298,0.16131978799830132,Fluad_4_PBMC
11298,11298,0.18002125862607318,Fluad_8_PBMC
11298,11298,0.43365702355045527,Fluad_24_PBMC
11298,11298,0.4062963617243478,Fluad_48_PBMC
11298,11298,0.48207466843049185,Fluad_72_PBMC
11298,11298,0.2876766780183745,Fluad_168_PBMC
11434,11434,-0.34788827586470566,Fluad_4_PBMC
11434,11434,-0.4719823834381188,Fluad_8_PBMC
11434,11434,0.022384909443121548,Fluad_24_PBMC
11434,11434,-0.13590685073567407,Fluad_48_PBMC
11434,11434,-0.3294035360192408,Fluad_72_PBMC
11434,11434,0.07535501989820745,Fluad_168_PBMC
11438,11438,0.25031099213683206,Fluad_4_PBMC
11438,11438,0.1915971322813936,Fluad_8_PBMC
11438,11438,0.32147682469802036,Fluad_24_PBMC
11438,11438,0.34781091151845184,Fluad_48_PBMC
11438,11438,0.4275660131790683,Fluad_72_PBMC
11438,11438,0.264599316067744,Fluad_168_PBMC
11465,11465,0.1346131182309544,Fluad_4_PBMC
11465,11465,0.09191858111534432,Fluad_8_PBMC
11465,11465,0.05339270717997639,Fluad_24_PBMC
11465,11465,0.09855063286587695,Fluad_48_PBMC
11465,11465,0.09444091069438412,Fluad_72_PBMC
11465,11465,0.11328347842927264,Fluad_168_PBMC
11470,11470,0.7873632217895545,Fluad_4_PBMC
11470,11470,0.8067703278475691,Fluad_8_PBMC
11470,11470,1.035741098511122,Fluad_24_PBMC
11470,11470,0.9828526608045354,Fluad_48_PBMC
11470,11470,1.1629776788966257,Fluad_72_PBMC
11470,11470,0.980512064850039,Fluad_168_PBMC
11475,11475,0.06027595440398015,Fluad_4_PBMC
11475,11475,0.06504198641006834,Fluad_8_PBMC
11475,11475,-0.15179160403437048,Fluad_24_PBMC
11475,11475,-0.16502979471329093,Fluad_48_PBMC
11475,11475,-0.25784120080172557,Fluad_72_PBMC
11475,11475,-0.10829325366774209,Fluad_168_PBMC
11479,11479,0.015389173153595049,Fluad_4_PBMC
11479,11479,-0.01628622794328627,Fluad_8_PBMC
11479,11479,-0.3557863244455782,Fluad_24_PBMC
11479,11479,-0.04961080823579664,Fluad_48_PBMC
11479,11479,-0.04685011176879331,Fluad_72_PBMC
11479,11479,0.03264044543808216,Fluad_168_PBMC
11492,11492,0.334262061035548,Fluad_4_PBMC
11492,11492,0.2880302065237938,Fluad_8_PBMC
11492,11492,0.3779190162365127,Fluad_24_PBMC
11492,11492,0.3546363468502215,Fluad_48_PBMC
11492,11492,0.3746937012313787,Fluad_72_PBMC
11492,11492,0.29907009765265496,Fluad_168_PBMC
11497,11497,-0.8398332664328685,Fluad_4_PBMC
11497,11497,-0.9066994106191031,Fluad_8_PBMC
11497,11497,-1.615970970180891,Fluad_24_PBMC
11497,11497,-0.9930954970970096,Fluad_48_PBMC
11497,11497,-1.0124678839391628,Fluad_72_PBMC
11497,11497,-1.0203034273114802,Fluad_168_PBMC
11499,11499,-0.23156304212954787,Fluad_4_PBMC
11499,11499,-0.30733562782637497,Fluad_8_PBMC
11499,11499,-0.047739871877465145,Fluad_24_PBMC
11499,11499,-0.2273329135380578,Fluad_48_PBMC
11499,11499,-0.17568569399009037,Fluad_72_PBMC
11499,11499,-0.042168919424676266,Fluad_168_PBMC
11501,11501,0.12677152758839533,Fluad_4_PBMC
11501,11501,0.04075346060616955,Fluad_8_PBMC
11501,11501,-0.061876462984278624,Fluad_24_PBMC
11501,11501,0.005666284645372853,Fluad_48_PBMC
11501,11501,-0.11143962788156647,Fluad_72_PBMC
11501,11501,0.034137382677652636,Fluad_168_PBMC
11502,11502,0.05231018566210438,Fluad_4_PBMC
11502,11502,0.06135402101074372,Fluad_8_PBMC
11502,11502,-0.17298923579647366,Fluad_24_PBMC
11502,11502,-0.03871099206207258,Fluad_48_PBMC
11502,11502,-0.06357849345832078,Fluad_72_PBMC
11502,11502,-0.09937964519946296,Fluad_168_PBMC
11515,11515,0.630773363305678,Fluad_4_PBMC
11515,11515,0.5780640504689865,Fluad_8_PBMC
11515,11515,0.40318178905227076,Fluad_24_PBMC
11515,11515,0.5569754604331055,Fluad_48_PBMC
11515,11515,0.5736462482460039,Fluad_72_PBMC
11515,11515,0.46290002817820664,Fluad_168_PBMC
11541,11541,-0.40023362796695605,Fluad_4_PBMC
11541,11541,-0.4359690698959944,Fluad_8_PBMC
11541,11541,-0.9360175043527073,Fluad_24_PBMC
11541,11541,-0.5380105073194805,Fluad_48_PBMC
11541,11541,-0.44839057933289456,Fluad_72_PBMC
11541,11541,0.039672292769052764,Fluad_168_PBMC
11542,11542,-0.1974816151937476,Fluad_4_PBMC
11542,11542,-0.44424606790146093,Fluad_8_PBMC
11542,11542,-0.5132972461955961,Fluad_24_PBMC
11542,11542,-0.2896769773789786,Fluad_48_PBMC
11542,11542,-0.33655592440951454,Fluad_72_PBMC
11542,11542,-0.15033389231416158,Fluad_168_PBMC
11625,11625,-0.08155939224618969,Fluad_4_PBMC
11625,11625,0.07106370828730599,Fluad_8_PBMC
11625,11625,0.5351417591784797,Fluad_24_PBMC
11625,11625,0.3486304177345146,Fluad_48_PBMC
11625,11625,0.42875522735939103,Fluad_72_PBMC
11625,11625,-0.09839711259841605,Fluad_168_PBMC
11655,11655,0.3202839378939191,Fluad_4_PBMC
11655,11655,0.2802310462353962,Fluad_8_PBMC
11655,11655,0.2535598682839911,Fluad_24_PBMC
11655,11655,0.20707812165167902,Fluad_48_PBMC
11655,11655,0.30322665414968936,Fluad_72_PBMC
11655,11655,0.4748738811952925,Fluad_168_PBMC
11668,11668,0.18551521293587847,Fluad_4_PBMC
11668,11668,0.11475134889608232,Fluad_8_PBMC
11668,11668,0.11748557911421706,Fluad_24_PBMC
11668,11668,0.12275287852277955,Fluad_48_PBMC
11668,11668,0.1855793310159262,Fluad_72_PBMC
11668,11668,0.07706862504637613,Fluad_168_PBMC
11674,11674,0.1190227267454734,Fluad_4_PBMC
11674,11674,0.1088517873679993,Fluad_8_PBMC
11674,11674,0.0381519400604238,Fluad_24_PBMC
11674,11674,0.0772870344004897,Fluad_48_PBMC
11674,11674,0.062309362478256726,Fluad_72_PBMC
11674,11674,0.07937779036575941,Fluad_168_PBMC
11684,11684,0.1980548890095219,Fluad_4_PBMC
11684,11684,0.20483469149600794,Fluad_8_PBMC
11684,11684,0.0993791401914815,Fluad_24_PBMC
11684,11684,0.1564879623206096,Fluad_48_PBMC
11684,11684,0.1765844353780111,Fluad_72_PBMC
11684,11684,0.1616015877004195,Fluad_168_PBMC
11685,11685,-0.17142327308663544,Fluad_4_PBMC
11685,11685,-0.22796416024432653,Fluad_8_PBMC
11685,11685,-0.4758480077010676,Fluad_24_PBMC
11685,11685,-0.3047474788415651,Fluad_48_PBMC
11685,11685,-0.36695549646149517,Fluad_72_PBMC
11685,11685,0.17300569675296737,Fluad_168_PBMC
11687,11687,-0.2657651948856268,Fluad_4_PBMC
11687,11687,-0.9096031022150496,Fluad_8_PBMC
11687,11687,-0.886737718450675,Fluad_24_PBMC
11687,11687,-0.348750676299473,Fluad_48_PBMC
11687,11687,-0.38773146183660023,Fluad_72_PBMC
11687,11687,0.17902017505140344,Fluad_168_PBMC
11737,11737,-0.2988727803195399,Fluad_4_PBMC
11737,11737,-0.3455177060039264,Fluad_8_PBMC
11737,11737,-0.23818819309584455,Fluad_24_PBMC
11737,11737,-0.34222095731581426,Fluad_48_PBMC
11737,11737,-0.36523983769033264,Fluad_72_PBMC
11737,11737,-0.3207480500221106,Fluad_168_PBMC
11747,11747,0.14473571707229663,Fluad_4_PBMC
11747,11747,0.1562287597769847,Fluad_8_PBMC
11747,11747,0.024587458975901262,Fluad_24_PBMC
11747,11747,0.08572545796837462,Fluad_48_PBMC
11747,11747,0.10512347296364023,Fluad_72_PBMC
11747,11747,0.16188352232129383,Fluad_168_PBMC
11758,11758,0.11221290142073131,Fluad_4_PBMC
11758,11758,0.1282825184341384,Fluad_8_PBMC
11758,11758,0.032240598140772785,Fluad_24_PBMC
11758,11758,0.05519909749205335,Fluad_48_PBMC
11758,11758,0.04336005307837618,Fluad_72_PBMC
11758,11758,0.05193275465825969,Fluad_168_PBMC
11827,11827,0.08609674437103448,Fluad_4_PBMC
11827,11827,0.08795474176219857,Fluad_8_PBMC
11827,11827,0.09945797390970713,Fluad_24_PBMC
11827,11827,0.11069572271922981,Fluad_48_PBMC
11827,11827,0.16157849636343813,Fluad_72_PBMC
11827,11827,0.21969605999030517,Fluad_168_PBMC
11841,11841,-0.1600081480155141,Fluad_4_PBMC
11841,11841,-0.10560616528496644,Fluad_8_PBMC
11841,11841,-0.18680940332818965,Fluad_24_PBMC
11841,11841,-0.17265153830336744,Fluad_48_PBMC
11841,11841,-0.1747096359350641,Fluad_72_PBMC
11841,11841,-0.16919667261814775,Fluad_168_PBMC
11847,11847,-0.017908650185703312,Fluad_4_PBMC
11847,11847,-0.003482616849997122,Fluad_8_PBMC
11847,11847,-0.2866361263608975,Fluad_24_PBMC
11847,11847,-0.18887786458072003,Fluad_48_PBMC
11847,11847,-0.49773547623469194,Fluad_72_PBMC
11847,11847,-0.2537584784370527,Fluad_168_PBMC
11853,11853,0.0295947454746198,Fluad_4_PBMC
11853,11853,0.037733451821075285,Fluad_8_PBMC
11853,11853,0.2204197846712484,Fluad_24_PBMC
11853,11853,0.22849199767301587,Fluad_48_PBMC
11853,11853,0.25190846856759486,Fluad_72_PBMC
11853,11853,0.05007143086266853,Fluad_168_PBMC
11898,11898,0.12543161776727127,Fluad_4_PBMC
11898,11898,0.070235783334024,Fluad_8_PBMC
11898,11898,0.01315849840374126,Fluad_24_PBMC
11898,11898,0.03591117798427713,Fluad_48_PBMC
11898,11898,0.17859155516327982,Fluad_72_PBMC
11898,11898,0.21138776927800493,Fluad_168_PBMC
11927,11927,0.10560064826180435,Fluad_4_PBMC
11927,11927,0.1056382032340442,Fluad_8_PBMC
11927,11927,0.02873824253122437,Fluad_24_PBMC
11927,11927,0.05937179448744443,Fluad_48_PBMC
11927,11927,0.03272013803428675,Fluad_72_PBMC
11927,11927,0.047848566192557646,Fluad_168_PBMC
11951,11951,-0.10905116625879754,Fluad_4_PBMC
11951,11951,-0.09067086686337282,Fluad_8_PBMC
11951,11951,-0.1260725841537449,Fluad_24_PBMC
11951,11951,-0.13866188012170014,Fluad_48_PBMC
11951,11951,-0.15753069219070617,Fluad_72_PBMC
11951,11951,-0.09787436923222778,Fluad_168_PBMC
11981,11981,0.3448620684265383,Fluad_4_PBMC
11981,11981,0.38134967769662803,Fluad_8_PBMC
11981,11981,0.36148752931941885,Fluad_24_PBMC
11981,11981,0.2973854848862396,Fluad_48_PBMC
11981,11981,0.3794597735380053,Fluad_72_PBMC
11981,11981,0.5171416187884933,Fluad_168_PBMC
11984,11984,0.12102261448466274,Fluad_4_PBMC
11984,11984,0.1041955544375032,Fluad_8_PBMC
11984,11984,0.12870718145029536,Fluad_24_PBMC
11984,11984,0.11023890964931249,Fluad_48_PBMC
11984,11984,0.13987082159463626,Fluad_72_PBMC
11984,11984,0.08038460659291098,Fluad_168_PBMC
11992,11992,0.1976053519446142,Fluad_4_PBMC
11992,11992,0.1650962523364692,Fluad_8_PBMC
11992,11992,0.2789240586692991,Fluad_24_PBMC
11992,11992,0.17580832852383216,Fluad_48_PBMC
11992,11992,0.32730873479084366,Fluad_72_PBMC
11992,11992,0.1452162558898711,Fluad_168_PBMC
11994,11994,-0.09287107941264139,Fluad_4_PBMC
11994,11994,0.22043551701331993,Fluad_8_PBMC
11994,11994,0.36754754963958625,Fluad_24_PBMC
11994,11994,0.44163904873898097,Fluad_48_PBMC
11994,11994,0.6197757118316805,Fluad_72_PBMC
11994,11994,0.4297719732509957,Fluad_168_PBMC
11998,11998,0.40494111782429026,Fluad_4_PBMC
11998,11998,0.5550314701379401,Fluad_8_PBMC
11998,11998,0.7586201569571818,Fluad_24_PBMC
11998,11998,0.9043022039723723,Fluad_48_PBMC
11998,11998,1.0341926287651884,Fluad_72_PBMC
11998,11998,1.1449789887881627,Fluad_168_PBMC
12051,12051,0.014922716938916336,Fluad_4_PBMC
12051,12051,-0.014348451651773536,Fluad_8_PBMC
12051,12051,-0.14091416909274887,Fluad_24_PBMC
12051,12051,-0.10075259751331132,Fluad_48_PBMC
12051,12051,-0.12377625021367994,Fluad_72_PBMC
12051,12051,-0.1259932307939839,Fluad_168_PBMC
12064,12064,0.049532254058299696,Fluad_4_PBMC
12064,12064,0.0662305971076648,Fluad_8_PBMC
12064,12064,0.3213088881195298,Fluad_24_PBMC
12064,12064,0.4407841288821839,Fluad_48_PBMC
12064,12064,0.48548310299845443,Fluad_72_PBMC
12064,12064,-0.35354261902349193,Fluad_168_PBMC
12075,12075,0.22822338399173842,Fluad_4_PBMC
12075,12075,0.22156095489009234,Fluad_8_PBMC
12075,12075,0.556755649678299,Fluad_24_PBMC
12075,12075,0.5001516375520794,Fluad_48_PBMC
12075,12075,0.6736632485588194,Fluad_72_PBMC
12075,12075,0.38816885661677025,Fluad_168_PBMC
12111,12111,0.3304230267190411,Fluad_4_PBMC
12111,12111,0.3624887916880694,Fluad_8_PBMC
12111,12111,0.6059510629868509,Fluad_24_PBMC
12111,12111,0.37907743113147346,Fluad_48_PBMC
12111,12111,0.40794659529966326,Fluad_72_PBMC
12111,12111,0.6522393421947743,Fluad_168_PBMC
12153,12153,0.30805904897711683,Fluad_4_PBMC
12153,12153,0.29984721208531073,Fluad_8_PBMC
12153,12153,0.36462629374904615,Fluad_24_PBMC
12153,12153,0.2825568493970034,Fluad_48_PBMC
12153,12153,0.3856244379914047,Fluad_72_PBMC
12153,12153,0.5788615639385535,Fluad_168_PBMC
12180,12180,0.07722429126826988,Fluad_4_PBMC
12180,12180,0.1488274199874352,Fluad_8_PBMC
12180,12180,0.38315006145478003,Fluad_24_PBMC
12180,12180,0.35131800438830285,Fluad_48_PBMC
12180,12180,0.40676138821829866,Fluad_72_PBMC
12180,12180,0.17520072431716854,Fluad_168_PBMC
12182,12182,0.03194147696273193,Fluad_4_PBMC
12182,12182,0.024820568133962426,Fluad_8_PBMC
12182,12182,-0.11317872664735618,Fluad_24_PBMC
12182,12182,-0.12695541295562046,Fluad_48_PBMC
12182,12182,-0.27324404267788677,Fluad_72_PBMC
12182,12182,-0.12664402560232874,Fluad_168_PBMC
12229,12229,0.15420862959312392,Fluad_4_PBMC
12229,12229,0.1383598557066185,Fluad_8_PBMC
12229,12229,0.08025379792275887,Fluad_24_PBMC
12229,12229,0.15242370784800666,Fluad_48_PBMC
12229,12229,0.16461696072192294,Fluad_72_PBMC
12229,12229,0.19383009571505644,Fluad_168_PBMC
12258,12258,0.47537135091333677,Fluad_4_PBMC
12258,12258,0.49338104587668913,Fluad_8_PBMC
12258,12258,0.48511271686474233,Fluad_24_PBMC
12258,12258,0.48959715826011585,Fluad_48_PBMC
12258,12258,0.5558999971318337,Fluad_72_PBMC
12258,12258,0.7062520141924825,Fluad_168_PBMC
12260,12260,0.31617385111406987,Fluad_4_PBMC
12260,12260,0.3245902061410776,Fluad_8_PBMC
12260,12260,0.5797654583044098,Fluad_24_PBMC
12260,12260,0.5407840784000836,Fluad_48_PBMC
12260,12260,0.5505664252436245,Fluad_72_PBMC
12260,12260,0.32648930586780756,Fluad_168_PBMC
12265,12265,-0.882363354000801,Fluad_4_PBMC
12265,12265,-0.4414619835048168,Fluad_8_PBMC
12265,12265,-0.47761316590517605,Fluad_24_PBMC
12265,12265,-0.22542068622149453,Fluad_48_PBMC
12265,12265,-0.5670093201627318,Fluad_72_PBMC
12265,12265,-0.5649185189766508,Fluad_168_PBMC
12266,12266,0.2975796763039005,Fluad_4_PBMC
12266,12266,0.1742545802890387,Fluad_8_PBMC
12266,12266,0.24150476467162513,Fluad_24_PBMC
12266,12266,0.29127356372993013,Fluad_48_PBMC
12266,12266,0.2476714794155186,Fluad_72_PBMC
12266,12266,0.318148149630676,Fluad_168_PBMC
12317,12317,0.17753197410211863,Fluad_4_PBMC
12317,12317,0.14634353817754864,Fluad_8_PBMC
12317,12317,0.12379947052140518,Fluad_24_PBMC
12317,12317,0.12622567793945813,Fluad_48_PBMC
12317,12317,0.14952686949670208,Fluad_72_PBMC
12317,12317,0.1487073338044269,Fluad_168_PBMC
12334,12334,0.1691702244784944,Fluad_4_PBMC
12334,12334,0.16390160720271335,Fluad_8_PBMC
12334,12334,0.06647086517670033,Fluad_24_PBMC
12334,12334,0.16157204596890845,Fluad_48_PBMC
12334,12334,0.15025207917267713,Fluad_72_PBMC
12334,12334,0.18807248927391726,Fluad_168_PBMC
12337,12337,0.4685844958588109,Fluad_4_PBMC
12337,12337,0.36438202470659614,Fluad_8_PBMC
12337,12337,0.5156212062197583,Fluad_24_PBMC
12337,12337,0.3970504451452114,Fluad_48_PBMC
12337,12337,0.48635628116951973,Fluad_72_PBMC
12337,12337,0.3020227329158137,Fluad_168_PBMC
12348,12348,0.05331728987972262,Fluad_4_PBMC
12348,12348,0.14950957241717144,Fluad_8_PBMC
12348,12348,0.5522555168964576,Fluad_24_PBMC
12348,12348,0.7343892250140962,Fluad_48_PBMC
12348,12348,0.7377056331065313,Fluad_72_PBMC
12348,12348,0.6577004526578296,Fluad_168_PBMC
12354,12354,0.0450463381981238,Fluad_4_PBMC
12354,12354,0.06936482363588259,Fluad_8_PBMC
12354,12354,0.18948857173508782,Fluad_24_PBMC
12354,12354,0.17753443642585487,Fluad_48_PBMC
12354,12354,0.21512572032644445,Fluad_72_PBMC
12354,12354,0.14358590085792577,Fluad_168_PBMC
12394,12394,0.25530824302475835,Fluad_4_PBMC
12394,12394,0.26696870537691214,Fluad_8_PBMC
12394,12394,0.20438998510346434,Fluad_24_PBMC
12394,12394,0.22250385965043745,Fluad_48_PBMC
12394,12394,0.1983377223426141,Fluad_72_PBMC
12394,12394,0.12093669464545731,Fluad_168_PBMC
12399,12399,-0.41815470625371265,Fluad_4_PBMC
12399,12399,-0.4734063934622837,Fluad_8_PBMC
12399,12399,-0.19203831695785545,Fluad_24_PBMC
12399,12399,-0.22896024522901498,Fluad_48_PBMC
12399,12399,-0.10700157938008006,Fluad_72_PBMC
12399,12399,-0.28821233846377226,Fluad_168_PBMC
12402,12402,0.2619093790064772,Fluad_4_PBMC
12402,12402,0.25288111345086867,Fluad_8_PBMC
12402,12402,0.3748960411781863,Fluad_24_PBMC
12402,12402,0.3710113406578335,Fluad_48_PBMC
12402,12402,0.42426610908462303,Fluad_72_PBMC
12402,12402,0.23775476579644603,Fluad_168_PBMC
12409,12409,-0.3654766678831458,Fluad_4_PBMC
12409,12409,-0.10856663841492088,Fluad_8_PBMC
12409,12409,-1.0250347827531154,Fluad_24_PBMC
12409,12409,-0.6689763791383149,Fluad_48_PBMC
12409,12409,-0.6704669588275192,Fluad_72_PBMC
12409,12409,-0.13645162386060877,Fluad_168_PBMC
12494,12494,0.02384396614569369,Fluad_4_PBMC
12494,12494,0.02718090080546645,Fluad_8_PBMC
12494,12494,-0.14371384619863267,Fluad_24_PBMC
12494,12494,0.04948452933282275,Fluad_48_PBMC
12494,12494,0.07975324708704093,Fluad_72_PBMC
12494,12494,0.15045783707283392,Fluad_168_PBMC
12512,12512,-0.08768955387439425,Fluad_4_PBMC
12512,12512,-0.1279200152803266,Fluad_8_PBMC
12512,12512,-0.17501419533689133,Fluad_24_PBMC
12512,12512,-0.13370577174863668,Fluad_48_PBMC
12512,12512,-0.1924975238639413,Fluad_72_PBMC
12512,12512,-0.05832367724968618,Fluad_168_PBMC
12516,12516,0.054297499860528176,Fluad_4_PBMC
12516,12516,0.042144730322762336,Fluad_8_PBMC
12516,12516,0.02705508891135372,Fluad_24_PBMC
12516,12516,-0.018103590383033854,Fluad_48_PBMC
12516,12516,-0.06308396566340616,Fluad_72_PBMC
12516,12516,-0.043807328154556735,Fluad_168_PBMC
12518,12518,0.10303691447041795,Fluad_4_PBMC
12518,12518,0.1540082725332692,Fluad_8_PBMC
12518,12518,0.28222274964200034,Fluad_24_PBMC
12518,12518,0.30618334548295645,Fluad_48_PBMC
12518,12518,0.30334517382826093,Fluad_72_PBMC
12518,12518,0.2624320865170302,Fluad_168_PBMC
12521,12521,0.06595686169319265,Fluad_4_PBMC
12521,12521,0.049657242252745634,Fluad_8_PBMC
12521,12521,0.04177335339962183,Fluad_24_PBMC
12521,12521,0.030088086468178274,Fluad_48_PBMC
12521,12521,0.07642635101405285,Fluad_72_PBMC
12521,12521,-0.015922486516246996,Fluad_168_PBMC
12526,12526,0.10881678573632605,Fluad_4_PBMC
12526,12526,0.08244925622566768,Fluad_8_PBMC
12526,12526,0.11479811276968604,Fluad_24_PBMC
12526,12526,0.08387991598241176,Fluad_48_PBMC
12526,12526,0.100991527293909,Fluad_72_PBMC
12526,12526,0.19977775460439479,Fluad_168_PBMC
12527,12527,0.1716491725525599,Fluad_4_PBMC
12527,12527,0.19012994897029772,Fluad_8_PBMC
12527,12527,0.09017682842560329,Fluad_24_PBMC
12527,12527,0.12019269610132585,Fluad_48_PBMC
12527,12527,0.1421087206884977,Fluad_72_PBMC
12527,12527,0.12547611775080875,Fluad_168_PBMC
12549,12549,0.5232364791054103,Fluad_4_PBMC
12549,12549,0.43718348738843354,Fluad_8_PBMC
12549,12549,0.13302033531858154,Fluad_24_PBMC
12549,12549,0.3766023827469789,Fluad_48_PBMC
12549,12549,0.4498704783569534,Fluad_72_PBMC
12549,12549,0.352614215989973,Fluad_168_PBMC
12561,12561,-0.32299412338970335,Fluad_4_PBMC
12561,12561,-0.41138243009486686,Fluad_8_PBMC
12561,12561,-0.11687173243807729,Fluad_24_PBMC
12561,12561,-0.5225902647869666,Fluad_48_PBMC
12561,12561,-0.8305314515731104,Fluad_72_PBMC
12561,12561,-0.9897074087382058,Fluad_168_PBMC
12567,12567,0.024408111778953204,Fluad_4_PBMC
12567,12567,0.010675588929398426,Fluad_8_PBMC
12567,12567,0.08604192659561768,Fluad_24_PBMC
12567,12567,0.056516650371604846,Fluad_48_PBMC
12567,12567,0.07979793611426078,Fluad_72_PBMC
12567,12567,-0.012723723338822674,Fluad_168_PBMC
12580,12580,-0.17034160190590775,Fluad_4_PBMC
12580,12580,-0.12517069714731224,Fluad_8_PBMC
12580,12580,0.14770141705717663,Fluad_24_PBMC
12580,12580,0.08118077718419485,Fluad_48_PBMC
12580,12580,0.22914273979240263,Fluad_72_PBMC
12580,12580,-0.030203643185435343,Fluad_168_PBMC
12587,12587,0.3260429116594099,Fluad_4_PBMC
12587,12587,0.34853741038499586,Fluad_8_PBMC
12587,12587,0.6104449553965705,Fluad_24_PBMC
12587,12587,0.5838680614046765,Fluad_48_PBMC
12587,12587,0.5977279829203366,Fluad_72_PBMC
12587,12587,0.303558027123222,Fluad_168_PBMC
12654,12654,0.496831079036653,Fluad_4_PBMC
12654,12654,0.41119427123168906,Fluad_8_PBMC
12654,12654,0.3638294002860517,Fluad_24_PBMC
12654,12654,0.2542869935391378,Fluad_48_PBMC
12654,12654,0.08605616156630466,Fluad_72_PBMC
12654,12654,0.17749976038537302,Fluad_168_PBMC
12661,12661,-2.600819044720719,Fluad_4_PBMC
12661,12661,-1.8135621642168593,Fluad_8_PBMC
12661,12661,-2.3048530476217346,Fluad_24_PBMC
12661,12661,-1.969018682749235,Fluad_48_PBMC
12661,12661,-2.494051777441128,Fluad_72_PBMC
12661,12661,-2.6079414342403626,Fluad_168_PBMC
12702,12702,0.1805788421593229,Fluad_4_PBMC
12702,12702,0.15500807439880504,Fluad_8_PBMC
12702,12702,0.08346222480556956,Fluad_24_PBMC
12702,12702,-0.044806666486787175,Fluad_48_PBMC
12702,12702,-0.06597827318311504,Fluad_72_PBMC
12702,12702,-0.057833074943366244,Fluad_168_PBMC
12725,12725,0.18860256071982093,Fluad_4_PBMC
12725,12725,0.1477078825445885,Fluad_8_PBMC
12725,12725,0.15425533984365172,Fluad_24_PBMC
12725,12725,0.15870695178830121,Fluad_48_PBMC
12725,12725,0.16742067864241858,Fluad_72_PBMC
12725,12725,0.08928482980505556,Fluad_168_PBMC
12728,12728,0.24768156270792727,Fluad_4_PBMC
12728,12728,0.2214456218819329,Fluad_8_PBMC
12728,12728,0.1947177745615896,Fluad_24_PBMC
12728,12728,0.2838213569268205,Fluad_48_PBMC
12728,12728,0.8816509018155465,Fluad_72_PBMC
12728,12728,0.8262732689005146,Fluad_168_PBMC
12752,12752,0.16336888540646538,Fluad_4_PBMC
12752,12752,0.1222156555710388,Fluad_8_PBMC
12752,12752,0.15718688978154854,Fluad_24_PBMC
12752,12752,0.10952490819677255,Fluad_48_PBMC
12752,12752,0.14255950014779292,Fluad_72_PBMC
12752,12752,0.2879270846566738,Fluad_168_PBMC
12759,12759,0.19608768743896904,Fluad_4_PBMC
12759,12759,0.1762920549299914,Fluad_8_PBMC
12759,12759,0.09823740802905924,Fluad_24_PBMC
12759,12759,0.14083657174478362,Fluad_48_PBMC
12759,12759,0.13888586531947691,Fluad_72_PBMC
12759,12759,0.11522563856376455,Fluad_168_PBMC
12764,12764,0.10988364614420956,Fluad_4_PBMC
12764,12764,0.07681872915151286,Fluad_8_PBMC
12764,12764,0.22409869386406306,Fluad_24_PBMC
12764,12764,0.1442531898801025,Fluad_48_PBMC
12764,12764,0.27346724382979515,Fluad_72_PBMC
12764,12764,0.02466700470560336,Fluad_168_PBMC
12765,12765,0.3369753109239092,Fluad_4_PBMC
12765,12765,0.25029147689407216,Fluad_8_PBMC
12765,12765,0.271101495811287,Fluad_24_PBMC
12765,12765,0.23313252676885557,Fluad_48_PBMC
12765,12765,0.07448402071342847,Fluad_72_PBMC
12765,12765,0.12157797084148173,Fluad_168_PBMC
12771,12771,-0.2973486209611954,Fluad_4_PBMC
12771,12771,-0.6109367630651632,Fluad_8_PBMC
12771,12771,-0.6038811583966607,Fluad_24_PBMC
12771,12771,-0.4121629007254086,Fluad_48_PBMC
12771,12771,-0.4422390381293023,Fluad_72_PBMC
12771,12771,-0.1425619525433559,Fluad_168_PBMC
12796,12796,0.3826952196480162,Fluad_4_PBMC
12796,12796,0.31964841411705786,Fluad_8_PBMC
12796,12796,0.40176331710063873,Fluad_24_PBMC
12796,12796,0.4185865578841804,Fluad_48_PBMC
12796,12796,0.40431143626999244,Fluad_72_PBMC
12796,12796,0.28798681345433386,Fluad_168_PBMC
12846,12846,-0.09788915103206858,Fluad_4_PBMC
12846,12846,-0.08890773748480053,Fluad_8_PBMC
12846,12846,-0.04542221378919755,Fluad_24_PBMC
12846,12846,-0.08279917831131024,Fluad_48_PBMC
12846,12846,-0.13303517280916793,Fluad_72_PBMC
12846,12846,-0.14927018694338673,Fluad_168_PBMC
12859,12859,-0.11914940750436291,Fluad_4_PBMC
12859,12859,-0.10095418618033712,Fluad_8_PBMC
12859,12859,-0.12362288003437862,Fluad_24_PBMC
12859,12859,-0.11025324317968421,Fluad_48_PBMC
12859,12859,-0.1322277065181045,Fluad_72_PBMC
12859,12859,-0.07943514893187127,Fluad_168_PBMC
12865,12865,0.0426310269220152,Fluad_4_PBMC
12865,12865,0.07788786538286509,Fluad_8_PBMC
12865,12865,0.3745525403540403,Fluad_24_PBMC
12865,12865,0.28837592291560016,Fluad_48_PBMC
12865,12865,0.48428780579015634,Fluad_72_PBMC
12865,12865,0.2125648681903813,Fluad_168_PBMC
12867,12867,-0.2872282681963005,Fluad_4_PBMC
12867,12867,-0.21663927757189388,Fluad_8_PBMC
12867,12867,-0.21647275423340523,Fluad_24_PBMC
12867,12867,-0.20641576787688243,Fluad_48_PBMC
12867,12867,-0.1822134642781223,Fluad_72_PBMC
12867,12867,-0.20698488046853064,Fluad_168_PBMC
12969,12969,0.7755975164325146,Fluad_4_PBMC
12969,12969,0.5438978998305057,Fluad_8_PBMC
12969,12969,1.2199244391128656,Fluad_24_PBMC
12969,12969,1.2151201461458347,Fluad_48_PBMC
12969,12969,1.4317297411391612,Fluad_72_PBMC
12969,12969,0.917265165413656,Fluad_168_PBMC
12977,12977,0.25742398801170335,Fluad_4_PBMC
12977,12977,0.19843775441838393,Fluad_8_PBMC
12977,12977,0.37270697666991526,Fluad_24_PBMC
12977,12977,0.3687792510101574,Fluad_48_PBMC
12977,12977,0.4149095423032972,Fluad_72_PBMC
12977,12977,0.39884533575659953,Fluad_168_PBMC
12982,12982,0.10844360815770028,Fluad_4_PBMC
12982,12982,0.10808317649096352,Fluad_8_PBMC
12982,12982,-0.05085476959184475,Fluad_24_PBMC
12982,12982,0.050108287435112045,Fluad_48_PBMC
12982,12982,0.035000077417903695,Fluad_72_PBMC
12982,12982,0.08013633549611293,Fluad_168_PBMC
12983,12983,0.2834963500059733,Fluad_4_PBMC
12983,12983,0.23354572865133824,Fluad_8_PBMC
12983,12983,0.21360022243847324,Fluad_24_PBMC
12983,12983,0.15582200606697966,Fluad_48_PBMC
12983,12983,0.09818738992792092,Fluad_72_PBMC
12983,12983,0.17624571667803346,Fluad_168_PBMC
12985,12985,-0.49236616708169756,Fluad_4_PBMC
12985,12985,0.6130662691107235,Fluad_8_PBMC
12985,12985,0.7706139282620772,Fluad_24_PBMC
12985,12985,0.5218182865669291,Fluad_48_PBMC
12985,12985,0.17212526761919597,Fluad_72_PBMC
12985,12985,0.20671739208642914,Fluad_168_PBMC
13014,13014,-0.1378649918290905,Fluad_4_PBMC
13014,13014,-0.11098329323953174,Fluad_8_PBMC
13014,13014,-0.13875353103859206,Fluad_24_PBMC
13014,13014,-0.12123209617438502,Fluad_48_PBMC
13014,13014,-0.17574659504315046,Fluad_72_PBMC
13014,13014,-0.08178809160355993,Fluad_168_PBMC
13033,13033,0.1564063504855263,Fluad_4_PBMC
13033,13033,0.15623619838198438,Fluad_8_PBMC
13033,13033,0.11946830771026662,Fluad_24_PBMC
13033,13033,0.12455662622122185,Fluad_48_PBMC
13033,13033,0.07565806189073429,Fluad_72_PBMC
13033,13033,0.10417188138412732,Fluad_168_PBMC
13043,13043,0.5240906015096735,Fluad_4_PBMC
13043,13043,0.5251753788569176,Fluad_8_PBMC
13043,13043,-0.035760301926197585,Fluad_24_PBMC
13043,13043,0.36150822559194007,Fluad_48_PBMC
13043,13043,0.3909785375630961,Fluad_72_PBMC
13043,13043,0.25064200456772023,Fluad_168_PBMC
13046,13046,0.25200713150023313,Fluad_4_PBMC
13046,13046,0.14979960219205268,Fluad_8_PBMC
13046,13046,0.21761729766521065,Fluad_24_PBMC
13046,13046,0.11534199624152097,Fluad_48_PBMC
13046,13046,0.16421153890080664,Fluad_72_PBMC
13046,13046,-0.05808809839919706,Fluad_168_PBMC
13047,13047,0.2097362581742201,Fluad_4_PBMC
13047,13047,0.1631109300732404,Fluad_8_PBMC
13047,13047,0.15775512419915236,Fluad_24_PBMC
13047,13047,0.18326397118165416,Fluad_48_PBMC
13047,13047,0.27050805068106265,Fluad_72_PBMC
13047,13047,0.15552652367009434,Fluad_168_PBMC
13079,13079,0.22410555382427488,Fluad_4_PBMC
13079,13079,0.19922194392731235,Fluad_8_PBMC
13079,13079,0.3875580954883916,Fluad_24_PBMC
13079,13079,0.347870904791019,Fluad_48_PBMC
13079,13079,0.3996229189645271,Fluad_72_PBMC
13079,13079,0.3762315642290115,Fluad_168_PBMC
13106,13106,0.39494581058126904,Fluad_4_PBMC
13106,13106,0.35497674916988153,Fluad_8_PBMC
13106,13106,0.6027440262234142,Fluad_24_PBMC
13106,13106,0.5295848941713172,Fluad_48_PBMC
13106,13106,0.6314087063463228,Fluad_72_PBMC
13106,13106,0.35152346349485286,Fluad_168_PBMC
13112,13112,-1.2086402680784936,Fluad_4_PBMC
13112,13112,-0.41251537388711346,Fluad_8_PBMC
13112,13112,-0.6934684575558633,Fluad_24_PBMC
13112,13112,-0.861900526649359,Fluad_48_PBMC
13112,13112,-1.7849148820721505,Fluad_72_PBMC
13112,13112,-0.8702112464500845,Fluad_168_PBMC
13116,13116,0.19809610152730792,Fluad_4_PBMC
13116,13116,0.26025807450504224,Fluad_8_PBMC
13116,13116,0.6180390869334271,Fluad_24_PBMC
13116,13116,0.548908995981543,Fluad_48_PBMC
13116,13116,0.6190173844522968,Fluad_72_PBMC
13116,13116,0.27909576971015665,Fluad_168_PBMC
13134,13134,0.328826259825153,Fluad_4_PBMC
13134,13134,0.23152268242684745,Fluad_8_PBMC
13134,13134,0.07988095502043312,Fluad_24_PBMC
13134,13134,-0.04944404917050705,Fluad_48_PBMC
13134,13134,-0.29498970162045873,Fluad_72_PBMC
13134,13134,0.5808575829825791,Fluad_168_PBMC
13193,13193,-0.3754202463662473,Fluad_4_PBMC
13193,13193,-0.48184649790650175,Fluad_8_PBMC
13193,13193,0.24623655073629894,Fluad_24_PBMC
13193,13193,0.13642435256867197,Fluad_48_PBMC
13193,13193,0.5490933652751094,Fluad_72_PBMC
13193,13193,0.3793940591440218,Fluad_168_PBMC
13196,13196,0.2600177045055939,Fluad_4_PBMC
13196,13196,0.2539290681080263,Fluad_8_PBMC
13196,13196,0.19613299651598767,Fluad_24_PBMC
13196,13196,0.24296647944717364,Fluad_48_PBMC
13196,13196,0.2178577803397352,Fluad_72_PBMC
13196,13196,0.18869342065996453,Fluad_168_PBMC
13199,13199,-0.035756501575551006,Fluad_4_PBMC
13199,13199,0.012658468369410189,Fluad_8_PBMC
13199,13199,0.2294638839911327,Fluad_24_PBMC
13199,13199,0.2063547662902222,Fluad_48_PBMC
13199,13199,0.2977673964102751,Fluad_72_PBMC
13199,13199,-0.1563236370089408,Fluad_168_PBMC
13226,13226,0.6053381982766429,Fluad_4_PBMC
13226,13226,0.5441560386816586,Fluad_8_PBMC
13226,13226,0.5305475532328123,Fluad_24_PBMC
13226,13226,0.5844876636495409,Fluad_48_PBMC
13226,13226,0.7301917775384068,Fluad_72_PBMC
13226,13226,0.7705793548943446,Fluad_168_PBMC
13370,13370,0.2242213233425982,Fluad_4_PBMC
13370,13370,0.24157127316461396,Fluad_8_PBMC
13370,13370,0.43092610566637035,Fluad_24_PBMC
13370,13370,0.3634548454797033,Fluad_48_PBMC
13370,13370,0.43637411547300886,Fluad_72_PBMC
13370,13370,0.2194270891371332,Fluad_168_PBMC
13383,13383,0.04117857224567726,Fluad_4_PBMC
13383,13383,0.020051262736210676,Fluad_8_PBMC
13383,13383,0.22430814505946048,Fluad_24_PBMC
13383,13383,0.15034926678694532,Fluad_48_PBMC
13383,13383,0.17097189686014658,Fluad_72_PBMC
13383,13383,0.20717461901985137,Fluad_168_PBMC
13400,13400,0.45455066738970273,Fluad_4_PBMC
13400,13400,0.414416168549836,Fluad_8_PBMC
13400,13400,0.9414162633647536,Fluad_24_PBMC
13400,13400,0.8216649058564617,Fluad_48_PBMC
13400,13400,0.8621842385259668,Fluad_72_PBMC
13400,13400,0.6417988057095119,Fluad_168_PBMC
13401,13401,0.19948947687313173,Fluad_4_PBMC
13401,13401,0.21747793501720192,Fluad_8_PBMC
13401,13401,0.3800491566171529,Fluad_24_PBMC
13401,13401,0.330487418811739,Fluad_48_PBMC
13401,13401,0.3578805255426226,Fluad_72_PBMC
13401,13401,0.15288330071563722,Fluad_168_PBMC
13446,13446,0.48917800774435827,Fluad_4_PBMC
13446,13446,0.5379435739292853,Fluad_8_PBMC
13446,13446,0.8234233232064114,Fluad_24_PBMC
13446,13446,0.7864929888874359,Fluad_48_PBMC
13446,13446,0.8696316439253531,Fluad_72_PBMC
13446,13446,0.6562590909474033,Fluad_168_PBMC
13483,13483,0.5557767801399642,Fluad_4_PBMC
13483,13483,0.5079003552373053,Fluad_8_PBMC
13483,13483,0.7409728466259249,Fluad_24_PBMC
13483,13483,0.76835612786352,Fluad_48_PBMC
13483,13483,0.7887066525392011,Fluad_72_PBMC
13483,13483,0.798662368445497,Fluad_168_PBMC
13544,13544,0.1650517990050761,Fluad_4_PBMC
13544,13544,0.13219709265894986,Fluad_8_PBMC
13544,13544,0.2258107952873898,Fluad_24_PBMC
13544,13544,0.2256977919109323,Fluad_48_PBMC
13544,13544,0.23400546466021946,Fluad_72_PBMC
13544,13544,0.19607207149355707,Fluad_168_PBMC
13586,13586,-0.14467097676385757,Fluad_4_PBMC
13586,13586,-0.23437603012372393,Fluad_8_PBMC
13586,13586,-0.12357275585676317,Fluad_24_PBMC
13586,13586,-0.08145325975917224,Fluad_48_PBMC
13586,13586,-0.11114270727635366,Fluad_72_PBMC
13586,13586,0.18850348129707567,Fluad_168_PBMC
13601,13601,0.23887814961472162,Fluad_4_PBMC
13601,13601,0.23073604990820457,Fluad_8_PBMC
13601,13601,0.14551897509246697,Fluad_24_PBMC
13601,13601,0.20454938695949845,Fluad_48_PBMC
13601,13601,0.19480280123421956,Fluad_72_PBMC
13601,13601,0.1705900042342865,Fluad_168_PBMC
13614,13614,0.2589849034296166,Fluad_4_PBMC
13614,13614,0.06745255833832131,Fluad_8_PBMC
13614,13614,0.2362548493087294,Fluad_24_PBMC
13614,13614,0.2519846797389294,Fluad_48_PBMC
13614,13614,0.07814287494327697,Fluad_72_PBMC
13614,13614,-0.01601552409183586,Fluad_168_PBMC
13638,13638,0.6463391260576447,Fluad_4_PBMC
13638,13638,0.6311363795763747,Fluad_8_PBMC
13638,13638,0.971875545636431,Fluad_24_PBMC
13638,13638,0.9710255053606427,Fluad_48_PBMC
13638,13638,0.9620820655532507,Fluad_72_PBMC
13638,13638,0.9022399240262093,Fluad_168_PBMC
13644,13644,0.48726375767724417,Fluad_4_PBMC
13644,13644,0.2767731955944196,Fluad_8_PBMC
13644,13644,0.7767903125298915,Fluad_24_PBMC
13644,13644,0.6772888598204444,Fluad_48_PBMC
13644,13644,0.8204684469042346,Fluad_72_PBMC
13644,13644,0.32348463998202376,Fluad_168_PBMC
13681,13681,-0.13401975393734314,Fluad_4_PBMC
13681,13681,-0.10437577162776833,Fluad_8_PBMC
13681,13681,-0.17127769642112833,Fluad_24_PBMC
13681,13681,-0.17163541158518442,Fluad_48_PBMC
13681,13681,-0.1849274428935288,Fluad_72_PBMC
13681,13681,-0.1354357696374064,Fluad_168_PBMC
13685,13685,0.1634892468611559,Fluad_4_PBMC
13685,13685,0.18935369883741993,Fluad_8_PBMC
13685,13685,0.12593079208844718,Fluad_24_PBMC
13685,13685,0.10905091559065609,Fluad_48_PBMC
13685,13685,0.07743422719321917,Fluad_72_PBMC
13685,13685,0.09730882376641714,Fluad_168_PBMC
13717,13717,-0.16673283239339973,Fluad_4_PBMC
13717,13717,-0.3997288362654415,Fluad_8_PBMC
13717,13717,-0.044945654259445675,Fluad_24_PBMC
13717,13717,0.37757162363029445,Fluad_48_PBMC
13717,13717,0.26789583232173275,Fluad_72_PBMC
13717,13717,0.5258833002990055,Fluad_168_PBMC
13722,13722,-0.23438783960099913,Fluad_4_PBMC
13722,13722,-0.1712639860346627,Fluad_8_PBMC
13722,13722,-0.19817871283119942,Fluad_24_PBMC
13722,13722,-0.18099178659419285,Fluad_48_PBMC
13722,13722,-0.2356868849725332,Fluad_72_PBMC
13722,13722,-0.12812570169294663,Fluad_168_PBMC
13733,13733,0.09452226858264985,Fluad_4_PBMC
13733,13733,-0.004065729984610467,Fluad_8_PBMC
13733,13733,-0.43692952634678717,Fluad_24_PBMC
13733,13733,0.05746261911744714,Fluad_48_PBMC
13733,13733,0.021552698550258206,Fluad_72_PBMC
13733,13733,0.19403024203538097,Fluad_168_PBMC
13807,13807,-1.4302188454277072,Fluad_4_PBMC
13807,13807,-1.5060927152488577,Fluad_8_PBMC
13807,13807,-1.2944777558698626,Fluad_24_PBMC
13807,13807,-1.4011120838465176,Fluad_48_PBMC
13807,13807,-1.3221042037039195,Fluad_72_PBMC
13807,13807,-1.0265197186406092,Fluad_168_PBMC
13823,13823,-0.16268388966250946,Fluad_4_PBMC
13823,13823,0.15279009045713737,Fluad_8_PBMC
13823,13823,0.3857634203560215,Fluad_24_PBMC
13823,13823,0.6117304227881011,Fluad_48_PBMC
13823,13823,0.5558507068242391,Fluad_72_PBMC
13823,13823,0.3899642230289606,Fluad_168_PBMC
13844,13844,0.31778267602238475,Fluad_4_PBMC
13844,13844,0.25293820469321676,Fluad_8_PBMC
13844,13844,0.4835935009691106,Fluad_24_PBMC
13844,13844,0.4917285417394799,Fluad_48_PBMC
13844,13844,0.5527101140514095,Fluad_72_PBMC
13844,13844,0.32263612091581206,Fluad_168_PBMC
13853,13853,-0.10233517298337144,Fluad_4_PBMC
13853,13853,0.06834837809804781,Fluad_8_PBMC
13853,13853,2.061836991444269,Fluad_24_PBMC
13853,13853,0.6995162333004349,Fluad_48_PBMC
13853,13853,0.3421577230497771,Fluad_72_PBMC
13853,13853,0.8566505039126865,Fluad_168_PBMC
13854,13854,0.002042672680483887,Fluad_4_PBMC
13854,13854,-0.017070505480007023,Fluad_8_PBMC
13854,13854,-0.012391997427341213,Fluad_24_PBMC
13854,13854,-0.006172293110230299,Fluad_48_PBMC
13854,13854,0.07066645064822986,Fluad_72_PBMC
13854,13854,-0.02704517202184426,Fluad_168_PBMC
13857,13857,0.3845770925603601,Fluad_4_PBMC
13857,13857,0.31115973787104423,Fluad_8_PBMC
13857,13857,0.16411739258825625,Fluad_24_PBMC
13857,13857,0.2773760416300043,Fluad_48_PBMC
13857,13857,0.4620966467111395,Fluad_72_PBMC
13857,13857,0.2085269538227223,Fluad_168_PBMC
13866,13866,0.3855210064735881,Fluad_4_PBMC
13866,13866,0.34682367766310107,Fluad_8_PBMC
13866,13866,0.8554552730850096,Fluad_24_PBMC
13866,13866,0.7959288941094667,Fluad_48_PBMC
13866,13866,0.8495793228774706,Fluad_72_PBMC
13866,13866,0.8267663897918451,Fluad_168_PBMC
13999,13999,-0.07861863154272514,Fluad_4_PBMC
13999,13999,-0.008917270541054956,Fluad_8_PBMC
13999,13999,0.06175116235775481,Fluad_24_PBMC
13999,13999,-0.00914530245634175,Fluad_48_PBMC
13999,13999,-0.05701043448906192,Fluad_72_PBMC
13999,13999,-0.0677978435899545,Fluad_168_PBMC
14058,14058,0.23909946416760533,Fluad_4_PBMC
14058,14058,0.26762577376038976,Fluad_8_PBMC
14058,14058,0.1530275638809618,Fluad_24_PBMC
14058,14058,0.15158639766952275,Fluad_48_PBMC
14058,14058,0.07728046169698523,Fluad_72_PBMC
14058,14058,0.06078493246898345,Fluad_168_PBMC
14067,14067,0.6163171829879904,Fluad_4_PBMC
14067,14067,0.6105338600838249,Fluad_8_PBMC
14067,14067,0.4608833562283503,Fluad_24_PBMC
14067,14067,0.5790377766160654,Fluad_48_PBMC
14067,14067,0.5406159023174857,Fluad_72_PBMC
14067,14067,0.5022456473280851,Fluad_168_PBMC
14068,14068,0.47656037767199066,Fluad_4_PBMC
14068,14068,0.4750922222883352,Fluad_8_PBMC
14068,14068,0.8670423489670309,Fluad_24_PBMC
14068,14068,0.8015483531537344,Fluad_48_PBMC
14068,14068,0.9297114387241838,Fluad_72_PBMC
14068,14068,0.4150652238429643,Fluad_168_PBMC
14071,14071,0.39900869769812475,Fluad_4_PBMC
14071,14071,0.3845188918997946,Fluad_8_PBMC
14071,14071,0.7823895366128397,Fluad_24_PBMC
14071,14071,0.6711610220252836,Fluad_48_PBMC
14071,14071,0.646836475653971,Fluad_72_PBMC
14071,14071,0.3989542239413687,Fluad_168_PBMC
14073,14073,0.3147534210728963,Fluad_4_PBMC
14073,14073,0.19287947192841848,Fluad_8_PBMC
14073,14073,0.6384529214753925,Fluad_24_PBMC
14073,14073,0.7073784344803378,Fluad_48_PBMC
14073,14073,0.9570988173261373,Fluad_72_PBMC
14073,14073,0.4083339086753046,Fluad_168_PBMC
14081,14081,0.35085785633080413,Fluad_4_PBMC
14081,14081,0.21780829621938697,Fluad_8_PBMC
14081,14081,0.38262404704925745,Fluad_24_PBMC
14081,14081,0.32793533792897445,Fluad_48_PBMC
14081,14081,0.5324782753434039,Fluad_72_PBMC
14081,14081,0.23650574542846142,Fluad_168_PBMC
14087,14087,-0.25546903000354587,Fluad_4_PBMC
14087,14087,-0.2642072910575974,Fluad_8_PBMC
14087,14087,-0.6357305386079913,Fluad_24_PBMC
14087,14087,-0.3084523160225785,Fluad_48_PBMC
14087,14087,-0.3040749510202773,Fluad_72_PBMC
14087,14087,-0.18240453607542612,Fluad_168_PBMC
14129,14129,0.32100650616860904,Fluad_4_PBMC
14129,14129,0.501896002195667,Fluad_8_PBMC
14129,14129,0.013830858193666258,Fluad_24_PBMC
14129,14129,0.13857597139890276,Fluad_48_PBMC
14129,14129,-0.20297674602413746,Fluad_72_PBMC
14129,14129,-0.03178249918326907,Fluad_168_PBMC
14158,14158,0.7677185614535538,Fluad_4_PBMC
14158,14158,0.648700535958608,Fluad_8_PBMC
14158,14158,0.3664845330882077,Fluad_24_PBMC
14158,14158,0.41619947633312104,Fluad_48_PBMC
14158,14158,0.5097646318751032,Fluad_72_PBMC
14158,14158,0.8344601856944642,Fluad_168_PBMC
14168,14168,0.17155572884562778,Fluad_4_PBMC
14168,14168,0.21465077084526482,Fluad_8_PBMC
14168,14168,0.34339294528540854,Fluad_24_PBMC
14168,14168,0.29345214734328706,Fluad_48_PBMC
14168,14168,0.3411853463262831,Fluad_72_PBMC
14168,14168,0.21352305584561965,Fluad_168_PBMC
14177,14177,0.4410907083228993,Fluad_4_PBMC
14177,14177,0.38413077119989214,Fluad_8_PBMC
14177,14177,0.5424369324285852,Fluad_24_PBMC
14177,14177,0.5255369279644927,Fluad_48_PBMC
14177,14177,0.5302418975400242,Fluad_72_PBMC
14177,14177,0.4657943377785906,Fluad_168_PBMC
14179,14179,0.25564112355269264,Fluad_4_PBMC
14179,14179,0.25298204868315644,Fluad_8_PBMC
14179,14179,0.5484608639670697,Fluad_24_PBMC
14179,14179,0.5731696562861743,Fluad_48_PBMC
14179,14179,0.5108739763395288,Fluad_72_PBMC
14179,14179,0.47113644866658955,Fluad_168_PBMC
14182,14182,-0.03742725875034017,Fluad_4_PBMC
14182,14182,0.11239965261256224,Fluad_8_PBMC
14182,14182,0.580216450226437,Fluad_24_PBMC
14182,14182,0.4259759885641495,Fluad_48_PBMC
14182,14182,0.8534127505049929,Fluad_72_PBMC
14182,14182,0.5439021257388397,Fluad_168_PBMC
14183,14183,0.22865578254210495,Fluad_4_PBMC
14183,14183,0.16389613597432004,Fluad_8_PBMC
14183,14183,0.3882147845723445,Fluad_24_PBMC
14183,14183,0.32340909168507526,Fluad_48_PBMC
14183,14183,0.35391582170472335,Fluad_72_PBMC
14183,14183,0.2161894574072311,Fluad_168_PBMC
14187,14187,-0.30168296101243114,Fluad_4_PBMC
14187,14187,-0.2780432811981217,Fluad_8_PBMC
14187,14187,-0.1471781016866512,Fluad_24_PBMC
14187,14187,-0.01541527099070867,Fluad_48_PBMC
14187,14187,0.21425132068790376,Fluad_72_PBMC
14187,14187,-0.07717682987810658,Fluad_168_PBMC
14225,14225,0.1847395139703893,Fluad_4_PBMC
14225,14225,0.19576890255640927,Fluad_8_PBMC
14225,14225,0.3436850138938996,Fluad_24_PBMC
14225,14225,0.32162496703196264,Fluad_48_PBMC
14225,14225,0.32081721247771566,Fluad_72_PBMC
14225,14225,0.18469497160150225,Fluad_168_PBMC
14248,14248,0.18546806062890603,Fluad_4_PBMC
14248,14248,0.1204327511122121,Fluad_8_PBMC
14248,14248,0.07351213426726808,Fluad_24_PBMC
14248,14248,0.09325690450523687,Fluad_48_PBMC
14248,14248,0.13343689464258093,Fluad_72_PBMC
14248,14248,0.10159759419471738,Fluad_168_PBMC
14262,14262,0.7093122036244626,Fluad_4_PBMC
14262,14262,0.5258737417023315,Fluad_8_PBMC
14262,14262,0.7469648270866638,Fluad_24_PBMC
14262,14262,0.899142883728031,Fluad_48_PBMC
14262,14262,1.2139663681858792,Fluad_72_PBMC
14262,14262,1.0791209169822435,Fluad_168_PBMC
14270,14270,0.10503335737259617,Fluad_4_PBMC
14270,14270,0.05401845493688581,Fluad_8_PBMC
14270,14270,0.0928309668305839,Fluad_24_PBMC
14270,14270,0.20448292905535448,Fluad_48_PBMC
14270,14270,0.23743247095355052,Fluad_72_PBMC
14270,14270,0.20411739698516057,Fluad_168_PBMC
14289,14289,0.23504608883351227,Fluad_4_PBMC
14289,14289,0.21093077197310936,Fluad_8_PBMC
14289,14289,0.0789856026831861,Fluad_24_PBMC
14289,14289,0.08900170584841278,Fluad_48_PBMC
14289,14289,-0.08613420474134767,Fluad_72_PBMC
14289,14289,0.07581466503955958,Fluad_168_PBMC
14293,14293,0.3956969337799183,Fluad_4_PBMC
14293,14293,0.34568174801347035,Fluad_8_PBMC
14293,14293,0.35015068918482556,Fluad_24_PBMC
14293,14293,0.23441855419080249,Fluad_48_PBMC
14293,14293,0.14244545474796783,Fluad_72_PBMC
14293,14293,0.10710895136846704,Fluad_168_PBMC
14345,14345,0.11726152951821248,Fluad_4_PBMC
14345,14345,-0.07751831088531971,Fluad_8_PBMC
14345,14345,-0.7090854013057377,Fluad_24_PBMC
14345,14345,-0.2591499374864459,Fluad_48_PBMC
14345,14345,-0.10222360086997889,Fluad_72_PBMC
14345,14345,0.21025829661501294,Fluad_168_PBMC
14381,14381,0.21415371373158973,Fluad_4_PBMC
14381,14381,0.2006175028246974,Fluad_8_PBMC
14381,14381,0.13463290036905196,Fluad_24_PBMC
14381,14381,0.11703625890129048,Fluad_48_PBMC
14381,14381,0.11069766778173554,Fluad_72_PBMC
14381,14381,0.11326590583587128,Fluad_168_PBMC
14396,14396,-0.684134747588997,Fluad_4_PBMC
14396,14396,-1.298324576132905,Fluad_8_PBMC
14396,14396,-0.48505112902764463,Fluad_24_PBMC
14396,14396,-0.4953402457189696,Fluad_48_PBMC
14396,14396,-1.089603625348761,Fluad_72_PBMC
14396,14396,-1.199848549489426,Fluad_168_PBMC
14404,14404,-0.08599626485319956,Fluad_4_PBMC
14404,14404,0.004522405627871873,Fluad_8_PBMC
14404,14404,0.5513897965115995,Fluad_24_PBMC
14404,14404,0.38293813927025266,Fluad_48_PBMC
14404,14404,0.42087114068663056,Fluad_72_PBMC
14404,14404,0.13995266062031597,Fluad_168_PBMC
14430,14430,0.26191771610168035,Fluad_4_PBMC
14430,14430,0.2501879882898904,Fluad_8_PBMC
14430,14430,0.4786537531248377,Fluad_24_PBMC
14430,14430,0.41585095000551714,Fluad_48_PBMC
14430,14430,0.46959914539534153,Fluad_72_PBMC
14430,14430,0.22839359573171977,Fluad_168_PBMC
14470,14470,0.014765859554892418,Fluad_4_PBMC
14470,14470,0.03254830992552831,Fluad_8_PBMC
14470,14470,-0.0339713957452447,Fluad_24_PBMC
14470,14470,-0.018016867226058792,Fluad_48_PBMC
14470,14470,-0.05752764133655812,Fluad_72_PBMC
14470,14470,-0.002894705721616717,Fluad_168_PBMC
14533,14533,-0.12253410386732339,Fluad_4_PBMC
14533,14533,-0.08721660542702188,Fluad_8_PBMC
14533,14533,-0.10800451475243658,Fluad_24_PBMC
14533,14533,-0.10908462473441358,Fluad_48_PBMC
14533,14533,-0.15845424098272706,Fluad_72_PBMC
14533,14533,-0.09715366128448456,Fluad_168_PBMC
14539,14539,-0.03191535923990392,Fluad_4_PBMC
14539,14539,-0.048510510128548845,Fluad_8_PBMC
14539,14539,0.0670558070893387,Fluad_24_PBMC
14539,14539,-0.054307097678253424,Fluad_48_PBMC
14539,14539,-0.0599627262703261,Fluad_72_PBMC
14539,14539,-0.4117099519767347,Fluad_168_PBMC
14562,14562,0.14501605826657124,Fluad_4_PBMC
14562,14562,0.15905387781749977,Fluad_8_PBMC
14562,14562,0.35419231779875004,Fluad_24_PBMC
14562,14562,0.2760112797802014,Fluad_48_PBMC
14562,14562,0.33641891235096777,Fluad_72_PBMC
14562,14562,0.19369056323134365,Fluad_168_PBMC
14664,14664,0.23711290788662098,Fluad_4_PBMC
14664,14664,0.12946886664094964,Fluad_8_PBMC
14664,14664,0.2500080681962329,Fluad_24_PBMC
14664,14664,0.18033789278773377,Fluad_48_PBMC
14664,14664,0.36328630683116614,Fluad_72_PBMC
14664,14664,0.07536015715310841,Fluad_168_PBMC
14719,14719,0.17892420014121405,Fluad_4_PBMC
14719,14719,0.14943020289015332,Fluad_8_PBMC
14719,14719,0.06940309938799918,Fluad_24_PBMC
14719,14719,0.11746615699166973,Fluad_48_PBMC
14719,14719,0.1361464087656973,Fluad_72_PBMC
14719,14719,0.1681054540875748,Fluad_168_PBMC
14723,14723,0.3542824513183204,Fluad_4_PBMC
14723,14723,0.30397120446256787,Fluad_8_PBMC
14723,14723,0.19606614908011266,Fluad_24_PBMC
14723,14723,0.30412438890585425,Fluad_48_PBMC
14723,14723,0.2628885432195184,Fluad_72_PBMC
14723,14723,0.17519159556402236,Fluad_168_PBMC
14724,14724,0.14942563162280412,Fluad_4_PBMC
14724,14724,0.20534800271117373,Fluad_8_PBMC
14724,14724,0.09405525895527361,Fluad_24_PBMC
14724,14724,0.07392321686102288,Fluad_48_PBMC
14724,14724,0.042689593868025844,Fluad_72_PBMC
14724,14724,0.02587657604098548,Fluad_168_PBMC
14728,14728,0.12082999871106284,Fluad_4_PBMC
14728,14728,0.12679069950507338,Fluad_8_PBMC
14728,14728,0.06191313615993124,Fluad_24_PBMC
14728,14728,0.034119921954341915,Fluad_48_PBMC
14728,14728,-0.03756560364033304,Fluad_72_PBMC
14728,14728,0.043059072757805475,Fluad_168_PBMC
14729,14729,0.4367825732210716,Fluad_4_PBMC
14729,14729,0.3979281663516843,Fluad_8_PBMC
14729,14729,0.28137730132876837,Fluad_24_PBMC
14729,14729,0.34803407153386856,Fluad_48_PBMC
14729,14729,0.3477921928457618,Fluad_72_PBMC
14729,14729,0.2873589182000276,Fluad_168_PBMC
14733,14733,-0.016849420763174677,Fluad_4_PBMC
14733,14733,0.05186317823671266,Fluad_8_PBMC
14733,14733,-0.34329665205842524,Fluad_24_PBMC
14733,14733,-0.1101677907742967,Fluad_48_PBMC
14733,14733,-0.08032959053716905,Fluad_72_PBMC
14733,14733,0.006499688708016149,Fluad_168_PBMC
14748,14748,0.03773512521087181,Fluad_4_PBMC
14748,14748,0.03429573547538856,Fluad_8_PBMC
14748,14748,0.03080157636512717,Fluad_24_PBMC
14748,14748,0.13200842540118224,Fluad_48_PBMC
14748,14748,0.18115132533577438,Fluad_72_PBMC
14748,14748,0.21056273008715612,Fluad_168_PBMC
14756,14756,0.4102701753788565,Fluad_4_PBMC
14756,14756,0.5950664636924791,Fluad_8_PBMC
14756,14756,0.9051575928909893,Fluad_24_PBMC
14756,14756,0.7676291194956364,Fluad_48_PBMC
14756,14756,0.8359890254576461,Fluad_72_PBMC
14756,14756,0.539029439019933,Fluad_168_PBMC
14784,14784,0.050749829202582836,Fluad_4_PBMC
14784,14784,0.0074683127677156735,Fluad_8_PBMC
14784,14784,0.20053868070462746,Fluad_24_PBMC
14784,14784,0.12590932964732346,Fluad_48_PBMC
14784,14784,0.19654227086355977,Fluad_72_PBMC
14784,14784,0.13610900233232887,Fluad_168_PBMC
14797,14797,0.0694996764815155,Fluad_4_PBMC
14797,14797,0.04580900710996891,Fluad_8_PBMC
14797,14797,0.07643106010672136,Fluad_24_PBMC
14797,14797,0.07099603715539521,Fluad_48_PBMC
14797,14797,0.06801233047665452,Fluad_72_PBMC
14797,14797,0.0036537669266060134,Fluad_168_PBMC
14799,14799,-0.536020911710948,Fluad_4_PBMC
14799,14799,-0.2871885647737377,Fluad_8_PBMC
14799,14799,-0.10640875802251376,Fluad_24_PBMC
14799,14799,-0.10590189274315948,Fluad_48_PBMC
14799,14799,-0.2899420028630656,Fluad_72_PBMC
14799,14799,-1.0233647847520795,Fluad_168_PBMC
14807,14807,0.4485462567224575,Fluad_4_PBMC
14807,14807,0.4862873887803461,Fluad_8_PBMC
14807,14807,1.119667608491638,Fluad_24_PBMC
14807,14807,1.0367142931455502,Fluad_48_PBMC
14807,14807,1.1886304542303505,Fluad_72_PBMC
14807,14807,0.8408742425476585,Fluad_168_PBMC
14843,14843,0.6528450117389655,Fluad_4_PBMC
14843,14843,-1.1132785436532229,Fluad_8_PBMC
14843,14843,-0.8542871823623959,Fluad_24_PBMC
14843,14843,-1.2081282787713838,Fluad_48_PBMC
14843,14843,-0.7524515770961596,Fluad_72_PBMC
14843,14843,-1.6623355186661548,Fluad_168_PBMC
14867,14867,0.41807039360962817,Fluad_4_PBMC
14867,14867,0.34720907764447095,Fluad_8_PBMC
14867,14867,0.13965095816423181,Fluad_24_PBMC
14867,14867,0.5040710005596731,Fluad_48_PBMC
14867,14867,0.833687072009532,Fluad_72_PBMC
14867,14867,1.1570819373841053,Fluad_168_PBMC
14884,14884,0.046497260314073405,Fluad_4_PBMC
14884,14884,0.09883612614645133,Fluad_8_PBMC
14884,14884,0.16707572883543206,Fluad_24_PBMC
14884,14884,0.16983767009163311,Fluad_48_PBMC
14884,14884,0.1914338363802955,Fluad_72_PBMC
14884,14884,0.05252174525876681,Fluad_168_PBMC
14915,14915,0.18041126233641458,Fluad_4_PBMC
14915,14915,0.10651472715293443,Fluad_8_PBMC
14915,14915,0.46878806374363446,Fluad_24_PBMC
14915,14915,0.37881047730898043,Fluad_48_PBMC
14915,14915,0.49055568744635614,Fluad_72_PBMC
14915,14915,0.24366803904147577,Fluad_168_PBMC
14945,14945,-1.199465401915602,Fluad_4_PBMC
14945,14945,-1.2246903787450862,Fluad_8_PBMC
14945,14945,-1.3485807556164215,Fluad_24_PBMC
14945,14945,-1.2976440235164408,Fluad_48_PBMC
14945,14945,-1.1145518826448408,Fluad_72_PBMC
14945,14945,-1.2542889453557213,Fluad_168_PBMC
15042,15042,0.15016512981408217,Fluad_4_PBMC
15042,15042,0.08479376047432576,Fluad_8_PBMC
15042,15042,0.13060130697424313,Fluad_24_PBMC
15042,15042,0.15548032890880822,Fluad_48_PBMC
15042,15042,0.27298405505873113,Fluad_72_PBMC
15042,15042,0.046551683769254115,Fluad_168_PBMC
15114,15114,0.15963664345438028,Fluad_4_PBMC
15114,15114,0.19069023425214832,Fluad_8_PBMC
15114,15114,0.4119333782682293,Fluad_24_PBMC
15114,15114,0.39221561569949526,Fluad_48_PBMC
15114,15114,0.41456758640670766,Fluad_72_PBMC
15114,15114,0.21402126562194465,Fluad_168_PBMC
15202,15202,0.9624606808297586,Fluad_4_PBMC
15202,15202,0.9118389375875167,Fluad_8_PBMC
15202,15202,1.7417659480279615,Fluad_24_PBMC
15202,15202,1.6279159380604393,Fluad_48_PBMC
15202,15202,1.8585489999563298,Fluad_72_PBMC
15202,15202,1.2938555508095142,Fluad_168_PBMC
15227,15227,0.2124294130490071,Fluad_4_PBMC
15227,15227,0.2290915652058967,Fluad_8_PBMC
15227,15227,0.5210037798703048,Fluad_24_PBMC
15227,15227,0.42808931557569163,Fluad_48_PBMC
15227,15227,0.5187766358246593,Fluad_72_PBMC
15227,15227,0.3965237645643326,Fluad_168_PBMC
15258,15258,0.7175590130014773,Fluad_4_PBMC
15258,15258,0.6025209896152022,Fluad_8_PBMC
15258,15258,0.6586567133102865,Fluad_24_PBMC
15258,15258,0.8111821569328344,Fluad_48_PBMC
15258,15258,1.0805329788111926,Fluad_72_PBMC
15258,15258,0.7844590764458732,Fluad_168_PBMC
15267,15267,0.04874213693966265,Fluad_4_PBMC
15267,15267,0.03275556944606394,Fluad_8_PBMC
15267,15267,0.03799811994582093,Fluad_24_PBMC
15267,15267,0.013763612951963395,Fluad_48_PBMC
15267,15267,0.021756545228480317,Fluad_72_PBMC
15267,15267,-0.010477514203817689,Fluad_168_PBMC
15275,15275,0.20778805245127585,Fluad_4_PBMC
15275,15275,0.19363462813796506,Fluad_8_PBMC
15275,15275,0.11590304273113848,Fluad_24_PBMC
15275,15275,0.15468774952427283,Fluad_48_PBMC
15275,15275,0.1809429096395929,Fluad_72_PBMC
15275,15275,0.13907441001633158,Fluad_168_PBMC
15361,15361,-0.06693504926919552,Fluad_4_PBMC
15361,15361,-0.03645161007268627,Fluad_8_PBMC
15361,15361,-0.06151386862316219,Fluad_24_PBMC
15361,15361,-0.062150228946494475,Fluad_48_PBMC
15361,15361,-0.06968133986661275,Fluad_72_PBMC
15361,15361,-0.10363923025141852,Fluad_168_PBMC
15368,15368,0.4972289539471746,Fluad_4_PBMC
15368,15368,0.3653480595110351,Fluad_8_PBMC
15368,15368,0.4019282040184011,Fluad_24_PBMC
15368,15368,0.5527862867171898,Fluad_48_PBMC
15368,15368,0.6092909550974113,Fluad_72_PBMC
15368,15368,0.5737539231598205,Fluad_168_PBMC
15401,15401,0.27214238160011694,Fluad_4_PBMC
15401,15401,0.3487174700043195,Fluad_8_PBMC
15401,15401,0.968654517534298,Fluad_24_PBMC
15401,15401,0.7515613437393498,Fluad_48_PBMC
15401,15401,1.0524247080815008,Fluad_72_PBMC
15401,15401,0.5818385687782734,Fluad_168_PBMC
15439,15439,0.1512531795792566,Fluad_4_PBMC
15439,15439,0.1379745569243548,Fluad_8_PBMC
15439,15439,0.0785685257573717,Fluad_24_PBMC
15439,15439,0.08099291638528253,Fluad_48_PBMC
15439,15439,-0.040410663574605,Fluad_72_PBMC
15439,15439,0.017285604728331377,Fluad_168_PBMC
15493,15493,0.7984225252562159,Fluad_4_PBMC
15493,15493,0.40919958092143127,Fluad_8_PBMC
15493,15493,0.9830135684602531,Fluad_24_PBMC
15493,15493,0.7449046081353614,Fluad_48_PBMC
15493,15493,1.0775103072660743,Fluad_72_PBMC
15493,15493,1.1861633440677448,Fluad_168_PBMC
15519,15519,0.204746112701288,Fluad_4_PBMC
15519,15519,0.19300979849197364,Fluad_8_PBMC
15519,15519,0.21960905511250114,Fluad_24_PBMC
15519,15519,0.24499473928852766,Fluad_48_PBMC
15519,15519,0.20249228262709523,Fluad_72_PBMC
15519,15519,0.16977426440468862,Fluad_168_PBMC
15531,15531,0.10148960042891088,Fluad_4_PBMC
15531,15531,0.115371198071653,Fluad_8_PBMC
15531,15531,0.3691242455746433,Fluad_24_PBMC
15531,15531,0.3260132187403889,Fluad_48_PBMC
15531,15531,0.32257072898084815,Fluad_72_PBMC
15531,15531,0.2752612870204819,Fluad_168_PBMC
15565,15565,0.7318858472636959,Fluad_4_PBMC
15565,15565,0.9672116269801808,Fluad_8_PBMC
15565,15565,1.1129893283269214,Fluad_24_PBMC
15565,15565,1.2493175885606027,Fluad_48_PBMC
15565,15565,1.6619547503557501,Fluad_72_PBMC
15565,15565,1.394692683337937,Fluad_168_PBMC
15902,15902,-0.08120812187576913,Fluad_4_PBMC
15902,15902,-0.08940972813913496,Fluad_8_PBMC
15902,15902,-0.36516580699735207,Fluad_24_PBMC
15902,15902,-0.22269950656286014,Fluad_48_PBMC
15902,15902,-0.08930634302102605,Fluad_72_PBMC
15902,15902,-0.05257198400221004,Fluad_168_PBMC
16012,16012,0.23394459534243645,Fluad_4_PBMC
16012,16012,0.3762710777836088,Fluad_8_PBMC
16012,16012,0.5416788418715881,Fluad_24_PBMC
16012,16012,0.23536520810479394,Fluad_48_PBMC
16012,16012,-0.08039146730520644,Fluad_72_PBMC
16012,16012,-0.19114106365854217,Fluad_168_PBMC
16162,16162,0.7551235952716507,Fluad_4_PBMC
16162,16162,0.5867971308222864,Fluad_8_PBMC
16162,16162,0.9990089255902944,Fluad_24_PBMC
16162,16162,1.0861453533742411,Fluad_48_PBMC
16162,16162,1.0476061093206752,Fluad_72_PBMC
16162,16162,0.860753125367034,Fluad_168_PBMC
16178,16178,0.6358985117747962,Fluad_4_PBMC
16178,16178,0.5597551745085289,Fluad_8_PBMC
16178,16178,0.4013307414863635,Fluad_24_PBMC
16178,16178,0.21893579037543692,Fluad_48_PBMC
16178,16178,0.048761813037247664,Fluad_72_PBMC
16178,16178,0.19811065987569437,Fluad_168_PBMC
16183,16183,-0.041374802029812086,Fluad_4_PBMC
16183,16183,-0.0037577860398190967,Fluad_8_PBMC
16183,16183,-0.030886079795724372,Fluad_24_PBMC
16183,16183,-0.06798862704711742,Fluad_48_PBMC
16183,16183,-0.08896509474233523,Fluad_72_PBMC
16183,16183,-0.06029850752146914,Fluad_168_PBMC
16189,16189,-0.48577491437367093,Fluad_4_PBMC
16189,16189,-0.8052309331901725,Fluad_8_PBMC
16189,16189,-0.7519298084325627,Fluad_24_PBMC
16189,16189,-0.6426642811303631,Fluad_48_PBMC
16189,16189,-0.6774600811490092,Fluad_72_PBMC
16189,16189,-0.21591615244410217,Fluad_168_PBMC
16330,16330,0.04646059555686721,Fluad_4_PBMC
16330,16330,0.06405651451825523,Fluad_8_PBMC
16330,16330,0.5255724542280668,Fluad_24_PBMC
16330,16330,0.25218989708553013,Fluad_48_PBMC
16330,16330,0.41657324774214416,Fluad_72_PBMC
16330,16330,0.5206079895948716,Fluad_168_PBMC
16392,16392,-0.41219248486207,Fluad_4_PBMC
16392,16392,-0.3215337677440821,Fluad_8_PBMC
16392,16392,-0.26774095183583524,Fluad_24_PBMC
16392,16392,-0.4971301691668061,Fluad_48_PBMC
16392,16392,-0.5865036383622069,Fluad_72_PBMC
16392,16392,-0.6002909339947569,Fluad_168_PBMC
16403,16403,0.26596010295827555,Fluad_4_PBMC
16403,16403,0.24090042127589428,Fluad_8_PBMC
16403,16403,0.12945404193759738,Fluad_24_PBMC
16403,16403,0.23086986768735662,Fluad_48_PBMC
16403,16403,0.2404394434560609,Fluad_72_PBMC
16403,16403,0.18073687555855805,Fluad_168_PBMC
16412,16412,0.45447626228162874,Fluad_4_PBMC
16412,16412,0.43172292335264895,Fluad_8_PBMC
16412,16412,0.39105926266820695,Fluad_24_PBMC
16412,16412,0.4082488584065489,Fluad_48_PBMC
16412,16412,0.36241230866421714,Fluad_72_PBMC
16412,16412,0.3244698590666716,Fluad_168_PBMC
16414,16414,0.2028244622844288,Fluad_4_PBMC
16414,16414,0.16460428586936054,Fluad_8_PBMC
16414,16414,0.09631258733828749,Fluad_24_PBMC
16414,16414,0.12827833163738944,Fluad_48_PBMC
16414,16414,0.14254891057165853,Fluad_72_PBMC
16414,16414,0.1597274979489237,Fluad_168_PBMC
16416,16416,0.28791378706452597,Fluad_4_PBMC
16416,16416,0.26463737194273956,Fluad_8_PBMC
16416,16416,0.16408565918078727,Fluad_24_PBMC
16416,16416,0.2560079075665192,Fluad_48_PBMC
16416,16416,0.2553829628634301,Fluad_72_PBMC
16416,16416,0.2086535604155989,Fluad_168_PBMC
16419,16419,0.22039725725639,Fluad_4_PBMC
16419,16419,0.22354750488825323,Fluad_8_PBMC
16419,16419,0.1595647200091348,Fluad_24_PBMC
16419,16419,0.18160225892112059,Fluad_48_PBMC
16419,16419,0.17569043919785743,Fluad_72_PBMC
16419,16419,0.1254691156797495,Fluad_168_PBMC
16478,16478,0.18185464322242323,Fluad_4_PBMC
16478,16478,0.1610673104072083,Fluad_8_PBMC
16478,16478,0.1980384278432322,Fluad_24_PBMC
16478,16478,0.18405477526009878,Fluad_48_PBMC
16478,16478,0.2207396788603932,Fluad_72_PBMC
16478,16478,0.14661933931265625,Fluad_168_PBMC
16542,16542,0.11443858590640248,Fluad_4_PBMC
16542,16542,0.0992660109092638,Fluad_8_PBMC
16542,16542,0.21665162113694753,Fluad_24_PBMC
16542,16542,0.19132151716907492,Fluad_48_PBMC
16542,16542,0.1932160211037034,Fluad_72_PBMC
16542,16542,0.07520155279751854,Fluad_168_PBMC
16563,16563,0.3274422036985354,Fluad_4_PBMC
16563,16563,0.31943332652685896,Fluad_8_PBMC
16563,16563,0.2844246623430242,Fluad_24_PBMC
16563,16563,0.30700284173273096,Fluad_48_PBMC
16563,16563,0.32595366801876147,Fluad_72_PBMC
16563,16563,0.23751356154119452,Fluad_168_PBMC
16570,16570,-0.2975160202983491,Fluad_4_PBMC
16570,16570,-0.3861945530252403,Fluad_8_PBMC
16570,16570,-0.34151245551334986,Fluad_24_PBMC
16570,16570,-0.425308554280585,Fluad_48_PBMC
16570,16570,-0.36893122435575054,Fluad_72_PBMC
16570,16570,-0.49029260937322944,Fluad_168_PBMC
16589,16589,0.10376101135114968,Fluad_4_PBMC
16589,16589,0.10418272994081107,Fluad_8_PBMC
16589,16589,0.07433532386345176,Fluad_24_PBMC
16589,16589,0.10952386212146234,Fluad_48_PBMC
16589,16589,0.16136942863635503,Fluad_72_PBMC
16589,16589,0.11201346903636791,Fluad_168_PBMC
16592,16592,-0.09806151471169292,Fluad_4_PBMC
16592,16592,-0.029276419111273377,Fluad_8_PBMC
16592,16592,-0.0396867879047688,Fluad_24_PBMC
16592,16592,-0.2547433819869697,Fluad_48_PBMC
16592,16592,-0.26051276540865487,Fluad_72_PBMC
16592,16592,-0.16934370590225584,Fluad_168_PBMC
16650,16650,0.21794785890417076,Fluad_4_PBMC
16650,16650,0.12651607879267301,Fluad_8_PBMC
16650,16650,0.21635277515953938,Fluad_24_PBMC
16650,16650,0.2547065534144794,Fluad_48_PBMC
16650,16650,0.342168918087648,Fluad_72_PBMC
16650,16650,0.1369062298720271,Fluad_168_PBMC
16660,16660,0.07359272584579117,Fluad_4_PBMC
16660,16660,-0.009888140337234943,Fluad_8_PBMC
16660,16660,0.3016037834692504,Fluad_24_PBMC
16660,16660,0.18210394067255825,Fluad_48_PBMC
16660,16660,0.18752257037009856,Fluad_72_PBMC
16660,16660,-0.07249467500776893,Fluad_168_PBMC
16688,16688,0.2920044968833936,Fluad_4_PBMC
16688,16688,0.5037330144064288,Fluad_8_PBMC
16688,16688,0.913894251831082,Fluad_24_PBMC
16688,16688,0.8751602997472794,Fluad_48_PBMC
16688,16688,0.9981505012399163,Fluad_72_PBMC
16688,16688,0.6965554538948797,Fluad_168_PBMC
16697,16697,0.45243850575749156,Fluad_4_PBMC
16697,16697,0.42883951108898566,Fluad_8_PBMC
16697,16697,0.8046659643983985,Fluad_24_PBMC
16697,16697,0.7843971441305679,Fluad_48_PBMC
16697,16697,0.8173599593760146,Fluad_72_PBMC
16697,16697,0.5502613241237886,Fluad_168_PBMC
16703,16703,0.5196650038399406,Fluad_4_PBMC
16703,16703,0.43370956038784136,Fluad_8_PBMC
16703,16703,0.5414774434696221,Fluad_24_PBMC
16703,16703,0.47823802974916635,Fluad_48_PBMC
16703,16703,0.5676889215250116,Fluad_72_PBMC
16703,16703,0.7331089144875378,Fluad_168_PBMC
16706,16706,0.5502875038048124,Fluad_4_PBMC
16706,16706,0.2570898088266166,Fluad_8_PBMC
16706,16706,0.6772023986946433,Fluad_24_PBMC
16706,16706,0.79754800618423,Fluad_48_PBMC
16706,16706,0.9602892176905287,Fluad_72_PBMC
16706,16706,0.8821013403370273,Fluad_168_PBMC
16728,16728,0.26450604847694886,Fluad_4_PBMC
16728,16728,0.24910713137621276,Fluad_8_PBMC
16728,16728,0.6253843488071484,Fluad_24_PBMC
16728,16728,0.5760131022689337,Fluad_48_PBMC
16728,16728,0.6585095028003441,Fluad_72_PBMC
16728,16728,0.5097296653992334,Fluad_168_PBMC
16764,16764,0.01612451923789117,Fluad_4_PBMC
16764,16764,-0.11737948022499824,Fluad_8_PBMC
16764,16764,0.44992110527897805,Fluad_24_PBMC
16764,16764,0.038250434508448866,Fluad_48_PBMC
16764,16764,0.47482377795590325,Fluad_72_PBMC
16764,16764,0.4178331554042457,Fluad_168_PBMC
16769,16769,-0.30052082268714786,Fluad_4_PBMC
16769,16769,-0.5842284235995285,Fluad_8_PBMC
16769,16769,-0.2110521555239855,Fluad_24_PBMC
16769,16769,-0.5233785516427377,Fluad_48_PBMC
16769,16769,-0.31877153662212027,Fluad_72_PBMC
16769,16769,-1.3700999178008044,Fluad_168_PBMC
16784,16784,0.2989332835300089,Fluad_4_PBMC
16784,16784,0.34394431997235464,Fluad_8_PBMC
16784,16784,0.24290979380757655,Fluad_24_PBMC
16784,16784,0.25787096191513065,Fluad_48_PBMC
16784,16784,0.24561710686924254,Fluad_72_PBMC
16784,16784,0.2126796500236675,Fluad_168_PBMC
16819,16819,0.5079890201045023,Fluad_4_PBMC
16819,16819,0.516354888947729,Fluad_8_PBMC
16819,16819,0.46368643006574783,Fluad_24_PBMC
16819,16819,0.30609037450313176,Fluad_48_PBMC
16819,16819,0.3029486519586833,Fluad_72_PBMC
16819,16819,0.2769017877112451,Fluad_168_PBMC
16828,16828,-0.06577803790788214,Fluad_4_PBMC
16828,16828,-0.09192130723430697,Fluad_8_PBMC
16828,16828,-0.13507885936043337,Fluad_24_PBMC
16828,16828,-0.10557034313957281,Fluad_48_PBMC
16828,16828,-0.1202832222760339,Fluad_72_PBMC
16828,16828,-0.052072103225453685,Fluad_168_PBMC
16847,16847,0.1314249151968773,Fluad_4_PBMC
16847,16847,0.1142389801756913,Fluad_8_PBMC
16847,16847,0.2972907860340226,Fluad_24_PBMC
16847,16847,0.2929500737829641,Fluad_48_PBMC
16847,16847,0.3017512854207822,Fluad_72_PBMC
16847,16847,0.17113880558032135,Fluad_168_PBMC
16854,16854,-0.14055214421461934,Fluad_4_PBMC
16854,16854,-0.10827811438347966,Fluad_8_PBMC
16854,16854,-0.20222311567511722,Fluad_24_PBMC
16854,16854,-0.16390132930842247,Fluad_48_PBMC
16854,16854,-0.2169036726108937,Fluad_72_PBMC
16854,16854,-0.12458842130207143,Fluad_168_PBMC
16865,16865,-0.0444244140279314,Fluad_4_PBMC
16865,16865,-0.042135486766888663,Fluad_8_PBMC
16865,16865,0.17330286774633347,Fluad_24_PBMC
16865,16865,0.04118190396912336,Fluad_48_PBMC
16865,16865,0.031644392464175344,Fluad_72_PBMC
16865,16865,-0.06214246989873258,Fluad_168_PBMC
16866,16866,0.4069276587500996,Fluad_4_PBMC
16866,16866,0.3782949075635934,Fluad_8_PBMC
16866,16866,0.7276767964297401,Fluad_24_PBMC
16866,16866,0.5370588777928347,Fluad_48_PBMC
16866,16866,0.7000910405599889,Fluad_72_PBMC
16866,16866,0.9424998554233068,Fluad_168_PBMC
16905,16905,0.24436913770755364,Fluad_4_PBMC
16905,16905,0.18644001728591802,Fluad_8_PBMC
16905,16905,0.20596332356811003,Fluad_24_PBMC
16905,16905,0.20948141401490541,Fluad_48_PBMC
16905,16905,0.18986284665862743,Fluad_72_PBMC
16905,16905,0.15372635285873687,Fluad_168_PBMC
16973,16973,0.0793844846697241,Fluad_4_PBMC
16973,16973,0.05655009045471979,Fluad_8_PBMC
16973,16973,0.20686682038667897,Fluad_24_PBMC
16973,16973,0.17358348727722756,Fluad_48_PBMC
16973,16973,0.2274284975569848,Fluad_72_PBMC
16973,16973,0.029985165551204982,Fluad_168_PBMC
16981,16981,0.23572914513865986,Fluad_4_PBMC
16981,16981,0.28219569273568224,Fluad_8_PBMC
16981,16981,0.15665907098866566,Fluad_24_PBMC
16981,16981,0.2102306526015275,Fluad_48_PBMC
16981,16981,0.18344053100001784,Fluad_72_PBMC
16981,16981,0.14922551162677106,Fluad_168_PBMC
16988,16988,-0.09815881123569697,Fluad_4_PBMC
16988,16988,-0.09424213440834958,Fluad_8_PBMC
16988,16988,-0.08782103125235394,Fluad_24_PBMC
16988,16988,-0.07207308621492799,Fluad_48_PBMC
16988,16988,-0.08947148663154633,Fluad_72_PBMC
16988,16988,-0.14110430857000666,Fluad_168_PBMC
16995,16995,0.13678328870507878,Fluad_4_PBMC
16995,16995,0.11273821703017756,Fluad_8_PBMC
16995,16995,0.13799357230101816,Fluad_24_PBMC
16995,16995,0.10318464156952294,Fluad_48_PBMC
16995,16995,-0.012474421687778167,Fluad_72_PBMC
16995,16995,0.1397708240451964,Fluad_168_PBMC
17002,17002,1.0453315931075862,Fluad_4_PBMC
17002,17002,0.997619875329717,Fluad_8_PBMC
17002,17002,1.1691179150669742,Fluad_24_PBMC
17002,17002,1.055679974419921,Fluad_48_PBMC
17002,17002,1.0879185678485073,Fluad_72_PBMC
17002,17002,1.1072110372713262,Fluad_168_PBMC
17086,17086,-0.28170314005767527,Fluad_4_PBMC
17086,17086,-0.1350137961303543,Fluad_8_PBMC
17086,17086,-0.6696935363717196,Fluad_24_PBMC
17086,17086,-0.5372382282410555,Fluad_48_PBMC
17086,17086,-0.26918277605599583,Fluad_72_PBMC
17086,17086,-0.24747928844018952,Fluad_168_PBMC
17110,17110,-0.05031753901252658,Fluad_4_PBMC
17110,17110,-0.0012807890004780977,Fluad_8_PBMC
17110,17110,-0.14392715829671401,Fluad_24_PBMC
17110,17110,-0.037145190751230524,Fluad_48_PBMC
17110,17110,-0.04554794241205176,Fluad_72_PBMC
17110,17110,0.009525457753379301,Fluad_168_PBMC
17118,17118,0.0894972969595969,Fluad_4_PBMC
17118,17118,0.06906317280639833,Fluad_8_PBMC
17118,17118,0.019124492603473292,Fluad_24_PBMC
17118,17118,0.06934388491030144,Fluad_48_PBMC
17118,17118,-0.05141528021758412,Fluad_72_PBMC
17118,17118,-0.01672419432315419,Fluad_168_PBMC
17119,17119,0.2565452151611698,Fluad_4_PBMC
17119,17119,0.1862378941191165,Fluad_8_PBMC
17119,17119,0.18492822896574757,Fluad_24_PBMC
17119,17119,0.13609271220429098,Fluad_48_PBMC
17119,17119,0.20856043689380876,Fluad_72_PBMC
17119,17119,0.15626033816338014,Fluad_168_PBMC
17123,17123,0.5373805401900992,Fluad_4_PBMC
17123,17123,0.541930010932328,Fluad_8_PBMC
17123,17123,0.6200321090673651,Fluad_24_PBMC
17123,17123,0.621346162573861,Fluad_48_PBMC
17123,17123,0.8161282424494128,Fluad_72_PBMC
17123,17123,0.7357173634751255,Fluad_168_PBMC
17134,17134,0.16745806083870587,Fluad_4_PBMC
17134,17134,0.164178773542616,Fluad_8_PBMC
17134,17134,0.15998704555431081,Fluad_24_PBMC
17134,17134,0.16136647639647622,Fluad_48_PBMC
17134,17134,0.19385256578357665,Fluad_72_PBMC
17134,17134,0.0897377438656198,Fluad_168_PBMC
17144,17144,0.010937921366494515,Fluad_4_PBMC
17144,17144,0.036041487736414295,Fluad_8_PBMC
17144,17144,0.047361989772197965,Fluad_24_PBMC
17144,17144,0.1981729611546259,Fluad_48_PBMC
17144,17144,0.23831303351129574,Fluad_72_PBMC
17144,17144,-0.9423528563463216,Fluad_168_PBMC
17173,17173,-0.34046511976480237,Fluad_4_PBMC
17173,17173,-0.48770247288078294,Fluad_8_PBMC
17173,17173,-1.033494301457285,Fluad_24_PBMC
17173,17173,-0.6337782411373405,Fluad_48_PBMC
17173,17173,-0.5556409216561287,Fluad_72_PBMC
17173,17173,-0.14849715008586006,Fluad_168_PBMC
17202,17202,0.06387705842068966,Fluad_4_PBMC
17202,17202,0.14300134853407376,Fluad_8_PBMC
17202,17202,0.6166076100522382,Fluad_24_PBMC
17202,17202,0.5812344769780362,Fluad_48_PBMC
17202,17202,0.7342712222640387,Fluad_72_PBMC
17202,17202,-0.04595978593600117,Fluad_168_PBMC
17203,17203,0.27889980263480557,Fluad_4_PBMC
17203,17203,0.29954669816517066,Fluad_8_PBMC
17203,17203,0.3192896544713869,Fluad_24_PBMC
17203,17203,0.23888729744888332,Fluad_48_PBMC
17203,17203,0.24722798918872532,Fluad_72_PBMC
17203,17203,0.6206238579471978,Fluad_168_PBMC
17207,17207,0.3807284557965198,Fluad_4_PBMC
17207,17207,0.35464809347791454,Fluad_8_PBMC
17207,17207,0.1762252390385462,Fluad_24_PBMC
17207,17207,0.2633106628734384,Fluad_48_PBMC
17207,17207,0.2559679960846808,Fluad_72_PBMC
17207,17207,0.1539335558780639,Fluad_168_PBMC
17260,17260,0.13056439510663592,Fluad_4_PBMC
17260,17260,0.12026625821643794,Fluad_8_PBMC
17260,17260,0.36954332628709785,Fluad_24_PBMC
17260,17260,0.3699577002400963,Fluad_48_PBMC
17260,17260,0.3766304364481995,Fluad_72_PBMC
17260,17260,0.19099616459366925,Fluad_168_PBMC
17287,17287,-0.7642639817989736,Fluad_4_PBMC
17287,17287,-0.8760486582454161,Fluad_8_PBMC
17287,17287,-1.130586729981596,Fluad_24_PBMC
17287,17287,-1.2670565528513884,Fluad_48_PBMC
17287,17287,-1.2725293075503818,Fluad_72_PBMC
17287,17287,-0.7474520028688388,Fluad_168_PBMC
17294,17294,0.3309168327865153,Fluad_4_PBMC
17294,17294,0.41566624700318017,Fluad_8_PBMC
17294,17294,0.31310941434746964,Fluad_24_PBMC
17294,17294,0.2965563892497133,Fluad_48_PBMC
17294,17294,0.29044886651942775,Fluad_72_PBMC
17294,17294,0.1753382815065458,Fluad_168_PBMC
17305,17305,-0.20468157478668478,Fluad_4_PBMC
17305,17305,-0.17974074370050014,Fluad_8_PBMC
17305,17305,-0.2374936335989818,Fluad_24_PBMC
17305,17305,-0.21671738209943142,Fluad_48_PBMC
17305,17305,-0.24177662796822358,Fluad_72_PBMC
17305,17305,-0.15263440354989918,Fluad_168_PBMC
17314,17314,0.09092229149027173,Fluad_4_PBMC
17314,17314,0.17900331173239575,Fluad_8_PBMC
17314,17314,0.08384418090804996,Fluad_24_PBMC
17314,17314,0.05383150955651359,Fluad_48_PBMC
17314,17314,0.005654548458933609,Fluad_72_PBMC
17314,17314,-0.029360860226382863,Fluad_168_PBMC
17356,17356,-0.37767104211753433,Fluad_4_PBMC
17356,17356,-0.9005764858803497,Fluad_8_PBMC
17356,17356,-0.22984283393617694,Fluad_24_PBMC
17356,17356,-0.45639128426188663,Fluad_48_PBMC
17356,17356,-0.6969909597026774,Fluad_72_PBMC
17356,17356,-0.9380617344621899,Fluad_168_PBMC
17394,17394,0.4986279228627741,Fluad_4_PBMC
17394,17394,0.5790973580111665,Fluad_8_PBMC
17394,17394,0.3383798251532551,Fluad_24_PBMC
17394,17394,0.23650889863496558,Fluad_48_PBMC
17394,17394,0.05015063571756036,Fluad_72_PBMC
17394,17394,0.1895314582206028,Fluad_168_PBMC
17444,17444,0.04437909059824814,Fluad_4_PBMC
17444,17444,0.019329457114609656,Fluad_8_PBMC
17444,17444,0.10978907360002085,Fluad_24_PBMC
17444,17444,0.020505563131041005,Fluad_48_PBMC
17444,17444,0.1818216316527892,Fluad_72_PBMC
17444,17444,-0.017148363091247957,Fluad_168_PBMC
17454,17454,0.1469880544606775,Fluad_4_PBMC
17454,17454,0.06847114155821339,Fluad_8_PBMC
17454,17454,0.10922554149844024,Fluad_24_PBMC
17454,17454,0.06095671002634364,Fluad_48_PBMC
17454,17454,0.04457572420618302,Fluad_72_PBMC
17454,17454,0.010224120047633446,Fluad_168_PBMC
17474,17474,0.1249782367569342,Fluad_4_PBMC
17474,17474,0.13267169659388606,Fluad_8_PBMC
17474,17474,0.04977810736482101,Fluad_24_PBMC
17474,17474,0.04546281987018699,Fluad_48_PBMC
17474,17474,-0.0322855460428822,Fluad_72_PBMC
17474,17474,0.015768140710693983,Fluad_168_PBMC
17476,17476,0.14493728670820777,Fluad_4_PBMC
17476,17476,0.15608403531099208,Fluad_8_PBMC
17476,17476,0.008981322008419383,Fluad_24_PBMC
17476,17476,0.1317968424773457,Fluad_48_PBMC
17476,17476,0.09408068895877326,Fluad_72_PBMC
17476,17476,0.13398050415982687,Fluad_168_PBMC
17524,17524,0.28783944594417055,Fluad_4_PBMC
17524,17524,0.1800768762508041,Fluad_8_PBMC
17524,17524,0.3107754303683831,Fluad_24_PBMC
17524,17524,0.24942228683535192,Fluad_48_PBMC
17524,17524,0.4534103884295296,Fluad_72_PBMC
17524,17524,0.12778900194473053,Fluad_168_PBMC
17540,17540,0.3814830100322342,Fluad_4_PBMC
17540,17540,0.3307632907117295,Fluad_8_PBMC
17540,17540,0.2342138218821745,Fluad_24_PBMC
17540,17540,0.31133432100080516,Fluad_48_PBMC
17540,17540,0.32364632964733653,Fluad_72_PBMC
17540,17540,0.23226583060472372,Fluad_168_PBMC
17722,17722,-0.19162650042197965,Fluad_4_PBMC
17722,17722,0.05647411683577884,Fluad_8_PBMC
17722,17722,0.16482593619256708,Fluad_24_PBMC
17722,17722,0.14311941606648812,Fluad_48_PBMC
17722,17722,0.043718840713877945,Fluad_72_PBMC
17722,17722,-0.004168476519818408,Fluad_168_PBMC
17760,17760,0.16537239669249346,Fluad_4_PBMC
17760,17760,0.09825005351633953,Fluad_8_PBMC
17760,17760,0.3432477468152578,Fluad_24_PBMC
17760,17760,0.33678976990369514,Fluad_48_PBMC
17760,17760,0.4077550049305993,Fluad_72_PBMC
17760,17760,0.20962017105442293,Fluad_168_PBMC
17763,17763,-0.0087386759064099,Fluad_4_PBMC
17763,17763,0.026217650037403846,Fluad_8_PBMC
17763,17763,0.36192459978108416,Fluad_24_PBMC
17763,17763,0.30686034818469315,Fluad_48_PBMC
17763,17763,0.3670451379839412,Fluad_72_PBMC
17763,17763,0.054787105369932684,Fluad_168_PBMC
17772,17772,0.37441760162975873,Fluad_4_PBMC
17772,17772,0.46583037922060333,Fluad_8_PBMC
17772,17772,0.807090212555591,Fluad_24_PBMC
17772,17772,0.7537722372539131,Fluad_48_PBMC
17772,17772,0.7754891468415614,Fluad_72_PBMC
17772,17772,0.48522141405167507,Fluad_168_PBMC
17776,17776,0.37857219699702743,Fluad_4_PBMC
17776,17776,0.357481623291944,Fluad_8_PBMC
17776,17776,0.26372805197363935,Fluad_24_PBMC
17776,17776,0.3403856139135727,Fluad_48_PBMC
17776,17776,0.31308282881698435,Fluad_72_PBMC
17776,17776,0.2518271195335375,Fluad_168_PBMC
17855,17855,-0.15074435491946145,Fluad_4_PBMC
17855,17855,-0.1270915122657113,Fluad_8_PBMC
17855,17855,-0.1427852770229967,Fluad_24_PBMC
17855,17855,-0.22360518654983175,Fluad_48_PBMC
17855,17855,-0.2579191788409396,Fluad_72_PBMC
17855,17855,-0.2732898285212855,Fluad_168_PBMC
17874,17874,0.1055098611544112,Fluad_4_PBMC
17874,17874,0.06076945476587109,Fluad_8_PBMC
17874,17874,-0.016988387637225693,Fluad_24_PBMC
17874,17874,-0.017557775572621583,Fluad_48_PBMC
17874,17874,-0.06897037922529402,Fluad_72_PBMC
17874,17874,0.007648262538204973,Fluad_168_PBMC
17877,17877,0.12166666936611029,Fluad_4_PBMC
17877,17877,0.05474854321670651,Fluad_8_PBMC
17877,17877,0.07960485196947668,Fluad_24_PBMC
17877,17877,-0.13406322514664254,Fluad_48_PBMC
17877,17877,-0.1325170644175484,Fluad_72_PBMC
17877,17877,-0.3680763359824295,Fluad_168_PBMC
17886,17886,0.25190780423441445,Fluad_4_PBMC
17886,17886,0.23407292202857471,Fluad_8_PBMC
17886,17886,0.17388123669301292,Fluad_24_PBMC
17886,17886,0.24292026219292928,Fluad_48_PBMC
17886,17886,0.2205433159350647,Fluad_72_PBMC
17886,17886,0.19842145378643192,Fluad_168_PBMC
17916,17916,0.25353751320044043,Fluad_4_PBMC
17916,17916,0.19113426417612792,Fluad_8_PBMC
17916,17916,0.08185570555153963,Fluad_24_PBMC
17916,17916,0.17924901757591521,Fluad_48_PBMC
17916,17916,0.13088654393377314,Fluad_72_PBMC
17916,17916,0.19413508484078498,Fluad_168_PBMC
17933,17933,-0.14829551787737194,Fluad_4_PBMC
17933,17933,0.968587506218151,Fluad_8_PBMC
17933,17933,0.5791548884269004,Fluad_24_PBMC
17933,17933,0.9559160388766795,Fluad_48_PBMC
17933,17933,0.21282721717071526,Fluad_72_PBMC
17933,17933,0.17297126031698967,Fluad_168_PBMC
17938,17938,-0.1503382270789368,Fluad_4_PBMC
17938,17938,-0.14515213384025397,Fluad_8_PBMC
17938,17938,-0.18870023125738464,Fluad_24_PBMC
17938,17938,-0.162039465955795,Fluad_48_PBMC
17938,17938,-0.15525405694845507,Fluad_72_PBMC
17938,17938,-0.10278655018244033,Fluad_168_PBMC
17948,17948,0.2600479397638344,Fluad_4_PBMC
17948,17948,0.3027066078775269,Fluad_8_PBMC
17948,17948,-0.057368745475402105,Fluad_24_PBMC
17948,17948,0.1367058476373103,Fluad_48_PBMC
17948,17948,0.14768410142617927,Fluad_72_PBMC
17948,17948,0.2882417772178644,Fluad_168_PBMC
17969,17969,0.2434423565380789,Fluad_4_PBMC
17969,17969,0.1979956623325551,Fluad_8_PBMC
17969,17969,0.19024187241208637,Fluad_24_PBMC
17969,17969,0.1881746966053102,Fluad_48_PBMC
17969,17969,0.12048506965191562,Fluad_72_PBMC
17969,17969,0.27124278414335273,Fluad_168_PBMC
17988,17988,0.22256753685548025,Fluad_4_PBMC
17988,17988,0.23823795558792632,Fluad_8_PBMC
17988,17988,0.12392278223382878,Fluad_24_PBMC
17988,17988,0.17088461344377082,Fluad_48_PBMC
17988,17988,0.14904732128953968,Fluad_72_PBMC
17988,17988,0.14962304961840836,Fluad_168_PBMC
18008,18008,0.6269454561507666,Fluad_4_PBMC
18008,18008,0.46189063708441963,Fluad_8_PBMC
18008,18008,0.5702716598924089,Fluad_24_PBMC
18008,18008,0.4735937462041161,Fluad_48_PBMC
18008,18008,0.6939691575705536,Fluad_72_PBMC
18008,18008,0.8180017927463336,Fluad_168_PBMC
18029,18029,0.3911694223614605,Fluad_4_PBMC
18029,18029,0.3717304587503888,Fluad_8_PBMC
18029,18029,0.48380154389068863,Fluad_24_PBMC
18029,18029,0.4706191370528484,Fluad_48_PBMC
18029,18029,0.5383859007815341,Fluad_72_PBMC
18029,18029,0.36075965683488986,Fluad_168_PBMC
18081,18081,0.05288232212732606,Fluad_4_PBMC
18081,18081,0.0785982844038869,Fluad_8_PBMC
18081,18081,8.278339294569143e-4,Fluad_24_PBMC
18081,18081,0.03562370659056787,Fluad_48_PBMC
18081,18081,-0.014971591608790885,Fluad_72_PBMC
18081,18081,-0.008068196605856743,Fluad_168_PBMC
18121,18121,0.3799015189602083,Fluad_4_PBMC
18121,18121,0.3828138113013365,Fluad_8_PBMC
18121,18121,0.5138271866820143,Fluad_24_PBMC
18121,18121,0.446505309604157,Fluad_48_PBMC
18121,18121,0.49307980787083294,Fluad_72_PBMC
18121,18121,0.35358385899996553,Fluad_168_PBMC
18171,18171,0.09431582561071122,Fluad_4_PBMC
18171,18171,-0.4424635001748439,Fluad_8_PBMC
18171,18171,-0.4645901873932956,Fluad_24_PBMC
18171,18171,0.16292324530189606,Fluad_48_PBMC
18171,18171,-0.4564156248458882,Fluad_72_PBMC
18171,18171,-0.5343530136614347,Fluad_168_PBMC
18190,18190,0.19347295862905164,Fluad_4_PBMC
18190,18190,0.11612651743294145,Fluad_8_PBMC
18190,18190,0.376964142758485,Fluad_24_PBMC
18190,18190,0.4369362738590751,Fluad_48_PBMC
18190,18190,0.533376229178138,Fluad_72_PBMC
18190,18190,0.4649968981137347,Fluad_168_PBMC
18203,18203,-0.041374802029812086,Fluad_4_PBMC
18203,18203,-0.0037577860398190967,Fluad_8_PBMC
18203,18203,-0.030886079795724372,Fluad_24_PBMC
18203,18203,-0.06798862704711742,Fluad_48_PBMC
18203,18203,-0.08896509474233523,Fluad_72_PBMC
18203,18203,-0.06029850752146914,Fluad_168_PBMC
18208,18208,0.5655287164429669,Fluad_4_PBMC
18208,18208,0.5430465842674104,Fluad_8_PBMC
18208,18208,1.1265014100901205,Fluad_24_PBMC
18208,18208,1.0986322004297706,Fluad_48_PBMC
18208,18208,1.2924464772635418,Fluad_72_PBMC
18208,18208,0.9235129723404931,Fluad_168_PBMC
18217,18217,1.9616384153787572,Fluad_4_PBMC
18217,18217,1.8604805482991749,Fluad_8_PBMC
18217,18217,1.9060849075971495,Fluad_24_PBMC
18217,18217,1.8057994241701731,Fluad_48_PBMC
18217,18217,1.781597027406923,Fluad_72_PBMC
18217,18217,1.7337379778154665,Fluad_168_PBMC
18230,18230,0.4439415956721592,Fluad_4_PBMC
18230,18230,0.3336370732976198,Fluad_8_PBMC
18230,18230,0.657072860544708,Fluad_24_PBMC
18230,18230,0.553538125467971,Fluad_48_PBMC
18230,18230,0.6365462477150442,Fluad_72_PBMC
18230,18230,0.746362035196471,Fluad_168_PBMC
18293,18293,0.1305751239852884,Fluad_4_PBMC
18293,18293,0.06041309937727204,Fluad_8_PBMC
18293,18293,0.10203589537655935,Fluad_24_PBMC
18293,18293,0.08101349881336452,Fluad_48_PBMC
18293,18293,0.16250436106098332,Fluad_72_PBMC
18293,18293,0.033004936603733125,Fluad_168_PBMC
18330,18330,1.9172757876278665,Fluad_4_PBMC
18330,18330,2.1754176191187766,Fluad_8_PBMC
18330,18330,2.0730319366064553,Fluad_24_PBMC
18330,18330,1.7962476903013014,Fluad_48_PBMC
18330,18330,2.1701033020088207,Fluad_72_PBMC
18330,18330,2.014042607191081,Fluad_168_PBMC
18347,18347,0.3584234135398448,Fluad_4_PBMC
18347,18347,0.5175724996766409,Fluad_8_PBMC
18347,18347,0.8680745612288396,Fluad_24_PBMC
18347,18347,0.7450193136426098,Fluad_48_PBMC
18347,18347,0.8679713839610439,Fluad_72_PBMC
18347,18347,0.40770640319427703,Fluad_168_PBMC
18359,18359,-0.09909101116197407,Fluad_4_PBMC
18359,18359,-0.03372303132588465,Fluad_8_PBMC
18359,18359,0.25439464809566015,Fluad_24_PBMC
18359,18359,0.252566267635866,Fluad_48_PBMC
18359,18359,0.4487232295243672,Fluad_72_PBMC
18359,18359,0.0911915733350182,Fluad_168_PBMC
18362,18362,0.7464177093731688,Fluad_4_PBMC
18362,18362,0.8311232117852669,Fluad_8_PBMC
18362,18362,0.8320470315695576,Fluad_24_PBMC
18362,18362,0.9083002291594247,Fluad_48_PBMC
18362,18362,0.8655889739613236,Fluad_72_PBMC
18362,18362,1.3791237103369913,Fluad_168_PBMC
18417,18417,0.8462344152228904,Fluad_4_PBMC
18417,18417,0.7721162620893243,Fluad_8_PBMC
18417,18417,0.8021828638087434,Fluad_24_PBMC
18417,18417,1.133309408474336,Fluad_48_PBMC
18417,18417,1.3825649084193068,Fluad_72_PBMC
18417,18417,1.251585053241284,Fluad_168_PBMC
18436,18436,0.2109604286458198,Fluad_4_PBMC
18436,18436,0.2176790286488093,Fluad_8_PBMC
18436,18436,0.17426020600932854,Fluad_24_PBMC
18436,18436,0.20563867733586683,Fluad_48_PBMC
18436,18436,0.22891334777137634,Fluad_72_PBMC
18436,18436,0.32938020154525005,Fluad_168_PBMC
18457,18457,-0.13836045129055138,Fluad_4_PBMC
18457,18457,-0.12296388870118116,Fluad_8_PBMC
18457,18457,-0.1848950861589138,Fluad_24_PBMC
18457,18457,-0.17258575672124746,Fluad_48_PBMC
18457,18457,-0.20426706587185517,Fluad_72_PBMC
18457,18457,-0.11590140767903065,Fluad_168_PBMC
18504,18504,-0.008937199415172237,Fluad_4_PBMC
18504,18504,-0.8137263473379386,Fluad_8_PBMC
18504,18504,-0.028338915103205853,Fluad_24_PBMC
18504,18504,0.4916134167804956,Fluad_48_PBMC
18504,18504,0.3736039778499609,Fluad_72_PBMC
18504,18504,0.4329589110191439,Fluad_168_PBMC
18508,18508,-1.0490693616045341,Fluad_4_PBMC
18508,18508,-0.6319546791642977,Fluad_8_PBMC
18508,18508,-0.39913261566834923,Fluad_24_PBMC
18508,18508,-0.3626108149080785,Fluad_48_PBMC
18508,18508,-0.5784663081149403,Fluad_72_PBMC
18508,18508,-1.2624016813203207,Fluad_168_PBMC
18514,18514,0.0890129524291812,Fluad_4_PBMC
18514,18514,0.054178403238432205,Fluad_8_PBMC
18514,18514,0.15270095152687305,Fluad_24_PBMC
18514,18514,0.15107321095491844,Fluad_48_PBMC
18514,18514,0.13922244432722405,Fluad_72_PBMC
18514,18514,0.057605668209206234,Fluad_168_PBMC
18587,18587,0.6260981483892374,Fluad_4_PBMC
18587,18587,0.6296189265308461,Fluad_8_PBMC
18587,18587,0.5633497468822108,Fluad_24_PBMC
18587,18587,0.6977354694360276,Fluad_48_PBMC
18587,18587,0.7803401202773321,Fluad_72_PBMC
18587,18587,0.8407917671198633,Fluad_168_PBMC
18612,18612,0.16948462166752654,Fluad_4_PBMC
18612,18612,0.13362053802197,Fluad_8_PBMC
18612,18612,0.2972046281770395,Fluad_24_PBMC
18612,18612,0.27012934175282927,Fluad_48_PBMC
18612,18612,0.33978467335796736,Fluad_72_PBMC
18612,18612,0.20751942229590697,Fluad_168_PBMC
18624,18624,0.0888198901549946,Fluad_4_PBMC
18624,18624,0.07369495033489527,Fluad_8_PBMC
18624,18624,0.11163565281172161,Fluad_24_PBMC
18624,18624,0.07699651407154029,Fluad_48_PBMC
18624,18624,0.19113147258449104,Fluad_72_PBMC
18624,18624,0.023508325469873855,Fluad_168_PBMC
18636,18636,0.14749904512115647,Fluad_4_PBMC
18636,18636,0.14900046887816978,Fluad_8_PBMC
18636,18636,0.1168346903726457,Fluad_24_PBMC
18636,18636,0.0964583775696153,Fluad_48_PBMC
18636,18636,0.003762511991093547,Fluad_72_PBMC
18636,18636,0.13274539139497796,Fluad_168_PBMC
18670,18670,0.2937523705663641,Fluad_4_PBMC
18670,18670,0.20551226240563583,Fluad_8_PBMC
18670,18670,0.27393890448247754,Fluad_24_PBMC
18670,18670,0.21067597858718784,Fluad_48_PBMC
18670,18670,0.3897668037590708,Fluad_72_PBMC
18670,18670,0.1081268827973477,Fluad_168_PBMC
18674,18674,-0.22622522574879644,Fluad_4_PBMC
18674,18674,-0.22045005108213628,Fluad_8_PBMC
18674,18674,-0.28280142746295733,Fluad_24_PBMC
18674,18674,-0.20314347531088053,Fluad_48_PBMC
18674,18674,-0.21046594787204165,Fluad_72_PBMC
18674,18674,-0.1612060249055482,Fluad_168_PBMC
18724,18724,0.09168530165159589,Fluad_4_PBMC
18724,18724,0.06439065224956689,Fluad_8_PBMC
18724,18724,0.04289774207132043,Fluad_24_PBMC
18724,18724,0.03474548375890543,Fluad_48_PBMC
18724,18724,-0.05924498364097028,Fluad_72_PBMC
18724,18724,0.08181296735336997,Fluad_168_PBMC
18729,18729,0.09168530165159589,Fluad_4_PBMC
18729,18729,0.06439065224956689,Fluad_8_PBMC
18729,18729,0.04289774207132043,Fluad_24_PBMC
18729,18729,0.03474548375890543,Fluad_48_PBMC
18729,18729,-0.05924498364097028,Fluad_72_PBMC
18729,18729,0.08181296735336997,Fluad_168_PBMC
18729,18729,0.09168530165159589,Fluad_4_PBMC
18729,18729,0.06439065224956689,Fluad_8_PBMC
18729,18729,0.04289774207132043,Fluad_24_PBMC
18729,18729,0.03474548375890543,Fluad_48_PBMC
18729,18729,-0.05924498364097028,Fluad_72_PBMC
18729,18729,0.08181296735336997,Fluad_168_PBMC
18730,18730,0.09168530165159589,Fluad_4_PBMC
18730,18730,0.06439065224956689,Fluad_8_PBMC
18730,18730,0.04289774207132043,Fluad_24_PBMC
18730,18730,0.03474548375890543,Fluad_48_PBMC
18730,18730,-0.05924498364097028,Fluad_72_PBMC
18730,18730,0.08181296735336997,Fluad_168_PBMC
18733,18733,0.09168530165159589,Fluad_4_PBMC
18733,18733,0.06439065224956689,Fluad_8_PBMC
18733,18733,0.04289774207132043,Fluad_24_PBMC
18733,18733,0.03474548375890543,Fluad_48_PBMC
18733,18733,-0.05924498364097028,Fluad_72_PBMC
18733,18733,0.08181296735336997,Fluad_168_PBMC
18746,18746,0.14476530715657276,Fluad_4_PBMC
18746,18746,0.1217266060380002,Fluad_8_PBMC
18746,18746,0.09279576896885736,Fluad_24_PBMC
18746,18746,0.08140261987210601,Fluad_48_PBMC
18746,18746,0.05366953693950137,Fluad_72_PBMC
18746,18746,0.0702275780406048,Fluad_168_PBMC
18747,18747,0.11124507821809966,Fluad_4_PBMC
18747,18747,0.028360788799365405,Fluad_8_PBMC
18747,18747,0.33670765890431953,Fluad_24_PBMC
18747,18747,0.5153419863116075,Fluad_48_PBMC
18747,18747,0.7777425468332311,Fluad_72_PBMC
18747,18747,0.5244660510557921,Fluad_168_PBMC
18750,18750,0.22778131998168372,Fluad_4_PBMC
18750,18750,0.21981800841251514,Fluad_8_PBMC
18750,18750,0.14132729512513695,Fluad_24_PBMC
18750,18750,0.19602907946996512,Fluad_48_PBMC
18750,18750,0.14572098580694548,Fluad_72_PBMC
18750,18750,0.15892973655180698,Fluad_168_PBMC
18776,18776,0.2759684791613773,Fluad_4_PBMC
18776,18776,0.4009492686535438,Fluad_8_PBMC
18776,18776,0.6670081615907022,Fluad_24_PBMC
18776,18776,0.7124674580835944,Fluad_48_PBMC
18776,18776,0.7791928229095059,Fluad_72_PBMC
18776,18776,0.41187234648094617,Fluad_168_PBMC
18796,18796,0.48521531771254206,Fluad_4_PBMC
18796,18796,0.5157323840144165,Fluad_8_PBMC
18796,18796,0.7956379321148503,Fluad_24_PBMC
18796,18796,0.7668824438961234,Fluad_48_PBMC
18796,18796,0.8629158532464707,Fluad_72_PBMC
18796,18796,0.6606357268192935,Fluad_168_PBMC
18803,18803,0.06731133806571606,Fluad_4_PBMC
18803,18803,-0.0585133446619773,Fluad_8_PBMC
18803,18803,0.5697946248459798,Fluad_24_PBMC
18803,18803,0.4936909359034549,Fluad_48_PBMC
18803,18803,0.6457385825739557,Fluad_72_PBMC
18803,18803,0.3240264780710327,Fluad_168_PBMC
18946,18946,0.899569556408511,Fluad_4_PBMC
18946,18946,0.7586800324484676,Fluad_8_PBMC
18946,18946,1.320360935753201,Fluad_24_PBMC
18946,18946,1.0709285711673688,Fluad_48_PBMC
18946,18946,1.258047109776606,Fluad_72_PBMC
18946,18946,1.192874342422215,Fluad_168_PBMC
18951,18951,0.14942563162280412,Fluad_4_PBMC
18951,18951,0.20534800271117373,Fluad_8_PBMC
18951,18951,0.09405525895527361,Fluad_24_PBMC
18951,18951,0.07392321686102288,Fluad_48_PBMC
18951,18951,0.042689593868025844,Fluad_72_PBMC
18951,18951,0.02587657604098548,Fluad_168_PBMC
18986,18986,0.2962629384866228,Fluad_4_PBMC
18986,18986,0.049074555977743003,Fluad_8_PBMC
18986,18986,0.20637968772262927,Fluad_24_PBMC
18986,18986,0.22659064597625383,Fluad_48_PBMC
18986,18986,0.511024863407468,Fluad_72_PBMC
18986,18986,0.6207602566739736,Fluad_168_PBMC
18991,18991,0.36155860170660115,Fluad_4_PBMC
18991,18991,0.3245787681781582,Fluad_8_PBMC
18991,18991,0.49739936723158484,Fluad_24_PBMC
18991,18991,0.45804856083337253,Fluad_48_PBMC
18991,18991,0.547758476721719,Fluad_72_PBMC
18991,18991,0.3309095279400515,Fluad_168_PBMC
19055,19055,0.11237852869543359,Fluad_4_PBMC
19055,19055,0.10641847411106783,Fluad_8_PBMC
19055,19055,0.029905234710721935,Fluad_24_PBMC
19055,19055,0.112757099623848,Fluad_48_PBMC
19055,19055,0.11459342469391925,Fluad_72_PBMC
19055,19055,0.17226358025901956,Fluad_168_PBMC
19074,19074,0.23112341698252928,Fluad_4_PBMC
19074,19074,-0.2213770869080146,Fluad_8_PBMC
19074,19074,0.6410475214486689,Fluad_24_PBMC
19074,19074,0.43268665782385823,Fluad_48_PBMC
19074,19074,0.19688437011993004,Fluad_72_PBMC
19074,19074,1.1487654241831324,Fluad_168_PBMC
19079,19079,0.11740587118813188,Fluad_4_PBMC
19079,19079,0.06864369379653677,Fluad_8_PBMC
19079,19079,0.22616182149788283,Fluad_24_PBMC
19079,19079,0.25629536765768257,Fluad_48_PBMC
19079,19079,0.3346752393203993,Fluad_72_PBMC
19079,19079,0.15000347042350537,Fluad_168_PBMC
19108,19108,0.26199488611217425,Fluad_4_PBMC
19108,19108,0.2630204962523457,Fluad_8_PBMC
19108,19108,0.10373188689202413,Fluad_24_PBMC
19108,19108,0.1893910675736301,Fluad_48_PBMC
19108,19108,0.2319613625017391,Fluad_72_PBMC
19108,19108,0.2481313185475398,Fluad_168_PBMC
19116,19116,-0.5903494793721222,Fluad_4_PBMC
19116,19116,-0.7180414601011866,Fluad_8_PBMC
19116,19116,-0.8131363846205732,Fluad_24_PBMC
19116,19116,-0.9863710434275326,Fluad_48_PBMC
19116,19116,-0.9199384038316321,Fluad_72_PBMC
19116,19116,-0.39793644084378854,Fluad_168_PBMC
19122,19122,0.42142620451569623,Fluad_4_PBMC
19122,19122,0.29785228644927525,Fluad_8_PBMC
19122,19122,0.32775189105169833,Fluad_24_PBMC
19122,19122,0.284057309426604,Fluad_48_PBMC
19122,19122,0.5353084707281943,Fluad_72_PBMC
19122,19122,0.23099553915298549,Fluad_168_PBMC
19128,19128,0.36756379550679597,Fluad_4_PBMC
19128,19128,0.405908188304114,Fluad_8_PBMC
19128,19128,0.23381533637402457,Fluad_24_PBMC
19128,19128,0.27214943337095776,Fluad_48_PBMC
19128,19128,0.3227803475973693,Fluad_72_PBMC
19128,19128,0.1979879197103465,Fluad_168_PBMC
19156,19156,0.21552561476627305,Fluad_4_PBMC
19156,19156,0.19473639996579176,Fluad_8_PBMC
19156,19156,0.07129626978278195,Fluad_24_PBMC
19156,19156,0.1332244586365489,Fluad_48_PBMC
19156,19156,0.14617069303284624,Fluad_72_PBMC
19156,19156,0.14996505399151955,Fluad_168_PBMC
19181,19181,-0.14516756254875213,Fluad_4_PBMC
19181,19181,-0.15090820803719496,Fluad_8_PBMC
19181,19181,-0.18779476731488895,Fluad_24_PBMC
19181,19181,-0.18116396036012583,Fluad_48_PBMC
19181,19181,-0.20689899620307786,Fluad_72_PBMC
19181,19181,-0.1676485929156461,Fluad_168_PBMC
19201,19201,0.26067403973255954,Fluad_4_PBMC
19201,19201,0.17080481992013097,Fluad_8_PBMC
19201,19201,0.26342646590433993,Fluad_24_PBMC
19201,19201,0.21997626518305258,Fluad_48_PBMC
19201,19201,0.22422136994271522,Fluad_72_PBMC
19201,19201,0.23076465398575735,Fluad_168_PBMC
19207,19207,0.8755957112590784,Fluad_4_PBMC
19207,19207,1.118363025912529,Fluad_8_PBMC
19207,19207,0.9661169752099148,Fluad_24_PBMC
19207,19207,0.23967271223770464,Fluad_48_PBMC
19207,19207,0.18228905265791706,Fluad_72_PBMC
19207,19207,0.47265758636336025,Fluad_168_PBMC
19223,19223,0.12372304350893448,Fluad_4_PBMC
19223,19223,0.020496058923147334,Fluad_8_PBMC
19223,19223,0.3762637220079328,Fluad_24_PBMC
19223,19223,0.6091780073747591,Fluad_48_PBMC
19223,19223,0.4909041350207389,Fluad_72_PBMC
19223,19223,0.006840472099799707,Fluad_168_PBMC
19229,19229,0.1853782801523384,Fluad_4_PBMC
19229,19229,0.13316112351532453,Fluad_8_PBMC
19229,19229,0.28726960841802096,Fluad_24_PBMC
19229,19229,0.26366434788882553,Fluad_48_PBMC
19229,19229,0.23576906809475395,Fluad_72_PBMC
19229,19229,0.1690951372058302,Fluad_168_PBMC
19230,19230,0.31383295519162235,Fluad_4_PBMC
19230,19230,0.35721752321240685,Fluad_8_PBMC
19230,19230,0.22563804096133072,Fluad_24_PBMC
19230,19230,0.26176912490933,Fluad_48_PBMC
19230,19230,0.2478972382938087,Fluad_72_PBMC
19230,19230,0.21259176461580453,Fluad_168_PBMC
19247,19247,0.15360290591258513,Fluad_4_PBMC
19247,19247,0.1590465457968651,Fluad_8_PBMC
19247,19247,0.07530291535235598,Fluad_24_PBMC
19247,19247,0.11064236499117014,Fluad_48_PBMC
19247,19247,0.10949974336892883,Fluad_72_PBMC
19247,19247,0.07433990353088558,Fluad_168_PBMC
19259,19259,0.18002913653341726,Fluad_4_PBMC
19259,19259,0.1723703926126528,Fluad_8_PBMC
19259,19259,0.29871536701391666,Fluad_24_PBMC
19259,19259,0.28137033348406193,Fluad_48_PBMC
19259,19259,0.2799642511813258,Fluad_72_PBMC
19259,19259,0.1619895908887415,Fluad_168_PBMC
19283,19283,0.880429373224417,Fluad_4_PBMC
19283,19283,0.5171202480939892,Fluad_8_PBMC
19283,19283,1.1828669135688785,Fluad_24_PBMC
19283,19283,0.43181205842465753,Fluad_48_PBMC
19283,19283,0.2171389682907867,Fluad_72_PBMC
19283,19283,0.13369293761348683,Fluad_168_PBMC
19293,19293,0.41204354588463427,Fluad_4_PBMC
19293,19293,0.4170633320328084,Fluad_8_PBMC
19293,19293,0.7996683359277144,Fluad_24_PBMC
19293,19293,0.6534849440786024,Fluad_48_PBMC
19293,19293,0.6830715449333921,Fluad_72_PBMC
19293,19293,0.4553509468834649,Fluad_168_PBMC
19309,19309,0.45652418483261165,Fluad_4_PBMC
19309,19309,0.3950344012908174,Fluad_8_PBMC
19309,19309,0.6246551741740329,Fluad_24_PBMC
19309,19309,0.5598958287865553,Fluad_48_PBMC
19309,19309,0.5765457706514471,Fluad_72_PBMC
19309,19309,0.5854139860521302,Fluad_168_PBMC
19317,19317,0.08307990173015875,Fluad_4_PBMC
19317,19317,0.16895683307946488,Fluad_8_PBMC
19317,19317,0.025725112030356503,Fluad_24_PBMC
19317,19317,0.02344522905216548,Fluad_48_PBMC
19317,19317,-0.019895315809707784,Fluad_72_PBMC
19317,19317,-0.014430812629721845,Fluad_168_PBMC
19325,19325,0.07536335074770292,Fluad_4_PBMC
19325,19325,0.08422362954990166,Fluad_8_PBMC
19325,19325,0.16941819552707157,Fluad_24_PBMC
19325,19325,0.08586156401081022,Fluad_48_PBMC
19325,19325,0.16765710406830323,Fluad_72_PBMC
19325,19325,0.0020249722947475552,Fluad_168_PBMC
19334,19334,0.23518739881886197,Fluad_4_PBMC
19334,19334,0.24769925467909093,Fluad_8_PBMC
19334,19334,0.2137000415874254,Fluad_24_PBMC
19334,19334,0.21144669717617093,Fluad_48_PBMC
19334,19334,0.22284868536356917,Fluad_72_PBMC
19334,19334,0.1796679182598077,Fluad_168_PBMC
19395,19395,0.15779931115476897,Fluad_4_PBMC
19395,19395,0.17763111025425407,Fluad_8_PBMC
19395,19395,0.1439068116726829,Fluad_24_PBMC
19395,19395,0.13915108066799592,Fluad_48_PBMC
19395,19395,0.11417144321594913,Fluad_72_PBMC
19395,19395,0.09776258117961643,Fluad_168_PBMC
19418,19418,0.32991518230898853,Fluad_4_PBMC
19418,19418,0.3291266643027936,Fluad_8_PBMC
19418,19418,0.6696617209739106,Fluad_24_PBMC
19418,19418,0.7204237742243953,Fluad_48_PBMC
19418,19418,0.7862755053563829,Fluad_72_PBMC
19418,19418,0.689811176581183,Fluad_168_PBMC
19428,19428,-0.9053013764629043,Fluad_4_PBMC
19428,19428,-0.9164121379657383,Fluad_8_PBMC
19428,19428,-1.0187783091291722,Fluad_24_PBMC
19428,19428,-0.6609660714402177,Fluad_48_PBMC
19428,19428,-0.5916962662380773,Fluad_72_PBMC
19428,19428,-0.31963549639669914,Fluad_168_PBMC
19659,19659,0.3256482592043868,Fluad_4_PBMC
19659,19659,0.3234365277515987,Fluad_8_PBMC
19659,19659,0.6025053106040372,Fluad_24_PBMC
19659,19659,0.7243185582727214,Fluad_48_PBMC
19659,19659,0.9603814422699926,Fluad_72_PBMC
19659,19659,1.1574406437239886,Fluad_168_PBMC
19698,19698,0.10525698176464865,Fluad_4_PBMC
19698,19698,0.11242278418562535,Fluad_8_PBMC
19698,19698,0.45639591650999356,Fluad_24_PBMC
19698,19698,0.3765097708212559,Fluad_48_PBMC
19698,19698,0.4681804149181009,Fluad_72_PBMC
19698,19698,0.1862998943959673,Fluad_168_PBMC
19700,19700,0.34053522495984,Fluad_4_PBMC
19700,19700,0.18518380123582415,Fluad_8_PBMC
19700,19700,0.587377807238678,Fluad_24_PBMC
19700,19700,0.570563399353455,Fluad_48_PBMC
19700,19700,0.6391698522583784,Fluad_72_PBMC
19700,19700,0.6379505537647342,Fluad_168_PBMC
19743,19743,0.22014523169303174,Fluad_4_PBMC
19743,19743,0.1085215337602409,Fluad_8_PBMC
19743,19743,0.2511864804340788,Fluad_24_PBMC
19743,19743,0.13527616425550285,Fluad_48_PBMC
19743,19743,0.18132015064383253,Fluad_72_PBMC
19743,19743,-0.06465856221127135,Fluad_168_PBMC
19847,19847,-0.03709499253295926,Fluad_4_PBMC
19847,19847,-0.0038238766734752516,Fluad_8_PBMC
19847,19847,0.0033188804031401772,Fluad_24_PBMC
19847,19847,-0.009469454156198098,Fluad_48_PBMC
19847,19847,-0.09647941303063595,Fluad_72_PBMC
19847,19847,-0.0982447913408571,Fluad_168_PBMC
19848,19848,-0.15003897627186125,Fluad_4_PBMC
19848,19848,-0.06542437026085991,Fluad_8_PBMC
19848,19848,0.06843334841139033,Fluad_24_PBMC
19848,19848,-0.02874714407546023,Fluad_48_PBMC
19848,19848,-0.29221454148939274,Fluad_72_PBMC
19848,19848,-0.21170868421615377,Fluad_168_PBMC
19858,19858,-0.18746083155553922,Fluad_4_PBMC
19858,19858,-0.14873388765515638,Fluad_8_PBMC
19858,19858,-0.0602204094694753,Fluad_24_PBMC
19858,19858,-0.08127076841004713,Fluad_48_PBMC
19858,19858,-0.39097492889977475,Fluad_72_PBMC
19858,19858,-0.32922038848538715,Fluad_168_PBMC
19859,19859,-0.18746083155553922,Fluad_4_PBMC
19859,19859,-0.14873388765515638,Fluad_8_PBMC
19859,19859,-0.0602204094694753,Fluad_24_PBMC
19859,19859,-0.08127076841004713,Fluad_48_PBMC
19859,19859,-0.39097492889977475,Fluad_72_PBMC
19859,19859,-0.32922038848538715,Fluad_168_PBMC
19860,19860,-0.18746083155553922,Fluad_4_PBMC
19860,19860,-0.14873388765515638,Fluad_8_PBMC
19860,19860,-0.0602204094694753,Fluad_24_PBMC
19860,19860,-0.08127076841004713,Fluad_48_PBMC
19860,19860,-0.39097492889977475,Fluad_72_PBMC
19860,19860,-0.32922038848538715,Fluad_168_PBMC
19861,19861,-0.18746083155553922,Fluad_4_PBMC
19861,19861,-0.14873388765515638,Fluad_8_PBMC
19861,19861,-0.0602204094694753,Fluad_24_PBMC
19861,19861,-0.08127076841004713,Fluad_48_PBMC
19861,19861,-0.39097492889977475,Fluad_72_PBMC
19861,19861,-0.32922038848538715,Fluad_168_PBMC
19874,19874,0.10216470954207632,Fluad_4_PBMC
19874,19874,0.15208581108492403,Fluad_8_PBMC
19874,19874,0.12756770322670685,Fluad_24_PBMC
19874,19874,0.11007517142906148,Fluad_48_PBMC
19874,19874,0.05931118093007488,Fluad_72_PBMC
19874,19874,-6.066562241934664e-5,Fluad_168_PBMC
19892,19892,1.2213929694082517,Fluad_4_PBMC
19892,19892,0.8883936481583439,Fluad_8_PBMC
19892,19892,0.9462182485264738,Fluad_24_PBMC
19892,19892,0.9531186441688866,Fluad_48_PBMC
19892,19892,0.320222398975554,Fluad_72_PBMC
19892,19892,0.7688845172939298,Fluad_168_PBMC
19935,19935,-0.1178158357327985,Fluad_4_PBMC
19935,19935,-0.08409329721888278,Fluad_8_PBMC
19935,19935,-0.07104396535525244,Fluad_24_PBMC
19935,19935,-0.12412763834543955,Fluad_48_PBMC
19935,19935,-0.1635390884175817,Fluad_72_PBMC
19935,19935,-0.1202597717575192,Fluad_168_PBMC
20018,20018,-0.16330183031179174,Fluad_4_PBMC
20018,20018,-0.12361632331457059,Fluad_8_PBMC
20018,20018,-0.11639508002370622,Fluad_24_PBMC
20018,20018,-0.12441413261736166,Fluad_48_PBMC
20018,20018,-0.17461559770491647,Fluad_72_PBMC
20018,20018,-0.1351686157810052,Fluad_168_PBMC
20020,20020,0.2011369108546084,Fluad_4_PBMC
20020,20020,0.08692929244835175,Fluad_8_PBMC
20020,20020,0.1355204557168895,Fluad_24_PBMC
20020,20020,0.16535140100887877,Fluad_48_PBMC
20020,20020,0.2565449919689256,Fluad_72_PBMC
20020,20020,0.04902019446750539,Fluad_168_PBMC
20021,20021,-0.08967011304008372,Fluad_4_PBMC
20021,20021,-0.08149065691885254,Fluad_8_PBMC
20021,20021,0.010339557297628907,Fluad_24_PBMC
20021,20021,-0.10230971413902215,Fluad_48_PBMC
20021,20021,-0.05602376589079104,Fluad_72_PBMC
20021,20021,-0.14884683882367658,Fluad_168_PBMC
20193,20193,0.20052402375089431,Fluad_4_PBMC
20193,20193,0.24312057445265361,Fluad_8_PBMC
20193,20193,0.21375960871208352,Fluad_24_PBMC
20193,20193,0.14124035600549933,Fluad_48_PBMC
20193,20193,0.10689071683193684,Fluad_72_PBMC
20193,20193,0.07226214925125869,Fluad_168_PBMC
20200,20200,0.08672433230641477,Fluad_4_PBMC
20200,20200,0.09208563430052699,Fluad_8_PBMC
20200,20200,0.038548207237433435,Fluad_24_PBMC
20200,20200,0.027397349669007164,Fluad_48_PBMC
20200,20200,-0.044515724342487184,Fluad_72_PBMC
20200,20200,0.07213965062257069,Fluad_168_PBMC
20201,20201,0.14301490835193761,Fluad_4_PBMC
20201,20201,0.15605750368127497,Fluad_8_PBMC
20201,20201,0.10021063338088165,Fluad_24_PBMC
20201,20201,0.05921472035441585,Fluad_48_PBMC
20201,20201,-0.06024549433669071,Fluad_72_PBMC
20201,20201,0.012622380384875752,Fluad_168_PBMC
20202,20202,0.05126186361341232,Fluad_4_PBMC
20202,20202,0.04942251970268759,Fluad_8_PBMC
20202,20202,0.013324208650737331,Fluad_24_PBMC
20202,20202,9.737732048193811e-4,Fluad_48_PBMC
20202,20202,-0.04662123901786242,Fluad_72_PBMC
20202,20202,-0.014032334597693633,Fluad_168_PBMC
20227,20227,-0.015622992962108274,Fluad_4_PBMC
20227,20227,-0.03698591904280607,Fluad_8_PBMC
20227,20227,0.03700358227199503,Fluad_24_PBMC
20227,20227,0.06042157334554525,Fluad_48_PBMC
20227,20227,0.08570290792167745,Fluad_72_PBMC
20227,20227,-0.031411106290078865,Fluad_168_PBMC
20284,20284,0.10519728043748625,Fluad_4_PBMC
20284,20284,-0.05801779384565289,Fluad_8_PBMC
20284,20284,-0.29045720158930444,Fluad_24_PBMC
20284,20284,-0.3296192596164158,Fluad_48_PBMC
20284,20284,-0.497325083219575,Fluad_72_PBMC
20284,20284,-0.24314248384495185,Fluad_168_PBMC
20305,20305,0.015233972755311272,Fluad_4_PBMC
20305,20305,-0.017521012000847207,Fluad_8_PBMC
20305,20305,-0.04252433561279999,Fluad_24_PBMC
20305,20305,-0.014310328450749563,Fluad_48_PBMC
20305,20305,-0.06181828680204094,Fluad_72_PBMC
20305,20305,0.11276465853892934,Fluad_168_PBMC
20308,20308,-0.1545583058197184,Fluad_4_PBMC
20308,20308,-0.04998243100253409,Fluad_8_PBMC
20308,20308,-0.15409626037147905,Fluad_24_PBMC
20308,20308,-0.14648713662334004,Fluad_48_PBMC
20308,20308,-0.19802220325189887,Fluad_72_PBMC
20308,20308,-0.0682431166689166,Fluad_168_PBMC
20318,20318,0.09010008451680288,Fluad_4_PBMC
20318,20318,0.07576908369489518,Fluad_8_PBMC
20318,20318,0.15805929751960224,Fluad_24_PBMC
20318,20318,0.15992944834774997,Fluad_48_PBMC
20318,20318,0.2008051801138691,Fluad_72_PBMC
20318,20318,0.08894659419819148,Fluad_168_PBMC
20322,20322,0.1516877088964468,Fluad_4_PBMC
20322,20322,0.18026765811970802,Fluad_8_PBMC
20322,20322,0.07362248414208757,Fluad_24_PBMC
20322,20322,0.11977157296402488,Fluad_48_PBMC
20322,20322,0.08310482496745544,Fluad_72_PBMC
20322,20322,0.038699652848478844,Fluad_168_PBMC
20339,20339,0.27077887153333813,Fluad_4_PBMC
20339,20339,-0.4037774909121851,Fluad_8_PBMC
20339,20339,-0.3596711848597653,Fluad_24_PBMC
20339,20339,0.5275210630836682,Fluad_48_PBMC
20339,20339,-1.245295631829183,Fluad_72_PBMC
20339,20339,-0.7502542277885889,Fluad_168_PBMC
20341,20341,0.15204069765734862,Fluad_4_PBMC
20341,20341,0.0966252530806454,Fluad_8_PBMC
20341,20341,0.18040552835598606,Fluad_24_PBMC
20341,20341,0.15707178638375752,Fluad_48_PBMC
20341,20341,0.33862198039888153,Fluad_72_PBMC
20341,20341,0.044150835176180604,Fluad_168_PBMC
20359,20359,0.7953383918429072,Fluad_4_PBMC
20359,20359,0.7810417457992418,Fluad_8_PBMC
20359,20359,0.6353104599642149,Fluad_24_PBMC
20359,20359,0.3898516086376417,Fluad_48_PBMC
20359,20359,0.1683084620144601,Fluad_72_PBMC
20359,20359,0.32593581295039886,Fluad_168_PBMC
20360,20360,0.21727665625552384,Fluad_4_PBMC
20360,20360,0.20675221457488177,Fluad_8_PBMC
20360,20360,0.4415216622797796,Fluad_24_PBMC
20360,20360,0.3962586903644322,Fluad_48_PBMC
20360,20360,0.3955383770537777,Fluad_72_PBMC
20360,20360,0.24479722760884667,Fluad_168_PBMC
20379,20379,0.0687216970213764,Fluad_4_PBMC
20379,20379,0.21773479902366838,Fluad_8_PBMC
20379,20379,0.6985132362735268,Fluad_24_PBMC
20379,20379,0.5160030250435336,Fluad_48_PBMC
20379,20379,0.7651285071769561,Fluad_72_PBMC
20379,20379,0.5673223258995882,Fluad_168_PBMC
20430,20430,0.10712815501231844,Fluad_4_PBMC
20430,20430,0.03854959487560598,Fluad_8_PBMC
20430,20430,-0.40249425801724886,Fluad_24_PBMC
20430,20430,0.12871849625099088,Fluad_48_PBMC
20430,20430,0.02924680692498732,Fluad_72_PBMC
20430,20430,0.08456107595235367,Fluad_168_PBMC
20442,20442,0.17963248786579267,Fluad_4_PBMC
20442,20442,0.1667165433257845,Fluad_8_PBMC
20442,20442,0.11484529935723176,Fluad_24_PBMC
20442,20442,0.14504399472320317,Fluad_48_PBMC
20442,20442,0.17118655605415678,Fluad_72_PBMC
20442,20442,0.1315080442038453,Fluad_168_PBMC
20460,20460,0.5003517924140392,Fluad_4_PBMC
20460,20460,0.4382940469908774,Fluad_8_PBMC
20460,20460,0.42654507631580685,Fluad_24_PBMC
20460,20460,0.39299085897822533,Fluad_48_PBMC
20460,20460,0.7723520890055741,Fluad_72_PBMC
20460,20460,0.7969500000185423,Fluad_168_PBMC
20481,20481,-0.014984151942278229,Fluad_4_PBMC
20481,20481,-0.21410356199677621,Fluad_8_PBMC
20481,20481,0.10533353143183387,Fluad_24_PBMC
20481,20481,0.13268409509771015,Fluad_48_PBMC
20481,20481,0.45916991862897755,Fluad_72_PBMC
20481,20481,-0.17963148152740635,Fluad_168_PBMC
20530,20530,0.08060639149281004,Fluad_4_PBMC
20530,20530,0.14133973170662373,Fluad_8_PBMC
20530,20530,0.25785324410801125,Fluad_24_PBMC
20530,20530,0.18082431698901352,Fluad_48_PBMC
20530,20530,0.2416423622666537,Fluad_72_PBMC
20530,20530,-0.11948966191783701,Fluad_168_PBMC
20533,20533,0.28192522200936965,Fluad_4_PBMC
20533,20533,0.21076000165641096,Fluad_8_PBMC
20533,20533,0.27744788964272993,Fluad_24_PBMC
20533,20533,0.2507225613914984,Fluad_48_PBMC
20533,20533,0.3531025374232003,Fluad_72_PBMC
20533,20533,0.17037056007498352,Fluad_168_PBMC
20539,20539,0.4365984706537167,Fluad_4_PBMC
20539,20539,0.2928965850787522,Fluad_8_PBMC
20539,20539,0.3851187281466254,Fluad_24_PBMC
20539,20539,0.35666268244566646,Fluad_48_PBMC
20539,20539,0.5678242776132946,Fluad_72_PBMC
20539,20539,0.2382972771592587,Fluad_168_PBMC
20603,20603,-0.1780590432913602,Fluad_4_PBMC
20603,20603,-0.17016814953073522,Fluad_8_PBMC
20603,20603,-0.1519168502546579,Fluad_24_PBMC
20603,20603,-0.18950676184124055,Fluad_48_PBMC
20603,20603,-0.22189335556357964,Fluad_72_PBMC
20603,20603,-0.20042973668481232,Fluad_168_PBMC
20604,20604,-0.06616593346230822,Fluad_4_PBMC
20604,20604,-0.09619719944234857,Fluad_8_PBMC
20604,20604,0.14444194016906747,Fluad_24_PBMC
20604,20604,0.15156618727496396,Fluad_48_PBMC
20604,20604,0.26637760153031076,Fluad_72_PBMC
20604,20604,0.3711963246351125,Fluad_168_PBMC
20619,20619,0.22623684485661782,Fluad_4_PBMC
20619,20619,0.24575483871799375,Fluad_8_PBMC
20619,20619,0.26909627067039216,Fluad_24_PBMC
20619,20619,0.27847705614693263,Fluad_48_PBMC
20619,20619,0.19955789841405502,Fluad_72_PBMC
20619,20619,0.1430676416426804,Fluad_168_PBMC
20630,20630,-0.22457626611474388,Fluad_4_PBMC
20630,20630,-0.23322543781518867,Fluad_8_PBMC
20630,20630,-0.242140634770383,Fluad_24_PBMC
20630,20630,-0.21759490070508908,Fluad_48_PBMC
20630,20630,-0.20299739742214018,Fluad_72_PBMC
20630,20630,-0.18132709067005143,Fluad_168_PBMC
20661,20661,0.12402350060526643,Fluad_4_PBMC
20661,20661,0.14622656987674668,Fluad_8_PBMC
20661,20661,0.45100097178604126,Fluad_24_PBMC
20661,20661,0.37714453841109885,Fluad_48_PBMC
20661,20661,0.3770387323147356,Fluad_72_PBMC
20661,20661,0.09184561199637967,Fluad_168_PBMC
20678,20678,-0.2795516191896929,Fluad_4_PBMC
20678,20678,-0.5570010243589324,Fluad_8_PBMC
20678,20678,-0.20501271306930813,Fluad_24_PBMC
20678,20678,-0.5213826873397035,Fluad_48_PBMC
20678,20678,-0.657677985854265,Fluad_72_PBMC
20678,20678,-1.1641537574794114,Fluad_168_PBMC
20719,20719,0.12974692942039245,Fluad_4_PBMC
20719,20719,0.18840463942053423,Fluad_8_PBMC
20719,20719,0.06594288271370863,Fluad_24_PBMC
20719,20719,0.10639602271287321,Fluad_48_PBMC
20719,20719,0.08195265235204593,Fluad_72_PBMC
20719,20719,0.06687534174047081,Fluad_168_PBMC
20733,20733,-0.20473380086352513,Fluad_4_PBMC
20733,20733,-0.20597745435015966,Fluad_8_PBMC
20733,20733,-0.09489483711742057,Fluad_24_PBMC
20733,20733,-0.0850145342163743,Fluad_48_PBMC
20733,20733,-0.07983158756504224,Fluad_72_PBMC
20733,20733,-0.20055902868075381,Fluad_168_PBMC
20739,20739,0.5905182373052135,Fluad_4_PBMC
20739,20739,0.39278884961506455,Fluad_8_PBMC
20739,20739,0.4800229139728762,Fluad_24_PBMC
20739,20739,0.4909022795393402,Fluad_48_PBMC
20739,20739,0.7260541829204891,Fluad_72_PBMC
20739,20739,0.322598688142377,Fluad_168_PBMC
20745,20745,0.28534500114340944,Fluad_4_PBMC
20745,20745,0.1779031329145912,Fluad_8_PBMC
20745,20745,0.6797477310760868,Fluad_24_PBMC
20745,20745,0.6338691765805321,Fluad_48_PBMC
20745,20745,0.8471550671350324,Fluad_72_PBMC
20745,20745,0.5652749679209239,Fluad_168_PBMC
20848,20848,0.23745552960556926,Fluad_4_PBMC
20848,20848,0.1680533383889387,Fluad_8_PBMC
20848,20848,0.13504533454931453,Fluad_24_PBMC
20848,20848,0.16170552717007605,Fluad_48_PBMC
20848,20848,0.1306742694486511,Fluad_72_PBMC
20848,20848,0.11314859458800414,Fluad_168_PBMC
20861,20861,0.09906907360468697,Fluad_4_PBMC
20861,20861,0.10968249666736085,Fluad_8_PBMC
20861,20861,0.052179436806873786,Fluad_24_PBMC
20861,20861,0.018085675307083493,Fluad_48_PBMC
20861,20861,-0.3622015220980451,Fluad_72_PBMC
20861,20861,-0.15669957100612947,Fluad_168_PBMC
20863,20863,0.27960145378785894,Fluad_4_PBMC
20863,20863,0.2704571608261606,Fluad_8_PBMC
20863,20863,0.4368988832704983,Fluad_24_PBMC
20863,20863,0.44392193538813834,Fluad_48_PBMC
20863,20863,0.5203903171274082,Fluad_72_PBMC
20863,20863,0.3996829936100963,Fluad_168_PBMC
20866,20866,-0.09253401631204633,Fluad_4_PBMC
20866,20866,-0.1454790166889865,Fluad_8_PBMC
20866,20866,-0.15991891032758926,Fluad_24_PBMC
20866,20866,-0.11432819996840993,Fluad_48_PBMC
20866,20866,-0.09372772723632092,Fluad_72_PBMC
20866,20866,-0.15538485590944245,Fluad_168_PBMC
20867,20867,0.2307529158398529,Fluad_4_PBMC
20867,20867,0.20699626883322753,Fluad_8_PBMC
20867,20867,0.3257986665557602,Fluad_24_PBMC
20867,20867,0.27168777450113,Fluad_48_PBMC
20867,20867,0.3240584450108286,Fluad_72_PBMC
20867,20867,0.21305595514012302,Fluad_168_PBMC
20911,20911,0.055790846154372874,Fluad_4_PBMC
20911,20911,0.04543614569637972,Fluad_8_PBMC
20911,20911,0.005054449247325805,Fluad_24_PBMC
20911,20911,-0.004432007335402456,Fluad_48_PBMC
20911,20911,-0.05713443188511556,Fluad_72_PBMC
20911,20911,0.04334619953504394,Fluad_168_PBMC
20913,20913,0.32808056883291553,Fluad_4_PBMC
20913,20913,0.2259454843541175,Fluad_8_PBMC
20913,20913,0.51483240307442,Fluad_24_PBMC
20913,20913,0.515758774773809,Fluad_48_PBMC
20913,20913,0.5473535569788863,Fluad_72_PBMC
20913,20913,0.29645487195505904,Fluad_168_PBMC
20926,20926,0.28513312876358543,Fluad_4_PBMC
20926,20926,0.23256903109850813,Fluad_8_PBMC
20926,20926,0.24833291669970567,Fluad_24_PBMC
20926,20926,0.22176717059822953,Fluad_48_PBMC
20926,20926,0.2049693811188308,Fluad_72_PBMC
20926,20926,0.35439748553344974,Fluad_168_PBMC
21346,21346,0.27676276801538346,Fluad_4_PBMC
21346,21346,0.31887351735967295,Fluad_8_PBMC
21346,21346,0.2328271746380163,Fluad_24_PBMC
21346,21346,0.24679388920390463,Fluad_48_PBMC
21346,21346,0.23217748878879926,Fluad_72_PBMC
21346,21346,0.23604807647477313,Fluad_168_PBMC
21349,21349,0.20735232822812077,Fluad_4_PBMC
21349,21349,0.18044930353720454,Fluad_8_PBMC
21349,21349,0.11448637500446734,Fluad_24_PBMC
21349,21349,0.1370139403240308,Fluad_48_PBMC
21349,21349,0.08836007649587267,Fluad_72_PBMC
21349,21349,0.039982050890485434,Fluad_168_PBMC
21371,21371,-0.28582995862305005,Fluad_4_PBMC
21371,21371,-0.22749082864880732,Fluad_8_PBMC
21371,21371,-0.23308565346073684,Fluad_24_PBMC
21371,21371,-0.26418180803674973,Fluad_48_PBMC
21371,21371,-0.28385752445898393,Fluad_72_PBMC
21371,21371,-0.22500193503679616,Fluad_168_PBMC
21391,21391,-0.018372501835086985,Fluad_4_PBMC
21391,21391,0.3172256743510757,Fluad_8_PBMC
21391,21391,0.5620970325471459,Fluad_24_PBMC
21391,21391,0.6837086505909115,Fluad_48_PBMC
21391,21391,0.6981607021972952,Fluad_72_PBMC
21391,21391,0.20430751336789282,Fluad_168_PBMC
21415,21415,-0.07860224867662167,Fluad_4_PBMC
21415,21415,0.19190269618937036,Fluad_8_PBMC
21415,21415,0.09832241839022668,Fluad_24_PBMC
21415,21415,0.1451954478373828,Fluad_48_PBMC
21415,21415,-0.021774947060268904,Fluad_72_PBMC
21415,21415,-0.9691182653218832,Fluad_168_PBMC
21422,21422,0.11585481943370388,Fluad_4_PBMC
21422,21422,0.1850290746574912,Fluad_8_PBMC
21422,21422,0.44353143268166284,Fluad_24_PBMC
21422,21422,0.31367213761476176,Fluad_48_PBMC
21422,21422,0.4559233218421169,Fluad_72_PBMC
21422,21422,0.09503315728870015,Fluad_168_PBMC
21645,21645,0.37489442226569264,Fluad_4_PBMC
21645,21645,0.34154669646073216,Fluad_8_PBMC
21645,21645,0.6586101461091549,Fluad_24_PBMC
21645,21645,0.5892292329175435,Fluad_48_PBMC
21645,21645,0.7307899027730194,Fluad_72_PBMC
21645,21645,0.3664473942348452,Fluad_168_PBMC
21748,21748,0.05294910762076213,Fluad_4_PBMC
21748,21748,0.2802043261783692,Fluad_8_PBMC
21748,21748,0.9793030601802672,Fluad_24_PBMC
21748,21748,0.7408662166939775,Fluad_48_PBMC
21748,21748,0.8854160433243057,Fluad_72_PBMC
21748,21748,0.6168298750045483,Fluad_168_PBMC
21753,21753,0.34441387152934083,Fluad_4_PBMC
21753,21753,0.4723123121804054,Fluad_8_PBMC
21753,21753,0.39136124139960965,Fluad_24_PBMC
21753,21753,0.8418168690575566,Fluad_48_PBMC
21753,21753,0.9824817228618289,Fluad_72_PBMC
21753,21753,0.7419761254719361,Fluad_168_PBMC
21804,21804,0.3111815884729264,Fluad_4_PBMC
21804,21804,0.3837479121426846,Fluad_8_PBMC
21804,21804,0.2206378738763925,Fluad_24_PBMC
21804,21804,0.17856417215628279,Fluad_48_PBMC
21804,21804,0.1918993397287353,Fluad_72_PBMC
21804,21804,0.222739996441338,Fluad_168_PBMC
21825,21825,0.30695615025450385,Fluad_4_PBMC
21825,21825,0.31859702445152766,Fluad_8_PBMC
21825,21825,0.14992895933647296,Fluad_24_PBMC
21825,21825,0.19801357267428374,Fluad_48_PBMC
21825,21825,0.21649025314251513,Fluad_72_PBMC
21825,21825,0.19394679745977994,Fluad_168_PBMC
21854,21854,-0.17756772426954442,Fluad_4_PBMC
21854,21854,-0.1502800361078001,Fluad_8_PBMC
21854,21854,-0.17480767513131468,Fluad_24_PBMC
21854,21854,-0.23284230169237402,Fluad_48_PBMC
21854,21854,-0.20649037164057948,Fluad_72_PBMC
21854,21854,-0.1661732491363579,Fluad_168_PBMC
21886,21886,-0.17501023623890719,Fluad_4_PBMC
21886,21886,-0.18528671734023355,Fluad_8_PBMC
21886,21886,-0.12771029463673753,Fluad_24_PBMC
21886,21886,-0.10727796010480842,Fluad_48_PBMC
21886,21886,-0.09176119147160847,Fluad_72_PBMC
21886,21886,-0.23773085005737893,Fluad_168_PBMC
21894,21894,0.2055597192018292,Fluad_4_PBMC
21894,21894,0.1514991606733435,Fluad_8_PBMC
21894,21894,0.0710717830429789,Fluad_24_PBMC
21894,21894,0.17329329945503155,Fluad_48_PBMC
21894,21894,0.17324336892550404,Fluad_72_PBMC
21894,21894,0.13960480758382995,Fluad_168_PBMC
21898,21898,-0.9881963124537191,Fluad_4_PBMC
21898,21898,-0.4937546616576191,Fluad_8_PBMC
21898,21898,-0.9537944923925591,Fluad_24_PBMC
21898,21898,-0.6171583145193533,Fluad_48_PBMC
21898,21898,-0.7450245091428362,Fluad_72_PBMC
21898,21898,-1.6931408927721603,Fluad_168_PBMC
21906,21906,0.19898473191130525,Fluad_4_PBMC
21906,21906,0.14235905313860758,Fluad_8_PBMC
21906,21906,0.21758646136004814,Fluad_24_PBMC
21906,21906,0.23261418935856243,Fluad_48_PBMC
21906,21906,0.23424138596272498,Fluad_72_PBMC
21906,21906,0.2220464348628439,Fluad_168_PBMC
21926,21926,-0.612978221420388,Fluad_4_PBMC
21926,21926,-0.5376834424667889,Fluad_8_PBMC
21926,21926,-0.6601276794259618,Fluad_24_PBMC
21926,21926,-0.7668297086369253,Fluad_48_PBMC
21926,21926,-0.7422888439957547,Fluad_72_PBMC
21926,21926,-0.2875786596583151,Fluad_168_PBMC
21934,21934,0.454307539665588,Fluad_4_PBMC
21934,21934,0.3842530885433622,Fluad_8_PBMC
21934,21934,0.49126833804991066,Fluad_24_PBMC
21934,21934,0.4733149297593745,Fluad_48_PBMC
21934,21934,0.4996373575799439,Fluad_72_PBMC
21934,21934,0.51262682014584815,Fluad_168_PBMC
21938,21938,0.31378758645088006,Fluad_4_PBMC
21938,21938,0.344806218367747,Fluad_8_PBMC
21938,21938,-0.06255659251485754,Fluad_24_PBMC
21938,21938,0.21965317274007584,Fluad_48_PBMC
21938,21938,0.34767658066178964,Fluad_72_PBMC
21938,21938,0.23084902790467415,Fluad_168_PBMC
21946,21946,0.09847254296590738,Fluad_4_PBMC
21946,21946,0.05729310963780272,Fluad_8_PBMC
21946,21946,0.04982781793279295,Fluad_24_PBMC
21946,21946,0.023743279682768376,Fluad_48_PBMC
21946,21946,-0.05438448849986886,Fluad_72_PBMC
21946,21946,0.13757666232127405,Fluad_168_PBMC
21961,21961,0.1576050036904225,Fluad_4_PBMC
21961,21961,0.15085667001337522,Fluad_8_PBMC
21961,21961,0.29817520254911345,Fluad_24_PBMC
21961,21961,0.25072710452982383,Fluad_48_PBMC
21961,21961,0.30790303826430565,Fluad_72_PBMC
21961,21961,0.18675086524658224,Fluad_168_PBMC
21968,21968,0.17099426578961174,Fluad_4_PBMC
21968,21968,0.1350513788211697,Fluad_8_PBMC
21968,21968,0.34660564889409873,Fluad_24_PBMC
21968,21968,0.3976283598620203,Fluad_48_PBMC
21968,21968,0.45810286744101386,Fluad_72_PBMC
21968,21968,0.40976015065575994,Fluad_168_PBMC
21985,21985,-2.0777861611639276e-4,Fluad_4_PBMC
21985,21985,0.03922677629113671,Fluad_8_PBMC
21985,21985,-0.08540231497967964,Fluad_24_PBMC
21985,21985,-0.05248031959074724,Fluad_48_PBMC
21985,21985,-0.09727839067853838,Fluad_72_PBMC
21985,21985,-0.03694435152069081,Fluad_168_PBMC
22042,22042,0.11128392948014224,Fluad_4_PBMC
22042,22042,0.0823483913041102,Fluad_8_PBMC
22042,22042,0.24779562513192863,Fluad_24_PBMC
22042,22042,0.16979858028068628,Fluad_48_PBMC
22042,22042,0.06394833415208014,Fluad_72_PBMC
22042,22042,-0.06439571129280527,Fluad_168_PBMC
22062,22062,0.02605570199400773,Fluad_4_PBMC
22062,22062,-0.0030252768318889296,Fluad_8_PBMC
22062,22062,0.20817641424968625,Fluad_24_PBMC
22062,22062,0.14420659318283832,Fluad_48_PBMC
22062,22062,0.21172387121592817,Fluad_72_PBMC
22062,22062,-0.009301560208244734,Fluad_168_PBMC
22066,22066,0.21384762032169685,Fluad_4_PBMC
22066,22066,0.3136595301548167,Fluad_8_PBMC
22066,22066,0.5909608605048062,Fluad_24_PBMC
22066,22066,0.4866786716693163,Fluad_48_PBMC
22066,22066,0.5830804813003182,Fluad_72_PBMC
22066,22066,0.4110727316539528,Fluad_168_PBMC
22121,22121,-0.1698470481178605,Fluad_4_PBMC
22121,22121,-0.10781085406113775,Fluad_8_PBMC
22121,22121,-0.12896009338161385,Fluad_24_PBMC
22121,22121,-0.15966899843670096,Fluad_48_PBMC
22121,22121,-0.25552194050697485,Fluad_72_PBMC
22121,22121,-0.13833377123547846,Fluad_168_PBMC
22130,22130,0.5349865444873012,Fluad_4_PBMC
22130,22130,0.4788605726595446,Fluad_8_PBMC
22130,22130,0.07280279070306847,Fluad_24_PBMC
22130,22130,0.39534340082565,Fluad_48_PBMC
22130,22130,-0.399085689827438,Fluad_72_PBMC
22130,22130,-0.29169544982754414,Fluad_168_PBMC
22141,22141,0.4860200698565783,Fluad_4_PBMC
22141,22141,0.4948300638846977,Fluad_8_PBMC
22141,22141,0.9463569789969595,Fluad_24_PBMC
22141,22141,0.8679836970009545,Fluad_48_PBMC
22141,22141,0.7322251483682156,Fluad_72_PBMC
22141,22141,0.5484964259707391,Fluad_168_PBMC
22144,22144,0.3148418832985561,Fluad_4_PBMC
22144,22144,0.279686769823568,Fluad_8_PBMC
22144,22144,0.3724547945982689,Fluad_24_PBMC
22144,22144,0.3517823319655059,Fluad_48_PBMC
22144,22144,0.39311533374442925,Fluad_72_PBMC
22144,22144,0.18299725839186573,Fluad_168_PBMC
22145,22145,-0.1666920966792126,Fluad_4_PBMC
22145,22145,0.09742205456310579,Fluad_8_PBMC
22145,22145,0.3431848428869498,Fluad_24_PBMC
22145,22145,0.016981946519791027,Fluad_48_PBMC
22145,22145,-0.11241446567271637,Fluad_72_PBMC
22145,22145,-0.7441556224180841,Fluad_168_PBMC
22147,22147,0.2693660033711558,Fluad_4_PBMC
22147,22147,0.2296498544850142,Fluad_8_PBMC
22147,22147,0.4360968637355496,Fluad_24_PBMC
22147,22147,0.3517567083632328,Fluad_48_PBMC
22147,22147,0.4496728454279316,Fluad_72_PBMC
22147,22147,0.19229881758911385,Fluad_168_PBMC
22163,22163,0.09010008451680288,Fluad_4_PBMC
22163,22163,0.07576908369489518,Fluad_8_PBMC
22163,22163,0.15805929751960224,Fluad_24_PBMC
22163,22163,0.15992944834774997,Fluad_48_PBMC
22163,22163,0.2008051801138691,Fluad_72_PBMC
22163,22163,0.08894659419819148,Fluad_168_PBMC
22174,22174,-0.9178268292557754,Fluad_4_PBMC
22174,22174,-1.1464275746856725,Fluad_8_PBMC
22174,22174,-0.7114734341903373,Fluad_24_PBMC
22174,22174,-0.9562008392321903,Fluad_48_PBMC
22174,22174,-0.4743308003202647,Fluad_72_PBMC
22174,22174,-0.22343936204153123,Fluad_168_PBMC
22192,22192,0.19558259118006543,Fluad_4_PBMC
22192,22192,0.1547136522606854,Fluad_8_PBMC
22192,22192,0.2020407795170468,Fluad_24_PBMC
22192,22192,0.1431369938737802,Fluad_48_PBMC
22192,22192,0.19393543234991742,Fluad_72_PBMC
22192,22192,0.07987239865771717,Fluad_168_PBMC
22213,22213,0.16724836797381204,Fluad_4_PBMC
22213,22213,0.10512529809941036,Fluad_8_PBMC
22213,22213,0.3414047001633987,Fluad_24_PBMC
22213,22213,0.25748822164005836,Fluad_48_PBMC
22213,22213,0.32448587991586325,Fluad_72_PBMC
22213,22213,0.13523851561876107,Fluad_168_PBMC
22228,22228,0.24609437929178188,Fluad_4_PBMC
22228,22228,0.15615005951544908,Fluad_8_PBMC
22228,22228,0.16893031741866843,Fluad_24_PBMC
22228,22228,0.16010289615706275,Fluad_48_PBMC
22228,22228,0.22110493685041208,Fluad_72_PBMC
22228,22228,0.11353648969716551,Fluad_168_PBMC
22241,22241,0.007966511851253244,Fluad_4_PBMC
22241,22241,-0.024401700609340757,Fluad_8_PBMC
22241,22241,-0.06364760578085199,Fluad_24_PBMC
22241,22241,-0.049814656618409614,Fluad_48_PBMC
22241,22241,-0.07874166993240378,Fluad_72_PBMC
22241,22241,-0.12929616390265122,Fluad_168_PBMC
22245,22245,-0.14586507861065695,Fluad_4_PBMC
22245,22245,-0.11153943508929089,Fluad_8_PBMC
22245,22245,-0.1721019822309543,Fluad_24_PBMC
22245,22245,-0.178606837224198,Fluad_48_PBMC
22245,22245,-0.19987176561653572,Fluad_72_PBMC
22245,22245,-0.19244794637749615,Fluad_168_PBMC
22248,22248,-0.11117879142429064,Fluad_4_PBMC
22248,22248,-0.10523859557282843,Fluad_8_PBMC
22248,22248,-0.15086997884318948,Fluad_24_PBMC
22248,22248,-0.10245696100753862,Fluad_48_PBMC
22248,22248,-0.14442244483588174,Fluad_72_PBMC
22248,22248,-0.037735645249682474,Fluad_168_PBMC
22260,22260,0.13009659735329376,Fluad_4_PBMC
22260,22260,0.12650236205388557,Fluad_8_PBMC
22260,22260,0.15768843563177826,Fluad_24_PBMC
22260,22260,0.15798557890503395,Fluad_48_PBMC
22260,22260,0.14318249648570258,Fluad_72_PBMC
22260,22260,0.1291960551732026,Fluad_168_PBMC
22272,22272,0.0017536710367939967,Fluad_4_PBMC
22272,22272,0.031079928105081953,Fluad_8_PBMC
22272,22272,0.07920360184137717,Fluad_24_PBMC
22272,22272,0.019438613358230297,Fluad_48_PBMC
22272,22272,0.0077772657379139645,Fluad_72_PBMC
22272,22272,-0.015236410494130666,Fluad_168_PBMC
22282,22282,-0.17321577730028437,Fluad_4_PBMC
22282,22282,-0.18387359316823682,Fluad_8_PBMC
22282,22282,-0.23281132840206037,Fluad_24_PBMC
22282,22282,-0.1877494153503651,Fluad_48_PBMC
22282,22282,-0.16729860119231404,Fluad_72_PBMC
22282,22282,-0.1504920889935356,Fluad_168_PBMC
22283,22283,-0.8981862138206697,Fluad_4_PBMC
22283,22283,-0.29057444578979164,Fluad_8_PBMC
22283,22283,-0.8890992352345328,Fluad_24_PBMC
22283,22283,-0.3888502413280295,Fluad_48_PBMC
22283,22283,-0.9167104180525031,Fluad_72_PBMC
22283,22283,-1.1208620610651474,Fluad_168_PBMC
22287,22287,0.23975309551723947,Fluad_4_PBMC
22287,22287,0.2161770654336072,Fluad_8_PBMC
22287,22287,0.44536750451547946,Fluad_24_PBMC
22287,22287,0.4569409003929533,Fluad_48_PBMC
22287,22287,0.5785145011866053,Fluad_72_PBMC
22287,22287,0.5570435770658623,Fluad_168_PBMC
22294,22294,-0.02834838231152221,Fluad_4_PBMC
22294,22294,0.023061183761336385,Fluad_8_PBMC
22294,22294,0.0637609915291625,Fluad_24_PBMC
22294,22294,-0.012106011313446262,Fluad_48_PBMC
22294,22294,-0.0607289572240157,Fluad_72_PBMC
22294,22294,-0.060421494043389645,Fluad_168_PBMC
22297,22297,0.23013441944894886,Fluad_4_PBMC
22297,22297,0.4963063762996686,Fluad_8_PBMC
22297,22297,0.7776940179527545,Fluad_24_PBMC
22297,22297,-0.5038987666032517,Fluad_48_PBMC
22297,22297,0.7107311640718715,Fluad_72_PBMC
22297,22297,0.7341435050945465,Fluad_168_PBMC
22310,22310,-0.7878119664904777,Fluad_4_PBMC
22310,22310,-1.751122290782899,Fluad_8_PBMC
22310,22310,-1.010222971457524,Fluad_24_PBMC
22310,22310,-0.47622842311446995,Fluad_48_PBMC
22310,22310,-0.87650458112435925,Fluad_72_PBMC
22310,22310,-0.7218041383866893,Fluad_168_PBMC
22323,22323,0.12816825691649733,Fluad_4_PBMC
22323,22323,0.09922229706141289,Fluad_8_PBMC
22323,22323,0.04530324117453324,Fluad_24_PBMC
22323,22323,0.04982863745071752,Fluad_48_PBMC
22323,22323,0.04011414717674443,Fluad_72_PBMC
22323,22323,0.11796535218334878,Fluad_168_PBMC
22371,22371,0.35329996356126303,Fluad_4_PBMC
22371,22371,0.33257732567757814,Fluad_8_PBMC
22371,22371,0.2649532860226185,Fluad_24_PBMC
22371,22371,0.31434987397111563,Fluad_48_PBMC
22371,22371,0.3029241388167161,Fluad_72_PBMC
22371,22371,0.2452596486275619,Fluad_168_PBMC
22431,22431,0.6516264096448952,Fluad_4_PBMC
22431,22431,1.345543335782351,Fluad_8_PBMC
22431,22431,0.36335572539960803,Fluad_24_PBMC
22431,22431,0.6613833931971496,Fluad_48_PBMC
22431,22431,0.023380905946005393,Fluad_72_PBMC
22431,22431,0.28566399719912805,Fluad_168_PBMC
22629,22629,0.13045127109330965,Fluad_4_PBMC
22629,22629,0.1012646001795125,Fluad_8_PBMC
22629,22629,0.013628528860971961,Fluad_24_PBMC
22629,22629,0.089755159572732,Fluad_48_PBMC
22629,22629,0.11757422766717152,Fluad_72_PBMC
22629,22629,0.06872149659628086,Fluad_168_PBMC
22631,22631,0.34322799917821967,Fluad_4_PBMC
22631,22631,0.3696333698248022,Fluad_8_PBMC
22631,22631,0.3814089190024459,Fluad_24_PBMC
22631,22631,0.3680680947180361,Fluad_48_PBMC
22631,22631,0.3230273453518122,Fluad_72_PBMC
22631,22631,0.2448872975270977,Fluad_168_PBMC
22648,22648,-0.013214602551885002,Fluad_4_PBMC
22648,22648,0.2006723075810976,Fluad_8_PBMC
22648,22648,0.2644984001400773,Fluad_24_PBMC
22648,22648,0.184501973483505,Fluad_48_PBMC
22648,22648,0.2966633915035091,Fluad_72_PBMC
22648,22648,-0.11951534140377433,Fluad_168_PBMC
22695,22695,-1.1435211197399038,Fluad_4_PBMC
22695,22695,-0.90753003249048,Fluad_8_PBMC
22695,22695,-1.5460627274686385,Fluad_24_PBMC
22695,22695,-1.1472630119775704,Fluad_48_PBMC
22695,22695,-1.087661177023363,Fluad_72_PBMC
22695,22695,-0.8692082408316805,Fluad_168_PBMC
22724,22724,0.06150271296701704,Fluad_4_PBMC
22724,22724,0.016819554978567297,Fluad_8_PBMC
22724,22724,0.09136913391723438,Fluad_24_PBMC
22724,22724,0.07490153843397235,Fluad_48_PBMC
22724,22724,0.07171776553247906,Fluad_72_PBMC
22724,22724,-0.03296291464001069,Fluad_168_PBMC
22761,22761,0.1571418516597899,Fluad_4_PBMC
22761,22761,0.11525496837087218,Fluad_8_PBMC
22761,22761,0.15601967632165914,Fluad_24_PBMC
22761,22761,0.11063026404734425,Fluad_48_PBMC
22761,22761,0.2055580007741863,Fluad_72_PBMC
22761,22761,0.04348922689625048,Fluad_168_PBMC
22771,22771,0.30769910566192676,Fluad_4_PBMC
22771,22771,0.24062755821024537,Fluad_8_PBMC
22771,22771,0.4256185813578671,Fluad_24_PBMC
22771,22771,0.42441172320251963,Fluad_48_PBMC
22771,22771,0.55974653267719,Fluad_72_PBMC
22771,22771,0.2968616707998391,Fluad_168_PBMC
23881,23881,0.17627774118928566,Fluad_4_PBMC
23881,23881,0.11278029824596802,Fluad_8_PBMC
23881,23881,0.17553915716186655,Fluad_24_PBMC
23881,23881,0.14822625632260505,Fluad_48_PBMC
23881,23881,0.21560261033072958,Fluad_72_PBMC
23881,23881,0.0694522242057507,Fluad_168_PBMC
23882,23882,0.050114631869476775,Fluad_4_PBMC
23882,23882,0.025549154037361372,Fluad_8_PBMC
23882,23882,-0.05491688904557064,Fluad_24_PBMC
23882,23882,-0.054479819596211704,Fluad_48_PBMC
23882,23882,-0.0647388842981435,Fluad_72_PBMC
23882,23882,-0.033822129397970524,Fluad_168_PBMC
23962,23962,0.4216030328189715,Fluad_4_PBMC
23962,23962,0.29528112924715877,Fluad_8_PBMC
23962,23962,0.39472317316056543,Fluad_24_PBMC
23962,23962,0.4383350284964489,Fluad_48_PBMC
23962,23962,0.49341765565942425,Fluad_72_PBMC
23962,23962,0.35838579138006943,Fluad_168_PBMC
23970,23970,0.1839582864604832,Fluad_4_PBMC
23970,23970,0.1927243028258414,Fluad_8_PBMC
23970,23970,0.10821036205685246,Fluad_24_PBMC
23970,23970,0.14383233162694195,Fluad_48_PBMC
23970,23970,0.1308333892729778,Fluad_72_PBMC
23970,23970,0.09183417701935091,Fluad_168_PBMC
24012,24012,-0.5068776619330834,Fluad_4_PBMC
24012,24012,-0.5818483557356504,Fluad_8_PBMC
24012,24012,-0.5414504160143785,Fluad_24_PBMC
24012,24012,-0.6123155085604813,Fluad_48_PBMC
24012,24012,-0.6143313801688505,Fluad_72_PBMC
24012,24012,-0.5850109482513797,Fluad_168_PBMC
24053,24053,-0.7627874363940133,Fluad_4_PBMC
24053,24053,-0.5053544257487055,Fluad_8_PBMC
24053,24053,-0.34889212024742616,Fluad_24_PBMC
24053,24053,-0.6674174653532106,Fluad_48_PBMC
24053,24053,-0.6673809440878486,Fluad_72_PBMC
24053,24053,0.22627154677344125,Fluad_168_PBMC
24070,24070,-0.2002804803464595,Fluad_4_PBMC
24070,24070,-0.1374385299651703,Fluad_8_PBMC
24070,24070,0.03491850564877083,Fluad_24_PBMC
24070,24070,0.036487088426434916,Fluad_48_PBMC
24070,24070,0.05263109076322514,Fluad_72_PBMC
24070,24070,-0.2849248971026336,Fluad_168_PBMC
24088,24088,0.21279401693015182,Fluad_4_PBMC
24088,24088,0.23310747896564749,Fluad_8_PBMC
24088,24088,0.043647788390676956,Fluad_24_PBMC
24088,24088,-0.00983847888256884,Fluad_48_PBMC
24088,24088,-0.05409487396551493,Fluad_72_PBMC
24088,24088,-0.016319943222953923,Fluad_168_PBMC
24100,24100,-0.01811534577665605,Fluad_4_PBMC
24100,24100,0.009511241847434555,Fluad_8_PBMC
24100,24100,0.21493385624955022,Fluad_24_PBMC
24100,24100,0.23016068912568813,Fluad_48_PBMC
24100,24100,0.3022203057944164,Fluad_72_PBMC
24100,24100,0.0017197097613529562,Fluad_168_PBMC
26409,26409,-0.09627634520513262,Fluad_4_PBMC
26409,26409,-0.06973622888216027,Fluad_8_PBMC
26409,26409,-0.10034396708022394,Fluad_24_PBMC
26409,26409,-0.11564995902826794,Fluad_48_PBMC
26409,26409,-0.16552587172737782,Fluad_72_PBMC
26409,26409,-0.1326026147240767,Fluad_168_PBMC
26415,26415,-0.012472263016081078,Fluad_4_PBMC
26415,26415,-0.13484402805831644,Fluad_8_PBMC
26415,26415,-0.13877709361101767,Fluad_24_PBMC
26415,26415,-0.1865272276302629,Fluad_48_PBMC
26415,26415,-0.31253324148557327,Fluad_72_PBMC
26415,26415,-0.21430990578883463,Fluad_168_PBMC
26425,26425,-0.1253488477266582,Fluad_4_PBMC
26425,26425,-0.07848381323337142,Fluad_8_PBMC
26425,26425,-0.10653037783908953,Fluad_24_PBMC
26425,26425,-0.13796953015891594,Fluad_48_PBMC
26425,26425,-0.1803033162462207,Fluad_72_PBMC
26425,26425,-0.0818655327078244,Fluad_168_PBMC
26434,26434,0.5375187321036282,Fluad_4_PBMC
26434,26434,0.5182499737078091,Fluad_8_PBMC
26434,26434,0.6563411985726548,Fluad_24_PBMC
26434,26434,0.6492707898259091,Fluad_48_PBMC
26434,26434,0.7032273359534611,Fluad_72_PBMC
26434,26434,0.5195986019294471,Fluad_168_PBMC
26557,26557,-0.7771173497017826,Fluad_4_PBMC
26557,26557,-0.721825443233574,Fluad_8_PBMC
26557,26557,-0.09102711516050427,Fluad_24_PBMC
26557,26557,-0.369912166474306,Fluad_48_PBMC
26557,26557,-0.04978364781074188,Fluad_72_PBMC
26557,26557,-0.05966443877236191,Fluad_168_PBMC
26569,26569,0.26740999991017367,Fluad_4_PBMC
26569,26569,0.20229059648540723,Fluad_8_PBMC
26569,26569,0.31842881148670205,Fluad_24_PBMC
26569,26569,0.29189090254074723,Fluad_48_PBMC
26569,26569,0.3726137111223083,Fluad_72_PBMC
26569,26569,0.32596348348370324,Fluad_168_PBMC
26757,26757,0.2249681797650165,Fluad_4_PBMC
26757,26757,0.28373820174454345,Fluad_8_PBMC
26757,26757,0.4761122306950372,Fluad_24_PBMC
26757,26757,0.38867996419532147,Fluad_48_PBMC
26757,26757,0.42392067276370216,Fluad_72_PBMC
26757,26757,0.3035363158260673,Fluad_168_PBMC
26886,26886,0.11000189392773754,Fluad_4_PBMC
26886,26886,0.06823444737232867,Fluad_8_PBMC
26886,26886,0.27176303338390245,Fluad_24_PBMC
26886,26886,0.1385412338934905,Fluad_48_PBMC
26886,26886,0.009580585438344037,Fluad_72_PBMC
26886,26886,-0.16258418668737992,Fluad_168_PBMC
26894,26894,0.6900105297925663,Fluad_4_PBMC
26894,26894,0.6098149840944469,Fluad_8_PBMC
26894,26894,0.7026002566371795,Fluad_24_PBMC
26894,26894,0.8256170390054138,Fluad_48_PBMC
26894,26894,0.8827021304757174,Fluad_72_PBMC
26894,26894,0.6856701624427926,Fluad_168_PBMC
26934,26934,0.27505015177641,Fluad_4_PBMC
26934,26934,0.21870998201012365,Fluad_8_PBMC
26934,26934,0.2694990711758528,Fluad_24_PBMC
26934,26934,0.269780985075474,Fluad_48_PBMC
26934,26934,0.36895439406057484,Fluad_72_PBMC
26934,26934,0.476139996531866,Fluad_168_PBMC
26943,26943,0.1565968267014441,Fluad_4_PBMC
26943,26943,0.12856900684794353,Fluad_8_PBMC
26943,26943,0.18789713388070495,Fluad_24_PBMC
26943,26943,0.1622371070409585,Fluad_48_PBMC
26943,26943,0.23574113589233497,Fluad_72_PBMC
26943,26943,0.10026503769108214,Fluad_168_PBMC
27028,27028,0.462881387822219,Fluad_4_PBMC
27028,27028,0.24187843415470772,Fluad_8_PBMC
27028,27028,0.43524079310708574,Fluad_24_PBMC
27028,27028,0.32055138571201125,Fluad_48_PBMC
27028,27028,0.5570932264871681,Fluad_72_PBMC
27028,27028,0.17048788663031095,Fluad_168_PBMC
27053,27053,0.016648626731713967,Fluad_4_PBMC
27053,27053,-0.01104209988946947,Fluad_8_PBMC
27053,27053,0.19441870309056708,Fluad_24_PBMC
27053,27053,0.09568331886077017,Fluad_48_PBMC
27053,27053,0.00898007918753177,Fluad_72_PBMC
27053,27053,-0.2799397774904711,Fluad_168_PBMC
27208,27208,-0.1698470481178605,Fluad_4_PBMC
27208,27208,-0.10781085406113775,Fluad_8_PBMC
27208,27208,-0.12896009338161385,Fluad_24_PBMC
27208,27208,-0.15966899843670096,Fluad_48_PBMC
27208,27208,-0.25552194050697485,Fluad_72_PBMC
27208,27208,-0.13833377123547846,Fluad_168_PBMC
27210,27210,-0.1698470481178605,Fluad_4_PBMC
27210,27210,-0.10781085406113775,Fluad_8_PBMC
27210,27210,-0.12896009338161385,Fluad_24_PBMC
27210,27210,-0.15966899843670096,Fluad_48_PBMC
27210,27210,-0.25552194050697485,Fluad_72_PBMC
27210,27210,-0.13833377123547846,Fluad_168_PBMC
27211,27211,-0.1698470481178605,Fluad_4_PBMC
27211,27211,-0.10781085406113775,Fluad_8_PBMC
27211,27211,-0.12896009338161385,Fluad_24_PBMC
27211,27211,-0.15966899843670096,Fluad_48_PBMC
27211,27211,-0.25552194050697485,Fluad_72_PBMC
27211,27211,-0.13833377123547846,Fluad_168_PBMC
27226,27226,0.01647315419168502,Fluad_4_PBMC
27226,27226,-0.05771688030485338,Fluad_8_PBMC
27226,27226,-0.1847052079446394,Fluad_24_PBMC
27226,27226,-0.03272124955545518,Fluad_48_PBMC
27226,27226,-0.07821402836762137,Fluad_72_PBMC
27226,27226,-0.03967334266144691,Fluad_168_PBMC
27361,27361,-0.004594697117869591,Fluad_4_PBMC
27361,27361,-0.01787519193716243,Fluad_8_PBMC
27361,27361,-0.0902018832804111,Fluad_24_PBMC
27361,27361,-0.03588280570051641,Fluad_48_PBMC
27361,27361,-0.10550927861551829,Fluad_72_PBMC
27361,27361,-0.02350784062216193,Fluad_168_PBMC
27371,27371,0.14945711595981204,Fluad_4_PBMC
27371,27371,0.08510206780639396,Fluad_8_PBMC
27371,27371,0.058090025868899935,Fluad_24_PBMC
27371,27371,0.08267900259934846,Fluad_48_PBMC
27371,27371,0.08938622906023136,Fluad_72_PBMC
27371,27371,0.21280088403511882,Fluad_168_PBMC
27380,27380,0.24988907154264345,Fluad_4_PBMC
27380,27380,0.12157732765469587,Fluad_8_PBMC
27380,27380,0.494078380468225,Fluad_24_PBMC
27380,27380,0.6714284910459986,Fluad_48_PBMC
27380,27380,0.8751065514038341,Fluad_72_PBMC
27380,27380,0.3956721609778999,Fluad_168_PBMC
27389,27389,-0.8791852885407709,Fluad_4_PBMC
27389,27389,-0.6400176474403527,Fluad_8_PBMC
27389,27389,-0.49059076085560743,Fluad_24_PBMC
27389,27389,-1.049931923734163,Fluad_48_PBMC
27389,27389,-1.0297248609668768,Fluad_72_PBMC
27389,27389,-1.3437978489472768,Fluad_168_PBMC
27398,27398,-0.21681230717650463,Fluad_4_PBMC
27398,27398,-0.19480460319146653,Fluad_8_PBMC
27398,27398,-0.21326992312046975,Fluad_24_PBMC
27398,27398,-0.21859521786376718,Fluad_48_PBMC
27398,27398,-0.20533918334613077,Fluad_72_PBMC
27398,27398,-0.19398269889397568,Fluad_168_PBMC
27632,27632,-0.07445618641857686,Fluad_4_PBMC
27632,27632,-0.09968428426347861,Fluad_8_PBMC
27632,27632,-0.2955231711393628,Fluad_24_PBMC
27632,27632,-0.08482336968319004,Fluad_48_PBMC
27632,27632,-0.2279385345569801,Fluad_72_PBMC
27632,27632,-0.011878343183474391,Fluad_168_PBMC
28019,28019,-0.14031881291059672,Fluad_4_PBMC
28019,28019,-0.12468722707813128,Fluad_8_PBMC
28019,28019,-0.1627748968358503,Fluad_24_PBMC
28019,28019,-0.17565620213338615,Fluad_48_PBMC
28019,28019,-0.22073509892897258,Fluad_72_PBMC
28019,28019,-0.1428087254605862,Fluad_168_PBMC
28042,28042,-0.2175826034509712,Fluad_4_PBMC
28042,28042,-0.37074037775290836,Fluad_8_PBMC
28042,28042,-0.6955344719265425,Fluad_24_PBMC
28042,28042,-0.45057995607063445,Fluad_48_PBMC
28042,28042,-0.2436232896597737,Fluad_72_PBMC
28042,28042,-0.07673042428229744,Fluad_168_PBMC
28169,28169,-0.23294522546003543,Fluad_4_PBMC
28169,28169,-0.22440620193556843,Fluad_8_PBMC
28169,28169,-0.22883139344903436,Fluad_24_PBMC
28169,28169,-0.23828890247383575,Fluad_48_PBMC
28169,28169,-0.23437335479636073,Fluad_72_PBMC
28169,28169,-0.20218149041848327,Fluad_168_PBMC
28295,28295,-0.1305631221896842,Fluad_4_PBMC
28295,28295,-0.11693807563643051,Fluad_8_PBMC
28295,28295,-0.1710886333401465,Fluad_24_PBMC
28295,28295,-0.1759158854044097,Fluad_48_PBMC
28295,28295,-0.20993447692737932,Fluad_72_PBMC
28295,28295,-0.11166137655692407,Fluad_168_PBMC
29813,29813,0.08078194555923404,Fluad_4_PBMC
29813,29813,0.002084622539882869,Fluad_8_PBMC
29813,29813,-0.019038434369210794,Fluad_24_PBMC
29813,29813,0.2625749936817596,Fluad_48_PBMC
29813,29813,0.2830563324985686,Fluad_72_PBMC
29813,29813,0.6257908892809978,Fluad_168_PBMC
29820,29820,-0.6417480865503316,Fluad_4_PBMC
29820,29820,-0.8251304400620683,Fluad_8_PBMC
29820,29820,-1.0891464885161208,Fluad_24_PBMC
29820,29820,-0.8402499212180439,Fluad_48_PBMC
29820,29820,-0.7000938117499007,Fluad_72_PBMC
29820,29820,-0.29065179101045296,Fluad_168_PBMC
29846,29846,0.44193323380052896,Fluad_4_PBMC
29846,29846,0.41894626463428775,Fluad_8_PBMC
29846,29846,0.9023733573630017,Fluad_24_PBMC
29846,29846,0.8651468340674415,Fluad_48_PBMC
29846,29846,1.0326467890852062,Fluad_72_PBMC
29846,29846,0.839892650476816,Fluad_168_PBMC
29856,29856,0.3714122985801574,Fluad_4_PBMC
29856,29856,0.3377203722238611,Fluad_8_PBMC
29856,29856,0.3197216907953214,Fluad_24_PBMC
29856,29856,0.3620770133189588,Fluad_48_PBMC
29856,29856,0.3537600893144333,Fluad_72_PBMC
29856,29856,0.28376522483356337,Fluad_168_PBMC
29859,29859,0.30096043992329224,Fluad_4_PBMC
29859,29859,0.29422870851027677,Fluad_8_PBMC
29859,29859,0.3372282090280452,Fluad_24_PBMC
29859,29859,0.3783614318380753,Fluad_48_PBMC
29859,29859,0.6316600964061354,Fluad_72_PBMC
29859,29859,0.17732801600270925,Fluad_168_PBMC
29876,29876,0.21125303957658634,Fluad_4_PBMC
29876,29876,0.206378461468751,Fluad_8_PBMC
29876,29876,0.11388525899370724,Fluad_24_PBMC
29876,29876,0.17253682765206324,Fluad_48_PBMC
29876,29876,0.18260593026090877,Fluad_72_PBMC
29876,29876,0.12846773148588453,Fluad_168_PBMC
30940,30940,0.3384108567762927,Fluad_4_PBMC
30940,30940,0.2806073369431612,Fluad_8_PBMC
30940,30940,0.34077960703114574,Fluad_24_PBMC
30940,30940,0.31488300711953604,Fluad_48_PBMC
30940,30940,0.5177149521841439,Fluad_72_PBMC
30940,30940,0.2709118301237716,Fluad_168_PBMC
50501,50501,0.9494085024767682,Fluad_4_PBMC
50501,50501,1.4991913450588676,Fluad_8_PBMC
50501,50501,1.4315141678497791,Fluad_24_PBMC
50501,50501,0.29538051095351714,Fluad_48_PBMC
50501,50501,0.41711825652534323,Fluad_72_PBMC
50501,50501,0.3256591651369009,Fluad_168_PBMC
50755,50755,-0.02207767588711627,Fluad_4_PBMC
50755,50755,-0.029688434198828752,Fluad_8_PBMC
50755,50755,-0.10023771468960305,Fluad_24_PBMC
50755,50755,-0.12771549401169813,Fluad_48_PBMC
50755,50755,-0.1434844446596171,Fluad_72_PBMC
50755,50755,-0.11397062300991515,Fluad_168_PBMC
50772,50772,0.3177202060712819,Fluad_4_PBMC
50772,50772,0.333192305293462,Fluad_8_PBMC
50772,50772,0.20520183527094166,Fluad_24_PBMC
50772,50772,0.2760752689976658,Fluad_48_PBMC
50772,50772,0.27239675472149844,Fluad_72_PBMC
50772,50772,0.3191994181999257,Fluad_168_PBMC
50849,50849,0.20027708086126178,Fluad_4_PBMC
50849,50849,0.14155713624062194,Fluad_8_PBMC
50849,50849,0.17022707723503525,Fluad_24_PBMC
50849,50849,0.16959267616270446,Fluad_48_PBMC
50849,50849,0.2722470383622347,Fluad_72_PBMC
50849,50849,0.11881274748103818,Fluad_168_PBMC
50887,50887,0.18349425421848536,Fluad_4_PBMC
50887,50887,0.1764188682747443,Fluad_8_PBMC
50887,50887,0.35739821953238393,Fluad_24_PBMC
50887,50887,0.2204051079134831,Fluad_48_PBMC
50887,50887,0.18422691214850806,Fluad_72_PBMC
50887,50887,0.05050284575242657,Fluad_168_PBMC
50907,50907,-0.01033758794004353,Fluad_4_PBMC
50907,50907,-0.001452071053524363,Fluad_8_PBMC
50907,50907,0.09971981650543889,Fluad_24_PBMC
50907,50907,0.09270789156262377,Fluad_48_PBMC
50907,50907,0.16681915024978708,Fluad_72_PBMC
50907,50907,-0.033483109221340485,Fluad_168_PBMC
50930,50930,0.3011762070572441,Fluad_4_PBMC
50930,50930,0.256986109094648,Fluad_8_PBMC
50930,50930,0.12654322057828668,Fluad_24_PBMC
50930,50930,0.16736266107891856,Fluad_48_PBMC
50930,50930,0.0795734413925816,Fluad_72_PBMC
50930,50930,0.18274853941772062,Fluad_168_PBMC
52024,52024,0.07845288811322468,Fluad_4_PBMC
52024,52024,0.3367720613434133,Fluad_8_PBMC
52024,52024,0.22064826948796812,Fluad_24_PBMC
52024,52024,-0.14245685476421646,Fluad_48_PBMC
52024,52024,-0.4341728252484858,Fluad_72_PBMC
52024,52024,-0.04823816099725298,Fluad_168_PBMC
52132,52132,0.18056974548152327,Fluad_4_PBMC
52132,52132,0.1516583502034329,Fluad_8_PBMC
52132,52132,0.0387495218116773,Fluad_24_PBMC
52132,52132,0.12617151679565936,Fluad_48_PBMC
52132,52132,0.1464142515659267,Fluad_72_PBMC
52132,52132,0.15553074172953954,Fluad_168_PBMC
52163,52163,0.03799586462849605,Fluad_4_PBMC
52163,52163,-0.04520716028275604,Fluad_8_PBMC
52163,52163,-0.2030028538852679,Fluad_24_PBMC
52163,52163,-0.12988433490919782,Fluad_48_PBMC
52163,52163,-0.2050870931969913,Fluad_72_PBMC
52163,52163,0.19051549931845008,Fluad_168_PBMC
52174,52174,-0.11560511969182684,Fluad_4_PBMC
52174,52174,-0.08460382482228722,Fluad_8_PBMC
52174,52174,-0.14598143016302198,Fluad_24_PBMC
52174,52174,-0.13286619080750978,Fluad_48_PBMC
52174,52174,-0.1832671800544504,Fluad_72_PBMC
52174,52174,-0.09029940737263292,Fluad_168_PBMC
52440,52440,0.2230479983886644,Fluad_4_PBMC
52440,52440,0.1555024462602494,Fluad_8_PBMC
52440,52440,0.18715493094437047,Fluad_24_PBMC
52440,52440,0.18496533041732388,Fluad_48_PBMC
52440,52440,0.2702638487040687,Fluad_72_PBMC
52440,52440,0.125122753404049,Fluad_168_PBMC
52502,52502,0.026097069896600995,Fluad_4_PBMC
52502,52502,-0.0045965036854660295,Fluad_8_PBMC
52502,52502,0.03127072909597539,Fluad_24_PBMC
52502,52502,-0.011335988358978675,Fluad_48_PBMC
52502,52502,0.0017825357604163272,Fluad_72_PBMC
52502,52502,-0.06494208875555367,Fluad_168_PBMC
52512,52512,0.14395347746689235,Fluad_4_PBMC
52512,52512,0.2284081085559925,Fluad_8_PBMC
52512,52512,0.36757689656840953,Fluad_24_PBMC
52512,52512,0.4350456788716459,Fluad_48_PBMC
52512,52512,0.46776294297789944,Fluad_72_PBMC
52512,52512,0.21335982539188109,Fluad_168_PBMC
52588,52588,0.11047806640248009,Fluad_4_PBMC
52588,52588,0.11773024373878654,Fluad_8_PBMC
52588,52588,-0.023604190701835948,Fluad_24_PBMC
52588,52588,0.0459721775346949,Fluad_48_PBMC
52588,52588,0.07107994972474783,Fluad_72_PBMC
52588,52588,0.08161925183646086,Fluad_168_PBMC
52830,52830,-0.17290932829991285,Fluad_4_PBMC
52830,52830,-0.13342431005590025,Fluad_8_PBMC
52830,52830,-0.14985667617727466,Fluad_24_PBMC
52830,52830,-0.14244921762646634,Fluad_48_PBMC
52830,52830,-0.17508054522246874,Fluad_72_PBMC
52830,52830,-0.12441090547741657,Fluad_168_PBMC
52855,52855,0.21415156974231933,Fluad_4_PBMC
52855,52855,0.18101064439788636,Fluad_8_PBMC
52855,52855,0.3043865887310273,Fluad_24_PBMC
52855,52855,0.35230038755792054,Fluad_48_PBMC
52855,52855,0.4580666579088782,Fluad_72_PBMC
52855,52855,0.2417363855827562,Fluad_168_PBMC
52892,52892,0.4261553945024591,Fluad_4_PBMC
52892,52892,0.3065376185584214,Fluad_8_PBMC
52892,52892,0.9360102123722348,Fluad_24_PBMC
52892,52892,0.9407171566494887,Fluad_48_PBMC
52892,52892,1.0246506538149076,Fluad_72_PBMC
52892,52892,0.6530193673921872,Fluad_168_PBMC
53313,53313,0.22951677024127323,Fluad_4_PBMC
53313,53313,0.2178380708286532,Fluad_8_PBMC
53313,53313,0.15728405748667004,Fluad_24_PBMC
53313,53313,0.2020904036392109,Fluad_48_PBMC
53313,53313,0.20393319243606411,Fluad_72_PBMC
53313,53313,0.20615415904957102,Fluad_168_PBMC
53323,53323,0.08654536422549025,Fluad_4_PBMC
53323,53323,0.09512347500117949,Fluad_8_PBMC
53323,53323,0.16369148367402458,Fluad_24_PBMC
53323,53323,0.11746477864963849,Fluad_48_PBMC
53323,53323,0.10033617171066046,Fluad_72_PBMC
53323,53323,0.036043658637396,Fluad_168_PBMC
53422,53422,0.4473496860918518,Fluad_4_PBMC
53422,53422,0.40067238060211363,Fluad_8_PBMC
53422,53422,0.47772986013204255,Fluad_24_PBMC
53422,53422,0.44506306407543694,Fluad_48_PBMC
53422,53422,0.5316615694787028,Fluad_72_PBMC
53422,53422,0.5836798851761461,Fluad_168_PBMC
53860,53860,0.15064169249910261,Fluad_4_PBMC
53860,53860,0.13036068684699048,Fluad_8_PBMC
53860,53860,0.03020478389562979,Fluad_24_PBMC
53860,53860,0.039976140691952905,Fluad_48_PBMC
53860,53860,0.12726079758004896,Fluad_72_PBMC
53860,53860,0.10255811770010544,Fluad_168_PBMC
53870,53870,0.32706230461001595,Fluad_4_PBMC
53870,53870,0.31453989220587236,Fluad_8_PBMC
53870,53870,0.48313000279571705,Fluad_24_PBMC
53870,53870,0.4715814363936829,Fluad_48_PBMC
53870,53870,0.5494580654964648,Fluad_72_PBMC
53870,53870,0.4173434112231782,Fluad_168_PBMC
53886,53886,0.15130252941198302,Fluad_4_PBMC
53886,53886,0.056307252227504545,Fluad_8_PBMC
53886,53886,0.4296766209225442,Fluad_24_PBMC
53886,53886,0.36806280364290844,Fluad_48_PBMC
53886,53886,0.3912876575544446,Fluad_72_PBMC
53886,53886,0.21336182297881487,Fluad_168_PBMC
53906,53906,0.4713645037742652,Fluad_4_PBMC
53906,53906,0.6337119492981903,Fluad_8_PBMC
53906,53906,0.4335909919734605,Fluad_24_PBMC
53906,53906,0.3999044748393704,Fluad_48_PBMC
53906,53906,0.2885183910568986,Fluad_72_PBMC
53906,53906,0.26137901816533693,Fluad_168_PBMC
53972,53972,-2.7758675014435017,Fluad_4_PBMC
53972,53972,-2.7999687915552887,Fluad_8_PBMC
53972,53972,-2.607578509820154,Fluad_24_PBMC
53972,53972,-2.5924839476821933,Fluad_48_PBMC
53972,53972,-2.7875686007495846,Fluad_72_PBMC
53972,53972,-2.9658218076471092,Fluad_168_PBMC
54132,54132,0.18293850816189217,Fluad_4_PBMC
54132,54132,0.18220717391664482,Fluad_8_PBMC
54132,54132,0.10873558954831362,Fluad_24_PBMC
54132,54132,0.14988711573079036,Fluad_48_PBMC
54132,54132,0.14781825205745786,Fluad_72_PBMC
54132,54132,0.1108101640983082,Fluad_168_PBMC
54199,54199,0.5252545321790769,Fluad_4_PBMC
54199,54199,0.5189048305761704,Fluad_8_PBMC
54199,54199,0.7499529495094305,Fluad_24_PBMC
54199,54199,0.7442764834442437,Fluad_48_PBMC
54199,54199,0.8024429263956219,Fluad_72_PBMC
54199,54199,0.5277356465213588,Fluad_168_PBMC
54201,54201,0.1278332611193903,Fluad_4_PBMC
54201,54201,0.13429497559632297,Fluad_8_PBMC
54201,54201,0.45969593204622256,Fluad_24_PBMC
54201,54201,0.4578675761494724,Fluad_48_PBMC
54201,54201,0.7741881163553033,Fluad_72_PBMC
54201,54201,0.3657319320684722,Fluad_168_PBMC
54204,54204,-0.27077527655944983,Fluad_4_PBMC
54204,54204,-0.2981645717786902,Fluad_8_PBMC
54204,54204,-0.26573859381216836,Fluad_24_PBMC
54204,54204,-0.290921113303587,Fluad_48_PBMC
54204,54204,-0.29493561383699957,Fluad_72_PBMC
54204,54204,-0.3039180466535718,Fluad_168_PBMC
54351,54351,-0.2866939607455671,Fluad_4_PBMC
54351,54351,-0.2904717779689882,Fluad_8_PBMC
54351,54351,-0.27918466531404756,Fluad_24_PBMC
54351,54351,-0.3239094230200501,Fluad_48_PBMC
54351,54351,-0.250392268529341,Fluad_72_PBMC
54351,54351,-0.28831839009723925,Fluad_168_PBMC
54357,54357,0.02700179723652002,Fluad_4_PBMC
54357,54357,0.19891426154031808,Fluad_8_PBMC
54357,54357,0.6318005586986446,Fluad_24_PBMC
54357,54357,0.4325788330625788,Fluad_48_PBMC
54357,54357,0.6117025959960573,Fluad_72_PBMC
54357,54357,0.3603603578969557,Fluad_168_PBMC
54368,54368,0.16590433502034851,Fluad_4_PBMC
54368,54368,0.1806090315702474,Fluad_8_PBMC
54368,54368,0.09714042548711924,Fluad_24_PBMC
54368,54368,0.1222231486575742,Fluad_48_PBMC
54368,54368,0.1041225226656194,Fluad_72_PBMC
54368,54368,0.08774721613261502,Fluad_168_PBMC
54375,54375,0.17122077001252028,Fluad_4_PBMC
54375,54375,0.13058164834945166,Fluad_8_PBMC
54375,54375,0.25226503133950584,Fluad_24_PBMC
54375,54375,0.20025609938157246,Fluad_48_PBMC
54375,54375,0.1973354602927423,Fluad_72_PBMC
54375,54375,0.06129716952800833,Fluad_168_PBMC
54382,54382,0.6824914849323253,Fluad_4_PBMC
54382,54382,0.7454604592108953,Fluad_8_PBMC
54382,54382,1.029510704473921,Fluad_24_PBMC
54382,54382,1.119534013312478,Fluad_48_PBMC
54382,54382,1.2583641745501093,Fluad_72_PBMC
54382,54382,1.042832425482458,Fluad_168_PBMC
54473,54473,0.23923945454086373,Fluad_4_PBMC
54473,54473,0.22375997982860318,Fluad_8_PBMC
54473,54473,0.08503888032097195,Fluad_24_PBMC
54473,54473,0.15452269338563462,Fluad_48_PBMC
54473,54473,0.17991036776752334,Fluad_72_PBMC
54473,54473,0.15214294938739348,Fluad_168_PBMC
54483,54483,0.15015074685991436,Fluad_4_PBMC
54483,54483,0.1365626288946699,Fluad_8_PBMC
54483,54483,0.12393390826674938,Fluad_24_PBMC
54483,54483,0.12647326414164128,Fluad_48_PBMC
54483,54483,-0.0374372139064758,Fluad_72_PBMC
54483,54483,-0.028441592368232262,Fluad_168_PBMC
54601,54601,0.2693745765354805,Fluad_4_PBMC
54601,54601,-0.06724801602877348,Fluad_8_PBMC
54601,54601,0.22631706531001605,Fluad_24_PBMC
54601,54601,0.26409321641965317,Fluad_48_PBMC
54601,54601,0.3642277556854422,Fluad_72_PBMC
54601,54601,0.7744458580128013,Fluad_168_PBMC
54607,54607,0.13932811316244365,Fluad_4_PBMC
54607,54607,0.2850042328915301,Fluad_8_PBMC
54607,54607,0.9493247967826134,Fluad_24_PBMC
54607,54607,0.053347828290852786,Fluad_48_PBMC
54607,54607,-0.06098616107122452,Fluad_72_PBMC
54607,54607,-0.1930478267066144,Fluad_168_PBMC
54673,54673,0.19807352648696208,Fluad_4_PBMC
54673,54673,0.15040624851513007,Fluad_8_PBMC
54673,54673,0.15489396184817067,Fluad_24_PBMC
54673,54673,0.1648771056129784,Fluad_48_PBMC
54673,54673,0.2029652533738106,Fluad_72_PBMC
54673,54673,0.10201264930724752,Fluad_168_PBMC
55934,55934,-0.04647284754229539,Fluad_4_PBMC
55934,55934,-0.05222617412268657,Fluad_8_PBMC
55934,55934,-0.013316208861841317,Fluad_24_PBMC
55934,55934,0.04065746260029001,Fluad_48_PBMC
55934,55934,-0.0159213524760522,Fluad_72_PBMC
55934,55934,0.09102343019975286,Fluad_168_PBMC
55993,55993,0.7134821236719706,Fluad_4_PBMC
55993,55993,0.5312546937517164,Fluad_8_PBMC
55993,55993,0.8410215581455875,Fluad_24_PBMC
55993,55993,0.8475604454661179,Fluad_48_PBMC
55993,55993,0.5374270403042868,Fluad_72_PBMC
55993,55993,-0.03449185391291154,Fluad_168_PBMC
56184,56184,0.47291091034461186,Fluad_4_PBMC
56184,56184,0.48393018188804626,Fluad_8_PBMC
56184,56184,0.8832103286450381,Fluad_24_PBMC
56184,56184,0.8606065306388493,Fluad_48_PBMC
56184,56184,0.9760031827105647,Fluad_72_PBMC
56184,56184,0.6891644633574694,Fluad_168_PBMC
56189,56189,-0.20660581604706219,Fluad_4_PBMC
56189,56189,-0.311998641644729,Fluad_8_PBMC
56189,56189,0.4823815431359224,Fluad_24_PBMC
56189,56189,0.4460111605915709,Fluad_48_PBMC
56189,56189,0.6564862026349647,Fluad_72_PBMC
56189,56189,0.06280776520929159,Fluad_168_PBMC
56208,56208,0.27552932140946906,Fluad_4_PBMC
56208,56208,0.18954315280633616,Fluad_8_PBMC
56208,56208,0.23702483782718142,Fluad_24_PBMC
56208,56208,0.21732744831603718,Fluad_48_PBMC
56208,56208,0.3465699041955628,Fluad_72_PBMC
56208,56208,0.13869835950861703,Fluad_168_PBMC
56212,56212,0.12323701762072899,Fluad_4_PBMC
56212,56212,0.10400226197764731,Fluad_8_PBMC
56212,56212,0.06456771312549715,Fluad_24_PBMC
56212,56212,0.09404825113221645,Fluad_48_PBMC
56212,56212,0.07532258363903158,Fluad_72_PBMC
56212,56212,0.14326190292759244,Fluad_168_PBMC
56318,56318,0.3108602011046769,Fluad_4_PBMC
56318,56318,-0.5588453861693491,Fluad_8_PBMC
56318,56318,-0.3067788162922876,Fluad_24_PBMC
56318,56318,-0.2915854612080486,Fluad_48_PBMC
56318,56318,-0.6896092919085395,Fluad_72_PBMC
56318,56318,-0.7760812344873862,Fluad_168_PBMC
56330,56330,-0.23574555700396366,Fluad_4_PBMC
56330,56330,-0.18391302591954434,Fluad_8_PBMC
56330,56330,-0.17623899789003755,Fluad_24_PBMC
56330,56330,-0.1894061729846482,Fluad_48_PBMC
56330,56330,-0.20463548822222272,Fluad_72_PBMC
56330,56330,-0.12772189231449127,Fluad_168_PBMC
56381,56381,0.17284622978678854,Fluad_4_PBMC
56381,56381,0.07196355155565717,Fluad_8_PBMC
56381,56381,-0.24652952881818252,Fluad_24_PBMC
56381,56381,0.06295611952813156,Fluad_48_PBMC
56381,56381,0.16244449719105886,Fluad_72_PBMC
56381,56381,0.1640726283683217,Fluad_168_PBMC
56386,56386,-0.06518365539804899,Fluad_4_PBMC
56386,56386,-0.06188842530770878,Fluad_8_PBMC
56386,56386,-0.07175451779596895,Fluad_24_PBMC
56386,56386,-0.050457478852700896,Fluad_48_PBMC
56386,56386,-0.05030255512439624,Fluad_72_PBMC
56386,56386,-0.025566911673052924,Fluad_168_PBMC
56417,56417,-0.1291981630706928,Fluad_4_PBMC
56417,56417,-0.16603651269388592,Fluad_8_PBMC
56417,56417,-0.1525074227070312,Fluad_24_PBMC
56417,56417,-0.12239770870096722,Fluad_48_PBMC
56417,56417,-0.14618413906871688,Fluad_72_PBMC
56417,56417,-0.1581734225687586,Fluad_168_PBMC
56419,56419,0.08308018756120902,Fluad_4_PBMC
56419,56419,0.1037024331162649,Fluad_8_PBMC
56419,56419,0.19261501261020056,Fluad_24_PBMC
56419,56419,0.1098943366842088,Fluad_48_PBMC
56419,56419,0.1343954574833748,Fluad_72_PBMC
56419,56419,0.019185750203439524,Fluad_168_PBMC
56428,56428,-0.44991204028479576,Fluad_4_PBMC
56428,56428,-0.44042907422491906,Fluad_8_PBMC
56428,56428,-0.4391947260698894,Fluad_24_PBMC
56428,56428,-0.4724741792661393,Fluad_48_PBMC
56428,56428,-0.43193192213040843,Fluad_72_PBMC
56428,56428,-0.43460266533266373,Fluad_168_PBMC
56443,56443,0.23856500153575652,Fluad_4_PBMC
56443,56443,0.2575625178093479,Fluad_8_PBMC
56443,56443,0.1667270377263005,Fluad_24_PBMC
56443,56443,0.1894185308938895,Fluad_48_PBMC
56443,56443,0.19598383811226425,Fluad_72_PBMC
56443,56443,0.19168173964233948,Fluad_168_PBMC
56448,56448,-1.211691176814507,Fluad_4_PBMC
56448,56448,-0.40596477337549597,Fluad_8_PBMC
56448,56448,-0.25866747367511,Fluad_24_PBMC
56448,56448,-0.4813664615322327,Fluad_48_PBMC
56448,56448,-0.4559194936438874,Fluad_72_PBMC
56448,56448,-0.05235157777705987,Fluad_168_PBMC
56488,56488,-0.17288008959398904,Fluad_4_PBMC
56488,56488,-0.16279336731380217,Fluad_8_PBMC
56488,56488,-0.20658224447877516,Fluad_24_PBMC
56488,56488,-0.18259920713777547,Fluad_48_PBMC
56488,56488,-0.2284383939826405,Fluad_72_PBMC
56488,56488,-0.1275342282540343,Fluad_168_PBMC
56490,56490,0.20328701948427147,Fluad_4_PBMC
56490,56490,0.11617382705271803,Fluad_8_PBMC
56490,56490,0.17108415997033632,Fluad_24_PBMC
56490,56490,0.18299413653665533,Fluad_48_PBMC
56490,56490,0.21651025099352594,Fluad_72_PBMC
56490,56490,0.2179011421289137,Fluad_168_PBMC
56491,56491,0.19990912177071551,Fluad_4_PBMC
56491,56491,0.15969779834523423,Fluad_8_PBMC
56491,56491,0.06655638896961165,Fluad_24_PBMC
56491,56491,0.01819670653094825,Fluad_48_PBMC
56491,56491,0.06167747630901867,Fluad_72_PBMC
56491,56491,0.22398660885368168,Fluad_168_PBMC
56501,56501,0.5231310472645188,Fluad_4_PBMC
56501,56501,0.467563032157345,Fluad_8_PBMC
56501,56501,0.9872143157767566,Fluad_24_PBMC
56501,56501,0.9748040990398207,Fluad_48_PBMC
56501,56501,1.0821386324430233,Fluad_72_PBMC
56501,56501,0.7154625417696525,Fluad_168_PBMC
56551,56551,-0.01310293899700362,Fluad_4_PBMC
56551,56551,3.687345634750712e-4,Fluad_8_PBMC
56551,56551,0.04982875595134675,Fluad_24_PBMC
56551,56551,-0.018058408243402893,Fluad_48_PBMC
56551,56551,0.005829112131339589,Fluad_72_PBMC
56551,56551,-0.05237421591065583,Fluad_168_PBMC
56635,56635,0.37475510874263607,Fluad_4_PBMC
56635,56635,0.34336389882287566,Fluad_8_PBMC
56635,56635,0.36290115139854356,Fluad_24_PBMC
56635,56635,0.3649374232588406,Fluad_48_PBMC
56635,56635,0.41419130227277523,Fluad_72_PBMC
56635,56635,0.5261781168083952,Fluad_168_PBMC
56747,56747,0.16684384700018368,Fluad_4_PBMC
56747,56747,0.4311803360954867,Fluad_8_PBMC
56747,56747,0.8292132008832526,Fluad_24_PBMC
56747,56747,0.4620758247051955,Fluad_48_PBMC
56747,56747,0.44466262226247116,Fluad_72_PBMC
56747,56747,0.4923372650879856,Fluad_168_PBMC
56760,56760,0.11823097698175825,Fluad_4_PBMC
56760,56760,0.175257233987682,Fluad_8_PBMC
56760,56760,0.08014697471175561,Fluad_24_PBMC
56760,56760,0.07466803673726205,Fluad_48_PBMC
56760,56760,0.05783564897309174,Fluad_72_PBMC
56760,56760,0.06338893583618534,Fluad_168_PBMC
56795,56795,0.21297167196149347,Fluad_4_PBMC
56795,56795,0.21986994953802816,Fluad_8_PBMC
56795,56795,0.6522383767153885,Fluad_24_PBMC
56795,56795,0.5973681244113009,Fluad_48_PBMC
56795,56795,0.7872476257713812,Fluad_72_PBMC
56795,56795,0.545688925359469,Fluad_168_PBMC
56838,56838,-2.7836461272092663,Fluad_4_PBMC
56838,56838,-2.559357835714908,Fluad_8_PBMC
56838,56838,-2.201849285471429,Fluad_24_PBMC
56838,56838,-2.3881539682800215,Fluad_48_PBMC
56838,56838,-2.293277818366576,Fluad_72_PBMC
56838,56838,-2.7204298568818657,Fluad_168_PBMC
57028,57028,-0.7877855194005285,Fluad_4_PBMC
57028,57028,-0.6085671821075485,Fluad_8_PBMC
57028,57028,-0.9174309331218893,Fluad_24_PBMC
57028,57028,-0.9844635257840229,Fluad_48_PBMC
57028,57028,-0.4902975871531933,Fluad_72_PBMC
57028,57028,0.09076783509019731,Fluad_168_PBMC
57260,57260,0.6579912116533471,Fluad_4_PBMC
57260,57260,0.7977265184706166,Fluad_8_PBMC
57260,57260,1.351394750670774,Fluad_24_PBMC
57260,57260,1.3486719043264275,Fluad_48_PBMC
57260,57260,1.175316355473426,Fluad_72_PBMC
57260,57260,1.4338772762597212,Fluad_168_PBMC
57263,57263,0.4160310273810045,Fluad_4_PBMC
57263,57263,-0.36137828670389116,Fluad_8_PBMC
57263,57263,0.44773438885124683,Fluad_24_PBMC
57263,57263,0.19721398473341967,Fluad_48_PBMC
57263,57263,0.21679956305193487,Fluad_72_PBMC
57263,57263,0.4715298785240915,Fluad_168_PBMC
57370,57370,0.24039453804199543,Fluad_4_PBMC
57370,57370,0.2528804788458284,Fluad_8_PBMC
57370,57370,0.1898883793487997,Fluad_24_PBMC
57370,57370,0.15986023093896085,Fluad_48_PBMC
57370,57370,0.14158889227184582,Fluad_72_PBMC
57370,57370,0.1538233218896392,Fluad_168_PBMC
57429,57429,0.08306641600749909,Fluad_4_PBMC
57429,57429,0.038531506085221656,Fluad_8_PBMC
57429,57429,0.1363722737386511,Fluad_24_PBMC
57429,57429,0.12683098068785723,Fluad_48_PBMC
57429,57429,0.15891558953682994,Fluad_72_PBMC
57429,57429,0.1983078637236603,Fluad_168_PBMC
57436,57436,0.1431174341740242,Fluad_4_PBMC
57436,57436,0.18122555381760144,Fluad_8_PBMC
57436,57436,0.08996755047055968,Fluad_24_PBMC
57436,57436,0.11663649004944515,Fluad_48_PBMC
57436,57436,0.10735467850084296,Fluad_72_PBMC
57436,57436,0.0754673147189939,Fluad_168_PBMC
57444,57444,0.13255811378139493,Fluad_4_PBMC
57444,57444,0.08948603339866576,Fluad_8_PBMC
57444,57444,0.13551330601334732,Fluad_24_PBMC
57444,57444,0.10568877699607349,Fluad_48_PBMC
57444,57444,0.1379828094570671,Fluad_72_PBMC
57444,57444,0.07830802861493054,Fluad_168_PBMC
57754,57754,0.3871522504836674,Fluad_4_PBMC
57754,57754,0.23544740177721,Fluad_8_PBMC
57754,57754,0.5311998227818069,Fluad_24_PBMC
57754,57754,0.5565539024010172,Fluad_48_PBMC
57754,57754,1.00813015377499,Fluad_72_PBMC
57754,57754,0.9289405217373246,Fluad_168_PBMC
57756,57756,-0.08776994189807312,Fluad_4_PBMC
57756,57756,-0.07809316293898845,Fluad_8_PBMC
57756,57756,0.20304932462508565,Fluad_24_PBMC
57756,57756,0.12680229437190568,Fluad_48_PBMC
57756,57756,0.15468027413252186,Fluad_72_PBMC
57756,57756,-0.19571805243643184,Fluad_168_PBMC
57776,57776,1.0249409401938996,Fluad_4_PBMC
57776,57776,0.791180692840353,Fluad_8_PBMC
57776,57776,0.3442670296606646,Fluad_24_PBMC
57776,57776,0.2864439584949177,Fluad_48_PBMC
57776,57776,0.393667706737264,Fluad_72_PBMC
57776,57776,0.08785635180081937,Fluad_168_PBMC
57814,57814,-1.1815093383641484,Fluad_4_PBMC
57814,57814,-1.2448347859319546,Fluad_8_PBMC
57814,57814,-1.0781928823839384,Fluad_24_PBMC
57814,57814,-1.6906762970487192,Fluad_48_PBMC
57814,57814,-1.4328953959193504,Fluad_72_PBMC
57814,57814,-1.125086958105022,Fluad_168_PBMC
58172,58172,0.20259012182422165,Fluad_4_PBMC
58172,58172,0.1437458019911463,Fluad_8_PBMC
58172,58172,0.12834126806075385,Fluad_24_PBMC
58172,58172,0.14570803637218044,Fluad_48_PBMC
58172,58172,0.2203337004417266,Fluad_72_PBMC
58172,58172,0.17318580204307818,Fluad_168_PBMC
58186,58186,0.40506028940984656,Fluad_4_PBMC
58186,58186,0.3236922229444257,Fluad_8_PBMC
58186,58186,0.5209233682113992,Fluad_24_PBMC
58186,58186,0.43342521563597103,Fluad_48_PBMC
58186,58186,0.5905557934993095,Fluad_72_PBMC
58186,58186,0.17528027917565303,Fluad_168_PBMC
58207,58207,0.20367936921642069,Fluad_4_PBMC
58207,58207,0.12940878525681374,Fluad_8_PBMC
58207,58207,0.2528107338005675,Fluad_24_PBMC
58207,58207,0.22231926626290643,Fluad_48_PBMC
58207,58207,0.19688514558239636,Fluad_72_PBMC
58207,58207,-0.005247594991763575,Fluad_168_PBMC
58223,58223,0.641091031159335,Fluad_4_PBMC
58223,58223,0.8084346407692562,Fluad_8_PBMC
58223,58223,0.32444724520469115,Fluad_24_PBMC
58223,58223,0.6031285933925165,Fluad_48_PBMC
58223,58223,0.7057478836759559,Fluad_72_PBMC
58223,58223,0.39000372519309295,Fluad_168_PBMC
58235,58235,-0.026999347858066902,Fluad_4_PBMC
58235,58235,-0.0786803643941372,Fluad_8_PBMC
58235,58235,-0.3727861096141661,Fluad_24_PBMC
58235,58235,0.08010620473755756,Fluad_48_PBMC
58235,58235,0.28879034187002967,Fluad_72_PBMC
58235,58235,0.39928828289884183,Fluad_168_PBMC
58801,58801,-0.23354417036552355,Fluad_4_PBMC
58801,58801,-0.22523315321941767,Fluad_8_PBMC
58801,58801,-0.6532536689691527,Fluad_24_PBMC
58801,58801,-0.2989531509828781,Fluad_48_PBMC
58801,58801,-0.31823039469777337,Fluad_72_PBMC
58801,58801,-0.07046946147544228,Fluad_168_PBMC
58803,58803,0.39483467733167316,Fluad_4_PBMC
58803,58803,0.403849608727549,Fluad_8_PBMC
58803,58803,0.8222624713957906,Fluad_24_PBMC
58803,58803,0.7507325207810926,Fluad_48_PBMC
58803,58803,0.8909051213920345,Fluad_72_PBMC
58803,58803,0.7676111836624047,Fluad_168_PBMC
58807,58807,0.507618567056468,Fluad_4_PBMC
58807,58807,0.3337268667379726,Fluad_8_PBMC
58807,58807,0.27164086719847497,Fluad_24_PBMC
58807,58807,0.19917575717054714,Fluad_48_PBMC
58807,58807,0.27427372490943314,Fluad_72_PBMC
58807,58807,-0.01582998063641626,Fluad_168_PBMC
58810,58810,-0.08945270233797165,Fluad_4_PBMC
58810,58810,-0.0581902338706924,Fluad_8_PBMC
58810,58810,-0.12581625307491281,Fluad_24_PBMC
58810,58810,-0.09702405910661092,Fluad_48_PBMC
58810,58810,-0.11523425942901235,Fluad_72_PBMC
58810,58810,0.002714568804728524,Fluad_168_PBMC
59010,59010,0.11580910987764953,Fluad_4_PBMC
59010,59010,0.13881777656771502,Fluad_8_PBMC
59010,59010,-0.05650895733490712,Fluad_24_PBMC
59010,59010,0.05260909822294832,Fluad_48_PBMC
59010,59010,0.00298785919594427,Fluad_72_PBMC
59010,59010,0.09552434898163138,Fluad_168_PBMC
59025,59025,0.013618881088047388,Fluad_4_PBMC
59025,59025,0.007267399909494564,Fluad_8_PBMC
59025,59025,0.04503336927241903,Fluad_24_PBMC
59025,59025,-0.019787787875825132,Fluad_48_PBMC
59025,59025,0.11656770938669289,Fluad_72_PBMC
59025,59025,-0.06633688902480939,Fluad_168_PBMC
59035,59035,0.2189150024213815,Fluad_4_PBMC
59035,59035,0.199732153080454,Fluad_8_PBMC
59035,59035,0.28992333353990074,Fluad_24_PBMC
59035,59035,0.23230423074616896,Fluad_48_PBMC
59035,59035,0.35114423184727844,Fluad_72_PBMC
59035,59035,0.18609283928043124,Fluad_168_PBMC
59043,59043,-0.42078858419684445,Fluad_4_PBMC
59043,59043,-0.458847653949785,Fluad_8_PBMC
59043,59043,-0.4006308767615948,Fluad_24_PBMC
59043,59043,-0.36714884569031925,Fluad_48_PBMC
59043,59043,-0.31579887408436863,Fluad_72_PBMC
59043,59043,-0.3888282440586299,Fluad_168_PBMC
59050,59050,0.22561093764993628,Fluad_4_PBMC
59050,59050,0.25949434474236865,Fluad_8_PBMC
59050,59050,0.4781758418442478,Fluad_24_PBMC
59050,59050,0.43432947554869195,Fluad_48_PBMC
59050,59050,0.5438123513884179,Fluad_72_PBMC
59050,59050,0.3678329245217965,Fluad_168_PBMC
59069,59069,0.08985996293425971,Fluad_4_PBMC
59069,59069,0.06903842499163575,Fluad_8_PBMC
59069,59069,-0.004891460838342649,Fluad_24_PBMC
59069,59069,0.05255067704415445,Fluad_48_PBMC
59069,59069,0.04908010148657335,Fluad_72_PBMC
59069,59069,0.07997556609999755,Fluad_168_PBMC
60345,60345,1.0513487121124725,Fluad_4_PBMC
60345,60345,1.7561775384131733,Fluad_8_PBMC
60345,60345,1.7203802515396767,Fluad_24_PBMC
60345,60345,1.6332958652684015,Fluad_48_PBMC
60345,60345,1.7284315819686853,Fluad_72_PBMC
60345,60345,1.534145220281308,Fluad_168_PBMC
60411,60411,0.08075175054174094,Fluad_4_PBMC
60411,60411,0.045127092261909814,Fluad_8_PBMC
60411,60411,0.15302391927715742,Fluad_24_PBMC
60411,60411,0.0526145320388205,Fluad_48_PBMC
60411,60411,0.04153438503194642,Fluad_72_PBMC
60411,60411,-0.07120757046186289,Fluad_168_PBMC
60532,60532,-0.11140844201950162,Fluad_4_PBMC
60532,60532,-0.08145241392292196,Fluad_8_PBMC
60532,60532,-0.11565386761525212,Fluad_24_PBMC
60532,60532,-0.12780556156347078,Fluad_48_PBMC
60532,60532,-0.1904317196401391,Fluad_72_PBMC
60532,60532,-0.1157038702108453,Fluad_168_PBMC
60595,60595,0.27158292656206884,Fluad_4_PBMC
60595,60595,0.24296258995265319,Fluad_8_PBMC
60595,60595,0.16813993308341738,Fluad_24_PBMC
60595,60595,0.24280605490591572,Fluad_48_PBMC
60595,60595,0.22740817275783015,Fluad_72_PBMC
60595,60595,0.15391233858419723,Fluad_168_PBMC
63857,63857,-0.27040922073364176,Fluad_4_PBMC
63857,63857,-0.7098729574204162,Fluad_8_PBMC
63857,63857,0.3583612062997116,Fluad_24_PBMC
63857,63857,-0.17639727300646268,Fluad_48_PBMC
63857,63857,-0.32091528276177195,Fluad_72_PBMC
63857,63857,-0.5023245221864585,Fluad_168_PBMC
63873,63873,0.06846019855978716,Fluad_4_PBMC
63873,63873,0.1149401583492565,Fluad_8_PBMC
63873,63873,0.30264524014918326,Fluad_24_PBMC
63873,63873,0.24723333152227567,Fluad_48_PBMC
63873,63873,0.30644587166904586,Fluad_72_PBMC
63873,63873,0.1391265082450603,Fluad_168_PBMC
63958,63958,0.33376859045618423,Fluad_4_PBMC
63958,63958,-0.04170100854889636,Fluad_8_PBMC
63958,63958,0.19908236458654896,Fluad_24_PBMC
63958,63958,0.4144709927940653,Fluad_48_PBMC
63958,63958,0.5412283149843263,Fluad_72_PBMC
63958,63958,0.5406696367159483,Fluad_168_PBMC
64011,64011,0.18000971971721993,Fluad_4_PBMC
64011,64011,0.19873055383320248,Fluad_8_PBMC
64011,64011,0.13773597670294216,Fluad_24_PBMC
64011,64011,0.15092974356047997,Fluad_48_PBMC
64011,64011,0.1039093702639822,Fluad_72_PBMC
64011,64011,0.11104867627249974,Fluad_168_PBMC
64139,64139,0.5977975986826417,Fluad_4_PBMC
64139,64139,0.5590976326039188,Fluad_8_PBMC
64139,64139,0.8318957418185602,Fluad_24_PBMC
64139,64139,0.7761945923156619,Fluad_48_PBMC
64139,64139,0.8570926937374082,Fluad_72_PBMC
64139,64139,0.7992236113177568,Fluad_168_PBMC
64661,64661,-0.21325033397362203,Fluad_4_PBMC
64661,64661,-0.37333003702328205,Fluad_8_PBMC
64661,64661,-1.2844166422703864,Fluad_24_PBMC
64661,64661,-0.28372767603866267,Fluad_48_PBMC
64661,64661,-0.2619561694348539,Fluad_72_PBMC
64661,64661,-0.3874333051194076,Fluad_168_PBMC
65098,65098,0.16061134935893073,Fluad_4_PBMC
65098,65098,0.13769216551941502,Fluad_8_PBMC
65098,65098,0.2724763686637897,Fluad_24_PBMC
65098,65098,0.2247177184851753,Fluad_48_PBMC
65098,65098,0.36279969345662483,Fluad_72_PBMC
65098,65098,0.13864551758869728,Fluad_168_PBMC
65099,65099,0.1764578652193713,Fluad_4_PBMC
65099,65099,0.1893382307395421,Fluad_8_PBMC
65099,65099,0.23100740124641844,Fluad_24_PBMC
65099,65099,0.24483351970880202,Fluad_48_PBMC
65099,65099,0.24477857577801204,Fluad_72_PBMC
65099,65099,0.17352651128380853,Fluad_168_PBMC
65116,65116,0.01632303524423275,Fluad_4_PBMC
65116,65116,0.0048436710322745866,Fluad_8_PBMC
65116,65116,-0.06774588622131184,Fluad_24_PBMC
65116,65116,-0.021658158125445415,Fluad_48_PBMC
65116,65116,-0.12875999728226994,Fluad_72_PBMC
65116,65116,-0.11518757179239951,Fluad_168_PBMC
65247,65247,0.26863042104165713,Fluad_4_PBMC
65247,65247,0.19843870477273834,Fluad_8_PBMC
65247,65247,0.22673438078093508,Fluad_24_PBMC
65247,65247,0.21155047034783972,Fluad_48_PBMC
65247,65247,0.3383995494439886,Fluad_72_PBMC
65247,65247,0.12894875534670636,Fluad_168_PBMC
65257,65257,-0.10465087297127235,Fluad_4_PBMC
65257,65257,-0.19934873329554387,Fluad_8_PBMC
65257,65257,-0.34213332897058724,Fluad_24_PBMC
65257,65257,-0.39554715260262274,Fluad_48_PBMC
65257,65257,0.5696014272863041,Fluad_72_PBMC
65257,65257,-0.46329105609703214,Fluad_168_PBMC
65962,65962,0.34192645876278654,Fluad_4_PBMC
65962,65962,0.31131333944956835,Fluad_8_PBMC
65962,65962,0.49311868365041256,Fluad_24_PBMC
65962,65962,0.4726038117492086,Fluad_48_PBMC
65962,65962,0.54666890781297806,Fluad_72_PBMC
65962,65962,0.37173043874737577,Fluad_168_PBMC
65963,65963,0.01569752700201641,Fluad_4_PBMC
65963,65963,0.15455381812048088,Fluad_8_PBMC
65963,65963,-0.2777596517440076,Fluad_24_PBMC
65963,65963,-0.0752074470271865,Fluad_48_PBMC
65963,65963,0.004456828641952045,Fluad_72_PBMC
65963,65963,0.052923247216390856,Fluad_168_PBMC
65973,65973,0.019192781736336855,Fluad_4_PBMC
65973,65973,0.0239219825107489,Fluad_8_PBMC
65973,65973,0.20681787810569358,Fluad_24_PBMC
65973,65973,0.07220935426017985,Fluad_48_PBMC
65973,65973,-0.036973805247797475,Fluad_72_PBMC
65973,65973,-0.17859737785763558,Fluad_168_PBMC
66042,66042,0.17450604185988128,Fluad_4_PBMC
66042,66042,0.19804506211002196,Fluad_8_PBMC
66042,66042,0.4817301379976149,Fluad_24_PBMC
66042,66042,0.4161604207514784,Fluad_48_PBMC
66042,66042,0.5287219892259832,Fluad_72_PBMC
66042,66042,0.43435985507180375,Fluad_168_PBMC
66046,66046,-0.24082954952047264,Fluad_4_PBMC
66046,66046,-0.19813624309520578,Fluad_8_PBMC
66046,66046,-0.22821288034818638,Fluad_24_PBMC
66046,66046,-0.21404291660074842,Fluad_48_PBMC
66046,66046,-0.25409819654190546,Fluad_72_PBMC
66046,66046,-0.15701491162825823,Fluad_168_PBMC
66058,66058,0.4026219442281924,Fluad_4_PBMC
66058,66058,0.814784808564586,Fluad_8_PBMC
66058,66058,0.24280596735772772,Fluad_24_PBMC
66058,66058,0.036743192685288834,Fluad_48_PBMC
66058,66058,0.3268064261327991,Fluad_72_PBMC
66058,66058,0.8140966949976186,Fluad_168_PBMC
66075,66075,0.1244629551736769,Fluad_4_PBMC
66075,66075,0.09956160954662706,Fluad_8_PBMC
66075,66075,0.2781258834293038,Fluad_24_PBMC
66075,66075,0.18889842746531493,Fluad_48_PBMC
66075,66075,0.22690375781900812,Fluad_72_PBMC
66075,66075,0.0320377481637517,Fluad_168_PBMC
66090,66090,0.052678790090188866,Fluad_4_PBMC
66090,66090,0.05579650498299961,Fluad_8_PBMC
66090,66090,0.06933910622780928,Fluad_24_PBMC
66090,66090,0.08594339599273555,Fluad_48_PBMC
66090,66090,0.12091539001340759,Fluad_72_PBMC
66090,66090,0.09462160473322162,Fluad_168_PBMC
66091,66091,0.13982066906542429,Fluad_4_PBMC
66091,66091,0.15322657473602977,Fluad_8_PBMC
66091,66091,0.15534710314348565,Fluad_24_PBMC
66091,66091,0.113504494944598,Fluad_48_PBMC
66091,66091,0.1376929147322143,Fluad_72_PBMC
66091,66091,0.11775864264738141,Fluad_168_PBMC
66107,66107,0.080792346072622645,Fluad_4_PBMC
66107,66107,0.15061276516852076,Fluad_8_PBMC
66107,66107,0.16593565722862383,Fluad_24_PBMC
66107,66107,-0.05469451776204157,Fluad_48_PBMC
66107,66107,-0.3083660625232394,Fluad_72_PBMC
66107,66107,-0.23838210463098228,Fluad_168_PBMC
66111,66111,-0.13136394848309615,Fluad_4_PBMC
66111,66111,-0.09586784757920465,Fluad_8_PBMC
66111,66111,-0.14343991738973694,Fluad_24_PBMC
66111,66111,-0.1548322568352281,Fluad_48_PBMC
66111,66111,-0.19231923860709793,Fluad_72_PBMC
66111,66111,-0.12748576823378324,Fluad_168_PBMC
66158,66158,0.2582640166534563,Fluad_4_PBMC
66158,66158,0.19320066907916356,Fluad_8_PBMC
66158,66158,0.5795259035260804,Fluad_24_PBMC
66158,66158,0.4109989237089261,Fluad_48_PBMC
66158,66158,0.4264993437429454,Fluad_72_PBMC
66158,66158,0.26265720701060125,Fluad_168_PBMC
66171,66171,-0.9789559029014314,Fluad_4_PBMC
66171,66171,-0.9287685598128419,Fluad_8_PBMC
66171,66171,-0.9050362688902351,Fluad_24_PBMC
66171,66171,-0.9392370538527414,Fluad_48_PBMC
66171,66171,-1.0132083107808307,Fluad_72_PBMC
66171,66171,-0.9346497210547893,Fluad_168_PBMC
66172,66172,-0.17676490506304626,Fluad_4_PBMC
66172,66172,-0.16071217575827085,Fluad_8_PBMC
66172,66172,-0.14471012176276546,Fluad_24_PBMC
66172,66172,-0.18638953197481226,Fluad_48_PBMC
66172,66172,-0.23919949496226714,Fluad_72_PBMC
66172,66172,-0.16469096494890578,Fluad_168_PBMC
66212,66212,0.1883406564073526,Fluad_4_PBMC
66212,66212,0.1805468134899131,Fluad_8_PBMC
66212,66212,0.14302625947507483,Fluad_24_PBMC
66212,66212,0.14921256162050267,Fluad_48_PBMC
66212,66212,0.12214581062080251,Fluad_72_PBMC
66212,66212,0.31507377523615876,Fluad_168_PBMC
66253,66253,-0.034131536540981416,Fluad_4_PBMC
66253,66253,-0.02031788019979734,Fluad_8_PBMC
66253,66253,0.21262302751056947,Fluad_24_PBMC
66253,66253,0.1370833213078252,Fluad_48_PBMC
66253,66253,0.18991162273619228,Fluad_72_PBMC
66253,66253,0.1069087052254151,Fluad_168_PBMC
66260,66260,0.6148465600673702,Fluad_4_PBMC
66260,66260,0.6218832629631874,Fluad_8_PBMC
66260,66260,0.8804939803170235,Fluad_24_PBMC
66260,66260,0.836912672779709,Fluad_48_PBMC
66260,66260,0.8340170663934838,Fluad_72_PBMC
66260,66260,0.636252776551465,Fluad_168_PBMC
66264,66264,-0.17322499354052062,Fluad_4_PBMC
66264,66264,-0.16739251316656567,Fluad_8_PBMC
66264,66264,-0.09517339080569424,Fluad_24_PBMC
66264,66264,-0.11496849078904546,Fluad_48_PBMC
66264,66264,-0.2289487522618151,Fluad_72_PBMC
66264,66264,-0.1927586770864273,Fluad_168_PBMC
66276,66276,-0.057138134732970136,Fluad_4_PBMC
66276,66276,-0.02871789901942982,Fluad_8_PBMC
66276,66276,-0.08473425287403599,Fluad_24_PBMC
66276,66276,-0.09778792574282913,Fluad_48_PBMC
66276,66276,-0.1352724562370485,Fluad_72_PBMC
66276,66276,-0.06129494987360008,Fluad_168_PBMC
66291,66291,-0.3207160655473064,Fluad_4_PBMC
66291,66291,-0.29110847181793864,Fluad_8_PBMC
66291,66291,-0.26564719609046017,Fluad_24_PBMC
66291,66291,-0.3858733724837093,Fluad_48_PBMC
66291,66291,-0.3413122627884547,Fluad_72_PBMC
66291,66291,-0.26482359983239684,Fluad_168_PBMC
66293,66293,-0.2914803189834446,Fluad_4_PBMC
66293,66293,-0.6017758449070327,Fluad_8_PBMC
66293,66293,-0.7170686849708954,Fluad_24_PBMC
66293,66293,-0.43958223001319596,Fluad_48_PBMC
66293,66293,-0.4941796505404899,Fluad_72_PBMC
66293,66293,0.1256617068669481,Fluad_168_PBMC
66315,66315,0.2251899280077791,Fluad_4_PBMC
66315,66315,0.21414251207469415,Fluad_8_PBMC
66315,66315,0.3495060650863526,Fluad_24_PBMC
66315,66315,0.250727693445941,Fluad_48_PBMC
66315,66315,0.2549524324432988,Fluad_72_PBMC
66315,66315,0.13671353780940954,Fluad_168_PBMC
66333,66333,0.2180583895006402,Fluad_4_PBMC
66333,66333,0.24612352990544092,Fluad_8_PBMC
66333,66333,0.7779219994916224,Fluad_24_PBMC
66333,66333,0.9613333679528495,Fluad_48_PBMC
66333,66333,1.0203907771228171,Fluad_72_PBMC
66333,66333,0.5486348061703648,Fluad_168_PBMC
66337,66337,-0.4789989072546389,Fluad_4_PBMC
66337,66337,-0.9321937093298436,Fluad_8_PBMC
66337,66337,-0.3565148214178152,Fluad_24_PBMC
66337,66337,-0.4346784073091492,Fluad_48_PBMC
66337,66337,0.12541224375198726,Fluad_72_PBMC
66337,66337,-0.17249474325103892,Fluad_168_PBMC
66350,66350,0.29041914185806195,Fluad_4_PBMC
66350,66350,0.3052018780285729,Fluad_8_PBMC
66350,66350,0.3437838378682322,Fluad_24_PBMC
66350,66350,0.27995668418285946,Fluad_48_PBMC
66350,66350,0.2474807472473348,Fluad_72_PBMC
66350,66350,0.14395309350192423,Fluad_168_PBMC
66366,66366,0.221379500898039,Fluad_4_PBMC
66366,66366,0.16706691555749226,Fluad_8_PBMC
66366,66366,0.1931255364335131,Fluad_24_PBMC
66366,66366,0.19438042942160058,Fluad_48_PBMC
66366,66366,0.2503144584969822,Fluad_72_PBMC
66366,66366,0.13278857147094186,Fluad_168_PBMC
66394,66394,-0.0822298957263473,Fluad_4_PBMC
66394,66394,-0.08065143739091125,Fluad_8_PBMC
66394,66394,-0.06425922870568204,Fluad_24_PBMC
66394,66394,-0.1246426967049425,Fluad_48_PBMC
66394,66394,-0.20323420281572346,Fluad_72_PBMC
66394,66394,-0.12223711124812782,Fluad_168_PBMC
66406,66406,-0.2156582338222625,Fluad_4_PBMC
66406,66406,-0.17221659269989284,Fluad_8_PBMC
66406,66406,-0.18695224391753834,Fluad_24_PBMC
66406,66406,-0.21940800676863384,Fluad_48_PBMC
66406,66406,-0.2487251730146748,Fluad_72_PBMC
66406,66406,-0.13038992119080572,Fluad_168_PBMC
66433,66433,0.21892958365310794,Fluad_4_PBMC
66433,66433,0.18334588623431328,Fluad_8_PBMC
66433,66433,0.20946721394659618,Fluad_24_PBMC
66433,66433,0.22733845739637434,Fluad_48_PBMC
66433,66433,0.3031121226136705,Fluad_72_PBMC
66433,66433,0.10337203138505009,Fluad_168_PBMC
66435,66435,0.4560885987682025,Fluad_4_PBMC
66435,66435,0.34879806455999074,Fluad_8_PBMC
66435,66435,0.364620973875169,Fluad_24_PBMC
66435,66435,0.43599587662857353,Fluad_48_PBMC
66435,66435,0.5292760317146494,Fluad_72_PBMC
66435,66435,0.4305651662715453,Fluad_168_PBMC
66440,66440,0.26436593523080965,Fluad_4_PBMC
66440,66440,0.31260411438421687,Fluad_8_PBMC
66440,66440,0.288407402954048,Fluad_24_PBMC
66440,66440,0.21866456989214025,Fluad_48_PBMC
66440,66440,0.1764352909061914,Fluad_72_PBMC
66440,66440,0.2626594398973381,Fluad_168_PBMC
66447,66447,0.1122540571866851,Fluad_4_PBMC
66447,66447,0.07662622621518904,Fluad_8_PBMC
66447,66447,0.15834241373680902,Fluad_24_PBMC
66447,66447,0.034671091345277086,Fluad_48_PBMC
66447,66447,0.2962204705994748,Fluad_72_PBMC
66447,66447,-0.04503381896382392,Fluad_168_PBMC
66460,66460,-0.015690690002895018,Fluad_4_PBMC
66460,66460,-0.01258726653782629,Fluad_8_PBMC
66460,66460,0.029553488399811503,Fluad_24_PBMC
66460,66460,0.044467273699402024,Fluad_48_PBMC
66460,66460,0.0844501830558745,Fluad_72_PBMC
66460,66460,0.08800405112352513,Fluad_168_PBMC
66461,66461,-0.1765269599007639,Fluad_4_PBMC
66461,66461,-0.09674077649234782,Fluad_8_PBMC
66461,66461,-0.14107736986646627,Fluad_24_PBMC
66461,66461,-0.1582863773344555,Fluad_48_PBMC
66461,66461,-0.17554311137073875,Fluad_72_PBMC
66461,66461,-0.11804026341154633,Fluad_168_PBMC
66462,66462,0.2282107226490954,Fluad_4_PBMC
66462,66462,0.22698780198562585,Fluad_8_PBMC
66462,66462,0.41172831385393005,Fluad_24_PBMC
66462,66462,0.14660269769527962,Fluad_48_PBMC
66462,66462,0.2336608696708044,Fluad_72_PBMC
66462,66462,0.22836905165834737,Fluad_168_PBMC
66467,66467,-0.17374112989554277,Fluad_4_PBMC
66467,66467,-0.21092961453122921,Fluad_8_PBMC
66467,66467,-0.11642234925009179,Fluad_24_PBMC
66467,66467,-0.17778530439444684,Fluad_48_PBMC
66467,66467,-0.22132895336750114,Fluad_72_PBMC
66467,66467,-0.22877480592659893,Fluad_168_PBMC
66471,66471,0.36333920036738093,Fluad_4_PBMC
66471,66471,0.26818399457698533,Fluad_8_PBMC
66471,66471,0.31897180256339586,Fluad_24_PBMC
66471,66471,0.3341895931846118,Fluad_48_PBMC
66471,66471,0.47980581080242213,Fluad_72_PBMC
66471,66471,0.19095235448326106,Fluad_168_PBMC
66473,66473,0.24567972210287548,Fluad_4_PBMC
66473,66473,0.09664037104933632,Fluad_8_PBMC
66473,66473,0.4035171934178259,Fluad_24_PBMC
66473,66473,0.32207039027981593,Fluad_48_PBMC
66473,66473,0.6040750600056894,Fluad_72_PBMC
66473,66473,0.3868858483759967,Fluad_168_PBMC
66493,66493,-0.11237237562917124,Fluad_4_PBMC
66493,66493,-0.08861330038641302,Fluad_8_PBMC
66493,66493,-0.13244878080514735,Fluad_24_PBMC
66493,66493,-0.10698799506276895,Fluad_48_PBMC
66493,66493,-0.1067857984821426,Fluad_72_PBMC
66493,66493,-0.0239455506376981,Fluad_168_PBMC
66496,66496,-0.10283907021623562,Fluad_4_PBMC
66496,66496,-0.07860245921580487,Fluad_8_PBMC
66496,66496,-0.08269569727208989,Fluad_24_PBMC
66496,66496,-0.09769242042702389,Fluad_48_PBMC
66496,66496,-0.1346228845312524,Fluad_72_PBMC
66496,66496,-0.05635192495503656,Fluad_168_PBMC
66515,66515,-0.21681230717650463,Fluad_4_PBMC
66515,66515,-0.19480460319146653,Fluad_8_PBMC
66515,66515,-0.21326992312046975,Fluad_24_PBMC
66515,66515,-0.21859521786376718,Fluad_48_PBMC
66515,66515,-0.20533918334613077,Fluad_72_PBMC
66515,66515,-0.19398269889397568,Fluad_168_PBMC
66530,66530,0.009352335396482059,Fluad_4_PBMC
66530,66530,0.042653682034276975,Fluad_8_PBMC
66530,66530,0.01972181353100727,Fluad_24_PBMC
66530,66530,-0.006336326366871273,Fluad_48_PBMC
66530,66530,-0.04145744199362349,Fluad_72_PBMC
66530,66530,-0.038141347448845266,Fluad_168_PBMC
66537,66537,-0.22338252705222733,Fluad_4_PBMC
66537,66537,-0.18828108856372444,Fluad_8_PBMC
66537,66537,-0.21602564871151386,Fluad_24_PBMC
66537,66537,-0.23479012226648038,Fluad_48_PBMC
66537,66537,-0.23617866542875562,Fluad_72_PBMC
66537,66537,-0.180024809398365,Fluad_168_PBMC
66541,66541,-0.35967692389692696,Fluad_4_PBMC
66541,66541,-0.28824404677167936,Fluad_8_PBMC
66541,66541,-0.22823124762611902,Fluad_24_PBMC
66541,66541,-0.3207524112914729,Fluad_48_PBMC
66541,66541,-0.3004951834198626,Fluad_72_PBMC
66541,66541,-0.3237168648367017,Fluad_168_PBMC
66548,66548,0.1837280319462395,Fluad_4_PBMC
66548,66548,0.07218701683642759,Fluad_8_PBMC
66548,66548,0.7094679553763814,Fluad_24_PBMC
66548,66548,0.6043115290994507,Fluad_48_PBMC
66548,66548,0.674408194535943,Fluad_72_PBMC
66548,66548,0.5951579829220601,Fluad_168_PBMC
66566,66566,-0.15842268098526105,Fluad_4_PBMC
66566,66566,-0.09838821906575851,Fluad_8_PBMC
66566,66566,-0.4471158465378499,Fluad_24_PBMC
66566,66566,-0.26356684513193696,Fluad_48_PBMC
66566,66566,-0.2688167029528327,Fluad_72_PBMC
66566,66566,-0.11293628768165451,Fluad_168_PBMC
66610,66610,0.30991393548976354,Fluad_4_PBMC
66610,66610,0.31037322755916735,Fluad_8_PBMC
66610,66610,0.3479381627595346,Fluad_24_PBMC
66610,66610,0.31857786463064486,Fluad_48_PBMC
66610,66610,0.3224470730535391,Fluad_72_PBMC
66610,66610,0.4525944006736351,Fluad_168_PBMC
66624,66624,0.2638353195716583,Fluad_4_PBMC
66624,66624,0.23595067077953766,Fluad_8_PBMC
66624,66624,0.5013780657073379,Fluad_24_PBMC
66624,66624,0.4423856379815819,Fluad_48_PBMC
66624,66624,0.4222123438648984,Fluad_72_PBMC
66624,66624,0.25142595745635454,Fluad_168_PBMC
66656,66656,0.10407534629385051,Fluad_4_PBMC
66656,66656,0.11582011291478675,Fluad_8_PBMC
66656,66656,0.14979626902460147,Fluad_24_PBMC
66656,66656,0.13251689761422106,Fluad_48_PBMC
66656,66656,0.16054155100159895,Fluad_72_PBMC
66656,66656,0.09697710010659205,Fluad_168_PBMC
66680,66680,0.14098544978156208,Fluad_4_PBMC
66680,66680,0.13078116354366798,Fluad_8_PBMC
66680,66680,0.16959299252441512,Fluad_24_PBMC
66680,66680,0.1327951985220353,Fluad_48_PBMC
66680,66680,0.15245106842127304,Fluad_72_PBMC
66680,66680,0.26916031185326617,Fluad_168_PBMC
66691,66691,0.2845972858153004,Fluad_4_PBMC
66691,66691,0.2635866501815454,Fluad_8_PBMC
66691,66691,0.329372430834977,Fluad_24_PBMC
66691,66691,0.259703325718059,Fluad_48_PBMC
66691,66691,0.4007128178466479,Fluad_72_PBMC
66691,66691,0.25401962052757276,Fluad_168_PBMC
66712,66712,0.276278727254412,Fluad_4_PBMC
66712,66712,0.23128085190878178,Fluad_8_PBMC
66712,66712,0.35574904083087905,Fluad_24_PBMC
66712,66712,0.48442231257077806,Fluad_48_PBMC
66712,66712,0.5869558284315396,Fluad_72_PBMC
66712,66712,0.4789342581072241,Fluad_168_PBMC
66743,66743,-0.11894053779857769,Fluad_4_PBMC
66743,66743,-0.09673309805897241,Fluad_8_PBMC
66743,66743,-0.1643963530120538,Fluad_24_PBMC
66743,66743,-0.1527436606917838,Fluad_48_PBMC
66743,66743,-0.1703381118051834,Fluad_72_PBMC
66743,66743,-0.13080468746559765,Fluad_168_PBMC
66779,66779,0.21604570334484713,Fluad_4_PBMC
66779,66779,0.17849041015520148,Fluad_8_PBMC
66779,66779,0.24980731135236375,Fluad_24_PBMC
66779,66779,0.5368156436537259,Fluad_48_PBMC
66779,66779,0.6593391479812867,Fluad_72_PBMC
66779,66779,0.6661557927807644,Fluad_168_PBMC
66809,66809,-0.8698076983620577,Fluad_4_PBMC
66809,66809,-0.7867814940103662,Fluad_8_PBMC
66809,66809,-0.3215422812444225,Fluad_24_PBMC
66809,66809,-0.8280351483914038,Fluad_48_PBMC
66809,66809,-1.1084821986670566,Fluad_72_PBMC
66809,66809,-1.2020093021535287,Fluad_168_PBMC
66824,66824,-0.09322693849832701,Fluad_4_PBMC
66824,66824,-0.07327791146424531,Fluad_8_PBMC
66824,66824,-0.09525325148284006,Fluad_24_PBMC
66824,66824,-0.13603684532036536,Fluad_48_PBMC
66824,66824,-0.17491095067749438,Fluad_72_PBMC
66824,66824,-0.08372181513952723,Fluad_168_PBMC
66849,66849,0.32164586075188384,Fluad_4_PBMC
66849,66849,0.3671851114844708,Fluad_8_PBMC
66849,66849,0.4839847145678162,Fluad_24_PBMC
66849,66849,0.4277339171811113,Fluad_48_PBMC
66849,66849,0.4663647828596641,Fluad_72_PBMC
66849,66849,0.4348729579722177,Fluad_168_PBMC
66874,66874,-0.1128552212823632,Fluad_4_PBMC
66874,66874,-0.17422437041822256,Fluad_8_PBMC
66874,66874,-0.372442102217357,Fluad_24_PBMC
66874,66874,-0.27757662519606796,Fluad_48_PBMC
66874,66874,-0.19242796109722088,Fluad_72_PBMC
66874,66874,0.031744959913363985,Fluad_168_PBMC
66910,66910,0.14284466639174503,Fluad_4_PBMC
66910,66910,0.13415046440538617,Fluad_8_PBMC
66910,66910,0.5419556219590089,Fluad_24_PBMC
66910,66910,0.48890655973259145,Fluad_48_PBMC
66910,66910,0.5717571132825017,Fluad_72_PBMC
66910,66910,0.4332864924812934,Fluad_168_PBMC
67025,67025,-0.17952337759717713,Fluad_4_PBMC
67025,67025,-0.1698807963427432,Fluad_8_PBMC
67025,67025,-0.193382387249177,Fluad_24_PBMC
67025,67025,-0.16500026972411952,Fluad_48_PBMC
67025,67025,-0.18151669474312943,Fluad_72_PBMC
67025,67025,-0.12700083164877213,Fluad_168_PBMC
67037,67037,0.18237892011677767,Fluad_4_PBMC
67037,67037,0.16363764576775763,Fluad_8_PBMC
67037,67037,0.21998742233365784,Fluad_24_PBMC
67037,67037,0.170493673063371,Fluad_48_PBMC
67037,67037,0.1963879388199155,Fluad_72_PBMC
67037,67037,0.23587185842226102,Fluad_168_PBMC
67049,67049,-0.198109196746438,Fluad_4_PBMC
67049,67049,-0.17291790067070853,Fluad_8_PBMC
67049,67049,-0.1381417882172172,Fluad_24_PBMC
67049,67049,-0.2389050310271177,Fluad_48_PBMC
67049,67049,-0.25916212463970933,Fluad_72_PBMC
67049,67049,-0.2673381218419597,Fluad_168_PBMC
67080,67080,0.2889914887844056,Fluad_4_PBMC
67080,67080,0.32071265882352434,Fluad_8_PBMC
67080,67080,0.6285366025266497,Fluad_24_PBMC
67080,67080,0.6048689200142423,Fluad_48_PBMC
67080,67080,0.6941575706581756,Fluad_72_PBMC
67080,67080,0.400455249900444,Fluad_168_PBMC
67106,67106,-0.2296935092871802,Fluad_4_PBMC
67106,67106,-0.17122775839719767,Fluad_8_PBMC
67106,67106,-0.19382877941580867,Fluad_24_PBMC
67106,67106,-0.21623941455095957,Fluad_48_PBMC
67106,67106,-0.23349978376838662,Fluad_72_PBMC
67106,67106,-0.1070236059116546,Fluad_168_PBMC
67111,67111,-0.07731855838581933,Fluad_4_PBMC
67111,67111,-0.05899996096017094,Fluad_8_PBMC
67111,67111,-0.29837877277373914,Fluad_24_PBMC
67111,67111,-0.24126353507893994,Fluad_48_PBMC
67111,67111,-0.1536777711683076,Fluad_72_PBMC
67111,67111,-0.153966534506268,Fluad_168_PBMC
67127,67127,-0.09946875178352765,Fluad_4_PBMC
67127,67127,-0.04202323406970693,Fluad_8_PBMC
67127,67127,0.46175383449238316,Fluad_24_PBMC
67127,67127,0.777876053180488,Fluad_48_PBMC
67127,67127,1.0178500129466252,Fluad_72_PBMC
67127,67127,0.5240169928581253,Fluad_168_PBMC
67181,67181,0.024032813459928495,Fluad_4_PBMC
67181,67181,0.041056115515909805,Fluad_8_PBMC
67181,67181,0.11924533176629021,Fluad_24_PBMC
67181,67181,0.07296204318226514,Fluad_48_PBMC
67181,67181,0.115004677635732,Fluad_72_PBMC
67181,67181,0.05035432451758311,Fluad_168_PBMC
67198,67198,0.4151712000584642,Fluad_4_PBMC
67198,67198,0.37675126195198927,Fluad_8_PBMC
67198,67198,1.2555937061086166,Fluad_24_PBMC
67198,67198,1.1007361162200169,Fluad_48_PBMC
67198,67198,1.3149554970497703,Fluad_72_PBMC
67198,67198,1.1376508729972725,Fluad_168_PBMC
67210,67210,0.13142859345286034,Fluad_4_PBMC
67210,67210,0.1867040276393963,Fluad_8_PBMC
67210,67210,0.10010858024251032,Fluad_24_PBMC
67210,67210,0.058175184521258715,Fluad_48_PBMC
67210,67210,-0.04046254919388705,Fluad_72_PBMC
67210,67210,-0.07561940198337322,Fluad_168_PBMC
67272,67272,-0.0064008490317706,Fluad_4_PBMC
67272,67272,0.020476281477184104,Fluad_8_PBMC
67272,67272,0.2672692660861616,Fluad_24_PBMC
67272,67272,0.15445016685938714,Fluad_48_PBMC
67272,67272,0.1796987103307844,Fluad_72_PBMC
67272,67272,-0.04270016633379682,Fluad_168_PBMC
67287,67287,-0.09876195656622791,Fluad_4_PBMC
67287,67287,-0.0940127595262445,Fluad_8_PBMC
67287,67287,-0.1395794091521464,Fluad_24_PBMC
67287,67287,-0.1251127082043155,Fluad_48_PBMC
67287,67287,-0.1788999572824992,Fluad_72_PBMC
67287,67287,-0.15613075948312988,Fluad_168_PBMC
67317,67317,0.5401669698796169,Fluad_4_PBMC
67317,67317,0.5381367808420153,Fluad_8_PBMC
67317,67317,0.9433287354401925,Fluad_24_PBMC
67317,67317,0.9322558615902314,Fluad_48_PBMC
67317,67317,0.9822879253210386,Fluad_72_PBMC
67317,67317,0.7589474353791157,Fluad_168_PBMC
67331,67331,0.9015312605256265,Fluad_4_PBMC
67331,67331,0.8481112796149477,Fluad_8_PBMC
67331,67331,1.160855779124159,Fluad_24_PBMC
67331,67331,1.2186637399775897,Fluad_48_PBMC
67331,67331,1.372729559200855,Fluad_72_PBMC
67331,67331,1.1044842996925273,Fluad_168_PBMC
67410,67410,0.3650605250259387,Fluad_4_PBMC
67410,67410,0.32265309382514934,Fluad_8_PBMC
67410,67410,0.6150409252239013,Fluad_24_PBMC
67410,67410,0.6121380393812192,Fluad_48_PBMC
67410,67410,0.7658406434008214,Fluad_72_PBMC
67410,67410,0.49928831531127027,Fluad_168_PBMC
67448,67448,-0.2759382257687718,Fluad_4_PBMC
67448,67448,-0.577452664242488,Fluad_8_PBMC
67448,67448,0.10895866680448807,Fluad_24_PBMC
67448,67448,-0.0735128214573423,Fluad_48_PBMC
67448,67448,-0.11837621692960262,Fluad_72_PBMC
67448,67448,0.21222471002099141,Fluad_168_PBMC
67474,67474,0.02230899562054224,Fluad_4_PBMC
67474,67474,-0.0019348174722576671,Fluad_8_PBMC
67474,67474,0.11649170763268689,Fluad_24_PBMC
67474,67474,0.06529638364401122,Fluad_48_PBMC
67474,67474,0.10962170715121587,Fluad_72_PBMC
67474,67474,-0.015419114043703651,Fluad_168_PBMC
67477,67477,-0.6545058707283087,Fluad_4_PBMC
67477,67477,-0.7005313010454834,Fluad_8_PBMC
67477,67477,-1.1467151814323486,Fluad_24_PBMC
67477,67477,-0.7075283138947913,Fluad_48_PBMC
67477,67477,-0.8524214191087819,Fluad_72_PBMC
67477,67477,-0.6033048804218337,Fluad_168_PBMC
67512,67512,-0.10756658821423082,Fluad_4_PBMC
67512,67512,-0.10093383396781806,Fluad_8_PBMC
67512,67512,-0.17555023438083023,Fluad_24_PBMC
67512,67512,-0.14019372482936115,Fluad_48_PBMC
67512,67512,-0.1861289939388075,Fluad_72_PBMC
67512,67512,-0.08729592488311567,Fluad_168_PBMC
67526,67526,0.14675497276502528,Fluad_4_PBMC
67526,67526,0.11201797163490794,Fluad_8_PBMC
67526,67526,0.19608362971622295,Fluad_24_PBMC
67526,67526,0.13723016061454046,Fluad_48_PBMC
67526,67526,0.16214874380194913,Fluad_72_PBMC
67526,67526,0.017915711591344755,Fluad_168_PBMC
67575,67575,0.6203146918904572,Fluad_4_PBMC
67575,67575,0.6428578774021649,Fluad_8_PBMC
67575,67575,0.8013884553667578,Fluad_24_PBMC
67575,67575,1.0873717292804095,Fluad_48_PBMC
67575,67575,1.3219551705649453,Fluad_72_PBMC
67575,67575,1.3919767406699166,Fluad_168_PBMC
67620,67620,0.07574139275777259,Fluad_4_PBMC
67620,67620,0.36694748383516973,Fluad_8_PBMC
67620,67620,0.3037345195846651,Fluad_24_PBMC
67620,67620,-0.020903554722360194,Fluad_48_PBMC
67620,67620,-0.9376334276245946,Fluad_72_PBMC
67620,67620,-0.19357663304461126,Fluad_168_PBMC
67657,67657,-0.2983023358966452,Fluad_4_PBMC
67657,67657,-0.22269115643217352,Fluad_8_PBMC
67657,67657,-0.4381203015970337,Fluad_24_PBMC
67657,67657,-0.404611615821606,Fluad_48_PBMC
67657,67657,-0.2506666260144309,Fluad_72_PBMC
67657,67657,-0.07948642543846673,Fluad_168_PBMC
67703,67703,0.29142069164925205,Fluad_4_PBMC
67703,67703,0.23305492054022178,Fluad_8_PBMC
67703,67703,0.2283731665279267,Fluad_24_PBMC
67703,67703,0.5702666550649154,Fluad_48_PBMC
67703,67703,0.5421269473442492,Fluad_72_PBMC
67703,67703,0.48134651629423975,Fluad_168_PBMC
67705,67705,0.38812409986399576,Fluad_4_PBMC
67705,67705,0.30449946106205017,Fluad_8_PBMC
67705,67705,0.362155182321175,Fluad_24_PBMC
67705,67705,0.32988436459666126,Fluad_48_PBMC
67705,67705,0.4560945494276664,Fluad_72_PBMC
67705,67705,0.21811405772963446,Fluad_168_PBMC
67711,67711,-0.16944622721836905,Fluad_4_PBMC
67711,67711,-0.1255879326732159,Fluad_8_PBMC
67711,67711,-0.15568717971899637,Fluad_24_PBMC
67711,67711,-0.1839329649169803,Fluad_48_PBMC
67711,67711,-0.2027749028995298,Fluad_72_PBMC
67711,67711,-0.11394843549998676,Fluad_168_PBMC
67712,67712,0.20056133096829834,Fluad_4_PBMC
67712,67712,0.14649488746223294,Fluad_8_PBMC
67712,67712,0.28374568772981035,Fluad_24_PBMC
67712,67712,0.21408461673263615,Fluad_48_PBMC
67712,67712,0.22867861742263246,Fluad_72_PBMC
67712,67712,0.08360728946201634,Fluad_168_PBMC
67722,67722,-0.2666343600517499,Fluad_4_PBMC
67722,67722,-0.1925502434950217,Fluad_8_PBMC
67722,67722,0.19020631868377136,Fluad_24_PBMC
67722,67722,0.4306671087314693,Fluad_48_PBMC
67722,67722,0.5249304968381259,Fluad_72_PBMC
67722,67722,0.42936870460792287,Fluad_168_PBMC
67739,67739,0.0944512725625258,Fluad_4_PBMC
67739,67739,0.04980170020654406,Fluad_8_PBMC
67739,67739,0.09871343991747869,Fluad_24_PBMC
67739,67739,0.053150697640081575,Fluad_48_PBMC
67739,67739,0.09769397445245187,Fluad_72_PBMC
67739,67739,-0.023668844015628597,Fluad_168_PBMC
67753,67753,0.16792376537751774,Fluad_4_PBMC
67753,67753,0.17092318186200878,Fluad_8_PBMC
67753,67753,0.36442974177194853,Fluad_24_PBMC
67753,67753,0.36561845523485687,Fluad_48_PBMC
67753,67753,0.5356820766323154,Fluad_72_PBMC
67753,67753,0.8210211165433461,Fluad_168_PBMC
67862,67862,0.15090325943110178,Fluad_4_PBMC
67862,67862,0.111604629215067,Fluad_8_PBMC
67862,67862,0.030128302829487336,Fluad_24_PBMC
67862,67862,0.17319650897581987,Fluad_48_PBMC
67862,67862,0.21485424158274635,Fluad_72_PBMC
67862,67862,0.27018558795847136,Fluad_168_PBMC
67877,67877,-0.24965037826878744,Fluad_4_PBMC
67877,67877,-0.22981656320691088,Fluad_8_PBMC
67877,67877,-0.22867549352946248,Fluad_24_PBMC
67877,67877,-0.2768199618921086,Fluad_48_PBMC
67877,67877,-0.3229620477664218,Fluad_72_PBMC
67877,67877,-0.2417339759686643,Fluad_168_PBMC
67885,67885,-0.2786059946838627,Fluad_4_PBMC
67885,67885,-0.1981186758118189,Fluad_8_PBMC
67885,67885,-0.1629388988142172,Fluad_24_PBMC
67885,67885,-0.23419279758647082,Fluad_48_PBMC
67885,67885,-0.3182162625695175,Fluad_72_PBMC
67885,67885,-0.22015008721568669,Fluad_168_PBMC
67893,67893,-0.24944611001944259,Fluad_4_PBMC
67893,67893,-0.04896878308716487,Fluad_8_PBMC
67893,67893,-0.5338111493900775,Fluad_24_PBMC
67893,67893,-0.14647752864039768,Fluad_48_PBMC
67893,67893,-0.13118932672188788,Fluad_72_PBMC
67893,67893,-6.18579513152577e-4,Fluad_168_PBMC
67926,67926,0.3610336868281102,Fluad_4_PBMC
67926,67926,0.2952538163316064,Fluad_8_PBMC
67926,67926,0.5774757859952033,Fluad_24_PBMC
67926,67926,0.5886934965456491,Fluad_48_PBMC
67926,67926,0.7210008117460285,Fluad_72_PBMC
67926,67926,0.36355524468005246,Fluad_168_PBMC
67938,67938,0.10594261516497652,Fluad_4_PBMC
67938,67938,0.10466872432697019,Fluad_8_PBMC
67938,67938,0.04763397280001492,Fluad_24_PBMC
67938,67938,0.0582164703619434,Fluad_48_PBMC
67938,67938,0.05865427910135418,Fluad_72_PBMC
67938,67938,0.0823764682264479,Fluad_168_PBMC
67963,67963,-0.19449691670398922,Fluad_4_PBMC
67963,67963,-0.16743370854713918,Fluad_8_PBMC
67963,67963,-0.20561871847493007,Fluad_24_PBMC
67963,67963,-0.1919919109755942,Fluad_48_PBMC
67963,67963,-0.20976125104836052,Fluad_72_PBMC
67963,67963,-0.13860818833835706,Fluad_168_PBMC
67981,67981,0.5086612598211833,Fluad_4_PBMC
67981,67981,0.29603717563593207,Fluad_8_PBMC
67981,67981,0.43921414724277474,Fluad_24_PBMC
67981,67981,0.6706618883969706,Fluad_48_PBMC
67981,67981,0.7118092420009048,Fluad_72_PBMC
67981,67981,0.0737579289582199,Fluad_168_PBMC
68028,68028,-0.15835811625330287,Fluad_4_PBMC
68028,68028,-0.12477242179379013,Fluad_8_PBMC
68028,68028,-0.14345639351281653,Fluad_24_PBMC
68028,68028,-0.16801789573377685,Fluad_48_PBMC
68028,68028,-0.22282445130342862,Fluad_72_PBMC
68028,68028,-0.17230615316484021,Fluad_168_PBMC
68032,68032,-0.17784964167406725,Fluad_4_PBMC
68032,68032,-0.11740509529801058,Fluad_8_PBMC
68032,68032,-0.15785812019003373,Fluad_24_PBMC
68032,68032,-0.18436967535862056,Fluad_48_PBMC
68032,68032,-0.2250018443138203,Fluad_72_PBMC
68032,68032,-0.1894519429277286,Fluad_168_PBMC
68137,68137,0.19536202093478522,Fluad_4_PBMC
68137,68137,0.030356397621371836,Fluad_8_PBMC
68137,68137,-0.0977438045441428,Fluad_24_PBMC
68137,68137,0.15921661985293586,Fluad_48_PBMC
68137,68137,0.41806019656600946,Fluad_72_PBMC
68137,68137,0.5187710307036518,Fluad_168_PBMC
68194,68194,-0.2402730604044236,Fluad_4_PBMC
68194,68194,-0.17914128132416818,Fluad_8_PBMC
68194,68194,-0.1897693169758511,Fluad_24_PBMC
68194,68194,-0.2245560944922026,Fluad_48_PBMC
68194,68194,-0.23644194759279485,Fluad_72_PBMC
68194,68194,-0.17796138739912745,Fluad_168_PBMC
68235,68235,-0.07395224718334371,Fluad_4_PBMC
68235,68235,-0.11130270976266167,Fluad_8_PBMC
68235,68235,0.09117434566145426,Fluad_24_PBMC
68235,68235,-0.032549605128407114,Fluad_48_PBMC
68235,68235,-0.05011247645713331,Fluad_72_PBMC
68235,68235,-0.15346313852568577,Fluad_168_PBMC
68304,68304,-1.3558087359034625,Fluad_4_PBMC
68304,68304,0.05780960519570259,Fluad_8_PBMC
68304,68304,-0.001183182772355379,Fluad_24_PBMC
68304,68304,-0.2623605223984325,Fluad_48_PBMC
68304,68304,-0.1689708153591582,Fluad_72_PBMC
68304,68304,-0.2358122537500691,Fluad_168_PBMC
68316,68316,0.22251104132205884,Fluad_4_PBMC
68316,68316,0.2701493155696962,Fluad_8_PBMC
68316,68316,0.44132459968241655,Fluad_24_PBMC
68316,68316,0.4583978566330493,Fluad_48_PBMC
68316,68316,0.5002922090351136,Fluad_72_PBMC
68316,68316,0.33076510846001084,Fluad_168_PBMC
68350,68350,-0.1036425586985065,Fluad_4_PBMC
68350,68350,-0.11222958925599136,Fluad_8_PBMC
68350,68350,-0.2820625129963951,Fluad_24_PBMC
68350,68350,-0.18942598918869874,Fluad_48_PBMC
68350,68350,-0.20284158006971276,Fluad_72_PBMC
68350,68350,-0.1020433930627601,Fluad_168_PBMC
68423,68423,0.11662353596699028,Fluad_4_PBMC
68423,68423,0.07264401735814308,Fluad_8_PBMC
68423,68423,0.2006125222593369,Fluad_24_PBMC
68423,68423,0.1831779357350432,Fluad_48_PBMC
68423,68423,0.24524964149921405,Fluad_72_PBMC
68423,68423,0.15103192316827171,Fluad_168_PBMC
68441,68441,0.11280732197053184,Fluad_4_PBMC
68441,68441,0.11889943541138552,Fluad_8_PBMC
68441,68441,0.07137989512941767,Fluad_24_PBMC
68441,68441,0.033132495976238414,Fluad_48_PBMC
68441,68441,0.48980434410022466,Fluad_72_PBMC
68441,68441,0.11593707802562969,Fluad_168_PBMC
68453,68453,0.4051419061389588,Fluad_4_PBMC
68453,68453,0.3693477791345151,Fluad_8_PBMC
68453,68453,0.5601666474332665,Fluad_24_PBMC
68453,68453,0.52266797903861,Fluad_48_PBMC
68453,68453,0.6316250159024235,Fluad_72_PBMC
68453,68453,0.3579175458715897,Fluad_168_PBMC
68477,68477,0.42237312725153703,Fluad_4_PBMC
68477,68477,0.3663005886112428,Fluad_8_PBMC
68477,68477,0.4610654025987216,Fluad_24_PBMC
68477,68477,0.42082725046412167,Fluad_48_PBMC
68477,68477,0.48905303903205327,Fluad_72_PBMC
68477,68477,0.2580212340997611,Fluad_168_PBMC
68505,68505,0.18116250667953493,Fluad_4_PBMC
68505,68505,0.18603803507863612,Fluad_8_PBMC
68505,68505,0.275027914742305,Fluad_24_PBMC
68505,68505,0.27912066413953324,Fluad_48_PBMC
68505,68505,0.324935651178586,Fluad_72_PBMC
68505,68505,0.30513819654692387,Fluad_168_PBMC
68511,68511,0.5432014507332219,Fluad_4_PBMC
68511,68511,0.6308827537643618,Fluad_8_PBMC
68511,68511,0.6834881731401727,Fluad_24_PBMC
68511,68511,0.4991552740046031,Fluad_48_PBMC
68511,68511,0.6521195595713833,Fluad_72_PBMC
68511,68511,1.6675735561758809,Fluad_168_PBMC
68701,68701,0.1777244179407314,Fluad_4_PBMC
68701,68701,0.09046393761665075,Fluad_8_PBMC
68701,68701,0.45894019806853137,Fluad_24_PBMC
68701,68701,0.5672923652549152,Fluad_48_PBMC
68701,68701,0.6137281711094071,Fluad_72_PBMC
68701,68701,0.40234581445334583,Fluad_168_PBMC
68713,68713,0.08103920635762227,Fluad_4_PBMC
68713,68713,0.0956582456564368,Fluad_8_PBMC
68713,68713,0.22971095686093754,Fluad_24_PBMC
68713,68713,0.09002939400106746,Fluad_48_PBMC
68713,68713,-0.11254843602900996,Fluad_72_PBMC
68713,68713,-0.030984947149627462,Fluad_168_PBMC
68718,68718,-0.12613454341961006,Fluad_4_PBMC
68718,68718,-0.11365203561595083,Fluad_8_PBMC
68718,68718,-0.13389235232234808,Fluad_24_PBMC
68718,68718,-0.13727350733493363,Fluad_48_PBMC
68718,68718,-0.18504026626730682,Fluad_72_PBMC
68718,68718,-0.1241454325938468,Fluad_168_PBMC
68742,68742,-0.2002354843735266,Fluad_4_PBMC
68742,68742,-0.14625013554266492,Fluad_8_PBMC
68742,68742,-0.23387513227581666,Fluad_24_PBMC
68742,68742,-0.13478097925736365,Fluad_48_PBMC
68742,68742,-0.23722740494499076,Fluad_72_PBMC
68742,68742,-0.1272281302370134,Fluad_168_PBMC
68839,68839,-0.14895941423115067,Fluad_4_PBMC
68839,68839,-0.14854914576597705,Fluad_8_PBMC
68839,68839,-0.24606359720116727,Fluad_24_PBMC
68839,68839,-0.27452427483372516,Fluad_48_PBMC
68839,68839,-0.2719912137498966,Fluad_72_PBMC
68839,68839,-0.14167608404350196,Fluad_168_PBMC
68874,68874,-0.4283692831661863,Fluad_4_PBMC
68874,68874,0.41387901593401105,Fluad_8_PBMC
68874,68874,-0.06527856342423348,Fluad_24_PBMC
68874,68874,-0.07463748889651298,Fluad_48_PBMC
68874,68874,-0.44202013878893454,Fluad_72_PBMC
68874,68874,-0.5043347486304699,Fluad_168_PBMC
68888,68888,0.2687509631638677,Fluad_4_PBMC
68888,68888,0.25816761461936727,Fluad_8_PBMC
68888,68888,0.4754253498370485,Fluad_24_PBMC
68888,68888,0.40940704267470274,Fluad_48_PBMC
68888,68888,0.4604432180204272,Fluad_72_PBMC
68888,68888,0.41897193755550827,Fluad_168_PBMC
68917,68917,-0.188559397207622,Fluad_4_PBMC
68917,68917,-0.12487940055141296,Fluad_8_PBMC
68917,68917,-0.13776379995363705,Fluad_24_PBMC
68917,68917,-0.19007921143756995,Fluad_48_PBMC
68917,68917,-0.26742150594921293,Fluad_72_PBMC
68917,68917,-0.07372124518770659,Fluad_168_PBMC
68971,68971,0.8264201161716287,Fluad_4_PBMC
68971,68971,0.6428656216092683,Fluad_8_PBMC
68971,68971,0.5942619038645267,Fluad_24_PBMC
68971,68971,0.7586455313996882,Fluad_48_PBMC
68971,68971,0.9461735453482308,Fluad_72_PBMC
68971,68971,1.2399188970961617,Fluad_168_PBMC
68991,68991,-0.09962834311415482,Fluad_4_PBMC
68991,68991,-0.06395089423326097,Fluad_8_PBMC
68991,68991,-0.10238215205014765,Fluad_24_PBMC
68991,68991,-0.08105590413676846,Fluad_48_PBMC
68991,68991,-0.14008034705444225,Fluad_72_PBMC
68991,68991,-0.023545721602402488,Fluad_168_PBMC
69010,69010,0.05815467632460189,Fluad_4_PBMC
69010,69010,0.06613023708965328,Fluad_8_PBMC
69010,69010,0.10745724083461884,Fluad_24_PBMC
69010,69010,0.05221462269754701,Fluad_48_PBMC
69010,69010,0.09348244415357079,Fluad_72_PBMC
69010,69010,8.739360817008879e-6,Fluad_168_PBMC
69046,69046,0.17149806415922708,Fluad_4_PBMC
69046,69046,0.09942084289777553,Fluad_8_PBMC
69046,69046,0.0977817579775922,Fluad_24_PBMC
69046,69046,0.11637588106488649,Fluad_48_PBMC
69046,69046,0.18626050112199088,Fluad_72_PBMC
69046,69046,0.09326292750105637,Fluad_168_PBMC
69064,69064,0.23154090916091608,Fluad_4_PBMC
69064,69064,0.19450550493291072,Fluad_8_PBMC
69064,69064,0.4710094572171294,Fluad_24_PBMC
69064,69064,0.34653978554506976,Fluad_48_PBMC
69064,69064,0.38226970247078196,Fluad_72_PBMC
69064,69064,0.41292375074006765,Fluad_168_PBMC
69121,69121,0.4202272682315414,Fluad_4_PBMC
69121,69121,1.1839569700083068,Fluad_8_PBMC
69121,69121,1.0052207742673476,Fluad_24_PBMC
69121,69121,0.45031306587957864,Fluad_48_PBMC
69121,69121,0.7166539726005836,Fluad_72_PBMC
69121,69121,0.5017506342036396,Fluad_168_PBMC
69126,69126,-0.11979323183186891,Fluad_4_PBMC
69126,69126,-0.040942704850481314,Fluad_8_PBMC
69126,69126,-0.04339829531987405,Fluad_24_PBMC
69126,69126,-0.06366560596920483,Fluad_48_PBMC
69126,69126,-0.15230802024596996,Fluad_72_PBMC
69126,69126,-0.06808460272028431,Fluad_168_PBMC
69161,69161,-0.06421232494648382,Fluad_4_PBMC
69161,69161,0.022290610994324007,Fluad_8_PBMC
69161,69161,-0.042475922679729196,Fluad_24_PBMC
69161,69161,-0.07244560985115767,Fluad_48_PBMC
69161,69161,-0.1406023049528889,Fluad_72_PBMC
69161,69161,-0.02703117379516164,Fluad_168_PBMC
69189,69189,0.07364228852085455,Fluad_4_PBMC
69189,69189,0.12643478105652345,Fluad_8_PBMC
69189,69189,0.008167822925948295,Fluad_24_PBMC
69189,69189,-0.061838553093709815,Fluad_48_PBMC
69189,69189,-0.2027616638568131,Fluad_72_PBMC
69189,69189,-0.03743737366960062,Fluad_168_PBMC
69274,69274,0.4765985885351285,Fluad_4_PBMC
69274,69274,0.32449117057671956,Fluad_8_PBMC
69274,69274,0.5697751593884733,Fluad_24_PBMC
69274,69274,0.6116001327968014,Fluad_48_PBMC
69274,69274,0.5722497082071774,Fluad_72_PBMC
69274,69274,0.42530539556166824,Fluad_168_PBMC
69288,69288,-0.1849186364152097,Fluad_4_PBMC
69288,69288,-0.34473959549957944,Fluad_8_PBMC
69288,69288,-0.35199653982800716,Fluad_24_PBMC
69288,69288,0.006032882244652607,Fluad_48_PBMC
69288,69288,0.039213059522904575,Fluad_72_PBMC
69288,69288,0.3032636115586569,Fluad_168_PBMC
69296,69296,-0.1974816151937476,Fluad_4_PBMC
69296,69296,-0.44424606790146093,Fluad_8_PBMC
69296,69296,-0.5132972461955961,Fluad_24_PBMC
69296,69296,-0.2896769773789786,Fluad_48_PBMC
69296,69296,-0.33655592440951454,Fluad_72_PBMC
69296,69296,-0.15033389231416158,Fluad_168_PBMC
69301,69301,-0.2002563894850784,Fluad_4_PBMC
69301,69301,-0.4353901572474828,Fluad_8_PBMC
69301,69301,-0.20520884647169324,Fluad_24_PBMC
69301,69301,0.2474298513364635,Fluad_48_PBMC
69301,69301,-0.17171763147012892,Fluad_72_PBMC
69301,69301,0.6989702939489549,Fluad_168_PBMC
69305,69305,0.21121646457212295,Fluad_4_PBMC
69305,69305,0.16448167903795474,Fluad_8_PBMC
69305,69305,0.20717214871213552,Fluad_24_PBMC
69305,69305,0.18869409584697572,Fluad_48_PBMC
69305,69305,0.2083085789230802,Fluad_72_PBMC
69305,69305,0.44518768390655616,Fluad_168_PBMC
69318,69318,0.24983256117064415,Fluad_4_PBMC
69318,69318,0.22301413083079122,Fluad_8_PBMC
69318,69318,0.3130113763062275,Fluad_24_PBMC
69318,69318,0.33591067704067534,Fluad_48_PBMC
69318,69318,0.40383402710213584,Fluad_72_PBMC
69318,69318,0.3133985484748495,Fluad_168_PBMC
69398,69398,-0.1230750623139896,Fluad_4_PBMC
69398,69398,-0.05371089794275523,Fluad_8_PBMC
69398,69398,0.18358566948076366,Fluad_24_PBMC
69398,69398,0.17444419053426174,Fluad_48_PBMC
69398,69398,0.2325748488706838,Fluad_72_PBMC
69398,69398,-0.06543771938543666,Fluad_168_PBMC
69431,69431,-0.9017973336130705,Fluad_4_PBMC
69431,69431,-0.6348495551634106,Fluad_8_PBMC
69431,69431,-0.898664485802087,Fluad_24_PBMC
69431,69431,-0.7033097436553672,Fluad_48_PBMC
69431,69431,-0.8956515291084652,Fluad_72_PBMC
69431,69431,-0.23235024913191266,Fluad_168_PBMC
69449,69449,0.3517744954025271,Fluad_4_PBMC
69449,69449,0.3453435328930696,Fluad_8_PBMC
69449,69449,0.47316827325373856,Fluad_24_PBMC
69449,69449,0.32255065615867856,Fluad_48_PBMC
69449,69449,0.3972170092555014,Fluad_72_PBMC
69449,69449,0.4461754460527194,Fluad_168_PBMC
69454,69454,0.49226040774502455,Fluad_4_PBMC
69454,69454,0.14373195589346055,Fluad_8_PBMC
69454,69454,0.6328325248876825,Fluad_24_PBMC
69454,69454,0.6596859690131338,Fluad_48_PBMC
69454,69454,0.7672859798791072,Fluad_72_PBMC
69454,69454,0.8501080797821619,Fluad_168_PBMC
69459,69459,0.24236113212906432,Fluad_4_PBMC
69459,69459,0.18249323348967617,Fluad_8_PBMC
69459,69459,0.3002479654736222,Fluad_24_PBMC
69459,69459,0.1981481150881128,Fluad_48_PBMC
69459,69459,0.27136855412252703,Fluad_72_PBMC
69459,69459,0.19128909891628182,Fluad_168_PBMC
69632,69632,0.6085532967482254,Fluad_4_PBMC
69632,69632,0.5374703296868822,Fluad_8_PBMC
69632,69632,0.36248184084397517,Fluad_24_PBMC
69632,69632,0.531736944734508,Fluad_48_PBMC
69632,69632,0.5891032361676996,Fluad_72_PBMC
69632,69632,0.41866695752958916,Fluad_168_PBMC
69642,69642,0.25972951828976953,Fluad_4_PBMC
69642,69642,0.6455454447787929,Fluad_8_PBMC
69642,69642,0.15681463882438465,Fluad_24_PBMC
69642,69642,0.05381549828917606,Fluad_48_PBMC
69642,69642,-0.3350027879545161,Fluad_72_PBMC
69642,69642,-0.09889985847369925,Fluad_168_PBMC
69671,69671,-0.675004117306915,Fluad_4_PBMC
69671,69671,0.3508410512186364,Fluad_8_PBMC
69671,69671,0.29012262471684874,Fluad_24_PBMC
69671,69671,0.3572628793133519,Fluad_48_PBMC
69671,69671,0.15191928767657034,Fluad_72_PBMC
69671,69671,0.30973008283090986,Fluad_168_PBMC
69699,69699,0.2853489494002845,Fluad_4_PBMC
69699,69699,0.22518533030206622,Fluad_8_PBMC
69699,69699,0.34295124324902354,Fluad_24_PBMC
69699,69699,0.25834171234997194,Fluad_48_PBMC
69699,69699,0.3700136948382369,Fluad_72_PBMC
69699,69699,0.35695581208012056,Fluad_168_PBMC
69742,69742,0.2130068985848093,Fluad_4_PBMC
69742,69742,0.24248443720358598,Fluad_8_PBMC
69742,69742,0.2690085807378469,Fluad_24_PBMC
69742,69742,0.3505491582317851,Fluad_48_PBMC
69742,69742,0.4100176002651197,Fluad_72_PBMC
69742,69742,0.32143153372763206,Fluad_168_PBMC
69757,69757,0.024542539991293896,Fluad_4_PBMC
69757,69757,0.08739248755635384,Fluad_8_PBMC
69757,69757,-0.2404006513134842,Fluad_24_PBMC
69757,69757,-0.03204557484287081,Fluad_48_PBMC
69757,69757,-0.3062052663186803,Fluad_72_PBMC
69757,69757,0.4259210441987331,Fluad_168_PBMC
69810,69810,0.14475525180544643,Fluad_4_PBMC
69810,69810,0.0012132745871389627,Fluad_8_PBMC
69810,69810,-0.07986177878034607,Fluad_24_PBMC
69810,69810,-0.040400970082693374,Fluad_48_PBMC
69810,69810,0.25906661015916843,Fluad_72_PBMC
69810,69810,0.3159398118666634,Fluad_168_PBMC
69826,69826,0.37189257724563585,Fluad_4_PBMC
69826,69826,0.13015927103714203,Fluad_8_PBMC
69826,69826,0.5940009423013624,Fluad_24_PBMC
69826,69826,0.7150569466561231,Fluad_48_PBMC
69826,69826,0.9958973738019115,Fluad_72_PBMC
69826,69826,0.7088155833115524,Fluad_168_PBMC
69836,69836,0.42084405494133037,Fluad_4_PBMC
69836,69836,0.6396235520021125,Fluad_8_PBMC
69836,69836,1.0714897912512056,Fluad_24_PBMC
69836,69836,0.954303072054774,Fluad_48_PBMC
69836,69836,1.0205327825695565,Fluad_72_PBMC
69836,69836,0.39615336844218585,Fluad_168_PBMC
69864,69864,2.2910922022977287,Fluad_4_PBMC
69864,69864,2.42803308290936,Fluad_8_PBMC
69864,69864,2.83751840996821,Fluad_24_PBMC
69864,69864,1.8933897990933584,Fluad_48_PBMC
69864,69864,2.1381132180044906,Fluad_72_PBMC
69864,69864,1.82942342193673,Fluad_168_PBMC
69926,69926,0.29754030118739627,Fluad_4_PBMC
69926,69926,0.30765629717073084,Fluad_8_PBMC
69926,69926,0.30403939048309225,Fluad_24_PBMC
69926,69926,0.2957833089799701,Fluad_48_PBMC
69926,69926,0.2935710893322993,Fluad_72_PBMC
69926,69926,0.40081211116365706,Fluad_168_PBMC
69928,69928,0.19661314445733133,Fluad_4_PBMC
69928,69928,0.3971819787281665,Fluad_8_PBMC
69928,69928,0.5862580569384739,Fluad_24_PBMC
69928,69928,0.29264441725441537,Fluad_48_PBMC
69928,69928,0.8430031970293725,Fluad_72_PBMC
69928,69928,0.6345142653254234,Fluad_168_PBMC
69938,69938,-1.3536838342601372,Fluad_4_PBMC
69938,69938,-1.0658499745768202,Fluad_8_PBMC
69938,69938,-1.1428577907349888,Fluad_24_PBMC
69938,69938,-0.6441996390513421,Fluad_48_PBMC
69938,69938,-0.9104186982256124,Fluad_72_PBMC
69938,69938,-1.1973772611030382,Fluad_168_PBMC
70059,70059,-0.00919640249811094,Fluad_4_PBMC
70059,70059,-0.059821022601815,Fluad_8_PBMC
70059,70059,0.12825594864328624,Fluad_24_PBMC
70059,70059,-0.054206469852199596,Fluad_48_PBMC
70059,70059,-0.23794949567245074,Fluad_72_PBMC
70059,70059,-0.2858705710675315,Fluad_168_PBMC
70081,70081,-0.3881803072079134,Fluad_4_PBMC
70081,70081,-0.32411548645715627,Fluad_8_PBMC
70081,70081,-0.3239956786360762,Fluad_24_PBMC
70081,70081,-0.3018986444213869,Fluad_48_PBMC
70081,70081,-0.34759510493507195,Fluad_72_PBMC
70081,70081,-0.2795502573735636,Fluad_168_PBMC
70227,70227,-0.15358870617367668,Fluad_4_PBMC
70227,70227,-0.17479229941718263,Fluad_8_PBMC
70227,70227,-0.17122906939554847,Fluad_24_PBMC
70227,70227,-0.15490241742380292,Fluad_48_PBMC
70227,70227,-0.019247603429047834,Fluad_72_PBMC
70227,70227,0.43460363663773455,Fluad_168_PBMC
70231,70231,0.21169421185749526,Fluad_4_PBMC
70231,70231,0.1793354789477514,Fluad_8_PBMC
70231,70231,0.40369727241323183,Fluad_24_PBMC
70231,70231,0.3423554751691841,Fluad_48_PBMC
70231,70231,0.33513592450420737,Fluad_72_PBMC
70231,70231,0.17541985919689643,Fluad_168_PBMC
70310,70310,0.09788499126182332,Fluad_4_PBMC
70310,70310,0.060604295922587335,Fluad_8_PBMC
70310,70310,0.2186039837766157,Fluad_24_PBMC
70310,70310,0.19023477338360162,Fluad_48_PBMC
70310,70310,0.21744575563636032,Fluad_72_PBMC
70310,70310,0.25091485084213655,Fluad_168_PBMC
70316,70316,-0.2261774048023823,Fluad_4_PBMC
70316,70316,-0.18816566120184308,Fluad_8_PBMC
70316,70316,-0.21961819527410023,Fluad_24_PBMC
70316,70316,-0.2299984301226526,Fluad_48_PBMC
70316,70316,-0.24348081861234178,Fluad_72_PBMC
70316,70316,-0.16982527158532068,Fluad_168_PBMC
70350,70350,0.054523932922171406,Fluad_4_PBMC
70350,70350,0.09092394656958082,Fluad_8_PBMC
70350,70350,0.37622817266124264,Fluad_24_PBMC
70350,70350,0.23673921164713801,Fluad_48_PBMC
70350,70350,0.2579153199596163,Fluad_72_PBMC
70350,70350,0.18494326458887772,Fluad_168_PBMC
70375,70375,-0.057041350879189615,Fluad_4_PBMC
70375,70375,-0.036832424114726314,Fluad_8_PBMC
70375,70375,0.13533294768262188,Fluad_24_PBMC
70375,70375,0.1497924425813147,Fluad_48_PBMC
70375,70375,0.25390727780471267,Fluad_72_PBMC
70375,70375,-0.07340974171367694,Fluad_168_PBMC
70435,70435,0.22637213923838684,Fluad_4_PBMC
70435,70435,0.18193480524054445,Fluad_8_PBMC
70435,70435,0.1270205349847365,Fluad_24_PBMC
70435,70435,0.19264717339601894,Fluad_48_PBMC
70435,70435,0.18311046763470862,Fluad_72_PBMC
70435,70435,0.13377134244716266,Fluad_168_PBMC
70450,70450,0.1686363585602737,Fluad_4_PBMC
70450,70450,0.11418050673375832,Fluad_8_PBMC
70450,70450,0.2774826628199854,Fluad_24_PBMC
70450,70450,0.22023860107439255,Fluad_48_PBMC
70450,70450,0.3076132453693817,Fluad_72_PBMC
70450,70450,0.14641269199250143,Fluad_168_PBMC
70470,70470,0.17675236267916128,Fluad_4_PBMC
70470,70470,0.2172745197505203,Fluad_8_PBMC
70470,70470,0.289569462411004,Fluad_24_PBMC
70470,70470,0.1884842613612953,Fluad_48_PBMC
70470,70470,0.199389542070188,Fluad_72_PBMC
70470,70470,0.07432276986704311,Fluad_168_PBMC
70503,70503,0.786822924694559,Fluad_4_PBMC
70503,70503,0.9354862428411597,Fluad_8_PBMC
70503,70503,1.1708700641165954,Fluad_24_PBMC
70503,70503,1.101202956354445,Fluad_48_PBMC
70503,70503,1.623173189404248,Fluad_72_PBMC
70503,70503,1.3788448134074467,Fluad_168_PBMC
70604,70604,0.24956393574571467,Fluad_4_PBMC
70604,70604,0.23176724881587069,Fluad_8_PBMC
70604,70604,0.3074750162329462,Fluad_24_PBMC
70604,70604,0.2944412479564272,Fluad_48_PBMC
70604,70604,0.3066729871626367,Fluad_72_PBMC
70604,70604,0.2687134515596552,Fluad_168_PBMC
70729,70729,0.2407431028744569,Fluad_4_PBMC
70729,70729,0.22995100469052004,Fluad_8_PBMC
70729,70729,0.24469590902983335,Fluad_24_PBMC
70729,70729,0.24472745062692097,Fluad_48_PBMC
70729,70729,0.2483003334824193,Fluad_72_PBMC
70729,70729,0.3595846591948918,Fluad_168_PBMC
70827,70827,0.3618614230769786,Fluad_4_PBMC
70827,70827,0.31316522963856547,Fluad_8_PBMC
70827,70827,0.4704001985805635,Fluad_24_PBMC
70827,70827,0.3980517652549093,Fluad_48_PBMC
70827,70827,0.6160557682171777,Fluad_72_PBMC
70827,70827,0.26183582728390764,Fluad_168_PBMC
70894,70894,0.7222551947107035,Fluad_4_PBMC
70894,70894,0.47526313654082997,Fluad_8_PBMC
70894,70894,0.21243134822217888,Fluad_24_PBMC
70894,70894,0.03734695823697831,Fluad_48_PBMC
70894,70894,0.35879328833543056,Fluad_72_PBMC
70894,70894,0.6985061975058544,Fluad_168_PBMC
71090,71090,0.6082608158476888,Fluad_4_PBMC
71090,71090,0.13241369640592054,Fluad_8_PBMC
71090,71090,0.24998381811779954,Fluad_24_PBMC
71090,71090,0.17274346364690082,Fluad_48_PBMC
71090,71090,-0.18668464027207368,Fluad_72_PBMC
71090,71090,-0.4337669986510448,Fluad_168_PBMC
71091,71091,0.10998943547100457,Fluad_4_PBMC
71091,71091,0.052730089493597566,Fluad_8_PBMC
71091,71091,0.12428654302492657,Fluad_24_PBMC
71091,71091,0.07545995612743789,Fluad_48_PBMC
71091,71091,0.16651112385411423,Fluad_72_PBMC
71091,71091,-0.0500925189244301,Fluad_168_PBMC
71162,71162,0.388978856916081,Fluad_4_PBMC
71162,71162,0.3991565504932579,Fluad_8_PBMC
71162,71162,0.8653130204295452,Fluad_24_PBMC
71162,71162,0.6352070022941816,Fluad_48_PBMC
71162,71162,0.8700303923667236,Fluad_72_PBMC
71162,71162,0.38015960498966134,Fluad_168_PBMC
71236,71236,0.8794679438309845,Fluad_4_PBMC
71236,71236,1.1082495290208785,Fluad_8_PBMC
71236,71236,1.016213110018908,Fluad_24_PBMC
71236,71236,1.252439473265571,Fluad_48_PBMC
71236,71236,1.079179053156626,Fluad_72_PBMC
71236,71236,1.9510059189808007,Fluad_168_PBMC
71276,71276,0.13116160972043867,Fluad_4_PBMC
71276,71276,0.12990915807366216,Fluad_8_PBMC
71276,71276,0.3949526802892629,Fluad_24_PBMC
71276,71276,0.2825076269379785,Fluad_48_PBMC
71276,71276,0.258404511147747,Fluad_72_PBMC
71276,71276,0.218601824951733,Fluad_168_PBMC
71279,71279,-0.250478803031028,Fluad_4_PBMC
71279,71279,0.0155136341617097,Fluad_8_PBMC
71279,71279,-0.09233524792941525,Fluad_24_PBMC
71279,71279,-0.4158876998382677,Fluad_48_PBMC
71279,71279,-0.08617558991900258,Fluad_72_PBMC
71279,71279,0.6192523105459349,Fluad_168_PBMC
71314,71314,0.05945700624586536,Fluad_4_PBMC
71314,71314,-0.40205615546090767,Fluad_8_PBMC
71314,71314,-0.5470561265957998,Fluad_24_PBMC
71314,71314,-0.7140631092137619,Fluad_48_PBMC
71314,71314,-0.5806502401824976,Fluad_72_PBMC
71314,71314,-1.009745563758548,Fluad_168_PBMC
71326,71326,0.1358184485550144,Fluad_4_PBMC
71326,71326,0.1293651381025013,Fluad_8_PBMC
71326,71326,0.03991062849886793,Fluad_24_PBMC
71326,71326,0.07847168900917337,Fluad_48_PBMC
71326,71326,0.15238168529502044,Fluad_72_PBMC
71326,71326,0.03968660774325929,Fluad_168_PBMC
71330,71330,0.15843792503736664,Fluad_4_PBMC
71330,71330,-0.04806770835523559,Fluad_8_PBMC
71330,71330,-0.826099311394738,Fluad_24_PBMC
71330,71330,0.37889288929011894,Fluad_48_PBMC
71330,71330,0.09636729877026559,Fluad_72_PBMC
71330,71330,-0.028506322272787696,Fluad_168_PBMC
71369,71369,-0.8857878609905245,Fluad_4_PBMC
71369,71369,-0.8770521263465171,Fluad_8_PBMC
71369,71369,-1.044748044606951,Fluad_24_PBMC
71369,71369,-0.8912611981335326,Fluad_48_PBMC
71369,71369,-0.4606691589636389,Fluad_72_PBMC
71369,71369,-0.19524998933049564,Fluad_168_PBMC
71436,71436,0.47120790801491697,Fluad_4_PBMC
71436,71436,0.2552683083711895,Fluad_8_PBMC
71436,71436,0.7340657223817981,Fluad_24_PBMC
71436,71436,0.5947387998966456,Fluad_48_PBMC
71436,71436,0.37751507416062347,Fluad_72_PBMC
71436,71436,-0.2601702780175889,Fluad_168_PBMC
71461,71461,0.33601090315944027,Fluad_4_PBMC
71461,71461,0.30134818081143483,Fluad_8_PBMC
71461,71461,0.4814277393808335,Fluad_24_PBMC
71461,71461,0.47066024905845505,Fluad_48_PBMC
71461,71461,0.4606086215990792,Fluad_72_PBMC
71461,71461,0.3875621400655999,Fluad_168_PBMC
71468,71468,0.24283832929059943,Fluad_4_PBMC
71468,71468,0.28877388736327547,Fluad_8_PBMC
71468,71468,0.30891944341824934,Fluad_24_PBMC
71468,71468,0.24051278822469535,Fluad_48_PBMC
71468,71468,0.2600398197912125,Fluad_72_PBMC
71468,71468,0.3543823424284531,Fluad_168_PBMC
71532,71532,-0.49227579934718435,Fluad_4_PBMC
71532,71532,-0.537341676004843,Fluad_8_PBMC
71532,71532,-0.32943741140574323,Fluad_24_PBMC
71532,71532,-0.37097528762788395,Fluad_48_PBMC
71532,71532,-0.1859348810722885,Fluad_72_PBMC
71532,71532,-0.3838422813394105,Fluad_168_PBMC
71538,71538,0.1894881897101265,Fluad_4_PBMC
71538,71538,0.1293725938811509,Fluad_8_PBMC
71538,71538,0.1704310857887854,Fluad_24_PBMC
71538,71538,0.13884601303719601,Fluad_48_PBMC
71538,71538,0.27442725052310535,Fluad_72_PBMC
71538,71538,0.08851826233128575,Fluad_168_PBMC
71584,71584,0.028192147354102096,Fluad_4_PBMC
71584,71584,0.10439531167302596,Fluad_8_PBMC
71584,71584,0.2273309902713285,Fluad_24_PBMC
71584,71584,0.17129056092371853,Fluad_48_PBMC
71584,71584,0.2092442346610231,Fluad_72_PBMC
71584,71584,0.056526531003417965,Fluad_168_PBMC
71648,71648,0.31393544703617665,Fluad_4_PBMC
71648,71648,0.18950137024589614,Fluad_8_PBMC
71648,71648,0.520704447065129,Fluad_24_PBMC
71648,71648,0.38631771445166835,Fluad_48_PBMC
71648,71648,0.4853551518306306,Fluad_72_PBMC
71648,71648,0.217571667775033,Fluad_168_PBMC
71665,71665,-0.09602867912680424,Fluad_4_PBMC
71665,71665,-0.07436386995599444,Fluad_8_PBMC
71665,71665,-0.16075730186220336,Fluad_24_PBMC
71665,71665,-0.12560664190070336,Fluad_48_PBMC
71665,71665,-0.1577968100688178,Fluad_72_PBMC
71665,71665,-0.03990529157318655,Fluad_168_PBMC
71685,71685,-1.1567211231741665,Fluad_4_PBMC
71685,71685,-1.0957561132281,Fluad_8_PBMC
71685,71685,-1.3142773336022662,Fluad_24_PBMC
71685,71685,-1.157048148373324,Fluad_48_PBMC
71685,71685,-1.4010063662002197,Fluad_72_PBMC
71685,71685,-0.9797798987027964,Fluad_168_PBMC
71703,71703,-0.6111675840440518,Fluad_4_PBMC
71703,71703,-0.8592195155363266,Fluad_8_PBMC
71703,71703,-1.2054401390002654,Fluad_24_PBMC
71703,71703,-0.7439207480705106,Fluad_48_PBMC
71703,71703,-0.428465199503969,Fluad_72_PBMC
71703,71703,-0.28079339598242503,Fluad_168_PBMC
71715,71715,-0.055941128816327144,Fluad_4_PBMC
71715,71715,-0.08599567618838927,Fluad_8_PBMC
71715,71715,-1.3682867603164361,Fluad_24_PBMC
71715,71715,-0.1473032238985734,Fluad_48_PBMC
71715,71715,-0.17559000374339018,Fluad_72_PBMC
71715,71715,-0.07296007448669464,Fluad_168_PBMC
71728,71728,0.30009922620216395,Fluad_4_PBMC
71728,71728,0.27368099441112054,Fluad_8_PBMC
71728,71728,0.5266114542559055,Fluad_24_PBMC
71728,71728,0.4650721626217221,Fluad_48_PBMC
71728,71728,0.525955575133725,Fluad_72_PBMC
71728,71728,0.2913808951078124,Fluad_168_PBMC
71752,71752,0.26142474710957647,Fluad_4_PBMC
71752,71752,0.19902762923832623,Fluad_8_PBMC
71752,71752,-0.31443057537617336,Fluad_24_PBMC
71752,71752,0.07002626402581968,Fluad_48_PBMC
71752,71752,-0.36002032448155724,Fluad_72_PBMC
71752,71752,0.18341077362104324,Fluad_168_PBMC
71767,71767,0.024058192322830636,Fluad_4_PBMC
71767,71767,0.009644507350593821,Fluad_8_PBMC
71767,71767,0.1034897807264315,Fluad_24_PBMC
71767,71767,0.0837272597677217,Fluad_48_PBMC
71767,71767,0.12283574795540825,Fluad_72_PBMC
71767,71767,0.09311889897075105,Fluad_168_PBMC
71770,71770,1.1424578824960268,Fluad_4_PBMC
71770,71770,1.2749618077830243,Fluad_8_PBMC
71770,71770,0.8889887374196292,Fluad_24_PBMC
71770,71770,0.9854558509252285,Fluad_48_PBMC
71770,71770,1.2497017401320505,Fluad_72_PBMC
71770,71770,1.2871669342612977,Fluad_168_PBMC
71776,71776,0.28517107227546434,Fluad_4_PBMC
71776,71776,0.17066131001575968,Fluad_8_PBMC
71776,71776,-0.22484579216336867,Fluad_24_PBMC
71776,71776,-0.6177772377334995,Fluad_48_PBMC
71776,71776,0.07313377023487547,Fluad_72_PBMC
71776,71776,0.5135751429168808,Fluad_168_PBMC
71810,71810,-0.18840826859629828,Fluad_4_PBMC
71810,71810,-0.19187600933702909,Fluad_8_PBMC
71810,71810,-0.2676990429182389,Fluad_24_PBMC
71810,71810,-0.22580996292066363,Fluad_48_PBMC
71810,71810,-0.2880167250492678,Fluad_72_PBMC
71810,71810,-0.17471326230442114,Fluad_168_PBMC
71912,71912,0.20420255081019834,Fluad_4_PBMC
71912,71912,0.1699653511650479,Fluad_8_PBMC
71912,71912,0.4104624022329342,Fluad_24_PBMC
71912,71912,0.30186152687731405,Fluad_48_PBMC
71912,71912,0.36675143862839554,Fluad_72_PBMC
71912,71912,0.16150271816654768,Fluad_168_PBMC
71946,71946,0.24718260132988695,Fluad_4_PBMC
71946,71946,0.1682274589374487,Fluad_8_PBMC
71946,71946,0.27491999534333444,Fluad_24_PBMC
71946,71946,0.2866714005421118,Fluad_48_PBMC
71946,71946,0.36776825412652603,Fluad_72_PBMC
71946,71946,0.1564753830077239,Fluad_168_PBMC
71973,71973,0.23883686169655638,Fluad_4_PBMC
71973,71973,0.26478410147377124,Fluad_8_PBMC
71973,71973,0.13142237930808195,Fluad_24_PBMC
71973,71973,0.21440969592712236,Fluad_48_PBMC
71973,71973,0.2096803804490659,Fluad_72_PBMC
71973,71973,0.167100354667984,Fluad_168_PBMC
72007,72007,0.01203475129479703,Fluad_4_PBMC
72007,72007,0.3307689215516737,Fluad_8_PBMC
72007,72007,-0.08485183913190064,Fluad_24_PBMC
72007,72007,-0.20031287365081973,Fluad_48_PBMC
72007,72007,-0.2543408375681543,Fluad_72_PBMC
72007,72007,0.687973996229992,Fluad_168_PBMC
72025,72025,0.6660464286908789,Fluad_4_PBMC
72025,72025,0.6689815306841004,Fluad_8_PBMC
72025,72025,0.7551506169448552,Fluad_24_PBMC
72025,72025,0.6912034057328524,Fluad_48_PBMC
72025,72025,0.955245764025582,Fluad_72_PBMC
72025,72025,1.0264178194265983,Fluad_168_PBMC
72045,72045,-0.5113642052652922,Fluad_4_PBMC
72045,72045,-0.5297513338656928,Fluad_8_PBMC
72045,72045,-0.3352859557769275,Fluad_24_PBMC
72045,72045,-0.11736983072175539,Fluad_48_PBMC
72045,72045,-0.9445322489502718,Fluad_72_PBMC
72045,72045,-0.915587817206174,Fluad_168_PBMC
72054,72054,7.482039421552282e-4,Fluad_4_PBMC
72054,72054,-0.031040174259574282,Fluad_8_PBMC
72054,72054,-0.06282888966129463,Fluad_24_PBMC
72054,72054,-0.02690280381299505,Fluad_48_PBMC
72054,72054,-0.08575215529578586,Fluad_72_PBMC
72054,72054,0.021857718652866138,Fluad_168_PBMC
72055,72055,0.2735363763743889,Fluad_4_PBMC
72055,72055,0.2724689054778366,Fluad_8_PBMC
72055,72055,0.45357237022126273,Fluad_24_PBMC
72055,72055,0.4151698254254322,Fluad_48_PBMC
72055,72055,0.5164781986611723,Fluad_72_PBMC
72055,72055,0.4440360519772011,Fluad_168_PBMC
72125,72125,0.029987947333323356,Fluad_4_PBMC
72125,72125,-0.026456697859702547,Fluad_8_PBMC
72125,72125,-0.7266686928269772,Fluad_24_PBMC
72125,72125,-0.36981676207471503,Fluad_48_PBMC
72125,72125,-0.38514556087356056,Fluad_72_PBMC
72125,72125,-0.14493471248323483,Fluad_168_PBMC
72133,72133,0.19283952786903635,Fluad_4_PBMC
72133,72133,0.20750530354172053,Fluad_8_PBMC
72133,72133,0.3280394052958121,Fluad_24_PBMC
72133,72133,0.3094573631743709,Fluad_48_PBMC
72133,72133,0.39928268515778037,Fluad_72_PBMC
72133,72133,0.4248605174892408,Fluad_168_PBMC
72140,72140,-0.066593337046568,Fluad_4_PBMC
72140,72140,-0.07119884540975036,Fluad_8_PBMC
72140,72140,0.054266900289599594,Fluad_24_PBMC
72140,72140,-0.004343965556342939,Fluad_48_PBMC
72140,72140,-0.07936120747977099,Fluad_72_PBMC
72140,72140,-0.12545442066313078,Fluad_168_PBMC
72147,72147,0.3960028025259114,Fluad_4_PBMC
72147,72147,0.3867914973671152,Fluad_8_PBMC
72147,72147,0.3984317535823494,Fluad_24_PBMC
72147,72147,0.428034729010834,Fluad_48_PBMC
72147,72147,0.47940511696150556,Fluad_72_PBMC
72147,72147,0.5409768030745421,Fluad_168_PBMC
72149,72149,-0.2536990360342467,Fluad_4_PBMC
72149,72149,-0.2582411016644423,Fluad_8_PBMC
72149,72149,-0.3649941847577909,Fluad_24_PBMC
72149,72149,-0.2879695867013694,Fluad_48_PBMC
72149,72149,-0.19628033027711758,Fluad_72_PBMC
72149,72149,-0.22675797213342072,Fluad_168_PBMC
72221,72221,0.36546221859676375,Fluad_4_PBMC
72221,72221,0.3592577289056005,Fluad_8_PBMC
72221,72221,0.7658756508575888,Fluad_24_PBMC
72221,72221,0.8451571223222407,Fluad_48_PBMC
72221,72221,1.2185687529490037,Fluad_72_PBMC
72221,72221,0.7226698275549313,Fluad_168_PBMC
72252,72252,0.4169218735987988,Fluad_4_PBMC
72252,72252,0.2853781356406813,Fluad_8_PBMC
72252,72252,0.7491344742983956,Fluad_24_PBMC
72252,72252,0.6649074243638837,Fluad_48_PBMC
72252,72252,0.5790672572661137,Fluad_72_PBMC
72252,72252,0.21184665283113294,Fluad_168_PBMC
72303,72303,0.546903577213239,Fluad_4_PBMC
72303,72303,0.555946908667272,Fluad_8_PBMC
72303,72303,1.1693061901965156,Fluad_24_PBMC
72303,72303,1.0381695384783498,Fluad_48_PBMC
72303,72303,0.8512584015381089,Fluad_72_PBMC
72303,72303,0.6070428395108342,Fluad_168_PBMC
72310,72310,0.016411509473092938,Fluad_4_PBMC
72310,72310,0.04093954679298434,Fluad_8_PBMC
72310,72310,-0.0323704733264203,Fluad_24_PBMC
72310,72310,-0.03748384870260271,Fluad_48_PBMC
72310,72310,-0.02097631314171658,Fluad_72_PBMC
72310,72310,0.04362197735084199,Fluad_168_PBMC
72338,72338,0.022773797254001263,Fluad_4_PBMC
72338,72338,-0.025357206975170167,Fluad_8_PBMC
72338,72338,0.020973282834282708,Fluad_24_PBMC
72338,72338,0.06925101755872937,Fluad_48_PBMC
72338,72338,0.08438696584569931,Fluad_72_PBMC
72338,72338,-0.03391396315944425,Fluad_168_PBMC
72373,72373,0.584845103618885,Fluad_4_PBMC
72373,72373,0.5305979207492318,Fluad_8_PBMC
72373,72373,0.7056424375153237,Fluad_24_PBMC
72373,72373,1.047117089147298,Fluad_48_PBMC
72373,72373,1.3663668449912842,Fluad_72_PBMC
72373,72373,1.1058745263330128,Fluad_168_PBMC
72383,72383,0.46260635013357687,Fluad_4_PBMC
72383,72383,0.45517173083707485,Fluad_8_PBMC
72383,72383,0.8831427188357024,Fluad_24_PBMC
72383,72383,0.9455709562284793,Fluad_48_PBMC
72383,72383,1.135753074611157,Fluad_72_PBMC
72383,72383,0.7957761867535793,Fluad_168_PBMC
72391,72391,0.031168852531046183,Fluad_4_PBMC
72391,72391,0.037867923591320296,Fluad_8_PBMC
72391,72391,0.15759117279456333,Fluad_24_PBMC
72391,72391,0.023452622799583073,Fluad_48_PBMC
72391,72391,0.011645063599559306,Fluad_72_PBMC
72391,72391,-0.13666906683098334,Fluad_168_PBMC
72475,72475,0.21866578016950314,Fluad_4_PBMC
72475,72475,0.15665855735022993,Fluad_8_PBMC
72475,72475,0.17629799800374665,Fluad_24_PBMC
72475,72475,0.20663585357568787,Fluad_48_PBMC
72475,72475,0.29405581419108734,Fluad_72_PBMC
72475,72475,0.14150559064832524,Fluad_168_PBMC
72503,72503,0.18758763527780867,Fluad_4_PBMC
72503,72503,0.17798225606949614,Fluad_8_PBMC
72503,72503,0.11387179182166933,Fluad_24_PBMC
72503,72503,0.1475085126286909,Fluad_48_PBMC
72503,72503,0.14255390194125628,Fluad_72_PBMC
72503,72503,0.10541362046043268,Fluad_168_PBMC
72514,72514,0.34747508758970075,Fluad_4_PBMC
72514,72514,0.2430795355830625,Fluad_8_PBMC
72514,72514,0.38514076633278976,Fluad_24_PBMC
72514,72514,0.36993424177280687,Fluad_48_PBMC
72514,72514,0.48566973687548226,Fluad_72_PBMC
72514,72514,0.4631478904592167,Fluad_168_PBMC
72555,72555,0.20888510868152171,Fluad_4_PBMC
72555,72555,0.2116919750158762,Fluad_8_PBMC
72555,72555,0.32833030413108744,Fluad_24_PBMC
72555,72555,0.20666365550303506,Fluad_48_PBMC
72555,72555,0.2472442050376128,Fluad_72_PBMC
72555,72555,0.2948194457562668,Fluad_168_PBMC
72900,72900,-0.16371703836968704,Fluad_4_PBMC
72900,72900,-0.1245964085137154,Fluad_8_PBMC
72900,72900,-0.16246110727162594,Fluad_24_PBMC
72900,72900,-0.14270181672975,Fluad_48_PBMC
72900,72900,-0.14908428372038907,Fluad_72_PBMC
72900,72900,-0.07927298121388295,Fluad_168_PBMC
73010,73010,-0.3250409433544302,Fluad_4_PBMC
73010,73010,0.17544305353986878,Fluad_8_PBMC
73010,73010,0.021983135371742096,Fluad_24_PBMC
73010,73010,-0.04833088486202535,Fluad_48_PBMC
73010,73010,-0.4854366481319971,Fluad_72_PBMC
73010,73010,-1.1469515006519877,Fluad_168_PBMC
73040,73040,0.2090960280811923,Fluad_4_PBMC
73040,73040,0.16450485210044333,Fluad_8_PBMC
73040,73040,0.1256269659747243,Fluad_24_PBMC
73040,73040,0.3468820813020098,Fluad_48_PBMC
73040,73040,0.26633350515996457,Fluad_72_PBMC
73040,73040,0.3444879289198736,Fluad_168_PBMC
73112,73112,-0.23309624682425573,Fluad_4_PBMC
73112,73112,-0.21121102901616748,Fluad_8_PBMC
73112,73112,-0.22349993088107173,Fluad_24_PBMC
73112,73112,-0.21930806777798903,Fluad_48_PBMC
73112,73112,-0.27104232865790023,Fluad_72_PBMC
73112,73112,-0.15842136224249487,Fluad_168_PBMC
73130,73130,0.09977343380237699,Fluad_4_PBMC
73130,73130,0.0747192890676383,Fluad_8_PBMC
73130,73130,0.23932364062934464,Fluad_24_PBMC
73130,73130,0.20829799126699627,Fluad_48_PBMC
73130,73130,0.27832328325378974,Fluad_72_PBMC
73130,73130,0.08949721289823873,Fluad_168_PBMC
73166,73166,0.18116250667953493,Fluad_4_PBMC
73166,73166,0.18603803507863612,Fluad_8_PBMC
73166,73166,0.275027914742305,Fluad_24_PBMC
73166,73166,0.27912066413953324,Fluad_48_PBMC
73166,73166,0.324935651178586,Fluad_72_PBMC
73166,73166,0.30513819654692387,Fluad_168_PBMC
73181,73181,0.32650435879481854,Fluad_4_PBMC
73181,73181,0.2661852642411093,Fluad_8_PBMC
73181,73181,0.28192668363464474,Fluad_24_PBMC
73181,73181,0.24159876634971403,Fluad_48_PBMC
73181,73181,0.3390561361096718,Fluad_72_PBMC
73181,73181,0.5484534996566133,Fluad_168_PBMC
73182,73182,0.15724085256068204,Fluad_4_PBMC
73182,73182,0.22645129541725512,Fluad_8_PBMC
73182,73182,0.6037120434543027,Fluad_24_PBMC
73182,73182,0.3513227103573113,Fluad_48_PBMC
73182,73182,0.751008601243307,Fluad_72_PBMC
73182,73182,-0.03212560266999172,Fluad_168_PBMC
73183,73183,-1.3466642310400532,Fluad_4_PBMC
73183,73183,-1.3655230329376957,Fluad_8_PBMC
73183,73183,-1.7610266696555787,Fluad_24_PBMC
73183,73183,-1.1059894919371236,Fluad_48_PBMC
73183,73183,-1.3590716509670928,Fluad_72_PBMC
73183,73183,-0.929932802602311,Fluad_168_PBMC
73192,73192,0.42023200072139877,Fluad_4_PBMC
73192,73192,0.45387573092072586,Fluad_8_PBMC
73192,73192,0.7265214039418821,Fluad_24_PBMC
73192,73192,0.6901800793392923,Fluad_48_PBMC
73192,73192,0.7579424416821212,Fluad_72_PBMC
73192,73192,0.4643451373223116,Fluad_168_PBMC
73368,73368,0.26603144673032586,Fluad_4_PBMC
73368,73368,0.34796967895273223,Fluad_8_PBMC
73368,73368,0.5965956851676555,Fluad_24_PBMC
73368,73368,0.5243033563404701,Fluad_48_PBMC
73368,73368,0.6689460456206164,Fluad_72_PBMC
73368,73368,0.4813294072572406,Fluad_168_PBMC
73458,73458,0.1701279306176785,Fluad_4_PBMC
73458,73458,0.09224745167135251,Fluad_8_PBMC
73458,73458,0.3326839547652327,Fluad_24_PBMC
73458,73458,0.24155354767467369,Fluad_48_PBMC
73458,73458,0.2728083956660969,Fluad_72_PBMC
73458,73458,0.04759993648219017,Fluad_168_PBMC
73531,73531,-0.22618800623215204,Fluad_4_PBMC
73531,73531,-0.03467244429165428,Fluad_8_PBMC
73531,73531,0.39218290709655823,Fluad_24_PBMC
73531,73531,-0.1667836852365887,Fluad_48_PBMC
73531,73531,-0.2474499793199785,Fluad_72_PBMC
73531,73531,-0.9156831868849863,Fluad_168_PBMC
73690,73690,-0.0242319527437024,Fluad_4_PBMC
73690,73690,-0.014575947430132616,Fluad_8_PBMC
73690,73690,-0.11781012615842029,Fluad_24_PBMC
73690,73690,-0.04037862328318235,Fluad_48_PBMC
73690,73690,-0.08114166316963027,Fluad_72_PBMC
73690,73690,0.0650874116456008,Fluad_168_PBMC
73699,73699,0.5116566573835475,Fluad_4_PBMC
73699,73699,0.3407644679035854,Fluad_8_PBMC
73699,73699,0.9807196069582012,Fluad_24_PBMC
73699,73699,0.3354108797511738,Fluad_48_PBMC
73699,73699,-0.027216434547275625,Fluad_72_PBMC
73699,73699,-0.1891203108919893,Fluad_168_PBMC
73710,73710,-0.3981046770068506,Fluad_4_PBMC
73710,73710,-0.30535178755844916,Fluad_8_PBMC
73710,73710,-0.07884158259139407,Fluad_24_PBMC
73710,73710,-0.24444561153237218,Fluad_48_PBMC
73710,73710,-0.244811682309909,Fluad_72_PBMC
73710,73710,0.08834223930545226,Fluad_168_PBMC
73721,73721,0.4557992829724582,Fluad_4_PBMC
73721,73721,0.31924133304101193,Fluad_8_PBMC
73721,73721,0.46110782012230744,Fluad_24_PBMC
73721,73721,0.4402274493451994,Fluad_48_PBMC
73721,73721,0.5880578392574176,Fluad_72_PBMC
73721,73721,0.20852392992745322,Fluad_168_PBMC
73722,73722,0.13484231990170908,Fluad_4_PBMC
73722,73722,0.16627543545043685,Fluad_8_PBMC
73722,73722,0.27881331246769103,Fluad_24_PBMC
73722,73722,0.21360390459646356,Fluad_48_PBMC
73722,73722,0.23735871739928452,Fluad_72_PBMC
73722,73722,0.13669914763502813,Fluad_168_PBMC
73723,73723,0.12613072442068132,Fluad_4_PBMC
73723,73723,0.13171746327941974,Fluad_8_PBMC
73723,73723,0.08749118173485808,Fluad_24_PBMC
73723,73723,0.08767886351419096,Fluad_48_PBMC
73723,73723,0.06440904138239993,Fluad_72_PBMC
73723,73723,0.0906572808864532,Fluad_168_PBMC
73985,73985,0.20114988405992001,Fluad_4_PBMC
73985,73985,0.19742423949166896,Fluad_8_PBMC
73985,73985,0.3778845576741284,Fluad_24_PBMC
73985,73985,0.5105707116676614,Fluad_48_PBMC
73985,73985,0.5976569522487722,Fluad_72_PBMC
73985,73985,0.34565749711477617,Fluad_168_PBMC
74002,74002,-0.23809377601962992,Fluad_4_PBMC
74002,74002,-0.043923079628328,Fluad_8_PBMC
74002,74002,-0.62005042776948,Fluad_24_PBMC
74002,74002,-0.20300027878410548,Fluad_48_PBMC
74002,74002,-0.8571022260859483,Fluad_72_PBMC
74002,74002,-0.6330046940497954,Fluad_168_PBMC
74026,74026,0.12822341860151273,Fluad_4_PBMC
74026,74026,0.09509996389986031,Fluad_8_PBMC
74026,74026,0.12177201374439944,Fluad_24_PBMC
74026,74026,0.13698355401282603,Fluad_48_PBMC
74026,74026,0.1352205298260236,Fluad_72_PBMC
74026,74026,0.05390047391573082,Fluad_168_PBMC
74096,74096,-0.19159373798444818,Fluad_4_PBMC
74096,74096,-0.17259582628101627,Fluad_8_PBMC
74096,74096,-0.21244477262198996,Fluad_24_PBMC
74096,74096,-0.1913196427075753,Fluad_48_PBMC
74096,74096,-0.2082353813935822,Fluad_72_PBMC
74096,74096,-0.11921308653003124,Fluad_168_PBMC
74111,74111,0.8415195314037747,Fluad_4_PBMC
74111,74111,0.7186924287141521,Fluad_8_PBMC
74111,74111,0.8625187315110745,Fluad_24_PBMC
74111,74111,1.0552991531410794,Fluad_48_PBMC
74111,74111,1.1619179524129946,Fluad_72_PBMC
74111,74111,1.0523808799755725,Fluad_168_PBMC
74140,74140,-0.13836539474389783,Fluad_4_PBMC
74140,74140,-0.15538263359844287,Fluad_8_PBMC
74140,74140,-0.1984549545051455,Fluad_24_PBMC
74140,74140,-0.18254222349246046,Fluad_48_PBMC
74140,74140,-0.16347721098974646,Fluad_72_PBMC
74140,74140,-0.24676533544223878,Fluad_168_PBMC
74178,74178,0.13366536920053498,Fluad_4_PBMC
74178,74178,0.12558851346106714,Fluad_8_PBMC
74178,74178,0.09983940524771992,Fluad_24_PBMC
74178,74178,0.12378807368450498,Fluad_48_PBMC
74178,74178,0.07452945434506611,Fluad_72_PBMC
74178,74178,0.05623633290396625,Fluad_168_PBMC
74249,74249,-0.0278710312968297,Fluad_4_PBMC
74249,74249,0.004598384974687908,Fluad_8_PBMC
74249,74249,0.34925697365266634,Fluad_24_PBMC
74249,74249,0.27770921778042995,Fluad_48_PBMC
74249,74249,0.2767901906175333,Fluad_72_PBMC
74249,74249,0.0366584552305087,Fluad_168_PBMC
74257,74257,0.1405695641787449,Fluad_4_PBMC
74257,74257,0.21708218437600713,Fluad_8_PBMC
74257,74257,0.08846722704354615,Fluad_24_PBMC
74257,74257,0.11990948678344931,Fluad_48_PBMC
74257,74257,0.11816867915598611,Fluad_72_PBMC
74257,74257,0.07867887043824684,Fluad_168_PBMC
74276,74276,0.49767493175710564,Fluad_4_PBMC
74276,74276,0.5324436850664099,Fluad_8_PBMC
74276,74276,0.5855256183276591,Fluad_24_PBMC
74276,74276,0.6363446067780053,Fluad_48_PBMC
74276,74276,0.727826930193288,Fluad_72_PBMC
74276,74276,0.5972187560876453,Fluad_168_PBMC
74284,74284,0.3009549807112204,Fluad_4_PBMC
74284,74284,0.3032153772273215,Fluad_8_PBMC
74284,74284,0.6174662121731896,Fluad_24_PBMC
74284,74284,0.5324028793302424,Fluad_48_PBMC
74284,74284,0.6671252654748233,Fluad_72_PBMC
74284,74284,0.4979817690469304,Fluad_168_PBMC
74286,74286,-0.13619962390768534,Fluad_4_PBMC
74286,74286,0.04312709008111122,Fluad_8_PBMC
74286,74286,0.5676084601106165,Fluad_24_PBMC
74286,74286,0.38828210002115227,Fluad_48_PBMC
74286,74286,0.44861651580606465,Fluad_72_PBMC
74286,74286,8.971748036177563e-4,Fluad_168_PBMC
74302,74302,0.04274794092551673,Fluad_4_PBMC
74302,74302,-0.03974840388479667,Fluad_8_PBMC
74302,74302,-0.005042643760852922,Fluad_24_PBMC
74302,74302,0.003177321631727646,Fluad_48_PBMC
74302,74302,0.13910117656953663,Fluad_72_PBMC
74302,74302,-0.032629607537868144,Fluad_168_PBMC
74305,74305,0.16703010946594313,Fluad_4_PBMC
74305,74305,0.18113412542906066,Fluad_8_PBMC
74305,74305,0.4576354227959436,Fluad_24_PBMC
74305,74305,0.4297552142433685,Fluad_48_PBMC
74305,74305,0.5400749083436075,Fluad_72_PBMC
74305,74305,0.24249880285880843,Fluad_168_PBMC
74334,74334,0.2845542486197846,Fluad_4_PBMC
74334,74334,0.1882162206989318,Fluad_8_PBMC
74334,74334,0.2536546779643242,Fluad_24_PBMC
74334,74334,0.22286330079072436,Fluad_48_PBMC
74334,74334,0.38104003244398704,Fluad_72_PBMC
74334,74334,0.1681067008845084,Fluad_168_PBMC
74340,74340,0.09806442153163335,Fluad_4_PBMC
74340,74340,0.07941025366690554,Fluad_8_PBMC
74340,74340,0.13525142539219917,Fluad_24_PBMC
74340,74340,0.07879775858675815,Fluad_48_PBMC
74340,74340,0.037540058178266264,Fluad_72_PBMC
74340,74340,-0.19798542241982592,Fluad_168_PBMC
74383,74383,0.1165859301842139,Fluad_4_PBMC
74383,74383,0.10013829141823538,Fluad_8_PBMC
74383,74383,0.24861679514274693,Fluad_24_PBMC
74383,74383,0.3162772676835115,Fluad_48_PBMC
74383,74383,0.3456453765318625,Fluad_72_PBMC
74383,74383,0.44998569151150997,Fluad_168_PBMC
74561,74561,-1.3292371940270575,Fluad_4_PBMC
74561,74561,-1.517283573485618,Fluad_8_PBMC
74561,74561,-1.3848090589821482,Fluad_24_PBMC
74561,74561,-1.4212433677394167,Fluad_48_PBMC
74561,74561,-1.1741243720674075,Fluad_72_PBMC
74561,74561,-1.3263018738205559,Fluad_168_PBMC
74635,74635,-0.022297922819217594,Fluad_4_PBMC
74635,74635,-0.028824250842693983,Fluad_8_PBMC
74635,74635,0.21963264581585637,Fluad_24_PBMC
74635,74635,0.2194308115469437,Fluad_48_PBMC
74635,74635,0.2137148452312794,Fluad_72_PBMC
74635,74635,-0.17492819116817585,Fluad_168_PBMC
74645,74645,0.2137518349980019,Fluad_4_PBMC
74645,74645,0.14494591170075183,Fluad_8_PBMC
74645,74645,0.16300812904155515,Fluad_24_PBMC
74645,74645,0.19260030625158603,Fluad_48_PBMC
74645,74645,0.2462688885291426,Fluad_72_PBMC
74645,74645,0.12323133230865521,Fluad_168_PBMC
74670,74670,-0.16232321376679953,Fluad_4_PBMC
74670,74670,-0.08877580235162333,Fluad_8_PBMC
74670,74670,-0.08897551784648369,Fluad_24_PBMC
74670,74670,-0.1466074962732067,Fluad_48_PBMC
74670,74670,-0.243106648926455,Fluad_72_PBMC
74670,74670,-0.18018483635594312,Fluad_168_PBMC
74717,74717,-0.012432317587805886,Fluad_4_PBMC
74717,74717,-0.07503878054349114,Fluad_8_PBMC
74717,74717,0.15970026746444507,Fluad_24_PBMC
74717,74717,0.41141867950062927,Fluad_48_PBMC
74717,74717,0.7140587643459817,Fluad_72_PBMC
74717,74717,0.3645935124162506,Fluad_168_PBMC
74747,74747,-0.024967994905929727,Fluad_4_PBMC
74747,74747,-0.11953118561057192,Fluad_8_PBMC
74747,74747,-0.1696189360923587,Fluad_24_PBMC
74747,74747,-0.07484561519238313,Fluad_48_PBMC
74747,74747,-0.1825132776502541,Fluad_72_PBMC
74747,74747,-0.19577566992588816,Fluad_168_PBMC
74754,74754,0.372609225554555,Fluad_4_PBMC
74754,74754,0.35069383795931675,Fluad_8_PBMC
74754,74754,0.27200794849223975,Fluad_24_PBMC
74754,74754,0.3292442226340194,Fluad_48_PBMC
74754,74754,0.3125348479171073,Fluad_72_PBMC
74754,74754,0.26265053323567283,Fluad_168_PBMC
74762,74762,1.1928802014665494,Fluad_4_PBMC
74762,74762,1.1641927853684617,Fluad_8_PBMC
74762,74762,1.3734787173318608,Fluad_24_PBMC
74762,74762,0.9923890751388067,Fluad_48_PBMC
74762,74762,1.3278417962814344,Fluad_72_PBMC
74762,74762,1.907467650189377,Fluad_168_PBMC
74778,74778,0.16905863230330803,Fluad_4_PBMC
74778,74778,0.17408790961579457,Fluad_8_PBMC
74778,74778,0.277089788776885,Fluad_24_PBMC
74778,74778,0.10570147062848408,Fluad_48_PBMC
74778,74778,0.22840553050503115,Fluad_72_PBMC
74778,74778,0.25056676149597745,Fluad_168_PBMC
74782,74782,0.058862187190103776,Fluad_4_PBMC
74782,74782,0.09250878114952363,Fluad_8_PBMC
74782,74782,0.5631426307855811,Fluad_24_PBMC
74782,74782,0.3453280093237572,Fluad_48_PBMC
74782,74782,0.35450230484868583,Fluad_72_PBMC
74782,74782,0.056863697629809445,Fluad_168_PBMC
74915,74915,0.4735156563984575,Fluad_4_PBMC
74915,74915,0.5175392731013962,Fluad_8_PBMC
74915,74915,0.8880461616289702,Fluad_24_PBMC
74915,74915,0.8032813774654819,Fluad_48_PBMC
74915,74915,0.8831636949194772,Fluad_72_PBMC
74915,74915,0.6357226417966235,Fluad_168_PBMC
75083,75083,-0.07908511310902569,Fluad_4_PBMC
75083,75083,-0.057733969473209856,Fluad_8_PBMC
75083,75083,-0.058024033076982985,Fluad_24_PBMC
75083,75083,-0.08640530995582377,Fluad_48_PBMC
75083,75083,-0.10355944317401801,Fluad_72_PBMC
75083,75083,-0.07482042179511454,Fluad_168_PBMC
75243,75243,0.10723986388207724,Fluad_4_PBMC
75243,75243,0.1333908223724849,Fluad_8_PBMC
75243,75243,0.3228998168360564,Fluad_24_PBMC
75243,75243,0.2652269091893839,Fluad_48_PBMC
75243,75243,0.32809867151014127,Fluad_72_PBMC
75243,75243,0.16907982382550707,Fluad_168_PBMC
75256,75256,-0.7035646758911595,Fluad_4_PBMC
75256,75256,-0.759327318553808,Fluad_8_PBMC
75256,75256,-0.7645310832084424,Fluad_24_PBMC
75256,75256,-2.151892680237741,Fluad_48_PBMC
75256,75256,-0.903867381605412,Fluad_72_PBMC
75256,75256,-1.1646541443242022,Fluad_168_PBMC
75284,75284,-0.1898706171353012,Fluad_4_PBMC
75284,75284,-0.10811318753226505,Fluad_8_PBMC
75284,75284,-0.1686675670559566,Fluad_24_PBMC
75284,75284,-0.22474030492832792,Fluad_48_PBMC
75284,75284,-0.24495479910138074,Fluad_72_PBMC
75284,75284,-0.18169475178228559,Fluad_168_PBMC
75292,75292,0.5415398704692939,Fluad_4_PBMC
75292,75292,0.8223762046853027,Fluad_8_PBMC
75292,75292,0.059149202321869564,Fluad_24_PBMC
75292,75292,0.19377291372852734,Fluad_48_PBMC
75292,75292,-0.13799221210755622,Fluad_72_PBMC
75292,75292,-0.40633128944734553,Fluad_168_PBMC
75302,75302,0.1539496229923442,Fluad_4_PBMC
75302,75302,0.16033907957151844,Fluad_8_PBMC
75302,75302,0.292987503032957,Fluad_24_PBMC
75302,75302,0.26330210005081395,Fluad_48_PBMC
75302,75302,0.17673321084273444,Fluad_72_PBMC
75302,75302,0.08097321321436785,Fluad_168_PBMC
75538,75538,0.24775487212647682,Fluad_4_PBMC
75538,75538,0.2614123044892682,Fluad_8_PBMC
75538,75538,0.4203970508566141,Fluad_24_PBMC
75538,75538,0.3976027597980083,Fluad_48_PBMC
75538,75538,0.4422865273205292,Fluad_72_PBMC
75538,75538,0.2908806571500317,Fluad_168_PBMC
75547,75547,0.13819922758663938,Fluad_4_PBMC
75547,75547,0.06720716273001846,Fluad_8_PBMC
75547,75547,0.015143894840597139,Fluad_24_PBMC
75547,75547,0.10925092836001522,Fluad_48_PBMC
75547,75547,0.1490315168597206,Fluad_72_PBMC
75547,75547,0.14629170048359308,Fluad_168_PBMC
75552,75552,0.7113540491774849,Fluad_4_PBMC
75552,75552,0.5907627859917586,Fluad_8_PBMC
75552,75552,0.9561586417126187,Fluad_24_PBMC
75552,75552,0.8781866700737968,Fluad_48_PBMC
75552,75552,1.0652383227491142,Fluad_72_PBMC
75552,75552,0.7999572338108774,Fluad_168_PBMC
75671,75671,0.7617412348248571,Fluad_4_PBMC
75671,75671,0.5940752325778347,Fluad_8_PBMC
75671,75671,0.7663197612758141,Fluad_24_PBMC
75671,75671,0.7893763129954028,Fluad_48_PBMC
75671,75671,1.1412950796003007,Fluad_72_PBMC
75671,75671,1.442746945146086,Fluad_168_PBMC
75712,75712,0.16148393251949583,Fluad_4_PBMC
75712,75712,0.21630502781938543,Fluad_8_PBMC
75712,75712,0.4656320376756842,Fluad_24_PBMC
75712,75712,0.4974003615341558,Fluad_48_PBMC
75712,75712,0.5202059932380827,Fluad_72_PBMC
75712,75712,0.25715102415820784,Fluad_168_PBMC
75723,75723,0.3546506317299405,Fluad_4_PBMC
75723,75723,0.5563041708156903,Fluad_8_PBMC
75723,75723,0.837280173787928,Fluad_24_PBMC
75723,75723,0.8046375764567246,Fluad_48_PBMC
75723,75723,0.9156260651165973,Fluad_72_PBMC
75723,75723,0.5288234797464402,Fluad_168_PBMC
75732,75732,0.034687275598484286,Fluad_4_PBMC
75732,75732,-0.043345127876179036,Fluad_8_PBMC
75732,75732,0.05084719830556613,Fluad_24_PBMC
75732,75732,0.07062709979714654,Fluad_48_PBMC
75732,75732,0.1429646834769288,Fluad_72_PBMC
75732,75732,-0.060051863073500834,Fluad_168_PBMC
75746,75746,0.6415508632120545,Fluad_4_PBMC
75746,75746,0.6026775153134758,Fluad_8_PBMC
75746,75746,0.3251607141704691,Fluad_24_PBMC
75746,75746,0.6658649726221001,Fluad_48_PBMC
75746,75746,0.9129782935973731,Fluad_72_PBMC
75746,75746,0.9921683078785478,Fluad_168_PBMC
75751,75751,-0.13836539474389783,Fluad_4_PBMC
75751,75751,-0.15538263359844287,Fluad_8_PBMC
75751,75751,-0.1984549545051455,Fluad_24_PBMC
75751,75751,-0.18254222349246046,Fluad_48_PBMC
75751,75751,-0.16347721098974646,Fluad_72_PBMC
75751,75751,-0.24676533544223878,Fluad_168_PBMC
75763,75763,0.7954663616822444,Fluad_4_PBMC
75763,75763,0.7556290194748823,Fluad_8_PBMC
75763,75763,1.3155825600863507,Fluad_24_PBMC
75763,75763,1.3084302926771463,Fluad_48_PBMC
75763,75763,1.5203085411414108,Fluad_72_PBMC
75763,75763,1.0384265915836275,Fluad_168_PBMC
75764,75764,0.07976081659704753,Fluad_4_PBMC
75764,75764,0.11537404149446276,Fluad_8_PBMC
75764,75764,0.32345735457123315,Fluad_24_PBMC
75764,75764,0.2317402825791242,Fluad_48_PBMC
75764,75764,0.24158175502944118,Fluad_72_PBMC
75764,75764,0.07619262533277449,Fluad_168_PBMC
75788,75788,0.4941085024225601,Fluad_4_PBMC
75788,75788,0.35834631593616767,Fluad_8_PBMC
75788,75788,0.5826655520084065,Fluad_24_PBMC
75788,75788,0.6286034092518606,Fluad_48_PBMC
75788,75788,0.7269517698321595,Fluad_72_PBMC
75788,75788,0.3745355678907603,Fluad_168_PBMC
75823,75823,1.80859135549799,Fluad_4_PBMC
75823,75823,1.5127611967503327,Fluad_8_PBMC
75823,75823,1.5470264399589595,Fluad_24_PBMC
75823,75823,1.5461295087052587,Fluad_48_PBMC
75823,75823,1.4390259177524498,Fluad_72_PBMC
75823,75823,1.113162411702295,Fluad_168_PBMC
75956,75956,0.8211666871437882,Fluad_4_PBMC
75956,75956,0.6708645949784793,Fluad_8_PBMC
75956,75956,0.7456292611816411,Fluad_24_PBMC
75956,75956,0.6047719577641893,Fluad_48_PBMC
75956,75956,0.8415834256486004,Fluad_72_PBMC
75956,75956,1.4113240232875746,Fluad_168_PBMC
75995,75995,0.3247601738967033,Fluad_4_PBMC
75995,75995,0.08375656116121732,Fluad_8_PBMC
75995,75995,0.6299901473119421,Fluad_24_PBMC
75995,75995,0.37612889724423054,Fluad_48_PBMC
75995,75995,0.33644151269144057,Fluad_72_PBMC
75995,75995,0.21732382477179374,Fluad_168_PBMC
76071,76071,0.5217325754143272,Fluad_4_PBMC
76071,76071,0.4891704821992057,Fluad_8_PBMC
76071,76071,1.0240282019363303,Fluad_24_PBMC
76071,76071,0.8338232264174072,Fluad_48_PBMC
76071,76071,1.0936936688850216,Fluad_72_PBMC
76071,76071,0.6716367883361962,Fluad_168_PBMC
76073,76073,0.1925314093542263,Fluad_4_PBMC
76073,76073,0.15334236079540453,Fluad_8_PBMC
76073,76073,0.2806971734480014,Fluad_24_PBMC
76073,76073,0.28030829994488293,Fluad_48_PBMC
76073,76073,0.3716352608905958,Fluad_72_PBMC
76073,76073,0.20787505831202316,Fluad_168_PBMC
76257,76257,0.09396909649744732,Fluad_4_PBMC
76257,76257,0.1687074427561432,Fluad_8_PBMC
76257,76257,0.4165825005397069,Fluad_24_PBMC
76257,76257,0.3386743368740792,Fluad_48_PBMC
76257,76257,0.4200890634242561,Fluad_72_PBMC
76257,76257,0.21267550649807912,Fluad_168_PBMC
76265,76265,-0.10227459624543038,Fluad_4_PBMC
76265,76265,-0.1275481627352706,Fluad_8_PBMC
76265,76265,-0.10993695533702569,Fluad_24_PBMC
76265,76265,-0.13850547071483688,Fluad_48_PBMC
76265,76265,-0.21579294330824844,Fluad_72_PBMC
76265,76265,-0.19261801383422542,Fluad_168_PBMC
76267,76267,0.36764244404936275,Fluad_4_PBMC
76267,76267,0.3774854319905241,Fluad_8_PBMC
76267,76267,0.6243722746966447,Fluad_24_PBMC
76267,76267,0.6624272091267701,Fluad_48_PBMC
76267,76267,0.8481525992779797,Fluad_72_PBMC
76267,76267,0.5276104500768862,Fluad_168_PBMC
76483,76483,-0.052067051661412345,Fluad_4_PBMC
76483,76483,-0.051426202398584725,Fluad_8_PBMC
76483,76483,-0.04022039128142709,Fluad_24_PBMC
76483,76483,-0.011168589012901794,Fluad_48_PBMC
76483,76483,0.0010633051499282786,Fluad_72_PBMC
76483,76483,0.07671135104443721,Fluad_168_PBMC
76510,76510,0.22146989494556266,Fluad_4_PBMC
76510,76510,0.18501124164747035,Fluad_8_PBMC
76510,76510,0.25647678117930955,Fluad_24_PBMC
76510,76510,0.2506179073038086,Fluad_48_PBMC
76510,76510,0.27608983868270337,Fluad_72_PBMC
76510,76510,0.25988571578378583,Fluad_168_PBMC
76606,76606,0.6396068721858779,Fluad_4_PBMC
76606,76606,0.6093627696429904,Fluad_8_PBMC
76606,76606,0.9398731564223631,Fluad_24_PBMC
76606,76606,0.9319581536549566,Fluad_48_PBMC
76606,76606,1.1875811486102748,Fluad_72_PBMC
76606,76606,0.6798330663247072,Fluad_168_PBMC
76640,76640,0.6684043570771049,Fluad_4_PBMC
76640,76640,0.545104870209989,Fluad_8_PBMC
76640,76640,0.40997381233569524,Fluad_24_PBMC
76640,76640,0.6989085613028048,Fluad_48_PBMC
76640,76640,0.8249616747388315,Fluad_72_PBMC
76640,76640,0.7275407319984103,Fluad_168_PBMC
76645,76645,0.2996176896053626,Fluad_4_PBMC
76645,76645,0.3288180105518959,Fluad_8_PBMC
76645,76645,0.4417431725378782,Fluad_24_PBMC
76645,76645,0.45927488047221515,Fluad_48_PBMC
76645,76645,0.4928151528170753,Fluad_72_PBMC
76645,76645,0.31980575162933145,Fluad_168_PBMC
76646,76646,0.464749798318268,Fluad_4_PBMC
76646,76646,0.2578077716324211,Fluad_8_PBMC
76646,76646,0.9227637663857922,Fluad_24_PBMC
76646,76646,0.8485259786302091,Fluad_48_PBMC
76646,76646,1.0911698780706893,Fluad_72_PBMC
76646,76646,0.8169611798163346,Fluad_168_PBMC
76688,76688,-0.11845684685962865,Fluad_4_PBMC
76688,76688,-0.08757379337320698,Fluad_8_PBMC
76688,76688,-0.14843065524889976,Fluad_24_PBMC
76688,76688,-0.14661899328039185,Fluad_48_PBMC
76688,76688,-0.13463276280577213,Fluad_72_PBMC
76688,76688,-0.09536965054644465,Fluad_168_PBMC
76803,76803,-1.3887731627766873,Fluad_4_PBMC
76803,76803,-1.3140320281259883,Fluad_8_PBMC
76803,76803,-1.3576277583820697,Fluad_24_PBMC
76803,76803,-1.2538923290701685,Fluad_48_PBMC
76803,76803,-1.34532990812514,Fluad_72_PBMC
76803,76803,-0.8490118279481143,Fluad_168_PBMC
76895,76895,0.268234185914615,Fluad_4_PBMC
76895,76895,0.25014123445686526,Fluad_8_PBMC
76895,76895,0.15453789225428138,Fluad_24_PBMC
76895,76895,0.22953454478459384,Fluad_48_PBMC
76895,76895,0.20707610588398567,Fluad_72_PBMC
76895,76895,0.17276311578764397,Fluad_168_PBMC
76905,76905,0.40439578136103493,Fluad_4_PBMC
76905,76905,0.37168674437022264,Fluad_8_PBMC
76905,76905,0.32782675847530135,Fluad_24_PBMC
76905,76905,0.09630060748023517,Fluad_48_PBMC
76905,76905,-0.02507872944162861,Fluad_72_PBMC
76905,76905,0.04626831300446622,Fluad_168_PBMC
76927,76927,-0.044297856309312,Fluad_4_PBMC
76927,76927,-0.039084644049470825,Fluad_8_PBMC
76927,76927,0.13444330339926436,Fluad_24_PBMC
76927,76927,0.06148234847193049,Fluad_48_PBMC
76927,76927,0.14479591492039093,Fluad_72_PBMC
76927,76927,0.03877294746341952,Fluad_168_PBMC
76933,76933,-0.08586940741323593,Fluad_4_PBMC
76933,76933,-0.08112547122460705,Fluad_8_PBMC
76933,76933,-0.07372775605893298,Fluad_24_PBMC
76933,76933,-0.06817783838061028,Fluad_48_PBMC
76933,76933,-0.16930675733120337,Fluad_72_PBMC
76933,76933,-0.08745652022685976,Fluad_168_PBMC
76976,76976,-1.1664850317711335,Fluad_4_PBMC
76976,76976,-1.1749616761036616,Fluad_8_PBMC
76976,76976,-1.2965780446086372,Fluad_24_PBMC
76976,76976,-1.5190898157227322,Fluad_48_PBMC
76976,76976,-1.4019234990078249,Fluad_72_PBMC
76976,76976,-1.2020202206803419,Fluad_168_PBMC
77134,77134,-0.15850145380961844,Fluad_4_PBMC
77134,77134,-0.1275234491193824,Fluad_8_PBMC
77134,77134,-0.18308119333780754,Fluad_24_PBMC
77134,77134,-0.16610797720011125,Fluad_48_PBMC
77134,77134,-0.20415239645037386,Fluad_72_PBMC
77134,77134,-0.11388822875777242,Fluad_168_PBMC
77254,77254,0.13972096374179505,Fluad_4_PBMC
77254,77254,0.15320330197724386,Fluad_8_PBMC
77254,77254,0.2638630963916497,Fluad_24_PBMC
77254,77254,0.24114568802471031,Fluad_48_PBMC
77254,77254,0.30484241727116473,Fluad_72_PBMC
77254,77254,0.13361958568551607,Fluad_168_PBMC
77462,77462,0.5153875814352019,Fluad_4_PBMC
77462,77462,0.5593252266841395,Fluad_8_PBMC
77462,77462,0.9343125726125412,Fluad_24_PBMC
77462,77462,0.8501141322226651,Fluad_48_PBMC
77462,77462,0.9420551350833615,Fluad_72_PBMC
77462,77462,0.6309071873569124,Fluad_168_PBMC
77480,77480,0.49477055236672535,Fluad_4_PBMC
77480,77480,0.45633054584645605,Fluad_8_PBMC
77480,77480,0.6745433552439231,Fluad_24_PBMC
77480,77480,0.6497742288511079,Fluad_48_PBMC
77480,77480,0.6952385868396758,Fluad_72_PBMC
77480,77480,0.66754390637777,Fluad_168_PBMC
77582,77582,0.2308535578680665,Fluad_4_PBMC
77582,77582,0.21333247843889852,Fluad_8_PBMC
77582,77582,0.15774053989395465,Fluad_24_PBMC
77582,77582,0.17185993186737653,Fluad_48_PBMC
77582,77582,0.15387952989458992,Fluad_72_PBMC
77582,77582,0.24179909672026378,Fluad_168_PBMC
77717,77717,0.6196246277892626,Fluad_4_PBMC
77717,77717,0.5411691462072852,Fluad_8_PBMC
77717,77717,1.1123889651518544,Fluad_24_PBMC
77717,77717,1.0696792576514667,Fluad_48_PBMC
77717,77717,1.1442284257645605,Fluad_72_PBMC
77717,77717,0.8167512222116393,Fluad_168_PBMC
77733,77733,0.1867362884467606,Fluad_4_PBMC
77733,77733,0.20482024969001572,Fluad_8_PBMC
77733,77733,0.3472696066532269,Fluad_24_PBMC
77733,77733,0.33255466297426944,Fluad_48_PBMC
77733,77733,0.3385075179208687,Fluad_72_PBMC
77733,77733,0.2895092844003251,Fluad_168_PBMC
77771,77771,0.2874345851085934,Fluad_4_PBMC
77771,77771,0.20509702421163742,Fluad_8_PBMC
77771,77771,0.45622912847887376,Fluad_24_PBMC
77771,77771,0.4106988694765712,Fluad_48_PBMC
77771,77771,0.4921341719236232,Fluad_72_PBMC
77771,77771,0.43936078353450875,Fluad_168_PBMC
77805,77805,-1.4112924041496595,Fluad_4_PBMC
77805,77805,-0.7322347799720544,Fluad_8_PBMC
77805,77805,-1.1512828420670742,Fluad_24_PBMC
77805,77805,-0.9261836479689194,Fluad_48_PBMC
77805,77805,-1.277073181053768,Fluad_72_PBMC
77805,77805,-1.0623940854325302,Fluad_168_PBMC
77891,77891,-0.08200733723609133,Fluad_4_PBMC
77891,77891,-0.08394678964823077,Fluad_8_PBMC
77891,77891,-0.0631139779226654,Fluad_24_PBMC
77891,77891,-0.1160110422712263,Fluad_48_PBMC
77891,77891,-0.032054305903601005,Fluad_72_PBMC
77891,77891,-0.14398768539695805,Fluad_168_PBMC
77974,77974,-0.20748542060695874,Fluad_4_PBMC
77974,77974,-0.2402394725392456,Fluad_8_PBMC
77974,77974,-0.20377985163786383,Fluad_24_PBMC
77974,77974,-0.21487449716081475,Fluad_48_PBMC
77974,77974,-0.23474675421469043,Fluad_72_PBMC
77974,77974,-0.24395419041436925,Fluad_168_PBMC
77976,77976,0.5762528457717975,Fluad_4_PBMC
77976,77976,0.5434465179192516,Fluad_8_PBMC
77976,77976,0.7833893491713512,Fluad_24_PBMC
77976,77976,0.7242341534161142,Fluad_48_PBMC
77976,77976,0.8504130074792509,Fluad_72_PBMC
77976,77976,0.44023977969225836,Fluad_168_PBMC
77996,77996,0.3398769890700954,Fluad_4_PBMC
77996,77996,0.3348801828857505,Fluad_8_PBMC
77996,77996,0.47412191857509367,Fluad_24_PBMC
77996,77996,0.4894073320414159,Fluad_48_PBMC
77996,77996,0.5685173215802977,Fluad_72_PBMC
77996,77996,0.41292728335309203,Fluad_168_PBMC
78118,78118,0.449793844820331,Fluad_4_PBMC
78118,78118,0.42250897037917484,Fluad_8_PBMC
78118,78118,0.4217080179643802,Fluad_24_PBMC
78118,78118,0.5551501413259078,Fluad_48_PBMC
78118,78118,0.9951692106252599,Fluad_72_PBMC
78118,78118,1.610150463654353,Fluad_168_PBMC
78258,78258,-0.16742185460340803,Fluad_4_PBMC
78258,78258,-0.3575235073419747,Fluad_8_PBMC
78258,78258,-0.45652261363092694,Fluad_24_PBMC
78258,78258,-1.1620430458078912,Fluad_48_PBMC
78258,78258,-0.8279438874580151,Fluad_72_PBMC
78258,78258,-0.7644637192518394,Fluad_168_PBMC
78469,78469,0.26912088865892353,Fluad_4_PBMC
78469,78469,0.15850240771019392,Fluad_8_PBMC
78469,78469,0.5225395863965974,Fluad_24_PBMC
78469,78469,0.45125410488701284,Fluad_48_PBMC
78469,78469,0.5037986989055456,Fluad_72_PBMC
78469,78469,0.11399971030160083,Fluad_168_PBMC
78526,78526,0.3586270552425665,Fluad_4_PBMC
78526,78526,-0.05478745550567982,Fluad_8_PBMC
78526,78526,0.16512527204990576,Fluad_24_PBMC
78526,78526,0.11908341552327215,Fluad_48_PBMC
78526,78526,-0.1452193444135996,Fluad_72_PBMC
78526,78526,-0.5922676705418757,Fluad_168_PBMC
78609,78609,1.2697844284839719,Fluad_4_PBMC
78609,78609,1.2907544796993062,Fluad_8_PBMC
78609,78609,1.383778173959271,Fluad_24_PBMC
78609,78609,1.390616252994433,Fluad_48_PBMC
78609,78609,1.5909581054930393,Fluad_72_PBMC
78609,78609,0.8329997642723206,Fluad_168_PBMC
78758,78758,0.20425216062424595,Fluad_4_PBMC
78758,78758,0.21429969743427185,Fluad_8_PBMC
78758,78758,0.49364440483828975,Fluad_24_PBMC
78758,78758,0.42147184558876144,Fluad_48_PBMC
78758,78758,0.4855804434006745,Fluad_72_PBMC
78758,78758,0.2131676423470986,Fluad_168_PBMC
78771,78771,0.3176805225664858,Fluad_4_PBMC
78771,78771,0.3918402404399217,Fluad_8_PBMC
78771,78771,0.26212221383116496,Fluad_24_PBMC
78771,78771,0.2705059331040596,Fluad_48_PBMC
78771,78771,0.2249864613870926,Fluad_72_PBMC
78771,78771,0.19673213410640697,Fluad_168_PBMC
78774,78774,-0.0787884280611845,Fluad_4_PBMC
78774,78774,-0.16046209522199478,Fluad_8_PBMC
78774,78774,0.12310526789055692,Fluad_24_PBMC
78774,78774,0.10819932844561089,Fluad_48_PBMC
78774,78774,0.07645102763847716,Fluad_72_PBMC
78774,78774,-0.38958830409238043,Fluad_168_PBMC
78781,78781,0.1803070500901922,Fluad_4_PBMC
78781,78781,0.13798966941451504,Fluad_8_PBMC
78781,78781,0.22572284768994688,Fluad_24_PBMC
78781,78781,0.21664901674373305,Fluad_48_PBMC
78781,78781,0.2172011247416295,Fluad_72_PBMC
78781,78781,0.10695865603862893,Fluad_168_PBMC
78783,78783,0.09957335993149576,Fluad_4_PBMC
78783,78783,0.06242170215563136,Fluad_8_PBMC
78783,78783,0.057509214464934094,Fluad_24_PBMC
78783,78783,0.08029818540857431,Fluad_48_PBMC
78783,78783,0.04443581136876063,Fluad_72_PBMC
78783,78783,0.015813143570691614,Fluad_168_PBMC
78893,78893,0.24913821471987016,Fluad_4_PBMC
78893,78893,0.20942061704081966,Fluad_8_PBMC
78893,78893,0.3751724008461369,Fluad_24_PBMC
78893,78893,0.3083713956771307,Fluad_48_PBMC
78893,78893,0.29385826853197644,Fluad_72_PBMC
78893,78893,0.2572345265239393,Fluad_168_PBMC
78933,78933,0.7156704037302889,Fluad_4_PBMC
78933,78933,0.7766773094301676,Fluad_8_PBMC
78933,78933,0.839288199346343,Fluad_24_PBMC
78933,78933,1.0471273089800754,Fluad_48_PBMC
78933,78933,1.320926274580852,Fluad_72_PBMC
78933,78933,1.11939357858786,Fluad_168_PBMC
79555,79555,0.3724961919628364,Fluad_4_PBMC
79555,79555,0.3769717460252281,Fluad_8_PBMC
79555,79555,0.41672950591375446,Fluad_24_PBMC
79555,79555,0.412405845804686,Fluad_48_PBMC
79555,79555,0.4698993212661139,Fluad_72_PBMC
79555,79555,0.35618235735038284,Fluad_168_PBMC
79565,79565,0.08642285003050301,Fluad_4_PBMC
79565,79565,0.0900232389825506,Fluad_8_PBMC
79565,79565,0.21720795899946968,Fluad_24_PBMC
79565,79565,0.14327383920554165,Fluad_48_PBMC
79565,79565,0.19740080544369482,Fluad_72_PBMC
79565,79565,0.07160695442775175,Fluad_168_PBMC
80284,80284,-0.0871065036415779,Fluad_4_PBMC
80284,80284,-0.021734306760132917,Fluad_8_PBMC
80284,80284,-0.053420044267797034,Fluad_24_PBMC
80284,80284,-0.08507813324316366,Fluad_48_PBMC
80284,80284,-0.13892586023789072,Fluad_72_PBMC
80284,80284,-0.08046775884957713,Fluad_168_PBMC
80707,80707,0.4113514700697186,Fluad_4_PBMC
80707,80707,0.32971334679551,Fluad_8_PBMC
80707,80707,0.39861054086882763,Fluad_24_PBMC
80707,80707,0.3268455455802218,Fluad_48_PBMC
80707,80707,0.42217335724457433,Fluad_72_PBMC
80707,80707,0.2909028477234322,Fluad_168_PBMC
80857,80857,0.1925307890324208,Fluad_4_PBMC
80857,80857,0.1625325337868657,Fluad_8_PBMC
80857,80857,0.3497191017273328,Fluad_24_PBMC
80857,80857,0.3183579429993603,Fluad_48_PBMC
80857,80857,0.3355559563227808,Fluad_72_PBMC
80857,80857,0.15050905922212493,Fluad_168_PBMC
80876,80876,0.08335820935484693,Fluad_4_PBMC
80876,80876,0.1519664709442489,Fluad_8_PBMC
80876,80876,0.10506880155583224,Fluad_24_PBMC
80876,80876,0.017884089210816946,Fluad_48_PBMC
80876,80876,-0.05348394932683966,Fluad_72_PBMC
80876,80876,0.014146116863895209,Fluad_168_PBMC
80877,80877,-0.11774279001234154,Fluad_4_PBMC
80877,80877,0.06180161245061247,Fluad_8_PBMC
80877,80877,0.5786564800900736,Fluad_24_PBMC
80877,80877,0.49858469222846313,Fluad_48_PBMC
80877,80877,0.5414243084583807,Fluad_72_PBMC
80877,80877,0.15877044672055043,Fluad_168_PBMC
80884,80884,0.25979214922232496,Fluad_4_PBMC
80884,80884,0.2562832434177298,Fluad_8_PBMC
80884,80884,0.11860508973068276,Fluad_24_PBMC
80884,80884,0.1365915417289874,Fluad_48_PBMC
80884,80884,0.12905005408857395,Fluad_72_PBMC
80884,80884,0.09215821935034876,Fluad_168_PBMC
80885,80885,0.4852069351931225,Fluad_4_PBMC
80885,80885,0.3646022212461631,Fluad_8_PBMC
80885,80885,0.19416091859597218,Fluad_24_PBMC
80885,80885,0.11833838885809966,Fluad_48_PBMC
80885,80885,-0.06232838475795867,Fluad_72_PBMC
80885,80885,0.17733096382059255,Fluad_168_PBMC
80886,80886,0.12499542079858722,Fluad_4_PBMC
80886,80886,0.1338123738916411,Fluad_8_PBMC
80886,80886,0.2226418948469141,Fluad_24_PBMC
80886,80886,0.1859187341104315,Fluad_48_PBMC
80886,80886,0.22565873067086556,Fluad_72_PBMC
80886,80886,0.10666806994225096,Fluad_168_PBMC
80911,80911,0.0993546010891386,Fluad_4_PBMC
80911,80911,0.057635507903600294,Fluad_8_PBMC
80911,80911,0.2749382807187581,Fluad_24_PBMC
80911,80911,0.231809714166486,Fluad_48_PBMC
80911,80911,0.20838078103717944,Fluad_72_PBMC
80911,80911,0.0709258464461798,Fluad_168_PBMC
81010,81010,0.7760287069078995,Fluad_4_PBMC
81010,81010,0.6320433255062443,Fluad_8_PBMC
81010,81010,0.8221714872190371,Fluad_24_PBMC
81010,81010,0.7808912173899341,Fluad_48_PBMC
81010,81010,1.0087232413932463,Fluad_72_PBMC
81010,81010,1.0388063812370667,Fluad_168_PBMC
81799,81799,-0.2052735320480129,Fluad_4_PBMC
81799,81799,0.0245040322009952,Fluad_8_PBMC
81799,81799,-0.4789986253938213,Fluad_24_PBMC
81799,81799,-0.7613667319427789,Fluad_48_PBMC
81799,81799,-0.4677275467863931,Fluad_72_PBMC
81799,81799,-0.6966315331768921,Fluad_168_PBMC
81907,81907,0.17327565461042832,Fluad_4_PBMC
81907,81907,0.16206075910390208,Fluad_8_PBMC
81907,81907,0.47225798272456176,Fluad_24_PBMC
81907,81907,0.39239833357660747,Fluad_48_PBMC
81907,81907,0.4575745958325076,Fluad_72_PBMC
81907,81907,0.23340023748703811,Fluad_168_PBMC
83379,83379,-0.20276332119300788,Fluad_4_PBMC
83379,83379,-0.22514316167809362,Fluad_8_PBMC
83379,83379,-0.01814401231935398,Fluad_24_PBMC
83379,83379,0.5489299364490059,Fluad_48_PBMC
83379,83379,0.43822022120924686,Fluad_72_PBMC
83379,83379,0.30629510470205723,Fluad_168_PBMC
83492,83492,0.15573199300994767,Fluad_4_PBMC
83492,83492,0.15661130186923575,Fluad_8_PBMC
83492,83492,0.4083978100049205,Fluad_24_PBMC
83492,83492,0.3190892096165937,Fluad_48_PBMC
83492,83492,0.436554427478661,Fluad_72_PBMC
83492,83492,0.2645710181418648,Fluad_168_PBMC
83771,83771,0.34478285343698717,Fluad_4_PBMC
83771,83771,0.316113795911635,Fluad_8_PBMC
83771,83771,0.30322022198836895,Fluad_24_PBMC
83771,83771,0.38494030292028886,Fluad_48_PBMC
83771,83771,0.46098185705412675,Fluad_72_PBMC
83771,83771,0.4746942104809308,Fluad_168_PBMC
83922,83922,-0.4811671430278982,Fluad_4_PBMC
83922,83922,-0.5375835617553003,Fluad_8_PBMC
83922,83922,-0.7827752428862574,Fluad_24_PBMC
83922,83922,-0.8211282092039442,Fluad_48_PBMC
83922,83922,-0.7798526590261181,Fluad_72_PBMC
83922,83922,-0.07388495959361352,Fluad_168_PBMC
84682,84682,-0.10054756580774432,Fluad_4_PBMC
84682,84682,-0.11092059624823764,Fluad_8_PBMC
84682,84682,0.11265396663379314,Fluad_24_PBMC
84682,84682,0.07067264102279276,Fluad_48_PBMC
84682,84682,0.13627152494304262,Fluad_72_PBMC
84682,84682,-0.20165241324036814,Fluad_168_PBMC
93686,93686,-1.1259996284336546,Fluad_4_PBMC
93686,93686,-0.9833479217379721,Fluad_8_PBMC
93686,93686,-0.8326259270634988,Fluad_24_PBMC
93686,93686,0.5012923950429107,Fluad_48_PBMC
93686,93686,-0.5960861445567385,Fluad_72_PBMC
93686,93686,-0.6640329916774932,Fluad_168_PBMC
93694,93694,0.06125018194962452,Fluad_4_PBMC
93694,93694,0.03445777332794806,Fluad_8_PBMC
93694,93694,0.08053810478319119,Fluad_24_PBMC
93694,93694,0.030508801504213923,Fluad_48_PBMC
93694,93694,0.11797561289468934,Fluad_72_PBMC
93694,93694,0.1848129931359197,Fluad_168_PBMC
93696,93696,-0.22495347951809605,Fluad_4_PBMC
93696,93696,-0.18576053112893842,Fluad_8_PBMC
93696,93696,-0.18869274525865082,Fluad_24_PBMC
93696,93696,-0.2772129178598708,Fluad_48_PBMC
93696,93696,-0.3206368952518973,Fluad_72_PBMC
93696,93696,-0.1990777242918771,Fluad_168_PBMC
93719,93719,-0.2555946245789061,Fluad_4_PBMC
93719,93719,-0.4747213789646788,Fluad_8_PBMC
93719,93719,-0.19933300519915215,Fluad_24_PBMC
93719,93719,-0.20755497630875125,Fluad_48_PBMC
93719,93719,-0.4178934774147439,Fluad_72_PBMC
93719,93719,0.023918701830774464,Fluad_168_PBMC
93726,93726,-0.09533908477666558,Fluad_4_PBMC
93726,93726,-0.18326655595297997,Fluad_8_PBMC
93726,93726,-0.1195393824372589,Fluad_24_PBMC
93726,93726,-0.08507059972967777,Fluad_48_PBMC
93726,93726,-0.12585116169032246,Fluad_72_PBMC
93726,93726,0.08542846189510497,Fluad_168_PBMC
93728,93728,0.275803163139251,Fluad_4_PBMC
93728,93728,0.5217554546452826,Fluad_8_PBMC
93728,93728,1.040178365429442,Fluad_24_PBMC
93728,93728,0.661355574172105,Fluad_48_PBMC
93728,93728,0.7416635231079232,Fluad_72_PBMC
93728,93728,0.9824365608741263,Fluad_168_PBMC
93746,93746,0.6462798130166285,Fluad_4_PBMC
93746,93746,0.5101780846576115,Fluad_8_PBMC
93746,93746,0.9606493322422991,Fluad_24_PBMC
93746,93746,0.8493965451497046,Fluad_48_PBMC
93746,93746,0.9148616541153866,Fluad_72_PBMC
93746,93746,0.49552557656303375,Fluad_168_PBMC
93889,93889,0.027537307257691115,Fluad_4_PBMC
93889,93889,0.1707335228190038,Fluad_8_PBMC
93889,93889,0.31497780750393717,Fluad_24_PBMC
93889,93889,0.5512489390113153,Fluad_48_PBMC
93889,93889,0.8714783656135754,Fluad_72_PBMC
93889,93889,0.7241866355126668,Fluad_168_PBMC
93896,93896,0.8654533599669023,Fluad_4_PBMC
93896,93896,0.9782465155910052,Fluad_8_PBMC
93896,93896,0.9556489103677914,Fluad_24_PBMC
93896,93896,1.0299552741757019,Fluad_48_PBMC
93896,93896,1.371963021739789,Fluad_72_PBMC
93896,93896,1.7728123271357201,Fluad_168_PBMC
94064,94064,-0.19864741104555333,Fluad_4_PBMC
94064,94064,-0.17382607874374,Fluad_8_PBMC
94064,94064,-0.23604967942010052,Fluad_24_PBMC
94064,94064,-0.25927521588154,Fluad_48_PBMC
94064,94064,-0.27946003166042555,Fluad_72_PBMC
94064,94064,-0.17976116156341648,Fluad_168_PBMC
94180,94180,0.5870446939669268,Fluad_4_PBMC
94180,94180,0.46373302022860546,Fluad_8_PBMC
94180,94180,0.6138009349684839,Fluad_24_PBMC
94180,94180,0.817156391840241,Fluad_48_PBMC
94180,94180,0.9419005788738188,Fluad_72_PBMC
94180,94180,1.0330643901419063,Fluad_168_PBMC
94219,94219,0.24638645253694869,Fluad_4_PBMC
94219,94219,0.15757710917321546,Fluad_8_PBMC
94219,94219,0.29728180611962646,Fluad_24_PBMC
94219,94219,0.1977372299041958,Fluad_48_PBMC
94219,94219,0.3969119528098422,Fluad_72_PBMC
94219,94219,0.09381569512068647,Fluad_168_PBMC
94249,94249,0.3293361764038159,Fluad_4_PBMC
94249,94249,0.3223963410011016,Fluad_8_PBMC
94249,94249,0.1913741650751622,Fluad_24_PBMC
94249,94249,0.24654338099815853,Fluad_48_PBMC
94249,94249,0.2662791945764482,Fluad_72_PBMC
94249,94249,0.1814965276658679,Fluad_168_PBMC
94346,94346,0.11383116063963206,Fluad_4_PBMC
94346,94346,0.12242895101326548,Fluad_8_PBMC
94346,94346,0.03781161153048179,Fluad_24_PBMC
94346,94346,0.08217417415852561,Fluad_48_PBMC
94346,94346,0.03154805528793318,Fluad_72_PBMC
94346,94346,0.038557082664439885,Fluad_168_PBMC
97848,97848,0.2599663528880055,Fluad_4_PBMC
97848,97848,0.3536127668799315,Fluad_8_PBMC
97848,97848,0.2084897816764586,Fluad_24_PBMC
97848,97848,0.26719566820652935,Fluad_48_PBMC
97848,97848,0.25854403826814654,Fluad_72_PBMC
97848,97848,0.26390832079551213,Fluad_168_PBMC
98221,98221,-0.16433064220797303,Fluad_4_PBMC
98221,98221,-0.1436211508740733,Fluad_8_PBMC
98221,98221,-0.1688930084576551,Fluad_24_PBMC
98221,98221,-0.14453612605141636,Fluad_48_PBMC
98221,98221,-0.14595260441428298,Fluad_72_PBMC
98221,98221,-0.11230316829582396,Fluad_168_PBMC
98314,98314,0.5894400241464806,Fluad_4_PBMC
98314,98314,0.5954472441946242,Fluad_8_PBMC
98314,98314,0.8323732944701252,Fluad_24_PBMC
98314,98314,0.7801681869235404,Fluad_48_PBMC
98314,98314,0.8747946484378554,Fluad_72_PBMC
98314,98314,0.6740741565487082,Fluad_168_PBMC
98736,98736,-0.6269009424756918,Fluad_4_PBMC
98736,98736,-0.33401447663364947,Fluad_8_PBMC
98736,98736,0.08530304646582462,Fluad_24_PBMC
98736,98736,0.1922355914293816,Fluad_48_PBMC
98736,98736,0.17428229877930215,Fluad_72_PBMC
98736,98736,0.26054169578682396,Fluad_168_PBMC
98932,98932,0.1348869886880314,Fluad_4_PBMC
98932,98932,0.13802245328554652,Fluad_8_PBMC
98932,98932,0.07294562794871307,Fluad_24_PBMC
98932,98932,0.10559740197954104,Fluad_48_PBMC
98932,98932,0.09520976996704293,Fluad_72_PBMC
98932,98932,0.08291095959196468,Fluad_168_PBMC
99167,99167,0.5326566162661002,Fluad_4_PBMC
99167,99167,0.534413901768755,Fluad_8_PBMC
99167,99167,0.3825653117445984,Fluad_24_PBMC
99167,99167,0.4580831535907457,Fluad_48_PBMC
99167,99167,0.4509852445600151,Fluad_72_PBMC
99167,99167,0.35390513209045216,Fluad_168_PBMC
99375,99375,0.2514705688418121,Fluad_4_PBMC
99375,99375,0.13407314701910414,Fluad_8_PBMC
99375,99375,0.18356753652594013,Fluad_24_PBMC
99375,99375,0.16493516442819542,Fluad_48_PBMC
99375,99375,0.36652904158066535,Fluad_72_PBMC
99375,99375,0.07587835478138015,Fluad_168_PBMC
99377,99377,-0.7807548720317717,Fluad_4_PBMC
99377,99377,-0.5491001497242981,Fluad_8_PBMC
99377,99377,-2.0197422007476926,Fluad_24_PBMC
99377,99377,-0.5281575557566154,Fluad_48_PBMC
99377,99377,-0.7435855467476449,Fluad_72_PBMC
99377,99377,-0.5669791803413105,Fluad_168_PBMC
99650,99650,-0.0986690703894324,Fluad_4_PBMC
99650,99650,-0.07175473532726842,Fluad_8_PBMC
99650,99650,-0.09419249045629093,Fluad_24_PBMC
99650,99650,-0.13002366329458742,Fluad_48_PBMC
99650,99650,-0.1372032290767787,Fluad_72_PBMC
99650,99650,-0.10525043636663585,Fluad_168_PBMC
100559,100559,0.1824707990903628,Fluad_4_PBMC
100559,100559,0.31397711416865426,Fluad_8_PBMC
100559,100559,0.6041271443575156,Fluad_24_PBMC
100559,100559,0.5194876609919071,Fluad_48_PBMC
100559,100559,0.583536995526289,Fluad_72_PBMC
100559,100559,0.2019956781176983,Fluad_168_PBMC
101185,101185,0.5939005859675544,Fluad_4_PBMC
101185,101185,0.35875436368325253,Fluad_8_PBMC
101185,101185,0.7789825879126764,Fluad_24_PBMC
101185,101185,0.720040144886055,Fluad_48_PBMC
101185,101185,0.8543241896681819,Fluad_72_PBMC
101185,101185,1.0547610342513891,Fluad_168_PBMC
101612,101612,0.02033743712163523,Fluad_4_PBMC
101612,101612,0.017203705113556754,Fluad_8_PBMC
101612,101612,0.18754170040117832,Fluad_24_PBMC
101612,101612,0.137043045947716,Fluad_48_PBMC
101612,101612,0.22397831208601812,Fluad_72_PBMC
101612,101612,0.18512079801313613,Fluad_168_PBMC
102209,102209,-0.10018536787401665,Fluad_4_PBMC
102209,102209,-0.08172778339206452,Fluad_8_PBMC
102209,102209,-0.14528169016362086,Fluad_24_PBMC
102209,102209,-0.14115377193745698,Fluad_48_PBMC
102209,102209,-0.19158236360145836,Fluad_72_PBMC
102209,102209,-0.07269987064980153,Fluad_168_PBMC
102580,102580,0.18305288527436422,Fluad_4_PBMC
102580,102580,0.25018672859997954,Fluad_8_PBMC
102580,102580,0.4813223266153376,Fluad_24_PBMC
102580,102580,0.3921801096396599,Fluad_48_PBMC
102580,102580,0.49351851930398183,Fluad_72_PBMC
102580,102580,0.3124050323206372,Fluad_168_PBMC
103554,103554,0.33776653516066674,Fluad_4_PBMC
103554,103554,0.3284593094995042,Fluad_8_PBMC
103554,103554,0.511535972555319,Fluad_24_PBMC
103554,103554,0.4533407608558524,Fluad_48_PBMC
103554,103554,0.5081448100982078,Fluad_72_PBMC
103554,103554,0.27811686317750095,Fluad_168_PBMC
103775,103775,0.20807313268618927,Fluad_4_PBMC
103775,103775,-0.5206461935586915,Fluad_8_PBMC
103775,103775,-0.20768963716235478,Fluad_24_PBMC
103775,103775,-0.5354738971767782,Fluad_48_PBMC
103775,103775,-0.2403078714524322,Fluad_72_PBMC
103775,103775,-0.9828026212830383,Fluad_168_PBMC
104009,104009,0.18520730169434296,Fluad_4_PBMC
104009,104009,0.17994589404684275,Fluad_8_PBMC
104009,104009,0.13096504155211525,Fluad_24_PBMC
104009,104009,0.14069933445504698,Fluad_48_PBMC
104009,104009,0.10511583805158373,Fluad_72_PBMC
104009,104009,0.04238134325761467,Fluad_168_PBMC
104086,104086,-0.41027406940183614,Fluad_4_PBMC
104086,104086,-0.15521411627765916,Fluad_8_PBMC
104086,104086,-0.22813044671637117,Fluad_24_PBMC
104086,104086,-0.2368314991916481,Fluad_48_PBMC
104086,104086,-0.21185175339119844,Fluad_72_PBMC
104086,104086,0.00901733622389686,Fluad_168_PBMC
104183,104183,0.3106842479744696,Fluad_4_PBMC
104183,104183,0.3520843095128516,Fluad_8_PBMC
104183,104183,0.3891725268815973,Fluad_24_PBMC
104183,104183,0.28817418780297877,Fluad_48_PBMC
104183,104183,0.34885862010322,Fluad_72_PBMC
104183,104183,0.5718838836331385,Fluad_168_PBMC
104303,104303,-0.1839959651351345,Fluad_4_PBMC
104303,104303,-0.19723108251178179,Fluad_8_PBMC
104303,104303,-0.3797454600433161,Fluad_24_PBMC
104303,104303,-0.32757145104072305,Fluad_48_PBMC
104303,104303,-0.3516671884720198,Fluad_72_PBMC
104303,104303,-0.3135103396401083,Fluad_168_PBMC
104457,104457,-0.07775776916258131,Fluad_4_PBMC
104457,104457,-0.05293791515578328,Fluad_8_PBMC
104457,104457,-0.08372667764513642,Fluad_24_PBMC
104457,104457,-0.07839702579805341,Fluad_48_PBMC
104457,104457,-0.11732440676292907,Fluad_72_PBMC
104457,104457,-0.0910677495402356,Fluad_168_PBMC
104732,104732,0.6385913319338703,Fluad_4_PBMC
104732,104732,0.7293927222692211,Fluad_8_PBMC
104732,104732,0.9301184426004501,Fluad_24_PBMC
104732,104732,1.0013049317891511,Fluad_48_PBMC
104732,104732,1.117978969273086,Fluad_72_PBMC
104732,104732,0.8247901610080497,Fluad_168_PBMC
104884,104884,0.12271378303551253,Fluad_4_PBMC
104884,104884,-0.187882629295338,Fluad_8_PBMC
104884,104884,0.15670356176279276,Fluad_24_PBMC
104884,104884,0.07857193224858312,Fluad_48_PBMC
104884,104884,0.32198049175599697,Fluad_72_PBMC
104884,104884,0.4793835901096132,Fluad_168_PBMC
105734,105734,-0.3861946276346558,Fluad_4_PBMC
105734,105734,-0.20829393592372486,Fluad_8_PBMC
105734,105734,0.2766168090922153,Fluad_24_PBMC
105734,105734,0.24710907844478305,Fluad_48_PBMC
105734,105734,0.5960618947396203,Fluad_72_PBMC
105734,105734,-0.11830859052776974,Fluad_168_PBMC
106344,106344,-0.155232049985341,Fluad_4_PBMC
106344,106344,-0.1205677894609686,Fluad_8_PBMC
106344,106344,-0.10282499457611022,Fluad_24_PBMC
106344,106344,-0.18607682125794078,Fluad_48_PBMC
106344,106344,-0.22160504022100924,Fluad_72_PBMC
106344,106344,-0.08652608930537446,Fluad_168_PBMC
106369,106369,-0.1858753037178657,Fluad_4_PBMC
106369,106369,-0.05137645392091622,Fluad_8_PBMC
106369,106369,0.4891858421046043,Fluad_24_PBMC
106369,106369,0.2228720789510985,Fluad_48_PBMC
106369,106369,0.41788588237048907,Fluad_72_PBMC
106369,106369,-0.09115687240033254,Fluad_168_PBMC
106389,106389,0.21548508114499118,Fluad_4_PBMC
106389,106389,0.16011530519733458,Fluad_8_PBMC
106389,106389,0.17299679188703493,Fluad_24_PBMC
106389,106389,0.17960247347551955,Fluad_48_PBMC
106389,106389,0.208311935163719,Fluad_72_PBMC
106389,106389,0.1983315282922039,Fluad_168_PBMC
106565,106565,0.07422379516056836,Fluad_4_PBMC
106565,106565,0.0804406181888232,Fluad_8_PBMC
106565,106565,0.1617044819486913,Fluad_24_PBMC
106565,106565,0.17063287004641314,Fluad_48_PBMC
106565,106565,0.20373646491037428,Fluad_72_PBMC
106565,106565,0.23555665757624356,Fluad_168_PBMC
106583,106583,-0.0681341263986041,Fluad_4_PBMC
106583,106583,-0.09002486563585556,Fluad_8_PBMC
106583,106583,0.04182376481009249,Fluad_24_PBMC
106583,106583,0.06625793410176721,Fluad_48_PBMC
106583,106583,0.11083011411983737,Fluad_72_PBMC
106583,106583,-0.1132222027400198,Fluad_168_PBMC
106585,106585,0.08979919230640909,Fluad_4_PBMC
106585,106585,0.12169944101802568,Fluad_8_PBMC
106585,106585,0.2156378133170973,Fluad_24_PBMC
106585,106585,0.09493668390575814,Fluad_48_PBMC
106585,106585,0.04898046807349619,Fluad_72_PBMC
106585,106585,-0.005880720906632497,Fluad_168_PBMC
106672,106672,-0.1684970244249735,Fluad_4_PBMC
106672,106672,-0.13416270436492028,Fluad_8_PBMC
106672,106672,-0.19470029625212187,Fluad_24_PBMC
106672,106672,-0.16789975107657498,Fluad_48_PBMC
106672,106672,-0.2048478371946934,Fluad_72_PBMC
106672,106672,-0.13212542198147076,Fluad_168_PBMC
106722,106722,0.35187972393538625,Fluad_4_PBMC
106722,106722,0.3645083575936604,Fluad_8_PBMC
106722,106722,0.21457836019966264,Fluad_24_PBMC
106722,106722,0.31167153998946245,Fluad_48_PBMC
106722,106722,0.3102931635784011,Fluad_72_PBMC
106722,106722,0.22690656106833618,Fluad_168_PBMC
107477,107477,0.1023846654022584,Fluad_4_PBMC
107477,107477,0.12148311846510317,Fluad_8_PBMC
107477,107477,0.22619508070002492,Fluad_24_PBMC
107477,107477,0.24831479359371167,Fluad_48_PBMC
107477,107477,0.2828878342113378,Fluad_72_PBMC
107477,107477,0.1211724949866205,Fluad_168_PBMC
107589,107589,0.470588332843883,Fluad_4_PBMC
107589,107589,0.45490224671098645,Fluad_8_PBMC
107589,107589,0.4404093839792605,Fluad_24_PBMC
107589,107589,0.46110968288727916,Fluad_48_PBMC
107589,107589,0.41659977669650194,Fluad_72_PBMC
107589,107589,0.29330595597326925,Fluad_168_PBMC
107767,107767,0.4209618261694982,Fluad_4_PBMC
107767,107767,0.42756055529948467,Fluad_8_PBMC
107767,107767,0.2831132122588011,Fluad_24_PBMC
107767,107767,0.3407804816934046,Fluad_48_PBMC
107767,107767,0.35078131139310276,Fluad_72_PBMC
107767,107767,0.26794140854378173,Fluad_168_PBMC
107823,107823,0.4128098216584763,Fluad_4_PBMC
107823,107823,0.6538934466219289,Fluad_8_PBMC
107823,107823,1.016188157966777,Fluad_24_PBMC
107823,107823,0.943374840059687,Fluad_48_PBMC
107823,107823,1.0872705487830576,Fluad_72_PBMC
107823,107823,0.7381581168428808,Fluad_168_PBMC
107971,107971,0.1971199217567766,Fluad_4_PBMC
107971,107971,0.14850910969773648,Fluad_8_PBMC
107971,107971,-0.27843064913163545,Fluad_24_PBMC
107971,107971,0.5575417332375739,Fluad_48_PBMC
107971,107971,-0.2535816842409376,Fluad_72_PBMC
107971,107971,-0.9967497897196045,Fluad_168_PBMC
108068,108068,0.2662062156105034,Fluad_4_PBMC
108068,108068,0.2320031534731536,Fluad_8_PBMC
108068,108068,0.42916403970133793,Fluad_24_PBMC
108068,108068,0.38719312218738955,Fluad_48_PBMC
108068,108068,0.38990033884131475,Fluad_72_PBMC
108068,108068,0.19964711825838233,Fluad_168_PBMC
108075,108075,0.7450673609796976,Fluad_4_PBMC
108075,108075,0.8519653606927775,Fluad_8_PBMC
108075,108075,1.2054512980822536,Fluad_24_PBMC
108075,108075,1.319543775848726,Fluad_48_PBMC
108075,108075,1.8108456136836764,Fluad_72_PBMC
108075,108075,1.186061156187303,Fluad_168_PBMC
108100,108100,0.3348167490527049,Fluad_4_PBMC
108100,108100,0.3153687736997046,Fluad_8_PBMC
108100,108100,0.4305552764283518,Fluad_24_PBMC
108100,108100,0.4104535316771447,Fluad_48_PBMC
108100,108100,0.42072996629753273,Fluad_72_PBMC
108100,108100,0.4755126276311706,Fluad_168_PBMC
108116,108116,0.15406106317757218,Fluad_4_PBMC
108116,108116,0.07830500452928317,Fluad_8_PBMC
108116,108116,0.19156037906131942,Fluad_24_PBMC
108116,108116,0.13740351056143832,Fluad_48_PBMC
108116,108116,0.0675701198847327,Fluad_72_PBMC
108116,108116,0.046510440428301665,Fluad_168_PBMC
108673,108673,0.027824308872134388,Fluad_4_PBMC
108673,108673,-0.004497600263054988,Fluad_8_PBMC
108673,108673,-0.22405405692335437,Fluad_24_PBMC
108673,108673,-0.06909560393404003,Fluad_48_PBMC
108673,108673,-0.055660715577791925,Fluad_72_PBMC
108673,108673,0.01604573094739546,Fluad_168_PBMC
109333,109333,0.18457468937909488,Fluad_4_PBMC
109333,109333,0.14091360122121394,Fluad_8_PBMC
109333,109333,0.2181035552774784,Fluad_24_PBMC
109333,109333,0.11543804312618236,Fluad_48_PBMC
109333,109333,0.20512666056900705,Fluad_72_PBMC
109333,109333,0.050356326107419545,Fluad_168_PBMC
109660,109660,0.16742333701006454,Fluad_4_PBMC
109660,109660,0.15512967734045013,Fluad_8_PBMC
109660,109660,0.5162489396135951,Fluad_24_PBMC
109660,109660,0.514902365258526,Fluad_48_PBMC
109660,109660,0.558112382060571,Fluad_72_PBMC
109660,109660,0.2855202913283666,Fluad_168_PBMC
109674,109674,0.16486196621550595,Fluad_4_PBMC
109674,109674,0.16619377800687746,Fluad_8_PBMC
109674,109674,0.42439658754414433,Fluad_24_PBMC
109674,109674,0.36319922276606653,Fluad_48_PBMC
109674,109674,0.41343019648013124,Fluad_72_PBMC
109674,109674,0.23319040981806088,Fluad_168_PBMC
109676,109676,0.3082096358913477,Fluad_4_PBMC
109676,109676,0.2605492883822803,Fluad_8_PBMC
109676,109676,0.3661109988925878,Fluad_24_PBMC
109676,109676,0.38803473514475323,Fluad_48_PBMC
109676,109676,0.4293058172537231,Fluad_72_PBMC
109676,109676,0.45277124754734777,Fluad_168_PBMC
110012,110012,0.252191787034814,Fluad_4_PBMC
110012,110012,0.23725399237195494,Fluad_8_PBMC
110012,110012,0.421675296545644,Fluad_24_PBMC
110012,110012,0.39041690643843874,Fluad_48_PBMC
110012,110012,0.4425506053490722,Fluad_72_PBMC
110012,110012,0.30522960286928746,Fluad_168_PBMC
110095,110095,0.1843924374673519,Fluad_4_PBMC
110095,110095,0.14546374497990797,Fluad_8_PBMC
110095,110095,0.11511400397359717,Fluad_24_PBMC
110095,110095,0.13151229331106387,Fluad_48_PBMC
110095,110095,0.03262657337276362,Fluad_72_PBMC
110095,110095,0.15626790847928895,Fluad_168_PBMC
110135,110135,0.1607664996219481,Fluad_4_PBMC
110135,110135,0.1840257914291607,Fluad_8_PBMC
110135,110135,0.6466644658176095,Fluad_24_PBMC
110135,110135,0.7405960905569474,Fluad_48_PBMC
110135,110135,0.7910645263000051,Fluad_72_PBMC
110135,110135,0.66884003541394,Fluad_168_PBMC
110172,110172,0.12167290903213179,Fluad_4_PBMC
110172,110172,0.14611375657533926,Fluad_8_PBMC
110172,110172,0.1602139541283388,Fluad_24_PBMC
110172,110172,0.12026254486231225,Fluad_48_PBMC
110172,110172,0.14613968903429714,Fluad_72_PBMC
110172,110172,0.10820138226686657,Fluad_168_PBMC
110208,110208,0.01222193182091643,Fluad_4_PBMC
110208,110208,-0.022232098617167628,Fluad_8_PBMC
110208,110208,-0.11679237069218712,Fluad_24_PBMC
110208,110208,-0.05479319880037367,Fluad_48_PBMC
110208,110208,-0.12482547095217097,Fluad_72_PBMC
110208,110208,5.958865767402496e-4,Fluad_168_PBMC
110279,110279,0.2580084297128041,Fluad_4_PBMC
110279,110279,0.17003067201785088,Fluad_8_PBMC
110279,110279,0.13977502894647265,Fluad_24_PBMC
110279,110279,0.20378352536275757,Fluad_48_PBMC
110279,110279,0.21760741087433566,Fluad_72_PBMC
110279,110279,0.1077834719816419,Fluad_168_PBMC
110794,110794,-0.12461600325459249,Fluad_4_PBMC
110794,110794,-0.2966844680544387,Fluad_8_PBMC
110794,110794,-0.3639782513169415,Fluad_24_PBMC
110794,110794,-0.21471079296355433,Fluad_48_PBMC
110794,110794,-0.2618551578109105,Fluad_72_PBMC
110794,110794,0.022327600449674523,Fluad_168_PBMC
110876,110876,0.0969641048771295,Fluad_4_PBMC
110876,110876,0.15831294524752756,Fluad_8_PBMC
110876,110876,0.3707085267428399,Fluad_24_PBMC
110876,110876,0.05567890582828874,Fluad_48_PBMC
110876,110876,0.08762176704351748,Fluad_72_PBMC
110876,110876,-0.20881023404783924,Fluad_168_PBMC
111241,111241,-0.06693504926919552,Fluad_4_PBMC
111241,111241,-0.03645161007268627,Fluad_8_PBMC
111241,111241,-0.06151386862316219,Fluad_24_PBMC
111241,111241,-0.062150228946494475,Fluad_48_PBMC
111241,111241,-0.06968133986661275,Fluad_72_PBMC
111241,111241,-0.10363923025141852,Fluad_168_PBMC
111368,111368,0.5375187321036282,Fluad_4_PBMC
111368,111368,0.5182499737078091,Fluad_8_PBMC
111368,111368,0.6563411985726548,Fluad_24_PBMC
111368,111368,0.6492707898259091,Fluad_48_PBMC
111368,111368,0.7032273359534611,Fluad_72_PBMC
111368,111368,0.5195986019294471,Fluad_168_PBMC
112419,112419,0.2667547040634119,Fluad_4_PBMC
112419,112419,0.3859140937582557,Fluad_8_PBMC
112419,112419,0.1768336066393085,Fluad_24_PBMC
112419,112419,0.21915826673918065,Fluad_48_PBMC
112419,112419,0.20427181224683177,Fluad_72_PBMC
112419,112419,0.27185418152658575,Fluad_168_PBMC
113850,113850,0.5035023991347994,Fluad_4_PBMC
113850,113850,0.5097154198462694,Fluad_8_PBMC
113850,113850,0.9266412231769399,Fluad_24_PBMC
113850,113850,0.8386381698614473,Fluad_48_PBMC
113850,113850,0.9853935309069166,Fluad_72_PBMC
113850,113850,0.6821388257103894,Fluad_168_PBMC
114304,114304,-0.3210582878444569,Fluad_4_PBMC
114304,114304,-0.3267504967812687,Fluad_8_PBMC
114304,114304,-0.014577581025099734,Fluad_24_PBMC
114304,114304,-0.04818762139332175,Fluad_48_PBMC
114304,114304,0.015030582769744588,Fluad_72_PBMC
114304,114304,-0.43147066208423224,Fluad_168_PBMC
114564,114564,0.19587549056222237,Fluad_4_PBMC
114564,114564,0.21393603171644407,Fluad_8_PBMC
114564,114564,0.1359859014849473,Fluad_24_PBMC
114564,114564,0.2301941834690578,Fluad_48_PBMC
114564,114564,0.13185422076552522,Fluad_72_PBMC
114564,114564,0.20165681566580393,Fluad_168_PBMC
114666,114666,0.14477391546993654,Fluad_4_PBMC
114666,114666,0.11221492584213237,Fluad_8_PBMC
114666,114666,0.18417594798101844,Fluad_24_PBMC
114666,114666,0.2520537860949638,Fluad_48_PBMC
114666,114666,0.26959864174917353,Fluad_72_PBMC
114666,114666,0.07745398706470563,Fluad_168_PBMC
114679,114679,0.10614288805117136,Fluad_4_PBMC
114679,114679,0.1063366381566048,Fluad_8_PBMC
114679,114679,0.35166616495328185,Fluad_24_PBMC
114679,114679,0.2794906306932068,Fluad_48_PBMC
114679,114679,0.28911145548106465,Fluad_72_PBMC
114679,114679,0.31271130328547125,Fluad_168_PBMC
114893,114893,0.06297900879578788,Fluad_4_PBMC
114893,114893,0.032037716334628416,Fluad_8_PBMC
114893,114893,0.1327228308021308,Fluad_24_PBMC
114893,114893,0.07780472075832469,Fluad_48_PBMC
114893,114893,0.11918668288919496,Fluad_72_PBMC
114893,114893,-0.0035635644509288134,Fluad_168_PBMC
116701,116701,0.2094061778514329,Fluad_4_PBMC
116701,116701,0.213569039045435,Fluad_8_PBMC
116701,116701,0.3319164173559835,Fluad_24_PBMC
116701,116701,0.28195846779142275,Fluad_48_PBMC
116701,116701,0.34181169497876085,Fluad_72_PBMC
116701,116701,0.21260679384381642,Fluad_168_PBMC
116871,116871,0.18581323705320713,Fluad_4_PBMC
116871,116871,0.11325707944877213,Fluad_8_PBMC
116871,116871,0.11886938334471918,Fluad_24_PBMC
116871,116871,0.1040471773181476,Fluad_48_PBMC
116871,116871,0.28407625331822933,Fluad_72_PBMC
116871,116871,0.04814887326731308,Fluad_168_PBMC
116891,116891,-0.11421024961441031,Fluad_4_PBMC
116891,116891,-0.08979528741957658,Fluad_8_PBMC
116891,116891,-0.10573191644526375,Fluad_24_PBMC
116891,116891,-0.11677979397573188,Fluad_48_PBMC
116891,116891,-0.17243749657341406,Fluad_72_PBMC
116891,116891,-0.11824596964976394,Fluad_168_PBMC
117146,117146,0.23283677177872947,Fluad_4_PBMC
117146,117146,0.2011583058196646,Fluad_8_PBMC
117146,117146,0.23542952713937668,Fluad_24_PBMC
117146,117146,0.1964351059307768,Fluad_48_PBMC
117146,117146,0.2611383145199811,Fluad_72_PBMC
117146,117146,0.17213535888203887,Fluad_168_PBMC
118454,118454,0.5486490821448973,Fluad_4_PBMC
118454,118454,0.4878872186843778,Fluad_8_PBMC
118454,118454,1.0602695652185503,Fluad_24_PBMC
118454,118454,0.9181718855193357,Fluad_48_PBMC
118454,118454,1.1176383059738544,Fluad_72_PBMC
118454,118454,0.6023440777264679,Fluad_168_PBMC
140493,140493,0.19631656288204272,Fluad_4_PBMC
140493,140493,0.16721479407362402,Fluad_8_PBMC
140493,140493,0.3551959196638365,Fluad_24_PBMC
140493,140493,0.28326502022281763,Fluad_48_PBMC
140493,140493,0.37450822080869567,Fluad_72_PBMC
140493,140493,0.15675739396345317,Fluad_168_PBMC
140500,140500,0.12934896388927292,Fluad_4_PBMC
140500,140500,0.1270466691406155,Fluad_8_PBMC
140500,140500,0.267803712899754,Fluad_24_PBMC
140500,140500,0.2509309116797325,Fluad_48_PBMC
140500,140500,0.29952086313575166,Fluad_72_PBMC
140500,140500,0.15243606854754405,Fluad_168_PBMC
140780,140780,0.34796046345536397,Fluad_4_PBMC
140780,140780,0.3147920191713285,Fluad_8_PBMC
140780,140780,0.3771379218559305,Fluad_24_PBMC
140780,140780,0.3702949488751276,Fluad_48_PBMC
140780,140780,0.4428688490829336,Fluad_72_PBMC
140780,140780,0.2867304235293066,Fluad_168_PBMC
140795,140795,-0.2526511551935833,Fluad_4_PBMC
140795,140795,-0.7179284367387242,Fluad_8_PBMC
140795,140795,-0.8793293478316875,Fluad_24_PBMC
140795,140795,-0.44505830460451307,Fluad_48_PBMC
140795,140795,-0.5290121397798107,Fluad_72_PBMC
140795,140795,-0.12631688758728554,Fluad_168_PBMC
140904,140904,0.4920074152780386,Fluad_4_PBMC
140904,140904,0.5860440693163764,Fluad_8_PBMC
140904,140904,0.6546178254451318,Fluad_24_PBMC
140904,140904,0.49600650244265065,Fluad_48_PBMC
140904,140904,0.6526911357543084,Fluad_72_PBMC
140904,140904,0.7723484348744358,Fluad_168_PBMC
170472,170472,0.06364740818475939,Fluad_4_PBMC
170472,170472,0.06667677325827268,Fluad_8_PBMC
170472,170472,0.29111266726427193,Fluad_24_PBMC
170472,170472,0.28899259617057116,Fluad_48_PBMC
170472,170472,0.37428437384433494,Fluad_72_PBMC
170472,170472,0.24557808873283654,Fluad_168_PBMC
170654,170654,0.10594830049806445,Fluad_4_PBMC
170654,170654,0.09291752013936447,Fluad_8_PBMC
170654,170654,0.22388524381518732,Fluad_24_PBMC
170654,170654,0.1754654100580742,Fluad_48_PBMC
170654,170654,0.16092009073154007,Fluad_72_PBMC
170654,170654,0.07651130782273699,Fluad_168_PBMC
170736,170736,0.4751837125887639,Fluad_4_PBMC
170736,170736,0.44291395399074673,Fluad_8_PBMC
170736,170736,0.37365678497113497,Fluad_24_PBMC
170736,170736,0.46476355552350457,Fluad_48_PBMC
170736,170736,0.3960703484855942,Fluad_72_PBMC
170736,170736,0.2949876343677784,Fluad_168_PBMC
170744,170744,0.7220805878007683,Fluad_4_PBMC
170744,170744,0.7355384772242931,Fluad_8_PBMC
170744,170744,1.0575690990501005,Fluad_24_PBMC
170744,170744,1.0096026620490246,Fluad_48_PBMC
170744,170744,1.134997404893444,Fluad_72_PBMC
170744,170744,0.7224180350719489,Fluad_168_PBMC
170750,170750,0.1116674630386331,Fluad_4_PBMC
170750,170750,0.08946727233395338,Fluad_8_PBMC
170750,170750,0.02916194456955817,Fluad_24_PBMC
170750,170750,0.078023622790666,Fluad_48_PBMC
170750,170750,0.030096824307893563,Fluad_72_PBMC
170750,170750,0.02359214830639919,Fluad_168_PBMC
170786,170786,-0.02689521808468694,Fluad_4_PBMC
170786,170786,0.03097828439046718,Fluad_8_PBMC
170786,170786,-0.8059742883371571,Fluad_24_PBMC
170786,170786,-0.509034785462389,Fluad_48_PBMC
170786,170786,-0.1972517012874782,Fluad_72_PBMC
170786,170786,-0.10727186698435912,Fluad_168_PBMC
170835,170835,-0.12431785286176043,Fluad_4_PBMC
170835,170835,-0.5339934948159791,Fluad_8_PBMC
170835,170835,-0.5023665402627895,Fluad_24_PBMC
170835,170835,-0.19518654915513173,Fluad_48_PBMC
170835,170835,-0.21446890207033267,Fluad_72_PBMC
170835,170835,-0.004486967618413565,Fluad_168_PBMC
171267,171267,-0.19172397777279823,Fluad_4_PBMC
171267,171267,0.17339046931011073,Fluad_8_PBMC
171267,171267,0.2793194018749954,Fluad_24_PBMC
171267,171267,-0.09330879817554844,Fluad_48_PBMC
171267,171267,-0.2996720184141513,Fluad_72_PBMC
171267,171267,-0.7028544286482694,Fluad_168_PBMC
171273,171273,0.45801677558255727,Fluad_4_PBMC
171273,171273,0.473365613599575,Fluad_8_PBMC
171273,171273,0.7531208418149222,Fluad_24_PBMC
171273,171273,0.677391516665129,Fluad_48_PBMC
171273,171273,0.7715068200081692,Fluad_72_PBMC
171273,171273,0.3589444225426659,Fluad_168_PBMC
171504,171504,0.2857617876214434,Fluad_4_PBMC
171504,171504,0.2258675035135395,Fluad_8_PBMC
171504,171504,0.08317696384706327,Fluad_24_PBMC
171504,171504,0.20349082649802483,Fluad_48_PBMC
171504,171504,0.11944327962954869,Fluad_72_PBMC
171504,171504,0.20983197297184883,Fluad_168_PBMC
192197,192197,0.31998283080191703,Fluad_4_PBMC
192197,192197,0.27019364810394503,Fluad_8_PBMC
192197,192197,0.31544742497692924,Fluad_24_PBMC
192197,192197,0.27751707205252424,Fluad_48_PBMC
192197,192197,0.285253326468399,Fluad_72_PBMC
192197,192197,0.42301138030557894,Fluad_168_PBMC
192201,192201,0.7073788610199506,Fluad_4_PBMC
192201,192201,0.12801913470745113,Fluad_8_PBMC
192201,192201,0.6352979857809815,Fluad_24_PBMC
192201,192201,0.006535347924574851,Fluad_48_PBMC
192201,192201,7.46367488186829e-4,Fluad_72_PBMC
192201,192201,-0.00261057375706774,Fluad_168_PBMC
192212,192212,-0.5815367084707745,Fluad_4_PBMC
192212,192212,-0.09238568560216495,Fluad_8_PBMC
192212,192212,0.5781408867276864,Fluad_24_PBMC
192212,192212,-0.11524470829057701,Fluad_48_PBMC
192212,192212,2.5916348917916915e-4,Fluad_72_PBMC
192212,192212,0.04849272250191609,Fluad_168_PBMC
192662,192662,-0.442355397704556,Fluad_4_PBMC
192662,192662,-0.44538926460282735,Fluad_8_PBMC
192662,192662,0.2795125246844561,Fluad_24_PBMC
192662,192662,0.3136084031605284,Fluad_48_PBMC
192662,192662,0.3172411445488941,Fluad_72_PBMC
192662,192662,-0.017724318308512503,Fluad_168_PBMC
195564,195564,0.5791240027072879,Fluad_4_PBMC
195564,195564,0.927231700128827,Fluad_8_PBMC
195564,195564,1.1295556030596963,Fluad_24_PBMC
195564,195564,0.3071872743829011,Fluad_48_PBMC
195564,195564,0.7858695174077733,Fluad_72_PBMC
195564,195564,0.5657720960159508,Fluad_168_PBMC
207777,207777,0.520481807110564,Fluad_4_PBMC
207777,207777,0.621887769784368,Fluad_8_PBMC
207777,207777,0.8283511735411089,Fluad_24_PBMC
207777,207777,0.7935784994655503,Fluad_48_PBMC
207777,207777,0.9244471019336568,Fluad_72_PBMC
207777,207777,0.599677971050608,Fluad_168_PBMC
207920,207920,0.21341460265939063,Fluad_4_PBMC
207920,207920,0.13200287075545353,Fluad_8_PBMC
207920,207920,0.27372509565412284,Fluad_24_PBMC
207920,207920,0.36088922381706473,Fluad_48_PBMC
207920,207920,0.4599952677572483,Fluad_72_PBMC
207920,207920,0.18699120043918502,Fluad_168_PBMC
208111,208111,-0.45295885992642826,Fluad_4_PBMC
208111,208111,-0.3729722659530209,Fluad_8_PBMC
208111,208111,-0.3859344995898273,Fluad_24_PBMC
208111,208111,-0.3481725624710778,Fluad_48_PBMC
208111,208111,-0.3674426952440352,Fluad_72_PBMC
208111,208111,-0.26647762546712545,Fluad_168_PBMC
208169,208169,0.14642734637379337,Fluad_4_PBMC
208169,208169,1.060148281480525,Fluad_8_PBMC
208169,208169,0.6038104053901237,Fluad_24_PBMC
208169,208169,0.2227051080992002,Fluad_48_PBMC
208169,208169,-0.11058738198134765,Fluad_72_PBMC
208169,208169,0.2876600347549574,Fluad_168_PBMC
208171,208171,0.3626060561110166,Fluad_4_PBMC
208171,208171,0.22674985906234982,Fluad_8_PBMC
208171,208171,0.16604271788544792,Fluad_24_PBMC
208171,208171,0.36115999440688373,Fluad_48_PBMC
208171,208171,0.5476567066027536,Fluad_72_PBMC
208171,208171,0.5170091705446154,Fluad_168_PBMC
208213,208213,-0.4619317930865462,Fluad_4_PBMC
208213,208213,-0.12743012686056812,Fluad_8_PBMC
208213,208213,0.3040013971748672,Fluad_24_PBMC
208213,208213,-0.42193236351489893,Fluad_48_PBMC
208213,208213,-0.71420366014575,Fluad_72_PBMC
208213,208213,-1.3936668871661322,Fluad_168_PBMC
208285,208285,0.2887323033793318,Fluad_4_PBMC
208285,208285,0.23893721717582356,Fluad_8_PBMC
208285,208285,0.3433660588380709,Fluad_24_PBMC
208285,208285,0.2452095510947725,Fluad_48_PBMC
208285,208285,0.3045700330152559,Fluad_72_PBMC
208285,208285,0.47512839249689875,Fluad_168_PBMC
208643,208643,0.2985232131368206,Fluad_4_PBMC
208643,208643,0.27814419956296144,Fluad_8_PBMC
208643,208643,0.24617656107440786,Fluad_24_PBMC
208643,208643,0.2639758202674788,Fluad_48_PBMC
208643,208643,0.26176800024511204,Fluad_72_PBMC
208643,208643,0.2320526979721675,Fluad_168_PBMC
209200,209200,0.309698321526501,Fluad_4_PBMC
209200,209200,0.26009389031023405,Fluad_8_PBMC
209200,209200,0.24727074356854606,Fluad_24_PBMC
209200,209200,0.2590923710654782,Fluad_48_PBMC
209200,209200,0.31770925121622906,Fluad_72_PBMC
209200,209200,0.22639352613784783,Fluad_168_PBMC
209513,209513,0.3249001729970541,Fluad_4_PBMC
209513,209513,0.2660214750177351,Fluad_8_PBMC
209513,209513,0.47473245020034327,Fluad_24_PBMC
209513,209513,0.45620306223863416,Fluad_48_PBMC
209513,209513,0.506903825165479,Fluad_72_PBMC
209513,209513,0.5356104253227459,Fluad_168_PBMC
210029,210029,0.11358210370672607,Fluad_4_PBMC
210029,210029,0.055313195021488265,Fluad_8_PBMC
210029,210029,-0.21704276500164138,Fluad_24_PBMC
210029,210029,0.003997487945262626,Fluad_48_PBMC
210029,210029,0.045770331114159644,Fluad_72_PBMC
210029,210029,0.08719233669812128,Fluad_168_PBMC
210853,210853,-0.3881803072079134,Fluad_4_PBMC
210853,210853,-0.32411548645715627,Fluad_8_PBMC
210853,210853,-0.3239956786360762,Fluad_24_PBMC
210853,210853,-0.3018986444213869,Fluad_48_PBMC
210853,210853,-0.34759510493507195,Fluad_72_PBMC
210853,210853,-0.2795502573735636,Fluad_168_PBMC
211383,211383,0.5945038890278511,Fluad_4_PBMC
211383,211383,0.42703274879921915,Fluad_8_PBMC
211383,211383,1.0998519866889935,Fluad_24_PBMC
211383,211383,0.814031592059637,Fluad_48_PBMC
211383,211383,0.8046027514385201,Fluad_72_PBMC
211383,211383,0.5073440591013382,Fluad_168_PBMC
211548,211548,0.22267240538613936,Fluad_4_PBMC
211548,211548,0.2166933202734338,Fluad_8_PBMC
211548,211548,0.1330536616841702,Fluad_24_PBMC
211548,211548,0.1658074185513353,Fluad_48_PBMC
211548,211548,0.1523387176016305,Fluad_72_PBMC
211548,211548,0.13443421241641088,Fluad_168_PBMC
211578,211578,0.5911385073726939,Fluad_4_PBMC
211578,211578,0.32802326616535715,Fluad_8_PBMC
211578,211578,0.9491224598293395,Fluad_24_PBMC
211578,211578,0.6397307667048604,Fluad_48_PBMC
211578,211578,0.8731194845309648,Fluad_72_PBMC
211578,211578,1.0359037772698176,Fluad_168_PBMC
212111,212111,0.3656066773748512,Fluad_4_PBMC
212111,212111,0.33370129699538337,Fluad_8_PBMC
212111,212111,0.24309482407793237,Fluad_24_PBMC
212111,212111,0.31447050034066076,Fluad_48_PBMC
212111,212111,0.23560681522960467,Fluad_72_PBMC
212111,212111,0.25025100811853906,Fluad_168_PBMC
212307,212307,0.32358258860593414,Fluad_4_PBMC
212307,212307,0.2910394227605195,Fluad_8_PBMC
212307,212307,0.2920654504070478,Fluad_24_PBMC
212307,212307,0.2648675261692512,Fluad_48_PBMC
212307,212307,0.3462014729468536,Fluad_72_PBMC
212307,212307,0.21336915983967147,Fluad_168_PBMC
212390,212390,0.31092256858623557,Fluad_4_PBMC
212390,212390,0.22397756526737445,Fluad_8_PBMC
212390,212390,0.440481088799188,Fluad_24_PBMC
212390,212390,0.4680530092831052,Fluad_48_PBMC
212390,212390,0.6187225454750626,Fluad_72_PBMC
212390,212390,0.3964419845760412,Fluad_168_PBMC
212518,212518,0.3181402742697074,Fluad_4_PBMC
212518,212518,0.29146959708055326,Fluad_8_PBMC
212518,212518,0.6036193315862968,Fluad_24_PBMC
212518,212518,0.5575785612504376,Fluad_48_PBMC
212518,212518,0.5691755390495137,Fluad_72_PBMC
212518,212518,0.37993553259541113,Fluad_168_PBMC
213002,213002,0.06949090971856225,Fluad_4_PBMC
213002,213002,0.1963855071214132,Fluad_8_PBMC
213002,213002,0.06744088980491214,Fluad_24_PBMC
213002,213002,-0.005383603864170382,Fluad_48_PBMC
213002,213002,-0.025531261581732925,Fluad_72_PBMC
213002,213002,0.04202062709759857,Fluad_168_PBMC
213121,213121,0.24190292600745297,Fluad_4_PBMC
213121,213121,0.2614999254085616,Fluad_8_PBMC
213121,213121,0.2229763191693119,Fluad_24_PBMC
213121,213121,0.14403935614660826,Fluad_48_PBMC
213121,213121,0.06657504674322401,Fluad_72_PBMC
213121,213121,0.024593956839024773,Fluad_168_PBMC
213211,213211,-0.42781174333294403,Fluad_4_PBMC
213211,213211,-0.4586436160224774,Fluad_8_PBMC
213211,213211,-0.561087843930119,Fluad_24_PBMC
213211,213211,-0.7704040106924133,Fluad_48_PBMC
213211,213211,-0.13582557546441454,Fluad_72_PBMC
213211,213211,0.19770401464684664,Fluad_168_PBMC
213438,213438,0.2203282193841894,Fluad_4_PBMC
213438,213438,0.19402679027768957,Fluad_8_PBMC
213438,213438,0.4071305675527439,Fluad_24_PBMC
213438,213438,0.3794853860845041,Fluad_48_PBMC
213438,213438,0.5122274421031778,Fluad_72_PBMC
213438,213438,0.2736660495106532,Fluad_168_PBMC
213956,213956,0.221462093040021,Fluad_4_PBMC
213956,213956,0.193820491078348,Fluad_8_PBMC
213956,213956,0.19802589628422393,Fluad_24_PBMC
213956,213956,0.26673197985000674,Fluad_48_PBMC
213956,213956,0.3039300323780033,Fluad_72_PBMC
213956,213956,0.26803721488593807,Fluad_168_PBMC
213988,213988,0.5396968008222381,Fluad_4_PBMC
213988,213988,0.367898705159164,Fluad_8_PBMC
213988,213988,0.3513186332168376,Fluad_24_PBMC
213988,213988,0.4585547185082449,Fluad_48_PBMC
213988,213988,0.7172602191797512,Fluad_72_PBMC
213988,213988,0.3656031026644322,Fluad_168_PBMC
214158,214158,0.12279272492770474,Fluad_4_PBMC
214158,214158,-0.1101938560569184,Fluad_8_PBMC
214158,214158,-0.5449384172899889,Fluad_24_PBMC
214158,214158,-0.22404604089777377,Fluad_48_PBMC
214158,214158,0.11604543923184596,Fluad_72_PBMC
214158,214158,0.5370473339996628,Fluad_168_PBMC
214505,214505,-0.03212216212654277,Fluad_4_PBMC
214505,214505,-5.749252094220114e-4,Fluad_8_PBMC
214505,214505,-0.06694704239217941,Fluad_24_PBMC
214505,214505,-0.08178124210184054,Fluad_48_PBMC
214505,214505,-0.10913073918005378,Fluad_72_PBMC
214505,214505,-0.08318269554347381,Fluad_168_PBMC
214572,214572,0.6798943988041344,Fluad_4_PBMC
214572,214572,0.42172379797274245,Fluad_8_PBMC
214572,214572,0.8239291627198118,Fluad_24_PBMC
214572,214572,0.9089428584888181,Fluad_48_PBMC
214572,214572,1.0483687911926385,Fluad_72_PBMC
214572,214572,0.801021834770332,Fluad_168_PBMC
214685,214685,0.2668411474834634,Fluad_4_PBMC
214685,214685,0.08018965531133226,Fluad_8_PBMC
214685,214685,-0.0734224124235636,Fluad_24_PBMC
214685,214685,0.14429009875916618,Fluad_48_PBMC
214685,214685,0.45892352742854703,Fluad_72_PBMC
214685,214685,0.5759733066010363,Fluad_168_PBMC
215512,215512,0.22704601659429316,Fluad_4_PBMC
215512,215512,0.16438224456584483,Fluad_8_PBMC
215512,215512,0.2366426075942015,Fluad_24_PBMC
215512,215512,0.18259829511718295,Fluad_48_PBMC
215512,215512,0.29255443889123833,Fluad_72_PBMC
215512,215512,0.10351801846875447,Fluad_168_PBMC
215707,215707,0.23489169718172392,Fluad_4_PBMC
215707,215707,0.22678560990009905,Fluad_8_PBMC
215707,215707,0.1233329627330757,Fluad_24_PBMC
215707,215707,0.1727746746187533,Fluad_48_PBMC
215707,215707,0.1569419107751111,Fluad_72_PBMC
215707,215707,0.1243781364495457,Fluad_168_PBMC
216150,216150,-0.10746954934477591,Fluad_4_PBMC
216150,216150,-0.09711255448026054,Fluad_8_PBMC
216150,216150,-0.1165063681966472,Fluad_24_PBMC
216150,216150,-0.11542638227642532,Fluad_48_PBMC
216150,216150,-0.14569124012887452,Fluad_72_PBMC
216150,216150,-0.13300102114223278,Fluad_168_PBMC
216151,216151,-0.031144089608425664,Fluad_4_PBMC
216151,216151,-0.04446374466785547,Fluad_8_PBMC
216151,216151,-0.266702031491542,Fluad_24_PBMC
216151,216151,-0.06765738692464039,Fluad_48_PBMC
216151,216151,-0.07210454559355849,Fluad_72_PBMC
216151,216151,0.04839618297235888,Fluad_168_PBMC
216157,216157,-0.19606105757167414,Fluad_4_PBMC
216157,216157,-0.18728630746709365,Fluad_8_PBMC
216157,216157,-0.23154240992349354,Fluad_24_PBMC
216157,216157,-0.21939786760441782,Fluad_48_PBMC
216157,216157,-0.21365719120716797,Fluad_72_PBMC
216157,216157,-0.17797581928391645,Fluad_168_PBMC
216543,216543,0.2167149322605575,Fluad_4_PBMC
216543,216543,0.2337471352617964,Fluad_8_PBMC
216543,216543,0.21846875345344996,Fluad_24_PBMC
216543,216543,0.40326418330417524,Fluad_48_PBMC
216543,216543,0.49353809918138525,Fluad_72_PBMC
216543,216543,0.5192666143475929,Fluad_168_PBMC
216551,216551,0.2990253205256964,Fluad_4_PBMC
216551,216551,0.3087505773560929,Fluad_8_PBMC
216551,216551,0.2187143465620099,Fluad_24_PBMC
216551,216551,0.2496014031982946,Fluad_48_PBMC
216551,216551,0.23804507799675234,Fluad_72_PBMC
216551,216551,0.23374815929963316,Fluad_168_PBMC
216767,216767,-0.21918672703822492,Fluad_4_PBMC
216767,216767,-0.1889795703972742,Fluad_8_PBMC
216767,216767,-0.2032602449860373,Fluad_24_PBMC
216767,216767,-0.23760822306857526,Fluad_48_PBMC
216767,216767,-0.27699003749759565,Fluad_72_PBMC
216767,216767,-0.22487595557693957,Fluad_168_PBMC
216831,216831,0.8017625331545416,Fluad_4_PBMC
216831,216831,0.5464952940116614,Fluad_8_PBMC
216831,216831,1.1117626421669078,Fluad_24_PBMC
216831,216831,-0.3799220786923402,Fluad_48_PBMC
216831,216831,0.4688188734093056,Fluad_72_PBMC
216831,216831,0.4169683343546575,Fluad_168_PBMC
216991,216991,-0.6273637062179055,Fluad_4_PBMC
216991,216991,-0.5867512801488228,Fluad_8_PBMC
216991,216991,-0.9148213639376088,Fluad_24_PBMC
216991,216991,-0.38605154576071093,Fluad_48_PBMC
216991,216991,-0.8521502160105423,Fluad_72_PBMC
216991,216991,-0.043272137041847014,Fluad_168_PBMC
217030,217030,0.04143028739873434,Fluad_4_PBMC
217030,217030,0.020610105508526027,Fluad_8_PBMC
217030,217030,0.16313259516578482,Fluad_24_PBMC
217030,217030,0.11595559262175134,Fluad_48_PBMC
217030,217030,0.14172767518108517,Fluad_72_PBMC
217030,217030,0.013160975262832001,Fluad_168_PBMC
217124,217124,0.14476276795901347,Fluad_4_PBMC
217124,217124,0.11168273381347774,Fluad_8_PBMC
217124,217124,0.07103128232561988,Fluad_24_PBMC
217124,217124,0.13567178233367788,Fluad_48_PBMC
217124,217124,0.16463590103691517,Fluad_72_PBMC
217124,217124,0.15026334450202208,Fluad_168_PBMC
217125,217125,0.25037094890284217,Fluad_4_PBMC
217125,217125,0.23900200640645813,Fluad_8_PBMC
217125,217125,0.21233552071051492,Fluad_24_PBMC
217125,217125,0.20411103400711475,Fluad_48_PBMC
217125,217125,0.19740808086241096,Fluad_72_PBMC
217125,217125,0.14031744559179218,Fluad_168_PBMC
217149,217149,0.16033521539214518,Fluad_4_PBMC
217149,217149,0.13804974506818107,Fluad_8_PBMC
217149,217149,0.11835059758960773,Fluad_24_PBMC
217149,217149,0.1536412760447433,Fluad_48_PBMC
217149,217149,0.19587602693566192,Fluad_72_PBMC
217149,217149,0.17637190523448304,Fluad_168_PBMC
217151,217151,-0.044790365194009855,Fluad_4_PBMC
217151,217151,-0.05634591772572981,Fluad_8_PBMC
217151,217151,0.15105772805378906,Fluad_24_PBMC
217151,217151,0.1574016478391758,Fluad_48_PBMC
217151,217151,0.18783437341095954,Fluad_72_PBMC
217151,217151,0.0895495264004394,Fluad_168_PBMC
217169,217169,0.18250332999333563,Fluad_4_PBMC
217169,217169,0.17902774793057377,Fluad_8_PBMC
217169,217169,0.3013719546060125,Fluad_24_PBMC
217169,217169,0.16399908415331954,Fluad_48_PBMC
217169,217169,0.26465943822449084,Fluad_72_PBMC
217169,217169,0.3253582104001591,Fluad_168_PBMC
217207,217207,0.1642804876492149,Fluad_4_PBMC
217207,217207,0.13210959662619998,Fluad_8_PBMC
217207,217207,0.2780298974323144,Fluad_24_PBMC
217207,217207,0.2814280635018102,Fluad_48_PBMC
217207,217207,0.2662150059181993,Fluad_72_PBMC
217207,217207,0.1450233216606357,Fluad_168_PBMC
217216,217216,0.16268799772975692,Fluad_4_PBMC
217216,217216,0.1969573251536283,Fluad_8_PBMC
217216,217216,0.4014217202456369,Fluad_24_PBMC
217216,217216,0.32401694201629094,Fluad_48_PBMC
217216,217216,0.3899512231312659,Fluad_72_PBMC
217216,217216,0.259253969686041,Fluad_168_PBMC
217217,217217,-0.08180076356788635,Fluad_4_PBMC
217217,217217,-0.6420389935042069,Fluad_8_PBMC
217217,217217,-0.24144367796809665,Fluad_24_PBMC
217217,217217,0.0014882673516316463,Fluad_48_PBMC
217217,217217,-0.23070522787688544,Fluad_72_PBMC
217217,217217,0.2542668199376452,Fluad_168_PBMC
217232,217232,0.11850693257458729,Fluad_4_PBMC
217232,217232,0.05745448667487163,Fluad_8_PBMC
217232,217232,0.2362284881287814,Fluad_24_PBMC
217232,217232,0.07813175839515671,Fluad_48_PBMC
217232,217232,0.07191018808492344,Fluad_72_PBMC
217232,217232,0.007905895073104904,Fluad_168_PBMC
217342,217342,0.2267059631320505,Fluad_4_PBMC
217342,217342,0.1499412260124401,Fluad_8_PBMC
217342,217342,0.17186313837337705,Fluad_24_PBMC
217342,217342,0.18133305737377825,Fluad_48_PBMC
217342,217342,0.23536468456623902,Fluad_72_PBMC
217342,217342,0.11117715758107288,Fluad_168_PBMC
217353,217353,0.0787952116586321,Fluad_4_PBMC
217353,217353,0.13721399954039457,Fluad_8_PBMC
217353,217353,0.24705685811513903,Fluad_24_PBMC
217353,217353,0.2066684561821454,Fluad_48_PBMC
217353,217353,0.2473097082677712,Fluad_72_PBMC
217353,217353,0.13523876628391407,Fluad_168_PBMC
217370,217370,-0.22941444674399167,Fluad_4_PBMC
217370,217370,-0.21627779208909848,Fluad_8_PBMC
217370,217370,-0.24115346268216048,Fluad_24_PBMC
217370,217370,-0.2083847530827827,Fluad_48_PBMC
217370,217370,-0.22927891575486808,Fluad_72_PBMC
217370,217370,-0.2037360128874795,Fluad_168_PBMC
217558,217558,0.01363076394420082,Fluad_4_PBMC
217558,217558,0.028198702922633448,Fluad_8_PBMC
217558,217558,0.10627182035714536,Fluad_24_PBMC
217558,217558,-0.015010032770633678,Fluad_48_PBMC
217558,217558,-0.06498552312583286,Fluad_72_PBMC
217558,217558,-0.1800400981699251,Fluad_168_PBMC
217707,217707,-0.4496521123633675,Fluad_4_PBMC
217707,217707,-0.431928572044342,Fluad_8_PBMC
217707,217707,-0.4695614900348164,Fluad_24_PBMC
217707,217707,-0.49090371357220774,Fluad_48_PBMC
217707,217707,-0.5221586899577866,Fluad_72_PBMC
217707,217707,-0.48345986924064993,Fluad_168_PBMC
217708,217708,-0.006804296612142394,Fluad_4_PBMC
217708,217708,0.017206976888805084,Fluad_8_PBMC
217708,217708,0.12040515945990504,Fluad_24_PBMC
217708,217708,0.1351431517260223,Fluad_48_PBMC
217708,217708,0.25741268985489174,Fluad_72_PBMC
217708,217708,-0.05814980179581203,Fluad_168_PBMC
217893,217893,0.21161127703838944,Fluad_4_PBMC
217893,217893,0.19843350018998915,Fluad_8_PBMC
217893,217893,0.4229395134407624,Fluad_24_PBMC
217893,217893,0.37082517046495794,Fluad_48_PBMC
217893,217893,0.4375383423642907,Fluad_72_PBMC
217893,217893,0.21262398406325664,Fluad_168_PBMC
218503,218503,0.21487786498248368,Fluad_4_PBMC
218503,218503,0.20439211387152298,Fluad_8_PBMC
218503,218503,0.32007832990554774,Fluad_24_PBMC
218503,218503,0.205941287948047,Fluad_48_PBMC
218503,218503,0.13885105710249548,Fluad_72_PBMC
218503,218503,0.011400121429323257,Fluad_168_PBMC
218630,218630,0.37076893944753114,Fluad_4_PBMC
218630,218630,0.5383226224368375,Fluad_8_PBMC
218630,218630,0.006460378290869779,Fluad_24_PBMC
218630,218630,0.003185492830944936,Fluad_48_PBMC
218630,218630,-0.4015249994100127,Fluad_72_PBMC
218630,218630,0.09775687351905157,Fluad_168_PBMC
219170,219170,0.489419221239733,Fluad_4_PBMC
219170,219170,0.5315266124272248,Fluad_8_PBMC
219170,219170,1.1120989245731425,Fluad_24_PBMC
219170,219170,0.9591582566097201,Fluad_48_PBMC
219170,219170,1.1127521366370066,Fluad_72_PBMC
219170,219170,0.8039564433757858,Fluad_168_PBMC
223435,223435,0.3117418846222132,Fluad_4_PBMC
223435,223435,0.3339844888157033,Fluad_8_PBMC
223435,223435,0.5621683560491435,Fluad_24_PBMC
223435,223435,0.5066340485839445,Fluad_48_PBMC
223435,223435,0.4315999232004515,Fluad_72_PBMC
223435,223435,0.34540900529666047,Fluad_168_PBMC
223604,223604,0.141506294383763,Fluad_4_PBMC
223604,223604,0.2731370894440067,Fluad_8_PBMC
223604,223604,0.5103029643973778,Fluad_24_PBMC
223604,223604,0.4908930430378019,Fluad_48_PBMC
223604,223604,0.5459291232406152,Fluad_72_PBMC
223604,223604,0.15288465676047602,Fluad_168_PBMC
223631,223631,0.32624659997244554,Fluad_4_PBMC
223631,223631,0.45145850785383784,Fluad_8_PBMC
223631,223631,0.8941396260125475,Fluad_24_PBMC
223631,223631,0.8947239363451793,Fluad_48_PBMC
223631,223631,1.0236893994982614,Fluad_72_PBMC
223631,223631,0.823728092874563,Fluad_168_PBMC
223722,223722,-0.039030411160778176,Fluad_4_PBMC
223722,223722,-0.0051797042589171866,Fluad_8_PBMC
223722,223722,0.15942047390559907,Fluad_24_PBMC
223722,223722,-0.06056383598479413,Fluad_48_PBMC
223722,223722,-0.09107528247781344,Fluad_72_PBMC
223722,223722,-0.04903452590786239,Fluad_168_PBMC
223732,223732,0.1496856008635668,Fluad_4_PBMC
223732,223732,0.16450598275779674,Fluad_8_PBMC
223732,223732,0.38237424703169953,Fluad_24_PBMC
223732,223732,0.33180196531655715,Fluad_48_PBMC
223732,223732,0.40867153672759304,Fluad_72_PBMC
223732,223732,0.1419746485136421,Fluad_168_PBMC
223870,223870,0.6879114029527875,Fluad_4_PBMC
223870,223870,1.158940915819853,Fluad_8_PBMC
223870,223870,0.7439868275804472,Fluad_24_PBMC
223870,223870,-0.43182357532158416,Fluad_48_PBMC
223870,223870,0.9312333245225637,Fluad_72_PBMC
223870,223870,0.8499361522044913,Fluad_168_PBMC
223920,223920,0.14156642904810254,Fluad_4_PBMC
223920,223920,0.20447917632649582,Fluad_8_PBMC
223920,223920,0.2840381193489227,Fluad_24_PBMC
223920,223920,0.02806525994054226,Fluad_48_PBMC
223920,223920,0.03602899765626183,Fluad_72_PBMC
223920,223920,0.025212228868731434,Fluad_168_PBMC
224023,224023,0.24055900090832497,Fluad_4_PBMC
224023,224023,0.2565485250064985,Fluad_8_PBMC
224023,224023,0.47558321509285845,Fluad_24_PBMC
224023,224023,0.4533758290245984,Fluad_48_PBMC
224023,224023,0.5097819555644036,Fluad_72_PBMC
224023,224023,0.25809011227424183,Fluad_168_PBMC
224116,224116,0.24861338945477013,Fluad_4_PBMC
224116,224116,0.20022076105619593,Fluad_8_PBMC
224116,224116,0.29590508684467587,Fluad_24_PBMC
224116,224116,0.2713418197956419,Fluad_48_PBMC
224116,224116,0.35477666237864924,Fluad_72_PBMC
224116,224116,0.1657805335933141,Fluad_168_PBMC
224619,224619,0.6315425781179753,Fluad_4_PBMC
224619,224619,0.6181835245551324,Fluad_8_PBMC
224619,224619,0.9525866346370941,Fluad_24_PBMC
224619,224619,0.8666821616978957,Fluad_48_PBMC
224619,224619,1.0085409776538126,Fluad_72_PBMC
224619,224619,0.7670153071906596,Fluad_168_PBMC
224656,224656,-0.2983797820121761,Fluad_4_PBMC
224656,224656,-0.3267175739852272,Fluad_8_PBMC
224656,224656,-0.21043412705145823,Fluad_24_PBMC
224656,224656,-0.24317223100094593,Fluad_48_PBMC
224656,224656,-0.2734774658102156,Fluad_72_PBMC
224656,224656,-0.23901953575350926,Fluad_168_PBMC
224904,224904,-0.11330155355762236,Fluad_4_PBMC
224904,224904,-0.05688978422993162,Fluad_8_PBMC
224904,224904,-0.024242499073783876,Fluad_24_PBMC
224904,224904,-0.10675661474588324,Fluad_48_PBMC
224904,224904,-0.1644742625441096,Fluad_72_PBMC
224904,224904,-0.10687744466844454,Fluad_168_PBMC
225341,225341,-0.3720951354585426,Fluad_4_PBMC
225341,225341,-0.34668134522123695,Fluad_8_PBMC
225341,225341,-0.12564065538013164,Fluad_24_PBMC
225341,225341,-0.21670508338300581,Fluad_48_PBMC
225341,225341,-0.15899353428881663,Fluad_72_PBMC
225341,225341,-0.28759627508219,Fluad_168_PBMC
225392,225392,0.39016028865417546,Fluad_4_PBMC
225392,225392,0.4693670596144137,Fluad_8_PBMC
225392,225392,0.7846045132401018,Fluad_24_PBMC
225392,225392,0.7363884971761507,Fluad_48_PBMC
225392,225392,0.898985318547298,Fluad_72_PBMC
225392,225392,0.5279944873016991,Fluad_168_PBMC
225631,225631,0.22692038672792,Fluad_4_PBMC
225631,225631,0.2513214668606021,Fluad_8_PBMC
225631,225631,0.40879998717918953,Fluad_24_PBMC
225631,225631,0.3903399164504253,Fluad_48_PBMC
225631,225631,0.4563612145809266,Fluad_72_PBMC
225631,225631,0.3026312115390452,Fluad_168_PBMC
225849,225849,0.16514951643728387,Fluad_4_PBMC
225849,225849,0.16490557357294394,Fluad_8_PBMC
225849,225849,0.2580104647730286,Fluad_24_PBMC
225849,225849,0.18848983145183373,Fluad_48_PBMC
225849,225849,0.2982215977654413,Fluad_72_PBMC
225849,225849,0.10063713399591033,Fluad_168_PBMC
226041,226041,0.36261783600860176,Fluad_4_PBMC
226041,226041,-0.3378238328463587,Fluad_8_PBMC
226041,226041,0.45835339271420505,Fluad_24_PBMC
226041,226041,0.20014146305456343,Fluad_48_PBMC
226041,226041,0.6742191809618366,Fluad_72_PBMC
226041,226041,0.6038153866662794,Fluad_168_PBMC
226251,226251,0.4772063608872056,Fluad_4_PBMC
226251,226251,0.5983831645291455,Fluad_8_PBMC
226251,226251,0.5276199474829764,Fluad_24_PBMC
226251,226251,0.8401384807760319,Fluad_48_PBMC
226251,226251,1.1624958302688895,Fluad_72_PBMC
226251,226251,0.945068174598555,Fluad_168_PBMC
226359,226359,0.8472419274976144,Fluad_4_PBMC
226359,226359,0.9369771269617426,Fluad_8_PBMC
226359,226359,1.153573078627101,Fluad_24_PBMC
226359,226359,1.1242526221341425,Fluad_48_PBMC
226359,226359,1.24663939095905,Fluad_72_PBMC
226359,226359,1.0003720043574407,Fluad_168_PBMC
226438,226438,0.5011833640269087,Fluad_4_PBMC
226438,226438,0.4198998629726761,Fluad_8_PBMC
226438,226438,0.7868938814210737,Fluad_24_PBMC
226438,226438,0.9337579897671153,Fluad_48_PBMC
226438,226438,1.013401823758709,Fluad_72_PBMC
226438,226438,0.9803808474659821,Fluad_168_PBMC
226646,226646,-0.22989527302321672,Fluad_4_PBMC
226646,226646,-0.20489515417053766,Fluad_8_PBMC
226646,226646,-0.262309841404179,Fluad_24_PBMC
226646,226646,-0.22921646581047256,Fluad_48_PBMC
226646,226646,-0.27109201439597014,Fluad_72_PBMC
226646,226646,-0.1834049274987103,Fluad_168_PBMC
226757,226757,0.2731385445292056,Fluad_4_PBMC
226757,226757,0.18371772166438471,Fluad_8_PBMC
226757,226757,0.23873254882019773,Fluad_24_PBMC
226757,226757,0.22656063937797488,Fluad_48_PBMC
226757,226757,0.38618953629229724,Fluad_72_PBMC
226757,226757,0.16817261662283223,Fluad_168_PBMC
226777,226777,0.08606812852144702,Fluad_4_PBMC
226777,226777,0.028923779873117287,Fluad_8_PBMC
226777,226777,0.07901985082877272,Fluad_24_PBMC
226777,226777,0.030653347662991423,Fluad_48_PBMC
226777,226777,0.05947112032750032,Fluad_72_PBMC
226777,226777,0.22716481186732757,Fluad_168_PBMC
226791,226791,0.4680175208938588,Fluad_4_PBMC
226791,226791,0.4849938955248307,Fluad_8_PBMC
226791,226791,0.693706887167156,Fluad_24_PBMC
226791,226791,0.6025695546494948,Fluad_48_PBMC
226791,226791,0.6067487561379199,Fluad_72_PBMC
226791,226791,0.6654931000688431,Fluad_168_PBMC
226861,226861,0.4510185711298602,Fluad_4_PBMC
226861,226861,0.4896737978389484,Fluad_8_PBMC
226861,226861,0.6502135136204898,Fluad_24_PBMC
226861,226861,0.6420180493566373,Fluad_48_PBMC
226861,226861,0.6947837335158256,Fluad_72_PBMC
226861,226861,0.5019254306292538,Fluad_168_PBMC
227154,227154,0.09946501082426247,Fluad_4_PBMC
227154,227154,0.054087176160588384,Fluad_8_PBMC
227154,227154,0.1361367258938615,Fluad_24_PBMC
227154,227154,0.05653728098812215,Fluad_48_PBMC
227154,227154,0.23787233310323422,Fluad_72_PBMC
227154,227154,-0.0294448871208828,Fluad_168_PBMC
227545,227545,0.35985051348779873,Fluad_4_PBMC
227545,227545,0.36860145570750513,Fluad_8_PBMC
227545,227545,0.23078610268692387,Fluad_24_PBMC
227545,227545,0.28138768775541373,Fluad_48_PBMC
227545,227545,0.21564562339168164,Fluad_72_PBMC
227545,227545,0.19047105220784455,Fluad_168_PBMC
227659,227659,0.0843899510724102,Fluad_4_PBMC
227659,227659,0.05361751307700269,Fluad_8_PBMC
227659,227659,0.06036354198695808,Fluad_24_PBMC
227659,227659,0.037235189894617035,Fluad_48_PBMC
227659,227659,-0.08109949948686443,Fluad_72_PBMC
227659,227659,0.0013325714634543906,Fluad_168_PBMC
227720,227720,0.2803479235298815,Fluad_4_PBMC
227720,227720,0.10100330265916395,Fluad_8_PBMC
227720,227720,0.27592646380022334,Fluad_24_PBMC
227720,227720,0.5496617866821873,Fluad_48_PBMC
227720,227720,0.8406437889789056,Fluad_72_PBMC
227720,227720,0.9564861612828057,Fluad_168_PBMC
227753,227753,0.21132758980546568,Fluad_4_PBMC
227753,227753,0.20422636230181088,Fluad_8_PBMC
227753,227753,0.14376644745245812,Fluad_24_PBMC
227753,227753,0.20275361248657514,Fluad_48_PBMC
227753,227753,0.18842748268381534,Fluad_72_PBMC
227753,227753,0.1532947142583418,Fluad_168_PBMC
228356,228356,0.40758849837911604,Fluad_4_PBMC
228356,228356,0.3832619514695088,Fluad_8_PBMC
228356,228356,0.42622333051382133,Fluad_24_PBMC
228356,228356,0.5107104287304813,Fluad_48_PBMC
228356,228356,0.5627584681529783,Fluad_72_PBMC
228356,228356,0.5832585816748821,Fluad_168_PBMC
228714,228714,-0.0542003758458717,Fluad_4_PBMC
228714,228714,0.11523856988274149,Fluad_8_PBMC
228714,228714,0.009176712537810633,Fluad_24_PBMC
228714,228714,0.43713127717484257,Fluad_48_PBMC
228714,228714,0.782643593699112,Fluad_72_PBMC
228714,228714,0.6039327879326821,Fluad_168_PBMC
228785,228785,0.08155726421934723,Fluad_4_PBMC
228785,228785,0.26517617746986,Fluad_8_PBMC
228785,228785,0.5964605939223286,Fluad_24_PBMC
228785,228785,0.5194110570728938,Fluad_48_PBMC
228785,228785,0.724640297800767,Fluad_72_PBMC
228785,228785,0.5835572288974247,Fluad_168_PBMC
228869,228869,-0.07772545823173335,Fluad_4_PBMC
228869,228869,-0.11293196047465034,Fluad_8_PBMC
228869,228869,-0.12442243480949974,Fluad_24_PBMC
228869,228869,-0.11656526485339416,Fluad_48_PBMC
228869,228869,-0.1187633418465137,Fluad_72_PBMC
228869,228869,-0.1467780261396499,Fluad_168_PBMC
228880,228880,0.08884141251740897,Fluad_4_PBMC
228880,228880,0.07968921352238548,Fluad_8_PBMC
228880,228880,0.1546843098069604,Fluad_24_PBMC
228880,228880,0.1535798886178298,Fluad_48_PBMC
228880,228880,0.03797563161964422,Fluad_72_PBMC
228880,228880,-0.04546588594230614,Fluad_168_PBMC
228966,228966,0.2058462711251336,Fluad_4_PBMC
228966,228966,0.17114774321492898,Fluad_8_PBMC
228966,228966,0.12312287821112484,Fluad_24_PBMC
228966,228966,0.019898411325091236,Fluad_48_PBMC
228966,228966,-0.04352515665086135,Fluad_72_PBMC
228966,228966,-0.024178491335082358,Fluad_168_PBMC
229517,229517,-0.38009622568775336,Fluad_4_PBMC
229517,229517,-0.4547173812781181,Fluad_8_PBMC
229517,229517,-0.641015890744681,Fluad_24_PBMC
229517,229517,-0.6122977708901356,Fluad_48_PBMC
229517,229517,-0.465569939209646,Fluad_72_PBMC
229517,229517,-0.40026618210429205,Fluad_168_PBMC
229603,229603,0.599976066762415,Fluad_4_PBMC
229603,229603,0.5801405171858177,Fluad_8_PBMC
229603,229603,0.5063466157185753,Fluad_24_PBMC
229603,229603,0.6449442784659343,Fluad_48_PBMC
229603,229603,0.62315904162025,Fluad_72_PBMC
229603,229603,0.3229929789347892,Fluad_168_PBMC
229699,229699,-0.20449138987930215,Fluad_4_PBMC
229699,229699,0.17208374390842976,Fluad_8_PBMC
229699,229699,0.003916921464173939,Fluad_24_PBMC
229699,229699,-0.3443691758724451,Fluad_48_PBMC
229699,229699,-0.6933413406127127,Fluad_72_PBMC
229699,229699,-0.7203970864847827,Fluad_168_PBMC
229722,229722,0.3529954642552121,Fluad_4_PBMC
229722,229722,0.15103185868486915,Fluad_8_PBMC
229722,229722,0.31753514897626467,Fluad_24_PBMC
229722,229722,0.44632026665380486,Fluad_48_PBMC
229722,229722,0.7122521727503807,Fluad_72_PBMC
229722,229722,1.0794824206310618,Fluad_168_PBMC
229841,229841,0.3035299651619076,Fluad_4_PBMC
229841,229841,0.12254836096944971,Fluad_8_PBMC
229841,229841,0.4697931278269343,Fluad_24_PBMC
229841,229841,0.47409000790771605,Fluad_48_PBMC
229841,229841,0.526105074756532,Fluad_72_PBMC
229841,229841,0.15871498862190486,Fluad_168_PBMC
230088,230088,0.24775511617702478,Fluad_4_PBMC
230088,230088,0.20105443748440932,Fluad_8_PBMC
230088,230088,0.2937755086602144,Fluad_24_PBMC
230088,230088,0.22047581139670785,Fluad_48_PBMC
230088,230088,0.3116406538490285,Fluad_72_PBMC
230088,230088,0.15360963036209033,Fluad_168_PBMC
230125,230125,0.11543580282796634,Fluad_4_PBMC
230125,230125,0.04651288271162776,Fluad_8_PBMC
230125,230125,0.12565841114743392,Fluad_24_PBMC
230125,230125,0.0867892709113155,Fluad_48_PBMC
230125,230125,0.24556849940652206,Fluad_72_PBMC
230125,230125,0.045626886051152254,Fluad_168_PBMC
230257,230257,0.25472210411493723,Fluad_4_PBMC
230257,230257,0.2553650679980952,Fluad_8_PBMC
230257,230257,0.3988288438660993,Fluad_24_PBMC
230257,230257,0.3159222827067545,Fluad_48_PBMC
230257,230257,0.2753981467581305,Fluad_72_PBMC
230257,230257,0.1131132924884988,Fluad_168_PBMC
230279,230279,-0.032461830516058096,Fluad_4_PBMC
230279,230279,-0.005632549134967815,Fluad_8_PBMC
230279,230279,-0.07610753906714064,Fluad_24_PBMC
230279,230279,-0.12788641480781038,Fluad_48_PBMC
230279,230279,-0.21890200769180296,Fluad_72_PBMC
230279,230279,-0.17606166700369202,Fluad_168_PBMC
230398,230398,0.6532968769312675,Fluad_4_PBMC
230398,230398,0.5507061265847113,Fluad_8_PBMC
230398,230398,1.0253386346019495,Fluad_24_PBMC
230398,230398,1.2261995499644993,Fluad_48_PBMC
230398,230398,1.569512967637369,Fluad_72_PBMC
230398,230398,0.9006385998369391,Fluad_168_PBMC
230514,230514,-0.06027397840851801,Fluad_4_PBMC
230514,230514,-0.017339366289781957,Fluad_8_PBMC
230514,230514,-0.15919973983813981,Fluad_24_PBMC
230514,230514,-0.12297747005350132,Fluad_48_PBMC
230514,230514,-0.10273325353596706,Fluad_72_PBMC
230514,230514,-0.030341375500133515,Fluad_168_PBMC
230678,230678,-0.3882666909197987,Fluad_4_PBMC
230678,230678,0.32009126965190343,Fluad_8_PBMC
230678,230678,-0.07673529375370719,Fluad_24_PBMC
230678,230678,0.0660667282015009,Fluad_48_PBMC
230678,230678,-1.2060579443233517,Fluad_72_PBMC
230678,230678,-0.3643951700179752,Fluad_168_PBMC
230721,230721,0.15579099990268266,Fluad_4_PBMC
230721,230721,0.09584364703400144,Fluad_8_PBMC
230721,230721,0.20901626511443377,Fluad_24_PBMC
230721,230721,0.1621935290690883,Fluad_48_PBMC
230721,230721,0.22730777993908075,Fluad_72_PBMC
230721,230721,0.06487624216528794,Fluad_168_PBMC
230777,230777,0.617560093676319,Fluad_4_PBMC
230777,230777,0.4638653073400084,Fluad_8_PBMC
230777,230777,0.9142698891687131,Fluad_24_PBMC
230777,230777,0.6520152843230822,Fluad_48_PBMC
230777,230777,1.0474825812062816,Fluad_72_PBMC
230777,230777,0.766065114456696,Fluad_168_PBMC
231128,231128,0.19275285872056108,Fluad_4_PBMC
231128,231128,0.09553409457881412,Fluad_8_PBMC
231128,231128,0.045436623855935894,Fluad_24_PBMC
231128,231128,0.06445584241372981,Fluad_48_PBMC
231128,231128,0.09898591083955192,Fluad_72_PBMC
231128,231128,-0.002393259126216546,Fluad_168_PBMC
231134,231134,0.07462572984085113,Fluad_4_PBMC
231134,231134,-0.18598941873216082,Fluad_8_PBMC
231134,231134,0.12806920912477154,Fluad_24_PBMC
231134,231134,0.3485593336496924,Fluad_48_PBMC
231134,231134,0.7232023010465591,Fluad_72_PBMC
231134,231134,0.4991767491406207,Fluad_168_PBMC
231440,231440,0.394915440901737,Fluad_4_PBMC
231440,231440,0.3418129822469479,Fluad_8_PBMC
231440,231440,0.5089151226013072,Fluad_24_PBMC
231440,231440,0.47976621271972375,Fluad_48_PBMC
231440,231440,0.582879535885994,Fluad_72_PBMC
231440,231440,0.49971520987197493,Fluad_168_PBMC
231633,231633,0.6131337927127068,Fluad_4_PBMC
231633,231633,0.6650389874581673,Fluad_8_PBMC
231633,231633,0.9055677799070603,Fluad_24_PBMC
231633,231633,0.720865337673216,Fluad_48_PBMC
231633,231633,0.8771254447024666,Fluad_72_PBMC
231633,231633,0.7740025992289583,Fluad_168_PBMC
231668,231668,-0.5389413263155525,Fluad_4_PBMC
231668,231668,-0.6893947434727431,Fluad_8_PBMC
231668,231668,-0.47701933985896444,Fluad_24_PBMC
231668,231668,-0.2184773202205242,Fluad_48_PBMC
231668,231668,-0.038131590272353424,Fluad_72_PBMC
231668,231668,0.01839295670239134,Fluad_168_PBMC
231887,231887,-0.17278403030973,Fluad_4_PBMC
231887,231887,-0.15955157952669755,Fluad_8_PBMC
231887,231887,-0.1810308837863419,Fluad_24_PBMC
231887,231887,-0.1824345641397329,Fluad_48_PBMC
231887,231887,-0.14478216069017502,Fluad_72_PBMC
231887,231887,-0.14840092931693688,Fluad_168_PBMC
231889,231889,-0.05111308222616384,Fluad_4_PBMC
231889,231889,-0.0580637747693504,Fluad_8_PBMC
231889,231889,-0.058333727232698016,Fluad_24_PBMC
231889,231889,-0.07464730607378743,Fluad_48_PBMC
231889,231889,-0.10734469732358853,Fluad_72_PBMC
231889,231889,-0.09572763843465021,Fluad_168_PBMC
232341,232341,0.3371838400390891,Fluad_4_PBMC
232341,232341,0.26312241917484736,Fluad_8_PBMC
232341,232341,0.30044900483747095,Fluad_24_PBMC
232341,232341,0.29455789980873853,Fluad_48_PBMC
232341,232341,0.3831622902479196,Fluad_72_PBMC
232341,232341,0.27031287328361353,Fluad_168_PBMC
232400,232400,-0.41603823022896513,Fluad_4_PBMC
232400,232400,-0.3187896235025882,Fluad_8_PBMC
232400,232400,0.05621497891364005,Fluad_24_PBMC
232400,232400,0.06596945184785322,Fluad_48_PBMC
232400,232400,0.18890348269296617,Fluad_72_PBMC
232400,232400,-0.4489643154785691,Fluad_168_PBMC
232440,232440,0.08540963446048833,Fluad_4_PBMC
232440,232440,0.07747270235207517,Fluad_8_PBMC
232440,232440,0.08936126877149445,Fluad_24_PBMC
232440,232440,0.06039984969768078,Fluad_48_PBMC
232440,232440,0.07067815872896532,Fluad_72_PBMC
232440,232440,0.029765998620527444,Fluad_168_PBMC
232533,232533,0.19219843926314184,Fluad_4_PBMC
232533,232533,0.30839276450767916,Fluad_8_PBMC
232533,232533,0.45620705564215563,Fluad_24_PBMC
232533,232533,0.4368425570771922,Fluad_48_PBMC
232533,232533,0.52820890521259,Fluad_72_PBMC
232533,232533,0.35735794205505955,Fluad_168_PBMC
232670,232670,0.15207208891877524,Fluad_4_PBMC
232670,232670,0.11243543885662488,Fluad_8_PBMC
232670,232670,0.17416963765680374,Fluad_24_PBMC
232670,232670,0.15813007666292175,Fluad_48_PBMC
232670,232670,0.2323775375480184,Fluad_72_PBMC
232670,232670,0.08747159291624199,Fluad_168_PBMC
232878,232878,0.6282835885844499,Fluad_4_PBMC
232878,232878,0.6196009470940469,Fluad_8_PBMC
232878,232878,0.7837805986684587,Fluad_24_PBMC
232878,232878,0.734560102458834,Fluad_48_PBMC
232878,232878,0.8060949806848008,Fluad_72_PBMC
232878,232878,1.3075933573099066,Fluad_168_PBMC
232934,232934,0.04996401534962633,Fluad_4_PBMC
232934,232934,0.1361581632156204,Fluad_8_PBMC
232934,232934,0.44448239995621286,Fluad_24_PBMC
232934,232934,0.5144814198838703,Fluad_48_PBMC
232934,232934,0.8404386692665732,Fluad_72_PBMC
232934,232934,0.2802790099788718,Fluad_168_PBMC
232946,232946,0.5943351573206573,Fluad_4_PBMC
232946,232946,0.6007935291813542,Fluad_8_PBMC
232946,232946,0.8819415146690645,Fluad_24_PBMC
232946,232946,0.7961530457495377,Fluad_48_PBMC
232946,232946,0.8047659690993303,Fluad_72_PBMC
232946,232946,0.7666556477520838,Fluad_168_PBMC
232969,232969,-0.2758379444405817,Fluad_4_PBMC
232969,232969,-0.04073434180034945,Fluad_8_PBMC
232969,232969,0.40773379161936013,Fluad_24_PBMC
232969,232969,0.3054804214041983,Fluad_48_PBMC
232969,232969,0.5068142278464558,Fluad_72_PBMC
232969,232969,-0.07394589441293696,Fluad_168_PBMC
232974,232974,0.25184825307808956,Fluad_4_PBMC
232974,232974,0.2610735482216685,Fluad_8_PBMC
232974,232974,0.5639611901441138,Fluad_24_PBMC
232974,232974,0.576981309014331,Fluad_48_PBMC
232974,232974,0.5897736502309481,Fluad_72_PBMC
232974,232974,0.36558263453436396,Fluad_168_PBMC
232975,232975,0.4609729334885137,Fluad_4_PBMC
232975,232975,0.37803734214731793,Fluad_8_PBMC
232975,232975,0.7233643303676225,Fluad_24_PBMC
232975,232975,0.6838139111349525,Fluad_48_PBMC
232975,232975,0.7638578477277774,Fluad_72_PBMC
232975,232975,0.5308395907066192,Fluad_168_PBMC
233020,233020,0.19095571055234525,Fluad_4_PBMC
233020,233020,0.18340587350485607,Fluad_8_PBMC
233020,233020,0.4262824575523506,Fluad_24_PBMC
233020,233020,0.3545040480405399,Fluad_48_PBMC
233020,233020,0.3893841509888578,Fluad_72_PBMC
233020,233020,0.2205511792549268,Fluad_168_PBMC
233056,233056,0.22419587249816103,Fluad_4_PBMC
233056,233056,0.2244896898322594,Fluad_8_PBMC
233056,233056,0.5891830582282485,Fluad_24_PBMC
233056,233056,0.5487653630164087,Fluad_48_PBMC
233056,233056,0.40209263652211313,Fluad_72_PBMC
233056,233056,0.36290209142880775,Fluad_168_PBMC
233066,233066,0.24626012235390027,Fluad_4_PBMC
233066,233066,0.26638855769096814,Fluad_8_PBMC
233066,233066,0.41890723729453533,Fluad_24_PBMC
233066,233066,0.38288090020542104,Fluad_48_PBMC
233066,233066,0.3835829932355124,Fluad_72_PBMC
233066,233066,0.07850654522122869,Fluad_168_PBMC
233186,233186,-0.1857970389845448,Fluad_4_PBMC
233186,233186,-0.465113581425435,Fluad_8_PBMC
233186,233186,-0.605883352487309,Fluad_24_PBMC
233186,233186,-0.2839168313331989,Fluad_48_PBMC
233186,233186,-0.33168240872862476,Fluad_72_PBMC
233186,233186,0.08148953932157249,Fluad_168_PBMC
233529,233529,-0.417724951108989,Fluad_4_PBMC
233529,233529,-0.28393543195855003,Fluad_8_PBMC
233529,233529,0.02761360803986533,Fluad_24_PBMC
233529,233529,-0.08045667463097601,Fluad_48_PBMC
233529,233529,0.01603221427684648,Fluad_72_PBMC
233529,233529,-0.4407638985699039,Fluad_168_PBMC
233875,233875,0.7467943896724067,Fluad_4_PBMC
233875,233875,0.662009366200955,Fluad_8_PBMC
233875,233875,0.9212809835235982,Fluad_24_PBMC
233875,233875,0.9532055511161237,Fluad_48_PBMC
233875,233875,1.0925355924245455,Fluad_72_PBMC
233875,233875,0.7721018689662802,Fluad_168_PBMC
234023,234023,0.09506457619440163,Fluad_4_PBMC
234023,234023,0.05486964247841691,Fluad_8_PBMC
234023,234023,0.2165775136208187,Fluad_24_PBMC
234023,234023,0.15992007530573882,Fluad_48_PBMC
234023,234023,0.1483836819217706,Fluad_72_PBMC
234023,234023,-0.00882967606911178,Fluad_168_PBMC
234135,234135,0.1752690258882463,Fluad_4_PBMC
234135,234135,0.11600124249292232,Fluad_8_PBMC
234135,234135,0.1242360613756684,Fluad_24_PBMC
234135,234135,0.16717719799365147,Fluad_48_PBMC
234135,234135,0.20516270163999603,Fluad_72_PBMC
234135,234135,0.1006099254189288,Fluad_168_PBMC
234199,234199,-0.8737905302368635,Fluad_4_PBMC
234199,234199,-0.3669126288071023,Fluad_8_PBMC
234199,234199,-0.5197668569810214,Fluad_24_PBMC
234199,234199,-0.07522287814419923,Fluad_48_PBMC
234199,234199,-0.46862412451243696,Fluad_72_PBMC
234199,234199,0.017922719420042144,Fluad_168_PBMC
234413,234413,0.2614869868070715,Fluad_4_PBMC
234413,234413,0.315840172691393,Fluad_8_PBMC
234413,234413,0.3315459229657649,Fluad_24_PBMC
234413,234413,0.30697384368325814,Fluad_48_PBMC
234413,234413,0.28898290596853055,Fluad_72_PBMC
234413,234413,0.4132721803717292,Fluad_168_PBMC
234669,234669,-0.8587021160463122,Fluad_4_PBMC
234669,234669,-0.9736695777402257,Fluad_8_PBMC
234669,234669,-1.5570140318803527,Fluad_24_PBMC
234669,234669,-1.3069195220515455,Fluad_48_PBMC
234669,234669,-1.103282039093377,Fluad_72_PBMC
234669,234669,-0.5430839329463562,Fluad_168_PBMC
234836,234836,0.24786675421969007,Fluad_4_PBMC
234836,234836,0.46654771787634464,Fluad_8_PBMC
234836,234836,0.8082505157081585,Fluad_24_PBMC
234836,234836,0.757317167517082,Fluad_48_PBMC
234836,234836,0.9287358581389125,Fluad_72_PBMC
234836,234836,1.0468849822192468,Fluad_168_PBMC
234912,234912,-0.2926543736804479,Fluad_4_PBMC
234912,234912,-0.34115207223929567,Fluad_8_PBMC
234912,234912,-0.302640360225398,Fluad_24_PBMC
234912,234912,-0.1670642044293261,Fluad_48_PBMC
234912,234912,-0.20475375579556535,Fluad_72_PBMC
234912,234912,-0.17581714458767797,Fluad_168_PBMC
235379,235379,-1.1614784308467163,Fluad_4_PBMC
235379,235379,-0.4506996773253402,Fluad_8_PBMC
235379,235379,-0.5208243447153112,Fluad_24_PBMC
235379,235379,-0.6918552261577251,Fluad_48_PBMC
235379,235379,-1.020677938465941,Fluad_72_PBMC
235379,235379,-0.8726485712740214,Fluad_168_PBMC
235505,235505,-0.8414131179292919,Fluad_4_PBMC
235505,235505,-0.9531045423156127,Fluad_8_PBMC
235505,235505,-0.8958302237181213,Fluad_24_PBMC
235505,235505,-0.9040393476970259,Fluad_48_PBMC
235505,235505,-1.7050207261731223,Fluad_72_PBMC
235505,235505,-0.9009920566291059,Fluad_168_PBMC
235604,235604,0.48621746088800544,Fluad_4_PBMC
235604,235604,0.21567628377834416,Fluad_8_PBMC
235604,235604,0.5443948865524795,Fluad_24_PBMC
235604,235604,0.4289309835133229,Fluad_48_PBMC
235604,235604,0.6365442083622121,Fluad_72_PBMC
235604,235604,0.9945043771329253,Fluad_168_PBMC
235631,235631,0.4771781524219848,Fluad_4_PBMC
235631,235631,0.37235298496121294,Fluad_8_PBMC
235631,235631,0.47227947118604674,Fluad_24_PBMC
235631,235631,0.603462310424874,Fluad_48_PBMC
235631,235631,0.7406319569767463,Fluad_72_PBMC
235631,235631,0.44834353027952845,Fluad_168_PBMC
236537,236537,0.09628070130040245,Fluad_4_PBMC
236537,236537,0.13413259200334546,Fluad_8_PBMC
236537,236537,0.31406068191375264,Fluad_24_PBMC
236537,236537,0.2756830758398361,Fluad_48_PBMC
236537,236537,0.28148509272393685,Fluad_72_PBMC
236537,236537,0.28827591192702084,Fluad_168_PBMC
236852,236852,-0.24148399847866858,Fluad_4_PBMC
236852,236852,-0.09093134138013531,Fluad_8_PBMC
236852,236852,-0.2742348763801647,Fluad_24_PBMC
236852,236852,-0.40885997603000496,Fluad_48_PBMC
236852,236852,-0.8085169626461997,Fluad_72_PBMC
236852,236852,-1.231162647302939,Fluad_168_PBMC
237107,237107,0.4318741855930509,Fluad_4_PBMC
237107,237107,0.2981270205293003,Fluad_8_PBMC
237107,237107,0.5566812093247981,Fluad_24_PBMC
237107,237107,0.6220618983369677,Fluad_48_PBMC
237107,237107,0.6199544463120026,Fluad_72_PBMC
237107,237107,0.8047369038697054,Fluad_168_PBMC
237397,237397,0.3052403367549135,Fluad_4_PBMC
237397,237397,0.3769313349375362,Fluad_8_PBMC
237397,237397,0.5246991899641934,Fluad_24_PBMC
237397,237397,0.5391945874967569,Fluad_48_PBMC
237397,237397,0.5761432554407045,Fluad_72_PBMC
237397,237397,0.3631378065368844,Fluad_168_PBMC
237412,237412,-0.08088143681992871,Fluad_4_PBMC
237412,237412,0.0087992515024706,Fluad_8_PBMC
237412,237412,0.07224787361237339,Fluad_24_PBMC
237412,237412,-0.07257423456001401,Fluad_48_PBMC
237412,237412,-0.1744941953061291,Fluad_72_PBMC
237412,237412,-0.2565678441108461,Fluad_168_PBMC
237465,237465,-0.829255223271389,Fluad_4_PBMC
237465,237465,-0.5156748581860505,Fluad_8_PBMC
237465,237465,-1.7230739673684088,Fluad_24_PBMC
237465,237465,-0.27518071145796374,Fluad_48_PBMC
237465,237465,-0.45720034882278304,Fluad_72_PBMC
237465,237465,-0.5517656199455151,Fluad_168_PBMC
237758,237758,-0.013753971489869066,Fluad_4_PBMC
237758,237758,-0.039205046077607164,Fluad_8_PBMC
237758,237758,0.29858875867700585,Fluad_24_PBMC
237758,237758,0.60860243478451,Fluad_48_PBMC
237758,237758,0.8196028828017881,Fluad_72_PBMC
237758,237758,1.2430730343259866,Fluad_168_PBMC
237761,237761,0.6364824481673059,Fluad_4_PBMC
237761,237761,0.6056847132684683,Fluad_8_PBMC
237761,237761,0.9361253506475339,Fluad_24_PBMC
237761,237761,1.046549172746873,Fluad_48_PBMC
237761,237761,1.2200414408071112,Fluad_72_PBMC
237761,237761,1.0435488978929408,Fluad_168_PBMC
237823,237823,0.3021931713145583,Fluad_4_PBMC
237823,237823,0.22412330179634432,Fluad_8_PBMC
237823,237823,0.43026657066824703,Fluad_24_PBMC
237823,237823,0.3512807438803405,Fluad_48_PBMC
237823,237823,0.660321220323719,Fluad_72_PBMC
237823,237823,0.33316408551369214,Fluad_168_PBMC
237930,237930,-0.18328051878983204,Fluad_4_PBMC
237930,237930,-0.25530191083323084,Fluad_8_PBMC
237930,237930,0.6996464297507078,Fluad_24_PBMC
237930,237930,0.500421724836197,Fluad_48_PBMC
237930,237930,0.5492896321612057,Fluad_72_PBMC
237930,237930,0.35809521839809927,Fluad_168_PBMC
237943,237943,0.1612129047309487,Fluad_4_PBMC
237943,237943,0.21742526852085878,Fluad_8_PBMC
237943,237943,0.4397591431140731,Fluad_24_PBMC
237943,237943,0.41606512818601626,Fluad_48_PBMC
237943,237943,0.44637519927030433,Fluad_72_PBMC
237943,237943,0.29651298563234196,Fluad_168_PBMC
238130,238130,0.11297016928109377,Fluad_4_PBMC
238130,238130,0.3021126019130127,Fluad_8_PBMC
238130,238130,0.7828687384606106,Fluad_24_PBMC
238130,238130,0.2582804432716049,Fluad_48_PBMC
238130,238130,0.1782993677627271,Fluad_72_PBMC
238130,238130,0.6995640088832886,Fluad_168_PBMC
238323,238323,0.5272097275338943,Fluad_4_PBMC
238323,238323,0.48651041510582616,Fluad_8_PBMC
238323,238323,1.0077914227242006,Fluad_24_PBMC
238323,238323,0.7494792773758111,Fluad_48_PBMC
238323,238323,0.9208846229187775,Fluad_72_PBMC
238323,238323,1.091671954991899,Fluad_168_PBMC
238673,238673,0.41998795633548724,Fluad_4_PBMC
238673,238673,0.42840557343512126,Fluad_8_PBMC
238673,238673,0.7999856848493541,Fluad_24_PBMC
238673,238673,0.7381500799769453,Fluad_48_PBMC
238673,238673,0.8227039965093443,Fluad_72_PBMC
238673,238673,0.5592348023466851,Fluad_168_PBMC
238692,238692,0.05093671743472286,Fluad_4_PBMC
238692,238692,0.08764118839937493,Fluad_8_PBMC
238692,238692,0.2934417139560025,Fluad_24_PBMC
238692,238692,0.18901747709775707,Fluad_48_PBMC
238692,238692,0.31069880693945295,Fluad_72_PBMC
238692,238692,0.09787436079769984,Fluad_168_PBMC
238722,238722,-1.1370113543830906,Fluad_4_PBMC
238722,238722,-1.1045202405793195,Fluad_8_PBMC
238722,238722,-1.0795345714459677,Fluad_24_PBMC
238722,238722,-1.0966192046325023,Fluad_48_PBMC
238722,238722,-1.11334106673503,Fluad_72_PBMC
238722,238722,-0.8645151229290867,Fluad_168_PBMC
239114,239114,0.07547200053722998,Fluad_4_PBMC
239114,239114,-0.19231509142589412,Fluad_8_PBMC
239114,239114,-0.017511118851226692,Fluad_24_PBMC
239114,239114,-0.1359204268097201,Fluad_48_PBMC
239114,239114,0.11098299665369385,Fluad_72_PBMC
239114,239114,0.6217870674175502,Fluad_168_PBMC
239393,239393,-0.1554560392075638,Fluad_4_PBMC
239393,239393,-0.2861555148028476,Fluad_8_PBMC
239393,239393,-0.41099903523299686,Fluad_24_PBMC
239393,239393,-0.17132435025736487,Fluad_48_PBMC
239393,239393,-0.37587824380998625,Fluad_72_PBMC
239393,239393,1.1157372970179957,Fluad_168_PBMC
239408,239408,4.502971860162325e-4,Fluad_4_PBMC
239408,239408,-0.1288378506359067,Fluad_8_PBMC
239408,239408,-0.42457189908759524,Fluad_24_PBMC
239408,239408,0.35657696034709746,Fluad_48_PBMC
239408,239408,-0.1912399194449002,Fluad_72_PBMC
239408,239408,-0.6283408778220188,Fluad_168_PBMC
239556,239556,0.655540929012514,Fluad_4_PBMC
239556,239556,0.5257286273925779,Fluad_8_PBMC
239556,239556,0.7863035188584423,Fluad_24_PBMC
239556,239556,0.693024731976174,Fluad_48_PBMC
239556,239556,0.9569418359296783,Fluad_72_PBMC
239556,239556,1.0030896816837749,Fluad_168_PBMC
239591,239591,0.7073261576153546,Fluad_4_PBMC
239591,239591,0.5914335813347033,Fluad_8_PBMC
239591,239591,1.1778021555626148,Fluad_24_PBMC
239591,239591,1.0644602928588638,Fluad_48_PBMC
239591,239591,1.2008185543315384,Fluad_72_PBMC
239591,239591,0.9984978422004045,Fluad_168_PBMC
239827,239827,0.5846756526181376,Fluad_4_PBMC
239827,239827,0.5981139251421591,Fluad_8_PBMC
239827,239827,0.8127605156028721,Fluad_24_PBMC
239827,239827,0.9047293687943742,Fluad_48_PBMC
239827,239827,1.0751591622857506,Fluad_72_PBMC
239827,239827,1.0204342331623906,Fluad_168_PBMC
240215,240215,0.31619629434983887,Fluad_4_PBMC
240215,240215,0.27151425780481275,Fluad_8_PBMC
240215,240215,0.3238461917959094,Fluad_24_PBMC
240215,240215,0.28242232575472676,Fluad_48_PBMC
240215,240215,0.35924742375831814,Fluad_72_PBMC
240215,240215,0.18952222007665906,Fluad_168_PBMC
240411,240411,0.31449367429064845,Fluad_4_PBMC
240411,240411,0.16820374985021544,Fluad_8_PBMC
240411,240411,0.6889413441961468,Fluad_24_PBMC
240411,240411,0.45002629206417116,Fluad_48_PBMC
240411,240411,0.47846060593990763,Fluad_72_PBMC
240411,240411,0.3672482294754233,Fluad_168_PBMC
240479,240479,0.2637827342531551,Fluad_4_PBMC
240479,240479,0.2721586112255326,Fluad_8_PBMC
240479,240479,0.8956764316265494,Fluad_24_PBMC
240479,240479,0.8092158725797964,Fluad_48_PBMC
240479,240479,1.0199349791924905,Fluad_72_PBMC
240479,240479,1.0735024052267697,Fluad_168_PBMC
240613,240613,0.1532600715207841,Fluad_4_PBMC
240613,240613,0.23686619695146732,Fluad_8_PBMC
240613,240613,0.4589695480692352,Fluad_24_PBMC
240613,240613,0.4321517456515688,Fluad_48_PBMC
240613,240613,0.47501560908752205,Fluad_72_PBMC
240613,240613,0.1448732857306105,Fluad_168_PBMC
241112,241112,0.12611594297394826,Fluad_4_PBMC
241112,241112,0.14822244535474013,Fluad_8_PBMC
241112,241112,0.2506377482194324,Fluad_24_PBMC
241112,241112,0.2603194093843272,Fluad_48_PBMC
241112,241112,0.3282127224691581,Fluad_72_PBMC
241112,241112,0.17784643411791198,Fluad_168_PBMC
241128,241128,0.2190169023229349,Fluad_4_PBMC
241128,241128,0.2607676637652738,Fluad_8_PBMC
241128,241128,0.36905363527956314,Fluad_24_PBMC
241128,241128,0.30913593280909196,Fluad_48_PBMC
241128,241128,0.36168738482826046,Fluad_72_PBMC
241128,241128,0.30190976645986334,Fluad_168_PBMC
241656,241656,0.306015173701937,Fluad_4_PBMC
241656,241656,0.19334852977900788,Fluad_8_PBMC
241656,241656,0.5622415734709316,Fluad_24_PBMC
241656,241656,0.712692603733756,Fluad_48_PBMC
241656,241656,0.7303989441809328,Fluad_72_PBMC
241656,241656,1.0627721009353648,Fluad_168_PBMC
241919,241919,-0.07352954600552354,Fluad_4_PBMC
241919,241919,-0.33376922395232134,Fluad_8_PBMC
241919,241919,-0.04024846425199256,Fluad_24_PBMC
241919,241919,-0.4695778816962155,Fluad_48_PBMC
241919,241919,0.4281279384256602,Fluad_72_PBMC
241919,241919,-0.17377450431353833,Fluad_168_PBMC
242022,242022,0.3149345549322749,Fluad_4_PBMC
242022,242022,0.25920649971961307,Fluad_8_PBMC
242022,242022,0.32334919859213174,Fluad_24_PBMC
242022,242022,0.25514405094783943,Fluad_48_PBMC
242022,242022,0.3331354195725538,Fluad_72_PBMC
242022,242022,0.4875329255469537,Fluad_168_PBMC
242253,242253,-0.21849527410700115,Fluad_4_PBMC
242253,242253,-0.2608674625960272,Fluad_8_PBMC
242253,242253,-0.22078037966365274,Fluad_24_PBMC
242253,242253,-0.26129977542958377,Fluad_48_PBMC
242253,242253,-0.27416064927075756,Fluad_72_PBMC
242253,242253,-0.3337097946822194,Fluad_168_PBMC
242603,242603,0.27543788201873265,Fluad_4_PBMC
242603,242603,0.1976996831489965,Fluad_8_PBMC
242603,242603,0.7379092443341434,Fluad_24_PBMC
242603,242603,0.6687502986127929,Fluad_48_PBMC
242603,242603,1.1466501112757177,Fluad_72_PBMC
242603,242603,0.8382222885537405,Fluad_168_PBMC
242891,242891,-0.10639080199687001,Fluad_4_PBMC
242891,242891,-0.022517443211365895,Fluad_8_PBMC
242891,242891,0.2857988103794038,Fluad_24_PBMC
242891,242891,0.550006088917148,Fluad_48_PBMC
242891,242891,0.6947852876213509,Fluad_72_PBMC
242891,242891,0.4706906729735984,Fluad_168_PBMC
243083,243083,0.5328081047486131,Fluad_4_PBMC
243083,243083,0.5665374581174802,Fluad_8_PBMC
243083,243083,0.9000732503247949,Fluad_24_PBMC
243083,243083,0.9904314599103766,Fluad_48_PBMC
243083,243083,1.279730817355844,Fluad_72_PBMC
243083,243083,0.7811282930105944,Fluad_168_PBMC
243510,243510,0.4360952155399485,Fluad_4_PBMC
243510,243510,0.25010701546361513,Fluad_8_PBMC
243510,243510,0.7882326119218086,Fluad_24_PBMC
243510,243510,0.8169614801193396,Fluad_48_PBMC
243510,243510,0.8439886354546747,Fluad_72_PBMC
243510,243510,0.5488917169356149,Fluad_168_PBMC
243529,243529,0.7222382429416385,Fluad_4_PBMC
243529,243529,0.6955724459012097,Fluad_8_PBMC
243529,243529,1.317069997688638,Fluad_24_PBMC
243529,243529,1.2227839626928563,Fluad_48_PBMC
243529,243529,1.3802576750115456,Fluad_72_PBMC
243529,243529,1.1026654227617818,Fluad_168_PBMC
243574,243574,-0.1454002065086157,Fluad_4_PBMC
243574,243574,-0.26983129339389167,Fluad_8_PBMC
243574,243574,-0.09722619029315127,Fluad_24_PBMC
243574,243574,-0.3001733088731232,Fluad_48_PBMC
243574,243574,-0.2513698947458415,Fluad_72_PBMC
243574,243574,0.5643512958877799,Fluad_168_PBMC
243621,243621,-0.49433728278368594,Fluad_4_PBMC
243621,243621,-0.5451148574084461,Fluad_8_PBMC
243621,243621,-0.6046463251444142,Fluad_24_PBMC
243621,243621,-0.6115167306200796,Fluad_48_PBMC
243621,243621,-0.4505593255844963,Fluad_72_PBMC
243621,243621,-0.6145080003734733,Fluad_168_PBMC
243743,243743,0.5827676836525887,Fluad_4_PBMC
243743,243743,0.5158991696555084,Fluad_8_PBMC
243743,243743,0.4117716396706702,Fluad_24_PBMC
243743,243743,0.5913644472634888,Fluad_48_PBMC
243743,243743,0.5181166090983721,Fluad_72_PBMC
243743,243743,0.38891174365330494,Fluad_168_PBMC
243816,243816,0.24504061704001107,Fluad_4_PBMC
243816,243816,0.2858307680100952,Fluad_8_PBMC
243816,243816,0.15400193236601806,Fluad_24_PBMC
243816,243816,0.18459791003253645,Fluad_48_PBMC
243816,243816,0.1926399265073024,Fluad_72_PBMC
243816,243816,0.1303910120728716,Fluad_168_PBMC
243866,243866,1.0794430128919101,Fluad_4_PBMC
243866,243866,0.8791480225425042,Fluad_8_PBMC
243866,243866,0.9739706174719437,Fluad_24_PBMC
243866,243866,1.3634298119224526,Fluad_48_PBMC
243866,243866,1.4432931075940594,Fluad_72_PBMC
243866,243866,1.417141307634136,Fluad_168_PBMC
243961,243961,0.09201684979031152,Fluad_4_PBMC
243961,243961,0.259460934815829,Fluad_8_PBMC
243961,243961,0.2850813218067899,Fluad_24_PBMC
243961,243961,0.7100085413235335,Fluad_48_PBMC
243961,243961,0.894181843290129,Fluad_72_PBMC
243961,243961,0.8061059124424335,Fluad_168_PBMC
244059,244059,0.23958884824652527,Fluad_4_PBMC
244059,244059,0.23248905358459687,Fluad_8_PBMC
244059,244059,0.31415091483267815,Fluad_24_PBMC
244059,244059,0.29407411130129035,Fluad_48_PBMC
244059,244059,0.2657189370885008,Fluad_72_PBMC
244059,244059,0.13151002995492775,Fluad_168_PBMC
244114,244114,0.19916655770441447,Fluad_4_PBMC
244114,244114,0.38313800141219323,Fluad_8_PBMC
244114,244114,-0.01311217410898885,Fluad_24_PBMC
244114,244114,0.47623946610799167,Fluad_48_PBMC
244114,244114,0.4637698064601001,Fluad_72_PBMC
244114,244114,-0.3400657744105312,Fluad_168_PBMC
244183,244183,0.07919834660009181,Fluad_4_PBMC
244183,244183,0.06211802107936401,Fluad_8_PBMC
244183,244183,0.1242761015053563,Fluad_24_PBMC
244183,244183,0.16750678868156607,Fluad_48_PBMC
244183,244183,-0.09456112639650274,Fluad_72_PBMC
244183,244183,-0.030191759740245676,Fluad_168_PBMC
244199,244199,0.08502117230517654,Fluad_4_PBMC
244199,244199,0.10577161895741728,Fluad_8_PBMC
244199,244199,0.22634847510310963,Fluad_24_PBMC
244199,244199,0.22335401179191822,Fluad_48_PBMC
244199,244199,0.24755686770869129,Fluad_72_PBMC
244199,244199,0.08754189502678866,Fluad_168_PBMC
244202,244202,-1.0679125000838914,Fluad_4_PBMC
244202,244202,-0.5586554159949075,Fluad_8_PBMC
244202,244202,-0.7869338893605464,Fluad_24_PBMC
244202,244202,0.011973594083572126,Fluad_48_PBMC
244202,244202,-1.162288190223804,Fluad_72_PBMC
244202,244202,-0.8773684147263285,Fluad_168_PBMC
244416,244416,-0.24410490439629365,Fluad_4_PBMC
244416,244416,-0.28123780765936685,Fluad_8_PBMC
244416,244416,-0.26604534982594996,Fluad_24_PBMC
244416,244416,-0.26042667516227985,Fluad_48_PBMC
244416,244416,-0.2150416513108952,Fluad_72_PBMC
244416,244416,-0.3849319093225825,Fluad_168_PBMC
244667,244667,0.3119779918734103,Fluad_4_PBMC
244667,244667,0.22596575908253314,Fluad_8_PBMC
244667,244667,0.27020147183065907,Fluad_24_PBMC
244667,244667,0.1892176445690504,Fluad_48_PBMC
244667,244667,0.24508583149657626,Fluad_72_PBMC
244667,244667,0.040557676947429726,Fluad_168_PBMC
245195,245195,-0.07983559229622325,Fluad_4_PBMC
245195,245195,-0.1252306894776609,Fluad_8_PBMC
245195,245195,-0.17356433319207976,Fluad_24_PBMC
245195,245195,-0.1309044089218433,Fluad_48_PBMC
245195,245195,-0.22275928351325705,Fluad_72_PBMC
245195,245195,-0.05151164079704168,Fluad_168_PBMC
245240,245240,0.44677974134023296,Fluad_4_PBMC
245240,245240,0.4656602004146771,Fluad_8_PBMC
245240,245240,0.7241367632885816,Fluad_24_PBMC
245240,245240,0.6833304520188372,Fluad_48_PBMC
245240,245240,0.7766052390698125,Fluad_72_PBMC
245240,245240,0.6427366114929485,Fluad_168_PBMC
245282,245282,0.39477884931806007,Fluad_4_PBMC
245282,245282,0.30288615351864,Fluad_8_PBMC
245282,245282,0.5075865137708662,Fluad_24_PBMC
245282,245282,0.4729502584547136,Fluad_48_PBMC
245282,245282,0.46384348571961276,Fluad_72_PBMC
245282,245282,0.23152754173129542,Fluad_168_PBMC
245308,245308,1.7676128878066413,Fluad_4_PBMC
245308,245308,2.8598012772966115,Fluad_8_PBMC
245308,245308,2.103637524035525,Fluad_24_PBMC
245308,245308,2.0489502857130617,Fluad_48_PBMC
245308,245308,1.641431445586458,Fluad_72_PBMC
245308,245308,1.8774141925652907,Fluad_168_PBMC
245423,245423,0.4074501522355276,Fluad_4_PBMC
245423,245423,0.4436396445440549,Fluad_8_PBMC
245423,245423,1.0303736629354237,Fluad_24_PBMC
245423,245423,0.793699205868942,Fluad_48_PBMC
245423,245423,0.5320620500383852,Fluad_72_PBMC
245423,245423,0.06320242230575648,Fluad_168_PBMC
245468,245468,0.4933424261984486,Fluad_4_PBMC
245468,245468,0.46705054711683286,Fluad_8_PBMC
245468,245468,0.6189089691252102,Fluad_24_PBMC
245468,245468,0.610948604069028,Fluad_48_PBMC
245468,245468,0.6452473473914561,Fluad_72_PBMC
245468,245468,0.6066689011409374,Fluad_168_PBMC
245643,245643,-0.6888187159643272,Fluad_4_PBMC
245643,245643,-0.665682558078512,Fluad_8_PBMC
245643,245643,-0.6417265401192386,Fluad_24_PBMC
245643,245643,-0.5595515328321621,Fluad_48_PBMC
245643,245643,-0.4636745349478928,Fluad_72_PBMC
245643,245643,-1.1533360573094882,Fluad_168_PBMC
245827,245827,0.1260428787727813,Fluad_4_PBMC
245827,245827,0.027200228979453706,Fluad_8_PBMC
245827,245827,0.5934778569330341,Fluad_24_PBMC
245827,245827,0.4908510517418945,Fluad_48_PBMC
245827,245827,0.6231474186886594,Fluad_72_PBMC
245827,245827,0.5275814619023788,Fluad_168_PBMC
245880,245880,-0.1731969116546918,Fluad_4_PBMC
245880,245880,-0.5473889893083564,Fluad_8_PBMC
245880,245880,-0.11225842142183641,Fluad_24_PBMC
245880,245880,0.06281924535078844,Fluad_48_PBMC
245880,245880,0.3416555485957798,Fluad_72_PBMC
245880,245880,0.18381485715206528,Fluad_168_PBMC
246079,246079,0.37861646749300937,Fluad_4_PBMC
246079,246079,0.3270368256148718,Fluad_8_PBMC
246079,246079,0.5799256086680504,Fluad_24_PBMC
246079,246079,0.5382606815585922,Fluad_48_PBMC
246079,246079,0.6044703618764551,Fluad_72_PBMC
246079,246079,0.5620428791605366,Fluad_168_PBMC
246198,246198,0.16033521539214518,Fluad_4_PBMC
246198,246198,0.13804974506818107,Fluad_8_PBMC
246198,246198,0.11835059758960773,Fluad_24_PBMC
246198,246198,0.1536412760447433,Fluad_48_PBMC
246198,246198,0.19587602693566192,Fluad_72_PBMC
246198,246198,0.17637190523448304,Fluad_168_PBMC
246221,246221,0.20553698027368938,Fluad_4_PBMC
246221,246221,0.1822826831897474,Fluad_8_PBMC
246221,246221,0.29289669993048467,Fluad_24_PBMC
246221,246221,0.1710659484067292,Fluad_48_PBMC
246221,246221,0.22506147039728758,Fluad_72_PBMC
246221,246221,0.13009175937077222,Fluad_168_PBMC
246229,246229,-0.3107854916919938,Fluad_4_PBMC
246229,246229,0.6662314219553123,Fluad_8_PBMC
246229,246229,0.5874504344198985,Fluad_24_PBMC
246229,246229,0.6711661022149387,Fluad_48_PBMC
246229,246229,0.24006119477264254,Fluad_72_PBMC
246229,246229,0.4879595822391482,Fluad_168_PBMC
246293,246293,-0.09333656187385073,Fluad_4_PBMC
246293,246293,-0.10299925424910769,Fluad_8_PBMC
246293,246293,0.031702279841340456,Fluad_24_PBMC
246293,246293,0.30659726243779195,Fluad_48_PBMC
246293,246293,0.46097252265943833,Fluad_72_PBMC
246293,246293,0.23281441760020646,Fluad_168_PBMC
246707,246707,0.3036862007412185,Fluad_4_PBMC
246707,246707,0.2575892172969604,Fluad_8_PBMC
246707,246707,0.1867618794437596,Fluad_24_PBMC
246707,246707,0.21042221466698927,Fluad_48_PBMC
246707,246707,0.18659858197282458,Fluad_72_PBMC
246707,246707,0.19501216649378253,Fluad_168_PBMC
246746,246746,0.07026077825876599,Fluad_4_PBMC
246746,246746,-0.016245810458607495,Fluad_8_PBMC
246746,246746,-0.048938683870862386,Fluad_24_PBMC
246746,246746,-0.05977332375886631,Fluad_48_PBMC
246746,246746,-0.14756021572049977,Fluad_72_PBMC
246746,246746,-0.07540716697339578,Fluad_168_PBMC
246779,246779,0.29719707541564666,Fluad_4_PBMC
246779,246779,0.2245418423954017,Fluad_8_PBMC
246779,246779,0.4093521953845298,Fluad_24_PBMC
246779,246779,0.4125407374906586,Fluad_48_PBMC
246779,246779,0.47839558952899014,Fluad_72_PBMC
246779,246779,0.24174300023223955,Fluad_168_PBMC
246792,246792,0.24283832929059943,Fluad_4_PBMC
246792,246792,0.28877388736327547,Fluad_8_PBMC
246792,246792,0.30891944341824934,Fluad_24_PBMC
246792,246792,0.24051278822469535,Fluad_48_PBMC
246792,246792,0.2600398197912125,Fluad_72_PBMC
246792,246792,0.3543823424284531,Fluad_168_PBMC
257902,257902,0.2884349904123532,Fluad_4_PBMC
257902,257902,0.275707818303679,Fluad_8_PBMC
257902,257902,0.16211742694184939,Fluad_24_PBMC
257902,257902,0.11405366913306977,Fluad_48_PBMC
257902,257902,0.17746097084527432,Fluad_72_PBMC
257902,257902,0.4461123372954473,Fluad_168_PBMC
257926,257926,0.03892299916764098,Fluad_4_PBMC
257926,257926,-0.005396573379570131,Fluad_8_PBMC
257926,257926,0.10265352799402827,Fluad_24_PBMC
257926,257926,0.08680900655399068,Fluad_48_PBMC
257926,257926,0.1033962681206256,Fluad_72_PBMC
257926,257926,-0.017235273754809672,Fluad_168_PBMC
257973,257973,0.33265923482179127,Fluad_4_PBMC
257973,257973,0.27480106312087427,Fluad_8_PBMC
257973,257973,0.5745633246484045,Fluad_24_PBMC
257973,257973,0.4820590908905425,Fluad_48_PBMC
257973,257973,0.7275439061787652,Fluad_72_PBMC
257973,257973,0.5366791522478225,Fluad_168_PBMC
258025,258025,0.7842581402118073,Fluad_4_PBMC
258025,258025,0.803967342702771,Fluad_8_PBMC
258025,258025,0.7866859122870274,Fluad_24_PBMC
258025,258025,0.7926191223969317,Fluad_48_PBMC
258025,258025,1.0051049892750492,Fluad_72_PBMC
258025,258025,0.9667929595166553,Fluad_168_PBMC
258046,258046,0.6281555455977914,Fluad_4_PBMC
258046,258046,0.8808444799057314,Fluad_8_PBMC
258046,258046,0.9933779927684889,Fluad_24_PBMC
258046,258046,1.1634286362081994,Fluad_48_PBMC
258046,258046,1.266149268925173,Fluad_72_PBMC
258046,258046,0.9549707730611042,Fluad_168_PBMC
258105,258105,0.681659567832492,Fluad_4_PBMC
258105,258105,0.47665881185118086,Fluad_8_PBMC
258105,258105,-0.16846718834639507,Fluad_24_PBMC
258105,258105,-0.010959210084333093,Fluad_48_PBMC
258105,258105,0.21642798595215798,Fluad_72_PBMC
258105,258105,0.8463543696531041,Fluad_168_PBMC
258177,258177,0.621976155335654,Fluad_4_PBMC
258177,258177,0.6710998743004339,Fluad_8_PBMC
258177,258177,1.214965209713088,Fluad_24_PBMC
258177,258177,1.1765699560630807,Fluad_48_PBMC
258177,258177,1.3999829049430255,Fluad_72_PBMC
258177,258177,0.6225433339223838,Fluad_168_PBMC
258181,258181,0.06344392733033652,Fluad_4_PBMC
258181,258181,0.12213813069166282,Fluad_8_PBMC
258181,258181,0.38307848459205857,Fluad_24_PBMC
258181,258181,0.3271806429526858,Fluad_48_PBMC
258181,258181,0.3968347824989798,Fluad_72_PBMC
258181,258181,0.19459898300106496,Fluad_168_PBMC
258219,258219,0.3897079911534005,Fluad_4_PBMC
258219,258219,0.4102233264460179,Fluad_8_PBMC
258219,258219,0.7928098815628095,Fluad_24_PBMC
258219,258219,0.8333427422382524,Fluad_48_PBMC
258219,258219,1.0631528910956294,Fluad_72_PBMC
258219,258219,0.7857199051807753,Fluad_168_PBMC
258222,258222,0.15931128805751643,Fluad_4_PBMC
258222,258222,0.23286280595463843,Fluad_8_PBMC
258222,258222,0.6049291025846474,Fluad_24_PBMC
258222,258222,0.2778451801551186,Fluad_48_PBMC
258222,258222,-0.5701356077119621,Fluad_72_PBMC
258222,258222,-0.13039996637366236,Fluad_168_PBMC
258272,258272,0.2919846835967775,Fluad_4_PBMC
258272,258272,0.27671595979356417,Fluad_8_PBMC
258272,258272,0.5768591819767144,Fluad_24_PBMC
258272,258272,0.4865447320802775,Fluad_48_PBMC
258272,258272,0.5489409860451248,Fluad_72_PBMC
258272,258272,0.2878598337322504,Fluad_168_PBMC
258290,258290,-0.5453814667505302,Fluad_4_PBMC
258290,258290,-0.21334309055631737,Fluad_8_PBMC
258290,258290,-0.003931399772647955,Fluad_24_PBMC
258290,258290,0.15487661208583436,Fluad_48_PBMC
258290,258290,0.18608158182496307,Fluad_72_PBMC
258290,258290,0.28679290619470355,Fluad_168_PBMC
258342,258342,-0.47760002827989606,Fluad_4_PBMC
258342,258342,-0.5395771766204529,Fluad_8_PBMC
258342,258342,0.06900907343304202,Fluad_24_PBMC
258342,258342,0.001290789994506436,Fluad_48_PBMC
258342,258342,0.27278826813594953,Fluad_72_PBMC
258342,258342,0.29181852983234374,Fluad_168_PBMC
258353,258353,0.5091378186034391,Fluad_4_PBMC
258353,258353,0.4948651010944958,Fluad_8_PBMC
258353,258353,1.1420317315990707,Fluad_24_PBMC
258353,258353,0.9378736231920044,Fluad_48_PBMC
258353,258353,1.0887497573944878,Fluad_72_PBMC
258353,258353,0.49435127714196586,Fluad_168_PBMC
258359,258359,0.10287032887460253,Fluad_4_PBMC
258359,258359,0.15250513103301042,Fluad_8_PBMC
258359,258359,-0.41194536486553435,Fluad_24_PBMC
258359,258359,0.33139767345383975,Fluad_48_PBMC
258359,258359,0.6511850981588464,Fluad_72_PBMC
258359,258359,0.6130022633075336,Fluad_168_PBMC
258392,258392,0.5181058564115224,Fluad_4_PBMC
258392,258392,0.31648421474562216,Fluad_8_PBMC
258392,258392,0.7078718585438444,Fluad_24_PBMC
258392,258392,0.7100317137317382,Fluad_48_PBMC
258392,258392,0.8451635549449202,Fluad_72_PBMC
258392,258392,0.4457804485067991,Fluad_168_PBMC
258408,258408,-1.372219740210845,Fluad_4_PBMC
258408,258408,0.1684966409639347,Fluad_8_PBMC
258408,258408,0.2771330413409744,Fluad_24_PBMC
258408,258408,0.1401104037717434,Fluad_48_PBMC
258408,258408,-0.13372508875317873,Fluad_72_PBMC
258408,258408,0.17619866342897003,Fluad_168_PBMC
258418,258418,-0.16032491360218426,Fluad_4_PBMC
258418,258418,-0.16540670318323838,Fluad_8_PBMC
258418,258418,-0.19329719984603938,Fluad_24_PBMC
258418,258418,0.10927557928084707,Fluad_48_PBMC
258418,258418,0.41451237973435295,Fluad_72_PBMC
258418,258418,0.37242110698249176,Fluad_168_PBMC
258446,258446,-0.2725035930530027,Fluad_4_PBMC
258446,258446,0.010082794128081506,Fluad_8_PBMC
258446,258446,0.3352562842666643,Fluad_24_PBMC
258446,258446,0.0552022818130202,Fluad_48_PBMC
258446,258446,0.43939940722880894,Fluad_72_PBMC
258446,258446,-0.20596522556272723,Fluad_168_PBMC
258469,258469,-0.3242784977794627,Fluad_4_PBMC
258469,258469,-0.49201478974667734,Fluad_8_PBMC
258469,258469,-0.2315904369650309,Fluad_24_PBMC
258469,258469,-0.29862030270229545,Fluad_48_PBMC
258469,258469,0.037282496469493664,Fluad_72_PBMC
258469,258469,-0.785504215775899,Fluad_168_PBMC
258552,258552,0.44581023511325873,Fluad_4_PBMC
258552,258552,0.41805717989022206,Fluad_8_PBMC
258552,258552,0.7761387824864319,Fluad_24_PBMC
258552,258552,0.6855805716877665,Fluad_48_PBMC
258552,258552,0.7373712221848998,Fluad_72_PBMC
258552,258552,0.801040126687496,Fluad_168_PBMC
258593,258593,0.23657347612036422,Fluad_4_PBMC
258593,258593,0.09033521338158858,Fluad_8_PBMC
258593,258593,0.037406331222807614,Fluad_24_PBMC
258593,258593,0.1552579575281403,Fluad_48_PBMC
258593,258593,0.28601828765299747,Fluad_72_PBMC
258593,258593,0.328218869790949,Fluad_168_PBMC
258594,258594,0.6827770630329544,Fluad_4_PBMC
258594,258594,0.3949885687436413,Fluad_8_PBMC
258594,258594,0.8955412141275202,Fluad_24_PBMC
258594,258594,0.4099159433696983,Fluad_48_PBMC
258594,258594,0.5031679659402093,Fluad_72_PBMC
258594,258594,-1.0251533231882481,Fluad_168_PBMC
258621,258621,-0.034721990403956585,Fluad_4_PBMC
258621,258621,0.17024711895059322,Fluad_8_PBMC
258621,258621,-0.15924655178927447,Fluad_24_PBMC
258621,258621,-0.5965274788680275,Fluad_48_PBMC
258621,258621,-0.11531405770571491,Fluad_72_PBMC
258621,258621,0.309225359890974,Fluad_168_PBMC
258642,258642,-0.24967632063371378,Fluad_4_PBMC
258642,258642,-0.12252589179059872,Fluad_8_PBMC
258642,258642,0.10028056237889621,Fluad_24_PBMC
258642,258642,-0.05623612764034455,Fluad_48_PBMC
258642,258642,0.2563979975988381,Fluad_72_PBMC
258642,258642,-0.678596894421992,Fluad_168_PBMC
258652,258652,-0.08790866667665247,Fluad_4_PBMC
258652,258652,0.033911796598625824,Fluad_8_PBMC
258652,258652,0.318735785050212,Fluad_24_PBMC
258652,258652,0.4542497687105164,Fluad_48_PBMC
258652,258652,0.7465433924450147,Fluad_72_PBMC
258652,258652,0.47580613711275155,Fluad_168_PBMC
258683,258683,0.8222867815532904,Fluad_4_PBMC
258683,258683,0.7430328468745359,Fluad_8_PBMC
258683,258683,1.0341266400847668,Fluad_24_PBMC
258683,258683,0.42356219180350296,Fluad_48_PBMC
258683,258683,0.08541635572161871,Fluad_72_PBMC
258683,258683,0.4604571963055999,Fluad_168_PBMC
258695,258695,1.6772079927002383,Fluad_4_PBMC
258695,258695,1.8068817596811724,Fluad_8_PBMC
258695,258695,1.9260113051060157,Fluad_24_PBMC
258695,258695,1.529710379910719,Fluad_48_PBMC
258695,258695,1.6777041689195151,Fluad_72_PBMC
258695,258695,1.9574657014423944,Fluad_168_PBMC
258820,258820,0.07324173415788057,Fluad_4_PBMC
258820,258820,0.15366519354427824,Fluad_8_PBMC
258820,258820,0.5246068195235473,Fluad_24_PBMC
258820,258820,0.5583013546788983,Fluad_48_PBMC
258820,258820,0.599351601954859,Fluad_72_PBMC
258820,258820,0.23416070122148702,Fluad_168_PBMC
258830,258830,0.3971713772980745,Fluad_4_PBMC
258830,258830,0.37540410947931824,Fluad_8_PBMC
258830,258830,0.8408108377915378,Fluad_24_PBMC
258830,258830,0.708999649107893,Fluad_48_PBMC
258830,258830,0.8479064006942605,Fluad_72_PBMC
258830,258830,0.4538575276017638,Fluad_168_PBMC
258832,258832,0.14382754043988208,Fluad_4_PBMC
258832,258832,0.06572268424473948,Fluad_8_PBMC
258832,258832,0.2569844209429099,Fluad_24_PBMC
258832,258832,0.0684121247429514,Fluad_48_PBMC
258832,258832,-0.026389823257578326,Fluad_72_PBMC
258832,258832,-0.17977917017398182,Fluad_168_PBMC
258834,258834,0.17118999031466725,Fluad_4_PBMC
258834,258834,0.18956941254048584,Fluad_8_PBMC
258834,258834,0.5114890874992236,Fluad_24_PBMC
258834,258834,0.3690813077332291,Fluad_48_PBMC
258834,258834,0.3507544683485759,Fluad_72_PBMC
258834,258834,0.010508658284318212,Fluad_168_PBMC
258843,258843,0.969787791292509,Fluad_4_PBMC
258843,258843,0.6114264604710816,Fluad_8_PBMC
258843,258843,0.7595041052384183,Fluad_24_PBMC
258843,258843,0.4824445429847211,Fluad_48_PBMC
258843,258843,0.5266055403485539,Fluad_72_PBMC
258843,258843,-0.10239240233270974,Fluad_168_PBMC
258926,258926,0.04137897088921208,Fluad_4_PBMC
258926,258926,0.025391753608008397,Fluad_8_PBMC
258926,258926,0.10577915538930803,Fluad_24_PBMC
258926,258926,0.06429144271722483,Fluad_48_PBMC
258926,258926,0.32831291636406945,Fluad_72_PBMC
258926,258926,0.8938569423480204,Fluad_168_PBMC
258961,258961,0.2324306414921079,Fluad_4_PBMC
258961,258961,0.20599066922131778,Fluad_8_PBMC
258961,258961,0.41894166246007103,Fluad_24_PBMC
258961,258961,0.39266564942021986,Fluad_48_PBMC
258961,258961,0.5959528022268866,Fluad_72_PBMC
258961,258961,0.5253841707500326,Fluad_168_PBMC
258985,258985,0.3243002455646167,Fluad_4_PBMC
258985,258985,0.5022854547295301,Fluad_8_PBMC
258985,258985,0.6234944790130864,Fluad_24_PBMC
258985,258985,0.18124064711189783,Fluad_48_PBMC
258985,258985,0.24855271207804153,Fluad_72_PBMC
258985,258985,-0.4228955337269453,Fluad_168_PBMC
259001,259001,-0.22369752250239247,Fluad_4_PBMC
259001,259001,-0.2265622360148554,Fluad_8_PBMC
259001,259001,-0.03641498424040433,Fluad_24_PBMC
259001,259001,0.10612780213349896,Fluad_48_PBMC
259001,259001,0.25030542505903114,Fluad_72_PBMC
259001,259001,-0.06719057950414316,Fluad_168_PBMC
259009,259009,0.1899781749370872,Fluad_4_PBMC
259009,259009,0.28412044693947425,Fluad_8_PBMC
259009,259009,0.7006912906454813,Fluad_24_PBMC
259009,259009,0.5826194607237392,Fluad_48_PBMC
259009,259009,0.6304469793547361,Fluad_72_PBMC
259009,259009,0.33850940000811003,Fluad_168_PBMC
259087,259087,-0.1136442211620794,Fluad_4_PBMC
259087,259087,-0.5371064838126344,Fluad_8_PBMC
259087,259087,-0.24522245723126984,Fluad_24_PBMC
259087,259087,-0.17925277484145494,Fluad_48_PBMC
259087,259087,-0.27895971678067044,Fluad_72_PBMC
259087,259087,1.5609332134101432,Fluad_168_PBMC
259100,259100,1.2209575199684528,Fluad_4_PBMC
259100,259100,1.0069056141955532,Fluad_8_PBMC
259100,259100,1.4246899123004315,Fluad_24_PBMC
259100,259100,1.0702094676438167,Fluad_48_PBMC
259100,259100,1.6194739397554745,Fluad_72_PBMC
259100,259100,0.9484574243469421,Fluad_168_PBMC
259122,259122,0.1061470411085969,Fluad_4_PBMC
259122,259122,0.16060356417235488,Fluad_8_PBMC
259122,259122,0.47330002316612807,Fluad_24_PBMC
259122,259122,0.3601371638274081,Fluad_48_PBMC
259122,259122,0.4621507413519201,Fluad_72_PBMC
259122,259122,0.09637453420079252,Fluad_168_PBMC
260301,260301,0.09834665980768267,Fluad_4_PBMC
260301,260301,0.13437381054360353,Fluad_8_PBMC
260301,260301,0.3463319573404762,Fluad_24_PBMC
260301,260301,0.31647020168456963,Fluad_48_PBMC
260301,260301,0.3909302324396439,Fluad_72_PBMC
260301,260301,0.14267156858192342,Fluad_168_PBMC
268281,268281,-0.22935940385515155,Fluad_4_PBMC
268281,268281,0.13973191121833953,Fluad_8_PBMC
268281,268281,-0.03323804525617468,Fluad_24_PBMC
268281,268281,-0.21638839303754911,Fluad_48_PBMC
268281,268281,-0.20160275859379867,Fluad_72_PBMC
268281,268281,0.7428152041027272,Fluad_168_PBMC
268420,268420,0.08240522933710889,Fluad_4_PBMC
268420,268420,0.04651270176303389,Fluad_8_PBMC
268420,268420,0.05318518480153408,Fluad_24_PBMC
268420,268420,0.03924803819479381,Fluad_48_PBMC
268420,268420,0.1289829345708528,Fluad_72_PBMC
268420,268420,-0.023174886360791236,Fluad_168_PBMC
268490,268490,0.19707354546236833,Fluad_4_PBMC
268490,268490,0.23887747851675728,Fluad_8_PBMC
268490,268490,0.1757174633500116,Fluad_24_PBMC
268490,268490,0.22006367418931033,Fluad_48_PBMC
268490,268490,0.1954765229139272,Fluad_72_PBMC
268490,268490,0.190389869547334,Fluad_168_PBMC
268729,268729,-0.8180194544775934,Fluad_4_PBMC
268729,268729,-0.6800574557521525,Fluad_8_PBMC
268729,268729,-0.4164158153989818,Fluad_24_PBMC
268729,268729,-0.24906920075684105,Fluad_48_PBMC
268729,268729,0.07589850412915239,Fluad_72_PBMC
268729,268729,-0.34424031517955944,Fluad_168_PBMC
268816,268816,1.8135376026774745,Fluad_4_PBMC
268816,268816,1.719374922132712,Fluad_8_PBMC
268816,268816,1.7002877176893807,Fluad_24_PBMC
268816,268816,1.9129027527256113,Fluad_48_PBMC
268816,268816,1.2449617991275297,Fluad_72_PBMC
268816,268816,1.0523303176403533,Fluad_168_PBMC
268857,268857,0.05567362093062197,Fluad_4_PBMC
268857,268857,0.0520926895365746,Fluad_8_PBMC
268857,268857,0.12329316681530339,Fluad_24_PBMC
268857,268857,0.1523869531707161,Fluad_48_PBMC
268857,268857,0.14059323112097433,Fluad_72_PBMC
268857,268857,0.09898375461937381,Fluad_168_PBMC
269037,269037,0.5981825982259423,Fluad_4_PBMC
269037,269037,0.551195093198203,Fluad_8_PBMC
269037,269037,0.4033846457167058,Fluad_24_PBMC
269037,269037,0.4837481767195232,Fluad_48_PBMC
269037,269037,0.487107869130211,Fluad_72_PBMC
269037,269037,0.31112951232604247,Fluad_168_PBMC
269473,269473,0.11073133935011056,Fluad_4_PBMC
269473,269473,0.11819532579776718,Fluad_8_PBMC
269473,269473,0.28320163053269043,Fluad_24_PBMC
269473,269473,0.2545618384965126,Fluad_48_PBMC
269473,269473,0.3383128209409274,Fluad_72_PBMC
269473,269473,0.13458820568827692,Fluad_168_PBMC
269523,269523,0.14475833877660724,Fluad_4_PBMC
269523,269523,0.10438992128014202,Fluad_8_PBMC
269523,269523,0.10090348545570468,Fluad_24_PBMC
269523,269523,0.10471952198336262,Fluad_48_PBMC
269523,269523,0.17559856374899604,Fluad_72_PBMC
269523,269523,0.0632630526125618,Fluad_168_PBMC
269589,269589,-0.09805207678121086,Fluad_4_PBMC
269589,269589,-0.13061089573373208,Fluad_8_PBMC
269589,269589,-0.12967350121134083,Fluad_24_PBMC
269589,269589,-0.1332989556228671,Fluad_48_PBMC
269589,269589,-0.2001890903099831,Fluad_72_PBMC
269589,269589,-0.0475052699192669,Fluad_168_PBMC
269608,269608,0.07142237668776119,Fluad_4_PBMC
269608,269608,-0.05105402947724914,Fluad_8_PBMC
269608,269608,-0.19900138267517467,Fluad_24_PBMC
269608,269608,-0.3864262879682078,Fluad_48_PBMC
269608,269608,-0.029860864404978024,Fluad_72_PBMC
269608,269608,-0.001078393803795638,Fluad_168_PBMC
269700,269700,0.2398576880844907,Fluad_4_PBMC
269700,269700,0.15527198645631574,Fluad_8_PBMC
269700,269700,0.2319219570040713,Fluad_24_PBMC
269700,269700,0.21609660671422942,Fluad_48_PBMC
269700,269700,0.3510379964349574,Fluad_72_PBMC
269700,269700,0.12909968940521707,Fluad_168_PBMC
269774,269774,-0.35450980517008457,Fluad_4_PBMC
269774,269774,-0.1591006779297491,Fluad_8_PBMC
269774,269774,0.03925061601461394,Fluad_24_PBMC
269774,269774,-0.08786540314025165,Fluad_48_PBMC
269774,269774,0.09585677469329554,Fluad_72_PBMC
269774,269774,-0.2456779665768079,Fluad_168_PBMC
269784,269784,-1.0095315716783873,Fluad_4_PBMC
269784,269784,-0.739676254906698,Fluad_8_PBMC
269784,269784,-0.625107728288908,Fluad_24_PBMC
269784,269784,-0.6933418523070395,Fluad_48_PBMC
269784,269784,-0.7492667466867391,Fluad_72_PBMC
269784,269784,-0.2227734825123442,Fluad_168_PBMC
269788,269788,0.3150077653190779,Fluad_4_PBMC
269788,269788,0.2895932746752018,Fluad_8_PBMC
269788,269788,0.4993817279224423,Fluad_24_PBMC
269788,269788,0.4522789641421937,Fluad_48_PBMC
269788,269788,0.4623026920140547,Fluad_72_PBMC
269788,269788,0.27807749130082615,Fluad_168_PBMC
269862,269862,0.5200722121263117,Fluad_4_PBMC
269862,269862,0.5896728613139256,Fluad_8_PBMC
269862,269862,0.8928075863758081,Fluad_24_PBMC
269862,269862,0.7708767064919346,Fluad_48_PBMC
269862,269862,1.1434158018255003,Fluad_72_PBMC
269862,269862,1.1243413089646006,Fluad_168_PBMC
270049,270049,0.3153424622135535,Fluad_4_PBMC
270049,270049,0.9077609424905334,Fluad_8_PBMC
270049,270049,0.37705985464758596,Fluad_24_PBMC
270049,270049,0.594740064198978,Fluad_48_PBMC
270049,270049,0.10515775596143409,Fluad_72_PBMC
270049,270049,0.019018393659351235,Fluad_168_PBMC
270120,270120,2.056130930558198,Fluad_4_PBMC
270120,270120,2.088539332907244,Fluad_8_PBMC
270120,270120,2.188079651429576,Fluad_24_PBMC
270120,270120,1.5734147197076962,Fluad_48_PBMC
270120,270120,1.7413139046984498,Fluad_72_PBMC
270120,270120,1.7991684805874422,Fluad_168_PBMC
270150,270150,0.3020125452777905,Fluad_4_PBMC
270150,270150,0.3012629283664566,Fluad_8_PBMC
270150,270150,0.786780473364546,Fluad_24_PBMC
270150,270150,0.6736705002810008,Fluad_48_PBMC
270150,270150,0.8588371579607595,Fluad_72_PBMC
270150,270150,0.3911779669967873,Fluad_168_PBMC
270152,270152,0.0712745508416937,Fluad_4_PBMC
270152,270152,-0.0017734979758569323,Fluad_8_PBMC
270152,270152,-0.027529054047174185,Fluad_24_PBMC
270152,270152,0.04460067335818679,Fluad_48_PBMC
270152,270152,-0.06789778823275147,Fluad_72_PBMC
270152,270152,-0.014481986175018679,Fluad_168_PBMC
270198,270198,0.05600982069777071,Fluad_4_PBMC
270198,270198,0.07818534418898723,Fluad_8_PBMC
270198,270198,-0.00114002045883305,Fluad_24_PBMC
270198,270198,0.020446939280818484,Fluad_48_PBMC
270198,270198,-0.07088983310265336,Fluad_72_PBMC
270198,270198,-0.04770251131101137,Fluad_168_PBMC
270669,270669,-0.3723968042534256,Fluad_4_PBMC
270669,270669,-0.34110232392074136,Fluad_8_PBMC
270669,270669,-0.023456579465739397,Fluad_24_PBMC
270669,270669,-0.14496334589736218,Fluad_48_PBMC
270669,270669,-0.1636699531133432,Fluad_72_PBMC
270669,270669,-0.5906194420867492,Fluad_168_PBMC
271944,271944,0.8512529131525167,Fluad_4_PBMC
271944,271944,0.3339915582392926,Fluad_8_PBMC
271944,271944,0.9047215096685324,Fluad_24_PBMC
271944,271944,0.690832192898774,Fluad_48_PBMC
271944,271944,1.196474751268349,Fluad_72_PBMC
271944,271944,0.8338431291086954,Fluad_168_PBMC
272428,272428,0.4185059909440087,Fluad_4_PBMC
272428,272428,0.7021590078066526,Fluad_8_PBMC
272428,272428,0.41806040808743733,Fluad_24_PBMC
272428,272428,0.3957703734373657,Fluad_48_PBMC
272428,272428,0.4154205894274661,Fluad_72_PBMC
272428,272428,-0.28594612164565314,Fluad_168_PBMC
272465,272465,0.09499995547276863,Fluad_4_PBMC
272465,272465,-0.1642222943755741,Fluad_8_PBMC
272465,272465,0.07523512722810473,Fluad_24_PBMC
272465,272465,0.3363546880188391,Fluad_48_PBMC
272465,272465,0.5040863127519964,Fluad_72_PBMC
272465,272465,0.2988326372632386,Fluad_168_PBMC
272538,272538,0.23941382830352187,Fluad_4_PBMC
272538,272538,0.1881175402764538,Fluad_8_PBMC
272538,272538,0.25437643140987554,Fluad_24_PBMC
272538,272538,0.2774766999428485,Fluad_48_PBMC
272538,272538,0.340846766513051,Fluad_72_PBMC
272538,272538,0.3477632964812142,Fluad_168_PBMC
276920,276920,-0.10207370996385313,Fluad_4_PBMC
276920,276920,-0.07437751787344246,Fluad_8_PBMC
276920,276920,0.08995873455129874,Fluad_24_PBMC
276920,276920,-0.01266528737817652,Fluad_48_PBMC
276920,276920,0.0529773100590651,Fluad_72_PBMC
276920,276920,-0.21521554204130353,Fluad_168_PBMC
279572,279572,0.10935076882027056,Fluad_4_PBMC
279572,279572,0.10638728228358961,Fluad_8_PBMC
279572,279572,0.007790533821430357,Fluad_24_PBMC
279572,279572,0.04248289549506031,Fluad_48_PBMC
279572,279572,-0.029126301319667192,Fluad_72_PBMC
279572,279572,-0.007579590897628713,Fluad_168_PBMC
280411,280411,0.18749262754003881,Fluad_4_PBMC
280411,280411,0.12653325146452002,Fluad_8_PBMC
280411,280411,0.6601759106129959,Fluad_24_PBMC
280411,280411,0.4632131852903676,Fluad_48_PBMC
280411,280411,0.5772608343926233,Fluad_72_PBMC
280411,280411,0.6262221396904664,Fluad_168_PBMC
319148,319148,0.05860253853119968,Fluad_4_PBMC
319148,319148,0.06979604338464228,Fluad_8_PBMC
319148,319148,0.14019378454497775,Fluad_24_PBMC
319148,319148,0.18605623314004507,Fluad_48_PBMC
319148,319148,0.33586874379477527,Fluad_72_PBMC
319148,319148,0.11968428345761456,Fluad_168_PBMC
319168,319168,0.06072950129548483,Fluad_4_PBMC
319168,319168,0.04291971676974793,Fluad_8_PBMC
319168,319168,0.05008823901677053,Fluad_24_PBMC
319168,319168,0.0276098927805144,Fluad_48_PBMC
319168,319168,0.02669219816259745,Fluad_72_PBMC
319168,319168,0.0064621847163115476,Fluad_168_PBMC
319172,319172,-0.1084609747034431,Fluad_4_PBMC
319172,319172,-0.13991847484452613,Fluad_8_PBMC
319172,319172,0.044705445778814704,Fluad_24_PBMC
319172,319172,-0.051111179721026107,Fluad_48_PBMC
319172,319172,-0.11074231084650499,Fluad_72_PBMC
319172,319172,-0.14308063042686714,Fluad_168_PBMC
319173,319173,0.05706519373208033,Fluad_4_PBMC
319173,319173,0.0516224357884945,Fluad_8_PBMC
319173,319173,0.056245662930197914,Fluad_24_PBMC
319173,319173,0.03287156240813766,Fluad_48_PBMC
319173,319173,0.030414764555495723,Fluad_72_PBMC
319173,319173,0.00166751603651162,Fluad_168_PBMC
319176,319176,0.04862997870778906,Fluad_4_PBMC
319176,319176,0.03236932018544225,Fluad_8_PBMC
319176,319176,0.04378719059505126,Fluad_24_PBMC
319176,319176,0.009292702367286954,Fluad_48_PBMC
319176,319176,0.015904212792238803,Fluad_72_PBMC
319176,319176,-0.02724962914181584,Fluad_168_PBMC
319192,319192,0.04874213693966265,Fluad_4_PBMC
319192,319192,0.03275556944606394,Fluad_8_PBMC
319192,319192,0.03799811994582093,Fluad_24_PBMC
319192,319192,0.013763612951963395,Fluad_48_PBMC
319192,319192,0.021756545228480317,Fluad_72_PBMC
319192,319192,-0.010477514203817689,Fluad_168_PBMC
319197,319197,-1.1475731084145777,Fluad_4_PBMC
319197,319197,-0.9413342726465064,Fluad_8_PBMC
319197,319197,-0.9662302573424927,Fluad_24_PBMC
319197,319197,-0.9879876376484875,Fluad_48_PBMC
319197,319197,-0.7127693202643012,Fluad_72_PBMC
319197,319197,-0.49145074230669294,Fluad_168_PBMC
319262,319262,0.10527021266531483,Fluad_4_PBMC
319262,319262,0.13582117841627947,Fluad_8_PBMC
319262,319262,0.19078108846572575,Fluad_24_PBMC
319262,319262,0.22313791578300296,Fluad_48_PBMC
319262,319262,0.23378365707418702,Fluad_72_PBMC
319262,319262,0.11040452037974063,Fluad_168_PBMC
319555,319555,0.37522877259703824,Fluad_4_PBMC
319555,319555,0.28930332354817995,Fluad_8_PBMC
319555,319555,0.7273563832444612,Fluad_24_PBMC
319555,319555,0.7164911234358275,Fluad_48_PBMC
319555,319555,0.920901629740146,Fluad_72_PBMC
319555,319555,0.8649789019726434,Fluad_168_PBMC
319581,319581,0.6141426220445823,Fluad_4_PBMC
319581,319581,0.6864452543393254,Fluad_8_PBMC
319581,319581,1.1796521527024106,Fluad_24_PBMC
319581,319581,1.1049595504005434,Fluad_48_PBMC
319581,319581,1.1907476952433176,Fluad_72_PBMC
319581,319581,0.9062284830964938,Fluad_168_PBMC
319636,319636,-0.16190583132689967,Fluad_4_PBMC
319636,319636,-0.057472593937321126,Fluad_8_PBMC
319636,319636,-0.0844329206254592,Fluad_24_PBMC
319636,319636,0.33595620468928356,Fluad_48_PBMC
319636,319636,0.2579115438832803,Fluad_72_PBMC
319636,319636,0.09346189972996341,Fluad_168_PBMC
320082,320082,0.2050852069625272,Fluad_4_PBMC
320082,320082,0.18770890114671132,Fluad_8_PBMC
320082,320082,0.31107514645625345,Fluad_24_PBMC
320082,320082,0.2620872310813905,Fluad_48_PBMC
320082,320082,0.3017979846231903,Fluad_72_PBMC
320082,320082,0.15994546551416075,Fluad_168_PBMC
320092,320092,0.18551521293587847,Fluad_4_PBMC
320092,320092,0.11475134889608232,Fluad_8_PBMC
320092,320092,0.11748557911421706,Fluad_24_PBMC
320092,320092,0.12275287852277955,Fluad_48_PBMC
320092,320092,0.1855793310159262,Fluad_72_PBMC
320092,320092,0.07706862504637613,Fluad_168_PBMC
320202,320202,0.38740451136345444,Fluad_4_PBMC
320202,320202,0.3618428814127229,Fluad_8_PBMC
320202,320202,0.6156008007841316,Fluad_24_PBMC
320202,320202,0.5883984266684998,Fluad_48_PBMC
320202,320202,0.6987995278243908,Fluad_72_PBMC
320202,320202,0.5986486277462586,Fluad_168_PBMC
320253,320253,0.14269665766738399,Fluad_4_PBMC
320253,320253,0.27726048056776226,Fluad_8_PBMC
320253,320253,0.1748593014611705,Fluad_24_PBMC
320253,320253,0.4749347181280904,Fluad_48_PBMC
320253,320253,0.5730767039870759,Fluad_72_PBMC
320253,320253,0.7074736992881979,Fluad_168_PBMC
320292,320292,0.12457385616803937,Fluad_4_PBMC
320292,320292,0.6406264951145866,Fluad_8_PBMC
320292,320292,0.2634471212200417,Fluad_24_PBMC
320292,320292,0.17831174086980028,Fluad_48_PBMC
320292,320292,0.4310448851208794,Fluad_72_PBMC
320292,320292,0.8656158250807224,Fluad_168_PBMC
320309,320309,0.1888881855113266,Fluad_4_PBMC
320309,320309,0.2144026206501924,Fluad_8_PBMC
320309,320309,0.47942894042131573,Fluad_24_PBMC
320309,320309,0.39506037170169606,Fluad_48_PBMC
320309,320309,0.4619390514673179,Fluad_72_PBMC
320309,320309,0.14157247249165905,Fluad_168_PBMC
320376,320376,0.30465544106971537,Fluad_4_PBMC
320376,320376,0.20015455446876523,Fluad_8_PBMC
320376,320376,0.2743780280242171,Fluad_24_PBMC
320376,320376,0.307190925421355,Fluad_48_PBMC
320376,320376,0.3840517503585471,Fluad_72_PBMC
320376,320376,0.17559899351602173,Fluad_168_PBMC
320463,320463,-0.2526511551935833,Fluad_4_PBMC
320463,320463,-0.7179284367387242,Fluad_8_PBMC
320463,320463,-0.8793293478316875,Fluad_24_PBMC
320463,320463,-0.44505830460451307,Fluad_48_PBMC
320463,320463,-0.5290121397798107,Fluad_72_PBMC
320463,320463,-0.12631688758728554,Fluad_168_PBMC
320549,320549,0.6688841035644725,Fluad_4_PBMC
320549,320549,0.6292800784275243,Fluad_8_PBMC
320549,320549,1.0243044892820579,Fluad_24_PBMC
320549,320549,0.9408078119048171,Fluad_48_PBMC
320549,320549,1.0520365662413873,Fluad_72_PBMC
320549,320549,0.7377750911016361,Fluad_168_PBMC
320593,320593,0.4207360842110285,Fluad_4_PBMC
320593,320593,0.4337247980694254,Fluad_8_PBMC
320593,320593,0.7217675820090466,Fluad_24_PBMC
320593,320593,0.7012235895430927,Fluad_48_PBMC
320593,320593,0.7991455068630935,Fluad_72_PBMC
320593,320593,0.5430103150597638,Fluad_168_PBMC
320661,320661,0.16901945159345305,Fluad_4_PBMC
320661,320661,0.1238965653656321,Fluad_8_PBMC
320661,320661,0.24062191561701557,Fluad_24_PBMC
320661,320661,0.13985500223722325,Fluad_48_PBMC
320661,320661,0.20005103599501756,Fluad_72_PBMC
320661,320661,0.25751795050913917,Fluad_168_PBMC
320795,320795,-0.12399109465204317,Fluad_4_PBMC
320795,320795,-0.11622973334581879,Fluad_8_PBMC
320795,320795,-0.16834107240928614,Fluad_24_PBMC
320795,320795,-0.13607846664998963,Fluad_48_PBMC
320795,320795,-0.16428334308229658,Fluad_72_PBMC
320795,320795,-0.0941015273702519,Fluad_168_PBMC
320827,320827,0.08380544718787053,Fluad_4_PBMC
320827,320827,0.05641231715289666,Fluad_8_PBMC
320827,320827,0.6562097061120878,Fluad_24_PBMC
320827,320827,0.6477549557070741,Fluad_48_PBMC
320827,320827,0.666211924553366,Fluad_72_PBMC
320827,320827,0.4445700413846093,Fluad_168_PBMC
320982,320982,-0.19186023266567712,Fluad_4_PBMC
320982,320982,-0.2286125871991911,Fluad_8_PBMC
320982,320982,-0.2111866907932501,Fluad_24_PBMC
320982,320982,-0.2607259878430169,Fluad_48_PBMC
320982,320982,-0.2593012011690286,Fluad_72_PBMC
320982,320982,-0.3032784654816167,Fluad_168_PBMC
320997,320997,0.7676336029752269,Fluad_4_PBMC
320997,320997,0.7123733024609513,Fluad_8_PBMC
320997,320997,0.561128824990865,Fluad_24_PBMC
320997,320997,1.2015767665049146,Fluad_48_PBMC
320997,320997,1.0889672803883617,Fluad_72_PBMC
320997,320997,0.8889963832239973,Fluad_168_PBMC
321022,321022,-0.04161679445853111,Fluad_4_PBMC
321022,321022,-0.0572998877495699,Fluad_8_PBMC
321022,321022,0.027614588740717108,Fluad_24_PBMC
321022,321022,-0.04234907126628432,Fluad_48_PBMC
321022,321022,-0.06455829207585785,Fluad_72_PBMC
321022,321022,-0.10633857075378153,Fluad_168_PBMC
327872,327872,0.03103327079927984,Fluad_4_PBMC
327872,327872,0.10758956570074077,Fluad_8_PBMC
327872,327872,0.3730880195376466,Fluad_24_PBMC
327872,327872,0.28306779032079904,Fluad_48_PBMC
327872,327872,0.44280634961087606,Fluad_72_PBMC
327872,327872,0.14890262012355748,Fluad_168_PBMC
328320,328320,0.25223794623825874,Fluad_4_PBMC
328320,328320,0.6530904465456812,Fluad_8_PBMC
328320,328320,1.0130017320945046,Fluad_24_PBMC
328320,328320,0.758198691597136,Fluad_48_PBMC
328320,328320,0.8155710184849136,Fluad_72_PBMC
328320,328320,1.218695217068162,Fluad_168_PBMC
328451,328451,0.15579099990268266,Fluad_4_PBMC
328451,328451,0.09584364703400144,Fluad_8_PBMC
328451,328451,0.20901626511443377,Fluad_24_PBMC
328451,328451,0.1621935290690883,Fluad_48_PBMC
328451,328451,0.22730777993908075,Fluad_72_PBMC
328451,328451,0.06487624216528794,Fluad_168_PBMC
328561,328561,0.39477884931806007,Fluad_4_PBMC
328561,328561,0.30288615351864,Fluad_8_PBMC
328561,328561,0.5075865137708662,Fluad_24_PBMC
328561,328561,0.4729502584547136,Fluad_48_PBMC
328561,328561,0.46384348571961276,Fluad_72_PBMC
328561,328561,0.23152754173129542,Fluad_168_PBMC
328563,328563,0.39477884931806007,Fluad_4_PBMC
328563,328563,0.30288615351864,Fluad_8_PBMC
328563,328563,0.5075865137708662,Fluad_24_PBMC
328563,328563,0.4729502584547136,Fluad_48_PBMC
328563,328563,0.46384348571961276,Fluad_72_PBMC
328563,328563,0.23152754173129542,Fluad_168_PBMC
328576,328576,0.1279305791435223,Fluad_4_PBMC
328576,328576,0.15214238329038687,Fluad_8_PBMC
328576,328576,0.5213172705513954,Fluad_24_PBMC
328576,328576,0.4573367502401928,Fluad_48_PBMC
328576,328576,0.49114624746751323,Fluad_72_PBMC
328576,328576,0.37712098538908834,Fluad_168_PBMC
328643,328643,-0.12683181617815098,Fluad_4_PBMC
328643,328643,0.06072722786878948,Fluad_8_PBMC
328643,328643,-0.4521456331982715,Fluad_24_PBMC
328643,328643,-0.5236450438501953,Fluad_48_PBMC
328643,328643,0.8798687033278194,Fluad_72_PBMC
328643,328643,-0.7161141846853878,Fluad_168_PBMC
328695,328695,0.1337354055013248,Fluad_4_PBMC
328695,328695,0.2686024938213234,Fluad_8_PBMC
328695,328695,0.633653055568594,Fluad_24_PBMC
328695,328695,0.5074286590994724,Fluad_48_PBMC
328695,328695,0.6204020897565101,Fluad_72_PBMC
328695,328695,0.25348343812169327,Fluad_168_PBMC
328766,328766,0.3010660478039297,Fluad_4_PBMC
328766,328766,0.3740397596187979,Fluad_8_PBMC
328766,328766,0.5480507663265799,Fluad_24_PBMC
328766,328766,0.5354862042379036,Fluad_48_PBMC
328766,328766,0.5462479147974342,Fluad_72_PBMC
328766,328766,0.38006504204851826,Fluad_168_PBMC
328778,328778,0.6315425781179753,Fluad_4_PBMC
328778,328778,0.6181835245551324,Fluad_8_PBMC
328778,328778,0.9525866346370941,Fluad_24_PBMC
328778,328778,0.8666821616978957,Fluad_48_PBMC
328778,328778,1.0085409776538126,Fluad_72_PBMC
328778,328778,0.7670153071906596,Fluad_168_PBMC
328788,328788,0.2902821971581636,Fluad_4_PBMC
328788,328788,0.19433558963819808,Fluad_8_PBMC
328788,328788,0.5097401936619621,Fluad_24_PBMC
328788,328788,0.45166530779614444,Fluad_48_PBMC
328788,328788,0.4484817655186779,Fluad_72_PBMC
328788,328788,0.3085347116835927,Fluad_168_PBMC
328855,328855,0.4261475180767075,Fluad_4_PBMC
328855,328855,0.4055274882096739,Fluad_8_PBMC
328855,328855,0.5520665519760717,Fluad_24_PBMC
328855,328855,0.5196723408538039,Fluad_48_PBMC
328855,328855,0.6175013811016151,Fluad_72_PBMC
328855,328855,0.48210817490358343,Fluad_168_PBMC
329165,329165,0.4049251330037953,Fluad_4_PBMC
329165,329165,0.38185492392680853,Fluad_8_PBMC
329165,329165,-0.12121932222850443,Fluad_24_PBMC
329165,329165,0.21945914649640413,Fluad_48_PBMC
329165,329165,0.35915070970032587,Fluad_72_PBMC
329165,329165,0.27892408275280556,Fluad_168_PBMC
329387,329387,0.8300634436882193,Fluad_4_PBMC
329387,329387,0.7944858947663337,Fluad_8_PBMC
329387,329387,0.960545152542202,Fluad_24_PBMC
329387,329387,1.205354311201262,Fluad_48_PBMC
329387,329387,1.1822281298758057,Fluad_72_PBMC
329387,329387,1.4575073182697529,Fluad_168_PBMC
329581,329581,0.3306341741130011,Fluad_4_PBMC
329581,329581,0.305800375131943,Fluad_8_PBMC
329581,329581,0.39284383799294786,Fluad_24_PBMC
329581,329581,0.7366452666835812,Fluad_48_PBMC
329581,329581,0.9080796077934179,Fluad_72_PBMC
329581,329581,0.5705010906323895,Fluad_168_PBMC
329659,329659,0.3416424464461553,Fluad_4_PBMC
329659,329659,0.3928777522445773,Fluad_8_PBMC
329659,329659,0.6011230324088677,Fluad_24_PBMC
329659,329659,0.5655405772156954,Fluad_48_PBMC
329659,329659,0.5991965548730689,Fluad_72_PBMC
329659,329659,0.366557575941422,Fluad_168_PBMC
329739,329739,-0.02952813396381794,Fluad_4_PBMC
329739,329739,-0.03338957801007427,Fluad_8_PBMC
329739,329739,-0.12853888003477765,Fluad_24_PBMC
329739,329739,-0.03280930799358853,Fluad_48_PBMC
329739,329739,0.037885053635632715,Fluad_72_PBMC
329739,329739,0.020770203113689857,Fluad_168_PBMC
329942,329942,0.30133722267744034,Fluad_4_PBMC
329942,329942,0.23145503430619496,Fluad_8_PBMC
329942,329942,0.5915449820381888,Fluad_24_PBMC
329942,329942,0.5565671265806301,Fluad_48_PBMC
329942,329942,0.668640641666109,Fluad_72_PBMC
329942,329942,0.448363542042038,Fluad_168_PBMC
330004,330004,-0.1064527624008618,Fluad_4_PBMC
330004,330004,-0.20595838176253328,Fluad_8_PBMC
330004,330004,-0.5791147223724153,Fluad_24_PBMC
330004,330004,-0.10453481961355812,Fluad_48_PBMC
330004,330004,0.2085878606792983,Fluad_72_PBMC
330004,330004,0.4069086584916,Fluad_168_PBMC
330010,330010,0.26353397454024713,Fluad_4_PBMC
330010,330010,0.25148103692587553,Fluad_8_PBMC
330010,330010,0.21569163679521264,Fluad_24_PBMC
330010,330010,0.2291740091798122,Fluad_48_PBMC
330010,330010,0.3261638871196443,Fluad_72_PBMC
330010,330010,0.42455911162953364,Fluad_168_PBMC
330031,330031,-0.8912101362198752,Fluad_4_PBMC
330031,330031,-0.9592920859704825,Fluad_8_PBMC
330031,330031,-0.860440204130636,Fluad_24_PBMC
330031,330031,-0.8180601955519751,Fluad_48_PBMC
330031,330031,-0.6908449566649011,Fluad_72_PBMC
330031,330031,-0.9267418968330169,Fluad_168_PBMC
330188,330188,-0.6952728461050197,Fluad_4_PBMC
330188,330188,-1.2025654602367528,Fluad_8_PBMC
330188,330188,-0.9658869820870222,Fluad_24_PBMC
330188,330188,-1.3524172151715197,Fluad_48_PBMC
330188,330188,-1.469487048076918,Fluad_72_PBMC
330188,330188,-1.336838468174077,Fluad_168_PBMC
330260,330260,0.05277683963635058,Fluad_4_PBMC
330260,330260,0.056704655818848745,Fluad_8_PBMC
330260,330260,0.19357298944861587,Fluad_24_PBMC
330260,330260,0.1492315540177381,Fluad_48_PBMC
330260,330260,0.07716997112059355,Fluad_72_PBMC
330260,330260,-0.01920428118294411,Fluad_168_PBMC
330277,330277,0.8801575182417123,Fluad_4_PBMC
330277,330277,0.8782331682027945,Fluad_8_PBMC
330277,330277,1.1023977122668969,Fluad_24_PBMC
330277,330277,1.0603384114012868,Fluad_48_PBMC
330277,330277,1.2408807940092892,Fluad_72_PBMC
330277,330277,0.841195456963161,Fluad_168_PBMC
330319,330319,0.5894573212028057,Fluad_4_PBMC
330319,330319,0.4214188980855611,Fluad_8_PBMC
330319,330319,0.05792684554953931,Fluad_24_PBMC
330319,330319,0.8059071814229477,Fluad_48_PBMC
330319,330319,1.1550635980127877,Fluad_72_PBMC
330319,330319,0.19917670570825907,Fluad_168_PBMC
330578,330578,-0.24770884515759492,Fluad_4_PBMC
330578,330578,-0.13713176270194954,Fluad_8_PBMC
330578,330578,0.1967551496499813,Fluad_24_PBMC
330578,330578,0.06959284218865616,Fluad_48_PBMC
330578,330578,0.14873161877930718,Fluad_72_PBMC
330578,330578,-0.07676502765779845,Fluad_168_PBMC
330677,330677,0.4484188094481466,Fluad_4_PBMC
330677,330677,0.3483359091675215,Fluad_8_PBMC
330677,330677,0.5434049043867224,Fluad_24_PBMC
330677,330677,0.4997193770520154,Fluad_48_PBMC
330677,330677,0.5379995579814186,Fluad_72_PBMC
330677,330677,0.352285009034515,Fluad_168_PBMC
330902,330902,-0.20116749741012321,Fluad_4_PBMC
330902,330902,-0.3279278456728436,Fluad_8_PBMC
330902,330902,-0.15688068566361318,Fluad_24_PBMC
330902,330902,-0.23218819603490143,Fluad_48_PBMC
330902,330902,-0.934825877530585,Fluad_72_PBMC
330902,330902,-0.2269914554609545,Fluad_168_PBMC
330914,330914,1.460822735566754,Fluad_4_PBMC
330914,330914,1.5139832432262283,Fluad_8_PBMC
330914,330914,1.28567886719114,Fluad_24_PBMC
330914,330914,0.8621011518558062,Fluad_48_PBMC
330914,330914,1.5083874492318958,Fluad_72_PBMC
330914,330914,1.4440922016825488,Fluad_168_PBMC
332110,332110,0.7096588157266355,Fluad_4_PBMC
332110,332110,0.7822519978357205,Fluad_8_PBMC
332110,332110,1.1998546691462297,Fluad_24_PBMC
332110,332110,1.3388286814549515,Fluad_48_PBMC
332110,332110,1.388532631583296,Fluad_72_PBMC
332110,332110,1.61445423795322,Fluad_168_PBMC
332221,332221,0.25332252474860384,Fluad_4_PBMC
332221,332221,0.1573121594194095,Fluad_8_PBMC
332221,332221,0.420020518763613,Fluad_24_PBMC
332221,332221,0.44902591292476507,Fluad_48_PBMC
332221,332221,0.6507130836449231,Fluad_72_PBMC
332221,332221,0.3905167279080556,Fluad_168_PBMC
332578,332578,0.46911285823596316,Fluad_4_PBMC
332578,332578,0.4170942624672834,Fluad_8_PBMC
332578,332578,0.7336723980248991,Fluad_24_PBMC
332578,332578,0.7181165298027766,Fluad_48_PBMC
332578,332578,0.8049752801859784,Fluad_72_PBMC
332578,332578,0.611637382797235,Fluad_168_PBMC
333050,333050,0.0081575353711279,Fluad_4_PBMC
333050,333050,-0.12551715258607352,Fluad_8_PBMC
333050,333050,0.45408340390399526,Fluad_24_PBMC
333050,333050,0.26909593084451444,Fluad_48_PBMC
333050,333050,0.5709723080308535,Fluad_72_PBMC
333050,333050,0.6730963243819518,Fluad_168_PBMC
333452,333452,0.261260192601616,Fluad_4_PBMC
333452,333452,-0.08392008507362986,Fluad_8_PBMC
333452,333452,0.3570228627658458,Fluad_24_PBMC
333452,333452,0.44434979279569664,Fluad_48_PBMC
333452,333452,0.5784083371188369,Fluad_72_PBMC
333452,333452,0.45668502700582325,Fluad_168_PBMC
338349,338349,0.13073117651900923,Fluad_4_PBMC
338349,338349,0.12073894183569181,Fluad_8_PBMC
338349,338349,0.2203070386805629,Fluad_24_PBMC
338349,338349,0.1515806645596806,Fluad_48_PBMC
338349,338349,0.08638372879098348,Fluad_72_PBMC
338349,338349,-0.0361288446661958,Fluad_168_PBMC
338370,338370,-0.17220444399968904,Fluad_4_PBMC
338370,338370,0.2779666281503989,Fluad_8_PBMC
338370,338370,0.04846810458054288,Fluad_24_PBMC
338370,338370,0.14538571568907108,Fluad_48_PBMC
338370,338370,-0.040066024599827714,Fluad_72_PBMC
338370,338370,-0.8912731693213292,Fluad_168_PBMC
338374,338374,0.09625053073680342,Fluad_4_PBMC
338374,338374,0.1357071448785046,Fluad_8_PBMC
338374,338374,0.2787414797842451,Fluad_24_PBMC
338374,338374,0.2549691225111912,Fluad_48_PBMC
338374,338374,0.2713339867023572,Fluad_72_PBMC
338374,338374,0.19551031021165205,Fluad_168_PBMC
353236,353236,0.3233674248047154,Fluad_4_PBMC
353236,353236,0.16612713601415913,Fluad_8_PBMC
353236,353236,0.48376438683486617,Fluad_24_PBMC
353236,353236,0.7487867990717082,Fluad_48_PBMC
353236,353236,0.5691660642312257,Fluad_72_PBMC
353236,353236,1.1567572123629768,Fluad_168_PBMC
353310,353310,0.14757834712719764,Fluad_4_PBMC
353310,353310,0.10804888065284497,Fluad_8_PBMC
353310,353310,0.11250232312296186,Fluad_24_PBMC
353310,353310,0.09902961981131034,Fluad_48_PBMC
353310,353310,0.13539676216868107,Fluad_72_PBMC
353310,353310,0.2125142767578904,Fluad_168_PBMC
360013,360013,0.2028297628628645,Fluad_4_PBMC
360013,360013,0.18532134665857014,Fluad_8_PBMC
360013,360013,0.35813242965452513,Fluad_24_PBMC
360013,360013,0.30605311855279893,Fluad_48_PBMC
360013,360013,0.3057036653614834,Fluad_72_PBMC
360013,360013,0.12728811897373316,Fluad_168_PBMC
378435,378435,0.4510561181451999,Fluad_4_PBMC
378435,378435,0.08236823808186111,Fluad_8_PBMC
378435,378435,0.5689806012241179,Fluad_24_PBMC
378435,378435,0.5569758904467016,Fluad_48_PBMC
378435,378435,0.5899925272832955,Fluad_72_PBMC
378435,378435,0.6695235168614364,Fluad_168_PBMC
378460,378460,0.35271678556776703,Fluad_4_PBMC
378460,378460,0.2832064128456938,Fluad_8_PBMC
378460,378460,0.19981410502054228,Fluad_24_PBMC
378460,378460,0.16746387681779948,Fluad_48_PBMC
378460,378460,0.013290697681522443,Fluad_72_PBMC
378460,378460,0.15884800771023505,Fluad_168_PBMC
380705,380705,0.06340938140373638,Fluad_4_PBMC
380705,380705,-0.011446530509905226,Fluad_8_PBMC
380705,380705,0.07500591836849377,Fluad_24_PBMC
380705,380705,0.2637776058095048,Fluad_48_PBMC
380705,380705,0.41304546946133824,Fluad_72_PBMC
380705,380705,0.7433125902271643,Fluad_168_PBMC
380753,380753,0.3452255276574737,Fluad_4_PBMC
380753,380753,0.24251336749716582,Fluad_8_PBMC
380753,380753,0.29075253666969647,Fluad_24_PBMC
380753,380753,0.3270656796395458,Fluad_48_PBMC
380753,380753,0.41244805746920377,Fluad_72_PBMC
380753,380753,0.18040357168167442,Fluad_168_PBMC
380773,380773,-0.13389724192935118,Fluad_4_PBMC
380773,380773,-0.02001983949606459,Fluad_8_PBMC
380773,380773,-0.018505089063577368,Fluad_24_PBMC
380773,380773,-0.12052043804328061,Fluad_48_PBMC
380773,380773,-0.1943047412930871,Fluad_72_PBMC
380773,380773,-0.10018711642524218,Fluad_168_PBMC
380921,380921,0.23147598157966232,Fluad_4_PBMC
380921,380921,-0.02428018463406316,Fluad_8_PBMC
380921,380921,0.16985941013548084,Fluad_24_PBMC
380921,380921,0.1503635190208861,Fluad_48_PBMC
380921,380921,0.3501701292969594,Fluad_72_PBMC
380921,380921,0.5605055404756693,Fluad_168_PBMC
381058,381058,-1.526134156348092,Fluad_4_PBMC
381058,381058,-1.278597835585145,Fluad_8_PBMC
381058,381058,-1.8020387302952316,Fluad_24_PBMC
381058,381058,-1.560597643796978,Fluad_48_PBMC
381058,381058,-0.2116314445373242,Fluad_72_PBMC
381058,381058,-1.552366859336382,Fluad_168_PBMC
381199,381199,0.11000748158854423,Fluad_4_PBMC
381199,381199,0.1097296291285805,Fluad_8_PBMC
381199,381199,0.36913244843458715,Fluad_24_PBMC
381199,381199,0.35907448612639575,Fluad_48_PBMC
381199,381199,0.4628826847250079,Fluad_72_PBMC
381199,381199,0.23675603037541887,Fluad_168_PBMC
381203,381203,0.259253752054594,Fluad_4_PBMC
381203,381203,0.3720035813304289,Fluad_8_PBMC
381203,381203,0.31069961135987273,Fluad_24_PBMC
381203,381203,0.13474408825792225,Fluad_48_PBMC
381203,381203,-0.1461589305405085,Fluad_72_PBMC
381203,381203,-0.0043508645895641625,Fluad_168_PBMC
381272,381272,-0.1666920966792126,Fluad_4_PBMC
381272,381272,0.09742205456310579,Fluad_8_PBMC
381272,381272,0.3431848428869498,Fluad_24_PBMC
381272,381272,0.016981946519791027,Fluad_48_PBMC
381272,381272,-0.11241446567271637,Fluad_72_PBMC
381272,381272,-0.7441556224180841,Fluad_168_PBMC
381319,381319,0.05586331029651977,Fluad_4_PBMC
381319,381319,0.19432445648638288,Fluad_8_PBMC
381319,381319,-0.5270914611413681,Fluad_24_PBMC
381319,381319,-0.09491889579895146,Fluad_48_PBMC
381319,381319,0.10806721475725986,Fluad_72_PBMC
381319,381319,0.13077548447268372,Fluad_168_PBMC
381605,381605,0.0748498862617772,Fluad_4_PBMC
381605,381605,0.12890422862464873,Fluad_8_PBMC
381605,381605,-0.10528769718968224,Fluad_24_PBMC
381605,381605,0.013303827351177105,Fluad_48_PBMC
381605,381605,-0.16661087163393568,Fluad_72_PBMC
381605,381605,-0.07783469916909334,Fluad_168_PBMC
381626,381626,0.22393769721673912,Fluad_4_PBMC
381626,381626,0.13015496137204488,Fluad_8_PBMC
381626,381626,0.16475618890787583,Fluad_24_PBMC
381626,381626,0.18167258805013609,Fluad_48_PBMC
381626,381626,0.3657897911763617,Fluad_72_PBMC
381626,381626,0.13788851709440492,Fluad_168_PBMC
381634,381634,0.5217325754143272,Fluad_4_PBMC
381634,381634,0.4891704821992057,Fluad_8_PBMC
381634,381634,1.0240282019363303,Fluad_24_PBMC
381634,381634,0.8338232264174072,Fluad_48_PBMC
381634,381634,1.0936936688850216,Fluad_72_PBMC
381634,381634,0.6716367883361962,Fluad_168_PBMC
381673,381673,-0.5034761776631365,Fluad_4_PBMC
381673,381673,-0.25680723212503,Fluad_8_PBMC
381673,381673,-0.3976374332990763,Fluad_24_PBMC
381673,381673,-0.20037374974304134,Fluad_48_PBMC
381673,381673,-0.34561531178944105,Fluad_72_PBMC
381673,381673,-1.0141037968248854,Fluad_168_PBMC
381886,381886,0.13829634323753623,Fluad_4_PBMC
381886,381886,0.1347646924147716,Fluad_8_PBMC
381886,381886,0.13651516267859845,Fluad_24_PBMC
381886,381886,-0.3136588917251718,Fluad_48_PBMC
381886,381886,-0.43224359281039837,Fluad_72_PBMC
381886,381886,-0.3678301192225655,Fluad_168_PBMC
382007,382007,0.16424434802416626,Fluad_4_PBMC
382007,382007,0.19946821204765325,Fluad_8_PBMC
382007,382007,0.43854759765476037,Fluad_24_PBMC
382007,382007,0.3142595319615141,Fluad_48_PBMC
382007,382007,0.4501570636532555,Fluad_72_PBMC
382007,382007,0.32328645814112544,Fluad_168_PBMC
382083,382083,0.17805995406402322,Fluad_4_PBMC
382083,382083,0.23391064471584122,Fluad_8_PBMC
382083,382083,0.4864474183275645,Fluad_24_PBMC
382083,382083,0.3753310446137626,Fluad_48_PBMC
382083,382083,0.5275647924380231,Fluad_72_PBMC
382083,382083,0.277549272351016,Fluad_168_PBMC
382097,382097,0.2349837548667482,Fluad_4_PBMC
382097,382097,0.238295234255281,Fluad_8_PBMC
382097,382097,0.38584930835641706,Fluad_24_PBMC
382097,382097,0.24331301918456794,Fluad_48_PBMC
382097,382097,0.33198169237998315,Fluad_72_PBMC
382097,382097,0.3876148489456486,Fluad_168_PBMC
382139,382139,0.28328763859998485,Fluad_4_PBMC
382139,382139,0.296914474516624,Fluad_8_PBMC
382139,382139,0.6027709399421974,Fluad_24_PBMC
382139,382139,0.5769489756957827,Fluad_48_PBMC
382139,382139,0.688056151018505,Fluad_72_PBMC
382139,382139,0.42025333557634537,Fluad_168_PBMC
382236,382236,-1.0679845241416586,Fluad_4_PBMC
382236,382236,-1.1850140944650092,Fluad_8_PBMC
382236,382236,-1.1395172552075965,Fluad_24_PBMC
382236,382236,-0.6048001924618197,Fluad_48_PBMC
382236,382236,-0.6938160730633116,Fluad_72_PBMC
382236,382236,-0.6627487350525586,Fluad_168_PBMC
382639,382639,0.4095491550048378,Fluad_4_PBMC
382639,382639,0.47909481775089824,Fluad_8_PBMC
382639,382639,0.7275223623268197,Fluad_24_PBMC
382639,382639,0.6531736912757168,Fluad_48_PBMC
382639,382639,0.7577774632064618,Fluad_72_PBMC
382639,382639,0.4719477547253036,Fluad_168_PBMC
382793,382793,0.3281347959396427,Fluad_4_PBMC
382793,382793,0.24827612684370132,Fluad_8_PBMC
382793,382793,0.362077298454672,Fluad_24_PBMC
382793,382793,0.7567117413782068,Fluad_48_PBMC
382793,382793,0.783802980850759,Fluad_72_PBMC
382793,382793,1.054879011910511,Fluad_168_PBMC
383032,383032,-0.10828111085647898,Fluad_4_PBMC
383032,383032,-0.09293268637907387,Fluad_8_PBMC
383032,383032,-0.11605140967644034,Fluad_24_PBMC
383032,383032,-0.10451782022181703,Fluad_48_PBMC
383032,383032,-0.11773362497165701,Fluad_72_PBMC
383032,383032,-0.0439272735106373,Fluad_168_PBMC
383766,383766,0.26616268647962277,Fluad_4_PBMC
383766,383766,0.41691045742062627,Fluad_8_PBMC
383766,383766,0.679997155547273,Fluad_24_PBMC
383766,383766,0.6361257468043905,Fluad_48_PBMC
383766,383766,0.6740715486604771,Fluad_72_PBMC
383766,383766,0.27125532499883914,Fluad_168_PBMC
384185,384185,0.40465823619150815,Fluad_4_PBMC
384185,384185,0.4643619168424741,Fluad_8_PBMC
384185,384185,0.9342453067321064,Fluad_24_PBMC
384185,384185,0.7502040794410331,Fluad_48_PBMC
384185,384185,0.914819859576814,Fluad_72_PBMC
384185,384185,0.5461584595314372,Fluad_168_PBMC
384522,384522,-0.9053013764629043,Fluad_4_PBMC
384522,384522,-0.9164121379657383,Fluad_8_PBMC
384522,384522,-1.0187783091291722,Fluad_24_PBMC
384522,384522,-0.6609660714402177,Fluad_48_PBMC
384522,384522,-0.5916962662380773,Fluad_72_PBMC
384522,384522,-0.31963549639669914,Fluad_168_PBMC
384572,384572,0.31757058131943044,Fluad_4_PBMC
384572,384572,0.2697682415671355,Fluad_8_PBMC
384572,384572,0.2967111877140981,Fluad_24_PBMC
384572,384572,0.32680047021256753,Fluad_48_PBMC
384572,384572,0.41174480869019625,Fluad_72_PBMC
384572,384572,0.4653505294353878,Fluad_168_PBMC
384724,384724,0.27313760142871535,Fluad_4_PBMC
384724,384724,0.160537497474444,Fluad_8_PBMC
384724,384724,0.635113080485197,Fluad_24_PBMC
384724,384724,0.5855317898319756,Fluad_48_PBMC
384724,384724,0.6539996102450829,Fluad_72_PBMC
384724,384724,0.41177199646175383,Fluad_168_PBMC
385377,385377,0.4933424261984486,Fluad_4_PBMC
385377,385377,0.46705054711683286,Fluad_8_PBMC
385377,385377,0.6189089691252102,Fluad_24_PBMC
385377,385377,0.610948604069028,Fluad_48_PBMC
385377,385377,0.6452473473914561,Fluad_72_PBMC
385377,385377,0.6066689011409374,Fluad_168_PBMC
387131,387131,0.2552084067587579,Fluad_4_PBMC
387131,387131,0.198382361792656,Fluad_8_PBMC
387131,387131,0.19821943478451493,Fluad_24_PBMC
387131,387131,0.21244782666201628,Fluad_48_PBMC
387131,387131,0.26275992462969366,Fluad_72_PBMC
387131,387131,0.35147513499617444,Fluad_168_PBMC
387198,387198,-0.08030574011915009,Fluad_4_PBMC
387198,387198,-0.0811325490314929,Fluad_8_PBMC
387198,387198,0.10962354548572213,Fluad_24_PBMC
387198,387198,0.05233836793081127,Fluad_48_PBMC
387198,387198,0.16598398001931453,Fluad_72_PBMC
387198,387198,0.06748545911549211,Fluad_168_PBMC
387514,387514,0.012699358422817032,Fluad_4_PBMC
387514,387514,-0.08752546101165165,Fluad_8_PBMC
387514,387514,0.337234821450989,Fluad_24_PBMC
387514,387514,0.27405199311855905,Fluad_48_PBMC
387514,387514,0.4474690839274307,Fluad_72_PBMC
387514,387514,-0.29223562747302373,Fluad_168_PBMC
387565,387565,0.16095343749994898,Fluad_4_PBMC
387565,387565,0.15588636303156853,Fluad_8_PBMC
387565,387565,0.43931541704692667,Fluad_24_PBMC
387565,387565,0.37812646774424175,Fluad_48_PBMC
387565,387565,0.4135385726166477,Fluad_72_PBMC
387565,387565,0.4352059075847351,Fluad_168_PBMC
394252,394252,0.2913452636834008,Fluad_4_PBMC
394252,394252,0.11377839794669534,Fluad_8_PBMC
394252,394252,0.30689117847625474,Fluad_24_PBMC
394252,394252,0.24217792877854522,Fluad_48_PBMC
394252,394252,0.4228387789959107,Fluad_72_PBMC
394252,394252,0.9511835974294851,Fluad_168_PBMC
403395,403395,0.1689798728811607,Fluad_4_PBMC
403395,403395,0.23670347329620614,Fluad_8_PBMC
403395,403395,-0.05775927160479407,Fluad_24_PBMC
403395,403395,0.07270962480382903,Fluad_48_PBMC
403395,403395,-0.5558837922718163,Fluad_72_PBMC
403395,403395,-0.5753954166173768,Fluad_168_PBMC
404284,404284,0.37749999937842293,Fluad_4_PBMC
404284,404284,0.30659451770510876,Fluad_8_PBMC
404284,404284,0.21351936101823474,Fluad_24_PBMC
404284,404284,0.3013258552545484,Fluad_48_PBMC
404284,404284,0.3602528775438584,Fluad_72_PBMC
404284,404284,0.4475319719893708,Fluad_168_PBMC
404309,404309,0.5181058564115224,Fluad_4_PBMC
404309,404309,0.31648421474562216,Fluad_8_PBMC
404309,404309,0.7078718585438444,Fluad_24_PBMC
404309,404309,0.7100317137317382,Fluad_48_PBMC
404309,404309,0.8451635549449202,Fluad_72_PBMC
404309,404309,0.4457804485067991,Fluad_168_PBMC
404311,404311,0.33265923482179127,Fluad_4_PBMC
404311,404311,0.27480106312087427,Fluad_8_PBMC
404311,404311,0.5745633246484045,Fluad_24_PBMC
404311,404311,0.4820590908905425,Fluad_48_PBMC
404311,404311,0.7275439061787652,Fluad_72_PBMC
404311,404311,0.5366791522478225,Fluad_168_PBMC
406219,406219,0.5346394835879533,Fluad_4_PBMC
406219,406219,0.5340815557145886,Fluad_8_PBMC
406219,406219,0.7714290312803787,Fluad_24_PBMC
406219,406219,0.8179700380368129,Fluad_48_PBMC
406219,406219,0.9391119546419378,Fluad_72_PBMC
406219,406219,0.7358812250832949,Fluad_168_PBMC
407812,407812,-1.4644871733548093,Fluad_4_PBMC
407812,407812,-1.50660370482092,Fluad_8_PBMC
407812,407812,-1.3949703234244604,Fluad_24_PBMC
407812,407812,-1.2891679262517153,Fluad_48_PBMC
407812,407812,-1.215126317052785,Fluad_72_PBMC
407812,407812,-0.894178074750493,Fluad_168_PBMC
414067,414067,0.07574312797997372,Fluad_4_PBMC
414067,414067,0.4103948600148031,Fluad_8_PBMC
414067,414067,0.13586276299030192,Fluad_24_PBMC
414067,414067,0.09056423656256361,Fluad_48_PBMC
414067,414067,0.24756111422100385,Fluad_72_PBMC
414067,414067,-0.7673520500621706,Fluad_168_PBMC
414758,414758,1.0064759886461916,Fluad_4_PBMC
414758,414758,1.0630723085838791,Fluad_8_PBMC
414758,414758,1.261037332259964,Fluad_24_PBMC
414758,414758,0.8087004002890013,Fluad_48_PBMC
414758,414758,1.0115400674674915,Fluad_72_PBMC
414758,414758,0.15770063316910107,Fluad_168_PBMC
431706,431706,-0.310492760728872,Fluad_4_PBMC
431706,431706,-0.24002331240393776,Fluad_8_PBMC
431706,431706,-0.21355163319653736,Fluad_24_PBMC
431706,431706,-0.2517935208458302,Fluad_48_PBMC
431706,431706,-0.31119124107377094,Fluad_72_PBMC
431706,431706,-0.24460698034115924,Fluad_168_PBMC
432442,432442,-0.07617219197453878,Fluad_4_PBMC
432442,432442,-0.15682979872916689,Fluad_8_PBMC
432442,432442,-0.0063118983203123424,Fluad_24_PBMC
432442,432442,-0.07314854718210859,Fluad_48_PBMC
432442,432442,-0.16344834343103487,Fluad_72_PBMC
432442,432442,-0.27237393964159085,Fluad_168_PBMC
432450,432450,0.1630013483528185,Fluad_4_PBMC
432450,432450,-0.08871172202573965,Fluad_8_PBMC
432450,432450,0.6243118948425587,Fluad_24_PBMC
432450,432450,0.41122095095335187,Fluad_48_PBMC
432450,432450,0.7098930803062665,Fluad_72_PBMC
432450,432450,0.22784324933775188,Fluad_168_PBMC
432552,432552,-0.358985049132182,Fluad_4_PBMC
432552,432552,-0.16033094865872413,Fluad_8_PBMC
432552,432552,-0.40720874800934503,Fluad_24_PBMC
432552,432552,-0.5918777437490252,Fluad_48_PBMC
432552,432552,-0.601490317970368,Fluad_72_PBMC
432552,432552,0.17214284037269625,Fluad_168_PBMC
432725,432725,0.0707773134298662,Fluad_4_PBMC
432725,432725,0.08708744073029039,Fluad_8_PBMC
432725,432725,0.06702480019457224,Fluad_24_PBMC
432725,432725,0.05994000082436968,Fluad_48_PBMC
432725,432725,0.05964507444988406,Fluad_72_PBMC
432725,432725,0.10319010304123809,Fluad_168_PBMC
433016,433016,0.001426720372700696,Fluad_4_PBMC
433016,433016,-0.019909754602499746,Fluad_8_PBMC
433016,433016,-0.07020258567513225,Fluad_24_PBMC
433016,433016,-0.0744053388904068,Fluad_48_PBMC
433016,433016,-0.3630011871152085,Fluad_72_PBMC
433016,433016,-0.21524861965741968,Fluad_168_PBMC
433804,433804,-1.108894037486173,Fluad_4_PBMC
433804,433804,-0.8216259149335721,Fluad_8_PBMC
433804,433804,-1.0133702900717498,Fluad_24_PBMC
433804,433804,-0.6981592467859117,Fluad_48_PBMC
433804,433804,-0.7892894761515443,Fluad_72_PBMC
433804,433804,-0.07636074087184469,Fluad_168_PBMC
434674,434674,0.43115418678399897,Fluad_4_PBMC
434674,434674,0.4589637921473803,Fluad_8_PBMC
434674,434674,0.7479845550083972,Fluad_24_PBMC
434674,434674,0.7098422985712376,Fluad_48_PBMC
434674,434674,0.6978025644713212,Fluad_72_PBMC
434674,434674,0.5165729951822298,Fluad_168_PBMC
434729,434729,0.17102169625487015,Fluad_4_PBMC
434729,434729,0.2164807528973921,Fluad_8_PBMC
434729,434729,0.5167254189793699,Fluad_24_PBMC
434729,434729,0.4787471249248454,Fluad_48_PBMC
434729,434729,0.6126966406326871,Fluad_72_PBMC
434729,434729,0.2030397979002819,Fluad_168_PBMC
442821,442821,0.1782464537912627,Fluad_4_PBMC
442821,442821,0.15203471895695164,Fluad_8_PBMC
442821,442821,0.1662896939895817,Fluad_24_PBMC
442821,442821,0.1769993782479372,Fluad_48_PBMC
442821,442821,0.21285358884062902,Fluad_72_PBMC
442821,442821,0.09167492220239426,Fluad_168_PBMC
442827,442827,0.19933577953008513,Fluad_4_PBMC
442827,442827,0.08136265870410314,Fluad_8_PBMC
442827,442827,0.010598014184235713,Fluad_24_PBMC
442827,442827,0.07815236914181418,Fluad_48_PBMC
442827,442827,-0.006898171295923773,Fluad_72_PBMC
442827,442827,0.21466233764724424,Fluad_168_PBMC
442829,442829,0.25194724779892336,Fluad_4_PBMC
442829,442829,0.19738328460179988,Fluad_8_PBMC
442829,442829,0.23513914803346508,Fluad_24_PBMC
442829,442829,0.21149256381409756,Fluad_48_PBMC
442829,442829,0.27470065588239406,Fluad_72_PBMC
442829,442829,0.1381226275961484,Fluad_168_PBMC
494448,494448,-0.0608647231168406,Fluad_4_PBMC
494448,494448,0.04077594606754213,Fluad_8_PBMC
494448,494448,0.30526477483338843,Fluad_24_PBMC
494448,494448,0.21550726400232773,Fluad_48_PBMC
494448,494448,0.4393324770859051,Fluad_72_PBMC
494448,494448,0.16092715854682926,Fluad_168_PBMC
494519,494519,0.31825148654940344,Fluad_4_PBMC
494519,494519,0.31101796914414076,Fluad_8_PBMC
494519,494519,0.4656458779112834,Fluad_24_PBMC
494519,494519,0.46579761710145196,Fluad_48_PBMC
494519,494519,0.5124226692428808,Fluad_72_PBMC
494519,494519,0.29590847994741976,Fluad_168_PBMC
497114,497114,0.6053381982766429,Fluad_4_PBMC
497114,497114,0.5441560386816586,Fluad_8_PBMC
497114,497114,0.5305475532328123,Fluad_24_PBMC
497114,497114,0.5844876636495409,Fluad_48_PBMC
497114,497114,0.7301917775384068,Fluad_72_PBMC
497114,497114,0.7705793548943446,Fluad_168_PBMC
503692,503692,0.47068272995706173,Fluad_4_PBMC
503692,503692,0.4519133443016294,Fluad_8_PBMC
503692,503692,0.5974978733812437,Fluad_24_PBMC
503692,503692,0.5863011671781219,Fluad_48_PBMC
503692,503692,0.5270583530098207,Fluad_72_PBMC
503692,503692,0.5876420362110315,Fluad_168_PBMC
541610,541610,0.38974736322243475,Fluad_4_PBMC
541610,541610,0.33219850919696847,Fluad_8_PBMC
541610,541610,0.36593615489589815,Fluad_24_PBMC
541610,541610,0.30907557829477056,Fluad_48_PBMC
541610,541610,0.4211950888881328,Fluad_72_PBMC
541610,541610,0.6183056584578029,Fluad_168_PBMC
544710,544710,-0.01693553816546389,Fluad_4_PBMC
544710,544710,-0.05126887878187987,Fluad_8_PBMC
544710,544710,0.08835718602556374,Fluad_24_PBMC
544710,544710,0.0750027007344931,Fluad_48_PBMC
544710,544710,0.09864718608567082,Fluad_72_PBMC
544710,544710,-0.06796854012795911,Fluad_168_PBMC
544817,544817,0.07944603892441246,Fluad_4_PBMC
544817,544817,-0.027870705232103332,Fluad_8_PBMC
544817,544817,0.18203015968070593,Fluad_24_PBMC
544817,544817,0.43121176744557166,Fluad_48_PBMC
544817,544817,0.48658318131384154,Fluad_72_PBMC
544817,544817,0.37633792156125967,Fluad_168_PBMC
544998,544998,-1.2299294683765685,Fluad_4_PBMC
544998,544998,-0.32926837798753494,Fluad_8_PBMC
544998,544998,-0.9158738279144674,Fluad_24_PBMC
544998,544998,-1.0178354088521422,Fluad_48_PBMC
544998,544998,-0.9338240994516951,Fluad_72_PBMC
544998,544998,-1.3590773940771053,Fluad_168_PBMC
545007,545007,-1.2299294683765685,Fluad_4_PBMC
545007,545007,-0.32926837798753494,Fluad_8_PBMC
545007,545007,-0.9158738279144674,Fluad_24_PBMC
545007,545007,-1.0178354088521422,Fluad_48_PBMC
545007,545007,-0.9338240994516951,Fluad_72_PBMC
545007,545007,-1.3590773940771053,Fluad_168_PBMC
545055,545055,0.381442824773246,Fluad_4_PBMC
545055,545055,0.39335756447005155,Fluad_8_PBMC
545055,545055,0.5797311200539296,Fluad_24_PBMC
545055,545055,0.6715043581625336,Fluad_48_PBMC
545055,545055,0.7675043757223919,Fluad_72_PBMC
545055,545055,0.5022621179351593,Fluad_168_PBMC
545123,545123,0.2822211662271191,Fluad_4_PBMC
545123,545123,0.1664807343140835,Fluad_8_PBMC
545123,545123,0.2237462290611409,Fluad_24_PBMC
545123,545123,0.20024514572094204,Fluad_48_PBMC
545123,545123,0.2822946649336245,Fluad_72_PBMC
545123,545123,0.09593911427739463,Fluad_168_PBMC
545486,545486,0.4148712278038226,Fluad_4_PBMC
545486,545486,0.37638646314615737,Fluad_8_PBMC
545486,545486,0.3330571791771495,Fluad_24_PBMC
545486,545486,0.3826375347225811,Fluad_48_PBMC
545486,545486,0.35098471473404524,Fluad_72_PBMC
545486,545486,0.24097819251920236,Fluad_168_PBMC
545490,545490,-0.07861863154272514,Fluad_4_PBMC
545490,545490,-0.008917270541054956,Fluad_8_PBMC
545490,545490,0.06175116235775481,Fluad_24_PBMC
545490,545490,-0.00914530245634175,Fluad_48_PBMC
545490,545490,-0.05701043448906192,Fluad_72_PBMC
545490,545490,-0.0677978435899545,Fluad_168_PBMC
545902,545902,0.4772707613173356,Fluad_4_PBMC
545902,545902,0.6623818714019734,Fluad_8_PBMC
545902,545902,1.0675211145142969,Fluad_24_PBMC
545902,545902,0.9961977998772655,Fluad_48_PBMC
545902,545902,1.1733538909780488,Fluad_72_PBMC
545902,545902,0.7975675931510606,Fluad_168_PBMC
545934,545934,0.3866723394961509,Fluad_4_PBMC
545934,545934,0.377841703281284,Fluad_8_PBMC
545934,545934,0.5127208014389955,Fluad_24_PBMC
545934,545934,0.47919715615866837,Fluad_48_PBMC
545934,545934,0.5395575319153231,Fluad_72_PBMC
545934,545934,0.30920042539150616,Fluad_168_PBMC
545985,545985,0.588743368493673,Fluad_4_PBMC
545985,545985,0.9028884109271784,Fluad_8_PBMC
545985,545985,1.2196247580966348,Fluad_24_PBMC
545985,545985,1.3824097732782752,Fluad_48_PBMC
545985,545985,1.4570158718814394,Fluad_72_PBMC
545985,545985,1.403043313926815,Fluad_168_PBMC
546024,546024,0.39777753417373507,Fluad_4_PBMC
546024,546024,0.42332865027562794,Fluad_8_PBMC
546024,546024,0.5912250843048814,Fluad_24_PBMC
546024,546024,0.6336152285312806,Fluad_48_PBMC
546024,546024,0.7015597724003795,Fluad_72_PBMC
546024,546024,0.4589434154459051,Fluad_168_PBMC
546038,546038,1.6742108798454232,Fluad_4_PBMC
546038,546038,1.7469113308541953,Fluad_8_PBMC
546038,546038,1.8592067585729306,Fluad_24_PBMC
546038,546038,1.6960388701192317,Fluad_48_PBMC
546038,546038,1.6982125838434103,Fluad_72_PBMC
546038,546038,1.088694833801955,Fluad_168_PBMC
546049,546049,-0.18681264228997552,Fluad_4_PBMC
546049,546049,-0.21524738044716885,Fluad_8_PBMC
546049,546049,-0.034216680106097463,Fluad_24_PBMC
546049,546049,0.02047221865889865,Fluad_48_PBMC
546049,546049,0.10772337979452135,Fluad_72_PBMC
546049,546049,-0.06534929172272952,Fluad_168_PBMC
546282,546282,0.061779952870767436,Fluad_4_PBMC
546282,546282,0.07594345460715263,Fluad_8_PBMC
546282,546282,0.21656418060493657,Fluad_24_PBMC
546282,546282,0.18785441902427424,Fluad_48_PBMC
546282,546282,0.2569275601580903,Fluad_72_PBMC
546282,546282,0.06757551018850941,Fluad_168_PBMC
546335,546335,0.24032741173839856,Fluad_4_PBMC
546335,546335,0.21846064687414157,Fluad_8_PBMC
546335,546335,0.4707838524767418,Fluad_24_PBMC
546335,546335,0.405648362302886,Fluad_48_PBMC
546335,546335,0.4515042592227175,Fluad_72_PBMC
546335,546335,0.14741079054352577,Fluad_168_PBMC
546644,546644,-0.11929820056728993,Fluad_4_PBMC
546644,546644,-0.110319526018922,Fluad_8_PBMC
546644,546644,-0.1848081515907589,Fluad_24_PBMC
546644,546644,-0.4959187239479277,Fluad_48_PBMC
546644,546644,-0.7845206004451746,Fluad_72_PBMC
546644,546644,-0.07980606387013467,Fluad_168_PBMC
546648,546648,0.25117076671671723,Fluad_4_PBMC
546648,546648,0.13072809209220831,Fluad_8_PBMC
546648,546648,0.4928030734425736,Fluad_24_PBMC
546648,546648,0.41642782183973504,Fluad_48_PBMC
546648,546648,0.4753160800452594,Fluad_72_PBMC
546648,546648,0.2843559579598978,Fluad_168_PBMC
547168,547168,0.31450448766190303,Fluad_4_PBMC
547168,547168,0.2647132364471144,Fluad_8_PBMC
547168,547168,0.37108299068797845,Fluad_24_PBMC
547168,547168,0.34672048669923555,Fluad_48_PBMC
547168,547168,0.3762466714990832,Fluad_72_PBMC
547168,547168,0.29502210760794867,Fluad_168_PBMC
547210,547210,-0.45198331169999595,Fluad_4_PBMC
547210,547210,-0.580219825138192,Fluad_8_PBMC
547210,547210,-0.5664596933070337,Fluad_24_PBMC
547210,547210,-0.9388738688178018,Fluad_48_PBMC
547210,547210,-0.6601112876569627,Fluad_72_PBMC
547210,547210,-0.18883753115493773,Fluad_168_PBMC
553127,553127,0.2582640166534563,Fluad_4_PBMC
553127,553127,0.19320066907916356,Fluad_8_PBMC
553127,553127,0.5795259035260804,Fluad_24_PBMC
553127,553127,0.4109989237089261,Fluad_48_PBMC
553127,553127,0.4264993437429454,Fluad_72_PBMC
553127,553127,0.26265720701060125,Fluad_168_PBMC
554327,554327,-1.2299294683765685,Fluad_4_PBMC
554327,554327,-0.32926837798753494,Fluad_8_PBMC
554327,554327,-0.9158738279144674,Fluad_24_PBMC
554327,554327,-1.0178354088521422,Fluad_48_PBMC
554327,554327,-0.9338240994516951,Fluad_72_PBMC
554327,554327,-1.3590773940771053,Fluad_168_PBMC
619306,619306,0.3463924596200279,Fluad_4_PBMC
619306,619306,0.2756762262653223,Fluad_8_PBMC
619306,619306,0.26978420741533704,Fluad_24_PBMC
619306,619306,0.2903471817496595,Fluad_48_PBMC
619306,619306,0.3737200329061211,Fluad_72_PBMC
619306,619306,0.40073817287373165,Fluad_168_PBMC
619318,619318,0.3632590522198434,Fluad_4_PBMC
619318,619318,0.339364433695156,Fluad_8_PBMC
619318,619318,0.4791219091212078,Fluad_24_PBMC
619318,619318,0.47477108204036167,Fluad_48_PBMC
619318,619318,0.4349003701513881,Fluad_72_PBMC
619318,619318,0.3957522300438683,Fluad_168_PBMC
619332,619332,0.5311400856931543,Fluad_4_PBMC
619332,619332,1.0583407169385146,Fluad_8_PBMC
619332,619332,0.6171238262884413,Fluad_24_PBMC
619332,619332,0.3011076778028944,Fluad_48_PBMC
619332,619332,0.3028630829112535,Fluad_72_PBMC
619332,619332,-0.06070890504531376,Fluad_168_PBMC
619441,619441,-0.043313562829880053,Fluad_4_PBMC
619441,619441,-0.14618813003051032,Fluad_8_PBMC
619441,619441,-0.2510879012872713,Fluad_24_PBMC
619441,619441,-0.0688899992452591,Fluad_48_PBMC
619441,619441,0.10906985723478634,Fluad_72_PBMC
619441,619441,0.6805837371392665,Fluad_168_PBMC
619842,619842,0.5199828552046972,Fluad_4_PBMC
619842,619842,0.3969940300023702,Fluad_8_PBMC
619842,619842,0.7830173477188398,Fluad_24_PBMC
619842,619842,0.7630142601403537,Fluad_48_PBMC
619842,619842,0.8749527195674613,Fluad_72_PBMC
619842,619842,0.5059815341291216,Fluad_168_PBMC
620078,620078,-0.11347941206846832,Fluad_4_PBMC
620078,620078,-0.07351382084471762,Fluad_8_PBMC
620078,620078,-0.033837316901466664,Fluad_24_PBMC
620078,620078,-0.0032762461004944635,Fluad_48_PBMC
620078,620078,-0.11609297375986104,Fluad_72_PBMC
620078,620078,-0.03314976080701148,Fluad_168_PBMC
620709,620709,0.09606353259389805,Fluad_4_PBMC
620709,620709,0.171584698673832,Fluad_8_PBMC
620709,620709,0.34882005190858556,Fluad_24_PBMC
620709,620709,0.2591524192738305,Fluad_48_PBMC
620709,620709,0.29871298697014204,Fluad_72_PBMC
620709,620709,0.03527200673056871,Fluad_168_PBMC
621156,621156,0.22251104132205884,Fluad_4_PBMC
621156,621156,0.2701493155696962,Fluad_8_PBMC
621156,621156,0.44132459968241655,Fluad_24_PBMC
621156,621156,0.4583978566330493,Fluad_48_PBMC
621156,621156,0.5002922090351136,Fluad_72_PBMC
621156,621156,0.33076510846001084,Fluad_168_PBMC
622459,622459,0.195159908481142,Fluad_4_PBMC
622459,622459,0.18190452874603422,Fluad_8_PBMC
622459,622459,0.32294926052926465,Fluad_24_PBMC
622459,622459,0.30569363685768025,Fluad_48_PBMC
622459,622459,0.32249508155125894,Fluad_72_PBMC
622459,622459,0.2042722239155825,Fluad_168_PBMC
623286,623286,-0.14528616618215662,Fluad_4_PBMC
623286,623286,-0.11015863570183693,Fluad_8_PBMC
623286,623286,-0.10141758787287808,Fluad_24_PBMC
623286,623286,-0.13546338066619565,Fluad_48_PBMC
623286,623286,-0.1705868869938865,Fluad_72_PBMC
623286,623286,-0.13814294258242663,Fluad_168_PBMC
623924,623924,-0.7322739605268861,Fluad_4_PBMC
623924,623924,-0.6613572365080316,Fluad_8_PBMC
623924,623924,-0.6587410627851831,Fluad_24_PBMC
623924,623924,-0.38673875094082455,Fluad_48_PBMC
623924,623924,-0.4091041686007639,Fluad_72_PBMC
623924,623924,-0.2828206007565526,Fluad_168_PBMC
624153,624153,0.1365825171165501,Fluad_4_PBMC
624153,624153,0.14626358317356303,Fluad_8_PBMC
624153,624153,0.6908936269298247,Fluad_24_PBMC
624153,624153,0.5634408190071769,Fluad_48_PBMC
624153,624153,0.6833000777623328,Fluad_72_PBMC
624153,624153,0.28346437216477177,Fluad_168_PBMC
624439,624439,0.45378175003216653,Fluad_4_PBMC
624439,624439,0.45020038476844815,Fluad_8_PBMC
624439,624439,0.6867805768872428,Fluad_24_PBMC
624439,624439,0.6581560096304637,Fluad_48_PBMC
624439,624439,0.7695252422890031,Fluad_72_PBMC
624439,624439,0.5923109916603195,Fluad_168_PBMC
624584,624584,0.45378175003216653,Fluad_4_PBMC
624584,624584,0.45020038476844815,Fluad_8_PBMC
624584,624584,0.6867805768872428,Fluad_24_PBMC
624584,624584,0.6581560096304637,Fluad_48_PBMC
624584,624584,0.7695252422890031,Fluad_72_PBMC
624584,624584,0.5923109916603195,Fluad_168_PBMC
624584,624584,0.45378175003216653,Fluad_4_PBMC
624584,624584,0.45020038476844815,Fluad_8_PBMC
624584,624584,0.6867805768872428,Fluad_24_PBMC
624584,624584,0.6581560096304637,Fluad_48_PBMC
624584,624584,0.7695252422890031,Fluad_72_PBMC
624584,624584,0.5923109916603195,Fluad_168_PBMC
624584,624584,0.45378175003216653,Fluad_4_PBMC
624584,624584,0.45020038476844815,Fluad_8_PBMC
624584,624584,0.6867805768872428,Fluad_24_PBMC
624584,624584,0.6581560096304637,Fluad_48_PBMC
624584,624584,0.7695252422890031,Fluad_72_PBMC
624584,624584,0.5923109916603195,Fluad_168_PBMC
624584,624584,0.45378175003216653,Fluad_4_PBMC
624584,624584,0.45020038476844815,Fluad_8_PBMC
624584,624584,0.6867805768872428,Fluad_24_PBMC
624584,624584,0.6581560096304637,Fluad_48_PBMC
624584,624584,0.7695252422890031,Fluad_72_PBMC
624584,624584,0.5923109916603195,Fluad_168_PBMC
624910,624910,0.32380798435392,Fluad_4_PBMC
624910,624910,0.382388030903344,Fluad_8_PBMC
624910,624910,0.6164480380145944,Fluad_24_PBMC
624910,624910,0.48175060790891083,Fluad_48_PBMC
624910,624910,0.6300350534278996,Fluad_72_PBMC
624910,624910,0.46977318714093186,Fluad_168_PBMC
625360,625360,-0.23918816471176663,Fluad_4_PBMC
625360,625360,-0.21726953405907057,Fluad_8_PBMC
625360,625360,-0.21478662635467177,Fluad_24_PBMC
625360,625360,-0.24820895524488984,Fluad_48_PBMC
625360,625360,-0.2650640597220756,Fluad_72_PBMC
625360,625360,-0.2281667990447308,Fluad_168_PBMC
626682,626682,0.8671591203833873,Fluad_4_PBMC
626682,626682,0.6897265921858845,Fluad_8_PBMC
626682,626682,1.098745087271258,Fluad_24_PBMC
626682,626682,0.9770304451295776,Fluad_48_PBMC
626682,626682,1.2272253959255783,Fluad_72_PBMC
626682,626682,1.2116062981820384,Fluad_168_PBMC
626740,626740,0.45378175003216653,Fluad_4_PBMC
626740,626740,0.45020038476844815,Fluad_8_PBMC
626740,626740,0.6867805768872428,Fluad_24_PBMC
626740,626740,0.6581560096304637,Fluad_48_PBMC
626740,626740,0.7695252422890031,Fluad_72_PBMC
626740,626740,0.5923109916603195,Fluad_168_PBMC
627367,627367,-0.9480730667324431,Fluad_4_PBMC
627367,627367,-0.9446754474276222,Fluad_8_PBMC
627367,627367,-1.3763472688073035,Fluad_24_PBMC
627367,627367,-1.4610840777626022,Fluad_48_PBMC
627367,627367,-1.21865315052761,Fluad_72_PBMC
627367,627367,-0.928688127724914,Fluad_168_PBMC
627872,627872,-0.6753865778743195,Fluad_4_PBMC
627872,627872,-0.40996381091664136,Fluad_8_PBMC
627872,627872,-0.3221636281593221,Fluad_24_PBMC
627872,627872,-0.7607069800399127,Fluad_48_PBMC
627872,627872,-0.5743256559175844,Fluad_72_PBMC
627872,627872,-1.7722510816024228,Fluad_168_PBMC
628236,628236,-0.30708443156900034,Fluad_4_PBMC
628236,628236,-0.21368627676501883,Fluad_8_PBMC
628236,628236,0.2487284171553712,Fluad_24_PBMC
628236,628236,0.22025329486325976,Fluad_48_PBMC
628236,628236,0.3721842402994473,Fluad_72_PBMC
628236,628236,0.27383806964444546,Fluad_168_PBMC
628709,628709,-1.3887731627766873,Fluad_4_PBMC
628709,628709,-1.3140320281259883,Fluad_8_PBMC
628709,628709,-1.3576277583820697,Fluad_24_PBMC
628709,628709,-1.2538923290701685,Fluad_48_PBMC
628709,628709,-1.34532990812514,Fluad_72_PBMC
628709,628709,-0.8490118279481143,Fluad_168_PBMC
628779,628779,-0.3503806066850791,Fluad_4_PBMC
628779,628779,-0.026479763258591655,Fluad_8_PBMC
628779,628779,-0.191884093392274,Fluad_24_PBMC
628779,628779,0.022801802591700608,Fluad_48_PBMC
628779,628779,-1.4668809869927777,Fluad_72_PBMC
628779,628779,-0.3407456374787764,Fluad_168_PBMC
629159,629159,0.37448553897669956,Fluad_4_PBMC
629159,629159,0.5014935121239408,Fluad_8_PBMC
629159,629159,0.6516758858758532,Fluad_24_PBMC
629159,629159,0.5927771992163968,Fluad_48_PBMC
629159,629159,0.5913220725693276,Fluad_72_PBMC
629159,629159,0.2884589271828052,Fluad_168_PBMC
631323,631323,0.29432430443842045,Fluad_4_PBMC
631323,631323,0.2485780037424392,Fluad_8_PBMC
631323,631323,0.17731484916300555,Fluad_24_PBMC
631323,631323,0.21184952909618482,Fluad_48_PBMC
631323,631323,0.1862410407217761,Fluad_72_PBMC
631323,631323,0.14450437047993014,Fluad_168_PBMC
633640,633640,0.2012610941612954,Fluad_4_PBMC
633640,633640,0.17809324949074476,Fluad_8_PBMC
633640,633640,0.31468853119282736,Fluad_24_PBMC
633640,633640,0.35057772658392683,Fluad_48_PBMC
633640,633640,0.44472041669180756,Fluad_72_PBMC
633640,633640,0.3805644671709585,Fluad_168_PBMC
636791,636791,0.4899525724586984,Fluad_4_PBMC
636791,636791,0.3158029886177132,Fluad_8_PBMC
636791,636791,0.4580395660834775,Fluad_24_PBMC
636791,636791,0.8557178183149561,Fluad_48_PBMC
636791,636791,0.9026423531644578,Fluad_72_PBMC
636791,636791,0.900622605543923,Fluad_168_PBMC
637004,637004,-0.803809669958728,Fluad_4_PBMC
637004,637004,-0.7455462668768971,Fluad_8_PBMC
637004,637004,-1.351421992244521,Fluad_24_PBMC
637004,637004,-0.8022944345517264,Fluad_48_PBMC
637004,637004,-0.6651495779013681,Fluad_72_PBMC
637004,637004,-0.6931730621520572,Fluad_168_PBMC
637277,637277,0.4060462362069247,Fluad_4_PBMC
637277,637277,0.30962000324508476,Fluad_8_PBMC
637277,637277,0.3252871304762911,Fluad_24_PBMC
637277,637277,0.6313739559129281,Fluad_48_PBMC
637277,637277,1.0527963534069293,Fluad_72_PBMC
637277,637277,0.620186131586808,Fluad_168_PBMC
640524,640524,0.5776927918676014,Fluad_4_PBMC
640524,640524,0.5781733195924689,Fluad_8_PBMC
640524,640524,0.7615177098004707,Fluad_24_PBMC
640524,640524,0.787669654628995,Fluad_48_PBMC
640524,640524,0.8691515273750319,Fluad_72_PBMC
640524,640524,0.718367678647152,Fluad_168_PBMC
665290,665290,0.6688841035644725,Fluad_4_PBMC
665290,665290,0.6292800784275243,Fluad_8_PBMC
665290,665290,1.0243044892820579,Fluad_24_PBMC
665290,665290,0.9408078119048171,Fluad_48_PBMC
665290,665290,1.0520365662413873,Fluad_72_PBMC
665290,665290,0.7377750911016361,Fluad_168_PBMC
665943,665943,0.6688841035644725,Fluad_4_PBMC
665943,665943,0.6292800784275243,Fluad_8_PBMC
665943,665943,1.0243044892820579,Fluad_24_PBMC
665943,665943,0.9408078119048171,Fluad_48_PBMC
665943,665943,1.0520365662413873,Fluad_72_PBMC
665943,665943,0.7377750911016361,Fluad_168_PBMC
666233,666233,-0.044256463020872286,Fluad_4_PBMC
666233,666233,0.2925092042661731,Fluad_8_PBMC
666233,666233,1.2618495349536774,Fluad_24_PBMC
666233,666233,0.08985363984160634,Fluad_48_PBMC
666233,666233,-0.08498814941097536,Fluad_72_PBMC
666233,666233,-0.038766481438062966,Fluad_168_PBMC
666317,666317,0.3637653360261556,Fluad_4_PBMC
666317,666317,0.3269715077448948,Fluad_8_PBMC
666317,666317,0.29704674006166243,Fluad_24_PBMC
666317,666317,0.26511519211279266,Fluad_48_PBMC
666317,666317,0.298281304946563,Fluad_72_PBMC
666317,666317,0.1261468968116128,Fluad_168_PBMC
667055,667055,-1.526134156348092,Fluad_4_PBMC
667055,667055,-1.278597835585145,Fluad_8_PBMC
667055,667055,-1.8020387302952316,Fluad_24_PBMC
667055,667055,-1.560597643796978,Fluad_48_PBMC
667055,667055,-0.2116314445373242,Fluad_72_PBMC
667055,667055,-1.552366859336382,Fluad_168_PBMC
667214,667214,0.44677974134023296,Fluad_4_PBMC
667214,667214,0.4656602004146771,Fluad_8_PBMC
667214,667214,0.7241367632885816,Fluad_24_PBMC
667214,667214,0.6833304520188372,Fluad_48_PBMC
667214,667214,0.7766052390698125,Fluad_72_PBMC
667214,667214,0.6427366114929485,Fluad_168_PBMC
668303,668303,0.9282797813607935,Fluad_4_PBMC
668303,668303,0.8751284198840132,Fluad_8_PBMC
668303,668303,1.3272302595235268,Fluad_24_PBMC
668303,668303,1.2435393457806807,Fluad_48_PBMC
668303,668303,1.3838813033695598,Fluad_72_PBMC
668303,668303,1.0056139281920171,Fluad_168_PBMC
668419,668419,0.45378175003216653,Fluad_4_PBMC
668419,668419,0.45020038476844815,Fluad_8_PBMC
668419,668419,0.6867805768872428,Fluad_24_PBMC
668419,668419,0.6581560096304637,Fluad_48_PBMC
668419,668419,0.7695252422890031,Fluad_72_PBMC
668419,668419,0.5923109916603195,Fluad_168_PBMC
668526,668526,0.45378175003216653,Fluad_4_PBMC
668526,668526,0.45020038476844815,Fluad_8_PBMC
668526,668526,0.6867805768872428,Fluad_24_PBMC
668526,668526,0.6581560096304637,Fluad_48_PBMC
668526,668526,0.7695252422890031,Fluad_72_PBMC
668526,668526,0.5923109916603195,Fluad_168_PBMC
668932,668932,0.15978482349941625,Fluad_4_PBMC
668932,668932,0.18463180200334872,Fluad_8_PBMC
668932,668932,0.34466871193191595,Fluad_24_PBMC
668932,668932,0.2556232004194793,Fluad_48_PBMC
668932,668932,0.2676692952987435,Fluad_72_PBMC
668932,668932,0.13202243679544515,Fluad_168_PBMC
670496,670496,0.8462846952409002,Fluad_4_PBMC
670496,670496,0.8173678158824017,Fluad_8_PBMC
670496,670496,0.9521881793052372,Fluad_24_PBMC
670496,670496,0.9396224955932014,Fluad_48_PBMC
670496,670496,1.0383994791944362,Fluad_72_PBMC
670496,670496,1.040867255829982,Fluad_168_PBMC
670833,670833,0.27291352559022336,Fluad_4_PBMC
670833,670833,0.32900239851040414,Fluad_8_PBMC
670833,670833,0.663646992710365,Fluad_24_PBMC
670833,670833,0.5573866328354957,Fluad_48_PBMC
670833,670833,0.5774346602783771,Fluad_72_PBMC
670833,670833,0.38806532070272726,Fluad_168_PBMC
671564,671564,0.40651170657803454,Fluad_4_PBMC
671564,671564,0.2870136191477884,Fluad_8_PBMC
671564,671564,0.7250293050823986,Fluad_24_PBMC
671564,671564,0.6900927838772979,Fluad_48_PBMC
671564,671564,0.833857751753344,Fluad_72_PBMC
671564,671564,0.3247749971963149,Fluad_168_PBMC
672284,672284,0.649848795029019,Fluad_4_PBMC
672284,672284,0.6000803783028694,Fluad_8_PBMC
672284,672284,1.2856588090724022,Fluad_24_PBMC
672284,672284,0.9904604076259864,Fluad_48_PBMC
672284,672284,1.1637925211883977,Fluad_72_PBMC
672284,672284,1.0399589498392676,Fluad_168_PBMC
692132,692132,1.1724046112188338,Fluad_4_PBMC
692132,692132,1.2576992788520365,Fluad_8_PBMC
692132,692132,0.6357557780173849,Fluad_24_PBMC
692132,692132,0.2553745230129689,Fluad_48_PBMC
692132,692132,0.5189878248867182,Fluad_72_PBMC
692132,692132,0.3238376705471662,Fluad_168_PBMC
791303,791303,-0.09954262511708045,Fluad_4_PBMC
791303,791303,0.3228834015144839,Fluad_8_PBMC
791303,791303,0.769960067853859,Fluad_24_PBMC
791303,791303,0.5799036580877943,Fluad_48_PBMC
791303,791303,0.6234026579224077,Fluad_72_PBMC
791303,791303,0.7836832535645176,Fluad_168_PBMC
791336,791336,-0.4914244987573982,Fluad_4_PBMC
791336,791336,-0.5161221103889587,Fluad_8_PBMC
791336,791336,-0.44763147073416165,Fluad_24_PBMC
791336,791336,-0.41156645177929796,Fluad_48_PBMC
791336,791336,-0.41122274496275335,Fluad_72_PBMC
791336,791336,-0.4783032587282917,Fluad_168_PBMC
791381,791381,0.5936120350888063,Fluad_4_PBMC
791381,791381,0.4897600564404526,Fluad_8_PBMC
791381,791381,1.1935393849650675,Fluad_24_PBMC
791381,791381,1.0735226423040558,Fluad_48_PBMC
791381,791381,1.1915771294123987,Fluad_72_PBMC
791381,791381,0.7861160184120417,Fluad_168_PBMC
100034251,100034251,-0.06529207108434074,Fluad_4_PBMC
100034251,100034251,0.11017863443381312,Fluad_8_PBMC
100034251,100034251,0.22701378531474015,Fluad_24_PBMC
100034251,100034251,0.08308668746870834,Fluad_48_PBMC
100034251,100034251,-0.20066011430728556,Fluad_72_PBMC
100034251,100034251,-0.13232638608773484,Fluad_168_PBMC
100034684,100034684,0.07104931120867598,Fluad_4_PBMC
100034684,100034684,0.04910749652640696,Fluad_8_PBMC
100034684,100034684,0.020997806633752544,Fluad_24_PBMC
100034684,100034684,0.023603786932009596,Fluad_48_PBMC
100034684,100034684,-0.3092175008663457,Fluad_72_PBMC
100034684,100034684,-0.16919395560924633,Fluad_168_PBMC
100037260,100037260,0.18189658650760498,Fluad_4_PBMC
100037260,100037260,0.2536945890621802,Fluad_8_PBMC
100037260,100037260,0.46815803444240367,Fluad_24_PBMC
100037260,100037260,0.3869085262736015,Fluad_48_PBMC
100037260,100037260,0.389678967167289,Fluad_72_PBMC
100037260,100037260,0.22610909904209356,Fluad_168_PBMC
100038392,100038392,0.3382195958993329,Fluad_4_PBMC
100038392,100038392,0.2802056962207718,Fluad_8_PBMC
100038392,100038392,0.44666168904193015,Fluad_24_PBMC
100038392,100038392,0.3623258661238892,Fluad_48_PBMC
100038392,100038392,0.48899918499532236,Fluad_72_PBMC
100038392,100038392,0.48277463880632027,Fluad_168_PBMC
100038854,100038854,0.09906907360468697,Fluad_4_PBMC
100038854,100038854,0.10968249666736085,Fluad_8_PBMC
100038854,100038854,0.052179436806873786,Fluad_24_PBMC
100038854,100038854,0.018085675307083493,Fluad_48_PBMC
100038854,100038854,-0.3622015220980451,Fluad_72_PBMC
100038854,100038854,-0.15669957100612947,Fluad_168_PBMC
100038882,100038882,0.1606719106301581,Fluad_4_PBMC
100038882,100038882,0.11333063101006949,Fluad_8_PBMC
100038882,100038882,0.18650622084474222,Fluad_24_PBMC
100038882,100038882,0.1542817675363109,Fluad_48_PBMC
100038882,100038882,0.1863878364809793,Fluad_72_PBMC
100038882,100038882,0.06334118572899626,Fluad_168_PBMC
100038909,100038909,0.09168530165159589,Fluad_4_PBMC
100038909,100038909,0.06439065224956689,Fluad_8_PBMC
100038909,100038909,0.04289774207132043,Fluad_24_PBMC
100038909,100038909,0.03474548375890543,Fluad_48_PBMC
100038909,100038909,-0.05924498364097028,Fluad_72_PBMC
100038909,100038909,0.08181296735336997,Fluad_168_PBMC
100038977,100038977,0.061779952870767436,Fluad_4_PBMC
100038977,100038977,0.07594345460715263,Fluad_8_PBMC
100038977,100038977,0.21656418060493657,Fluad_24_PBMC
100038977,100038977,0.18785441902427424,Fluad_48_PBMC
100038977,100038977,0.2569275601580903,Fluad_72_PBMC
100038977,100038977,0.06757551018850941,Fluad_168_PBMC
100039727,100039727,0.45621827436078455,Fluad_4_PBMC
100039727,100039727,0.05449886620625222,Fluad_8_PBMC
100039727,100039727,0.14947795256725774,Fluad_24_PBMC
100039727,100039727,0.3283856405966147,Fluad_48_PBMC
100039727,100039727,-0.8348895100898104,Fluad_72_PBMC
100039727,100039727,-0.3352989983107999,Fluad_168_PBMC
100039795,100039795,0.08504095525787408,Fluad_4_PBMC
100039795,100039795,0.09425098274395932,Fluad_8_PBMC
100039795,100039795,0.2861845157863529,Fluad_24_PBMC
100039795,100039795,0.26835020048063274,Fluad_48_PBMC
100039795,100039795,0.32640852107291773,Fluad_72_PBMC
100039795,100039795,0.11482630867745004,Fluad_168_PBMC
100039899,100039899,1.0197731654893243,Fluad_4_PBMC
100039899,100039899,1.0002283962225784,Fluad_8_PBMC
100039899,100039899,1.0056621535973898,Fluad_24_PBMC
100039899,100039899,1.113608011552239,Fluad_48_PBMC
100039899,100039899,1.6488665934908353,Fluad_72_PBMC
100039899,100039899,1.4297010520025122,Fluad_168_PBMC
100040019,100040019,0.4069276587500996,Fluad_4_PBMC
100040019,100040019,0.3782949075635934,Fluad_8_PBMC
100040019,100040019,0.7276767964297401,Fluad_24_PBMC
100040019,100040019,0.5370588777928347,Fluad_48_PBMC
100040019,100040019,0.7000910405599889,Fluad_72_PBMC
100040019,100040019,0.9424998554233068,Fluad_168_PBMC
100040276,100040276,0.24357409967375843,Fluad_4_PBMC
100040276,100040276,0.27122703975882634,Fluad_8_PBMC
100040276,100040276,0.5209212652856845,Fluad_24_PBMC
100040276,100040276,0.6177556730582052,Fluad_48_PBMC
100040276,100040276,0.6612179340600073,Fluad_72_PBMC
100040276,100040276,0.48551789671782153,Fluad_168_PBMC
100040294,100040294,0.3526960861733292,Fluad_4_PBMC
100040294,100040294,0.3770490643984522,Fluad_8_PBMC
100040294,100040294,0.6540168298500091,Fluad_24_PBMC
100040294,100040294,0.6341241552037278,Fluad_48_PBMC
100040294,100040294,0.7593658636057905,Fluad_72_PBMC
100040294,100040294,0.6146525593093112,Fluad_168_PBMC
100040671,100040671,-1.2299294683765685,Fluad_4_PBMC
100040671,100040671,-0.32926837798753494,Fluad_8_PBMC
100040671,100040671,-0.9158738279144674,Fluad_24_PBMC
100040671,100040671,-1.0178354088521422,Fluad_48_PBMC
100040671,100040671,-0.9338240994516951,Fluad_72_PBMC
100040671,100040671,-1.3590773940771053,Fluad_168_PBMC
100041146,100041146,0.09168530165159589,Fluad_4_PBMC
100041146,100041146,0.06439065224956689,Fluad_8_PBMC
100041146,100041146,0.04289774207132043,Fluad_24_PBMC
100041146,100041146,0.03474548375890543,Fluad_48_PBMC
100041146,100041146,-0.05924498364097028,Fluad_72_PBMC
100041146,100041146,0.08181296735336997,Fluad_168_PBMC
100041273,100041273,-0.2402730604044236,Fluad_4_PBMC
100041273,100041273,-0.17914128132416818,Fluad_8_PBMC
100041273,100041273,-0.1897693169758511,Fluad_24_PBMC
100041273,100041273,-0.2245560944922026,Fluad_48_PBMC
100041273,100041273,-0.23644194759279485,Fluad_72_PBMC
100041273,100041273,-0.17796138739912745,Fluad_168_PBMC
100041351,100041351,0.49511403588390224,Fluad_4_PBMC
100041351,100041351,0.4222242626174268,Fluad_8_PBMC
100041351,100041351,0.46203148056114907,Fluad_24_PBMC
100041351,100041351,0.6243635826344551,Fluad_48_PBMC
100041351,100041351,0.7616637536466307,Fluad_72_PBMC
100041351,100041351,0.6532787353580417,Fluad_168_PBMC
100041352,100041352,0.17726274384035695,Fluad_4_PBMC
100041352,100041352,-0.010939426908413333,Fluad_8_PBMC
100041352,100041352,-0.0019553676972886708,Fluad_24_PBMC
100041352,100041352,0.4244575221978447,Fluad_48_PBMC
100041352,100041352,0.37160890943917246,Fluad_72_PBMC
100041352,100041352,1.1765277094322957,Fluad_168_PBMC
100041787,100041787,0.7417367181155838,Fluad_4_PBMC
100041787,100041787,0.711698156081408,Fluad_8_PBMC
100041787,100041787,0.8922173313129063,Fluad_24_PBMC
100041787,100041787,0.9881320299398044,Fluad_48_PBMC
100041787,100041787,1.0579047043253662,Fluad_72_PBMC
100041787,100041787,0.929677628096373,Fluad_168_PBMC
100041811,100041811,0.8671591203833873,Fluad_4_PBMC
100041811,100041811,0.6897265921858845,Fluad_8_PBMC
100041811,100041811,1.098745087271258,Fluad_24_PBMC
100041811,100041811,0.9770304451295776,Fluad_48_PBMC
100041811,100041811,1.2272253959255783,Fluad_72_PBMC
100041811,100041811,1.2116062981820384,Fluad_168_PBMC
100041968,100041968,0.539411125891759,Fluad_4_PBMC
100041968,100041968,0.7911705319756267,Fluad_8_PBMC
100041968,100041968,0.9376446160224992,Fluad_24_PBMC
100041968,100041968,0.9401257383379958,Fluad_48_PBMC
100041968,100041968,1.3018451145085135,Fluad_72_PBMC
100041968,100041968,1.3253552026606945,Fluad_168_PBMC
100042149,100042149,-1.2299294683765685,Fluad_4_PBMC
100042149,100042149,-0.32926837798753494,Fluad_8_PBMC
100042149,100042149,-0.9158738279144674,Fluad_24_PBMC
100042149,100042149,-1.0178354088521422,Fluad_48_PBMC
100042149,100042149,-0.9338240994516951,Fluad_72_PBMC
100042149,100042149,-1.3590773940771053,Fluad_168_PBMC
100042465,100042465,-0.07730627860264935,Fluad_4_PBMC
100042465,100042465,-0.03847665342893409,Fluad_8_PBMC
100042465,100042465,0.2545526726542117,Fluad_24_PBMC
100042465,100042465,0.2062026413774329,Fluad_48_PBMC
100042465,100042465,0.33872353051073734,Fluad_72_PBMC
100042465,100042465,0.09114269175876097,Fluad_168_PBMC
100042480,100042480,0.5231832202128845,Fluad_4_PBMC
100042480,100042480,0.13592073389190162,Fluad_8_PBMC
100042480,100042480,0.44874755848526504,Fluad_24_PBMC
100042480,100042480,0.633882526518383,Fluad_48_PBMC
100042480,100042480,0.6321581706503401,Fluad_72_PBMC
100042480,100042480,0.7507882448156465,Fluad_168_PBMC
100042498,100042498,0.13452758356610825,Fluad_4_PBMC
100042498,100042498,0.3797580344318325,Fluad_8_PBMC
100042498,100042498,0.07647665271840992,Fluad_24_PBMC
100042498,100042498,0.2070945362044372,Fluad_48_PBMC
100042498,100042498,-0.21774841165265324,Fluad_72_PBMC
100042498,100042498,-0.02411016592584144,Fluad_168_PBMC
100042503,100042503,-0.2402730604044236,Fluad_4_PBMC
100042503,100042503,-0.17914128132416818,Fluad_8_PBMC
100042503,100042503,-0.1897693169758511,Fluad_24_PBMC
100042503,100042503,-0.2245560944922026,Fluad_48_PBMC
100042503,100042503,-0.23644194759279485,Fluad_72_PBMC
100042503,100042503,-0.17796138739912745,Fluad_168_PBMC
100042784,100042784,-0.1815173170667808,Fluad_4_PBMC
100042784,100042784,-0.26692568013585005,Fluad_8_PBMC
100042784,100042784,-0.5025052667570222,Fluad_24_PBMC
100042784,100042784,-0.26463631891875794,Fluad_48_PBMC
100042784,100042784,-0.2876477748347178,Fluad_72_PBMC
100042784,100042784,0.24858055707992543,Fluad_168_PBMC
100042840,100042840,-0.45198331169999595,Fluad_4_PBMC
100042840,100042840,-0.580219825138192,Fluad_8_PBMC
100042840,100042840,-0.5664596933070337,Fluad_24_PBMC
100042840,100042840,-0.9388738688178018,Fluad_48_PBMC
100042840,100042840,-0.6601112876569627,Fluad_72_PBMC
100042840,100042840,-0.18883753115493773,Fluad_168_PBMC
100043101,100043101,0.31757058131943044,Fluad_4_PBMC
100043101,100043101,0.2697682415671355,Fluad_8_PBMC
100043101,100043101,0.2967111877140981,Fluad_24_PBMC
100043101,100043101,0.32680047021256753,Fluad_48_PBMC
100043101,100043101,0.41174480869019625,Fluad_72_PBMC
100043101,100043101,0.4653505294353878,Fluad_168_PBMC
100043103,100043103,-0.24782475263652787,Fluad_4_PBMC
100043103,100043103,-0.04806927099683067,Fluad_8_PBMC
100043103,100043103,-0.3110332235138175,Fluad_24_PBMC
100043103,100043103,-0.39497285212687017,Fluad_48_PBMC
100043103,100043103,-0.6140483358317477,Fluad_72_PBMC
100043103,100043103,0.33220778613527746,Fluad_168_PBMC
100043474,100043474,-0.005882371398301101,Fluad_4_PBMC
100043474,100043474,0.022127228026593337,Fluad_8_PBMC
100043474,100043474,-0.03617010754231721,Fluad_24_PBMC
100043474,100043474,-0.0775995204245093,Fluad_48_PBMC
100043474,100043474,0.11287005087058623,Fluad_72_PBMC
100043474,100043474,0.5857537606317702,Fluad_168_PBMC
100043580,100043580,-0.27077527655944983,Fluad_4_PBMC
100043580,100043580,-0.2981645717786902,Fluad_8_PBMC
100043580,100043580,-0.26573859381216836,Fluad_24_PBMC
100043580,100043580,-0.290921113303587,Fluad_48_PBMC
100043580,100043580,-0.29493561383699957,Fluad_72_PBMC
100043580,100043580,-0.3039180466535718,Fluad_168_PBMC
100043761,100043761,-0.28690988126704703,Fluad_4_PBMC
100043761,100043761,-0.20423726802928774,Fluad_8_PBMC
100043761,100043761,-0.19867957239690617,Fluad_24_PBMC
100043761,100043761,-0.19879174709715156,Fluad_48_PBMC
100043761,100043761,-0.2363211355840651,Fluad_72_PBMC
100043761,100043761,-0.1782656132244943,Fluad_168_PBMC
100043793,100043793,0.20320149784814645,Fluad_4_PBMC
100043793,100043793,0.24835560296830886,Fluad_8_PBMC
100043793,100043793,0.4404418137678082,Fluad_24_PBMC
100043793,100043793,0.4268730781763014,Fluad_48_PBMC
100043793,100043793,0.4897939644171845,Fluad_72_PBMC
100043793,100043793,0.4586886093131035,Fluad_168_PBMC
100043946,100043946,0.33251093123506575,Fluad_4_PBMC
100043946,100043946,0.3033501745611832,Fluad_8_PBMC
100043946,100043946,0.23831165774960839,Fluad_24_PBMC
100043946,100043946,0.30898743367263243,Fluad_48_PBMC
100043946,100043946,0.39279068312551013,Fluad_72_PBMC
100043946,100043946,0.4321887848287693,Fluad_168_PBMC
100048644,100048644,-0.0542003758458717,Fluad_4_PBMC
100048644,100048644,0.11523856988274149,Fluad_8_PBMC
100048644,100048644,0.009176712537810633,Fluad_24_PBMC
100048644,100048644,0.43713127717484257,Fluad_48_PBMC
100048644,100048644,0.782643593699112,Fluad_72_PBMC
100048644,100048644,0.6039327879326821,Fluad_168_PBMC
100049712,100049712,-0.4712302935415335,Fluad_4_PBMC
100049712,100049712,0.33030787440808607,Fluad_8_PBMC
100049712,100049712,0.09754147196382576,Fluad_24_PBMC
100049712,100049712,0.14037011569396823,Fluad_48_PBMC
100049712,100049712,-0.16392900000437396,Fluad_72_PBMC
100049712,100049712,-0.6853179442911946,Fluad_168_PBMC
100049713,100049713,-0.4712302935415335,Fluad_4_PBMC
100049713,100049713,0.33030787440808607,Fluad_8_PBMC
100049713,100049713,0.09754147196382576,Fluad_24_PBMC
100049713,100049713,0.14037011569396823,Fluad_48_PBMC
100049713,100049713,-0.16392900000437396,Fluad_72_PBMC
100049713,100049713,-0.6853179442911946,Fluad_168_PBMC
100049714,100049714,-0.4712302935415335,Fluad_4_PBMC
100049714,100049714,0.33030787440808607,Fluad_8_PBMC
100049714,100049714,0.09754147196382576,Fluad_24_PBMC
100049714,100049714,0.14037011569396823,Fluad_48_PBMC
100049714,100049714,-0.16392900000437396,Fluad_72_PBMC
100049714,100049714,-0.6853179442911946,Fluad_168_PBMC
100073351,100073351,-0.3723968042534256,Fluad_4_PBMC
100073351,100073351,-0.34110232392074136,Fluad_8_PBMC
100073351,100073351,-0.023456579465739397,Fluad_24_PBMC
100073351,100073351,-0.14496334589736218,Fluad_48_PBMC
100073351,100073351,-0.1636699531133432,Fluad_72_PBMC
100073351,100073351,-0.5906194420867492,Fluad_168_PBMC
100124471,100124471,-0.4712302935415335,Fluad_4_PBMC
100124471,100124471,0.33030787440808607,Fluad_8_PBMC
100124471,100124471,0.09754147196382576,Fluad_24_PBMC
100124471,100124471,0.14037011569396823,Fluad_48_PBMC
100124471,100124471,-0.16392900000437396,Fluad_72_PBMC
100124471,100124471,-0.6853179442911946,Fluad_168_PBMC
100502921,100502921,-0.0379108162718684,Fluad_4_PBMC
100502921,100502921,0.03824010409272123,Fluad_8_PBMC
100502921,100502921,0.18841168972379968,Fluad_24_PBMC
100502921,100502921,0.14809344967868104,Fluad_48_PBMC
100502921,100502921,0.28783993933853,Fluad_72_PBMC
100502921,100502921,0.07405977208131573,Fluad_168_PBMC
100503242,100503242,0.45378175003216653,Fluad_4_PBMC
100503242,100503242,0.45020038476844815,Fluad_8_PBMC
100503242,100503242,0.6867805768872428,Fluad_24_PBMC
100503242,100503242,0.6581560096304637,Fluad_48_PBMC
100503242,100503242,0.7695252422890031,Fluad_72_PBMC
100503242,100503242,0.5923109916603195,Fluad_168_PBMC
100503242,100503242,0.45378175003216653,Fluad_4_PBMC
100503242,100503242,0.45020038476844815,Fluad_8_PBMC
100503242,100503242,0.6867805768872428,Fluad_24_PBMC
100503242,100503242,0.6581560096304637,Fluad_48_PBMC
100503242,100503242,0.7695252422890031,Fluad_72_PBMC
100503242,100503242,0.5923109916603195,Fluad_168_PBMC
100503311,100503311,0.06378073822814856,Fluad_4_PBMC
100503311,100503311,0.04939079654102302,Fluad_8_PBMC
100503311,100503311,0.5792787077180876,Fluad_24_PBMC
100503311,100503311,0.3711162344150556,Fluad_48_PBMC
100503311,100503311,0.35496827704232237,Fluad_72_PBMC
100503311,100503311,0.37732480304404675,Fluad_168_PBMC
100503353,100503353,-0.07861863154272514,Fluad_4_PBMC
100503353,100503353,-0.008917270541054956,Fluad_8_PBMC
100503353,100503353,0.06175116235775481,Fluad_24_PBMC
100503353,100503353,-0.00914530245634175,Fluad_48_PBMC
100503353,100503353,-0.05701043448906192,Fluad_72_PBMC
100503353,100503353,-0.0677978435899545,Fluad_168_PBMC
100503486,100503486,0.10087697982746076,Fluad_4_PBMC
100503486,100503486,0.07746468552909067,Fluad_8_PBMC
100503486,100503486,0.31093674382315856,Fluad_24_PBMC
100503486,100503486,0.7511179153987442,Fluad_48_PBMC
100503486,100503486,0.8805890273209169,Fluad_72_PBMC
100503486,100503486,0.5336700036117658,Fluad_168_PBMC
100503812,100503812,0.29491816417266936,Fluad_4_PBMC
100503812,100503812,0.2027019231394282,Fluad_8_PBMC
100503812,100503812,0.48723518597079885,Fluad_24_PBMC
100503812,100503812,0.5952488550974145,Fluad_48_PBMC
100503812,100503812,0.6463140000505734,Fluad_72_PBMC
100503812,100503812,0.5027735750088687,Fluad_168_PBMC
100503849,100503849,0.04148276357222383,Fluad_4_PBMC
100503849,100503849,0.06364442047094077,Fluad_8_PBMC
100503849,100503849,0.09910965554653003,Fluad_24_PBMC
100503849,100503849,0.06291711753441774,Fluad_48_PBMC
100503849,100503849,0.0948303071829518,Fluad_72_PBMC
100503849,100503849,-0.01361168291979523,Fluad_168_PBMC
100503856,100503856,-0.044256463020872286,Fluad_4_PBMC
100503856,100503856,0.2925092042661731,Fluad_8_PBMC
100503856,100503856,1.2618495349536774,Fluad_24_PBMC
100503856,100503856,0.08985363984160634,Fluad_48_PBMC
100503856,100503856,-0.08498814941097536,Fluad_72_PBMC
100503856,100503856,-0.038766481438062966,Fluad_168_PBMC
100503949,100503949,-0.07861863154272514,Fluad_4_PBMC
100503949,100503949,-0.008917270541054956,Fluad_8_PBMC
100503949,100503949,0.06175116235775481,Fluad_24_PBMC
100503949,100503949,-0.00914530245634175,Fluad_48_PBMC
100503949,100503949,-0.05701043448906192,Fluad_72_PBMC
100503949,100503949,-0.0677978435899545,Fluad_168_PBMC
100504285,100504285,0.39122877730871364,Fluad_4_PBMC
100504285,100504285,0.3136297018635049,Fluad_8_PBMC
100504285,100504285,0.6201187208794054,Fluad_24_PBMC
100504285,100504285,0.7963425614315844,Fluad_48_PBMC
100504285,100504285,0.7230323876785191,Fluad_72_PBMC
100504285,100504285,0.5252463310478266,Fluad_168_PBMC
100504347,100504347,0.4899525724586984,Fluad_4_PBMC
100504347,100504347,0.3158029886177132,Fluad_8_PBMC
100504347,100504347,0.4580395660834775,Fluad_24_PBMC
100504347,100504347,0.8557178183149561,Fluad_48_PBMC
100504347,100504347,0.9026423531644578,Fluad_72_PBMC
100504347,100504347,0.900622605543923,Fluad_168_PBMC
100504491,100504491,0.04007496396691958,Fluad_4_PBMC
100504491,100504491,0.029536322159710734,Fluad_8_PBMC
100504491,100504491,0.3212417075206485,Fluad_24_PBMC
100504491,100504491,0.22084582954087978,Fluad_48_PBMC
100504491,100504491,0.2913774124095764,Fluad_72_PBMC
100504491,100504491,0.17676301201790962,Fluad_168_PBMC
100628593,100628593,0.8211666871437882,Fluad_4_PBMC
100628593,100628593,0.6708645949784793,Fluad_8_PBMC
100628593,100628593,0.7456292611816411,Fluad_24_PBMC
100628593,100628593,0.6047719577641893,Fluad_48_PBMC
100628593,100628593,0.8415834256486004,Fluad_72_PBMC
100628593,100628593,1.4113240232875746,Fluad_168_PBMC
100861615,100861615,-1.2299294683765685,Fluad_4_PBMC
100861615,100861615,-0.32926837798753494,Fluad_8_PBMC
100861615,100861615,-0.9158738279144674,Fluad_24_PBMC
100861615,100861615,-1.0178354088521422,Fluad_48_PBMC
100861615,100861615,-0.9338240994516951,Fluad_72_PBMC
100861615,100861615,-1.3590773940771053,Fluad_168_PBMC
100862085,100862085,0.20056133096829834,Fluad_4_PBMC
100862085,100862085,0.14649488746223294,Fluad_8_PBMC
100862085,100862085,0.28374568772981035,Fluad_24_PBMC
100862085,100862085,0.21408461673263615,Fluad_48_PBMC
100862085,100862085,0.22867861742263246,Fluad_72_PBMC
100862085,100862085,0.08360728946201634,Fluad_168_PBMC
100862206,100862206,0.11226885661411873,Fluad_4_PBMC
100862206,100862206,0.050497248734326,Fluad_8_PBMC
100862206,100862206,0.3643985782606421,Fluad_24_PBMC
100862206,100862206,0.23450158028994272,Fluad_48_PBMC
100862206,100862206,0.23970962034016902,Fluad_72_PBMC
100862206,100862206,0.16594384827079703,Fluad_168_PBMC
101055754,101055754,-1.2299294683765685,Fluad_4_PBMC
101055754,101055754,-0.32926837798753494,Fluad_8_PBMC
101055754,101055754,-0.9158738279144674,Fluad_24_PBMC
101055754,101055754,-1.0178354088521422,Fluad_48_PBMC
101055754,101055754,-0.9338240994516951,Fluad_72_PBMC
101055754,101055754,-1.3590773940771053,Fluad_168_PBMC
101055806,101055806,-0.044256463020872286,Fluad_4_PBMC
101055806,101055806,0.2925092042661731,Fluad_8_PBMC
101055806,101055806,1.2618495349536774,Fluad_24_PBMC
101055806,101055806,0.08985363984160634,Fluad_48_PBMC
101055806,101055806,-0.08498814941097536,Fluad_72_PBMC
101055806,101055806,-0.038766481438062966,Fluad_168_PBMC
101055993,101055993,0.22430629140121316,Fluad_4_PBMC
101055993,101055993,0.296926493267217,Fluad_8_PBMC
101055993,101055993,0.6759453693105061,Fluad_24_PBMC
101055993,101055993,0.4886911509492972,Fluad_48_PBMC
101055993,101055993,0.6820174973278188,Fluad_72_PBMC
101055993,101055993,0.3557691068683563,Fluad_168_PBMC
101056084,101056084,0.27575062287403396,Fluad_4_PBMC
101056084,101056084,0.23934154472949795,Fluad_8_PBMC
101056084,101056084,0.6281093301206901,Fluad_24_PBMC
101056084,101056084,0.527683149525279,Fluad_48_PBMC
101056084,101056084,0.6756122622141274,Fluad_72_PBMC
101056084,101056084,0.6094207411011453,Fluad_168_PBMC
102308570,102308570,-0.057138134732970136,Fluad_4_PBMC
102308570,102308570,-0.02871789901942982,Fluad_8_PBMC
102308570,102308570,-0.08473425287403599,Fluad_24_PBMC
102308570,102308570,-0.09778792574282913,Fluad_48_PBMC
102308570,102308570,-0.1352724562370485,Fluad_72_PBMC
102308570,102308570,-0.06129494987360008,Fluad_168_PBMC
102465564,102465564,0.1346131182309544,Fluad_4_PBMC
102465564,102465564,0.09191858111534432,Fluad_8_PBMC
102465564,102465564,0.05339270717997639,Fluad_24_PBMC
102465564,102465564,0.09855063286587695,Fluad_48_PBMC
102465564,102465564,0.09444091069438412,Fluad_72_PBMC
102465564,102465564,0.11328347842927264,Fluad_168_PBMC
102465574,102465574,0.17122077001252028,Fluad_4_PBMC
102465574,102465574,0.13058164834945166,Fluad_8_PBMC
102465574,102465574,0.25226503133950584,Fluad_24_PBMC
102465574,102465574,0.20025609938157246,Fluad_48_PBMC
102465574,102465574,0.1973354602927423,Fluad_72_PBMC
102465574,102465574,0.06129716952800833,Fluad_168_PBMC
102465633,102465633,0.014765859554892418,Fluad_4_PBMC
102465633,102465633,0.03254830992552831,Fluad_8_PBMC
102465633,102465633,-0.0339713957452447,Fluad_24_PBMC
102465633,102465633,-0.018016867226058792,Fluad_48_PBMC
102465633,102465633,-0.05752764133655812,Fluad_72_PBMC
102465633,102465633,-0.002894705721616717,Fluad_168_PBMC
102466215,102466215,0.034590981711176694,Fluad_4_PBMC
102466215,102466215,0.03764776125983148,Fluad_8_PBMC
102466215,102466215,0.28760418502849955,Fluad_24_PBMC
102466215,102466215,0.23280448386671895,Fluad_48_PBMC
102466215,102466215,0.33866939963914483,Fluad_72_PBMC
102466215,102466215,0.20124469232066552,Fluad_168_PBMC
102466787,102466787,0.23887814961472162,Fluad_4_PBMC
102466787,102466787,0.23073604990820457,Fluad_8_PBMC
102466787,102466787,0.14551897509246697,Fluad_24_PBMC
102466787,102466787,0.20454938695949845,Fluad_48_PBMC
102466787,102466787,0.19480280123421956,Fluad_72_PBMC
102466787,102466787,0.1705900042342865,Fluad_168_PBMC
102631930,102631930,-1.3266638574840643,Fluad_4_PBMC
102631930,102631930,0.10481618852138522,Fluad_8_PBMC
102631930,102631930,0.0201324698867413,Fluad_24_PBMC
102631930,102631930,0.27568959751204575,Fluad_48_PBMC
102631930,102631930,0.3564716328775038,Fluad_72_PBMC
102631930,102631930,0.018005859188345505,Fluad_168_PBMC
102632152,102632152,0.14967558992302873,Fluad_4_PBMC
102632152,102632152,0.07225928097615174,Fluad_8_PBMC
102632152,102632152,0.23434115445031758,Fluad_24_PBMC
102632152,102632152,0.2211793918436549,Fluad_48_PBMC
102632152,102632152,0.28656058471524803,Fluad_72_PBMC
102632152,102632152,0.31225607609179273,Fluad_168_PBMC
102632401,102632401,0.4831138231651906,Fluad_4_PBMC
102632401,102632401,0.2546486278139153,Fluad_8_PBMC
102632401,102632401,0.8465563106745915,Fluad_24_PBMC
102632401,102632401,0.9694720508445882,Fluad_48_PBMC
102632401,102632401,1.1961042231965087,Fluad_72_PBMC
102632401,102632401,0.8187373070142736,Fluad_168_PBMC
102632492,102632492,0.14377621853386335,Fluad_4_PBMC
102632492,102632492,0.20837689003976673,Fluad_8_PBMC
102632492,102632492,0.3600960275806225,Fluad_24_PBMC
102632492,102632492,0.3292659329717208,Fluad_48_PBMC
102632492,102632492,0.3336116096016358,Fluad_72_PBMC
102632492,102632492,0.21644367860631458,Fluad_168_PBMC
102632821,102632821,-0.0994136864626971,Fluad_4_PBMC
102632821,102632821,-0.09341427052173026,Fluad_8_PBMC
102632821,102632821,-0.09284729895526166,Fluad_24_PBMC
102632821,102632821,-0.0718461173442597,Fluad_48_PBMC
102632821,102632821,-0.08037703662295836,Fluad_72_PBMC
102632821,102632821,-0.07437767019344485,Fluad_168_PBMC
102632853,102632853,0.3033227939048567,Fluad_4_PBMC
102632853,102632853,0.3547807525510958,Fluad_8_PBMC
102632853,102632853,0.26261393991706533,Fluad_24_PBMC
102632853,102632853,0.263130417150806,Fluad_48_PBMC
102632853,102632853,0.2358188484586887,Fluad_72_PBMC
102632853,102632853,0.20551033992536621,Fluad_168_PBMC
102633301,102633301,0.36473343961723087,Fluad_4_PBMC
102633301,102633301,0.2278651550812703,Fluad_8_PBMC
102633301,102633301,0.22781129423083543,Fluad_24_PBMC
102633301,102633301,0.21961809799539586,Fluad_48_PBMC
102633301,102633301,0.364201091168205,Fluad_72_PBMC
102633301,102633301,0.5233553007041156,Fluad_168_PBMC
102634809,102634809,0.5498732069449092,Fluad_4_PBMC
102634809,102634809,0.569789093859973,Fluad_8_PBMC
102634809,102634809,0.6956385456461278,Fluad_24_PBMC
102634809,102634809,0.7624422429148104,Fluad_48_PBMC
102634809,102634809,0.8389316190003531,Fluad_72_PBMC
102634809,102634809,0.7332292898166659,Fluad_168_PBMC
102635648,102635648,0.12654526484115436,Fluad_4_PBMC
102635648,102635648,0.08847008452798438,Fluad_8_PBMC
102635648,102635648,0.19808894543672279,Fluad_24_PBMC
102635648,102635648,0.15868003012072135,Fluad_48_PBMC
102635648,102635648,0.12892708501280967,Fluad_72_PBMC
102635648,102635648,0.015299127407232771,Fluad_168_PBMC
102636101,102636101,-0.09627161074117394,Fluad_4_PBMC
102636101,102636101,-0.07876836598429932,Fluad_8_PBMC
102636101,102636101,-0.12447520786188002,Fluad_24_PBMC
102636101,102636101,-0.11420271206851182,Fluad_48_PBMC
102636101,102636101,-0.1426592104668353,Fluad_72_PBMC
102636101,102636101,-0.06825570885157203,Fluad_168_PBMC
102636110,102636110,-1.3887731627766873,Fluad_4_PBMC
102636110,102636110,-1.3140320281259883,Fluad_8_PBMC
102636110,102636110,-1.3576277583820697,Fluad_24_PBMC
102636110,102636110,-1.2538923290701685,Fluad_48_PBMC
102636110,102636110,-1.34532990812514,Fluad_72_PBMC
102636110,102636110,-0.8490118279481143,Fluad_168_PBMC
102636674,102636674,0.2781963638915096,Fluad_4_PBMC
102636674,102636674,0.34019913009941627,Fluad_8_PBMC
102636674,102636674,0.5388387525571233,Fluad_24_PBMC
102636674,102636674,0.4958421769751066,Fluad_48_PBMC
102636674,102636674,0.5899355330397748,Fluad_72_PBMC
102636674,102636674,0.577052645090152,Fluad_168_PBMC
102636839,102636839,0.6380791131500827,Fluad_4_PBMC
102636839,102636839,0.5997548796368397,Fluad_8_PBMC
102636839,102636839,0.859556324368824,Fluad_24_PBMC
102636839,102636839,0.9767147819227654,Fluad_48_PBMC
102636839,102636839,1.0692718506779273,Fluad_72_PBMC
102636839,102636839,0.8542799420765833,Fluad_168_PBMC
102637070,102637070,0.6380791131500827,Fluad_4_PBMC
102637070,102637070,0.5997548796368397,Fluad_8_PBMC
102637070,102637070,0.859556324368824,Fluad_24_PBMC
102637070,102637070,0.9767147819227654,Fluad_48_PBMC
102637070,102637070,1.0692718506779273,Fluad_72_PBMC
102637070,102637070,0.8542799420765833,Fluad_168_PBMC
102638887,102638887,0.6380791131500827,Fluad_4_PBMC
102638887,102638887,0.5997548796368397,Fluad_8_PBMC
102638887,102638887,0.859556324368824,Fluad_24_PBMC
102638887,102638887,0.9767147819227654,Fluad_48_PBMC
102638887,102638887,1.0692718506779273,Fluad_72_PBMC
102638887,102638887,0.8542799420765833,Fluad_168_PBMC
102640171,102640171,0.07919834660009181,Fluad_4_PBMC
102640171,102640171,0.06211802107936401,Fluad_8_PBMC
102640171,102640171,0.1242761015053563,Fluad_24_PBMC
102640171,102640171,0.16750678868156607,Fluad_48_PBMC
102640171,102640171,-0.09456112639650274,Fluad_72_PBMC
102640171,102640171,-0.030191759740245676,Fluad_168_PBMC
105244280,105244280,0.5025544393108996,Fluad_4_PBMC
105244280,105244280,0.548526589469273,Fluad_8_PBMC
105244280,105244280,0.8278338053367793,Fluad_24_PBMC
105244280,105244280,0.7824136693043551,Fluad_48_PBMC
105244280,105244280,0.9113487215070951,Fluad_72_PBMC
105244280,105244280,0.4809280841904309,Fluad_168_PBMC
105246507,105246507,0.6784443351432311,Fluad_4_PBMC
105246507,105246507,0.7303856457468985,Fluad_8_PBMC
105246507,105246507,1.1709012858051087,Fluad_24_PBMC
105246507,105246507,0.9747586326911253,Fluad_48_PBMC
105246507,105246507,1.1731247498297406,Fluad_72_PBMC
105246507,105246507,0.7272097548734163,Fluad_168_PBMC
108168642,108168642,-1.537339833481342,Fluad_4_PBMC
108168642,108168642,-1.7970147591671584,Fluad_8_PBMC
108168642,108168642,-1.2330758433806446,Fluad_24_PBMC
108168642,108168642,-1.8195832914081587,Fluad_48_PBMC
108168642,108168642,-1.6559583513806428,Fluad_72_PBMC
108168642,108168642,-1.7820359733407192,Fluad_168_PBMC
108169076,108169076,-0.2920216511177756,Fluad_4_PBMC
108169076,108169076,-0.23081215148550888,Fluad_8_PBMC
108169076,108169076,-0.22476507026029865,Fluad_24_PBMC
108169076,108169076,-0.28920720762026375,Fluad_48_PBMC
108169076,108169076,-0.21613057214100825,Fluad_72_PBMC
108169076,108169076,-0.24411970452542925,Fluad_168_PBMC
110599566,110599566,-0.2479815040477772,Fluad_4_PBMC
110599566,110599566,-0.2153767547258974,Fluad_8_PBMC
110599566,110599566,-0.17320096457152473,Fluad_24_PBMC
110599566,110599566,-0.2437649825285768,Fluad_48_PBMC
110599566,110599566,-0.3347192599366128,Fluad_72_PBMC
110599566,110599566,-0.2591357241447538,Fluad_168_PBMC
115486886,115486886,0.2748965908793666,Fluad_4_PBMC
115486886,115486886,0.2224325190314027,Fluad_8_PBMC
115486886,115486886,0.33811915610912646,Fluad_24_PBMC
115486886,115486886,0.30455223193974434,Fluad_48_PBMC
115486886,115486886,0.3101559894675947,Fluad_72_PBMC
115486886,115486886,0.3248762398810241,Fluad_168_PBMC
115487878,115487878,-0.13401975393734314,Fluad_4_PBMC
115487878,115487878,-0.10437577162776833,Fluad_8_PBMC
115487878,115487878,-0.17127769642112833,Fluad_24_PBMC
115487878,115487878,-0.17163541158518442,Fluad_48_PBMC
115487878,115487878,-0.1849274428935288,Fluad_72_PBMC
115487878,115487878,-0.1354357696374064,Fluad_168_PBMC
115487916,115487916,-0.15003897627186125,Fluad_4_PBMC
115487916,115487916,-0.06542437026085991,Fluad_8_PBMC
115487916,115487916,0.06843334841139033,Fluad_24_PBMC
115487916,115487916,-0.02874714407546023,Fluad_48_PBMC
115487916,115487916,-0.29221454148939274,Fluad_72_PBMC
115487916,115487916,-0.21170868421615377,Fluad_168_PBMC
115487917,115487917,-0.15003897627186125,Fluad_4_PBMC
115487917,115487917,-0.06542437026085991,Fluad_8_PBMC
115487917,115487917,0.06843334841139033,Fluad_24_PBMC
115487917,115487917,-0.02874714407546023,Fluad_48_PBMC
115487917,115487917,-0.29221454148939274,Fluad_72_PBMC
115487917,115487917,-0.21170868421615377,Fluad_168_PBMC
115487918,115487918,-0.15003897627186125,Fluad_4_PBMC
115487918,115487918,-0.06542437026085991,Fluad_8_PBMC
115487918,115487918,0.06843334841139033,Fluad_24_PBMC
115487918,115487918,-0.02874714407546023,Fluad_48_PBMC
115487918,115487918,-0.29221454148939274,Fluad_72_PBMC
115487918,115487918,-0.21170868421615377,Fluad_168_PBMC
115487919,115487919,-0.15003897627186125,Fluad_4_PBMC
115487919,115487919,-0.06542437026085991,Fluad_8_PBMC
115487919,115487919,0.06843334841139033,Fluad_24_PBMC
115487919,115487919,-0.02874714407546023,Fluad_48_PBMC
115487919,115487919,-0.29221454148939274,Fluad_72_PBMC
115487919,115487919,-0.21170868421615377,Fluad_168_PBMC
115488275,115488275,-0.2872282681963005,Fluad_4_PBMC
115488275,115488275,-0.21663927757189388,Fluad_8_PBMC
115488275,115488275,-0.21647275423340523,Fluad_24_PBMC
115488275,115488275,-0.20641576787688243,Fluad_48_PBMC
115488275,115488275,-0.1822134642781223,Fluad_72_PBMC
115488275,115488275,-0.20698488046853064,Fluad_168_PBMC
115489767,115489767,-0.03709499253295926,Fluad_4_PBMC
115489767,115489767,-0.0038238766734752516,Fluad_8_PBMC
115489767,115489767,0.0033188804031401772,Fluad_24_PBMC
115489767,115489767,-0.009469454156198098,Fluad_48_PBMC
115489767,115489767,-0.09647941303063595,Fluad_72_PBMC
115489767,115489767,-0.0982447913408571,Fluad_168_PBMC
115489778,115489778,-0.03709499253295926,Fluad_4_PBMC
115489778,115489778,-0.0038238766734752516,Fluad_8_PBMC
115489778,115489778,0.0033188804031401772,Fluad_24_PBMC
115489778,115489778,-0.009469454156198098,Fluad_48_PBMC
115489778,115489778,-0.09647941303063595,Fluad_72_PBMC
115489778,115489778,-0.0982447913408571,Fluad_168_PBMC
115489789,115489789,-0.03709499253295926,Fluad_4_PBMC
115489789,115489789,-0.0038238766734752516,Fluad_8_PBMC
115489789,115489789,0.0033188804031401772,Fluad_24_PBMC
115489789,115489789,-0.009469454156198098,Fluad_48_PBMC
115489789,115489789,-0.09647941303063595,Fluad_72_PBMC
115489789,115489789,-0.0982447913408571,Fluad_168_PBMC
115489800,115489800,-0.03709499253295926,Fluad_4_PBMC
115489800,115489800,-0.0038238766734752516,Fluad_8_PBMC
115489800,115489800,0.0033188804031401772,Fluad_24_PBMC
115489800,115489800,-0.009469454156198098,Fluad_48_PBMC
115489800,115489800,-0.09647941303063595,Fluad_72_PBMC
115489800,115489800,-0.0982447913408571,Fluad_168_PBMC
115489821,115489821,-0.03709499253295926,Fluad_4_PBMC
115489821,115489821,-0.0038238766734752516,Fluad_8_PBMC
115489821,115489821,0.0033188804031401772,Fluad_24_PBMC
115489821,115489821,-0.009469454156198098,Fluad_48_PBMC
115489821,115489821,-0.09647941303063595,Fluad_72_PBMC
115489821,115489821,-0.0982447913408571,Fluad_168_PBMC
115490275,115490275,0.17627774118928566,Fluad_4_PBMC
115490275,115490275,0.11278029824596802,Fluad_8_PBMC
115490275,115490275,0.17553915716186655,Fluad_24_PBMC
115490275,115490275,0.14822625632260505,Fluad_48_PBMC
115490275,115490275,0.21560261033072958,Fluad_72_PBMC
115490275,115490275,0.0694522242057507,Fluad_168_PBMC
118567915,118567915,0.14513003478269165,Fluad_4_PBMC
118567915,118567915,0.16084704570261082,Fluad_8_PBMC
118567915,118567915,0.24072567496192365,Fluad_24_PBMC
118567915,118567915,0.24806165915591477,Fluad_48_PBMC
118567915,118567915,0.25998429100100306,Fluad_72_PBMC
118567915,118567915,0.18255636426579208,Fluad_168_PBMC
128932648,128932648,-0.8791852885407709,Fluad_4_PBMC
128932648,128932648,-0.6400176474403527,Fluad_8_PBMC
128932648,128932648,-0.49059076085560743,Fluad_24_PBMC
128932648,128932648,-1.049931923734163,Fluad_48_PBMC
128932648,128932648,-1.0297248609668768,Fluad_72_PBMC
128932648,128932648,-1.3437978489472768,Fluad_168_PBMC
