MM.Entrez,EffectSize
16012,3.3393945779735708
68713,2.8474225962128017
76905,2.8670999529599435
12402,1.8740519080676439
21676,2.6020006487329184
98314,2.390215462157995
545902,2.487534460866227
109660,2.908056776718391
16819,2.6919348873173714
65963,-1.747072709906801
56184,2.3328174002520417
15227,2.1459778923575374
77462,2.653349737179717
226359,2.3382694482275888
13106,2.1943420283154813
320202,2.489411604237688
17537,2.1997854249702176
14807,2.6553022879142993
54199,1.7792413961080351
67331,2.2191022135485916
14068,2.6997594247320933
233875,2.502577218947101
213435,2.1417600345024805
77976,2.1387415397858707
18796,2.0976726089934195
21645,2.162815603604475
668303,2.8214563741254572
106522,-2.284396123896478
74915,2.3054917748547377
18121,1.74451421001781
384185,2.452594160560486
319581,2.3214095724554262
12771,-1.9622612956209515
11470,1.8976987936046452
69836,2.471965749214389
14168,1.6271945969146628
237397,2.467285282994938
12587,1.9308329568919431
18029,1.4220311242499086
381319,-2.192464412188383
53870,2.0383101223241518
16154,-0.8976694635076665
69318,1.4658684783879252
224023,2.0446354221628447
13446,1.979232798581143
228966,1.6361393734064826
243510,2.025680556138541
76645,1.4995688063703358
73192,1.790723910897416
13370,1.8355833508822652
58206,1.3290133806487772
18991,1.352481131677159
67198,2.20533798191921
12654,2.132910720876434
20491,-0.8190985594094613
21422,1.617079955858575
12765,1.5406172872775112
110794,-1.3934555174973955
244550,1.3654630149093965
13008,-1.017311236577279
80886,1.158601501750475
14915,1.740130810515847
13714,1.7306187586836685
16688,2.348128848067234
26757,1.4609429338259172
21906,1.0417491380279866
319229,1.0231660725700813
628324,1.2703410077752384
22066,1.8732626328016595
225631,1.8189898126208988
245468,1.3731644084311085
385377,1.3731644084311085
17287,-2.402057832726336
76073,1.1390124611749002
52892,2.9092597802242306
11629,-1.298109050786298
12983,1.0933819033333236
233571,-1.3533266011179004
11853,1.7497628486575145
11910,-1.919388878314158
328778,2.019436278289394
140500,1.1755745334710817
106565,1.129357770924262
14293,1.7109193245019974
244199,1.630287214643925
14430,1.4759438163382068
11492,0.939548818507955
65106,-1.1521694182750917
14756,2.0420222500058394
270150,2.2067534970324933
245886,-0.9717284246791511
11687,-1.9265913061173485
233020,1.710693264375104
68346,-1.253335939509113
230784,0.8846310351759339
50501,4.137060731490845
241452,1.7375417686206145
66085,-0.9209213053771013
58801,-1.8414240378187454
231633,1.60279239077689
102580,1.1612585019704325
214359,-1.2590135178460073
22260,0.5482998222151689
16660,1.6317349812034605
13483,1.3464135531847896
227288,1.1489436379439253
671564,2.0728931782555504
226896,1.5466028338609288
14071,1.8169769497199013
66333,2.270730833214264
67963,-0.7472770467492484
108121,-0.6987678887428839
387565,1.8209682220426426
13537,-0.9769793511175404
16592,0.9718591837348285
30806,0.9279523768465765
74782,1.4829984775547027
54357,1.598009431467056
210029,-1.556969633675883
12260,2.0979740917394807
55950,-0.8247874828942567
14345,-2.3047741575969822
71706,-0.7000181248769071
16643,-1.072573097341289
16973,1.338696987088392
435626,1.9271704478526788
77701,0.8121534690537775
12370,-1.267679976638595
223920,1.338503721470662
65099,0.7509162199820505
74286,1.7946630536576347
16189,-1.348000265817694
75723,1.721011343112849
332578,1.626218356779864
17260,1.7424361448399228
14179,2.1051910793000186
11625,1.6027447122287715
12400,-0.9789671180397708
237943,1.622983302085263
13244,-0.6275096245193978
239591,1.9778132740341379
260301,1.3796653426657546
21961,1.0688221274323197
12643,1.5180535801226869
12075,1.6374908062027078
14183,1.324156690541395
14863,-1.759328557666258
230398,1.5288997594426537
22196,-0.7756834835916084
67603,-0.7764029426920693
140795,-2.100087303721036
320463,-2.100087303721036
20201,1.1370451733732931
227659,1.0883869537776842
57756,1.4718523151619713
17394,1.859216946949421
241128,1.114837184941491
219072,-0.6636333457600614
67893,-1.5129783392442668
78929,1.2769305669427995
269951,-0.6048243480627651
69048,-0.908304839843856
108100,1.2504247746674757
66200,-0.7760369566733027
17826,-0.48045294451879883
67680,-0.6978795914980562
56374,-0.8241008844657465
54483,0.9709353074285083
76510,1.1893977130150954
81535,-0.7734731572372073
17937,-1.3007147641824641
21934,0.94671521770913
93746,1.913661239253761
22771,1.1208554193048537
50935,-0.6626780600199256
20379,1.8163730462789207
108068,1.2620023506411027
11569,1.0204867003982638
11979,1.034218912542121
67037,0.9520957680739759
17132,-1.6633945240838024
21982,-1.054747600035653
13649,1.4715974842503003
100039801,1.5845369249229067
70231,1.181811503865343
66042,1.541257759050822
68507,-1.7013539979152474
26897,-1.8070516651863482
21664,-1.8926317068629297
17150,1.5164562755627689
378460,1.2999685308102826
66075,1.1577602527995037
66046,-0.6324356100757136
71728,1.4050258579623573
14087,-1.7602255339685566
208890,1.1265354006337427
259122,1.452561852526598
320916,1.1913009427990833
170835,-1.553957754740015
215201,-0.7230811222828635
67602,-0.9393480466844455
71810,-0.7794182611667928
22029,0.6165623811627015
16854,-0.8933504061719315
109006,-0.9285896386493482
382639,1.409924252656797
71912,1.2967367756691974
13199,1.5867867395916155
494468,-1.5510971458470602
269642,-1.7908936183251694
11643,1.7065973707972724
76267,1.3934061041809915
18636,0.8047655475959132
68263,-0.5965004846734114
105859,1.7942428695170127
13730,-1.278616788468045
66315,0.9390978394101879
15902,-1.5367497534023498
13681,-0.6545291187612907
50758,-0.9991088529944507
258469,1.3249800155591362
170744,2.031707684005238
13732,-0.6702876648891198
13844,1.4712580520558438
640524,1.4679319288245232
70533,-1.055653496048234
99045,-0.5924555190610779
18675,2.039526203912574
13116,1.6815496745633256
15936,-1.4298347235534887
14673,-1.3050450464952021
12180,1.2122598172518186
246779,0.9982563356836129
72900,-0.5718863680958659
20199,0.9340906199920891
56692,-0.573559533805776
68581,-0.5021749097028323
231507,-0.7763152217801288
17454,0.7845242577538993
71986,1.028758141363622
94064,-0.6768440356908254
56501,1.8611369300519378
57916,-0.7437384833535461
14884,0.7139170357925533
108014,-0.6803992705445872
14744,-0.8316074216287062
69398,1.243977723467684
21685,-0.6510089669810188
67698,-0.9134756997096289
14404,1.652732768179054
232533,1.2665464444683998
105014,-1.4799626162785398
103554,0.9785260572669534
241197,-1.5785752280440066
94282,1.149985929621094
100019,1.887956469967274
107607,-0.6761288540459951
226861,1.6410748889068199
16865,1.163354039058813
18946,2.047499979383687
69742,0.6879696276647795
72113,-1.006281146655934
170947,1.045267640587869
212518,1.854985326969624
12912,1.0794443330620558
75751,0.5695829585529388
102545,-0.68381684479637
241075,0.9827380046696224
26569,0.9316177527007934
68240,-0.8623045366462847
76332,1.0898235495092905
20198,-0.6622044158147009
12450,-0.7219604320007491
225215,-1.070679818490695
93728,1.8022042198734587
101565,-1.30345928301794
66978,0.8742652934748172
217207,1.3083423762206898
17246,-0.586711404315599
70551,-1.5954322566346226
228960,-1.3213750216000486
68453,1.2076880910856609
11542,-1.477328610326479
69296,-1.477328610326479
64657,0.6480718156061158
14312,-1.0640909450034108
108116,0.5933801459427954
56205,-0.6811472907133034
381203,1.6559272118725783
14130,-1.066815301338032
22213,1.3134980814722397
70285,-0.9893806878529023
76637,2.0070678081178377
223775,-1.4343380747223824
329942,1.408224045897172
70834,-0.9576389854907097
59048,-0.9932922601654042
15186,1.0550909416342495
16178,1.6804513661454221
102103,0.9815845629082922
67477,-1.828948374979805
26371,-0.7797988123306112
192292,-0.6884070015959995
69815,-0.6884070015959995
69806,-0.5800515410163563
17760,1.073263284215324
59040,-0.7221549304157122
21748,2.311628891885217
54383,-0.620405511415365
14105,-1.564029267403587
16000,0.6834122238275775
20913,1.2949675436826018
17938,-0.7209008800863792
76577,-1.0335168588384684
268970,1.1177532006456259
74090,1.3723500244974618
69583,-0.9667698152060789
546648,1.2196814887547376
68742,-0.6148077449909763
17002,1.7604747667277172
66212,-0.5043337014058853
58810,-0.7433372999287133
19070,-0.830792758970798
15114,1.9261981673795123
109676,0.9271478944795284
117589,0.8196352304998964
94245,-0.5839208276423253
68423,0.6850248214852019
22218,-0.585686579744241
12985,2.267252301207252
70350,1.3379918255162302
13401,0.979685511973063
52024,1.7043980672031456
13595,-0.5155115803325092
80876,0.9033245667198155
330260,0.5908816407969075
225651,-1.2604909193527725
13051,-1.0059526939122954
321000,-1.1628737015702173
69834,-0.5287830618600076
229900,0.780656047599126
14733,-1.5710635503977466
67870,-1.544092562177073
12767,-1.0533931979858817
332221,1.2157181879809995
243339,1.3272334822621676
75788,1.0857315087567736
71751,0.9923035064030588
100504491,1.2570856695843968
29856,0.6656191772846931
56488,-0.5889000498475205
68499,-0.6100799337532052
72826,-1.1973443188334452
66694,-0.6578061363312955
71665,-0.6628577093892503
17202,1.910589534900982
20907,-1.116503060810012
66482,-0.6285203574149811
17134,0.7220167580021464
104215,-0.7196013005249098
13682,-0.7534240319108854
20498,-0.6200737274343169
24100,1.0800874063017716
15945,-1.3430681874871135
72185,-1.4502233059137692
381199,1.1182176580568841
229906,-0.9915870416283781
117148,1.1845874706275499
11840,-0.6593841321362834
20562,0.9465691128309146
11699,1.3141719608825753
229517,-1.8247294753646557
235086,1.1413179692267637
268857,0.7862378088961055
53625,-0.7180449807098022
103768,0.8979329465299735
26572,-0.8344842342547496
50497,-0.7004655415508054
217893,1.1419901804049148
83492,1.1153024912064051
170472,1.1574897612214148
72555,1.3088124370660434
27426,0.7028305961668293
17765,-1.1081500249402358
269629,1.138337054690595
26434,0.9916978323089776
12567,0.5830437920817282
63856,-0.7106693677063287
11438,1.4552203373626433
12518,0.7635232542727461
12042,-0.803154186371156
26427,0.9779310684112836
20661,1.4919900528601504
67181,0.7339832210559223
74255,-0.7229101252514791
14538,1.0093075196086927
56369,-0.44773316937909513
15211,-0.502612677164672
71908,-1.1919878088489124
67044,-0.4577782988598873
12915,-1.108249955952215
21763,-1.4858242418536634
71336,-0.5357927196433838
78892,1.725973525664731
11622,-0.8455715221367166
75624,-1.0763306256907148
208211,-0.871883597041462
18208,1.8883481768246293
30931,-0.6357488322483373
20403,-0.5690502367038537
83485,-0.4393741002733922
17312,-1.264827586773988
218030,1.4632242253092809
66980,0.8368979128937735
13400,1.769942808809212
66409,-0.5778909674882549
71963,-1.2025283200580743
114304,1.5667534034613873
14284,0.7057729486409716
217151,-0.7186512904622084
109161,-1.201206490111228
16182,-0.6671907484319322
50793,-0.5925369394159556
19242,-2.5024478694430004
18718,0.949645029278205
216578,-1.5294698005870622
52588,-0.5207354657300431
76205,-0.9343643753696504
108123,-1.3021331557951878
227697,-0.8212917670416564
64898,0.684083684791883
18148,-0.7591202249913085
56189,1.7766184875342343
100561,-0.6987239718915159
101214,-0.7151882315802691
15476,0.9445608877393905
69274,1.1221667392525072
17173,-2.007486174382751
276920,0.8953566877569914
69608,-0.8231415249815228
108767,-0.9392268894653579
66578,-1.3739582075524446
22141,2.081060194992328
13136,-0.9123433193628347
224624,-0.6021319214879899
12314,-0.7311340053486042
231842,-0.6309614265597911
20997,-2.768444501936304
170742,-0.9091291234495138
208727,1.2093060077268278
19262,-0.4319297836249607
19726,1.348317002429952
16828,-0.6976859885513385
15452,-0.6730695541941571
20541,1.198420472233277
19293,1.5366343195134178
13644,1.5630404575310983
56795,1.5396970459303256
140780,1.0098494672584692
18092,1.6584557676833471
320816,-0.7605479019089056
94224,1.4798470767873035
17476,-0.7531027224668829
18518,-0.7950498123041081
72170,-0.6856923152946983
22764,-1.6055481905140851
66999,-0.48609941782007304
106877,0.8354235346505332
15493,1.2045008081607014
13196,0.5296956297245536
14562,1.0287874727978092
56338,-0.8786780458058132
30843,-0.6257030133742614
69713,-0.5345910207719147
16362,-0.7736553873241512
13638,1.8408735150529587
56529,-0.6353315348448856
74126,-0.8791251904264659
13992,1.2858733675921128
17863,-1.074776183086132
20630,-0.633929839510909
67836,-1.248875518685023
242202,1.1209593022059563
67089,-0.8583705930787726
17305,-0.6356598324010267
381352,-1.2403730520663512
12506,-0.7012707411204318
66111,-0.5804452337308135
18230,1.3660298273687381
15439,0.7777783776122575
107477,0.7639339462728731
73368,1.2705373437342553
56453,-0.756867547635304
68039,-0.48673404503831463
26395,-1.0458752561898912
72775,-0.5030215979355095
21975,0.5621723071400204
66890,-0.5671762285944091
76959,-0.47151421563227736
58860,-1.534768623522309
76646,1.8747940522081308
78586,0.9959215779948662
71949,-0.6809443510809352
67272,1.1376728205861344
68472,-1.8530031077137883
16728,1.3929139736813
58182,0.8750957947297371
18217,2.0497453173964066
230514,-0.7629953464925574
66396,-0.8299362049862182
21929,-1.5233883857432735
19057,-0.8172444121656675
232790,0.8508804941943522
53868,-1.4808401231345352
209707,-1.3908259938064091
14190,-1.1976658189893294
18632,-0.6751918408463737
12193,-0.7034022433341836
17149,-0.6433507660183988
237336,-0.4784118589413584
378435,0.5003760153512431
17192,0.4412263464661468
21917,-0.65989542945821
70316,-0.5638076828415652
229681,-0.6655218284062636
13528,0.6915891124654383
19277,-0.7175506634678346
19356,-1.057169521083071
67201,-0.6236387919713771
14794,-0.7148037892918477
12977,0.9419211817140027
72183,-0.6466243380801489
81907,1.2719881023870059
13669,-1.1670682260319802
269473,0.8895416685201596
66495,-0.49956460780421885
71772,-0.6957514148072352
12834,1.2560177559670995
223435,1.8118784177322
229055,-1.3356521380117719
245446,1.7995027379928805
383619,-0.8803361163021508
13639,1.1172884212300476
20745,1.6066234935175459
15212,-0.6552051626203017
59095,-3.9812137664774054
435145,-1.1088482363129755
17123,1.3892940467950528
213956,0.5722410108689306
74675,1.0912639498798695
66537,-0.4963530930707538
72962,-0.9446846967782943
100126824,-0.9446846967782943
13358,0.7613357570191974
84094,-1.1551553668265786
21939,-1.018856668837989
67881,-0.4730623145085655
28169,-0.5206167557696535
320795,-0.4936748132466491
209086,-0.7773846038539904
56434,-0.8147115288392746
67996,-0.6454487591635143
70099,-0.49399668207284364
226823,-0.6735942435656259
110157,-0.7110124496672263
83814,-1.151769751601658
66743,-0.6298371795718136
66913,-1.3895984160424648
68365,-0.5503953724613613
17754,0.9792582261913978
18429,1.9435009406871702
56771,-1.8132504281105266
67111,-0.8378889655429109
16528,0.9039536666521926
16545,0.8404979441539098
13527,1.638105092301176
19260,-0.6100183328949171
16975,1.5119361423757178
66131,-0.7393481572227092
11447,1.3183926607153142
68316,0.9343931127880118
228545,-1.0602781801702665
67941,-0.5944296902091732
19079,0.8921869616095268
271209,1.6639036961518348
67755,-0.6538219729366679
17772,1.5670319187293504
641340,-1.038994728309052
258961,1.1875822545792971
58805,0.7280513556146753
77929,-1.5567234382078547
110639,-1.9001353744465916
110855,1.2070087776595955
67099,-1.0063378358235973
67381,-0.865969184162326
66441,-0.9190688198797332
16835,-0.7481675818360207
66164,-0.7424944088938332
73078,-0.6361186715969449
52174,-0.5010112871926697
67019,-1.0614566121619253
19418,1.405724439579128
14938,-0.7362700782570908
56809,-0.49875406207347517
18822,1.1412351998383974
11928,-0.5068988303263566
15403,-1.6376702632944564
27028,0.7712492936823292
14539,0.9466018913215679
59030,-0.7766760670311621
21944,1.4509507055488395
16370,1.0554245250820422
140919,1.6720515920005554
15446,-1.487182086176965
67245,-0.6942987323707062
19299,-0.6398645696333745
16341,-0.6977883309991668
56747,1.7402231078224935
76527,-1.1409921821708435
207615,-1.4791163820687636
268783,-0.7290708003944619
18015,1.0207541865859326
276905,0.5648046809235217
14635,0.6730944971251862
21968,1.3373983090308883
12369,-1.0026588781576429
58220,1.7176489336142478
319740,-0.6039665877779612
19819,-0.9277603447975586
212307,0.7114755099607102
20753,0.8135104882507509
77733,1.4140494705365185
73067,-0.5216798557999347
67072,-1.1740171482945057
93765,-1.2568251507480799
17084,-0.641894651107723
19700,1.3947506175381879
232989,0.7863676530383259
12475,1.2189585776841225
14667,-0.6887718587624585
224674,-1.2760728229864808
19662,-1.7806466093375493
74513,1.7870897379284219
227195,-0.897565103647957
75216,1.030306932643299
224093,-1.3197800893486882
12368,-0.6234467231812282
13001,-0.4790212732386063
28028,-0.6362893660378681
109594,-1.2408639296396666
226122,0.7195125401216602
217588,-1.5390812085503525
216810,1.1185107296803611
19355,-1.09013031930232
223970,0.9705030153444305
67784,-0.6501489033183745
66556,-0.689499351005006
216151,-0.9782359726492365
14114,1.2804493586250025
12164,1.461243038188739
14854,-1.2775470368406756
14605,-0.6788988533410905
70120,-0.8926372306394379
211389,-0.52388268855006
18631,-0.6424425994911918
21371,-0.6921466043429838
57357,-0.5793738461028193
14675,0.9694309315440339
12034,-0.5581555689796431
13367,0.49428040320033695
232400,1.3028186500130516
20401,1.1062049357494246
12874,1.0598430949823365
63955,-0.8227787076202766
20493,-1.7842576639572112
228368,-0.4809510826338066
19328,-0.7344794178686547
99031,1.6843113840474255
66965,-0.49163367867196683
269198,1.0116929191743784
20269,1.328294753552918
14402,1.470684194740194
106143,-0.6223324076878258
93747,-1.3309466245543078
73490,0.9584361236473935
99929,-0.857214565549115
23991,-0.5164556444601409
69482,-0.7389715720871921
20227,0.7103489622018149
320091,1.5370792788157561
66493,-0.5613914758080707
320024,-0.9163578516510293
103583,-0.5171168822878585
110168,-0.8665915922302307
12010,-0.5770358741688018
227656,-0.6022373112193815
70772,1.6595692996241551
58804,0.6879735644979785
22245,-0.47317004885053215
14073,1.7329392045554792
21824,-1.5761296725177356
55927,-0.5158320023024388
225358,0.5652263978688392
56619,1.126797097295535
66329,-0.6798816153146596
20530,1.0530509390937803
217517,-1.4374118443546782
17248,0.8675123831503777
66231,-0.5257490431488065
56748,-0.624232810437297
93672,0.913603963293455
71041,-1.235775224947104
70335,0.9743658669051998
58239,-0.7368639717296919
73124,-1.3252720028991698
56786,-0.4285043163665687
104771,-0.39703474570352526
17692,-0.543770056136351
218121,-0.5603128983477657
67674,-0.5631457124080015
12494,-0.7951960202381398
234463,-0.6508492581484937
20930,-0.5300605053794811
56334,-0.6363534653654224
69606,-0.6565735053071258
68520,-1.21066029911732
67604,-0.8983157434184017
13209,0.6331547518361091
226144,-0.7151414128401488
72098,-0.9850072716967491
78416,-0.6668034709246715
75785,-0.8631203974542281
69332,0.8996227476263368
12857,-0.4057060540463624
76117,-0.767508842077282
15242,-0.6414942275846904
74002,-1.236505877737983
140493,1.092817786791091
68969,-0.5216580365425596
27965,-1.0073082649628295
56336,-0.6042140400399099
238871,0.8515923702716695
110606,-0.5461563443505515
211151,-0.5461563443505515
74360,-1.0089852466027418
107986,-0.7121172483682345
117167,1.6269141379731584
11790,1.1940247826074497
108098,-0.7825362631739692
67490,-1.3794887235406508
353242,-0.4527386565281919
66480,-0.6572761256376136
80751,-1.0388986393840725
17268,-1.0061480553824547
19276,0.8798824535609944
12237,-0.6740217780063187
74249,1.8943666461194475
17527,0.44211116349059587
108150,0.5680129346503104
22194,-0.7924436856379318
23983,-0.6097193208707967
20360,1.436574511521318
68877,-0.44231974972078447
216150,-0.4192518917849206
19411,-0.5053352799322326
70375,1.0628130107385347
24131,1.687233416736884
66260,1.6521670815259224
105988,-1.422426215643497
54615,0.739490218609637
223922,0.739490218609637
52028,1.2311072596968549
83435,-0.9388404265841732
18795,-1.2365002207823554
244059,0.8025353717805679
108687,-1.1620605737016696
20912,-0.8599643558030126
50754,0.7080030873190175
70355,1.266550200331026
140499,-0.5037095724289351
13544,1.0109167149309712
237823,1.0403333819198428
104836,0.6237267171051286
67057,-0.6560745329270468
26926,-0.43854114960168644
14252,0.9996486244186453
72147,0.9049966610426381
67710,-0.5056020264383427
11352,-1.1214551897825746
19255,-0.6364442456846398
27049,-0.6780068924494493
76295,-1.4041399349497485
74044,-1.3403915499665873
271564,0.8260114137852472
12258,1.2351485035911107
12227,-0.6010509263016441
140494,-0.9517100335695114
76800,-0.8060790367488115
12905,-1.2132315444171597
74097,-0.4406362960061667
21821,-1.2993048034243415
75956,1.2695233793234113
213439,-1.0789548833755944
74464,1.263405888575968
68311,0.8499959542369417
67242,-1.2914580137025649
68366,-1.5302106514598224
407831,-1.7765542932628282
108143,-0.5012486148936368
13169,-0.5427667532323728
71817,-0.41803210839683125
81004,0.8674173345853822
140792,-1.230181220248669
56249,-0.48835224289815393
433864,0.6006804680894469
72999,-0.6830115015255096
17763,1.183239826283959
12464,-0.4353351477118288
50887,0.9893819875068912
19052,-0.5281098917688762
16783,-0.4822659477513973
12266,0.6202124138936131
238988,0.583288260693676
22226,1.182127776414259
57896,-0.7456692017019844
67769,-1.334684506760487
544710,1.0063541003904497
16563,0.7293888800494734
68511,0.6234605195161667
15384,-0.5063020057379521
76983,0.595374855884498
24030,-0.5417109354844545
240058,0.4851470460479179
98388,0.6037682480347808
67681,-0.6800978973399605
56248,-0.5199128567043303
12876,-1.4670327393919216
213402,1.0512557994241707
225182,-0.9240814601726308
244653,1.3249159436517255
433926,1.161357038313195
56808,1.2313485497525445
66654,0.6617477868684882
23806,0.697562511802313
16963,-1.3382084348352947
19172,-0.5323213737283936
75302,0.999713872954973
213760,0.858879011159666
80879,0.9084613215080122
75689,0.9124844459158075
54402,-1.1582829681499334
19225,0.5616229896615188
19038,-1.4420484708789942
226791,0.7983748701756355
16803,1.7278133698774818
78610,-0.5432613737486935
664883,1.2927939504107817
240023,0.4567648474739485
66610,0.9281715455330346
71840,1.0251162581305806
26426,-0.5078055167991007
18022,0.4417618590461405
110135,1.1009245781620391
22325,-1.4751755307159171
66371,0.9771385228584384
14017,-0.6197537882699429
231600,-0.4225963258567109
102334,-1.470842550603245
20182,-0.4852615860726388
12489,1.315513728700676
68323,-1.082978656739889
67732,-1.2025809241971643
100216539,-0.5022212441074387
268449,-0.5022212441074387
108168140,-0.5022212441074387
80915,-0.85941469119454
16162,1.5038041883639686
11603,-0.9778140574268006
19334,0.3963860630050089
15258,0.8498234971556329
20932,-0.43517354709752176
74392,-1.7314162496875696
74144,1.3183040135825634
73251,-0.4696365860468177
11816,-0.6358917540198252
74748,-1.3820199214187916
58181,1.0024185991761456
56774,1.3257758432000886
58186,0.9010857879154486
57319,-0.6933117885124762
26444,-0.44688398680523633
14400,1.6993053140032228
226970,-1.0457744377321418
232946,1.2638355639478096
67800,0.9207786886667044
71839,0.8827287050102859
13449,-0.6409124012340648
54375,1.1173359719789726
76252,-1.0148430748137116
71673,-0.4172641791288356
68738,-0.5545525105744105
320376,0.8380339967883437
66854,-0.5689077172772503
56863,0.8007970750171376
75454,-0.4567400617119315
399101,-0.564615856553349
100306944,-0.564615856553349
74718,-1.3689912795061794
69089,-0.491055925689837
66917,-0.5158825851699831
20202,0.7949283767199109
64010,-0.9199493293692145
194388,0.6912984475806816
105239,-1.0644376941759868
74778,1.182363603358949
70604,0.7278245235977199
21374,-0.8497719721999246
56036,-0.4668062498724783
107951,-0.5545610139001536
330959,-0.606040650745511
239743,-0.5771081352831882
75568,1.5844338935054583
66253,0.9429007097935713
18451,-0.8050956748953659
69131,0.7710661236428944
11502,-0.701467289329222
21859,-2.278574662743928
76539,0.7086409312341289
232334,-0.9626714940053835
12223,1.6430798136676783
12064,1.7104901576731404
53886,0.9660605111616318
94062,-0.537809643474942
53323,0.6477423884176687
66205,-1.2809864098739308
14705,-0.7628764625688813
18588,0.6034648761109471
72055,1.0953880033402505
84682,1.0753696346593404
68090,-0.6367327681124024
263876,-0.4102857496330383
15312,-0.6183097784708931
233877,-0.9604421049012384
18020,-0.6484641028454563
16326,1.103663377739955
240215,0.7638263807892383
234072,1.1713114644601728
18242,-1.0482325177048315
19074,1.4881460509778845
14009,1.3205015487996237
22033,-0.6596877437224187
231871,-0.6139463037443145
19271,0.6731730666901452
74081,-0.9489299621189149
52700,-0.50244934028294
56079,1.0657662518416489
76257,0.8802146193567877
110911,0.5090392465038374
22157,1.0581738624125858
14710,-0.6029583901018363
72480,-1.171315852270828
13666,-0.8922335160324719
18674,-0.6915273451110497
20729,-0.5962029473998474
17086,-2.933036904237728
68151,-1.0541874165217315
379043,1.0687928040215127
28077,-0.4552442667771359
217410,-1.4415764373267956
56273,-0.9638645121298222
67446,-1.0389639953493663
21885,0.8209395737263563
66126,-0.43047473234854117
76938,-0.5531644595874532
319262,0.6497351040360275
84544,-0.5811690514868957
18612,0.7839972823731731
11538,-0.5694200402504705
76688,-0.3409004798620785
28135,-0.42601863437912435
100042784,-1.1454943622928537
54153,-1.069429398861308
13427,-0.632935524079766
241296,-0.4992854301756413
67979,-0.7153678193750999
102626,-0.47402407426390347
60364,-0.7584708802738032
17344,-1.1298558372819718
53612,-0.47725890763691226
75796,-1.4495818878662394
20203,-2.1084786339985158
67533,0.9503088460448765
66532,0.9503088460448765
11739,-0.4527873049146809
228413,0.9842896479524113
16156,-1.2517530016884733
109229,-0.6063004246027024
56438,-0.4316845036308621
217664,-0.6672504056601065
238875,-1.304826475855985
104479,-1.2823042181371758
272636,1.0979578643483583
107769,-0.43182527839729445
69185,-1.2023094482239367
67397,-0.5797596554148932
26384,-0.5505805897904885
22019,-1.253077618446727
216821,-0.4904927815007305
64294,-0.6083761346185304
67045,-1.1986003191426597
19259,1.3667031605789486
67043,-0.5719783179489646
110175,-0.7137825626467933
12508,-0.6484082069802746
66125,-0.49301030469164786
104175,-0.581627730443639
105837,-1.1222939316073903
26992,-0.45272913885121646
15410,1.3294151471055997
57330,0.686923412721832
75266,1.2701915177496201
23873,-0.5404661191355347
52840,-0.443140457452051
53626,1.5287832329119553
15560,1.3258049319179142
319899,0.6081369072222795
231440,0.8322335089833839
259097,1.343816881160881
353258,-0.47982748933467256
12702,0.8340617697430179
19143,1.0058257429196793
20867,0.5793920255433314
24060,-1.404110998404807
27393,-0.5275934266747253
55980,-0.8951700351429652
56295,-0.5901130219628801
104263,-0.5435021001181077
226844,-1.1336569763531408
360013,1.5809704388525088
68966,-0.5268493629368809
83675,-1.6421981493466968
245596,1.2333965716506876
18570,-0.6502791625543765
246707,0.6931854037875809
74026,0.4850635150884024
20423,0.6525356176275792
20280,-0.4294596432005946
16668,-2.000705807417532
319481,-0.8756709218165746
12750,-0.5949845989237588
19384,-0.4657207571614226
68212,-0.5065349990107659
17165,-0.5427884041933595
15401,1.6055363238959623
100534287,1.0601867456438958
216345,-0.5527609471585491
69151,-0.9856283812676452
20430,-1.4704561237963798
68539,-0.4495926055066928
69527,-0.787709641041161
52705,-0.9300301068537058
170654,1.0627571850702715
66536,-0.6794175192475507
73998,-1.685688802852228
56017,-0.5137896082753475
19650,-1.62046815580573
380601,-0.7752648880712467
240263,-0.8490590772693354
242603,1.432135313460182
16917,0.9101704319927588
69601,0.573212498106809
67211,-0.5179010141861387
108705,-0.5213683188983982
107652,-0.9036150642001743
15278,-0.6625012956461349
233332,-1.0334525586855268
57170,-0.7758543836776504
70363,1.1727374815473564
100756,-0.5650647971657765
102637926,-0.5650647971657765
240595,1.369972785641687
56176,-0.6249863544978744
240411,1.464642174274938
26894,-0.4110495653726769
71991,-0.9792829245458963
19895,-1.0402791211134197
67300,0.324017932632616
20361,-0.9367012979548939
67804,-0.5572376881862109
71720,-1.1211323409263736
67239,-0.5695915793777875
18576,-0.7421255564186104
215476,0.793059848936716
13204,-1.511059914515453
71296,1.3608489331056868
101612,1.0312169907567998
13010,-0.4631561243588376
12525,-0.9718044191057302
15441,-0.4816314372532915
71151,-0.9469534197612797
67830,-0.5100031662198443
319944,-0.8648013494792011
63873,0.9700100166578967
66197,-0.9383734373008288
67528,-1.3226790469076102
212123,-0.7359053965450464
16542,1.17144891060968
216705,-0.6755383350633091
20688,-0.9451931904827706
217169,0.9837798050253923
78752,-1.316055112662208
69833,-0.4515460900697139
69459,0.7504268979788495
21752,1.3411947732994243
100039795,0.9329850620683224
67186,-0.3643291048307109
72338,-0.3643291048307109
104009,0.49828101611883824
52570,-0.7107540778209946
23997,-0.408627521012324
13368,-1.195979158826594
19289,0.5959480349927126
16155,-0.49705960957577666
11513,-0.5032288015516961
268564,0.7658987788890901
73834,-0.43401737809069196
77045,-1.1924817711834885
56506,0.674122471915581
66868,-0.6172045522087597
270110,-0.5607692065667482
17293,0.8287508405910486
66857,-0.7620119517121946
105439,-1.3440707828048133
54170,-0.743587280518371
12868,-0.32639272893957205
226409,-1.125126249252772
245308,2.126844731923553
56209,-0.5756121746048004
69723,-0.5137126167100625
13040,-0.722009338138955
217030,1.085935110802744
16348,0.5404460966454199
67207,-1.0551849049506385
66362,-0.9745545497117911
12412,0.6113275130572138
13434,-0.8864440734657233
17685,-0.5179282986604488
110172,0.3851393554261886
16504,-1.0701142445861755
56185,0.649540181862629
14409,0.6114397245352325
69674,-0.550228100135497
68731,-0.5935381308963308
27058,-0.525962176869399
193813,-0.5649411941591502
22214,1.4813788651285655
216131,-0.8541116894652623
19341,-0.8896407280066425
20463,-0.49038078911022787
51875,-0.6661169576910186
22209,-0.44361079364428946
15531,1.0569534842275354
231874,-0.4639178896378322
226646,-0.5567749297169602
66307,-1.388926809498913
56734,0.9807153264250061
230119,-0.5848319189771605
382083,1.0734168594234248
102141,-1.2675998096958567
12747,-0.7751009248553036
319555,1.2370317789885155
74192,-0.6953264187133836
107375,-1.1039042674304858
18949,-0.6239557985354578
230777,1.6594997122976887
75991,-0.9333083447615982
11488,0.9606756157120806
170791,-0.46537902435632006
545474,0.6098200867714398
14359,-0.42559316051517015
24084,1.6671426088751122
268390,1.3556736449353197
68558,-0.5986367480468875
21815,-0.5504548745726421
68724,-0.5619099148782674
140629,-0.9692218832755657
14365,0.8080993068194466
72552,-1.0896822086356384
21843,0.4978767925038383
66104,0.813802249560009
232536,-0.6600525633598764
56693,-0.4132976841219804
258756,1.2740409814593283
58800,-0.5318252410826236
353346,-1.2896069858550847
229675,-0.8258959363769964
117149,0.72238888041396
54135,-1.4531928043300955
72754,-1.409381906653322
121022,-0.4799499598218091
56738,0.5005594515286909
30949,-0.827381529269501
236266,1.1781229251313796
27402,-1.0692494888284862
71989,-0.7528933372908426
14411,-1.6865845068726366
13340,1.2491855514755326
12033,-1.008167460687078
74463,0.8414810078271264
17973,-0.7830308158314114
238323,1.6512797578267122
22385,-0.9322391053062677
67489,-0.9503215531281421
12226,-0.7157302509988543
212933,1.4391372691529818
114663,-1.1135660432579844
104718,-0.9626703030458756
12461,-0.5455311023026006
230582,0.5088423883678965
407823,-0.8943752034984538
66573,-1.1923024268406222
110524,-1.1278226502931048
213233,-0.7902135004443744
100039681,1.3274780056192217
105689,0.41001396196799256
68177,-0.4898377855263405
20969,-1.3090983719832456
74315,-0.33608373677479797
407790,-2.75310430478961
231148,0.9406054444150449
14235,1.2219478814752422
16912,-0.5651995685695468
58178,1.0131322024610565
218268,1.2140428171802204
170760,-1.1322066668556898
74498,-1.5052375193720229
319757,-1.2975582116399593
68119,-1.0754681370885022
234138,-0.6031858945856001
14027,-1.117612227714134
69582,-0.5521527782396536
246317,1.2979316770124196
20292,1.1186124224281442
19364,-1.1872381319149357
218214,-0.8408082109975616
13709,-0.5844481228563154
78473,-0.443502638754925
63985,-0.3985438878210079
20964,1.212944595923748
68477,1.357662620956269
330657,0.4723774587246723
71461,1.5351917543774558
56426,-0.6948220151130275
52538,-0.48963856993970367
70784,-0.5546708764448098
277973,1.4694435716197778
56735,2.113952116443773
73738,-1.170610065569754
74996,-1.105995923563456
84653,0.7610922628642003
22163,0.40731408748508713
66511,-0.5674117681930024
113523645,0.7002618945490449
106633,1.3317113766780038
225010,-0.8666679170008065
54394,-0.5984085066892249
69533,1.1119989680411626
330938,1.1568356538764748
14687,1.0310380177357361
68939,-1.9159757747880928
20393,-0.7009447997223095
18300,0.6830486643785338
19181,-0.40494823857280515
117146,0.4963601639253863
23999,-0.465142269277143
52670,1.594874695539338
14461,0.5337668210664388
19177,-0.4488402005557717
13178,-1.286072218488881
64074,1.192388782363694
19981,-0.30831726814216864
66624,1.5625294817487934
70625,-0.7112680867885448
64661,-1.6224912106769116
68275,-0.5057945773478547
73836,-0.5403685326945542
69912,-1.6505053520359478
56857,-0.8358607843365684
17918,-0.9715653659247003
330890,-0.7752471299132013
69091,-1.2069663951371972
16434,-0.44835936952510913
239827,1.181286144805619
20320,-0.5280656870797742
223604,1.3443255530212852
84035,-1.0408330597322957
21682,-1.423839917348296
66506,-0.5809614128310958
208154,-0.7694503202979828
22354,-0.590118653349796
67936,-0.5459616130379406
16679,0.7787644906684559
74732,-0.6450336548912539
106052,-0.589872969425624
18438,-0.4949006822533608
13516,1.2639793366328655
66510,-0.44566517870643807
56305,-1.0353392912078991
22095,1.2873593105557521
98496,-0.9837207491072357
53422,1.0094815602772194
71889,0.8081973688126034
214158,-1.7528573939511816
338467,-0.7788502914747948
20439,-0.6549631554651292
56745,0.8205759801706538
67838,-0.3626261777006192
19732,-0.5140378320117502
71897,-0.6289783198783203
23922,-0.5021177561408088
403178,0.49004579210242305
380714,0.7039182849391628
11556,1.2264837026229092
170834,1.457032249570922
69672,-0.6886311330040265
235582,1.021743184133685
71648,1.3262861152572336
330189,0.7226958271964463
233833,-1.4304952579948198
69906,0.6926657125580773
11564,-1.2495144739349247
67966,-1.4602604161428747
381073,0.9598449107235205
17308,-0.5331614654423387
14583,-0.7159673384450507
67136,-0.7099022831999262
104318,-0.6543119385914213
232983,1.3465913017307232
74185,-0.5302858791898304
67946,-0.8567214810076171
72584,-0.7827492444387287
58911,-0.5130696450794421
192231,-0.4204755791354309
228980,-0.7502168320943543
78938,-0.4910159697618699
227627,-1.0051032813346685
22652,-1.1995374643849046
17777,-0.9019610631341117
15481,-0.3832054491495036
14268,-1.1022018064649437
327826,-0.591198505410893
66887,-0.49904684161237967
17425,-1.2156936783524133
66938,0.833816026929874
117590,0.996215124732915
68011,-0.502705389348467
241201,1.0989852585907602
68052,-0.40372701137251354
19082,-0.41249488991564753
56698,-0.5819529498223872
13385,-1.2889799361033791
107435,-1.3043960534082917
269693,1.1267755559844352
20390,1.1002943118035402
70823,-1.1785709835321043
239931,0.9922665394348207
14255,-1.0551672655570963
52163,-0.658675126446119
237500,1.0237545818537068
66309,-0.5069311916112014
11481,-1.0437662456910157
106564,-0.5250646120488796
71707,-1.4034788023012714
71795,0.7114393088768534
20348,-1.1290047898806943
21353,0.9615768562521438
224824,-0.3768704460735144
170718,-0.4720398642602337
57911,1.4810632064813198
229841,1.0052585701593566
78394,-0.37863343882338896
74197,-1.060939698588733
114666,0.6974650430755212
53871,1.3450527888197295
59013,-0.7155266403048479
102462,-0.5899081074418504
404549,1.0584602910170444
328232,0.9986864564430267
235574,0.4065943941679402
20843,-0.4834521377721064
67935,1.3471326918991195
229096,-0.719787130633545
83486,-0.5932807860315243
338320,-0.5521374474719813
19826,-1.6728838527948318
268656,-1.358325574991551
212670,0.6260925585473824
53598,-0.35465845735099144
14768,-0.30787292613746153
13476,-0.674941840936266
67767,-0.5293142779577931
20130,-0.3887241244293431
103468,-0.45820918849183023
26394,-0.4321778152628042
103724,-0.6007770664391412
21926,-0.7141759411250437
17534,1.3323175265325946
19188,-0.4069388312664035
13830,1.1976718170138794
19645,0.6168524567799132
12615,-0.6407771888509419
17448,-0.3868513824997546
67657,-0.570882671058353
53856,-1.2282861088240145
57377,-0.4543438988517785
73666,-0.9618112316898122
17301,-1.3130882117185987
78891,-0.5660115990671102
22785,-0.597886893407634
16569,1.0388934854457403
21413,0.5567875989827122
110095,0.8503905254698072
68140,-0.6673081992296286
79566,-0.33757506405504323
103710,0.610548375522411
14265,-1.3068817466140032
228026,-0.9904111285698782
23879,-0.4335470915480748
67025,-0.4344277471677298
100087,-0.8889017964234096
72121,-0.38278079412257604
12339,-0.7983524409256617
76485,-0.4739507472370068
14923,-0.4042147643607006
76498,-0.9281733285515754
66881,-1.0330515346222313
67738,-0.4840998823374605
12894,-0.6357487684871153
59045,-0.46487922104411794
66044,-0.45634861221267364
52857,-0.5329591435856003
71777,-1.074035435404161
211488,-1.2262200403449786
67694,0.5681324541555899
332110,1.311144554953147
235415,0.48242959149295217
66108,-0.3677472536335138
20658,-0.5801835515929383
72828,0.4997680813473764
77836,1.0003662411243948
242785,-0.6000203809860745
102323,-0.6241792311692107
215446,1.4625308265234525
105446,-1.088084663295528
68736,-1.0032495247786537
66350,0.8954916388472753
14272,-0.42610296186499497
74116,0.886916124279816
77040,-1.2538063608530736
22335,-0.3312353452062702
216820,-0.5249779351292503
234395,0.6394186344736852
209462,0.63750294599929
18483,0.6346332404584079
67295,0.7135298575093607
69178,-0.39361467904920033
67384,-1.0859012859173323
57915,-0.4650767911121516
15896,-0.4765712249894136
53319,-0.5974835583713602
12729,-0.4277527990405625
18778,0.7109330640903799
69816,-0.4603187115523468
110006,-0.41292281731788627
228598,1.3822051429617082
225028,-0.7582836150404146
56409,-0.3995543773953667
106869,-0.5131288085067105
268512,-0.9373623991601123
12499,-0.5384746699745566
66724,0.9593555585794888
22247,-0.5237968963804018
226652,-0.3965678936836472
266692,-0.7635113461789942
14056,-1.1393829602864347
27362,-1.0313357378955166
320508,1.1552031348044105
20196,0.5687628304632977
18120,-0.5383891845708817
14758,-0.7405905495306335
19934,-0.5133306567569988
11614,0.7146935000086914
116940,-0.5136000050159906
72136,-1.045459203163631
67414,-0.6526934933128645
13872,-1.03387210099016
16478,0.36585644046789056
27053,1.1335078218617252
24128,-0.657840002427001
66446,-0.5460820019524775
67453,-0.37107445199255373
71069,0.8905052831705236
218210,-0.5111033104343008
231430,-1.313894056037916
107071,-0.52154241259597
15284,1.1553921726299885
228785,1.0501015466659087
23988,-0.46916412598595514
93679,0.4574919825894632
26921,-0.42246261460610235
18519,-1.1269611892489593
12865,1.2161398891716937
66932,0.8072742773367665
69019,-0.4370049922789576
214854,-0.8466745971221208
74355,-0.602885787740842
26396,0.5263897749808901
56690,-0.4385745357102948
100043597,0.9686430660607028
20014,-0.407261906980537
11909,-0.5094384445059923
237211,-0.6889711010174393
243983,-0.8736844983581937
50928,-0.7205662318876138
140858,-0.5340503066263391
66201,-0.6144058523372902
125179616,-0.6144058523372902
15108,0.3873865181748801
67204,-0.3410100423107476
232089,-0.43794398658410216
65019,-0.3709055292923047
214469,-0.6051109782335455
98752,-0.7009485645441984
17470,-1.474721816866583
18559,-1.0127531339360125
101471,-0.9412143589298152
16846,0.6097561898244903
216021,1.2683726480363804
12725,0.6231693669737215
74766,-0.9236013499067823
94180,-0.5502127105618069
668225,1.3310582444467327
67203,-0.4967596140221815
15183,-1.2051048977258763
66313,0.42731010917123946
76192,-1.0813923429277557
27276,-1.1323858163112916
78618,-0.6342338408672274
15382,-0.48582907896804883
67903,0.456536709503486
66540,-0.5437575503496621
71148,0.8305627038330652
67789,-0.7677745824308451
67091,-0.35822847133770885
14537,-0.6539710927933662
58179,-1.140572414104284
12387,-0.6688879330316091
72461,-0.3436237226473313
628870,1.1270913582903805
104416,-0.596609823430791
28113,-0.6467137626531123
68203,0.48820058675814515
19663,-1.1301026138007275
78893,0.7057553859511998
226849,-0.4994058040081679
56224,-0.5753186067446139
70510,-0.36181192125302886
73945,-0.600965748605713
17449,-0.4107628689356311
68053,-1.124857147904824
69544,-1.0576781142492768
20272,2.023449667122499
50767,-0.41541072208691787
94178,-0.41541072208691787
81897,0.4881055148296305
235132,-0.7187808656144581
69792,-0.982157137444509
52808,0.5642011075120443
268451,0.5654849314311949
234219,1.5608486139157955
170735,1.0688698455941656
14945,-1.7141360502446776
66143,-0.8666502407623131
105670,-1.1548242436499967
14732,1.3491988310541352
20400,-0.66681313254883
237091,0.9267412404194264
69257,-0.5899198573823909
219103,-1.1150792118011124
76302,-0.5600975429282506
16185,-0.5961922466863019
224116,0.6460941637790203
218503,0.885863392564727
624910,1.0502222890685449
73166,0.6858789436411961
57261,1.0415333175099537
260305,1.2389056755543884
387524,-0.6468085625904294
27275,0.3248494924275791
216767,-0.3911770895954785
110637,1.3074923670089502
102791,-1.1158021112481658
13131,0.6271856531882936
110333,1.3817510169099223
231549,-1.1688042433625547
26927,0.8387756910583706
71276,1.137626693345445
12519,0.5632662697156832
67311,-0.9125681397909737
16650,0.9920748118214693
94176,0.5844626129161483
13487,1.1636998125143663
22408,0.7814519636952575
80286,-0.5943769247065243
12812,-0.641824486410262
72149,-0.6662745306280176
52815,-1.1327632945317774
77805,0.744699075910086
380753,0.8913780795388959
27418,-1.0635253388756896
68970,0.8920352666904918
103466,-1.2872034940315
56187,-1.2277616399439628
224640,-0.3975823429816323
14201,0.9729970258530498
11593,-0.5768274374439155
68667,-1.0935671790501265
18590,0.5182638426018649
12626,-0.6948549402780557
12507,-0.511780320493612
73902,1.2787772459452644
66204,-1.1613803523529542
13626,-0.4697374563700283
328845,1.2456286633976736
78903,-1.1818987764456308
17961,-0.6804592185838372
56788,0.7860420902229572
209357,-1.2370090759809136
108897,1.6922320409069016
239739,-0.6054613842155447
54712,-0.8754341907636416
338348,0.37235935387509755
243621,-0.7316346161702842
73086,-1.3370642704696065
15939,-1.0736028343540678
20016,-0.4687719155551733
26416,0.31195787559393473
27103,-1.2269536809500607
229776,-0.8701197125637439
67511,-0.4147932329316468
71721,1.3585851943513045
18573,-0.7223422727936395
19346,0.38226339428850586
74383,1.0132094021007916
228961,-0.5195679063013365
67951,-0.5798293473718292
80880,-0.9389306544992406
16847,1.5792138273769094
218397,-0.9957189201708818
16653,-0.9082309523455399
106369,1.1428546526156884
215693,-1.0535691898482877
216136,-1.084478477026014
269614,-0.6343654079244541
69260,-0.7786241357166999
83383,0.8820764915530797
70791,-0.5439530820452632
276770,-0.3453807704129819
72630,-0.396928044857237
107589,0.8087629835652956
28018,-0.9144201404946992
22282,-0.36555755147265856
99899,-1.2535272575307221
23830,-0.71800647451649
240396,-0.7569477215845861
20927,0.9926248873722043
11479,-1.2223898863909293
21376,-0.43300014678678167
11746,-1.0501396204648596
68957,-1.1560672298667765
13804,0.7046447165340552
22017,-0.9249487868290878
268977,0.6432157249419035
12421,-1.2062298544760814
13640,1.076296718374067
56422,-0.5031459587214044
212989,0.9567165332304217
58208,-1.2293339240758199
18577,-1.1230430845948502
13722,-0.44674036761610125
56794,-0.923084436734154
234776,-0.5380216257875716
209448,1.3876411060006206
13885,-0.3648254640965085
56399,-0.45600215644805075
277854,0.7966765189973
21343,-0.5234307252888772
16330,-0.4631777671563224
100434,0.7219792297875198
72729,-0.4293284133558526
17035,-1.3210605626196568
22390,1.2687547354719184
226591,-1.1019470555239437
57441,-1.5267774940365513
70310,0.556861613751062
16562,-0.6063378518665239
66065,0.7155458229251259
246710,-0.6127337094546323
75763,-0.9360432058157544
52635,-0.6860494424683683
14696,-1.116725403815841
73658,-0.4283306395344866
11793,-0.46752417545345537
20639,-0.5013665316833986
269954,0.7386562671275971
72140,0.44988007943637953
70093,-0.8431020948636556
67877,-0.45745409266548975
66361,-0.898607546064774
14718,-0.8704364904028168
66248,-0.4939372768180412
12492,-1.0681742118076816
69550,-0.5237605599460373
74563,0.6891759646288005
30930,-0.5381363215548323
66054,-0.5359548064383546
17354,0.6950601719209164
52589,1.1760180734094288
67417,-1.1973927984924293
29858,-0.5414291308920003
23789,-0.5476022437328396
269513,1.1386356684486576
68636,0.9929036351372069
12443,-1.2552022441051207
52231,0.37344171765830225
19035,-0.4359502778120614
94219,1.1002059986340544
104444,0.677672079276924
66119,-0.39501290334047034
56070,-0.966795561494882
12417,-0.4421093551984292
74504,-0.4631849561054917
71932,0.37829067275426453
69113,-0.561545962859876
55935,-1.112541305744239
330222,0.6725363393618196
21938,-1.0711340557391713
103268,-1.1674318138347584
50771,0.6691630274574134
109246,-0.6381935792338496
52432,-0.3351652348972838
74330,0.9731856636431981
59090,0.4618493392905396
74203,-0.8675883717153479
58212,1.336137294369296
74369,1.2943184769545546
211623,-1.7750602579626902
100504285,1.155797686252356
12337,0.6062591016637091
67623,0.33187281203200847
68350,-0.7391501841121038
20384,-0.40042213859053355
432486,-0.8496124195048846
112406,-0.3530057849889907
26939,-0.9861132721121662
13852,0.5367029537364445
109929,-0.4626965589081813
320487,-1.1137752055632086
70771,1.073501046407181
276846,-0.4307684081170251
26379,-0.4810310218387155
72310,-0.4496860933524687
69577,-0.5096789140801103
66335,-1.1903007101232488
21745,-0.6300468198030789
56032,-1.2143187614970632
215449,-0.4323295026749161
72383,1.2654216295556733
77767,1.3784592399550508
19252,1.0586666199151695
50498,-0.5436440730495313
26901,-0.6298841094367358
28185,-0.5588985291143169
58996,0.502676120611854
229228,-0.4992889828410796
71340,0.6873055259380418
433022,-0.49726431428264206
12824,-2.0004464699394084
233836,-0.729023951255777
77634,-0.7491021982807853
56324,0.8652839457631352
12015,-0.4150362417538087
56440,-0.5018520939753266
53379,-0.43242377433709756
56354,-0.417690680848823
83557,0.7160143016121427
76366,-0.8828805297103575
52504,-0.5949818258181496
57810,-1.0816056061091146
19211,0.3836869150999984
68764,0.9706739193477247
104806,0.551149297065205
70882,-0.708781863493674
68268,-0.5475207465410996
245827,1.1953860929063227
68662,0.67815286843505
21778,-1.0455213825938525
225659,0.9030305325056212
79560,-0.5017337940351538
19656,-0.44075225905822
71732,-0.5122474398195198
381409,0.594858739370772
19377,-0.7760609452797809
70233,-0.6829084480751622
72661,-0.6239407666008638
19119,1.0774192878345987
66686,1.1405472814603268
81489,-0.47025477485650313
226438,0.8176055980117329
18704,0.8322035428393919
68178,-0.820552211974487
16582,-1.1443213098772755
15370,-0.8439317889918136
234549,0.3686126875780307
213311,1.4430406598604981
27999,-0.36388900884966446
19226,1.425653647323334
70454,-1.0701997613876575
76479,-1.0579210808507584
12325,-0.5880476792492111
17423,-0.5880476792492111
57435,1.0374879258179366
12540,-0.5004473738668498
16905,0.46008036275880393
75613,-0.9486698742455744
18045,-1.284067846331391
66548,1.1974531597635663
71927,-0.3659719144972051
22027,-0.4122915090124035
66593,-0.48685777395058505
109065,-0.9694324938533407
74117,-0.5274192270330662
17450,1.2017398498669705
269261,-0.3814872019905806
104367,-0.3814872019905806
14289,0.961177829555643
64704,-0.32675104782654785
20916,-0.44202339074714736
232984,-0.7244677893798945
319817,0.47382598897302053
14254,-1.1719348928137823
19167,-0.4513613599290167
76380,1.0757278230537755
11305,-0.9963777838582866
19027,-0.4382571044322727
12675,-0.4768222962041637
52715,-0.9996404427116308
212285,0.9492993456260912
70573,-0.9704840447750662
72821,1.2942390768104302
19223,0.9033966557397539
27397,-0.7587796062242225
278180,1.0696111068842775
18082,-1.4264704406474111
67273,-0.36935016991394676
11754,0.744628471138574
433619,1.4152410266931756
654498,1.0799114950183144
66403,-1.4526740840316208
12757,-0.42628116261296434
81845,-0.34531323623028776
17119,0.722552562363818
11487,0.37607957246929047
233977,-1.43445968169092
70495,-1.0672542802899194
75516,-0.7098486389757603
20239,-0.4793838309326599
73690,-0.5177975442588441
108015,1.0462575126374603
68201,1.1700208304059903
21384,1.1620686721632922
65973,1.1642167131646364
545622,0.9366648421269415
11911,-0.37166320039779066
216961,1.2306440124149076
64209,-0.4902871302330336
13386,1.3825387941587355
66964,-1.4707566791097673
20638,-0.37205337804128646
243819,0.4237046920508334
68255,0.4237046920508334
27211,-0.5012405293940354
22121,-0.5012405293940354
27208,-0.5012405293940354
27210,-0.5012405293940354
21927,-0.7035821553816302
69444,1.1320069800461345
22042,1.0892308923669294
218335,-0.45977143601163206
229898,0.5112240306782976
226517,-0.36654790037406215
22371,0.6743224504771046
227522,-0.8099753574727293
19013,0.6039995154051798
71978,-0.6552684593800286
74455,-1.2183268501734412
19652,-0.640406262860175
11302,0.7098818293410298
18514,0.764721690860279
74841,-0.48884575845264155
21390,-0.43808190429762917
65945,-1.347387023775179
76041,-0.7384308580713732
380686,-1.1623669180840048
100306955,-0.7876045240647276
19357,-0.4996069397549494
217232,1.0229351232509547
52377,-0.5567695321333819
56188,0.6216735649550049
66641,-0.9159382822724895
30056,-0.598595076713238
245857,-0.9517942895986238
98221,-0.4072709956041596
18715,-1.1418781340722255
71904,-0.509810275745938
13849,-0.6205771332125796
280411,0.9531455041297248
52855,0.7568544621639308
66078,-0.33790868941697205
50773,-0.3772584966516721
108071,0.90864925344954806
230936,-1.055158074372745
66934,-1.0342015042323922
114601,-0.4046584924949972
210766,0.36360733889974917
15254,-0.3805841568782764
546071,-0.8903141847484006
19696,-0.6286216362731558
66921,0.5542092319434619
72323,-0.8532801457711265
211577,1.2722189727164173
72615,-1.159139898307318
71268,-0.81194802971899
76787,0.5140484816689721
22217,-0.3594320710689356
245537,0.529705967647983
76563,-1.0590466505355813
212442,-1.1635699873751069
106840,-0.8350034923177452
56444,-0.3194645508651597
100502861,0.7954376059734578
237222,-0.9770183838030402
23845,1.0837966310184544
13713,-0.5154229221093907
84113,-0.7381191113576877
14618,0.6658019955611412
77254,-0.41447391930804933
104885,0.7823857754773949
30795,-0.4568032342429067
21812,-0.4203728014647936
52592,-0.5374344565792555
69702,-0.5910372271122579
18712,0.4653609909370875
104130,-0.25692344789609933
68080,-0.8906732454169628
56541,-0.8333967608688093
94066,-0.4279940610947932
207920,0.7838008266337404
18550,0.3610292174662728
12143,-1.1355129112137705
64103,0.5267127826611513
66399,-1.0065646923579816
77799,-0.7373871654476067
21853,-0.9113959430673786
225348,-0.9604463826866931
216799,0.7080151987714443
11651,-0.4770738697195718
230904,0.5356801119327255
16192,-0.6026781173338422
30935,-1.1907889088502737
19106,-0.4774371141116447
81904,1.279404085490376
69259,-1.495702051268105
68193,-0.2748755589377776
20517,0.78559169473548
26410,-1.070902590896666
21428,-1.3201249443312326
259100,1.4781417107274013
66824,-0.4141785822474695
56358,-1.0674998600999306
67115,-0.3974079032420921
74478,-0.8547336426377052
66733,1.0949274185100544
545824,1.1938929207389748
73671,1.2230783282219084
18452,-1.2406713340741682
13016,-0.3983323897646631
77559,0.5283745095120329
67512,-0.43211320751325033
57373,-0.3746188702094031
66841,-0.6496417349988031
18639,-1.1520616330710585
106021,-0.544746919180942
268566,-1.1159574940184518
27395,-0.34888058579530856
170935,-1.3029051632627784
317757,-0.39273145216919936
76441,-1.3752852275610854
66910,0.9475246736968437
74434,0.706156213094089
217578,-0.5962304566310213
29867,-0.9311252998274648
64340,-1.1415594615281393
213019,-0.43443878631978805
76809,-0.4384890000811339
15900,-0.6066539791675165
78294,-0.41405036670670015
215243,-0.49452685652496164
242235,1.2512423234770336
72129,-0.9020569590428549
54709,-0.3935349694288597
102278,0.8262738045596407
237360,-0.4860070174756874
69634,-1.007243762026385
19025,-0.4469145802386407
26611,-1.2259051823936238
74754,0.44934264392907153
74424,1.255811101844277
68262,-0.35288581678004327
67149,1.010246813742075
69745,-0.42334825165094614
75841,-0.47088620772432854
209212,-0.8566299239701962
52245,-0.7533493589835691
103850,-0.48298460253271003
16431,-0.8232456698031658
74769,-1.060254174451619
22433,-0.35691844554187924
16451,-0.47540691499661314
16647,-0.43407307709469123
17766,-0.5056849716959855
57260,1.5921291912225306
595136,-0.3513702357267121
26431,0.5534724934088793
74419,1.55312415275132
66169,-0.3921813000621306
241489,0.8071357003445607
71361,0.9218410635358874
16184,-0.7610861580485642
12503,-1.1308928283072834
70503,1.1857556175883786
17274,0.7603604812630032
17152,1.0116482783706542
320256,0.6572005602266806
50916,0.885628216740483
67760,-0.8297548913921338
232164,-0.9234188539248009
57258,0.669216369068053
59049,0.52739758043628715
66867,-0.5243067279888987
66464,-0.6094182712255165
16404,-0.95354508148825
12988,-0.44879948844870476
52123,-0.41256617645298554
20855,0.8665482256311638
21915,-0.4454093652630018
13445,-0.434908692704953
13036,-0.528440908850003
67843,-0.4359174748401893
136856708,-0.4359174748401893
78749,-0.5241053792059773
210998,-0.5739696076811498
66498,-0.35817975833593074
108075,0.5712456422887069
15259,-0.4038489686717366
18423,1.3061421848312205
66241,-0.46456432874082587
193742,-0.4741504326033441
216227,-1.5200751605766163
71929,-0.49658505258573804
20516,-0.9378551601246654
22631,0.7051393730386462
70640,1.2393946413728365
28010,0.40224030413412315
105734,1.0463970717028968
380863,-1.0889845543174843
24068,-0.3386219032565254
13007,-0.3315001676193692
338337,-1.3532475250880793
59031,0.40881126464810524
17068,-0.49411621738311773
17242,0.9899887101735079
99890,-1.3311609183346667
74106,0.8391692129235224
66849,0.6713772008402223
110323,-0.3184080565702274
237928,1.054558059749315
66174,-0.736408994912229
244962,-0.7250104448031669
18100,-0.40338614715987653
76898,1.4076474174137363
28200,-0.739514032056876
53325,0.5526107103418099
75452,0.613306232110947
78246,-0.5235863683502391
14803,1.195860926566565
76357,-0.9325309862997777
224762,1.130811177418833
239659,1.239998774016072
244668,-0.6291850512938906
319804,1.324940127148662
60525,-0.5902842593958599
208263,-0.3476497742386808
22073,1.0442048037737894
20869,0.48076641662522235
30051,-0.9195116273879025
19876,1.4284413379950447
12651,-0.402220553754006
330171,-0.6381653546538839
19942,-0.4057677846457448
330998,1.1020632947524769
80891,0.8840912242628693
83924,-0.9375396813752177
83398,1.2998865995457418
20524,-0.4581045304303313
14431,0.4895611578585566
234594,0.41468732376362816
74427,-0.6264567993962107
70294,0.45453278295990174
11537,-1.5524847735820377
217262,-0.9131734156158151
22722,-0.6049449151564836
327978,1.1934129646358667
69707,0.8450476849683151
56077,-1.2189106901545612
381801,1.0676246747667983
11782,-0.9112824614228971
19201,0.5785889056204265
11890,0.732175620962578
59021,-0.9653402905625486
27356,-1.1423759840662147
75469,1.2103572574132988
71982,-0.40997484653092897
76007,-0.8685638869610237
14419,0.6016698360637882
231050,-0.9430979859348314
258355,1.0557166981956958
74213,-0.45115703451516787
233107,-1.1228159990518871
100604,0.5149888067561603
19210,-0.34239722192866573
76816,0.6067750954015585
72324,-1.0747531530578307
83945,-0.45597254760436634
16412,0.7468278294165742
17688,-0.4974795640310017
20170,-0.4464015305788269
14784,0.48693888016108566
14241,1.2867860747523077
67456,-0.9091558220197538
260296,1.2959579264387715
320502,0.6258543140326642
71833,0.8153891614874222
223696,-0.3637255075367616
68135,-0.4251949859463835
16516,0.9485091357231852
269608,-1.0975229144851415
11489,0.7499512480687187
24086,-0.9768222220233111
12343,-0.48926729069813746
17283,0.8824073542216837
70925,-1.020456155101452
66892,-0.924301684853936
56048,-0.7296829646052769
27015,-0.7264169753508654
19073,-0.4431367264976114
229603,0.6538658344665489
14527,1.2203352883863223
73689,-0.40124556291744895
57444,0.3521438514309452
77219,-0.7654325107348718
22384,-0.5987907916330766
56403,-0.922713875571537
67166,-0.4773593822663109
13866,1.0894994280648742
67899,-0.5316575061320723
223838,1.2650120388023054
217342,0.516937646194334
58244,-0.9368831257481185
241636,1.3177748782368646
118449,-0.9726254382550454
19331,-0.34055263925987944
214547,-1.0068469288862634
22192,0.5248482635279217
13033,0.3746073471610245
235626,-0.569317502637114
21958,-0.8099403150054547
27360,-0.5971909608553041
66566,-1.3654112825746951
271457,-0.4305003594680459
13496,0.5514450813156575
240752,0.7160299816932403
20452,-0.532078788674955
246221,0.5846967567857302
56047,-1.3783061032461061
16780,-1.1171271457376184
58237,-1.1343299272048553
78771,0.4411890798638822
24012,-0.8405062078518579
22352,-0.5051785155802673
216856,-1.2916234404201807
11845,-0.5127259923972485
70425,-0.48412064566807267
24047,0.6330423283741657
71330,-0.44273467583831305
68027,0.7009116853439927
65961,-0.3995425950007174
56708,-0.9141567132553474
67471,0.6324834350745467
22724,0.6280562613375338
69146,-0.33474999104385894
14281,-1.1554408174550899
54445,-0.5828091168500737
117150,-0.34285891541294866
16553,-0.8411270277537044
76804,-1.0296332346669548
227526,1.219175059199673
216527,-0.49350095336822797
497652,-0.4199313608566513
15257,0.8682524240894764
69993,-1.047486519519798
232370,1.1259324949504501
14004,-0.2831702285034883
67268,-0.39044815753583784
72852,-1.0153470933993862
219135,-0.48059637406685596
252876,0.5447217791430141
212392,-1.0153027909321626
11363,-1.2609339484325321
71699,-1.1774382129193466
16994,-0.5367568617235161
68375,-0.3133388973215805
67952,-0.5034088777604602
22248,-0.39060949158173486
14791,-0.4170290469992288
64291,0.7800272235733479
622935,1.0429235838276885
67463,0.398348678993905
16413,-0.41603703271976755
105245391,-0.41603703271976755
235283,-0.7394862431666391
380785,0.6434420136331731
30791,-0.5189283290079025
546038,1.0430366911468059
230700,-0.49595885168910847
223648,-1.047625214750001
52666,-1.2143026117660458
19365,-0.5766298802235887
234686,-0.39494428796997116
18393,-0.7160115179464945
384783,0.4557046993081748
11545,-0.568859548856862
20739,0.9095192942910053
242521,-0.4047777382655511
80892,1.3354758708689531
17118,0.4737600616988136
109331,0.5120805937037609
68098,-0.4334237747947931
51789,-0.53418907322013
13661,1.0032668526518531
16976,-0.8887659271148829
71946,0.9191003377446574
21991,-0.36950331650724344
59032,-0.5008719416209795
20606,1.1454028306138406
66853,0.4403910891618601
20848,0.5110599693317219
80857,1.434824264923158
14154,-0.36026169569080757
666938,0.5332942325672496
216892,-0.6313704311240613
21809,-0.47990145245828675
245532,0.8718608715416076
20815,-1.0428535531265117
12163,0.5944321119873761
214593,1.0893265520297293
11440,0.8705498232577602
12169,0.49448196637646724
56395,-1.1184360365496522
268936,0.8803512228531396
109575,0.655807975439636
100038417,1.1732661568958203
218518,1.1677659031568588
17250,-1.3181976391729888
74123,0.4363729760373438
14239,0.9054202003251794
56198,-0.9462297543261595
20523,-0.3887368112822909
24013,1.1649738381282444
64297,-0.9261501790998858
216363,-0.4208208312273847
22232,-1.134763439125404
280635,0.9904549853470854
20333,-0.41046856866999093
17252,-0.36083427750646635
217779,-0.33249201736656353
57814,-1.0275513414717876
56462,-0.3690144171962153
67074,1.1249248661179836
243083,1.1021609379748085
218973,0.6160231820817659
12638,1.1006051290235552
67005,-0.3686299746679591
58242,1.0341976504751962
67978,-0.7783289820269266
16774,0.8626808331071194
71745,1.0644260080165395
223915,1.0002469346044673
22695,-1.1313907826911231
52468,0.6008526910771597
54721,-0.8279729713075614
218975,-0.5581840211830471
93836,-0.48714725549283067
231225,-0.6454362315090432
230809,0.8979832281967184
58802,-0.8703101388437213
17931,0.5853464100107306
106025,-0.3981770735882968
24070,-0.36506367964951103
53332,-0.4558386622079009
98710,-0.8406283868732327
67064,0.42549924524193905
244672,-0.6564870948023245
108946,-0.7434201716705049
14489,0.6499238355246426
212679,-1.0122537156835247
13167,-0.34138046212991924
239122,-0.7924615156523425
72133,0.7290918969492903
20286,-1.0350888836128807
101700,-0.9510976887250724
102193,-0.30668464899637016
103677,-0.4112229184697789
71382,-1.0011216496436983
13629,-0.3739916674252868
67070,-0.34629805555827353
72193,-1.092407632675748
73162,0.6303558927919264
18406,-1.0777581167932486
209268,1.043926590242509
27878,-0.9330197339347865
666468,1.019912937421514
22370,0.46153481473712255
15565,1.3278118110739214
14761,-0.9294544507984881
66258,-0.4244240689577303
338364,-0.8402096728539483
54601,1.4472049063317236
67656,0.9986607934820801
20382,0.504506021774672
66461,-0.2974071764432331
208691,0.5279751979784706
17776,0.4870412935529558
56370,-1.3216800078467066
57905,-0.3857643401441866
100910,-0.8933929878760134
234593,-0.7520031034552082
108062,0.877282714129155
17347,-0.3240363744656847
114332,1.148977527767821
22632,-0.32135531565438313
246277,-1.3692432523061138
66193,0.42756982646113784
27784,-0.4683745908001349
69697,0.6622812276957282
70567,-0.5883492881896046
72514,0.9919110246359395
621239,2.1644536350924195
240869,0.6600885837598387
259279,-0.5148599415954482
69982,-0.9778941407104442
242037,0.670975244996785
12971,0.9535598848856526
13608,1.402843002319921
78935,-0.8671264639469696
14661,-0.368536725939288
17919,-1.1235793675579226
109093,-1.1336680786638444
14735,1.159216109363117
19171,-0.3070063511112515
237107,0.8294312053375403
74549,-0.6403814809516533
13615,1.1149816448800043
69920,-0.3299797111561418
19414,-0.560694904375131
74318,-0.5487609526001904
17713,-0.26814479038174177
21832,-1.2144984601437496
320923,0.9881988929514129
18969,1.1061192343731854
268880,-1.0040617944529444
239706,-0.8679615626064319
13003,0.55370451997151
66889,-0.4947861547087111
77573,-0.6625810313462184
27277,-0.6592910999031281
20675,1.9817787430736136
19265,-0.39202418465247213
240354,-0.6731371811492508
70686,0.44241846451182276
68427,-0.913881734781488
71715,-2.1275313128606914
12142,-0.874643092528343
67197,-0.4319248942586942
74191,0.9765165687567103
237052,1.480545811178012
258470,-0.9661153093968871
260409,-0.5247282030843854
268996,-0.4242416775654192
69207,0.6555931865003632
56317,-0.3401830523684026
76438,-0.5459183544082578
67905,-0.3940933799338957
15903,-0.686543948954446
170822,-0.4231996829468052
77569,-1.390079545917803
320802,-1.3208944919155998
209683,0.619467060354367
74901,0.5110848262265044
55960,-0.7092407741897633
108797,-1.088996918720472
69241,-0.7694340264787813
18685,-0.7556422751827663
26363,-0.6439888282928541
80911,1.2188981522479736
14600,1.3681801941381546
14186,-1.4949402523991218
216963,-0.9162060695328522
67863,-0.36261352533262325
71742,-0.7188407899609768
70047,-0.4280484706054839
244421,0.5975703856458772
11798,-0.49267809465520607
18392,1.2017279508761862
252838,-0.9098900991794441
171567,-0.9616969897824328
381379,0.5237127618792732
68718,-0.42403297297983933
640543,1.078855479214507
14939,-0.839650914604622
320727,-1.1232150479162923
171531,1.093589521320634
14674,-0.4049638577199772
18189,1.3672394562571393
11784,1.3672472891852774
320655,-0.9916309714078162
237890,1.3618064736364603
20191,1.260173525984396
56456,-0.35849899531787965
12946,-0.3433137160220934
11933,-0.42171893220918655
230673,0.27796227988934596
14470,-0.39750141500906544
396184,0.8458363077915001
227929,-0.46318225507313215
19058,-0.3244687290674175
11848,0.359919798400405
11433,-0.4168376487787988
67861,-0.7813435310920331
66656,0.32708153742090396
60321,-0.45545237339658406
208092,-0.6444791990443415
22031,-0.4326591465750056
232987,-0.335765899268214
21803,-0.335765899268214
50995,-0.49301880231586104
319468,-0.6333361522254091
63986,-0.3886912946051986
93683,-1.0687613450211373
208104,-1.1088143100162835
214987,-0.4428784187469432
77056,-0.29977009520769826
24001,-0.9700376889730684
72825,0.5615976183612137
64050,-0.9778609423664362
64138,-0.29629150263275683
544752,1.0992883177815003
19730,-0.3788828373247286
102607,-0.9577707367988273
13437,-0.34827428867012067
14526,0.44792561660219077
54397,-0.9184347375648843
17434,-0.2739098725513056
21976,0.6796445211401103
69640,1.0098220229582635
24066,1.2759171973220704
211329,1.1403428172568173
19668,1.151743283865473
56410,1.001154375331252
268663,0.731000125744167
74386,-0.5476933927213912
99167,0.4962910703281276
11984,0.28094194421276164
210417,1.2904437550761498
269514,-1.6567995506691497
56437,-0.9932675114529461
78016,-1.1038499017881254
56330,-0.4282354275487119
16201,-1.102493672554603
231326,-0.7772471264056273
52906,0.3622326405026177
107513,-0.28473668168528654
74747,-0.6542816786106425
83409,-0.2913802002270298
14885,-0.9642634199814992
242681,1.0313476016610812
77087,-0.6651381794431508
66914,-0.48056928302136903
56362,1.068936657157317
234677,1.391110903603515
218885,-1.2541470947074922
20585,-0.44560554481470227
211578,1.1179238663661133
623503,-0.9265738893329525
216805,-0.48186676234988113
11990,-1.035581399130142
105638,-0.8519065324301129
67590,-0.9663240474729395
66922,-0.3556301331128928
245126,1.3054405110630376
19674,0.7418764335566221
16825,-0.3478775487838881
22330,0.7370643299953796
69655,-0.6237409072212134
16491,0.5452931319441543
76668,0.9152847393204997
70358,0.9646218914503861
246746,0.6707865684197554
111173,0.6136772883419903
229550,1.2299910260842042
69181,-0.8068987894262687
18618,0.5170719835855859
67725,-0.3748117182745627
20597,0.3673443241134535
22334,-0.49699404862090546
240028,0.486440813004684
244871,0.5980399592754608
66616,0.5691028539996594
433693,-0.4290928853242928
56772,-0.5431148365231468
14548,-0.4132041581121726
22174,-0.8758831553233115
70393,0.5827520413037321
103841,0.5827520413037321
70382,-0.36690707161373837
13548,0.3779347992558897
26420,-0.7262963223129839
56457,-0.3016528590118668
67454,-1.3736494849925887
232798,0.6769790493471879
12934,-0.4002685919545854
243312,1.2336546089397236
110391,-0.6089532939475557
493809,0.9337929058170196
270166,-0.9829716453688366
242406,0.6255792829916178
319845,-0.5018949242272015
24018,0.4763586112565932
208994,1.5972383947029325
242377,1.057574540847937
23881,0.7262818140435847
16427,0.6593312463240713
69215,-1.3268397964610248
11797,-0.4975583935756962
27385,0.6935250391373522
212862,-1.1104425034709324
70155,0.5165284652044697
654824,-0.5623114090983421
107885,-0.6681312526067709
72043,-1.402476477592069
14611,0.44868914873399746
71735,-0.501478261887609
72713,-1.245721336345571
435766,0.7939353982681849
74167,-0.26777087235187835
21933,-1.172764994139178
19075,-0.7363019696597917
76952,0.6230536403687337
77371,-1.1140823924652459
271036,0.9690376295711793
18759,-0.45963349031238554
211468,1.009120701636954
69573,-0.8250226685719877
320534,0.7543162875504343
442829,0.5189643715956063
76892,-1.161504219753561
56216,0.7087180518056373
78670,-0.8412034975413452
235135,1.2575318713567136
26931,-0.35858581595592653
11350,-0.4136143281349174
70083,-0.7288164712442358
11364,-0.38068303435779605
67487,-0.3986540839817998
234384,-0.848989642911695
20910,-1.2018956541746189
67155,-1.0434726126678067
15975,0.9703752818292424
15519,0.2886962897036245
382018,-1.0530637717562121
19261,-0.44140452961824117
217026,-1.1051317405157972
19170,-0.3542584281892758
19264,-0.35172335432976176
109672,-0.30815604753845527
12428,0.8184171492025349
14025,-0.5125549389223103
56792,0.6601497403521304
66559,-0.6281569141285166
66866,-1.008835389333874
53331,-0.3445675572681903
20479,-0.5276050929193499
19241,-0.3202384858130678
71609,-0.3123403368441302
94220,-0.7223044843342841
56535,-1.21358997403824
57895,-0.5083640648963934
229499,-0.41211881448774434
72759,-0.751618466154552
338403,1.3379042669042973
170484,0.9944958832923394
57869,-0.8757606082471305
75812,-0.7250042831076771
109232,-0.9866534312560002
26559,0.8087506174290455
320554,-1.5566668730995463
18190,0.7547746768276058
432442,1.0540362364621387
69923,-0.8198020825376497
320405,-0.9532604542785448
268448,-0.9303042456904587
20318,-0.3138242348103528
72508,-0.30515058180428767
319653,-0.8849293438422468
57267,0.40765708954817903
280408,0.3895417575575131
209334,1.1548818977039312
12953,-0.35642634125809813
23885,-0.46124204076900366
12659,0.5237368132787097
104001,-1.374442188913429
100038860,0.8706396291242764
14693,-0.3834394639843204
67860,0.5880631594986383
12487,-0.41469750482676204
20344,0.41521579806602205
230895,-0.9800246267843056
67375,-0.8495715964370758
258097,1.555052462496163
68501,-0.44554307745798205
71883,-0.4399574652191838
232333,1.0360027483119518
100732,-0.7899391701254626
13057,-0.41643317789379175
20931,-0.8281959865190824
17350,-0.4114247313907642
72727,-0.5216612173150725
268973,-1.110561153425384
331532,1.1024377977865045
63958,0.5004546887894854
100972,-0.8267523181805947
64213,0.35436365755990806
19024,-0.8856049590957209
94043,-0.7811941117659487
380664,-0.8722950777981202
218544,1.006753515824827
215723,1.3389437661352561
434203,0.34721573025250585
64652,-0.4733493313528072
60409,-0.35239567906994296
19988,-0.3724983884128008
54197,-0.312519044642082
50797,-0.3497259904281531
18983,-0.834367074175808
54189,-0.8302159442713561
74182,0.7179996587624551
76500,0.607194530840701
67097,-0.29790849117517304
228769,0.6145749510352072
109225,-1.0625907070918572
244667,0.5946761454169636
11546,-1.102928668256367
96935,-1.0227452741105498
218304,1.0414649790093877
22177,-0.464728472059571
56613,-0.5162775690189223
76088,-1.1729606400268464
20103,-0.27312600860467917
19951,-0.28042251419714326
110616,0.9213972268062038
15208,-1.002428068793126
65969,-0.9422128592305281
19647,-0.9716686996531836
228536,-0.8881350935779846
68028,-0.4776184318379517
230587,0.6511873213306298
14218,0.977699957243142
78408,-0.48123239828017894
102093,-1.0118319123123225
279653,1.0415904209700892
67270,-0.5453824067136255
319618,-0.44441626168166337
228875,-0.31619431062604253
216188,0.7142061262051991
269295,0.6178651156273505
17966,0.7319047826801937
12859,-0.31706584017910444
66661,-0.3197727173452094
75458,-0.5455665890531058
19893,-1.0415843732621832
12481,-0.40232379403788343
217353,0.9407250507912615
71767,0.43952879478652207
26380,0.8982967531761696
13056,-1.117890642324741
219022,-0.5958138372486692
106947,-0.4547139865026626
72108,-1.0534610343295023
70439,0.5385321940808447
170829,0.8076187072815264
66448,-0.3354666936580184
17932,1.08952711087543
68339,0.45901029596006815
12140,1.3192628759231901
11927,-0.28197952626196887
53604,-0.8641713520805645
68493,-0.5379647129077743
231670,-1.1150427904120317
16906,0.547395828866958
16600,-0.6081681537608432
23825,-0.40664179409546186
70997,-0.6337992880713639
66155,-0.3017608305172672
14007,-0.36963501203636184
22294,0.3472169738240858
243374,-0.4493848576219168
110074,-0.3684144741395379
214897,-0.36063854404924545
668173,-0.8513129762694529
56031,-0.755792215740601
18195,-0.37795315101254623
235497,-0.6324452026718328
244548,-0.430561720344925
74320,-0.624792911954235
26886,0.8574306967746903
319508,1.2173321723215071
234404,0.6321490671913619
381404,0.8938808585451774
19219,-0.9045836555321722
245945,0.6571548381783954
214685,-1.0133824585389117
12774,-1.2462052164743547
56278,-0.7964350929282205
103967,0.9012681505996039
55943,-0.4341890935452293
24014,0.5624248773811473
213827,-0.4333769746042684
99889,0.5455052940035161
320541,0.9246936847165106
12572,-0.776558215696765
381921,0.4953659375707069
19302,-0.46536830020840814
65115,0.5279191868207622
72554,0.615107534817648
13205,-0.36903281482672057
75732,0.58958048131311
18005,0.7504362545306886
20723,-0.7627664104559875
210145,-0.8662161204358041
72238,-1.2306714949948292
26373,-0.9255226705568207
258487,1.01166959851393
27756,-0.3106077445888058
67177,-0.40712718516927815
19342,-0.3033640196756746
258168,-1.116125915571418
67059,-0.32745364978748803
109333,0.524040513652988
233919,0.9003848623426256
319604,-0.3549249189146373
103978,0.9850416002997013
76547,-0.5621873299481042
75547,0.5950550889260509
66912,-0.36291514456905816
14028,1.1909883000413521
381399,1.1373184305022197
230779,0.8190386036526585
14299,0.457508014419294
330914,1.0437313511052566
72542,-0.45203999607704226
15567,0.3710130869924786
56361,-1.0653902300121887
54342,-0.7542080676706453
66970,0.7189390079657301
244745,-1.0996611041618536
108671,-0.4367072113061159
18201,-0.45534217410349953
69802,-0.926915490554201
224481,-0.487050221062697
12580,0.8219471868198482
12571,1.0810506779056728
240641,-0.943125616142872
93730,-0.6369787743940609
77134,-0.381813592450035
320162,-0.3634588826823002
14236,-1.036244803202524
106957,-0.46795329459586554
14083,0.8000887153944092
68559,-0.2977216602055659
69101,-0.749264721338986
78830,-1.2335993538315693
66471,0.8484792288854273
64705,0.6395927706765034
73254,0.5362445570595966
65113,-0.3320720445407144
23956,0.6719860251366878
330790,0.9070668796761465
73754,-0.9895515890851856
102632,-0.7976974925765603
22417,-0.8595074238443612
232670,0.5029192316156355
22761,0.575201189476001
243385,-0.8893804394763789
67119,0.5642613772915546
269587,0.5586296923231089
56520,-0.44515831481881296
218442,-0.37575452694865685
66406,-0.38194573460862813
67933,-0.8653794800273005
19708,-0.436802882753506
435815,0.8470796318599678
230484,-0.552150993413151
246177,-0.41757099478591364
22259,-0.6257956204628883
258697,0.8043175297800444
241633,0.3430146190581089
399510,0.7404688058642925
14247,-0.3087264081067822
66923,0.4864737394493801
231887,-0.516283443894638
64051,-0.8851629071196947
11773,0.24813611995242546
214951,-1.2185280582769549
67848,0.4735048240671631
232821,-1.0510062933841091
20132,0.7989134908040247
208718,0.28700414271050967
60411,0.7198774132252002
72831,-0.391102799836446
665700,1.0711016490698135
109054,-0.8086911409389765
240255,-1.0651207056520127
110895,0.9542966017954164
235281,1.4704434376399167
107515,1.206232938900769
71924,-0.9011747222718292
52530,-0.33878310369465936
11770,-0.9003462267746816
245026,-0.8480156446807054
269209,0.6968328364006942
18655,-0.3765672542484779
11867,-0.35948561298644144
381334,1.5080259279101869
54216,-0.9270416299850774
20872,-0.4097089174020878
76071,-0.3208623790155354
20533,0.6636486050164621
100226,-0.9749177760158636
75420,0.2936564307582934
50505,-0.7228887114245133
12159,0.8551629247184129
15558,-1.0503267778943655
57914,-0.39056642271475894
21856,-0.3466567857125735
15891,0.9993155924298973
76179,0.5715613012074616
231103,1.3724742083278723
57750,-0.723776145003364
80837,0.4740407869435721
667663,0.9597820407141415
213272,2.3508169169817608
70797,-0.9325848315315781
77116,-0.9911629172161138
68922,0.5897251068049263
212503,-0.6394640746209994
226610,1.3457456585883039
11811,1.5927779696469795
15557,1.348085974252541
71846,-0.8163431479152639
107999,0.2795060379001235
225372,-0.49314628211692657
12922,1.2192283585465917
216445,-0.4513921877552036
54526,-2.166129850503893
103737,-0.896957544328755
14390,-0.8380750648978958
108673,-0.7853658245472372
209354,-0.8883046360914033
212090,-0.3666963475879168
21940,0.46747599078587143
17768,0.553224234421446
319554,-0.7435604586473987
433759,-0.4124896881143183
338375,-0.7423058831320075
12261,-0.4446957868377446
268822,0.27296990523224096
239157,1.336633654946091
66113,0.7783315571763563
56327,-0.6248710807148123
78910,1.3986741836583874
55992,-0.42925763314305243
93790,0.3359880480153148
193670,-0.4234596155098025
320398,-1.1813894895570423
71890,-0.2896207183440733
16172,-0.9375461185607037
212508,-1.026620115427428
56473,-0.9374478496943235
26413,-0.2905535617757451
29875,0.5076517689871078
59009,1.0607313748562088
16364,-1.0590169113936208
72745,0.7562831928775209
20974,1.08772115098321
22770,-0.8031743633985347
24051,-0.9658494157037323
58205,-0.613488437597943
23943,-0.4494618153200367
68801,-0.535197982487702
18817,-1.431950318245617
54610,1.2569638003912678
232157,-0.335224189836568
94091,-0.5146575617453877
104368,-0.24294042343136368
110954,-0.24294042343136368
77914,1.3537833883503065
228140,0.8502114154486993
114713,-0.7510930346739126
77627,-1.0701586366696225
13619,0.6722055528692579
74448,0.9565636402693682
13164,1.4450858823333732
53624,0.8006456118135032
59035,0.6128272531296588
21813,-0.43272911656625723
238024,0.7760693101586433
216987,-0.39531072696422953
102502,0.9059456235287371
223754,-0.30253304932627856
51798,-0.31494145746454194
66622,-0.36953219630770384
68342,-0.2926327795120063
14057,0.3085758772796794
68107,0.7775705742630477
217166,-0.815886351800629
239133,0.7848965807515338
66366,0.4445014234592559
69660,-0.43831932170069887
232933,-0.7411438919105064
110279,0.43676002558942173
16641,-1.0973207107679626
70351,-0.40563581955200156
22697,-0.38426438518534667
170442,0.9257064343013433
14775,0.404365784681616
20788,-0.6046903997736948
231642,-0.40695834908483164
93694,0.4192691814229086
67016,-0.8128953142730699
68839,-0.46815956065645814
14270,0.6930580589588367
99377,0.4470290475994112
20055,-0.31099334039128657
57765,-0.3745937054947337
12522,-0.3582136829319147
338349,0.7456808992728501
18080,-0.761507323482995
68632,0.48179945495445686
67223,-1.064228477009439
53420,0.7552073134418196
70911,1.0739053573921185
319646,1.0739053573921185
217356,0.5050100110296718
53609,-0.39545139311366384
12945,1.042559292904305
208613,0.7338241212407866
227835,-0.3447608196487968
75062,-0.3748668375791606
12366,-0.28305216742376693
108837,0.39988183318999404
330483,0.6196142853093543
76793,-0.9178567790550529
268902,0.8614056443093729
105782,-0.341572563752095
16408,0.34383086078605984
17136,-0.6705242191659346
12552,1.4083344779370455
12520,-0.2840076756796339
58194,0.48474861441123807
106200,-0.4021544156055885
18128,1.1948510656757918
69736,-0.7517838122968312
20908,-1.0907701082614096
210027,1.1739376355687954
26891,-0.3257882084754673
59288,-0.4405813560758638
69981,-0.36611492540466983
74646,0.6236305432974572
71918,-0.5442394116086859
110784,-1.0331270159985166
20897,1.049489394714378
208748,1.0654519128937325
13043,-1.016865760744527
225895,0.7635331422254943
100039957,0.7635331422254943
242653,-0.6928409109989397
19309,1.017780975315624
66925,-0.3370184152340858
18035,-0.3329335616915241
94229,0.7797183625406916
216991,-0.9058053736465252
217721,1.1375374702721177
17345,1.0490179361614302
20466,-1.1981423383321612
74108,-1.3106585724044137
27205,-0.9343238981257413
16871,0.9878745855067548
381974,1.7796463526193413
56299,-0.47801454834834267
53374,-0.7749996504030356
73102,-0.6871122074818405
80979,0.9081469119412153
246694,-0.3967308165159853
170719,-0.44591140412239483
20758,1.656859991765511
67106,-0.3691573328182276
30841,-0.4008564355176869
227674,-0.4904871815773335
72199,-1.0198084502199576
208164,1.1120475947331392
19207,-0.32669312840210374
14788,0.38185607829515256
12504,0.38185607829515256
216558,-0.3718901691766483
19153,0.8485490236975162
78895,-0.9651586881737773
240660,-0.9077081100727238
26451,-0.3317382105881581
216797,1.1020191644125314
321019,-0.6953065681003139
15162,-0.4664360627879294
56280,-1.0316368511368674
27386,0.8170548335851548
267019,0.891679639871513
60613,0.5280127387869946
194590,-0.8027248782307574
12807,-0.5091840220367247
22628,-0.6009227908050203
14602,0.7353930983277315
17319,-0.3046479267693254
226351,-0.5837239718764202
21892,1.1340797132707925
258991,-0.7414376603094008
57274,0.9872359935073529
66455,-1.0457894791062259
21898,0.5355959596690019
26754,-0.2668951172738865
224055,0.6084100333966251
234129,0.98599615167672106
230376,0.8391276566614208
67579,1.284655627351765
259040,2.784143276380167
68603,-0.3203059513260147
19769,-0.27919162128565134
11758,-0.28760002704831855
259119,0.7646720773861442
216011,-0.7491949015872041
27050,0.33082269512261675
353499,0.46265493755005593
69757,0.46265493755005593
233405,-0.8897018301274828
13555,-0.48907760132066613
109263,-0.9025184500747283
233895,-0.37961806278577903
20713,-1.1494002784014157
239114,1.2935622730850964
69010,0.3042041045144863
237038,1.1329713529293493
140703,-0.6220782254827188
100929,-0.6160951661924203
20343,-0.4787459744127567
50996,-0.5022976007048223
12032,0.9559184547821875
76524,-0.829826332963437
13614,0.4346938104322491
71853,-0.3797706971852346
18507,0.7287999415114532
101540,-0.43819964592762517
100043314,-0.8123798497041395
72042,-0.44538831181457894
74914,1.4213592259753143
215418,-0.38336320466543583
209488,-0.7186878557176026
64008,0.8128736681936788
66491,-0.2794433640095395
75083,-0.2794433640095395
70369,-0.7882197867078942
20544,-0.4238196035209594
259036,0.35203294799896767
19714,-0.4093138935851446
19660,1.0414644864677314
69612,-0.5678085997865026
230721,0.8514633466781749
22437,1.089503176757332
101867,-0.7627064421535579
207304,-1.0664810511011975
65246,0.8742665508692138
22057,0.44182157882208273
72194,0.6851336879560748
28084,-0.2587476353752063
54409,-0.2587476353752063
229521,0.4606446737326735
16438,-0.4703714338840559
20643,-0.4148461791362834
171469,0.7826320571090868
320604,-1.0234627889049777
109820,1.2431598705225464
71435,-0.81069719907373194
21753,-0.4318342111691216
259277,-0.43953469788384325
195018,-0.8234149137900273
94275,-1.2079375512292767
214345,-0.4011037863829765
15979,-0.3089407767447927
67742,-0.5106466824646532
56386,-0.2482381458643328
13075,0.7466053989807486
258105,-1.1156562334420803
21823,0.6546443301633058
224619,-0.35667798561147457
76893,-0.7559453924932358
214523,1.1040002304292935
13077,1.171308802824759
69714,-0.9304763805847358
233765,0.9947415833963804
14086,-0.9483768473931096
214742,-0.57475226536455
14388,0.799687942773466
30800,1.1511253928899179
74178,0.2829842930088695
78826,-0.4017907978085624
54325,-0.2750885245730892
55985,1.0045802644167137
69071,-0.7916830229359153
23937,-0.9137196184594849
330460,1.1238168735824479
170571,0.9777013678557527
18605,-0.8861233698991571
11486,-0.3388078795918332
67890,-0.406470012958021
226562,-0.8301642791039967
243272,-0.5435201805987724
13813,0.5592196763500041
13435,-0.46602862045035476
72544,-0.38589175991706703
77480,1.250538495824598
67078,-0.31207460489284067
109901,-0.5684141719965661
66834,-0.2760823898687441
269016,1.158210563262294
445007,-0.3407468964790361
72536,-0.2586376323202124
20024,-0.28793031385722934
12721,-0.400963151824584
72895,-0.30874750558384
66695,1.1641306720851112
20977,0.4548506592854764
231803,-0.3046929387029369
319583,-0.8131615724250061
12013,-0.3924655081367465
67880,-0.48302066784691533
66161,-0.42097952534645344
230751,-1.0772842497382022
71902,-0.45115217268413943
76487,-1.1575603973020305
330502,-0.5174922554336847
18391,-0.29449385016366314
14030,-0.3368853289251206
67711,-0.25787823669493015
23954,-0.9495839614096342
16988,-0.39355785320472414
59029,-0.5298474815941923
21886,0.5866337941769739
16517,-0.8362593324962067
217869,0.4028983346378432
233724,-0.5074205252143082
70840,0.9852860765668328
20419,-1.0189077370542967
11474,0.8497467850582225
545486,0.5807596308157859
21762,-0.35603009065746605
56325,-0.32256508470414147
19146,1.0743812637540486
14415,-0.4336066201586455
110750,-0.8102809428038933
21887,0.4682171431433293
26970,0.6021036890524663
268294,-0.5685843072593739
56494,-0.3061237722095136
20536,-1.14336420806436
19197,-0.7997214508600949
171463,0.7582892777117758
11877,0.7175096840575179
67219,0.6689954160072213
75099,-1.1908151114342447
77505,0.40864271409650854
232201,-0.40129812570067
102115,-0.2321585677997362
18975,-0.9275110525861203
245638,-1.0457739407995348
210719,1.198599925428427
75320,0.37736256484950736
13384,0.49704378368437485
67220,-0.38380541836081683
227333,-0.4775225706095796
16210,-0.4816282673653438
52335,-0.9642750820326391
16666,0.6978397795856495
58807,0.6361792701171982
16949,0.9140196870444006
20935,-0.4984900196409985
66557,0.951599083167058
16869,0.9872507825242502
238799,0.3015903496021686
68273,-0.40686885583628296
76786,-0.40686885583628296
75718,1.2220435128261808
53622,0.3935350543350582
56397,-0.3067894253359853
67437,-0.3477767426816456
232934,0.9650523975060086
225849,0.7189469442272234
18099,0.28446167298492675
102209,-0.3840205850376073
57783,-0.3157805253919239
67369,-0.9917459562398125
74158,0.2582853716368909
207278,-0.5502921140499346
104943,0.8216089815882448
330863,0.8081978729537851
66220,0.5432792298957985
18597,-0.8055796457777458
24057,0.748167390023946
72392,-0.48245448367559174
18763,0.3782631928887277
27416,-0.6654132503080472
78751,0.38052979702516865
17751,0.6965382102157012
77577,-1.1009925696801774
69129,0.6770586808910934
102075,1.3446466679239912
109135,0.6292932881870588
116872,-0.9371362830305916
19336,0.36150556441243786
227933,0.8894179940106972
668218,-0.2803065341602107
12833,-1.509106367829152
74377,1.0750009403119876
17474,0.5227928866394791
21814,-0.7721888422305883
19338,-0.32503204377371375
73683,-0.4197269107306649
227731,-0.9133522686731101
52609,0.9579173742415783
230801,-0.29395881888659403
227867,0.2987190352093769
12151,-0.6117753186687889
54196,-0.3132703137385846
211660,-1.3257140825456606
70827,0.8025453554254831
53608,-1.0743291951756264
58249,-0.31538748327932886
18753,-0.582370036601052
210973,-0.31213425532430783
66165,-0.3506208068512464
18555,-0.6851556595137351
170707,-0.5164628810560554
67713,-0.37249862355329455
73699,-0.8097843571916714
15064,-0.8600036682593162
232906,-0.6642051137007394
76608,-0.7058936111877827
116701,0.5424456265426958
66190,0.5233589900017455
20410,-0.7177275418456408
67878,-0.5123225194295253
66902,-0.9673246067103465
67997,0.662139758500583
16512,0.42088810211257144
239420,-0.9284907733596794
217379,0.48899480028757747
11639,1.5819330335034576
15289,-0.27588082012213633
99683,-0.535275913822983
17156,-0.4319231881676959
16153,0.36184043934806276
19317,0.6357243722698218
320352,-0.32425112408197343
21453,0.6721644639839788
52858,-0.3862220497083424
18399,0.8302135012643461
12212,-0.9661442943966501
14347,-0.9527394289982123
14148,-0.3715506642048165
234959,-0.9680089698561378
98376,-1.1498128289995302
75668,-0.85571577998134
50490,0.8633228639832966
214895,0.2780092315655871
52637,-0.3257012527622347
50791,0.6194528580025587
320208,0.6365528032119592
69747,-0.3278963740216856
19060,-0.752479958791664
353156,-0.9634185565360314
30926,-0.3349201914931026
212111,0.274782877749578
234733,-0.557570985671668
246738,1.0518636590227857
14177,1.1693415348280318
12775,-0.42972291441614274
16913,-0.34842256373312885
13592,0.9883506900450909
21672,0.3106377126180693
68050,-0.2752620366741567
20231,0.7050127160627442
70846,1.0255979783965756
70930,-0.9736079628793242
67130,-0.40986854995255584
51869,-0.6048666732664989
23939,-0.2822213294391229
23837,-0.3409246413993916
22171,-0.49765900201194846
211651,1.0432289396044707
56445,-0.662045883152472
67292,-1.077989656480601
66271,-0.7093664134876896
107975,-0.41999719019255366
57317,-0.40441838475755176
70750,-0.3486422061759207
53791,0.7966885424560646
66199,-0.3089367050464329
16981,0.3309529874077821
209318,-0.3505004857754823
76375,-0.5781078169286706
208194,-0.8904456088614916
68526,0.6819903945728232
56196,-0.801333366373921
14479,0.464466339222799
245000,-0.4024783423436702
230848,0.328792295354992
15116,1.1525690664485513
16191,0.9023925270450608
68682,-0.3271884598531525
11727,-0.8345869879846886
11835,0.8394952905946571
116914,-1.1174438991934599
22630,-0.31641955070934635
22063,0.8635673633759069
207839,-0.3539994962309905
12752,0.305595569481687
12642,-0.8733789143373443
216724,-0.7780127754679356
74267,0.8400499032009412
74325,-0.5225185357859168
75697,1.4108252049005192
57773,-0.38118806832813057
67302,0.7027997359132083
227753,0.3010479092216798
66865,-0.49639090703040445
106794,-0.292703655092728
78937,-0.7846253293665786
13660,0.2339618396276073
18113,-0.8915731268517009
53320,-0.725948420914226
23968,0.955694982991774
69535,-0.5879848878790499
20957,-0.8557228264003922
100608,0.5956829675153852
56177,-0.95192436161987
94067,-0.3433731501808541
68944,-0.4072901071687749
215332,-0.8058800043149605
50768,-0.9054851717133428
224250,0.2674228818957509
244646,0.740139079826176
57342,0.6400806986561598
20441,-0.5351543679100645
13495,-0.9610534608671317
23917,-0.43552965634301977
12649,0.745683435360557
26565,-0.4128021866621916
327951,-0.71639643963245
26557,0.9464317376878082
52552,-0.3709649285662291
68837,-0.324803145015923
71584,0.9203328540420763
69663,-0.9781751848341704
13052,0.7499335634343902
18542,-1.664391735071308
245847,-0.2941215985579131
18503,0.5088479158632788
56068,0.7164542419917836
23844,1.099888859276331
69716,-0.6760758630716035
16549,0.5943212853894106
66385,-0.39126462773085
217463,-0.8112301268077919
60533,-0.8809527535962349
80877,-0.349648055229288
99982,-0.3534222315337576
56470,-0.3663232229126585
13433,0.6334060312212317
116891,-0.26527867458291254
105083,-0.3587631175398318
80283,0.23152080699181
234378,-0.8672509473675669
18970,-0.8574467294051837
242585,0.792728225211472
228359,0.28792133262670916
14701,0.35088267907658377
21787,-0.4024495965978385
66706,-0.9822920522324559
192232,0.3254375736663384
67872,-0.2504248083318412
215705,-0.3308355249792143
66684,1.0429679627059372
11717,0.847019606642208
15111,1.1484988924624573
66432,-0.41808593807962335
29809,-0.3743937924098315
100038882,0.5128530849063893
21854,-0.31085692995588055
20598,-0.8576057576721476
20821,0.3181769367400342
66940,-0.3743464373054106
218832,-0.9936409779496289
320404,-0.7133402061819067
407821,-0.8375746754792495
319939,-0.7139797011186255
56695,-0.38209182812693676
218203,-0.8781160706165112
23877,-0.48546878459547393
233490,-0.3230985396464501
93878,1.198145869740042
71887,-0.8229246301389805
69656,1.140301696124868
105663,-1.046695865852147
218490,-0.2348173990730551
55984,-0.7819489623017271
227449,-0.552716518542943
69826,0.703968752454724
108664,-0.6892724587025949
50876,1.164257497482411
15216,-0.5540792898505691
258025,1.4096425861901194
66445,-0.3197201184334677
110385,-0.41406090666599304
106073,-0.273647931585014
59015,-0.5064612372261461
258749,0.7396250044261388
229663,0.2985435207914655
18176,0.2985435207914655
12908,0.743485439523921
19206,0.7941215371942656
19982,-0.33792969930084027
93885,0.850666569049082
18160,1.35742836668559
57782,-1.1274278420783919
17196,-0.4194230858216823
67212,-0.2920443411863083
66583,0.7334853405991817
21345,0.5624722263572668
71684,-0.24355024218239407
66590,-0.4075426520583445
109700,1.8456880708146688
18389,0.5229205818837972
18263,-0.3087059655839379
66508,-0.30097277707733383
623131,1.2194608554004853
320817,0.41457612902017615
232807,-0.255136403411127
69121,1.131438850388777
15260,-0.7790878041106959
26968,2.451826937783322
329909,-0.7576647640995029
71452,-0.5014919778284304
26446,-0.30909313067855493
56055,-0.8354461792565706
230883,0.7590748490561747
70349,-0.47139329863536084
14712,-0.4321000395836556
68865,-0.7126735665631871
67287,-0.2946136771080763
67338,0.581590496108328
20689,1.0680054153006173
66580,-0.7366000320094708
68735,-0.3119770840883902
80708,-1.3823695579604829
353328,0.6894295335320071
103236,-0.300188417725451
53317,-0.38359134907164716
666173,-0.5521159501801911
50790,-0.38081754783117283
59054,-0.2804427452173517
26442,-0.21027764006124983
232339,0.6355712097167556
212398,-0.3168160528388162
213819,0.2890675309369186
101142,-0.9453965580155295
195040,-0.8439413027017082
27400,1.242156791363569
101739,-0.4277330374021915
240754,-0.43783408526233725
229658,0.7546727360582786
66443,-0.40800029864677256
70465,-0.4635509514543861
626596,-0.9941024079967464
18405,1.032164868871682
23934,0.7780727765302529
107723,-0.312648639766854
75029,-0.7209140836017092
67427,-0.2289833903293399
18479,-0.9176832451248624
107338,0.7996279886279583
13665,-0.27602989166480896
252875,-1.0251828289404683
20359,0.9608351527856858
68487,0.28306722339470447
18378,0.8518639343224965
59050,-0.43787814594570484
67163,-0.817255270678892
121021,-0.9878849572117199
20183,0.49324521520586195
77595,1.2356460647970637
19720,-0.317893771885462
68226,-0.8126140717709447
15381,-0.35947663930739715
16798,0.9358040611511687
21974,-0.41831305604973856
108853,-0.5641388746055647
208144,0.6673871003952172
70650,-1.0246792896826147
213391,-0.5314771764409896
66196,-0.782516049135987
66128,-0.2828129256811227
77980,-0.42837099751186436
219140,-0.5949593905698753
66997,-0.2564070850887976
26896,-0.36366050486700185
78914,-0.4842266698451878
20375,-0.7470237502484212
231861,0.5465880645411625
329252,0.9275061882875826
80907,-0.3022998200012861
56629,0.8674063746441503
14704,0.6395001152423081
12704,0.8896159198162934
14396,1.6005955614546332
15166,0.29570620729576547
67768,-1.2294768453325178
56381,-0.9185559406638584
170731,0.40139996180597226
66899,0.3270657244061379
16197,-0.4075158371975327
229731,-0.508677691487037
228005,-0.8207528256718657
56210,-0.8809193067507559
233824,-1.2759272381036588
75669,-0.4653148909912206
72446,0.3457919541409673
217201,-0.728011979991555
69156,0.28472894301563656
109342,-0.7222795478679904
231931,-0.39875045808132903
16801,-0.4933067975176382
71103,-0.8421340707406713
17955,-0.2926717162336825
21781,-1.0300352943224427
94332,0.5630516736719304
235323,-0.32907431985975855
20971,-0.8201362862430059
68634,-0.30448599265938014
16669,-2.2274630703368974
231889,-0.24565247106239774
21418,0.9883189972841495
12669,0.9894378824249688
208080,0.7309950128443585
19283,0.9586142184157107
74080,-0.39353920328361713
227696,-0.3077692400303942
18996,2.063528450625264
12310,1.002813302795269
230770,-0.8553209662116288
54683,-0.35840284105073117
56258,0.4010236535403706
238276,-0.7215806210684343
21372,0.4240202535199913
329165,-0.7890723977952865
52864,-0.861561753414307
74414,-0.40682517729749357
228361,-0.35084103234979835
19896,-0.3007761501730055
19062,-0.399642216682226
68591,0.49744472155656094
71941,-1.0339134046325151
58230,-0.5179028708085198
16691,-1.498382660252191
24045,-0.3730829634749817
66213,-0.4582206848257373
19108,0.5192951930710148
17001,1.004933764087209
20116,-0.2602080206780908
100040298,-0.2602080206780908
13627,-0.3680146644359663
20684,0.5377484627851663
319565,-0.7859278389019444
20254,0.9815138849676583
14391,-0.38381561035615874
68152,0.5257879266604615
68270,0.565905069981361
19173,-0.2904487102689828
14462,-0.39560772624811325
66294,-0.5077284110573688
67171,-0.33524432086467915
213550,-0.3885927171512096
13684,-0.7383939675870135
12614,-0.6738591452287848
224697,-0.9304456438764745
170736,0.4786633462482506
18049,0.32329263359682336
66660,-0.42032324361329465
76467,-0.7568883675036675
331524,-0.3464984587696254
14780,1.2473222808713396
14425,-0.8669092864669081
207181,1.1986619672914323
27406,-0.23957940220619278
17878,0.7648280482686585
214601,-0.44892343621218966
231252,0.39549382797173926
230967,-0.7952393479206954
104759,-0.3490045023053039
67724,-0.8530726317810648
11898,-0.6127058389238407
217125,0.4281815918098282
83493,-0.46786213843465596
19358,0.8548453543790862
241915,-0.6163383303356014
13808,0.3104264113332089
215335,0.5918449205276257
69638,0.5196056943954375
58861,-0.9072092218251049
74254,-0.9292897491973493
108097,0.34915246847895176
69376,-0.6395166035409146
59004,-1.0180878405960536
13382,-0.5230173696491329
14765,0.9235098663304862
14678,0.3445014010900902
14261,1.1236227094568223
18552,0.6485254526370992
15980,-0.3471071511790331
665033,1.3217187344443033
244608,1.1631527940750859
16163,0.7785795198893828
12524,-0.5513561530858793
229317,-0.8740889101102605
57742,-0.7945935882678921
102693,-1.0678145578921479
17349,-1.0283438858272635
13014,-0.261288366933087
231912,-0.6941834355008609
21869,0.42454853133959913
229937,0.46630229086154174
22258,0.41289001516012824
17063,0.43424098709934356
234365,-0.2033910172621951
67184,-0.2033910172621951
227099,-1.0516165467107506
21387,0.9958558585624253
72780,1.3673246416285405
66827,-0.2864253141134814
14555,0.9403884893802097
93884,1.4072179558724764
30960,-0.24950392934056964
68117,-0.6356636039411283
100169,-0.9949604743565441
56615,-0.5721931992479874
68964,-0.33030350025982713
386750,0.9369304383153434
67035,0.7774853292870594
80901,-0.41010874743246717
83946,-0.7584499082151908
140484,-0.28371038771003576
106583,0.9854964436371141
12301,-0.3614652541049441
68149,0.3350028397784417
100042785,0.8531695304656539
231098,0.7325471867917153
72475,0.4681256874601285
71521,0.7328948851994399
71711,-0.35115019346707044
27398,-0.3680195061555622
66515,-0.3680195061555622
229593,-0.36690120028403506
93759,-0.3315071340152169
74479,-0.2811270884199075
320634,-0.5820938185232221
70804,-1.2733573437944719
11891,0.44293457903247013
223881,0.6661185271563532
20664,0.6840061279532348
12355,1.1606625426927666
53906,0.6469500270553423
12190,-0.8094025225513315
100040608,-0.7668059975828605
225745,-0.2520592972407236
269774,0.42153731943978734
226757,0.6622227785541845
56312,-0.420438271414838
50529,-0.25542643098393114
69534,-0.6734780226923718
12663,-0.7643363443490383
216760,-0.3845004109571857
20937,0.9571998505842956
22786,0.8107118188885214
629378,1.0686098798392747
19823,-0.3025856393165256
12123,1.1199330118109572
13074,1.120118765212128
229801,0.7370423355017528
56357,-0.42457817265263387
19089,-0.3331538187339955
22088,-0.4118280881713199
17060,-0.42399233984347795
68979,-0.5758388440790245
20613,-1.0841496363811105
17986,0.6229700496372899
72157,-0.3934999194198454
66310,-0.4024900618731424
20307,-0.8423984461564662
73844,1.0269720188772165
12177,0.30056060485927993
224902,-0.4014168412639112
66402,0.8085653061054159
210710,0.8814609682726235
100503280,0.8814609682726235
56419,0.6806019272790209
13489,1.0618519040930172
109754,-0.46730965476387887
20440,-0.40525538502325986
20539,0.7030079473730293
229474,0.8535454662974171
230101,-0.42705914095229325
59038,1.0392710764449014
258882,0.6830324732967448
67883,-0.7347215234564111
68776,-0.38603309973404176
100532,-0.5477236418141302
67526,0.42705200832949686
70605,-0.7540212917823315
66855,-0.2767213775971058
26428,0.3494167597469984
227715,-0.3158916327652719
17200,-1.0834255040513963
211896,0.9550988838770635
68294,-0.38056724948477694
24053,-0.7670139205493669
50850,-0.2472578551008926
277939,0.5023904636174148
66049,-0.38418989973311213
114664,-0.3324695838308145
110382,0.7518347737421052
238377,-0.7632637410083891
15228,-1.094047468653705
241639,0.7888682880808253
13972,-0.40282776448820456
232714,0.8311558965382124
192663,0.40314713826428594
20496,-0.7224391794890819
80721,0.864170559942051
266690,-0.8811039228301389
123956256,-0.8811039228301389
12394,0.3937651874241137
70977,0.44315606869945334
77220,-0.8472025736473539
14062,-0.35834129167285766
14569,-0.22687436768655367
13011,-0.4577202979424877
223921,-0.6443348450964796
56471,0.864463333641881
66094,-0.2986840771658237
545366,-0.7048041043265325
69047,1.0357252608868652
19009,-1.069230934284989
108012,-0.4575098631311416
67088,-0.8822812182155362
68631,-0.5736505711583657
83679,-0.37420743048789173
114874,-0.7620349178277488
76863,-0.38583632046559657
16493,0.8279898014023424
68087,-0.8498902655194911
70209,0.2792975908905255
12367,0.588847452158916
15434,1.3377492063416012
225055,-0.5634819893585457
14423,0.6918880432891257
71843,-0.8082074544927718
13560,1.0054004546207853
53599,-0.3217426787047568
71138,0.7940452086191092
74600,-0.37230544723185766
667742,0.9860807399534313
171486,0.31397546089105255
404242,0.8509752895743263
210146,-0.9895059879895829
12696,-0.5507275889146221
69051,-0.3197481887444731
279499,0.6772473464788717
19156,-0.4012903793300726
64099,-0.4568577717552085
380732,-0.312258147663492
19099,0.8922154154567536
27364,-0.839041344948396
211286,-0.3023078090932021
69847,0.9088238744147326
69940,-0.29460963516693006
26381,0.9589826782656692
211347,0.6886876546106944
235604,0.9799982454434302
239611,0.9045163228124364
77771,0.8042767756414442
56486,0.22827859418320706
70317,-0.7221916940893891
18081,-0.26867595225759366
330064,-0.8292010612713732
240047,0.9974943557283229
66416,-0.26787593553716427
272428,0.7888329722612171
20679,0.8358653755805765
259112,1.1840854605197366
53858,-0.8027512664404082
20397,-0.4215031021536042
209012,-0.8353701163710747
12575,-0.4394740453950323
15978,-0.6669474639312867
100216533,-0.83393718809414
67466,-0.9483630983826945
94214,1.314229430098825
94249,0.333427644823292
12902,0.3779585953356932
76572,0.7200293989766569
69163,-0.642428697050744
237465,-1.202391236042538
217558,0.615500323260445
94185,-0.9403381047328452
171168,-0.7317043626341584
74890,0.7338499930246662
50762,-0.2611784581480201
75782,-0.8310513988865349
226407,-0.8845951958767024
271842,0.8055002296706508
72391,0.6546040522650873
74131,-0.37537448356415837
235661,-1.0023560867343688
67225,0.3620212377770242
244209,0.7579437033043028
109113,-0.3319345328068337
22598,0.8112584140336985
19059,0.8388205202445884
23797,0.30122652618293877
71421,-0.8719613615507695
93742,-0.7163108516091699
12796,0.6120385793167191
78977,1.173987769615656
14601,0.841586912908606
60532,-0.23007698810389776
75172,0.827616991401789
66488,-0.43071700412326663
66885,0.5158017312993142
338521,1.1474413626594129
16598,-0.43351550333335886
270669,0.7228750231747645
100073351,0.7228750231747645
192970,0.5003027782252083
329384,-0.7974604149069586
66569,0.9457989549210781
78369,0.7243785156195202
12647,0.9864943911077955
382620,-0.7734643087874185
211986,-0.34321620896898253
23828,1.0140530613003103
16706,0.8609579298150036
15466,0.8977486387906248
258794,0.6896653835950524
65105,-0.2861854616418249
19286,-0.332191696713414
60594,0.7987472164691694
52150,-0.75425201569190925
76089,-0.7157051983996707
260298,0.6343428099950703
23859,0.6003327071990601
56367,0.5451124100431279
70726,-0.540714733569021
330812,-0.7450213761682676
12777,-0.7110434184605996
333605,1.1483745193897739
20851,-0.3470406372291208
235315,0.678560738455114
23912,-0.431942584130832
217431,0.9663188327559373
234577,0.412533416245612
18572,-0.8833365769906321
381560,-0.6380393571326826
71702,-0.6294393363987671
214424,0.544372292600583
237859,0.7377913671423104
232836,-0.6684694249326952
66845,-0.33803589110220145
70800,0.8723781961288548
71955,-0.30011074436492
76942,0.43500900242314433
12396,-0.5301533339440452
20418,-0.7100728404567636
14456,-0.8369006658738343
14629,-0.6801580844160489
71755,-0.7839281019077635
114584,-0.293698887257813
56222,0.4643570165380613
14317,1.18507695660365
15574,-0.7561637866194761
14590,-0.41336291537820813
18972,-1.0628239467062857
18789,0.5977906868702885
14739,-0.7256707498683861
15464,0.6968756602606758
14357,0.41556912394527856
23790,-0.31468575066008597
74511,0.7426845109514555
57264,0.5666379332563887
16500,-0.9493718925749546
12835,-1.0485436053558814
225027,-0.40232287871345385
14911,-0.37375143184852533
28126,-0.4196471540649531
67053,0.6412258667670265
242726,0.812300726200994
66570,0.7401144137443012
54473,-0.3044371524043541
12416,-0.6909756603604666
79235,1.3183660345696477
53602,-0.42042743139922756
241950,-0.7501052199925793
268903,0.3047360388320053
17702,0.6934983950479996
21936,-0.31312297006314793
22627,-0.40783987840907265
170574,0.9074907937061023
17089,0.9764998095510942
14544,0.31019815739001544
70118,-0.818053661810672
81840,0.8295598134746696
12764,0.8127703901427772
71787,-0.2833954668817409
14706,0.4552712373843786
234836,0.7689722535486565
26404,0.8686404236068332
73301,1.0124503209309088
243743,0.7126932922517586
15460,-0.789853322669174
68991,-0.3230059211726566
56041,-0.3843842337254717
59027,-0.9494953548929912
12491,0.7448845087117277
57265,0.9936920655291552
277353,0.8992072849466415
225339,-0.37366365622299647
67050,-0.5764270924377586
319518,-0.9861589992744424
16709,-0.4158888159033838
13360,-1.0049436235558407
94212,1.10802550652775
27280,-0.667949690733872
227619,-0.3081753816807744
68911,-0.31784631883996184
56430,0.3829592785404383
109108,-0.7631231231443927
66687,-0.4293561822341907
65112,-0.853276173253601
83397,-0.49142840017109446
12424,-1.901524086257429
11517,0.6595450258374664
66995,-0.6066428609182841
71743,-0.25674466168519494
110695,-0.31229005603210247
22619,-0.6258060202301312
16948,0.89446879300352
52477,-0.31304140642331646
11834,-1.0939045578787425
17217,-0.3180833467544204
50799,-0.6942778019799354
59058,1.0336591991545063
12321,-0.9645821397460335
100503361,0.9234638590401429
211484,0.7315831375088786
67958,-0.877161246679619
12290,-0.7318653549319301
170639,0.9197814669659099
18516,-1.054210374519391
14175,0.6611363896741489
99512,-0.9224120836081351
71367,1.0471796097655584
74114,-1.0332694997192373
19821,-0.6122265634672139
192652,0.2627336354247092
69572,-0.5399422438035586
107585,1.079865871393265
21969,0.3763204052264637
17364,1.0609257642058605
15204,1.2638599479460257
71529,0.9365460385373701
19267,-1.009971134174406
76457,-0.2850029991164682
258710,1.0311476515630873
72472,0.6046311263839588
229949,-1.477179848221212
14050,-0.278236500410296
208666,1.093266903249262
75552,0.5545360165760567
246133,0.5297988349983083
17876,0.5641873960259929
67857,-0.22760485075051662
100313943,-0.8233698822265696
328783,0.7674790630795476
60597,-0.8876926935478489
18582,-0.5734716673293949
11520,-0.43956817655264047
230709,-0.48330680625627487
56791,0.22686651039571437
320878,0.6410005537313834
67308,-0.7409844204618894
80289,-0.3623114357048802
60527,-0.6731337925382865
67328,0.8907291971448235
18701,-0.5730983383381272
17436,-1.1602365118101345
19158,-0.3393212004931563
19348,-1.0797155045922278
102339,-0.4272447029563562
72388,-0.7472538214640729
70470,0.4500747256583626
27060,0.3037239530139786
73373,-0.8119283073935133
12512,-0.4306922230605448
232827,0.7844064771755717
66863,-0.5017323851214979
240444,-0.6568779786174535
208084,0.3671912216673938
70575,-0.793931221252989
16646,0.4571996477522351
20020,0.6158656510428191
415115,-0.27186901898172433
243078,0.4190520030828635
66357,-0.36943045659875295
52118,-0.8160654288108891
66059,-0.3070781335090942
93883,-0.6760479364340295
68563,-0.37054417565048325
56743,-0.5762488493596267
23888,1.0438710558463615
20674,0.8435732872600479
53975,-0.4487841641025163
225825,-0.36448193846653076
108114,0.9881687012509897
69106,-0.40468405609997227
235623,-0.29128267799005947
329777,-0.7460795601517702
56515,0.36133815266152514
242687,0.39158592015118465
666704,-0.29624026532041725
11609,0.9170406331978409
102595,0.22404760274323365
53318,0.7214312018650779
242509,0.6937463857609281
12816,1.1722599402532579
234353,-0.691149995551263
73914,-0.8231399548026639
73338,-0.773313004962457
77619,-0.3991706528323329
216549,-0.2506965925652995
68428,0.4564294317341817
75495,-0.870196657153532
83767,0.4639924338281318
74342,0.8293049901573282
67897,0.3865068406868559
381411,-0.6832611660302259
69694,-1.0063063418344358
20692,-1.4245164964814006
13436,-0.8954700105454734
116870,-0.5931143654676205
78885,-0.37606596442547513
12398,0.4490133734477961
99100,-0.9307073226072999
76969,-1.0931490834114088
66681,-0.8741922686270698
109129,-0.25080076356957726
12748,-0.35658762347203066
66953,-0.5839422838519761
17877,0.4970755835894174
15937,0.9648620251044209
26443,-0.24951898404951223
208628,0.7778699485358249
105727,-0.39823065564042537
20750,-1.5992593022320842
329628,1.0637711042302609
66435,0.763935252917026
74196,-0.6895995559339481
74440,0.4013870654246343
241062,-0.7349626854201423
19253,-0.2582719587757669
75671,0.6155189430519346
382793,-1.0480614382601532
228880,0.3398908414976898
109880,0.3473495213105924
237782,-0.5036227297243814
229004,-0.4441179070821608
259147,0.8907356415158212
67608,0.42143150304564436
11306,0.6809503546122846
245880,-1.0279038277663624
75209,0.9103850747012747
224143,-0.6821915146007385
66811,0.990066477524219
11814,0.5390176136965366
269615,0.7580116544664666
67153,0.35044816010806823
192657,0.6308145887395806
80707,0.48779808786026013
114642,0.3526104599354838
70026,0.4092335986974973
68836,-0.3092232988760788
14211,0.2936547704074357
75050,-0.7355293011811792
225644,1.025852926967889
320150,0.594074684456559
71302,-0.7091991219269884
53600,-0.31124227729016596
544791,1.0470168425946325
52513,-0.41250911229535703
57816,-0.2915420415257781
105193,-0.622554617217097
12662,-0.8417123381244425
12631,-0.3195752458367842
68794,0.8053130688482302
328417,-0.3688456595019467
75064,0.8270882424247272
18091,1.0306348096136029
218460,-0.8547169025412771
269037,0.4010725741482233
18595,0.3547753306943129
67464,-0.32406768722363566
216874,-0.32566028797019797
56292,-0.24185650468237796
14697,-0.9090065701597982
13202,-0.2874526916936375
67588,-0.6621714081584473
76781,-0.8763244414940345
14395,1.1609641819121386
12365,-0.6666506670190007
11966,-0.7711590707586051
54418,0.627846341016653
12889,0.845736261710758
78257,0.7995309873289709
104307,0.410326468805005
17254,0.25237394908977606
67803,-0.3284892631033465
56335,-0.30129217186112456
194309,-0.7723669321325692
16866,1.2492766234252084
100040019,1.2492766234252084
13716,-0.2515563084382766
67994,-0.5584050700358398
71799,-0.7677298372021584
28015,-0.3826919155310584
14672,-0.5099906962073115
241877,-0.7598078740370826
329504,-0.4400507527551838
71567,-0.9127194017158411
76469,1.120086033375447
231287,-0.6409860683371882
66420,-0.27486378784773
271944,0.8734935953410896
66958,-0.25003888175772815
71240,0.7728472116624996
26399,-0.7208576071733193
252967,-0.817417243072903
66354,-0.2231018008803094
19116,-0.9396807374592981
27056,-0.3697589808837787
106766,0.8517827276411976
67422,0.31086331505054865
23925,0.7591081567445723
56282,-0.34548115170456306
208643,0.40278298897204756
26885,-0.9599286287427367
70451,-0.8080695894991257
72429,-1.0051448424102478
18293,0.4237922285926299
69590,-0.9255613214718776
232664,0.7182764512497548
503610,-0.2938957254880936
269854,0.31812373115545967
27387,-0.5372985139264586
269400,-0.33029495069544446
58217,0.6102912825151918
20621,-0.4000658182316794
68512,-0.3633970920503753
20469,-0.35348285540924707
15958,0.40383492968434176
68463,-0.2661389873955464
17005,-0.7936308527815772
117606,0.9180575698349367
331623,0.4076179064017058
20460,0.8185338517092582
20445,1.3203023351882486
171543,-0.4782074927518387
72308,-0.5375870306886954
19245,0.26232260711743294
382236,0.417936721516341
51812,-0.30044663781389147
84704,0.7941937395572864
668880,0.5047362624788176
140486,-0.7662597548640284
18442,-0.732768879240834
75422,-0.38196384108377224
67118,0.3290361860714359
234664,-0.6688329488819544
16429,-0.6207925889729111
493583,-0.6207925889729111
22235,-0.2807816501941165
69562,-0.4358352873563893
56640,0.4563240439445062
74164,0.36069022951844776
84585,0.5127737699754693
68889,-0.43727474225844976
232491,-0.8256090200280877
109323,0.5976354449465076
239510,0.32530070047395476
71326,-0.24143751938866131
22286,0.5133227227916173
380916,-0.6894153703398755
259113,0.7009021789136494
83428,0.8892379345065935
12055,-0.8849146368633045
66658,-0.6186041652766816
67288,0.41932287801142376
29806,-0.23968404617195915
65257,0.6777263115992476
16430,0.6566163864455747
24074,0.8798056562069343
70508,-0.9141990257515218
57875,-1.0907711677775422
320184,-0.5692377816433813
217708,0.638077995108997
12505,0.40511648373431264
13859,-0.4485615620479475
15901,-0.6186725809931621
236732,-0.2671829516600308
13429,-1.2690858541780266
69032,0.6041443385631227
237082,-0.48395709394073627
14432,0.8466279022715013
97484,-0.23341377315941614
70561,-0.4625645691393707
20303,-0.672085391555175
20262,0.9998673596432104
64292,-0.20870925995256684
99334,-0.44871056361274775
74134,0.3282427251517053
258944,0.5468666888600713
59008,-0.2990971153628106
54140,-0.853094762191942
21770,-0.6227206648070505
54632,-0.25308601504656103
21769,-0.34942983611525946
72549,-0.823506460778332
230103,0.3768438982651947
78455,-0.4975967543089794
56643,1.2565829041884422
383348,0.6303245351278255
14579,-0.8870470501828107
108147,-0.4799026964403108
54125,-0.28622343239606884
64899,-0.6818477121772712
109079,-0.8955148406863893
53324,0.913159679807237
52822,-0.6561603801178109
54354,-0.29713708406048056
218035,-0.40807854828148304
22117,0.762801933401219
15368,0.48315164877950245
11692,-0.5510347861282501
668166,-0.729540944787832
21416,0.5515386959588326
17355,0.290713467591754
140483,-0.6806738674940567
100683,-0.5105908249284905
66413,-0.29265857177344046
108156,-0.83050324932446
226180,0.4061808465405612
19743,0.7595607966984383
13667,-0.2317844653736767
252966,-0.8121121468676344
56642,0.6926704525748644
12832,0.7218045216112938
106489,-0.3889934261831769
224794,-0.7140286362367769
13557,-0.9637413906140351
15504,0.9851529292385246
18642,-0.3941565108330565
102442,0.2637336856375523
20641,-0.27568704880683725
11857,-0.2666030387525087
50765,-0.7614901804588454
277360,-0.26984428556198914
228136,0.3903533141996469
56504,-0.49276336352124517
107656,0.5686125843404133
751864,-0.43812924572518597
54723,-0.5028356909053953
71756,0.8271445241862949
70611,-0.5787642086799769
171429,-0.4532233558214589
59069,-0.35511829358862634
666794,0.8297057419443155
19011,-0.7080579297876319
13418,-0.31732471808509644
320435,-0.2075122151486024
20224,-0.2978696492580326
16832,-0.4181673159226449
142687,0.9132794883241355
13135,-0.2581246830055708
71884,-0.7225616108166886
72175,2.1073469361955057
67036,-0.3446771379215132
77053,-0.653256460746344
74006,-0.24764620488022615
27226,-0.43730679577918785
258985,1.0477880083298357
245866,-0.8250308936743913
74326,-0.29398763286579843
26944,-0.6773402367967618
106389,0.3841520426443523
67886,-0.6799805482888939
665563,-0.5606423884938847
69401,-0.8931035564987009
26987,-0.2409075567575858
71592,-0.6960600179762899
12903,0.8865819617739943
208795,-0.7458448972186398
18707,-0.3153469844558412
13685,0.32006058380500235
114886,-1.3630387959370984
230735,-0.9546731648917426
23833,-0.3770405221263964
14729,0.3297559661517422
75409,1.0167241462370784
235441,-0.28219242247949694
16548,-0.2909602980327417
69456,-0.6741677630474294
432450,0.4966773602015433
18012,-0.7148516252313426
99311,-0.2517988431980225
22068,-0.49991771787388295
212892,0.7582508205663094
69094,-0.3473084282350012
14297,-0.31610426506180733
109075,-0.3072308230293803
23794,0.5359250389760435
73389,-0.3087345945368334
72562,0.7473836878006672
217700,0.8921989975158189
230405,0.7157329598458633
258287,0.9440897776958175
246696,-0.28285322101825017
14451,0.7946518847355319
223227,0.5548634726003581
232925,-0.9110463949520984
212986,-0.4120888602172528
51801,-0.35215761989899796
72265,-0.41726208952822397
67944,1.0113565568721228
17993,-0.2836480439936899
12175,-0.23908552288763119
101476,-0.2539914198113298
14664,0.6982585478127294
78334,-0.2513021177249364
13559,-0.7145723225286975
20444,0.5022718261132368
225497,2.0870944469779156
77781,-0.5444903096851474
26423,0.41580330571940216
67465,-0.3800232141928692
212980,0.32101261616169197
109552,-0.295827751185211
107566,0.3045185964438897
100503895,0.8350127393637479
67902,-0.7239499865682788
235633,-0.31083956557329273
213948,1.7223275690569233
16410,0.640451300377185
245578,-0.6226755567798588
272359,-0.749719854768502
258358,0.6004477632252239
70620,-0.34655502520283576
16392,0.4032935219243896
16952,0.5414954641522147
208258,0.7763146809011925
213773,-0.9260419990269826
28000,-0.41955260715657605
76740,-0.43611017399372365
26877,1.0981207293243997
71325,0.9810758505382888
16885,0.3072014043436653
21761,-0.22766281353566775
627352,-0.22766281353566775
74577,-0.5817788200471856
72416,-0.3742382828481734
13860,-0.7738901154166493
15510,-0.2828209995647981
56296,1.0583775360004468
72459,0.39507225778913835
76737,-0.24876201599288628
18567,-0.28038758677040754
18103,-0.28902979130003104
71793,0.47968686488549306
69116,0.3520886317861489
66682,-0.3267004754101652
64113,-0.6131288952548593
170762,-0.5306699642334856
108115,-0.8786623251849761
50927,-0.39165973326826453
64660,-0.25399913647397554
246229,-0.6901210313258161
108153,0.7692652160026898
102570,0.5000463391968006
258616,1.0326415328547585
56353,-0.37573750224091107
628746,-0.37573750224091107
60344,0.7236058692393859
80509,-0.22135027445314392
67180,-0.36351853042920546
101488,1.0381305720311902
22083,-0.6766721496146548
64011,0.2998589426989575
23950,0.5777211876989004
226255,0.8553348163784937
77622,0.6290689396094713
69684,-0.2628408819471151
224129,-1.004945756908798
18046,-0.2799481842999061
68813,-0.671922511025338
75600,-0.97129863059472
77704,-1.0795907011823713
54405,-0.24034871563852533
15507,-1.3819331125517706
76551,-0.8679802257565177
72656,-0.5699850344830928
14613,-0.6522741785954178
72993,-0.6594736475669709
83602,0.28419904085911796
101568,-0.19863564978634507
17433,0.6223155168786016
22626,0.8141919199727479
107702,-0.28094109626787933
19183,-0.8586990725341961
170772,-0.46850022835783633
53814,0.5705597027453964
70122,0.5079138662410578
73173,0.749273431119378
242557,-0.6049122089138708
319655,0.7158512386230989
12023,1.0772455904071423
268373,-0.258483789833182
14630,-0.258483789833182
74610,0.29222748686049904
229709,-0.6473764813721212
16784,0.2508503373701654
69727,0.777318804880955
230075,-0.23546477459231596
81630,-0.8967980496458701
216781,0.5895203550266785
404322,1.0465361782118552
15399,-0.6277748046847385
17897,0.5474412518963607
20564,-1.0474499028800195
69367,-0.23794320894035614
66208,-0.3714406392026799
59014,-0.7159790572638212
77777,0.9286774917493021
269233,0.7585500964971965
21399,0.4810725520836341
69957,-0.3025692872973291
26414,0.8798436598929955
13120,0.8552431314379803
70238,-0.37251239369934197
68995,-0.26574848504426996
384309,0.28179429306004167
56348,-0.563574372082547
20287,0.6996730197637797
19360,-0.7280010716790342
71753,0.9568132426660467
20671,0.7167297296469046
68942,-0.78052150083962335
235606,-0.23729597125481128
14588,0.530144281295863
213464,-0.443633852327463
403187,-0.3301219687700403
269589,-0.2862958066969181
216795,-0.6923553100542992
238130,0.84736331782502194
67873,-0.21578779213835197
20901,-0.5004424232109042
67664,-0.8419239928450768
140570,-0.41597865358069974
98685,-0.6439861921834025
218138,-1.0019527724723645
216831,0.9734041912377385
19347,0.24885919336787055
320782,0.6956687846790617
16171,0.8932653254285916
74551,-0.3488011283586756
17178,0.7697230676954554
80744,1.1766206851148429
16716,0.6431774489382271
14802,0.6925881406907823
66599,-0.24953394114923455
69276,-0.2666431756652017
74271,0.8893526593168928
66071,-0.3120369581631355
26961,-0.21778196443665898
235402,-0.5435639021855923
12740,1.3440797565831164
99681,-0.9471475568430607
28114,-0.21237886517618243
64818,-0.6284821552379576
26445,-0.31462446011304834
226139,0.5136734724949932
56787,0.9402856590914626
14227,-0.24858426521420363
16426,0.6637744124532325
140741,0.5350956325806209
268465,-0.730651416015144
17126,-0.7346685786292655
209837,0.39964657769531264
246154,-0.9009552022605094
269523,0.36061785908140465
16510,-0.7168330560443965
329954,0.9239743591775644
51796,-0.3748190091269237
73828,-0.3674637369434617
12727,-0.22476504168172973
226075,0.6298198054510289
217203,-0.5245704074873796
72049,0.6775222945093606
226182,-0.9331092017360847
77318,0.6981973184579826
67869,-0.23686762789691151
13877,-0.4019695892464821
52683,-0.25952452553160477
67457,-0.34587835106648157
18788,-0.799839713842208
30959,1.2694426366618892
99152,0.26603016144267855
15404,0.49617547385918925
17228,-0.7109058997507214
71726,-0.7063754004257792
406220,0.7931413753185153
14246,0.40300330649660054
71999,-0.38347022396759023
277463,-0.4489630277707146
66948,-1.092190284419317
26950,0.8342893744874775
80913,0.33582218112567297
244178,-0.2828028096223134
327762,-0.9107366068959228
13507,0.7024139173502482
11539,0.8725827117373814
72058,-0.7198361345662745
70546,-0.2901188228972593
240427,-0.8195230149690271
229524,-0.3197734124731788
16206,-0.7592918765358165
12974,-0.3391803562582538
74147,-0.5519551059358676
229504,-0.6594374812635628
67141,-0.8626674077316725
72930,-0.679708995018705
215387,0.5057843202521797
57339,1.0209556871591188
12021,0.4925541210908033
108089,-0.46143090141891374
18739,-0.2885692246253875
68695,-0.7983155306771978
104303,-0.22360958670149245
75712,-0.2942715272816221
15894,-0.5940687700337746
380967,-0.8368693316478897
226413,0.8514017326079428
217218,-0.6586908296139002
16880,-0.7593397757227169
224840,-1.037061606346044
63959,-0.5775887973615657
114889,0.7020689883571412
85031,0.8566666310106967
70012,-0.5894287210599836
20302,-0.8068990063169759
107392,-0.512802649556682
14269,-0.37837997641593724
30934,-0.6980892724786747
68723,1.02773320646555
15499,-0.4236703651319278
22200,0.921034351384419
53617,1.0135041379052474
103844,0.83326222502542
71830,-0.784119182801049
22774,0.9072210928809472
53424,-0.2073992273178309
12921,0.49954261266673505
29866,0.8830672752060607
75625,-0.8876477769422872
66397,-0.3933146337609994
269955,-0.984183922712802
100710,-0.8432471331543665
276919,-0.8091380311815577
66585,-0.4459791173479024
14266,-0.7593086300637042
279561,-0.8043207387952069
21335,-0.44801140793120364
104156,0.3077408986768724
75957,-0.7230505805740357
15376,0.6777918903649605
20044,-0.25570501574562776
66090,0.21978096761854005
56376,-0.6272319244102826
223770,-0.7472138281188103
212198,-0.7021803454496354
67739,0.264249698873785
108657,-0.2407110612974872
24108,0.7306561616525116
231004,0.4781467112854436
223254,-0.9600803704683596
14049,-0.4412356754081257
72899,0.7448465137261122
70552,-0.7649866998885368
242707,-0.8238623750985314
19280,-0.3443392429901806
269397,-0.6712515856685846
320472,-0.8919346894404523
224630,-0.4592351668432766
57912,-0.2329552600271203
27390,0.7295189153282413
268445,0.2568979169070058
50781,-0.9272549261171954
17701,0.5346057010850629
56758,-0.2568659220812979
67382,-0.4816728099162093
23802,-0.21753455939190935
72008,-0.22429643164874236
17304,-0.3777268598111636
13726,-0.33418449999078703
18526,-0.6609478738843708
107272,-0.37542719281985093
67876,-0.7595309050389574
332579,-0.6892761414074147
268933,-0.4257016743316093
58859,-0.8357336152765127
14533,-0.2574402945696246
17215,-0.36462018429614496
12959,0.48898831621757566
68537,-0.2538040862298967
69786,-0.24278864425025404
67160,-0.29103040691317794
75778,0.2845102113414697
116871,0.45283006470400444
67690,0.2801679803611776
245616,-0.8003320778022571
17164,-0.2031335373195038
74244,0.30431215744072304
110173,-0.34389350484778536
66398,-0.3515418795928493
135575218,-0.3515418795928493
13170,-0.3368828539561797
57259,0.398960245576772
245841,-0.4123091991358532
14783,-0.7304724201120352
665775,-0.7592994299884173
170676,0.765169452976612
213788,-0.6959507224131496
12476,-0.42141326158064984
225152,0.916291135350606
68431,0.2554453586681342
107869,0.743812423038809
73884,0.7482304100975807
13605,-0.6228165703031108
72041,-0.3314216827973997
20345,-0.22617692773410347
269338,-0.7241392468294414
66989,0.36503971728459383
360216,-0.44812200196041285
12183,0.2809875083405231
19352,-0.5746247250582108
24055,-0.41858585116042946
234663,0.47426657275501594
223722,1.5851314382036836
20973,-0.21507375221800729
12613,0.5702936612394636
20540,0.27206874448343665
11920,0.4027176163512749
80987,-0.8440968657002843
19744,-0.5703943195899885
18164,0.819547794386073
633285,-0.8625515117288436
272027,-0.5429610980268693
230145,-0.3427820079975099
70274,-0.6604739108715152
78920,-0.2801952468989022
72662,-0.3339461868673457
68943,0.36641054795002503
109934,0.529080568227764
14081,0.5220681875217448
13383,0.6227189341559125
109095,0.6303820922731145
73314,1.1727333650503766
17858,-0.8033561641060478
109791,0.5046010720786374
16588,-0.2497172275032078
11652,-0.18014787688368017
14933,0.6638936816249403
13858,0.4531521831980383
54380,0.3139895555437704
93871,-0.5967122981351078
16770,0.4402543843730262
79464,0.2616983042260035
19175,-0.29817825962638267
109731,-0.7079899188006666
269878,-1.072723633507958
100198,-0.44390926961847743
192161,0.7387430004822599
67320,0.9803526606215875
56480,-0.763494147398883
16543,-0.28336084254323524
18037,-0.641881906917817
66967,-0.8227477894718414
19045,-0.27959966626763233
103135,-0.8479114997325095
11829,0.7349423688997181
22143,-0.27803669327644265
217366,-0.25011886488398716
75678,-0.8699150960741466
12391,-0.9135628780741158
16911,-0.2514252275513851
269682,-0.36632060500552655
56371,0.621184202486285
66711,-0.210972130659
67824,-0.5169453523058545
497097,0.8432537769919382
66679,0.2872286040562866
75571,0.8129854553029316
18793,-0.37397839194130533
225115,0.5631231177839
53621,-0.3438132725035814
217738,-0.6229108046220588
68416,-0.7128687944159839
23993,0.8323514703477382
73547,0.9346072587417464
14874,-0.24135561486631119
99237,-0.4100815365285291
66102,-0.6124976783455844
245944,0.25034150473434913
75710,-0.2657764072307689
233904,-0.5363629848065337
216350,0.7863858750595707
94246,-0.7066666526991838
17524,0.43257949050575917
230738,-0.5481894851121227
13198,0.39836550707704976
26440,-0.26311000194033696
22419,-0.35732908058194557
20650,0.5168036055157472
67955,-0.2798110905855946
24105,-0.2389953697824545
16506,0.3065530294132781
12043,0.2446457912210711
622404,-0.28486157335927054
20677,0.31793218016523817
12576,-0.22454282240362566
20166,0.38374083718947105
13846,-0.8264615891995821
225187,-0.8146407983239552
56096,0.9188271409725735
242860,-0.6842668071779672
19305,-0.8333942469145947
106582,-0.23997276553416746
12913,-0.8332581268910282
110119,-0.6057397118399406
67712,0.34758705494412645
94226,-0.4018818783466509
234023,-0.2600380457056417
100702,1.4245706137505163
21367,0.7989191623241707
19386,-0.5127796046314366
217328,0.7495585809464558
52838,-0.30960846804054754
22032,-0.2902039821139848
52033,-0.7477125257691748
16009,-0.6831638118781997
232585,0.7066581005781121
53310,-0.551401297521239
71198,0.6999230408932613
216877,0.268010090273636
72749,0.37365088140530567
18087,0.36694199183598286
57431,-0.27193207673250264
329908,-0.7087973189609853
140742,-0.3040580518303937
66799,-0.6057526906559092
20503,1.171217175290927
231841,-0.5688869777257972
56233,-0.38315950392565057
67013,-0.4494680520769405
22364,-0.39961910472865725
20525,-0.4456033452270347
117229,0.4260993693320838
71819,-0.7360754853490787
18231,-0.8197582307833629
237504,0.9248271626120097
21349,0.2988480542923906
17444,0.4896521218227825
212139,0.366428949247263
68750,-0.4655249819707947
170706,-0.3011844914786552
105298,-0.7919801678353737
211255,-0.6539815061207843
78286,0.6049053012036909
73833,-0.2769312153385908
69807,-0.5539237195693962
14934,0.7894380837738808
72502,-0.7600680552169656
217674,0.9169255065662982
329178,0.6264017711793279
192170,-0.3168461277774206
227541,-0.24806446784335456
72162,-0.3843088694750607
21848,-0.3373867353275468
57028,-0.4983892594136279
66525,-0.448189536828445
20416,-0.2428910725730038
16663,-0.9249136322439693
333050,0.6340309314065262
19069,-0.3070548437938836
72399,0.22531964552518424
338371,-0.2832457506008055
11677,-0.3257401550950796
110379,-0.24638978851504945
78689,-0.27631577862854506
12558,-1.0944456418427713
237911,0.7598922330066298
224344,-0.5539187479797816
71865,0.5072483475129985
23969,0.2358322305880396
67469,0.2994050743745902
170770,-0.2903984863545652
98396,-0.830716068734958
56703,-0.22356438396403178
16579,0.5526996765276326
12161,0.8224130085968926
66609,-0.3508649405110962
70059,0.3837576632050439
14870,-0.18762916965253318
74334,0.5860545699078141
74351,0.7845803395307449
18432,0.25467292231622274
212390,0.6742256329009422
19889,-0.3836150039434614
74569,0.3945152135292922
234723,0.26046876062848057
59093,-0.7743049970171798
11812,-0.8526591326905013
331374,0.9474405273016107
17083,-0.26552507099965084
27998,-0.2612695114210215
65098,0.5945736054321014
98366,0.3651852112417444
71703,-0.4840998505098044
279028,0.7630690665789981
18610,0.9518819922834529
17129,-0.3324445553844235
246787,0.6493287180184155
52639,0.539490843632632
76987,-0.7328445414219953
17237,-0.4091538465533464
75686,-0.4478606582191089
67283,-0.23137240525814917
319634,0.5481143165041864
56323,-0.6829678724882147
245828,-0.3044784216928793
20472,0.9056942386471407
259063,0.9355303157649271
22379,-0.5931110364664978
21949,0.3309892390722906
67839,0.6763183764838621
55946,0.4647309872814933
353130,0.7613089788066967
81701,-0.2943798780288187
52040,-0.6376887910423683
67775,-0.4573181816414902
64337,-0.9438377090284407
544971,-0.34849843736212005
80981,0.5614907279029033
319448,-0.649288108051814
67785,-0.6641497383857313
72469,-0.7076644282186564
12958,-0.7586996202398448
67856,-0.8501852081108279
22249,-0.7697669446609865
14115,-1.0968588795394845
20354,-0.3402532731511485
70380,0.3708380740777599
76916,-0.682540694872598
333088,0.8021895677014692
14581,-0.5441874315501396
57745,-0.6454155333147291
68753,0.7501873525345508
72960,-0.4294250286611456
15107,0.43765236034843724
26385,-0.29236322692895556
12018,-0.2584157712042501
268395,-0.2357298540413293
15525,-0.33532078595318104
56532,-0.2774610401708877
18330,0.936361124305336
107239,-0.4921637866218944
234356,0.3562535289081037
12918,0.7498737824037445
217480,0.6710314865997002
15982,-0.2987817787175846
15898,-0.7789774209618647
66311,-0.6293920141837672
107321,-0.2422366493707564
107358,-0.38180276272021096
212190,0.5158483720951157
545260,0.8524029278194489
71213,0.5326314532876095
382239,0.6116186481899635
20840,0.7693682098036696
59001,-0.2118302403329544
19385,-0.2130847252984971
22640,-0.26664526129111543
270190,0.8382949266166033
52830,-0.26449938963181907
55938,0.6286623800469213
12029,-0.6556288917609008
667823,-0.5195188242997153
664968,-0.7716007259963478
109346,-0.4118077891848797
22601,0.31994140210421307
19659,0.6546981555355655
74469,0.34059127865499583
69035,-0.5409836533520354
212528,-0.2422057916334044
79196,-0.3277090440980359
24059,-0.6611956052107164
214133,-0.40175473946755424
630994,0.4290599144177296
387314,0.5539474822499484
57757,-0.6071286471878503
226541,0.3227913035669099
11843,-0.2991883317112016
110109,-0.45129802726322765
106529,-0.2447158915914347
74051,0.6403740647078018
18038,0.2581504687301983
13819,0.3155471840863555
23980,-0.24277328168912504
12362,-0.29051237006510533
170441,-0.7459214299242989
54392,0.7472779444139857
76408,0.5497983052791424
226548,-0.5867864771154263
75597,0.37289237343047343
20357,0.9179074109249425
69718,-0.8127937031029058
11448,0.5947536841733343
15416,-0.5212545827005375
73132,-0.7217280009962908
20481,0.749767060464622
14958,0.8173970278506388
19697,-0.3273242054730314
18553,-0.6887043637377817
75210,0.8706124153995898
16907,-0.2645307500641625
30055,-0.2645307500641625
329470,-0.47358509806731064
66526,-0.7447317417161594
52323,-0.6520652583482249
108995,-0.2996364232828821
216846,-0.6442181187292215
18220,0.26521715404653357
103733,-0.7113118028320775
214663,-0.6971743895850615
235442,0.1880103557173367
30925,-0.32142390700370527
73178,0.22040720560029392
108857,0.33316334795467917
234542,0.7105734455836847
16704,0.8112403607476324
69253,-0.8110179132104967
231712,-0.21964066149687866
11937,-0.9006106904145907
102857,-1.2127438993185793
12890,-0.6838226591560188
14763,1.0088618000327503
103806,-0.3371077169843506
227102,-0.4609057899379341
56538,1.0014476118631532
54139,-0.4916712692371945
67561,0.2805447175437319
240638,0.9021284267359864
71704,-0.31086998972812196
26457,0.5912660494418223
78232,-0.3050173327455301
67815,-0.71421439963009
320429,0.4787068341993619
100129,0.9143559044986604
67484,0.6622975463979976
100273,0.3477585829711627
15488,-0.3963188530680153
233801,0.7290796231402168
68307,0.8180428368163151
103988,-0.512702827509461
56364,-0.7935565448203166
215061,0.8773400128588085
57370,0.24501042639496617
72085,-0.33634921027612474
230824,0.6591164388554889
114893,0.5632796822711921
381213,0.8619394475370661
233016,0.41855559312849167
64214,-0.42724408416789394
58799,-0.7906658270810096
22751,-0.44809737073840683
50722,0.49030633541937885
76178,-0.4344155755266943
107047,-0.2536206216129271
213469,0.6437234911111314
71805,-0.36484100436450717
71037,0.9596783870511856
76022,-0.8050268798955678
217057,-0.4006608308062436
18933,0.8011746930296382
257632,-0.6628228344603455
382423,-0.21993422334294443
12061,0.8783106203528401
77578,0.47965247184126714
170767,-0.6542742591954198
241447,0.5189218269972828
13491,0.8626982663547271
226418,0.6177358875252317
72433,0.6908657086087859
668310,0.9786754014395607
56378,-0.18065788961465223
271639,0.9454333801004133
433294,-0.8339966698637085
14367,0.6262160947608688
66968,0.9385195715655783
12385,-0.2998867402475991
68655,0.7776927662467914
106894,-0.20994573016321638
212108,-0.7808151848556553
58234,1.0715618223827539
117198,-0.34215853210048763
71093,0.7436791948333488
330723,0.7137012553987194
67279,-0.749441788872379
12236,0.6115337725305565
224024,-0.8904932934512306
232970,-0.33493211225220065
246728,0.40479526788835507
195236,-0.5563905497163235
20019,-0.656908791430098
18744,-0.27681014132309834
19230,0.27124779418505085
13070,-0.7010023814228408
353502,-0.21864109924521813
68021,-0.24689229521542977
105372,-0.6513767102227357
12776,1.023324161218401
23897,-0.24309584418595342
16468,0.3567442330349184
29818,0.3214573895212034
18654,0.6979848085660656
70430,-0.6848914203433685
54633,0.19123871968357165
114301,0.8030843035095439
330050,-0.5307740862347305
104360,0.8357007447441935
241846,-0.5574947957236356
268934,0.7519663666713265
99412,-0.4384193869544095
21788,0.9555816906055652
208647,-0.706769862510364
57321,-0.6254094473908323
225326,-0.30567001210428124
14852,-0.23469777960454863
14173,0.5501411297335146
70945,0.3485191582987852
56284,-0.48490390119646065
72772,0.2914537861323039
20592,1.0798166504070092
14450,-0.7713701509961304
547431,0.41705173452609223
216543,-0.29384934442889676
72654,-0.17022710483172432
55991,-0.1937727255195778
68592,0.4114813229593217
72293,0.2822963166701129
68260,-0.7611615760063248
12840,0.8553959390664465
110829,0.2630273140863366
259071,0.6369821436368763
237523,0.9146624853816738
22165,-0.30214661414054866
629761,0.7056469543910469
259053,0.8277850788461532
14725,0.6788957012432748
75415,-0.6217264960053601
71900,-0.4375489214953241
17087,-0.47487295724668677
15277,-0.5526257329982389
20725,0.41988232325360286
22592,-0.6211266903040062
67773,-0.17550081510797177
16502,0.6231344790323448
18706,-0.5795366816846634
11973,-0.2237801635785459
228482,0.6867931946760217
233080,0.5039979662116947
233081,0.5039979662116947
114641,-0.3769194666028568
277328,0.6828644200542113
252870,-0.277046933876667
217944,0.6660468936588364
497106,-0.6280873073954902
208449,0.25169051341625703
66864,0.9406595484503759
99696,-0.6682072553074176
21767,-0.2693253436990819
56463,-0.7492374549339642
217340,-0.6322061769867728
12359,0.3518725587695748
380924,0.6204879062804181
56468,-0.9382228548249403
66191,-0.23998044388213202
213121,0.4476028011886637
67865,-0.22888709270526242
57276,0.4879491284527342
241035,0.5075745439371788
59016,-0.25036062279249727
83962,-0.23927887484339472
14373,-0.8192813659549865
17907,0.614536325391847
16987,-0.7468374062841834
235611,0.6866028328175173
70359,-0.6281228605372444
81905,0.6640776861013755
56088,-0.25960694752642866
224224,-0.6713100256500075
246228,0.7811998501424631
16594,-0.31338280115176786
18028,0.8376947728490345
22123,-0.2804355922758326
320528,-0.5186116606284639
16008,0.6386148020296565
68904,-0.6367402407346558
245610,0.6525988475621598
21665,-0.7032361579013013
26554,0.2545685564467224
217143,0.7909250692748744
17831,0.5226529096205601
11801,1.90057560875535
50931,-0.30989914323314416
15354,-0.743314164516276
12703,-0.2965199416644495
56421,0.47644139464718904
75805,-0.4203660004164522
233064,-0.18257848347585082
232679,0.3418421493954664
229007,-0.3054842916463212
72699,-0.3054842916463212
218639,-0.2518816054958748
319922,0.9176127470066242
20852,-0.34797554951236265
433700,-0.628409967965184
214552,0.39323046151134733
268782,0.745845688091249
17700,0.6802129150002316
71956,-0.7086160540948789
233813,0.8330970246844105
50779,0.5273655633204477
73668,-0.6234252784558683
230577,-0.5060729901782981
22240,-1.2111734726356094
22720,0.36079661292384735
67011,-0.38161990985390304
15463,-0.5040028701654826
268709,0.7474452011682899
353188,0.7270016682144718
330963,-0.7207667699909246
213895,-0.7517625825250329
71682,-0.6986129750642989
100042480,0.5024544708610383
70300,-0.6733857466880631
72119,1.1079541730680251
67040,-0.36580699162905006
244551,0.41520349146083113
23921,-0.6276588279233293
70088,-0.2859520767202275
13611,-0.36319647044480163
69082,0.27366006934629006
432839,0.5038406788339458
18441,-0.436839226684552
12995,-0.23563803302361563
72844,-0.5722812072526757
225467,0.712563341291574
18214,-1.0640641106119402
269328,0.6325878776421234
216148,0.566229130684019
12418,-0.3518093864058933
14619,0.8993088795301629
338372,-0.9028543138802663
12684,0.8658250342862903
26564,1.0207010491081157
56360,-0.30795114128648216
19881,-0.30086098898881986
57320,-0.25569633235931377
53313,0.22386841804769908
235505,-1.1457046547479703
21945,-0.5790167535129278
432628,-0.25526922502196925
329360,-0.5612243161663102
52357,-0.809449558783558
56531,0.7995316980752314
56455,-0.6206555540945966
67515,0.39658699277019593
14387,-0.3445604500209729
20698,-0.6616741691681485
227325,-0.6323649692529707
75786,-0.3319655449922294
231386,-0.2950638090028086
93677,0.8104367375335011
13124,0.7591128895425152
20168,0.2616527652850529
68533,-0.7655151140695073
26386,0.6411778923147029
78688,0.6411778923147029
17749,-0.293720752552467
15229,1.191957162617042
72179,0.30641552278495343
20174,0.26928283283811894
67495,0.25976910486386284
100637,-0.6934416872167377
229363,-0.5420378906689844
50795,-0.6890688961956704
110197,0.7147516895677715
80719,-0.3052314510428342
69379,0.5652044535690859
18475,-0.7356877089391807
26936,-0.28618828780798466
20602,-0.9568825238055156
235041,0.7010041119944903
243853,0.40218973227683463
209737,0.7844189280201643
84092,0.7612511101334247
100041096,-0.7051661869664976
14167,0.2790378289976325
16886,-0.64351090818628
65247,0.6043985411013324
21652,-0.23149732960309422
56356,-0.23264813468284373
19718,-0.22569447520656638
266645,0.5736326848376958
11409,-0.8522692323305012
14872,-0.6076364499323859
20975,-0.6576977751695399
17922,-0.6739807849820671
20595,-0.3041035182747418
80904,-0.6870603120588292
268697,0.6159603723860663
227738,0.2708230808055845
74365,-0.7899591728902742
73719,0.7198298348323862
211666,-0.26277490062745557
17691,-0.6450388261397375
613123,0.31193668498935523
194352,0.967945114239813
71091,0.4494655610778846
14026,-0.358526300084014
66412,-0.6645888223568717
20646,-0.8233754615955724
18857,0.8559966679970179
66998,-0.22281981028758402
78787,0.5222623039608152
11859,0.584975996302787
59025,0.3744942218768301
53861,0.3233032853858582
21981,0.2808944593008693
269063,1.0069996195526398
16401,-0.3143809005214795
19324,-0.3950197601496743
68259,-0.37133764210692455
545975,0.9364314690581206
11553,0.8300193664689708
70020,0.5263166261946495
102954,1.0664955776084848
319638,-0.33630097435602213
93960,-0.7553628598372399
68393,0.8255109250360881
72567,-0.3205468926400261
14573,0.7253102535957461
225997,0.5752673299738795
214579,0.7542145606209321
94190,0.4403150494349575
74559,0.2568762186666973
71564,-0.7617761843026072
94227,0.7858913267895327
19775,-0.28921431324103075
16428,-0.2347530231760313
232910,-0.2136720096434086
78697,-0.38581528359172257
56752,-0.35060744168183255
18115,-0.29380287601550137
326618,-0.3005531932743146
23850,0.8153295846353887
52440,0.4325421533007283
234839,0.22552605858260932
18295,0.6829654426611063
18024,-0.3755622483571912
57753,0.2597373576628197
67379,-0.23080856764264546
433180,0.8145917561328742
16525,-0.6994938640436525
100503041,0.8551376030755611
106344,-0.2191566551027062
216233,0.6617215549699411
140579,-0.6803316993375708
11370,-0.2015841712349964
76626,-0.2940613216549295
243043,0.7771520272332313
13837,0.8245740711545206
104884,-0.3559052723695135
16978,-0.24990134707501355
20683,-0.7469734217076436
15078,0.6108304278825725
74488,-0.520914038520611
30940,0.44733554447049073
71306,0.6135902785941125
212032,0.4940601328789862
105171,-0.3907139092549441
15547,-0.2433121712995252
106585,0.5250182341907923
76932,0.354303850395179
14670,-0.22675774023873352
14199,0.34421515640106115
19039,0.28958700979051244
16497,0.9124080330243256
20845,-0.769161256580194
71913,0.4054259312625632
380709,0.5776486553381464
21810,0.39911754664400334
68219,-0.333690974806772
12497,-0.40137630422450865
18413,0.6559333444206148
17827,-0.22782480964347052
241727,0.5609512068308034
11549,0.677553136896301
223527,-0.2819865810129265
19735,-0.2952308714352103
67972,-0.5738404480367532
13017,-0.6695985066227381
22255,0.5539639002289203
104681,0.28512539680661675
103765,-0.7554876649017448
217866,-0.756134129317843
20890,0.5764386539978386
13392,0.8201696926018278
71111,-0.9249633591585416
19303,0.7964185048574821
27054,-0.24720487294063354
101533,0.6348023838285135
11747,-0.3526195404544765
208198,-0.690548546040497
228812,-0.4623096367742745
12850,0.3611091244084843
319885,-0.2821899977180262
22268,0.23218019402510182
68981,-0.26680973947270736
67048,-0.35365504909707113
629147,0.3646806020649058
20666,0.9222298949387557
108645,-0.2997893414102286
66408,-0.6483841310162042
226594,-0.315251825720134
50918,0.473077863204427
67095,-1.0996653825763545
210274,1.6484514394934129
214952,-0.23830655739475404
54200,0.6461371802186715
545963,0.6461371802186715
170749,0.3407485028367674
20112,0.3928172703776234
381059,0.3928172703776234
228998,-0.24230334247070395
21946,0.4395440719691788
241159,0.5635593768433331
22629,-0.28027233478348634
21983,-0.6839052697110861
207742,-0.42235797674434217
14904,-0.28169136877927414
68498,0.7837430900744806
94093,-0.43238067260539026
80280,-0.22734359357603395
380660,-0.48577620116820164
240960,-0.7454321291799557
74011,-0.6409122492416008
14734,-0.7097090378861082
69790,-0.3080698698095006
21419,0.6931188371245769
56533,0.8487566672566902
107094,0.8080645708767937
319695,0.5954791426049413
17472,-0.2208861170020402
14319,-0.17757149433781194
21959,0.9064595509739384
21833,-0.4892703522636275
100336,0.44263700200949785
215113,-0.2962743849999967
19090,-0.46552473045968856
23890,-0.6460574596392004
106557,0.6190428844389544
170657,0.7865457375797469
140475,0.6922005103145832
22327,0.46049817108879587
13447,0.6782489032027295
70807,0.20486132333138762
244373,-0.5932486754182289
232077,-0.6992383980541632
17342,0.38539688863127797
73137,-0.8933234479331542
64540,-0.8143980486833335
213027,-0.3474935973950046
14593,0.38275032624466654
12630,0.8726273697023381
100040201,0.4882465138495897
27045,-0.26057379898163724
51792,0.2702185478251229
70747,0.26952942992028106
233871,-0.33912313816574624
15487,0.8875132975485127
77613,-0.6192103536798177
14264,-1.0779832404350493
98365,-0.4671824573838643
71790,-0.7556631524586273
53412,-1.1470307601235894
15356,-0.21378199009416576
20278,0.8848610332772568
68033,0.1935682619843906
70829,0.2309313038512011
68701,0.7116340923671851
110902,0.3262114681602579
15572,-0.6801506133124118
243382,-0.45632369718469334
12569,-0.5577264166703504
100043861,-0.6820200663009128
545817,-0.7249441603455988
229562,1.001366858960611
13411,0.9339359690047395
15505,0.27951209773154595
19822,0.3804791320291949
387510,0.8436555989627799
18738,-0.27490086172915973
12967,-0.5880843407078755
114228,0.6713382635055369
237891,0.6791238662225725
71797,-0.9278597218846154
53419,-0.6835787141586529
210044,0.5480934592314863
69587,-0.7924805754216973
68597,0.37637044678152165
57294,-0.21416815786837518
22378,0.2825244358645964
75974,-0.2873720876697661
12273,0.8525337304920106
109032,-0.34141245862101144
50880,-0.3812248078964071
74585,-0.1953471344352895
74776,-0.23331275816395625
12404,0.9849586254684475
75605,0.2899901686305455
53627,0.4714767854987354
246103,0.3588845880327831
230935,-0.312666488577916
29869,-0.5219719993981524
17022,-0.9804588309480282
12554,0.5664313089637449
213783,0.6723480432899134
67937,0.41619197398988383
259106,0.5840858524509804
668940,0.7156269556629842
654821,0.8259509712023934
208990,0.3382844388729662
12982,-0.40324865628912576
18030,0.3720995846127204
108078,-0.5998305228718159
78244,0.37060272393094706
18541,0.4473931208760735
72354,-0.29076716340915
109593,0.8286399167102281
19142,-0.728334550519329
22701,-0.5610250083257782
50496,-0.3087633846604305
210554,0.7743094593073097
66707,0.9819082523069862
66664,-0.317737496538939
231713,-0.8109832413854194
29865,0.8360962889149004
83703,-0.6382268649917968
18742,-0.5070200429480876
16175,-0.5315542305595575
66467,0.3121314219357849
20147,0.7346689297697075
24017,-0.38543430022198777
72344,0.74414252384413615
21847,-0.4128526290127308
75396,0.8778288868400566
66753,-0.6483800291489175
30853,-0.18681018362765478
19186,-0.18770531922669775
14657,-0.839908418343319
233979,-0.5593153965771789
223272,0.8621594561059229
227638,1.6136484902960202
93687,-0.21706501689437196
54637,-0.5194807617891977
76899,-0.5114956788924179
237636,0.5217647579542795
68481,-0.7365503700501099
223664,-0.6951354127769678
227683,-0.623275477014877
232560,0.25891096709558337
66659,-0.23853100892591428
56368,-0.23294846837811
58246,-0.5771790688220406
235130,-0.4750136358740482
69097,0.6694275256343354
15983,0.6143982429815686
99010,-0.6062619819878128
14109,-0.25771913809557745
18515,-0.23698628441695035
22224,0.24112745772612598
623230,0.8151490778017516
228765,-0.6919008753531246
66251,-0.6727222880816282
140810,-0.7116600099610615
110213,-0.1707358099844587
66089,-0.4154148756230187
68137,0.23978437176750145
215436,-0.5832279711655195
14645,0.238866515730507
269823,-0.6269543332069949
26934,0.4443658623790476
110033,-0.4293262441940424
243362,0.6170711472536086
20391,0.7671951193145716
258696,0.6711703561498759
52004,-0.2215243989247817
272158,-0.6216555355167301
107448,0.5893802852536707
227733,-0.8834383636091685
107581,-0.5012581721920606
93690,-0.54372504238352
76843,0.7984635606945325
268297,-0.31109828859679745
56089,-0.3327645555649248
237625,-0.6989103767702103
83603,-0.7296483533786358
67178,-0.36767117624019185
57312,-0.24731560039160172
21402,-0.23151645182180047
52064,-0.3738881784659194
59002,-0.2779602383920281
240174,-0.600985674856295
14180,-0.7759533646746615
18198,0.5885817261239481
29862,-0.5355181700335976
214058,0.6489932558613658
75316,-0.27015985291464695
73398,0.6907291498188397
12069,-0.687872241706033
96875,-0.505559270380679
69309,-0.8233482035134623
320522,-0.457377965976697
24102,0.846186576227292
20371,-0.48990205107859985
18619,-0.6799914501980582
215814,-0.20761154923115832
72693,0.6681149650043756
64136,-0.6904916953276272
69065,-0.5677424413000827
70445,-1.0532678426709872
15561,1.065449682341308
211770,-0.52548202003016
18034,0.27072263274400754
76897,1.5894840039291402
237353,0.7125135270821055
110460,-0.790468852297276
80290,-0.2888351582674318
68720,0.37887791211150734
72107,-0.6978593619852482
99738,0.736987950173603
16205,-0.29753580588736206
12363,0.2706036689318072
216850,0.2503494985225352
54563,-0.306727081893003
72504,0.5886887513422159
100037258,-0.41182339772189724
243755,-0.7691655716113557
28105,-0.532190117018386
80297,-0.5845724959019281
319822,-0.49656881398594965
69537,-0.2087372405743224
117599,-0.34038121259968257
66825,0.7800015893231356
20220,-0.24425689068387513
228866,1.214523510671686
17288,0.8063553724200303
259014,0.821789937867242
72277,0.6252876388151583
68616,0.6784499306297258
381418,0.6648726600440789
11870,0.5740561623918747
21401,-0.8631534896686879
53970,0.7627076611802197
67433,-0.6350925266525014
625249,-0.19738922398785164
233073,-0.20900129339216278
52665,0.9240396179048398
79264,-0.5838884855335662
634731,0.49709925747642103
99296,-0.8214915165178587
67707,-0.2470186508649217
72726,-0.22384735346733287
16841,-0.688148676365822
15395,-0.9240332518171326
78928,0.3547556970408934
26415,0.46495176884916756
13076,-0.43379753426213474
208967,0.7492651150169616
209497,-0.2839234926264229
68142,0.36002369479540164
78283,0.5911958083543944
271424,0.6089955160366074
14000,0.30999632906507646
105522,-0.30085717512891375
11769,-0.23497367772474576
68515,0.5434931604845268
232947,-0.5289986231954966
68031,0.49182484452305264
18036,-0.23919003382292203
26407,-0.2763477192859689
330450,0.8260127380892701
20192,0.6351226453261472
14571,0.7963123912195513
232944,-0.2939923838964553
214253,0.7551304830396992
57316,0.6476406553529124
75406,-0.24464996015858098
69956,-0.3091686494783321
18557,-0.7800428798345482
83431,-0.2728380104067494
72168,0.6809062374312989
192852,-0.7483001835149627
171170,-0.5420253006033073
68465,-0.22709032948097096
241303,-0.2796086395886679
20591,0.2624231658476077
93896,0.7848751653516297
20963,-0.3731559022237505
18125,0.54228586385792
17300,0.5621418363617607
625286,0.6942397007494439
270757,-0.24352894416566606
227334,0.3904975477249639
100043899,-0.6568171816699477
54219,0.26403076232068123
109294,1.4690645884950024
101497,-0.34970343285906935
98878,-0.2869544492470846
18751,-0.3084575597353236
12388,0.5120987225311096
235435,0.3990738460881973
235627,0.22391182782725672
12814,-0.7574501874836574
14886,-0.28119327910004976
11471,0.7369356682999921
114654,0.3976215072286706
170460,-0.6690209654713444
320213,-0.380715925467463
13505,0.9680538710181139
85030,-0.290992268570907
14723,0.3241636746120804
12467,-0.7593786243488214
320080,-0.5901399185980853
72927,-0.5870546333849029
26433,-0.24058008973261735
218440,0.769360890351753
17384,1.7222194692179595
12677,-0.9220840363268765
19016,-0.3644980932582502
218441,-0.6522223052059006
56404,0.31806241933081925
57295,0.4078617478498936
215999,0.7125003630595064
66859,0.7328342837682484
14586,0.593277946523453
21454,-0.30454726919500175
14680,-0.5710906479413449
68121,-0.3398069593302804
20535,0.22362340645454992
380836,0.4462352296560912
109154,-0.6813170369489816
103098,0.589046407973044
107569,0.4445375299797565
66884,-0.2777889983470647
22781,0.2883395104517037
17299,0.37941670357679946
77015,0.6863733062532367
214944,-0.6470446484003265
54611,0.9066885927736426
235134,-0.6832787020047935
22608,-0.270743034430291
78174,1.7385936020613908
114674,-0.8729008764040342
76014,-0.25028581280461104
381511,-0.5721743395796581
259047,-0.8284117365526242
140491,0.8951039804227277
69387,-0.7169704205550453
16826,0.7020507697201195
18073,-0.6622866089136945
71409,0.691726972226042
15893,0.6887956708294345
56696,-0.23593507467049157
66552,-0.2691884425626867
19298,0.26824953804553875
67015,-0.5439058400037062
110417,-0.5756825802733436
15364,-0.5554244941297428
108888,0.21696542987383793
83554,-0.7754680694823612
227743,0.3010002114009005
229211,-0.4011490717908428
66634,0.9367248489741069
21930,0.8297683676136671
231672,-0.5177213028231762
107684,-0.7288439623452856
22682,-0.2908915877918563
319625,-0.6107340101587218
230257,0.3818819732132237
80794,-0.7126760661629019
11772,-0.4627408401333959
71096,-1.079214649060087
320664,0.6946159898364765
67834,-0.3008526943299188
22591,-0.3576690318999596
65255,-0.48621979995510944
209195,0.8074427597096547
74343,0.17228611655320591
109275,-0.20157216756774865
17240,0.8598503366920678
27221,-0.7899910596379218
66177,0.15512558963366807
13800,0.5715952085877958
243816,0.307024078252935
20928,0.7925776140647081
333789,0.3959447480657996
12166,-0.6646896753506422
110308,0.852379295814842
353283,0.6623420052613218
69926,0.4336597515392935
244867,-0.7077818819495123
20271,0.6002720152007548
232414,0.6432674861953336
258027,0.610084258937218
11430,-0.16614449792986186
68276,-0.6825956622906899
19128,0.2633664555728217
217737,-0.19589649251962626
237611,0.6542413068910617
76614,-0.23892711314865522
17996,0.6989269714839264
56705,-0.385011513202719
27411,0.6376053084611355
332397,0.6804838354590261
270198,0.2604695701928872
258580,1.1320728215020734
12780,0.8342618598834304
20807,-0.25755543233044165
56452,-0.4917944888814585
15500,0.557459426266969
12879,1.011266687705036
320865,0.6834238519103208
17690,0.43553540884078323
73724,-0.2694066335549863
209630,-0.6288455727195386
210293,0.31793320301317074
192157,-0.26200641549673165
224997,0.6461044559928011
100705,0.6286102001355571
75985,-0.4117597407747917
16872,0.47041327256448184
118454,0.4427479234505167
15967,0.6393872136242971
434204,0.38175312029063857
67706,-0.20832372749989858
21857,-0.6270762545974762
12300,0.8353917901347545
223864,-0.601225763443809
67500,-0.5203564690587097
13409,0.7104432102264271
56424,-0.22427645635074178
52065,0.25925086904206296
18212,0.2987003447481591
18107,-0.1691302402468171
114716,0.5471379961242677
13388,-0.7327319186408823
75019,-0.6366413745879793
21385,-0.5819482154728508
381591,-0.5564110942648108
17752,0.5145789245247476
66797,0.6561860886442852
14755,0.3935417686437379
210762,0.7499266187231877
57752,-0.44528760346996066
69870,-0.20368584511879106
20311,-0.5457806264896843
22287,0.434699465866089
56527,-0.5926644979742282
26362,-0.7190850276650682
110877,0.5863476326256332
218699,0.48492471331551457
68598,-0.21129630170904434
74438,-0.6115037052858892
56844,-0.19588877522386916
50759,-0.7775083108915988
245403,0.6169504187250983
73940,0.6148545913692534
320717,-0.26478059591841685
320394,-0.7251098894158003
69769,-0.2311743238068793
20290,0.48496568028504594
12830,0.6478240143782781
66873,0.6595250849246788
11514,0.6855313356099866
227615,-0.20133133351370702
66198,0.6745760889624819
21849,0.22839566742785422
73259,0.771972523126796
83771,0.41391189966889996
77987,-0.2690219595374508
19894,0.7977164519497375
19018,-0.23705765171858673
18616,-0.6333166675070063
319211,0.6476713830251581
14563,0.7802116488003339
72400,0.7732474058963703
68510,0.28379775262394524
269224,-0.6435669761708973
16800,-0.27051538868400016
320191,0.24802517021173642
192167,0.806978056612377
71607,-0.22177435375881416
75725,-0.2487972024140026
104086,-0.3334196379521783
55932,-0.2675767642351161
69286,0.5804006368039101
11605,-0.30236403358323294
231805,0.3452495814314247
68795,-0.4929842234187225
74206,-0.3903849855724255
56491,-0.28493785792864834
74190,0.6518822911587119
11572,-0.4442958779921078
101490,0.40776117904051734
27377,-0.7141004084277984
53381,-0.35887518275731267
223918,0.2557280404498714
17991,-0.19031801601608045
546840,-0.5352965461430585
21355,-0.2590059446989752
93887,0.7006344798713227
13836,-0.7721431484960481
235043,0.40284123957219453
66181,-0.2631186197491395
242805,0.652652492985764
70086,0.48464935955248745
207854,1.2569552923690344
22339,-0.942305833991238
66344,0.7264825685800167
12262,0.4169232867443884
76630,-0.21055787502545975
23986,-0.1735879434611114
74155,-0.5541698174930856
17064,0.2594464226492317
217116,0.6721514786694582
12000,0.7454653754019516
100088,-0.49136549998047574
105833,0.66555232350587
230603,0.6941892139112671
231991,-0.3139735986259282
223723,-0.369067552679609
22782,-0.50969249385646
75387,0.3531587078935523
14407,0.557385546010086
26403,-0.2654299345429054
21943,0.6733988108474391
13009,0.7238417968944457
14043,0.6790855065068984
13653,-0.538447033291301
68916,0.21452251041922743
64177,-0.8456762929459973
224079,0.5833957834577359
101206,-0.21496401857254988
12168,0.40775991317669735
15415,0.6663373479083514
71156,0.7152719326492556
216873,-0.31758749953599263
56407,-0.25955540085559825
18710,-0.7480842162148207
74187,-0.2952635974029416
18383,-1.2018464488404015
58207,0.45495554296967633
252973,1.071552660728229
546118,0.8796278653655225
238247,-0.27707732960375253
11733,0.7643050898836812
68606,-0.23060661685137873
105348,-0.24097208568780815
278507,-0.6868050457442321
22634,-0.3792450690035727
71701,-0.47336586311195283
63993,0.7871272157481974
68897,-0.5320276232761829
320595,0.36030284796376577
20662,0.7543709716761753
218865,-0.5597772720927265
330177,0.36057459790822843
69072,-0.21587740831209068
74322,-0.25851474762769033
78801,0.7123965447984517
23853,-0.2663270992154896
13030,0.33157322951195844
18109,0.9073128532308128
18797,-0.5875438339794394
60611,0.640633203255244
667918,0.4790101800703308
11604,-0.8058491529578662
194655,-0.6755734777678759
235431,0.40174697219544253
72902,0.8371121866900877
70237,-0.6624125435777932
108058,-0.275722503532533
212483,-0.22284949666731535
330671,-0.5313384250701341
233752,0.5899939947845869
234875,-0.23173843117024973
50524,1.8475679101787472
243084,0.7633525930415597
68215,-0.266460725322732
266632,-0.7000373315468096
216848,-0.2887260418752433
30957,-0.28621553815479395
213499,-0.33341209745539224
20425,0.6241604897794666
67855,0.46123217542729567
12408,0.2863758912844432
108161,-0.6693047185362322
215654,0.389060535701681
260315,-0.6644528347991274
232341,0.33693511550775135
72349,0.25432467140504755
214669,-0.6780399579856633
16768,0.5799484167966513
319701,0.5969657650136724
228410,-0.42613269825578826
20509,-0.5752164128050428
100102,-0.5634266639644943
20499,-0.3378057041922613
16621,0.8028943274504505
64685,-0.21624382594180247
53896,0.9810538275074894
225523,-0.5468614645413856
71983,-0.559095677742163
16573,0.5229461529775747
18641,-0.5970810793124661
104831,0.31612637224035645
93692,0.5090900709937909
67145,-0.23994202322010771
74140,-0.18226788814292583
66494,-0.248719265703075
57271,0.5604004783880816
29805,-0.2169365451568872
16776,0.4664774544432415
77862,-0.21037250375134953
208151,0.7121900860978201
54338,0.6226942379282892
93873,0.6860082958985987
236899,-0.711438488444549
232156,0.5371773698216229
18286,-0.5164876391235333
216119,0.5488753183729305
73845,0.7906601573622218
30941,-0.42902056664117794
268686,0.44284312286909033
75475,-0.700962298459598
69232,0.18709428130527073
210789,-0.4322914596684564
103573,-0.21174680062291884
66425,-0.20165649760380333
19222,-0.4222611360115138
66249,-0.2753714001838734
19661,-0.2770954303202995
69737,0.5190438824231975
76701,0.5364754402119312
546747,0.8632433179025343
326622,0.2519867422040303
12444,0.25954977652597755
69077,0.20718154359944663
666907,-0.5188696722095827
15371,0.9201115717039534
68917,-0.2376648070246219
234076,-0.5622656391688423
229574,0.690422036241034
12322,-0.48010493438113144
101772,-0.7356243369684403
231832,-0.40721488543543227
330554,0.40929719707647516
12041,-0.5238267699560231
69008,-0.23460691426244473
66586,-0.4549352793342649
227357,0.35173204755692034
75234,-0.28022889991257394
271697,-0.4939057209920721
54673,0.19193218481183294
54004,0.38596406060943433
70762,0.2294011645073688
105847,-0.29655242252674263
319876,-0.27519584712993694
234736,-0.2575729651416001
223473,0.644737204623282
30878,-0.5232828637383902
77590,-0.3077804106321391
327987,-0.6013831576746576
17169,0.32279079509439335
27401,-0.5274149295741317
74388,0.24506370898845464
21780,-0.2547429925098239
18802,-0.2634885486675209
64450,-0.5609810991949575
109349,0.6185136195823535
380718,-0.5380565085388431
217365,0.22529900684447135
14204,-0.3825055222836333
100328588,-0.3825055222836333
13655,0.7626482251185127
20834,0.604899821325616
20521,-0.6083436194604803
246691,0.8705523584053858
67229,-0.2243743887707339
116748,-0.20340923546110012
230163,0.5064284469337252
546726,0.6578961848447435
19056,-0.20285990407658971
320127,0.6707031671561365
329244,0.805637194084015
67337,-0.2115439828418051
100502766,-0.5302982405059922
11540,-0.4432326826095512
12502,-0.28954959090595445
225742,0.5592437562338608
14916,0.6242756371623401
20504,0.46542642369724874
71520,-0.2760180944572568
15207,0.47748315292245547
12068,-0.433724660617095
18747,0.5223965397782626
57275,-0.5148822198739529
19879,0.7948508675923716
17131,-0.5327095204995285
242022,0.459686460988566
73075,0.6502278295549826
72046,-0.522316910033287
72949,-0.8404656720972419
320100,-0.5637659709429146
56513,-0.3976426204138832
15965,-0.5965577224273817
74288,0.7690340424545585
105787,-0.31269820250336
18762,-0.633675676055085
52535,-0.5224824368537417
70435,0.2748863554933205
68709,0.438702582305563
16195,-0.42057980759181746
93843,0.47317109955021497
258563,0.7027841305000928
75345,-0.8226554281729852
58198,0.811761791652486
70527,-0.24477164352556446
214498,0.3058709579054959
15357,-0.5528767143021156
68209,-0.19384610318214257
68867,-0.7411114625526327
67236,0.5629384102957937
319776,-0.5832298242596021
321022,-0.21750717586219714
11670,0.306473639595394
11568,-1.140822322560358
18101,0.6823509345268111
69412,0.6823509345268111
57080,0.31451953552624445
75619,-1.0166183804893256
140740,-0.17646744170189432
17146,0.8262937818095688
17145,0.8262937818095688
57811,0.9951408894267555
50849,0.3522494291621925
22064,0.4437416006735173
14809,0.726551148162935
12447,0.6073700698215996
19268,-0.7728986014088379
66877,-0.618896485640211
239319,0.2510732796239221
69743,-0.57588349091513
21749,-0.2775299208606601
215512,0.4473743430937933
69602,0.6155705245482839
228564,-0.6328835009200562
218581,-0.6812103508438936
20190,-0.6165363050910049
18805,-0.5851944201876185
213417,-0.49224475385461464
26412,-0.16111882747015294
545554,0.8324341216304258
75284,-0.21972409189674913
11799,0.35325764427398987
16889,0.2535086523723482
319446,-0.4475205916053042
67498,0.7817751329756364
12622,0.7149139733262411
170720,0.5426909320831017
14726,0.7393065608402392
19687,-0.25099462200108924
216792,-0.5514079513328527
233489,0.2606893137612367
15184,0.1586218060229303
76650,-0.2407885444815392
50500,1.0044530821104045
20604,0.33411966032997764
17125,0.6954741236695021
14164,0.7625392399006508
66589,-0.14450822038790534
80861,-0.3436161533931106
69617,0.24631381361211524
353282,-0.5742493522599696
104923,-0.2143710747887484
118445,-0.6194506129813329
18609,0.6153361865284812
230612,-0.6558991472930735
24071,-0.22184452748130212
56484,0.48888632272724664
216551,0.24082168846478424
269061,0.228819478348667
110521,0.48307300237726647
72961,-0.7138485906740799
16878,1.1651434914244616
18637,-0.23794916364959917
109169,-0.30023732116618884
19182,-0.1818824045751768
76002,0.6165609805433836
107868,-0.5727386693743632
213980,-0.6238734246400233
18601,-0.6539471130877841
16416,0.2749068319182033
20733,0.5076909386642132
16010,0.37686897310864076
67031,-0.5753976777345482
242418,-0.5799812543936325
259067,0.8489115442659436
13019,0.41282805597502037
30947,0.20997238888799252
235459,-0.2160476602350343
18574,0.21077931279441842
81898,-0.6101557111142428
103742,-0.1901191371388702
22021,0.7660375537606088
69955,0.2585757263027144
18798,-0.5430601999801388
15405,0.6648214776434251
14406,0.6180290497027592
14370,0.5093566230772253
18008,0.5933012034820084
18007,0.5569148327415725
16876,0.636618860760847
233011,-0.4709287167802234
69090,-0.5383892632797185
98363,-0.5704669685348556
236848,-0.3864246199477668
16785,-0.1791134941027437
11828,-0.2838624563773431
226265,1.1235238804431091
381204,0.7244955106646636
13006,-0.3421846047328536
107932,0.312722045697976
233280,0.49146727943561963
192119,0.2604271417933317
233900,-0.3150926907159626
13616,0.6805490513537658
12839,0.5521759570107356
76355,-0.5572368927431217
100465,0.8748801531094186
18111,0.6188665784065686
110880,-0.5185856305817325
67967,-0.1926115966619797
101613,-0.5015722623845225
381626,0.47297841479341685
217337,-0.27447937342464357
104369,-0.17461924699057185
67248,-0.17461924699057185
208846,0.5129041563841028
319924,-0.757294158930522
110893,0.4403169504360527
71176,1.727403548545932
270118,-0.6554727422180813
50875,-0.29171114400653675
12723,0.6435618957341265
22094,0.552479856556165
64945,-0.624118513877451
70484,0.34361936166825835
12295,0.7550248951441532
14282,-0.4540936198493757
28035,-0.45770303349080166
15424,0.9070162902527716
16673,0.8754432461980075
226841,0.7644729349149264
26940,-0.27581239745514985
235610,-0.1493293397795803
111828493,-0.1493293397795803
22040,-0.1493293397795803
67451,-0.6035095191717512
19703,-0.47583894854497544
12334,-0.2002210893097356
12523,-0.1906701964889841
319651,-0.6521909690867567
239029,0.6664528262827636
72507,0.7715381430994199
17928,0.3004005652942525
76884,-0.28855491265769295
76894,-0.563562164128971
70405,-0.5564243688488713
14816,0.5531241441322772
58193,-0.68819844908825
29812,-0.16852526869950601
99470,-0.5363836757572265
110611,0.27664559173921255
17191,-0.18501183199309956
242553,0.6048496331213973
73336,0.43889941922485765
54448,0.7033659920488846
214111,0.5784446515725885
80752,-0.540634881544289
54524,0.3054688848441698
66168,0.2883469246305115
238057,0.46556483214185196
69709,-0.18996716625072452
109314,0.4088798973458081
16423,-0.16427239633452828
15467,0.35497630788082457
66905,-0.2001915029172192
20355,0.8792739080729719
14979,-0.22383465569355288
14977,-0.22383465569355288
74735,0.43106701917574064
80732,0.30939530970301377
215085,0.4155226229421327
269378,-0.7471359253108751
16765,-0.5110146369516393
69976,-0.2732048239494471
17025,0.3888441939097138
435965,0.6900250306043048
17222,-0.23798844536203845
258717,0.6272035507975944
17769,-0.38533356332069424
16337,-0.5508566263110071
19049,0.8089934103361536
22222,-0.4984998899087305
21838,-0.29819335697760785
66836,-0.18808891659085702
93737,-0.24295999696497006
68737,-0.31707783220460417
56856,0.8246374079615446
246049,0.5642822584126859
215280,-0.2077660186216832
226525,0.6627385109798216
57740,0.5835252545351342
56736,0.3363694569625295
75735,0.5557415447210783
26910,0.8072139995894916
21844,0.31370252876254057
16440,-0.2958101504395767
22404,0.2888110118868319
13481,-0.1504895327202238
378702,-0.13273297431452846
242506,-0.6936206211838849
103149,-0.5078802525307609
12648,0.5620801477222885
239463,0.4430721237668598
380712,0.45814894562007424
225870,-0.46946595459063234
56075,-0.2561782859058743
140887,0.28593432411551145
58867,-0.47383952611640723
17967,-0.5251496316058297
21955,0.29502771617480583
55987,-0.6798059338798126
16476,0.2849062609706312
385380,0.5772484703401428
399548,0.6237772599110052
331401,-0.38883506856121386
70315,-0.6436673018931334
12257,-0.20595439664128712
22317,0.2883887928965194
78668,0.2883887928965194
18823,0.23579593234233265
108073,0.7258828183492216
68079,-0.23879294584731348
320181,0.6725923720877143
66704,-0.5522802813689047
215641,0.6370063035715834
15414,0.6394620958679118
11831,0.8054811233268131
12769,-0.22549926517304897
67504,0.7471478755632575
403395,-0.5613750562980391
66172,-0.19118491333898824
76399,0.7965148144215406
235320,0.2417355295275998
19248,0.23363194457601644
245572,1.219512959806167
57775,0.46725687204987576
215257,0.8016891748280734
80749,0.4313905951257002
76915,0.56540227051629
55988,-0.16302765742177527
74637,-0.5178200252039309
23836,0.752633886253621
106298,0.18234705767945592
11886,-0.5186745299577868
68842,-0.3289342458516753
383563,-0.34361830084957123
93877,0.5852748122297906
16858,0.626104452915281
70796,-0.5924820818000951
13840,0.6189553050121104
106393,-0.6678997063794405
56215,0.3634623118279201
27399,-0.15825333950619758
74189,-0.7600130803289673
66279,-0.5214490614231533
18400,-0.6240408206072505
320736,0.8145633354115605
494448,-0.26703071325500005
234847,-0.20789772416820007
17221,-0.6079143673699972
20760,0.6056036927792676
70078,-0.5581833799212577
66994,-0.29647963105322006
15526,-0.20957002136912095
241547,-0.7006399292463579
20532,0.7684513297780793
66163,-0.18543410973664365
18971,0.26504206133277286
14339,-0.6138926320521971
12040,-0.37227198337008893
111174,1.1018764656907734
233204,-0.278301004013505
17868,0.5890746227267236
11535,-0.5654381036905463
22190,-0.2790690080881095
72322,0.2609132337040121
68816,-0.4550580283050838
574428,0.21073330667154178
225160,-0.46218883889068163
55944,-0.21000183648380855
69263,-0.6447827528689469
66712,0.3143189762391563
14061,-0.6165269426140068
67117,0.22267913267272554
11674,-0.21837793077140866
381884,0.38776285473931793
17127,-0.4446422395473908
54156,-0.5546192454319656
432478,-0.47141097318329317
58809,-0.5184700304490697
245522,-0.6443990688966803
320825,-0.7010450200601941
12564,0.661826038113202
69473,0.7993006473956354
12405,-0.4535764063692769
328162,-0.21652520143541487
78889,-0.46221601691386205
56309,-0.5119496105270009
69597,-0.24333098923140462
20399,-0.30319930524542293
67460,-0.22751284269492267
67922,0.24764011610069758
68059,-0.18051284250138622
53311,0.4626771538113097
66957,0.6824871620720314
67971,-0.5274932013909197
18041,-0.554792386762708
18124,0.2857195396651502
227631,0.6470995948733682
18938,-0.23436314206013797
22025,0.42381409288001937
403171,0.6426049873446207
320678,-0.4861148479719981
70110,-0.22295052413760175
11482,-0.23095546080809548
207565,-0.2390296610586642
217980,0.23407164605512953
20284,0.5967959042051376
16561,-0.3890227553807417
100855,-0.2930283423264797
16985,-0.2739443298456923
22642,-0.8324063995368016
58866,-0.6276094245453945
69226,0.8275346570022912
13841,0.5729129967903996
432572,0.41189468963065146
71718,0.22981272057658408
26450,-0.49516515819868356
68705,-0.324575107836071
24075,-0.2042119217345295
269717,-0.21865103220255122
13396,0.9309589797134965
13179,-0.7836193894759154
14294,0.7026193493171045
234309,-0.41728158180131736
18186,-0.7193790676522487
17085,-0.630851690786626
225283,-0.3882930829269853
78523,-0.23034699178408946
20353,-0.2850648732127645
20216,0.6351812190762551
16420,0.6742116315629771
29863,0.7494078792338783
18726,0.2577773302197457
18245,-0.16965316897800875
211949,0.634927772912218
214505,-0.15652626063073782
19646,-0.22400362589152323
434784,0.7070349705325025
22270,-0.5518675908662978
83456,1.5837875499939518
12500,-0.2440501551974794
78634,0.5615914378642639
228859,-0.323152711913993
233189,-0.49626637447096744
54366,-0.4863743826642013
109624,0.26154210465470573
384997,0.7021739893678558
110751,0.24459465214934006
240514,0.6520275890199141
76477,-0.8637464235925956
53413,0.7158760776392388
18578,-0.34170600769912074
269881,0.7993565796901558
60534,-0.4908972002206289
107526,-0.2796176144435041
14029,0.33635967207324136
18509,0.5348389176812454
57837,-0.2533043607041616
83669,-0.3553749491505327
16398,0.4044302134067692
217306,-0.4987204242394121
12517,-0.25876012636901535
20341,0.5405590581090483
71389,-0.5705875528559812
18194,-0.46989704176450253
19376,-0.7731922882899926
28030,-0.2550700696706327
20623,-0.3256213401662009
12895,-0.5281074387939491
70186,-0.2086182453147778
245684,0.8358739792298389
210126,-0.5409675166347236
11515,0.3343152716095501
14260,0.2741669793197987
67341,0.6401751997536089
74176,0.6704245190477933
66897,-0.4180653145972997
71746,-0.7183959246482523
67811,0.21815675311439442
79455,0.6727831660016075
94065,-0.1910794300144012
78757,0.24243476742747383
14156,-0.22416947667723086
27419,-0.3481574002662722
66645,-0.6309053547112944
13195,0.39017359783491035
64918,0.6226958719420459
671535,-0.1922483309450147
210992,0.29851926005761253
15412,-0.43930363691901686
751865,0.2749482101042524
68988,-0.2386580680009942
76281,-0.17127557839307528
111175,-0.612709924531833
98238,-0.3084719774676996
104112,-0.19228670160779515
16336,-0.642514787908409
320343,0.6505712622920043
242151,-0.5303596254107381
66926,0.528770461097162
68299,0.5704415069732209
54122,-0.5790087713270964
64339,-0.7209620942531165
80912,-0.29870276108180427
22092,0.7111114300506975
15360,0.5373281715745715
72281,0.5929153781229992
70248,0.2112994448839789
18824,-0.22661739315647544
239102,1.069142491309929
23887,0.4327088433330193
11682,0.6619161975793384
73813,0.5801594456703363
68278,-0.18203526054370833
232232,-0.6144837190996313
13000,0.26679498535140933
217303,-0.7123575022875057
20255,0.6904105593243521
328424,0.6465358483824284
474332,0.8130474589321106
210510,-0.6946112973828806
18663,0.33073331562554387
14174,0.9859743309787805
98758,-0.2386903065020256
16681,0.5380294662711949
67976,-0.26294746151777115
24088,0.35472448191005945
17427,0.2747413297550265
329324,0.7336483048625082
230766,0.5742999868922007
66911,-0.21801001272086395
66637,-0.25304458877212
320705,-0.4668846803437061
239099,-0.34206196251843934
245867,-0.2153997670001928
75426,0.6599979898625903
70645,0.6148009060002204
22344,-0.23964926844097256
211548,0.20429437764155267
71733,-0.5047651600812717
15976,0.22765409172758488
277343,1.3184276361288987
67402,0.5951950663580838
19229,-0.23733591579501478
11576,-0.16685461417141667
12054,0.5664457246108441
27368,0.5664457246108441
215160,-0.6200703403796082
224617,0.6672077505896894
72151,0.14719305743065547
330470,1.0172340447561385
16694,0.5033640695832515
18551,-0.5849223111725248
57263,0.6683849394557964
13190,-0.6659431375355571
59020,0.5466957306952516
66549,-0.17274664163813824
67619,-0.5643609114246102
67591,0.6141708370365495
12808,0.6239950618242514
107029,-0.2981331298622871
11787,-0.6682532605848683
621603,0.4478269425145811
69823,0.6978676703148396
545192,-0.6761996198590015
14240,0.6597365407692677
101122,0.1924979654436978
14308,0.46903285618893564
270035,0.46290840029969615
75581,-0.860226809604125
264895,0.18863017974939034
231999,-0.537730137912539
76747,-0.21821499798677735
12111,0.683075325010293
23945,-0.5936536443990885
70603,-0.3327189321506987
16324,0.7531526013460565
22153,0.2799626535722446
12122,-0.21364981460000365
108013,-0.38706203374917614
21743,-0.9792390856797413
16211,0.2455140885679281
103968,0.4687390103213347
207393,0.6056684461126416
330192,-0.21213138190084635
17882,-0.8607918219890949
16672,1.4901750605423967
67023,-0.21843386147870092
19047,-0.23890664871686518
235416,0.30481173013339724
71907,0.48668520238219415
219150,0.18022025795010777
18241,0.5918156812637982
15206,-0.3890503072483149
67868,-0.5048650917118849
69514,0.7095555539678582
241850,0.5780060077281135
76130,0.24286616754139168
171282,-0.6387114590954837
20818,0.472161407215701
67120,-0.3786397911636472
380713,0.619745096361052
72522,0.23947256104860948
14534,0.23616956244583598
11464,0.8099496132647106
18792,0.9493777671554207
632971,0.9084395528889253
50874,0.2939364024951914
74918,0.9260334130379242
104174,-0.6538932178044004
140474,0.575638612026828
106618,-0.49793291147150853
94063,-0.28047398134828505
20737,-0.25068629593056
74770,0.5540986777691357
271144,0.7803827711392208
20731,0.48491606467773973
26401,-0.21824738927845466
78600,0.3041250773492088
67276,-0.6887720423369919
234911,0.6689385749298289
19664,0.29475526904030236
216344,0.3468128551597003
18044,-0.670889879981142
14226,-0.3659545291174826
15353,-0.18728294082188057
235169,-0.3896181194674728
53893,0.21455134715113466
14417,0.5178439283413487
72094,0.6080442611953893
13239,0.6773675136726354
208213,0.7850327436286295
20383,-0.17820115819783844
68953,-0.14780093522117888
223693,-0.22614403412925022
18439,-0.518597754208618
68172,0.5630118775532567
71778,-0.2728105275996704
171283,0.41263414337974647
56726,0.20756843379369627
13801,0.6335509598060813
56086,-0.20114083492764756
14800,0.6629790946958956
12229,-0.19538112292433674
192185,-0.20775488220617788
100061,-0.3484256770911056
101240,-0.2983093164854962
331026,-0.1595540228918253
13012,0.5826573804863697
71764,0.6998225058629366
226154,-0.5003927368182604
56150,-0.351278264933792
320040,0.6960756466236844
327799,-0.6164164125552367
70144,0.31979780893539544
77521,-0.7012966142352699
216974,0.5560812588157296
101489,-0.19799599437633475
26447,-0.2528004913653774
114615,0.2404675901515425
76415,0.61916393995747
230596,-0.19485920416201896
140904,0.38396937107888895
66256,-0.20857663125841164
71522,0.5411770321903147
12511,-0.22151056371899003
80910,0.5525142851836398
19374,1.2745877922917606
71710,0.2850528477599559
51885,-0.21932033369262438
13990,-0.5940889584414881
52668,0.2934478889314196
74570,-0.42337846691081893
140580,0.4548616750563781
435528,-0.43952331346073636
66812,-0.4800403363120509
75953,0.4336110275189622
76856,-0.5207731826746014
20583,0.5431628289589376
74129,-0.6216435945409708
66966,-0.22291529427367252
654795,0.1982467473316163
110310,-0.5738270455644963
329093,0.9190173210414265
192159,-0.32743085098245217
225876,0.37586270777340847
16796,-0.6459647476954649
21786,0.4794988092834451
66052,0.19148524429371605
12282,0.5366602416689048
269344,-0.3349262614619821
574418,-0.3349262614619821
258352,0.4886316931198884
56530,-0.23340679278513576
243813,-0.2337601044518962
99151,0.47310384587860765
258925,-0.6523364603239052
319901,-0.4498545140140715
56716,-0.1870181507889992
20668,-0.20110987464584262
208665,0.5322626994669841
381293,0.6487207294899271
56379,-0.6127112038405338
69190,-0.43595166765928184
380780,0.33523702761370444
242274,0.5297857174674272
233406,-0.5148734215787014
27376,0.5370750699090747
18003,-0.282475041558059
73893,-0.4986305649455769
78658,-0.2934726826917178
114604,0.876896118473093
11875,0.5597760841583073
56429,0.22527276310018962
258821,0.36418013202530464
64451,-0.44644647521945124
242050,0.6916086931063008
22670,0.17156541987545282
67534,-0.4990365555701226
12051,-0.2938405505806312
64295,-0.2208902418593528
66587,-0.2208902418593528
59022,-0.17245323122681455
77669,0.5367057329827589
16565,-0.3546276769158023
217039,-0.17640602118318682
71994,-0.22639999743810257
66945,-0.24146036627942458
242297,0.42801935384479606
56018,-0.45417017270415183
17533,0.6360219013749515
11906,0.7070000188851875
217341,0.5704059028985586
18600,0.2538505636234003
53902,-0.5557958047355029
70103,0.21319192982348412
75692,-0.21690671205601664
22185,-0.4868658905413783
16202,-0.17473078778068718
69191,0.5612554295781349
225392,-0.3712787068409593
67452,-0.6489862415940362
109689,0.19673611766487475
20528,0.25338475709166364
69310,1.6775315834838551
11443,0.5874332019949327
236904,-0.5520598635335467
259089,0.558153064466484
14608,0.7036713953893186
72978,-0.44336131685201474
239852,0.8233603865398247
11449,0.49447960771416266
333329,0.5007738354490225
78911,0.7499884268921289
105245,-0.4212003316076016
66973,-0.18945127093526715
69219,0.19911799840427236
18114,0.22374548796979887
19752,0.6528365481584224
13482,-0.49015735250602255
56784,-0.31526216551292485
99375,0.5195879834665806
212070,0.6651303050033328
218629,-0.4768269654966124
330817,-0.15190155108194325
102436,-0.43917202623398666
15563,0.5482834342384062
381924,0.705882068506642
74596,0.43844000642148284
23863,-0.5625485150389498
11308,-0.4404858523048807
93734,0.7530415221260465
16980,0.820094056244681
212391,0.2642837713677597
244859,0.6279769533599908
232227,0.23768636381138109
19891,0.373485050698239
227717,0.6406897518729586
67988,0.3066122635480131
214968,0.34437631410588665
73250,0.6037297274918494
12751,-0.41121201432347476
12628,-0.48903350903705434
228829,-0.31330216377818143
546729,0.6956457387009083
230793,0.3229148619320332
70993,-0.5511181175612099
225131,-0.19456846374597347
66663,-0.1909834120996141
93704,0.427797975550404
93707,0.427797975550404
93703,0.427797975550404
93700,0.427797975550404
93699,0.427797975550404
93710,0.427797975550404
93715,0.427797975550404
93701,0.427797975550404
93713,0.427797975550404
93711,0.427797975550404
93724,0.427797975550404
93716,0.427797975550404
93706,0.427797975550404
93708,0.427797975550404
93717,0.427797975550404
226977,-0.740434637990707
11736,-0.5872545090238503
17256,-0.169863990392761
76709,-0.2021341137859256
14160,-0.7203583439769101
14084,-0.2396884859183972
19434,0.6521851974930439
17975,-0.17810205217425867
69824,-0.4438805587587318
27643,0.30365656518993944
100169864,0.30365656518993944
15478,0.5731908813194657
66336,0.5556544434269117
19076,-0.3062987664293777
11303,-0.41015996703440916
71807,0.21221146086129217
16855,0.22045092298347324
18420,0.4109037327936891
71371,0.2644818780016749
22003,0.37249670817944924
56208,0.3448404038490409
68792,-0.45491598322558957
23849,-0.192182563893585
242819,-0.6276745836970399
68652,0.1758262732359288
50789,-0.3850674967738019
14633,0.4830929504268804
100503884,0.4504334038615112
20970,-0.53910568466363
15248,-0.6145555302323968
17686,-0.24044313507385695
23938,-0.20279771522542056
21423,0.4531599666261936
56289,-0.19008600657009822
69469,0.6792902803926975
72462,0.5765000355205512
258934,0.529587648315629
110948,0.44219429683256894
237436,-0.4925794638211025
71436,0.4852755381691134
404545,0.45834289500591296
107351,-0.7388635165412274
12514,-0.27089926451003876
229700,-0.33651262855056796
18987,0.3440427014923664
58176,0.5286245255617792
70097,0.5938461702493463
246727,0.5084687672331327
259095,-0.5992354251890659
57246,0.6184696928010593
55978,0.29307989393378797
244579,0.6059228256732134
94244,0.6504130241554646
68251,-0.15854636874994732
19141,-0.25103893581194825
14587,0.4865601354571085
83561,0.6307900029626858
223255,-0.20482812843095566
14724,0.258234125595612
231207,0.5300716559837539
14344,0.5322336023919148
16564,0.4937324841920345
66234,-0.20031796247539013
18095,0.7082527313599942
21744,0.62342896476249
227399,-0.5819742853410181
234267,0.5207091696043893
27217,0.6145736883575785
64144,-0.23940895506824056
67771,-0.1839735961938871
333182,0.33631845434779883
229357,0.3493546295242993
12925,-0.18766568639003722
15512,-0.5589283137910694
53897,0.6865801953298374
237988,0.535922837451202
66496,-0.21458740006289645
230908,-0.21537634737814493
16419,0.198754915611973
218103,-0.6560486983923228
58523,-0.25737795514314854
15904,0.5366030168819931
107305,-0.6390002603244929
99712,-0.19713318479836062
57230,-0.3885941039911751
20844,-0.32351386566068197
217707,-0.18391018525397484
17116,0.537224498112312
74998,-0.573046120777029
268930,-0.22663190054541005
54188,-0.1653567361505459
69496,0.452504446213545
53618,-0.5339898527485012
19055,-0.23357458897509886
77305,-0.18708361525626138
241274,-0.2142964227009383
55936,-0.2163413854473859
232286,0.20714261778303822
26562,-0.35559724324032693
232889,0.6327891592413923
19886,-0.7204956060831469
223978,0.227317364789406
228071,-0.5647677548228396
16467,0.8535140496358262
320707,0.4639824404841013
207932,-0.4340371490547268
235542,0.6184143655351604
20614,0.3020765396199572
16779,0.5672108815179628
81877,-0.7620295156921282
268480,-0.6737315810499753
226352,0.6210013263687983
26920,-0.2825406817953713
17939,-0.23917562676471693
13855,-0.4460056609815206
381990,-0.21052855017453886
11856,0.2702346507474491
18505,0.7084291672331977
16164,0.48764770444501426
17775,0.19891991645322626
72290,-0.46763036337618225
19729,-0.26382077860145436
56722,0.20400506630400272
231238,-0.4773000148496864
474156,-0.20830159057106812
76722,0.6141254893056036
66822,-0.24209997714114184
12335,0.2092076903044191
110253,0.3725918765199534
215789,-0.5343559908047881
235339,-0.5232477677720135
26356,-0.15571594098192065
75533,0.49963301211296685
108960,0.2736762249791873
67553,-0.5288644455296261
14607,-0.511276573241016
105355,0.8549433978955605
21953,-0.25531155244289927
18935,0.7085077476321326
26378,-0.3397244225062295
68770,-0.17427307721872864
12829,0.5867079136459141
268490,0.21121385052625818
320244,-0.41887887772954624
624866,-0.384473250708222
114229,0.5255302971857221
53872,-0.3925912088929655
239364,0.5158029850003416
382014,-0.42125623737928297
12401,0.6016161585099153
68291,-0.5444137231997361
75690,-0.5120050979135415
228993,-0.3276608479125116
27413,0.6777410247033036
228432,0.6840487403290876
56496,-0.6061471106433576
70080,-0.458937939809517
22137,0.6762917913779325
19892,0.7358328202479218
98417,-0.1843570899605158
17285,0.46446042802794496
70579,-0.17543533553339152
667118,-0.17543533553339152
68015,-0.3488830522151529
110196,-0.18710586044851496
217333,-0.4125007266875551
17912,-0.6409189192538625
217140,-0.19109703079325513
100383,0.35664065639969067
60504,-0.2206135742373423
21834,0.4762707823336938
54426,-0.475845043605005
23795,-0.621230604550302
14825,0.7970638767485654
233781,-0.21552179662240611
19765,0.23004073901103794
104625,-0.1871288848328696
319767,0.4562794510404462
66053,-0.2200361734098113
107732,-0.17136196091871803
100009600,0.21824862182326044
19762,0.6120493778817364
51902,-0.4151888052882615
223827,-0.19569430492365925
15516,-0.2008829241267467
66401,-0.5674221956543439
208117,-0.5074157486514874
21351,0.1188386400991206
18426,0.6481726500652112
75744,0.28394520108477295
21935,0.5709282796401989
74450,-0.19204375202979485
272589,0.31282771036218726
74202,0.516298633667911
18260,0.3639329335848327
240084,-0.507116276591506
17175,0.5875409116672952
69368,-0.25211666583610004
18193,-0.2544907337565778
56193,-0.2119447857209611
19122,0.42481536775727946
17756,0.5335963016498226
11924,0.5159266224952814
269643,0.6288362300982531
320864,-0.6186630513522116
72114,0.6231666703470635
83993,-0.490447541509746
18769,-0.21164321683767007
67666,-0.2508225986015846
70549,0.5173878023216139
14738,0.2745570658152445
241391,0.6896989060054803
67164,-0.8049869758819415
319758,-0.576694494564169
12399,0.4917641729532445
15492,0.5473393418945793
53312,0.21221743838678186
56720,0.5265056287299221
622434,0.4369761573124076
15429,0.6322071548871877
328401,0.4992624920496187
94181,-0.21337830596479712
140477,0.6965972870140344
237403,0.5165184689805145
232223,-0.38143157056705057
20316,-0.15411384072247714
67112,-0.523267365034231
66106,0.5668202366526218
74616,0.3793396695505944
50930,0.23467236522057533
270672,-0.7638207647893642
239833,0.688782491698162
21951,0.513655963214795
69664,0.6232948109565117
80976,-0.2834050076334931
12182,0.39360243686498375
16769,0.6938628808820013
23805,0.380217687328015
105844,0.4356484793417357
237877,0.5251748323632404
70998,-0.48590578934251294
50883,-0.5330066882564006
320473,-0.665438434684634
211914,0.4977637413436149
50492,-0.48363187115982953
27357,-0.20930123320055216
16658,-0.48562261031820153
74571,1.164729029420113
93898,0.601083868150698
20615,-0.19671257167069633
30059,-0.17359626209842283
16651,-0.5866644823937976
50493,-0.20876634876762523
75560,-0.26648865008931466
64290,0.44974363028220576
192169,-0.23074225071317045
21411,-0.19814885543504168
74127,0.7681918438180411
433809,-0.4250990565792665
66153,-0.4693511364303733
69902,-0.2647638036825146
22320,-0.15781810569313137
625638,1.0241914293823027
18791,0.6945184986989492
65970,0.47865704317786273
192160,-0.19699613987343945
18536,-0.477893587962372
16538,0.696711174754566
100210,-0.45968979326202053
11975,0.2258679492179798
217012,0.5249401674662684
26397,0.19102540169387616
142681,-0.5928023780376193
11988,0.6810836313437867
51960,0.7088202474300127
110834,0.5484648025419623
22318,-0.23871687859253576
23994,-0.18125607774020125
56057,0.5782137978803346
13082,0.5616964785235785
435772,-0.4810091269697234
547253,-0.24709343858723187
230379,-0.5622822496374225
212880,-0.30561635192493775
67701,0.4531495778387118
97031,-0.817765441352349
319984,-0.6454729798996408
81906,-0.6085832812514673
23807,-0.17496556299265364
67529,0.21868889137631697
231329,-0.3249928788269534
215031,0.7099944876810067
75305,0.47186881743737263
74374,-0.5027255812478266
66225,-0.15599559390153495
56190,0.4019519842416379
12192,-0.17694343164766302
214063,-0.7504177897863347
234421,0.43178700407839976
232813,0.6609110953921116
21333,0.7551046572003197
20980,0.63420717154135
230082,-0.34221834565023634
16909,0.1961113188988417
11810,-0.21196245214918363
57751,0.2078054635758324
73456,0.4036445760800911
231123,-0.2223455984660987
110326,0.6164756949698385
69299,0.7298445078900198
93696,-0.2556347527580911
22346,0.16027310117795324
66988,-0.251985824496213
319765,0.49288239899994046
330627,0.4996237380263029
329641,-0.5674211164461092
17764,-0.4607663428454387
237221,-0.5347578156227613
22234,-0.19244474102861098
18213,0.3922358296331607
414121,0.3922358296331607
66720,0.5772216557451921
104362,0.46920830538476554
15165,0.6475729491378628
12361,-0.29277642687512095
70296,-0.3576944168112721
77721,-0.4529183172671871
15566,0.5046936815058007
75339,-0.2134806121970696
268515,0.7119050979554453
245688,-0.1830652589855788
67938,-0.1685707695330798
107939,-0.19830581808705006
107527,0.5881831870850953
75777,0.46447329859627207
17101,0.389269764714804
80888,-0.5613856237651285
56350,-0.2640470464281526
56469,-0.30637904954162565
12309,0.7392187160442085
57257,-0.5955329278896873
22772,-1.0540557067169622
98733,0.49277685100365787
243897,-0.3743540297579022
66708,0.6215032740933903
319415,0.7767673330867559
72269,-0.6246595713556973
277898,-0.5665690741471612
209760,0.4910495190034978
20588,-0.3943136540065115
216725,-0.5921958565096848
13663,-0.7153688674676495
14686,-0.5285657714371732
12944,0.5936273584400453
19274,0.5536263710246336
171508,-0.4316578785702694
23900,-0.225609792667683
69677,0.4807574276129922
66433,0.16170652915028327
11650,0.5151003176564926
66011,0.5628936152591764
22329,0.5430030429769701
13430,-0.21258252985989223
78753,0.49454541363246207
245615,0.4711911769104491
433702,-0.4093332088027175
240756,0.185937924145696
110147,-0.2033949579152008
67263,0.1819901244828923
23893,0.7855221979212428
52202,-0.5783215009705787
19194,0.573001179996599
227634,-0.22485573184416374
72590,-0.29562483446128507
50760,-0.337007336406681
66628,0.49584005640727646
69162,-0.35272107081931736
241627,-0.5195387009224648
234699,-0.18610900639937178
13835,0.31671161474375076
218543,0.315845419221052
105853,-0.5967021300146502
280645,-0.5672880559143847
18828,0.8480559182427263
11998,0.4421961714596736
436240,0.5450379949333275
17995,-0.17290573456567415
19694,-0.5871864764828887
230815,0.42402501072231313
16523,-0.5210017661920938
73473,-0.3066204571372646
329650,0.4364972026766045
50724,-0.16835429591823292
71854,-0.5613482412256738
170439,-0.2513266275834569
109978,-0.24962120026212187
12978,0.17913291169531398
72599,0.6932440587385882
18624,0.3063856176265851
22221,0.32527405499170925
208634,0.8277828651775585
14628,-0.1389010492259679
77300,-0.35455325691927175
78923,0.6776542549116833
104080,0.43744727096938973
192187,0.484013800091037
233908,-0.32613051775133606
94041,0.6879430020199524
219144,-0.5300437716371658
80294,-0.5112298786317258
226641,-0.4991217300596391
269356,-0.5291612139435147
20306,0.39736817387135615
12050,-0.4769883991923072
406218,-0.5561768361502222
19684,0.25697990040880114
14397,0.7680609932168747
231506,-0.419625584786389
170759,-0.18039070861267703
56016,-0.5110655984856569
65100,0.5280325522566658
108699,-0.37541262872807835
12709,-0.288090654345563
26972,0.575668308665021
59028,0.33394742093457985
74868,-0.40675996253853075
11941,0.5682395582167379
16498,0.6408107772678386
69024,0.41550443496824485
238384,-0.42363772592074866
22110,0.25504917322886556
22152,0.6672811612938538
108660,-0.12979775665566784
77938,-0.25483707868477623
227326,0.47394986363301594
56433,-0.2051381238024046
105504,-0.1536162847688729
71287,-0.5551211607696027
66521,0.28958306908911524
69125,-0.22438570343918762
56637,0.24185778143144887
26965,0.21886947802046652
53356,-0.1832863052577185
114606,-0.6267073421181717
637277,-0.5573959972413824
110542,-0.5293844558591543
195733,0.701447369840257
75578,0.5413933330336622
75015,-0.6298434080769866
66810,-0.4907561491349579
68460,0.4012309829556795
319239,-0.5360612556116098
271849,0.7087759498048278
382543,0.4625987270803522
12292,0.5709241652346781
74276,0.35967448996466356
105501,0.29174516898433644
101869,-0.17140268190615338
18786,-0.31564587405996214
18843,0.6709680033614602
215051,-0.720767484290052
58185,0.27546348837033996
257909,-0.6024208270826228
16402,-0.44709630255263155
20510,0.25977899743595145
83553,0.5799997764572007
66596,-0.1850510674874748
67580,0.5082145368481088
194744,0.45986519096400125
21804,0.21096699446628975
58233,0.3665059051601265
26408,-0.4056044771758547
109828,-0.5003408400695708
70835,0.48637402931717855
21950,-0.558701552612658
53890,-0.26999214100987246
100163,-0.5716355685901897
106347,-0.5850563195868776
237940,-0.20675125102154723
17916,-0.2632190072325109
207781,-0.5376976297556375
319710,-0.5713063918350523
380975,0.7426348318747733
330216,-0.5393026562870871
11922,0.5575042591185997
74004,0.5352555126788738
67792,0.6597841291975621
226026,0.47266579663945585
26876,0.6350681928895683
56878,-0.22111111268171868
17898,-0.850813751004341
68556,-0.16059752734724508
78656,-0.6681238469553685
21956,0.5823808378244788
12570,0.8276659828132824
67071,0.42913617404424453
22030,-0.17413759306256615
105653,-0.4504500158457825
12951,0.5157414500194326
80898,-0.5078433035963412
76108,-0.20594650971623274
110920,-0.47101409014673656
98558,0.5145797212280687
67420,-0.42674367728329177
66717,0.4689979226799106
170768,-0.17441594091986978
235379,0.4844931462739761
211586,0.27348531523552744
20756,0.5885282268011705
30877,-0.395624831361002
242425,-0.5177526955382556
73826,-0.20017355396508663
207667,-0.5291912352982364
268741,-0.3638677215849544
13034,0.36842537258368324
20846,-0.6191321221844728
69187,0.15650038742590056
56214,-0.20908997515871874
13206,-0.681565018727039
74205,0.4778497568945168
66320,-0.16067089375428978
26462,0.424260516709543
16539,0.6239531446082074
13478,-0.16097774722328495
56199,0.2490237031231768
320590,0.5255846355642406
19739,0.38453170742646936
70530,0.5316272328276161
77853,-0.28923263717513503
140559,-0.35776179140377096
381695,-0.38851462347690546
233046,0.39891317508425583
70673,0.5500208053943352
382427,-0.49634438739969067
13803,0.173442462417162
231637,0.546909093708722
268288,-0.3158573134141154
380629,-0.17806396896306076
13643,0.6169676691321841
67845,0.292244295492317
217212,0.5320439700760851
71835,0.3391580603701927
623661,0.4996620803560843
207425,0.41191929204397226
77018,-0.6002409647070435
21389,0.21482365466909492
21802,0.27816765054810055
71998,-0.4169115212398564
18676,-0.40925121784546814
216343,0.3364681685346005
66148,-0.19166840506171212
53972,-0.7453112170571412
57749,0.42320812291518317
73246,0.5652274216508753
83965,0.6514978748285891
20983,0.745576469096743
229320,0.7873680316449816
67213,-0.22460114791917896
28064,-0.14183445221564028
78943,0.3391137013070411
66473,0.4678995197968172
68968,0.3671028946208832
73804,0.5729687522540154
544922,0.4494993527683757
58240,-0.5159025569594231
19228,-0.9017918745135587
217371,0.5594825997470969
66625,0.1921915443875779
17082,-0.29164295135063245
50917,0.2631785212480793
108800,0.5518824127320219
67973,0.24669743132226518
18377,0.5967100334373909
228608,0.1895602948876629
15273,-0.5165547425272532
353169,-0.28398821975010957
26895,-0.3682905647227104
22365,-0.35226277914832416
13831,-0.24841843991917578
67671,-0.10607746925867723
22044,0.522313990535598
18313,0.49237133958471935
11987,0.22899093155661987
74150,0.3977300019737404
18105,-0.21818370127786402
66400,-0.216809630845745
215001,-0.5550551352267092
75767,0.3949350154142204
381760,0.32968746752792377
12465,-0.16934133931858142
20728,-0.344320867264285
16664,-0.5422531642715924
11431,0.395565704241319
11671,-0.4841238915987365
12632,-0.46847344702169025
69539,-0.6692886028846523
15571,0.7177442379355377
66140,-0.5537653439750168
13038,-0.5845788991148853
238328,0.40371164223070544
54399,-0.18166954095801202
68303,0.6665446098193879
107733,-0.18026482756048878
80291,-0.23872003175063483
434484,-0.19617178105415434
327954,0.5839778916674279
14118,-0.554911122860454
18209,-0.5470547220223212
66072,-0.1653765448334834
70129,0.6191992545601264
382111,-1.1910582009549726
20732,0.4473342400651945
218739,0.3953795239477831
11480,-0.5543335517259393
15465,-0.38858426067166807
19419,-0.20483541094879953
75465,0.40552876848119634
435818,0.5322339246723087
18102,0.19391342857600513
280662,-0.7638434823345532
239447,0.5188242304445096
73608,0.5039911561889925
244187,0.6225636222890096
12181,0.18727741014607524
105511,0.5952562317065873
20873,0.3806227101746966
75002,0.6056985109031054
11744,0.23687230819464133
16443,-0.2522120283293532
224814,-0.2899494043938917
68694,0.5774780872951388
16777,0.6439458267286344
100900,0.20546886260813046
238271,-0.6175351333188797
71137,0.5688257962553185
233912,-0.2392610767194423
67065,-0.4631428633027417
213988,0.3186511416716735
94089,0.256923149821362
209011,-0.2411099105404677
386655,-0.391565873609804
51810,0.19531382475819825
230863,0.3574820029192338
13032,-0.20057827760123104
12176,-0.25899448784982404
270097,0.6042507009670532
108737,0.2274782925915586
93736,0.4123614700343401
12527,-0.2037773185491325
15235,0.325498482534889
12550,0.30260965565249176
228775,-0.4619053512831428
11501,0.33761302389327774
100504156,0.4312033565452653
17261,0.16966962198744362
14238,0.6324997501338077
69009,-0.19370885281558436
233328,0.2511657964694409
329581,0.45535022384323565
76448,0.19666668692700995
72774,-0.1925261842880417
65967,-0.2370163130989411
66447,0.4690220580854838
217214,-0.5700985893543962
58175,-0.39589185519807657
74137,-0.2751770216984415
108124,0.18017626546876286
56749,-0.16453333133022596
217119,-0.1887076826939662
20669,0.4110726244109717
22420,0.6182883901580238
244631,0.6446008143712758
66242,-0.19545982832071118
70297,-0.5491505847353064
215919,0.6185874223602261
76788,-0.19933045847247755
75604,0.28776243507307875
72333,0.40572269763670565
242126,-0.5729837891954741
381979,-0.588000676883075
18750,0.1923583731985712
16469,-0.4128498180353821
240119,0.453210519938513
66121,-0.21303511347238135
75909,-0.18003628492634505
19337,-0.4983350652356897
210711,0.23013103201897778
217369,0.4652984532582698
76411,-0.5779056257015021
244486,-0.590274955755965
76653,-0.5337977830383389
268567,0.15849899321651684
13123,0.450115825432734
24000,0.5236480739910263
15194,-0.18394425662811464
332396,0.6873051917031772
218236,-0.37675581544864034
17883,0.5702626307199026
218763,0.4847233386448435
13207,-0.17873372167092683
16323,0.46064898973535584
242702,-0.5496768493445008
329693,0.17323000779351538
11694,-0.47556276621683047
69136,0.20646907157478012
53867,0.565042323427317
14389,0.50633097065045
66156,-0.1384536507698897
66990,-0.1502269269810057
328833,0.20310271230399124
56274,0.33638384030250457
54648,0.6732467935225364
20587,-0.21649891367236052
66861,-0.15226482071551217
101994,-0.3956796005935477
12316,-0.40860882211206295
320840,0.42759338777208544
71960,0.4862103348436744
216867,0.5485652838331712
22658,0.6369819354164452
12653,0.3127162225957445
75717,-0.5496205542573298
67285,0.378375080455406
235636,0.4772867704701076
233726,-0.4937200093688219
68134,-0.2904657289158372
231279,-0.3995311817654077
66377,-0.16801372116544933
66901,0.425714540701172
244864,0.2912106269202521
171382,-0.5060437763828141
213211,-0.220270316416582
66576,-0.11530381387425237
19109,-0.6541792483168489
98682,0.2036396746153617
73191,0.6169919324004227
74132,-0.1550506653414203
243616,-0.4658833926653574
74053,0.46489238032560287
209200,0.2589903491382337
12766,-0.21660435135574474
241113,0.46717414666126356
14570,-0.4153502992766991
227231,0.3963925683136793
218756,0.21413592958373506
18566,0.41793869003522577
434232,0.477171989010996
74734,0.2988216687133747
320712,-0.6840476369502273
226115,0.5414357726921568
15109,0.434196686099523
19247,-0.1619598603811241
67298,-0.29356453321124754
258819,-0.5226143255746001
76574,0.5401407992134888
71519,-0.24221522387528083
218772,-0.45789839841602387
56551,0.14482608647363904
26909,-0.542583534991131
258736,0.4217960901813296
218232,-0.3196812764695922
11832,0.5700743412888585
21379,-0.14743099883591881
18146,-0.6281169196173764
30948,0.1675885936061441
71750,-0.14876930024689017
77864,0.52090452074584
18803,0.17808601129372548
13521,-0.5125335407881852
12577,-0.5388134753272373
257962,-0.44916200068679446
244238,0.2820951201009745
406221,-0.6299795974684996
108017,0.5278537439791209
15932,0.2601338840385594
68420,0.16302572259690074
17927,0.42410614398194335
54169,-0.3245509362369319
70357,0.1790825267976306
12144,-0.49126902239216896
18648,-0.1939389211041327
20377,0.7843556762590413
67726,-0.1291333734839828
320277,-0.4350861814105489
67345,-0.170308414582502
19270,0.5061067260131527
73582,-0.5455178568615269
18626,-0.25415262446830056
56427,-0.24006046498904787
57778,-0.5630715950475578
66166,-0.7324707548340741
30045,-0.19890859782803627
18416,0.6189263934839899
229706,0.6325228766119606
26918,-0.4610805763679968
20823,0.13728673548956039
75659,0.48888604353022735
14066,0.5094897059869412
432508,0.2699614819511895
71939,0.32825312690102226
71970,-0.4187431113737756
17171,0.7859927395730857
12842,-0.8060754430024639
79044,-0.1539790906570353
79059,-0.1539790906570353
15398,0.4846892757718426
110446,-0.13521345262423523
71241,-0.43105152362427557
18322,0.6029598003875436
56174,-0.48328523023666214
122152370,-0.46603731833950146
94280,0.1535721940389312
102636082,0.4580238732045352
272381,0.6177648322134468
271127,0.48218350858933423
27057,0.15354840230760836
73274,0.258734611256223
102060,0.17415417991109727
69159,-0.2884793673056443
68565,-0.16426776139453025
52331,-0.5355879312410305
59091,0.5599190387865676
71003,-0.4348575266546604
53415,-0.34039492891405576
14711,-0.4436008243470848
382406,-0.36400421345263023
378430,0.4194680892465814
101502,-0.19590458923191711
13404,0.45904584047859665
58214,0.522592912812736
16923,-0.20893517558244135
234374,0.17970052928472224
218215,-0.3845708143233564
320145,-0.5494080481775514
57266,-0.6379462112994325
24004,0.47906461723231875
23942,-0.18899363560257676
109052,0.4257742866737986
17535,-0.4938836107906086
217843,0.30840895822898773
14853,-0.5092323390201461
16974,0.24370275285867216
24136,-0.20212276882071567
14464,0.29192723871602055
56451,-0.1346780063897981
16199,-0.5164686567950332
94218,0.16469212567655056
54725,-0.4253632234151672
110826,-0.14633450157245598
64296,-0.1989315803708287
320720,-0.3899166050491667
214597,-0.13364398868470673
110821,-0.4449658061922914
19401,-0.1929004963164278
66935,0.42164989892195237
14104,0.3811437187080582
13176,0.4710084068368863
17762,0.7483956525822579
19193,-0.523839504948187
56195,-0.5016878768916442
16848,-0.24511977357052395
93695,-0.8377416288162598
70062,0.6119557750007276
18256,0.429195531348602
54130,-0.18158543446698694
73167,0.24753330375105875
72090,0.3890473939047445
17681,0.6455217665988906
214931,0.424776616298324
230025,0.3625033569121312
17925,0.18952967876523275
504186,-0.4737601697511762
228983,-0.21603637194255576
52502,0.13637711364737015
12017,0.12036150254871991
83766,-0.6622983425653928
75497,-0.3541704706518747
433256,-0.22555506091594957
192197,0.2711285244286348
110304,0.5004306443021678
218476,0.497498714739522
72065,0.4477440545080089
67675,-0.1623983239743314
78779,-0.4559010283967231
320581,0.4769664934573017
319909,0.7296812082512307
19192,0.38118996475275324
64934,-0.3143490073662525
225998,0.39291159522555663
13543,-0.23530713872052988
16612,0.4902531840399531
28193,0.18664449999726607
258322,-0.5759934458758305
20200,0.24940824404113648
13871,0.17290092934240953
18328,0.5279828233235726
68184,-0.24092594057057948
15569,0.5854323604195524
320484,0.2013199130160288
71974,-0.27447703609019847
72674,-0.1435688145714913
241226,0.5929442569286154
98910,-0.48024182216696865
66388,-0.5591299724875265
381175,0.5836039622713964
239038,0.6276674809772338
70127,0.471118125829026
217364,-0.22692740167907655
12036,-0.3457726022970258
17532,-0.28348860310839186
66098,-0.23908364506826718
110075,0.540027942826359
72736,-0.2716004614464431
18227,0.5487298921519974
109663,0.529771944528469
384281,-0.39645398434437507
103711,0.26840442841641377
192654,-0.38699525776994825
70325,-0.5888867849307546
14107,1.152682984257364
21346,-0.144529125657618
12866,0.22468458383180945
15486,-0.47780965217946925
233071,0.4872376908399083
319476,-0.6774090465947284
625098,-0.37228262124078526
29810,-0.2554099629924673
268345,0.4331324699403125
234582,-0.22954946332631376
233067,0.46097057534194885
278203,0.5422145740354489
12039,-0.15975791018143148
258914,0.6690784243045411
386649,-0.14259361319050612
21807,-0.1490527685870049
108052,0.2028206408732487
50997,0.48655850003862255
75599,0.21237544273549425
64378,0.6434784916680645
27279,-0.2724393573172268
208638,-0.1186904055040916
11931,-0.1742294122662269
14787,0.4909182407662467
71967,0.49863066428659275
107895,-0.44856459717871466
228911,-0.560619911702446
66226,-0.3444044059905451
71354,0.5359560588101067
11504,-0.31467970612862883
208908,-0.32509966273934854
67332,0.1456341456605177
100177,-0.4349483320662415
17385,-0.47171557057289704
69217,0.5724816563023536
194401,-0.39879561362947324
268935,0.3824926111375424
228852,-0.5252729374616427
231997,-0.34847017295076643
231380,-0.47335412756932005
210094,0.45827455266139827
52014,-0.15427269774647812
12652,0.40400281214204314
230899,0.200538280210667
269637,0.5419907681813125
72948,-0.34323980782995633
71761,0.6183603240824542
239845,0.5230371583836346
228770,0.45129304346083154
94352,0.4354059388969622
20335,0.21806859625051445
70802,-0.5525542559183032
27403,0.15840705558295198
20527,0.2030698237244799
83770,0.6696324910819329
19353,-0.10472692449849674
18985,-0.22291236331099284
13347,0.4774405629148255
14719,-0.1853968697218562
12568,-0.360600028084308
216965,-0.16526515225548977
243371,-0.20355556142164666
69556,-0.16706249374387472
71984,0.31166226543044484
54427,0.4517455168713669
69161,-0.15223714189713
68611,-0.2182871789254337
78245,0.62106154024701965
246257,-0.28208868740069803
16425,0.6904117868212398
214240,0.6488446459674435
14058,0.23958828717178093
17896,-0.1794501931416015
433091,0.4573074864147886
17259,-0.42837073567632
105980076,-0.42837073567632
11541,-0.27249745948154214
20387,-0.3559673775211034
14828,-0.14408373280943465
236915,-0.6426250649251841
74412,-0.21962347209434796
329015,-0.30045274566581526
12592,-0.5021340812128123
211612,0.7095362331022521
76857,-0.4038132853397256
52132,-0.2635537162952648
244650,-0.6208134545935282
241520,0.3801265091202195
230872,-0.6145588638251009
56183,0.5015031096630169
77794,0.5640803502727114
68332,-0.19238805397424308
15285,0.4335916068758854
226971,-0.4519842919989854
76615,-0.47090548837031765
22380,-0.44796446925329825
171166,-0.4471324023333825
78248,0.48218773035724904
68799,-0.5549991683653293
93760,-0.24800260040273336
234729,-0.5664328886728702
66151,0.1680684476081069
77772,-0.5429711427631165
217154,-0.41812111031907406
213452,-0.45687937810833334
16649,-0.1742691406859027
74485,-0.5861857502164076
26425,-0.1613929978257591
18174,-0.2524965580313374
73830,-0.09955779770269224
14420,0.4577265628941225
386611,-0.42473229526819845
13853,0.5732090281860125
56294,-0.4364673682871594
245650,0.4059668515099575
114128,0.5370462600158197
234595,0.21272893940546478
72068,-0.14590172974976845
12942,-0.44029878737780415
14793,-0.428049518792073
71538,0.2974674087983189
71972,0.5283235127425456
330474,-0.274876846017964
233065,-0.21691874411491696
14864,0.4558950127631518
16161,-0.41930177430926197
20480,0.14435017392045246
66690,-0.44071880871296365
230500,0.3975434458279512
15568,0.3834475545600373
74194,-0.4680324325033167
72017,-0.36788374570309657
170743,-0.34547087732770265
66437,0.1219056302584729
269109,0.4746172277734253
19157,-0.13997807780476457
12326,-0.6356863337372314
13405,0.3803474871904471
67158,-0.5000400551125725
77446,-0.38087288848426626
237934,0.5482602313065565
15387,-0.1536483913232196
69706,0.3260046687951679
14663,0.619520541286743
13047,0.2901903979295781
213990,-0.16203083155609654
18826,0.23027046501806403
19184,0.1573310853257297
12846,0.14282640595529728
58875,0.12569815567569442
435376,0.4850683834874099
17203,-0.36913825772830755
245007,0.5116072671594516
12795,-0.48211626589398193
387609,-0.5854941072694868
93670,0.5488408450758309
22427,0.4165724560139079
74043,-0.18932244637483286
15233,-0.6442210941204616
69568,-0.2369335550357503
381917,0.39818979943667987
209003,-0.18099868543381792
320790,-0.24559279846496018
13723,-0.17410339287328291
59092,0.21584591807862985
11495,0.32486940342735515
66118,-0.15831660463876673
621976,-0.5010809912693963
231134,0.40887777447901064
107817,0.2221414110917399
329506,0.3429316658632242
16992,-0.21808560532032484
239126,0.6618119813246763
72569,-0.4496077606462334
77683,-0.28746206999040247
26875,0.1927200358409138
258573,0.44600647011507677
12768,0.540149848662085
15587,-0.4159937692540847
100043474,-0.39248091341654057
30936,-0.3094638760806676
57443,-0.33417344207807087
433667,-0.5121425175074039
635253,-0.5620630058808396
228576,0.6462147439712989
227937,0.35354850783476177
192236,-0.42612442386637284
66233,-0.19161531164082568
74100,0.362079057181214
225642,0.4158897203155707
29817,0.4755648209167642
68440,0.2025109757198038
170721,0.4988686550645687
210757,0.2472841477961154
71780,0.20365750705444619
228731,0.5920370369672918
17395,0.3664189840584431
14228,0.22655348673744946
230027,0.4699884763763973
18861,-0.31841361601775464
60406,-0.4251733972821734
114712,-0.6115210647335019
668257,0.407463976057711
11964,0.1510674652947408
24111,0.3964961254374493
78304,-0.15641515175732223
11450,0.8458852422163208
16792,0.1793901306214032
619309,-0.46116877330846684
240322,0.23323305824588658
18301,-0.18459008970588542
64082,-0.3692911160214667
16159,0.617758029883702
16574,-0.47939012424135896
545370,-0.592328312023295
17977,0.20643438763534938
20981,0.5752861976259256
228994,-0.1384979536037818
67067,-0.12116299823707344
27410,-0.14586001615463395
68977,-0.19729118851489957
17188,0.47815174524823423
209047,0.6081766842789111
58521,0.17522953091666338
14536,0.6304210327973445
268749,-0.17066701337988555
270162,0.5763093891280722
18317,0.48006539974015805
270210,0.3747804121974432
58200,-0.5643102253962313
15239,-0.19370517214678173
224045,-0.20183971330172135
211712,0.48585794895367407
26430,-0.24537666791499735
13417,0.21687677729016386
72585,0.4460969525531966
18770,0.6726064228472479
226751,-0.6181924141748816
29864,0.20792813198798044
269831,0.44367425772871805
71313,0.37789426714912366
329207,0.6711669275728265
258569,-0.4271896248220779
20230,-0.2662938881839221
628100,0.29583121158934933
108105,-0.21568001367937484
12209,-0.5451092797300476
23871,0.2295930928666472
76308,-0.11907889991879905
21942,0.2771802225401512
71770,0.41778288467198355
74104,-0.3576792252342642
216869,0.13514531337352942
100504221,0.6720126362971945
269593,-0.3974991339337439
243923,-0.5735467903424976
14700,0.24797899202459028
11636,0.2830542584749356
71782,0.43807418522340047
12460,-0.15777446053716382
328580,-0.17923383389201852
170787,-0.17923383389201852
54218,-0.1887449216618169
234857,0.46887680065893234
108907,0.376758525440513
233315,-0.49512694415180736
53333,-0.17029565911445133
18780,0.5580623475334989
16328,-0.4165080875418816
333639,-0.3230191492658343
70843,0.4975740182987263
15438,-0.381156012948658
19946,0.1853550961862318
208583,0.30283843434384394
170833,0.3100399034737089
12332,0.147886186326458
80743,-0.17512614439326768
26943,0.16005249358888385
74102,0.4617989468592283
75530,0.4262977803435648
319504,-0.5838992100314648
73728,0.3438385979012928
12005,-0.18072285852662517
381104,0.4564030762557105
14412,0.5094645789570249
52793,0.4994438144138291
56221,0.5706732688107401
170789,0.28622314432148777
19118,-0.5469403886261492
76184,-0.4800877224517861
18314,-0.5671410458480843
19731,-0.33996354677021845
70239,-0.227698900633861
245527,0.5493927454891998
20185,0.24697038224091017
26400,-0.39790876855885315
56349,-0.44669082217001144
100038570,0.4830670859311099
208372,0.4942346004921747
280287,-0.383353057550297
18799,-0.720475737863894
67991,0.17357038708767014
327814,-0.4353125814719192
52055,0.24360447585392375
71660,0.46759575835598977
12845,-0.4156508909217078
78709,0.6191677353101408
320696,0.6261878686506055
20690,0.4832659530345098
104721,-0.1564794661668394
56050,0.2774453657358009
406217,0.6399280928209063
18408,-0.36454095338362613
13363,0.30650540050305963
57279,-0.32253562921907974
56228,0.15085298411379355
18598,0.539403684144685
268420,0.20069000456688535
17142,0.45394112233912454
326623,-0.592048204344076
94175,0.40220504278404867
75273,-0.3380185529595314
235504,0.23395171506617451
68925,-0.25915147908222913
228869,-0.13864522157732395
114640,-0.5064115748336322
104110,0.4696110574116741
16204,-0.4819359253636746
381373,0.4952808290335775
75553,-0.12534400461357897
219105,0.14010056467390797
69237,-0.27919612013739403
15426,-0.4512349746976234
12986,0.12230770447186501
404346,-0.4294349395941044
67041,0.14277928988993693
80288,-0.3125481889620261
170458,0.5072271611252299
215627,-0.4448844096692808
18634,-0.3706911303366809
76157,-0.3706911303366809
230753,-0.20378032491388787
69270,-0.42973215496243444
54644,0.18750432821741114
68038,-0.367875205955869
67455,0.46419314499455755
72318,-0.18154075761014887
75770,-0.4686358605970913
102371,-0.4471905111385386
13115,0.46643502239736545
26903,0.4356339445609603
317755,0.6442269617621195
625599,-0.42221572222619397
100647,0.5785716991481769
83704,0.45136330798537294
12964,0.5158139672493549
381802,-0.48494201973656903
229512,0.12947949719674412
21427,-0.3771150407787278
68051,-0.11332181223089854
56505,-0.19339074354705943
20513,-0.42862962107772384
76080,0.1559154570746113
194231,0.5666603399182089
67582,-0.37884894485809273
380684,-0.3758363186103111
227800,0.8917716378794758
11554,0.33391863830750346
237073,-0.4734014238055364
68975,-0.4051683558309289
13998,0.4764884231020945
231646,0.5892931316787999
233878,0.2521127532099987
108079,0.33825464182774656
14531,0.4595730311199073
12224,0.5358211763078238
116810,0.6216480235993824
70461,-0.2944942363352183
109151,0.45851915135379784
215008,-0.5421670205623048
240916,-0.6500195603342194
76742,0.1793884865944282
76378,0.6239973216590751
71670,0.3748684086547476
17390,0.5828488935212142
231571,-0.18240259388198865
19072,-0.15666713061897042
73739,-0.4392981921954764
67440,-0.17535031479537366
96957,-0.32946429266517274
56709,0.226041318005743
12028,-0.15491692586941852
71950,0.35201161479069043
18032,-0.456798671423833
116732,-0.3949398915796447
27967,-0.23359545543934956
20405,-0.15791016046744843
100678,-0.18973537648190053
20265,0.5521793223229192
15425,0.4217884506372016
108011,-0.445753716715541
20274,0.4403942048525762
81879,0.5925185924180041
26951,0.8850188087820143
68612,0.24327366294603792
97387,-0.22907105840473818
69352,0.47394159349003706
15959,-0.3097550607148092
67832,-0.19962409230725875
76846,-0.10349550860321521
66673,0.6560141446808472
242960,-0.48074211514019805
70061,0.5417621695598811
241322,-0.3611626991736916
19400,0.15095629083334394
12831,-0.35025621273842766
213541,0.17096715517682703
26893,-0.12383856165788387
66614,0.15141317987762903
17187,0.1227135878362624
15442,-0.17598042726303476
67826,-0.15686155496536447
18352,-0.5180795254299695
224727,0.1922181383542103
73744,-0.22386981845304277
20296,0.2687487513548441
73174,-0.19533871729897534
70208,-0.3927125395506543
73910,0.17960674269627308
22156,-0.41057915856361316
14827,0.14350382228175818
106931,0.4262399490854598
109136,-0.19327109064938064
16873,0.4178040003272203
15931,-0.34141084383049236
94045,-0.4392460168300314
15168,0.5102203193646506
21828,0.43153595815913404
11991,-0.1960331349076867
71816,0.34206354876132394
80859,0.38673123770353435
67661,-0.515560246549013
77647,-0.16663933526385222
107747,0.28548934768512435
68475,-0.16850233541242332
241694,-0.4373715222388226
50878,0.6302398660536186
12837,0.31856541043524755
19064,-0.40311574802337846
17184,0.1804127631298318
66522,-0.43372304209477264
68183,-0.13570900595724922
11668,0.17839830618811447
320092,0.17839830618811447
27061,-0.1353628434010563
67493,-0.2596836825616986
22070,-0.08947175685343822
12299,-0.39659476774136504
329154,-0.18539952348839428
20211,0.4613643039379367
58250,-0.4694363642074215
75986,0.38028781187809635
53978,0.43108496820624875
71685,0.40988307966616855
14764,-0.4438509654339615
231668,-0.6120180802133826
70701,-0.48754256252802275
67046,0.5502148723684774
381122,-0.6537440513039501
226518,0.5969149990834621
56447,0.13342254072842508
54670,0.5063119245227887
19014,0.13008373930986217
18755,-0.394597335397906
72401,0.4208871471050619
12555,-0.34965396188186304
14113,0.15735702413599384
13549,0.15735702413599384
242939,0.34210104711642586
229725,-0.15976296068833307
18510,0.5156153099924006
11936,-0.36813065634491426
104082,0.49252574669016536
11610,0.2620368061324596
243168,0.34725982602607175
50775,0.34679092055075245
258481,0.6139943839027335
16407,-0.5465707265463751
20264,0.5404095928080954
18126,0.17270469486942375
75104,-0.4847263502795722
56464,0.4570181166214269
72709,0.4463913667234656
225638,0.37995758065740315
74204,-0.25436433930567137
16391,-0.1868958547308761
66878,0.21416770975113408
54710,0.4270172846470075
194952,0.4465112019023918
258930,0.4180553987819948
66355,-0.22007903470224832
57340,0.44353203054990953
237898,0.2419630599064817
107770,0.3037956807244422
29857,0.2876416097119501
56223,-0.3738692055366579
66101,-0.19533245143416522
381038,-0.29168604175018054
11686,-0.4377863967524096
13864,-0.15887636682200856
75746,-0.3356528853908598
13842,0.4109364914462166
54324,-0.4783830493865753
16450,-0.5449796570819103
242362,-0.43956067526553877
71916,-0.45169269497267983
233649,0.4311470245601319
11749,-0.22073965255236772
15985,-0.23288606051458416
270201,-0.191972162343518
67628,0.1333360572135227
66757,-0.48358596338678606
207818,-0.19025712194721933
16993,0.170350794559738
641376,0.5621026593880254
19746,0.4609674844467069
231532,0.5342324979932345
70615,0.3927163441568977
12238,-0.16519638338833786
71279,0.45282069506555
270096,-0.12703434665032276
23886,-0.3521571507211241
20743,-0.3921947248379025
227197,-0.16149054922522588
386612,0.12578158770979186
19878,0.249358714346803
232566,0.295906020914682
11861,0.2783388797702795
442801,0.24013251468126917
226101,-0.3727508811696061
231290,-0.46034638340306566
18845,0.6788215143080527
20742,0.12593198303568087
74198,-0.1594085853792322
21819,0.18955210122577704
194974,0.4273968523207836
20266,0.42136237725255477
71066,0.46951502108623444
110115,0.4032337328528186
12173,-0.5144482356406432
18583,-0.22279629429762693
80720,0.3962303656045867
66500,-0.2742317725469352
22228,0.19755125391747086
237806,0.5553438122212357
67133,0.446236738859481
14178,0.3451335348291211
213409,0.42605318543613224
67222,-0.4466728160583946
30839,0.14949416432298435
67432,0.6167523584576151
20518,0.4178472333789993
50706,0.3785729668083193
237716,0.5261896898003453
12892,-0.547305508904933
191578,0.26793294197203377
27218,0.17512727593692468
434215,-0.2718482839748795
15451,-0.36003833969548227
229644,1.12107125506565
11778,-0.23890718632698515
66171,-0.16952517066319217
214254,-0.28162317339004783
60510,0.3507408268599548
19373,0.35356085310604213
54326,-0.33969921675005077
211978,-0.46118792694889077
320873,0.3326401202673326
18171,-0.3810922077644623
269152,0.5035012215199637
12848,0.30546956623756216
629747,0.41569442929595946
404317,0.37499694957825236
270084,0.35760611499420314
18784,0.4524141780118969
66701,0.21355292645840507
15170,-0.231857970385267
78444,-0.39051018778127933
71951,0.5060615422705999
235106,0.5166064978903147
329421,0.23300494708953678
545548,0.43650279515618795
55925,0.4686553815403478
59310,0.4290793270678548
67073,0.23227365325568705
18150,-0.32699968050344896
73010,0.5810395472530869
56275,0.22751998087374936
83396,-0.41324462827751507
12566,-0.43941172376547755
70160,-0.18067179595598581
67900,-0.4304511318046984
20358,0.3802974300525861
74241,-0.19318595679491324
232086,0.43760831225754426
83454,-0.35711215045175404
11461,0.15897894711977045
171171,0.5310282435722486
12315,0.13297248421477192
75398,0.27074474905831103
15468,-0.14077373044651154
75706,-0.4907272838033645
18365,0.433368873864886
58994,-0.306880991409372
109270,0.13454188010346968
74075,0.5237108210018233
20962,0.3997804669865621
75212,-0.1485416118951779
16068,-0.1485416118951779
17441,0.26769054034451756
70729,0.25541579498523426
106759,-0.267729345510034
230649,-0.43794353540732
404194,-0.3959043903389188
55961,0.4593523019974466
18226,-0.13378201955628022
69554,0.18500755823835746
381510,0.3236697446249277
20022,-0.12218217738986503
18390,0.18847606005510187
12091,-0.15175149035995972
233199,0.40736213476007865
72747,-0.38399024662001136
320506,-0.45875239551686153
67039,-0.16942103725204483
22418,-0.5035120175112988
244179,-0.41215374609342614
100040591,-0.5021816746876517
99571,-0.3606223635820287
170813,0.37650790937578904
53601,-0.39610811400913226
15214,-0.5027486962922967
54652,-0.3929456161920726
26429,0.40866287367918996
29808,0.28163537596683863
70769,0.16695134748484008
66353,-0.3881264866518426
666339,0.3359399382555517
22262,0.37097341571646414
74309,0.43477468050295087
74153,0.09986378177803523
22589,-0.4216272881242835
68349,-0.13613982493763288
74649,0.394635256906275
109821,0.5692300089848912
83429,-0.2296999100876036
20338,-0.35961053380477104
242711,0.7273403252827029
27007,-0.5147587757332417
217325,-0.20047702465600636
54616,-0.15130495269410105
57743,-0.33925209695704783
332131,0.4812019450643925
17286,0.4541008197374494
13180,0.3199999778213929
16833,-0.48206595534123053
93688,0.3582572449729513
108755,-0.16907005036354406
56030,-0.20245326752853465
219257,1.4331567448384521
56347,-0.18822202881295702
11519,0.49103394261006805
21452,0.1691712345754457
319998,0.21418989630744356
73712,0.6865967898918459
234967,-0.2918602631141445
20972,0.28439320949317093
117591,-0.43146060865213887
81703,-0.374858142729785
140546,-0.3818942722578411
54214,-0.17432159688934945
13602,-0.4861652680403399
13828,0.47081599476126534
67821,0.48662443537395106
14695,0.4496226204807914
237313,0.4687579607797625
16165,0.42767649750272474
71020,-0.3453164556446069
12737,0.787452663291841
277203,-0.39764700977787637
71130,0.261115183679574
330660,0.15068005666396367
237339,-0.3464184705411917
77782,0.3832922960828311
320116,0.41829889209882065
76238,-0.14817096737455415
236920,-0.4362216404799355
16568,0.19702469169046388
16559,0.25967944108733576
18779,0.4705062454615989
20624,-0.21929915180762372
317750,0.4060081256392962
12488,-0.15991730585726138
66875,0.3291569072990299
16764,0.40858057834896044
99543,0.2652373413611988
66642,-0.12994167763654652
52615,-0.1549311428744229
211961,0.35242963103659
17113,0.1371687503534691
14609,0.2276943471082702
353235,-0.4096888392564084
20111,-0.18122202770452844
101706,-0.200228109416269
16409,0.20678739911122612
18247,-0.11078974847869105
16859,-0.18828993690753926
214444,0.23328439534599
104271,-0.6411682587089218
16822,0.2235882760806538
234396,0.39777713224251965
66725,-0.21455589638113004
100502876,0.49788381121163283
15552,0.4849690886108058
18596,-0.5229965649005424
66257,-0.3342721246470175
108067,-0.32002347039740364
16418,-0.1534854666690446
66691,0.2116247532999349
78926,-0.15659426268704202
66977,0.5358877915168572
56812,0.33231584619135646
67525,0.4240811973073706
74562,0.5754692410316831
106707,0.30094499958768584
664805,-0.3729128942639366
12578,-0.38423672558551436
108900,-0.3941328052073212
18752,-0.40132354721737595
245643,0.36582367049109177
66538,0.1255056347210406
67917,-0.41920740955594393
12561,0.38405598363907156
208171,-0.26977830792555135
629754,0.426629203684433
227394,0.4065038045320959
78239,0.48897143380539054
228019,-0.46868190033208634
19244,0.1390283771923677
338367,0.36939121162795097
73703,0.438269750882303
116848,-0.30515969089474826
623046,0.47336053708206993
19185,0.13669957460352755
104079,0.44920633788915243
20408,-0.3793124161506678
20409,-0.11661208815502278
76233,-0.12390976663007436
26558,0.2197081897038533
195333,-0.4595415220492063
109674,0.15667051288695433
66223,0.4075947631800778
67909,-0.4395557090409494
230917,-0.3398495010006801
66689,0.15990847391637608
75617,0.3727877668670141
229759,0.5210804005009706
18158,0.4308543354573908
217473,0.453715947969771
14745,0.4147211486992659
56773,-0.6586732901357286
103534,0.5104145104856528
16593,0.2367339783285436
16470,0.22959667151296337
231915,-0.15473004982279015
11737,-0.20751727133500886
277250,-0.34404482516718105
13356,-0.19092932673144603
23936,0.16176614583956983
66411,-0.151061037723915
77591,-0.36644775999074675
60505,0.5931985690078609
20847,-0.17478695259638322
14221,0.5001510207866833
93691,0.13214124870594368
27261,-0.14922894169145806
66070,0.1255740180915943
232717,0.1914702553203691
67458,-0.3120434234404703
11465,-0.11858159728303441
11972,0.20156453889264903
76260,-0.5829834759524197
16367,-0.3502869584871333
16956,-0.37372039986130634
320365,0.17921578924326553
26549,0.4231106319588176
68524,0.1745127320569697
56428,-0.09707498408820037
213084,-0.44881323515514193
108829,-0.1382671806578486
17888,0.420361817679217
76138,-0.18988335782617938
622320,0.35706837322111706
104601,0.5123132176874083
18458,0.2030086398077593
72171,0.42304967710582453
171395,0.48758257663354865
66073,-0.16655455709105915
216825,-0.40017390296544875
72029,-0.41640383154998073
269941,-0.13793099916681584
211499,-0.3063483889865566
14654,-0.39339348271493835
106068,0.21297525400348327
18181,-0.13935033727908674
207683,0.5421960976115443
238076,-0.597786924146507
320078,-0.40641251235179254
93879,0.5147539804612191
68292,0.16261184691398967
210925,0.1777641021053178
83964,0.4581114289547239
237759,-0.4243180367883381
170729,0.3737299102010505
170461,0.40761620592943304
208624,0.26641094398209386
12307,0.4667635877326166
66262,-0.4422145831358044
12340,-0.1316349312363645
231830,0.4628707373821843
51799,0.25473961948746826
70891,-0.2668306597431238
16661,-0.44324753692240115
67429,-0.35892687436455795
15562,-0.35909738498242216
50788,-0.20647861704774773
224671,0.26287952462883624
19416,0.7197396649066454
108912,0.39233617771977514
238011,0.3367545189250376
269003,-0.17572433546302868
235040,-0.1335709923329862
71169,0.3294420857961651
434341,-0.1767458779418778
383678,0.5008577332068791
67530,-0.1812369755296519
74772,-0.17635524227651267
60530,0.325715361182243
338417,0.30721789240289965
67443,-0.11927904774048592
11806,0.215761008309165
66170,-0.12869686946070402
320271,-0.4659450082185268
380698,-0.5253391674932724
227644,0.15338003630685115
75894,0.24724606325981657
100609,-0.3867754774831198
494504,0.4268458069071608
75338,-0.37319527410810727
54561,-0.6883129367329737
68642,-0.1885469611000854
73503,0.3904806839860133
17159,-0.18398431389379866
14055,-0.1447575814885358
70652,0.49954572559494625
219249,-0.18207981433217846
97884,-0.2230444840037924
22594,-0.14451728833866895
50530,-0.48210426418253993
71774,0.3613884872319497
12815,-0.4853704684400304
20204,0.45454300031708206
67138,0.25497420042325913
12994,0.551700330756038
71458,0.15426461678213066
26441,0.15040685321254443
269999,-0.13064415444355149
53421,-0.11824500463992749
233902,0.15450010277024528
77744,0.6201824987346161
13728,-0.3347995847628127
16319,0.17368133239477324
69384,0.31137519287416726
654812,0.4329457446069105
68678,0.4071796849231166
245671,0.4166807871046734
93842,0.22690199530789457
67444,-0.13952733534711292
66091,-0.08633745819652461
110380,0.4242696074464227
192285,0.18106337986480447
13680,0.32269210230272094
15413,0.45557775234162534
277010,0.27884513461876814
227377,-0.35864351413899076
74251,0.21662314083404155
258506,0.42336757457568597
14567,0.1716118376074247
223726,0.42352859005636123
67151,0.18756562226770868
380702,0.5078016292335974
14840,0.38507227997510185
76187,0.32795977254405084
17183,-0.4536389111569008
21380,-0.4011546574844993
107650,0.3556809712343538
243961,0.25072382580840724
15458,0.49898428941293327
19340,-0.3304115309976057
384198,0.41674921328632397
72084,-0.14481205293352417
18016,0.16652605616393323
414801,-0.14296235759757892
16667,-0.40999812761245114
105243,0.3620917662412997
258405,0.3349350007692298
74112,-0.146170202518622
66286,-0.1484303270551468
12153,0.2813422328152946
228421,0.7357186173183763
219114,0.27929130372624167
72823,0.2652448139995638
71566,0.3845239579222577
56277,-0.500802290338739
381085,0.1497616517888236
242667,0.2939695105303839
67812,-0.517392348973102
258350,-0.5864014820562642
22754,-0.26370964667887886
20853,-0.383227143470517
433099,0.2885410648355906
18640,-0.34791462433112486
20663,-0.1847359572141638
20817,0.1394707665291719
246313,0.46209558950075236
94221,-0.1389929607413638
20288,-0.4607167619437762
68525,0.4992948444897207
226856,-0.1760544994572708
629059,0.40199972959719643
56015,0.42030562284192996
12057,0.5556467255877244
72500,-0.25739364155356625
269019,0.4529754924870195
246709,0.2843958863737823
238564,0.4143681614719208
100039672,0.48136466333743533
69080,0.12236849091354962
50785,0.3533314499180591
54198,0.18314452255812874
75691,0.4760495436248866
69499,-0.32305826518336644
330369,0.38854424703347945
230576,0.28598076306446174
14376,0.1393006304574982
73991,-0.351646740876034
12545,-0.3608327835367344
105278,-0.29070277647375775
26912,0.4133451680648026
53881,-0.16441241108419646
74760,0.474796744414677
279706,0.491456078252662
105651,0.43265148871823156
100763,-0.3489843240142001
277743,0.44132132614714603
12728,0.4930109007789989
192897,-0.2638619920699208
52679,0.3646338686851651
80718,-0.19624483557101335
380614,-0.4095977431679314
100534273,0.4456848407059235
13424,-0.16366963185916816
64384,-0.145703735677003
77975,-0.1351943175494732
20194,-0.14576418105264466
544806,0.44100416201602766
56460,-0.2814588917429397
17758,-0.18954096188440772
67092,0.4823599375992904
116939,0.5827985033883962
17884,0.5678007162254155
68509,0.4948095470089733
242662,-0.3646225071281499
16852,-0.16051406959569547
19164,-0.13415133677812285
212706,-0.1773217674348011
72515,-0.14620681428292137
18643,0.2575250292072564
268481,0.26172390016517966
107182,0.15260779805931257
142688,-0.1398335457625146
58869,-0.33302933128123513
69639,-0.12464427041113701
106861,0.47567968605255473
98732,-0.28981513990323826
320139,-0.45953717096217606
216456,-0.4058780440035932
18477,0.1421378958596975
258098,-0.4249735354994879
213236,-0.22839747215785255
76072,0.4263024736530605
104346,-0.39467577341914417
414084,-0.48776126121764474
17536,-0.40451471093027447
74711,-0.37447017343367683
78373,-0.4202476414596701
672511,-0.21881338689278174
54645,0.15467863338379573
18216,0.40747687054810466
224111,0.28620464197685536
15461,-0.17316772439997052
74781,0.17788102491656765
11434,0.32114126678298494
432467,0.3425479161773355
170725,-0.44312758798156127
229323,-0.1683715973666331
319930,0.4185193558252913
232087,-0.1380599206492903
13983,0.18083251860060656
76687,-0.16130864804570066
64654,0.20512112039855346
229389,-0.4154787077485018
78372,-0.252909422629255
22319,-0.2700406771063557
433899,-0.30703347856288055
13656,0.34530542765769745
70450,-0.14587624300242474
69046,0.10523839547909297
70392,0.3668957560004853
118452,0.6334389778443565
142682,-0.37267894595101225
117586,0.4033194811184102
77629,-0.4728231986338298
101883,0.14772579278873543
212326,-0.3535747012427226
17984,-0.27263657225756344
654470,0.18515846219658094
12606,-0.359097586124034
71078,-0.41406977050334026
20520,-0.39468030507020124
264064,0.17326731721186128
66646,0.2452090846372501
67399,0.14224964190368006
16332,-0.17192163123570303
53376,0.3644075312279904
14824,-0.19599218591600298
14069,0.49709350431834
20451,0.5695108976333092
16447,-0.29303629030491507
319832,-0.5253302601693144
12962,-0.31133462736658757
12843,0.5000433730803495
207214,-0.14077129997595428
17930,0.5890751210298522
101943,-0.20282269184446555
14348,0.3604878406660159
53330,-0.1855930976488933
224903,-0.1902162529711422
378462,-0.2736207105002819
99586,0.3307313102417444
74729,-0.2720379929669168
69171,-0.0870284863854831
20918,0.09242342772847323
78309,0.46264923817571546
109685,-0.37402886220240106
239790,0.36643562263650375
13026,0.13917196136338283
228801,0.23182759645773565
53817,-0.1819008059806304
237847,-0.1914286886871519
408193,0.3944011142870947
225600,-0.3012665052647492
11945,-0.34187413082488494
212999,-0.35280377573080646
71223,-0.3279751520685057
384557,0.489672138213586
76560,0.2897597688671043
83796,-0.14907947440185332
233549,0.4448476798061378
17886,0.18339203741316723
240672,-0.5095629828452184
56365,-0.41695101565411896
18088,0.32115920739110315
24056,-0.16318318671243937
12794,0.20677198707554556
16495,0.17294750289194027
52036,-0.24851817868389592
93838,-0.3978770144963728
209558,0.3411125680380076
13072,0.4492958960875688
14773,-0.12844842385109345
27225,-0.14032289245427343
73296,-0.38149115138006096
227154,0.2324271929995838
50877,-0.3311907199118558
223691,-0.13250978749922915
19208,0.5653569342112874
330836,-0.37669499451684363
16997,0.2516448839579146
216565,0.3570474634144123
381107,0.535342425102745
67026,-0.2634563078756704
11989,0.43442877250857936
66595,-0.35058366731859447
219228,0.6126860417575681
170790,-0.36181980534807456
74008,0.2789461280017722
216238,-0.436672945322659
74437,0.44320707993765085
59290,0.23901815382731417
211652,0.2828700277209055
68147,-0.18520897781148982
71766,-0.13266377246410954
13839,0.22647406017569338
240590,-0.45178296642161
71862,-0.23774141067225774
73569,0.5595490337018534
12590,0.40977556573334706
434197,-0.16073686410063104
208158,0.15334419177402836
227059,-0.3919493910459053
71164,0.3807757558800744
268980,0.28778896100249085
545085,0.42842214441857784
21417,-0.35212617064082696
30050,0.3042950282789887
11532,0.33957241890596546
18223,0.5275381299109005
14453,-0.3714372860069206
78390,0.4242494386439386
75612,-0.161040931910847
78767,0.40050852323573904
93840,-0.3598456119066151
12313,-0.1687522415256062
65107,-0.1398104756897105
16499,0.3889403766742934
66514,0.4710662665451344
59026,-0.16608406899760908
13013,0.36846334358749244
16475,0.35693785989694815
239985,0.17712667115179492
233276,0.40473903422985913
14343,0.40549269097622265
12966,0.4509496005122129
327655,-0.33062594164167347
269695,-0.3775552124628767
21937,-0.15767773906735094
215456,-0.5966792728388572
18647,-0.33164048962683257
74340,-0.15656163294003278
231214,-0.4334098041083143
257633,-0.1891509449181834
624224,0.8723296855961147
68833,-0.2476607209149133
233335,0.26357805564703884
626359,0.2788554839112152
231382,0.4097049812608895
19220,-0.4207089454856372
109889,0.34056651798125426
54152,-0.16671247514750664
70361,-0.1763420620022833
12611,-0.1969981487543988
69878,-0.13905411385488264
11761,0.38196190360535187
16449,0.3755432849940399
70082,-0.3704610789130216
70008,0.4653935966212144
110082,0.40703631519995254
70556,-0.34932089623642604
17095,-0.12638306795699705
13821,-0.5303580214519812
22269,0.38088821698325326
11304,0.48806092594828066
76407,0.16192732092256357
22018,0.4565964877228601
17833,-0.4295635915403837
258608,0.3133602545601013
11981,0.2924951661000943
79221,-0.33926253286298014
408198,0.4153379242545485
214301,0.4372011483891174
15373,0.39597359498341866
52348,0.23517625621089344
12482,-0.17637215594625566
242691,-0.2355671656085896
12483,0.14741872579180004
71988,0.3651136725909705
56742,0.3949671606033558
22253,0.3687363170632594
448850,-0.30871681806083995
338346,0.5141522309876105
69195,0.36892805477398216
26889,0.21486363440994793
15213,0.41283723245357784
22412,-0.3741601394347418
70571,-0.5002236290897826
319478,0.46589998218622153
11658,-0.18951535878282577
66365,-0.28815395333355553
50786,0.41827205104261456
75477,0.4683536677547564
11548,-0.29581615588402066
14731,0.31820657485067194
66218,-0.10198247257792126
71601,0.22263544278515024
18986,-0.1822333645725127
16772,0.338143505858036
50934,0.18879711732396132
382089,0.31441075576420197
11796,0.13388259899857857
21677,-0.42716613059719855
78933,0.399107996473413
54635,0.4319600732592015
12873,0.34105861109802316
546336,0.3256866521628696
216766,0.11091104612269831
11750,-0.11865431510553748
235631,-0.35273150257593144
104015,-0.14465056231362539
12608,-0.22528611878320604
19215,0.20100864068955104
241769,-0.3809022912013358
17909,0.3128060374378183
16693,0.3327737771087276
94044,-0.19413500020109353
12581,-0.16311501745110668
14060,0.18416004509546635
18187,-0.20180803801114244
80517,-0.10259427961753698
14067,0.1855286266366747
626834,0.32679267991660943
67772,0.1765998197116172
408190,-0.32539417623801903
72477,-0.4117687589697727
68545,-0.338377040995109
229699,0.5253229089600806
258039,0.498915671627433
224613,-0.31939220243192334
216516,0.34196350775706996
258292,0.4234230909774972
12048,0.16998876286223563
240518,0.28829965653703127
232441,-0.29723718261799936
229665,0.27021312524919683
278795,-0.3504548887214889
241770,0.5774311026463046
93686,0.5587691869033842
15161,0.18936184721350102
17122,-0.150937065692208
207352,0.160547073215489
12287,0.48476647932545713
21766,-0.10971822536758324
72843,-0.4019880877178448
20605,0.3653299254140956
12828,0.4110082672592923
230868,0.535443226615905
192166,-0.2936638932262454
18127,-0.22905954818929697
381113,0.3295725351778902
23984,0.4166680511956984
27027,-0.14461771913133958
19227,0.4203720624480338
140723,0.4057011988511334
67733,-0.19527536892856467
11876,0.3846349771872162
225898,0.12996416676252665
230597,-0.4440271299678793
231834,-0.1629000065913626
271844,0.3979298298831875
16979,0.4413174180103048
66343,-0.16528704131179062
208076,-0.3346668180124004
66847,-0.13017732430196638
330355,-0.29497002370680914
78004,-0.41745066749325455
208366,-0.3408383683871419
114570,-0.4166889165148877
66394,-0.14099574281384086
17829,-0.34941272021051173
211006,-0.39528055760119596
258381,0.3922623066659412
18386,0.3274847153002045
18554,-0.1527226967691364
268591,0.4427951913249517
677296,0.40233692047580316
243634,0.6076262445537424
211945,0.5630900614683116
258601,0.44523665157097847
94184,0.2056362254721611
67702,0.16443565382185987
67980,-0.16082059544170857
21990,0.09852299285168797
71375,0.09852299285168797
14912,0.4667804131084501
74764,0.10251395901643257
545136,0.5004350220859148
320495,0.15152114994254262
75540,-0.36678044376931673
242523,0.357807265196878
333433,-0.3782544782965198
72431,-0.34680012576941577
18628,0.4254176757288306
258793,-0.35337018543262566
97287,-0.1409217528120177
240168,-0.15431632310835752
30955,-0.46328314282927074
216080,0.47420140253276877
11839,0.33608517633764023
239017,0.44523343542737326
73360,-0.5187869218499803
52898,-0.10654895008211973
52696,-0.12390016804785908
11423,0.4006182909034459
69726,-0.3192326299698456
214580,-0.15513285249857134
234258,-0.6209624992292779
383435,0.3739758946629088
18341,0.3812834579464126
192212,0.4603184493728456
108101,-0.15180553114580597
232879,0.20293185889565635
338355,0.13415018327305894
71966,0.12219213522149808
76246,0.3868094847446688
20464,0.3608837625535002
12162,-0.34897140227466306
546519,0.4580192916516608
29859,0.4104902429012469
16196,0.3674373906146844
77038,-0.12862030271026903
19727,0.1918953150664482
66615,0.23887396202412248
77827,0.567490215724213
12155,0.4651961210383231
381359,-0.540590274279579
75705,0.12475049552452333
66894,-0.17636943278699135
18973,0.31067886117961496
67003,-0.08999388551458587
192196,-0.18835909210106117
381337,0.1528482039590484
229445,0.22752132188015572
50774,-0.420056742912994
229279,-0.13502554396871957
98828,0.13983012922509097
71275,-0.3423635502061293
77097,-0.2575707876550011
17687,-0.22030156187379024
76866,-0.41884909360664535
104859,0.261334404450845
12804,0.47130544293800014
12288,0.38215120883137077
433178,0.45652174851299865
13857,0.14114485660919662
55979,0.1282704042767957
20512,0.5401441997302951
233876,-0.252239601346254
329977,-0.44004269486517744
73158,-0.14431267331499242
622473,0.2831040060463095
69543,0.37537248404581103
214575,0.5005267348179765
239337,-0.5180305191260426
668158,-0.39836229327103023
434756,0.38710185103761097
236539,0.17816367999047777
108989,-0.18864055402077096
15433,0.46094278757501383
241794,-0.5308341551222466
75753,0.2664982233227562
94230,-0.23021618416528344
100504446,0.41478066845330996
380669,0.3999779607534153
83558,0.36692563754357366
381668,-0.14625036695349536
23829,0.43469564131679084
114141,0.3329943325505589
382066,-0.30605348731635207
100043254,0.3680799533893935
68479,-0.14006291938595083
54720,0.1809899343011807
20193,0.19247532727363215
67154,0.12286985580692189
12308,-0.3032665888753261
20322,0.15543404416767004
110094,-0.17011183949854747
215632,-0.18203128278509517
107734,0.09895100797793077
22416,0.3062959766603912
12991,0.40459759370230364
11435,0.5009990205755015
118446,0.33474121999728945
20319,0.3945063316947923
257985,-0.39097882221296487
544749,-0.39097882221296487
57385,0.395683512087424
24010,-0.2055071211514381
545156,-0.1486711238650944
108682,-0.30633683605088846
170745,-0.5167437673817341
59005,0.1394158004776802
13717,-0.3420586823358427
66272,-0.1483682659917136
56087,0.4212789921038098
16924,0.6566858675635094
19063,-0.2559473694050336
22225,0.14996401489292488
14836,0.4059624484322151
30954,-0.17704023713158357
26357,-0.1881318734512103
258618,0.570699124474773
234371,-0.13264126407218413
74175,0.49145635759379047
73710,-0.14072896628970533
13607,-0.43155475845740554
18741,0.34766472227033374
231464,-0.19321567876405332
77582,0.12644513776309196
319953,-0.182619349967573
230972,-0.5389081179987922
14172,-0.37830436336684325
230657,0.36578347495975905
72685,0.49461142041487927
68279,-0.19121691382059502
108652,-0.1179297841702791
231821,-0.10927076472712294
240442,0.37064938182131346
68628,-0.3277096201185081
105722,0.2608252423524764
258334,-0.41501149476049193
241989,0.24943296541747095
108069,0.3044133154851072
243537,-0.2630389443283123
231630,-0.3661525264317227
329260,-0.44169416234649717
272411,0.37520428155342156
75512,0.3400395299728327
11883,-0.16883604845542344
20619,0.2227631573127109
19383,0.2175871685209021
11468,-0.37831721691321896
69860,-0.08800589277872461
19165,0.11875990896624167
18700,0.17338414598512575
17190,-0.10310073010906073
231798,-0.13136067944055618
77057,0.4025596134122882
72946,-0.13587452193601202
71544,-0.49901078717375347
238161,0.37792720636554655
22780,-0.3484530960533663
239393,-0.3150553872973392
73122,0.41152550477352
384061,0.40846271021265146
268510,0.23645481255939593
22715,0.15040175813674672
244198,0.3725558366558568
14126,0.4916869914323265
19272,0.5366528228415905
68743,0.32805660442506746
15218,0.45236476336908193
56373,0.27470615219038663
209131,0.19007327907784077
368202,-0.286574488349455
22436,-0.3376236866541533
19290,0.21932842369719552
109168,0.20930402235823298
24115,-0.3237934863155525
231147,-0.2831547254926372
12818,0.45585664568132866
16773,-0.31890487366067966
13144,-0.2860216287457078
171388,0.47772175572137066
71405,0.3670242055933337
380683,-0.3234978970843003
329152,0.31170978914546676
72739,0.09270185565105393
170483,0.37027329875820136
14429,0.4856155558573554
14829,0.5168329778507461
192650,0.3402694985521326
109652,-0.42081863112951456
114255,-0.4094191107143548
101809,0.47377583632379716
59033,-0.36240729334704813
13078,0.36331591525700047
56546,-0.3574115351735907
319880,-0.23632091035548441
13177,0.121879290069149
80883,0.14505134137297926
23923,0.5038832843157737
209692,-0.44786220418404277
108937,0.16546364483489384
74405,0.30068315469077955
13641,0.24062041173031812
230737,-0.40258817697232496
118451,-0.34214662509422844
78581,-0.1633195653957662
21340,-0.2815797630679011
116837,0.45372054544615725
231932,-0.13430110994639932
76799,0.10098422636806426
27409,0.4285187304325788
63828,0.36466042662479126
497071,-0.45710432373535337
14566,-0.30896530205918094
75470,0.2803005614291485
70767,-0.1679589395154899
259041,0.25778325259483914
258572,0.37977153940236263
67264,-0.10942794088566643
211798,0.36149497423816923
545893,-0.34698158526263745
192198,-0.29408483949257036
74246,0.16415348625214676
11830,0.4064594328725937
50776,-0.14346271584380865
75608,0.2796514779263326
58887,-0.2843578564705176
225362,0.2306412985559705
75667,0.14025513652011457
18534,0.4111441868082535
260302,-0.17502935555278576
52633,-0.16397908209436984
26456,-0.48457806453113106
26448,-0.3019955888618915
20681,0.34215086170320586
68082,0.2579368370999511
329064,0.3694066329191781
331004,-0.42050588515857346
224742,0.12554197701935266
207227,0.2640997905804383
628779,0.4057151742046643
258067,0.4902894150172621
242384,0.3276331678909541
321003,-0.3331354306745773
11783,-0.5231527771183773
94223,-0.3167032589659611
223332,0.37738454518973086
17859,-0.38594539061601685
19250,0.3353990748452169
59043,-0.4229491763027582
100042314,-0.1974564965507275
333424,0.4002197050744716
69137,-0.35090316271661237
235472,0.17335829092674793
243274,-0.34123752564851495
226419,0.36724612961882297
72634,0.46523662690479783
16136,-0.49831340691915527
17069,-0.16977272324082548
232875,-0.34288873055275193
12549,-0.31232606431676135
68588,0.3673405574099484
67655,-0.18144741146029553
75695,0.33497837607950576
67006,-0.16685266385730912
19679,0.18097711687430085
104069,0.35222565686648544
239408,-0.2702827816298159
50913,0.4699884164523276
22678,0.386791180096397
27371,-0.19378829421499333
20186,0.31940449443104857
208715,-0.12068822130944845
74087,0.381053084633872
106512,-0.11348146570999873
71738,-0.39654342068043125
57784,-0.12815090463843148
60363,0.352429633419427
109904,-0.2969934803603076
319622,0.21708455101526525
74253,-0.28447540075098043
212514,-0.14035888064896618
71453,0.3747781808162989
28146,-0.10240999964025654
78052,0.3930655295410346
243846,0.2099902813203105
98970,0.4667928814935629
18188,0.19074887568714338
50702,-0.34349797358459
67470,0.3351471015857572
22065,0.3791073516524457
11637,-0.13068524769175482
67305,0.28655398037808855
58916,0.503021909369259
353326,0.3349523924887916
68267,-0.24998241014196942
381741,0.4263639592231332
74030,0.3928872543615185
408057,0.3928872543615185
224907,-0.1579422316200212
192200,0.4076704949431553
268807,0.32550832677065955
208439,0.2815831246922267
11426,-0.14996719767899336
245474,0.20214424371399797
80884,-0.11063461699872512
56503,-0.1811021543092064
19387,0.13602888636443744
230959,-0.35183273775639634
67993,0.31419276862206624
17257,-0.17981586316207476
207212,-0.36283911746070485
30937,-0.13333815415940986
27392,0.36765188624565326
272382,-0.2149382595654039
68192,0.1417066402961007
171286,-0.38098641180161064
209361,-0.18841594053169786
27055,-0.4958830748869776
66314,0.1081953380348395
12393,0.4256033887416679
52685,-0.20388028521136548
16363,-0.12183980584337384
18415,-0.15547219353132036
20273,0.22120603418345475
319520,0.38762684495617084
75425,-0.17376790260558472
104418,-0.1167215239493693
21952,-0.3021029749060169
107373,-0.12499977493570036
18768,0.15289684536824844
56412,-0.09892981243132049
381677,-0.3682543993917129
69076,-0.1243367295057567
385354,0.4343518133323325
17904,-0.33963605870214497
216459,-0.33963605870214497
12286,0.28895679876882774
15431,0.5234770891564846
75772,-0.39993535875297415
664799,0.32659743148476394
244585,-0.34295462535338483
22409,-0.30141972026321096
70481,-0.3500005833663744
20465,0.3034614650501024
13063,-0.12183281845737604
51897,-0.11198799320933617
70788,-0.5257325063126812
545276,0.49278466769313534
227606,-0.26261914879566683
67747,0.39197749929219317
211936,-0.39771359124852346
622117,-0.35730347363593307
64602,0.36396499786209446
73284,0.32847905286413415
170952,-0.37012076180193176
14560,0.2948252190163285
68092,-0.27639195233868197
20617,-0.14351020770732603
286940,-0.26805540635441627
18141,0.10252930061327348
217127,-0.18318801580614696
211556,-0.3703596838922265
225896,-0.11164012824896652
13929,0.13070041830455992
16433,0.4168391648075671
54484,0.1292226977630051
210808,-0.3743362829976804
22775,-0.3492682228185968
67333,-0.30779025538300075
68680,-0.3576084394175618
30057,0.14421013718302156
74277,0.17381278052343063
14371,-0.36809845497400406
16453,-0.23600123816484952
80285,-0.12782133495759318
20392,-0.2872802087584798
268534,0.3623913178434992
19766,-0.18721322199833956
320974,0.41767487953026095
15221,0.41729633110872255
16648,-0.1445407114859103
192156,-0.2509291857926872
237310,-0.4376340698270704
66175,-0.23760628593417898
11863,0.12045297999076787
317653,-0.345194358468246
217316,-0.22345503736206318
230857,0.3038112789384897
72103,0.19790353538284133
243270,-0.32170522890107467
320452,-0.2760641895449094
22324,-0.13997871497277004
72607,-0.4313293431348977
66597,0.3448208067124021
212127,0.3081119035458011
54215,0.42850666248702574
231605,0.38591098716413175
52020,-0.4247997142705655
13492,0.2869128972116748
12556,0.34109073273609614
71145,-0.3105243140759484
216198,0.32182923018644516
233802,-0.12691130016125918
16874,0.22653808105939177
72023,-0.13550515401600371
74337,0.28853572243551007
72535,-0.24253641754864574
227632,0.3935579238562372
320981,0.4360854311338125
66816,0.4217265582439884
76594,0.3698988366303846
70790,0.09861541873606328
16006,0.26128950395593886
72565,0.7464332795619155
100503185,-0.35980727363926146
20874,-0.38846349272708824
26405,0.3326140611070345
12291,0.3886205508891516
246316,0.39150736154597476
170738,0.37163135457867735
11421,0.24788467387616908
74156,-0.4358559758326246
27993,-0.11353071704944995
109222,0.4865212618553256
64817,-0.25292886279637816
19699,0.2692735077725348
620235,0.4021107768895167
57746,0.32275757808309
223828,0.15952311068911662
21881,-0.07663076228977772
18766,0.39672333058201126
18816,-0.3722294915389841
30945,-0.10907823825662177
100038347,-0.20021192256510023
381338,-0.46416956185011493
244058,-0.2191058245906108
216742,-0.14890843705081558
634882,0.45630793909942113
16411,-0.19445349177311755
378937,-0.2897536478580598
214922,0.3801249108094158
75580,-0.10606642003590672
21987,0.29474634096333574
53761,-0.20031908973537238
11698,-0.32320263757806744
240087,0.1070048361230036
270086,-0.18507538441111748
20612,0.20921596174608492
67717,0.34606610962705897
54120,-0.2647610997640051
18772,-0.5127816191799184
64707,-0.20188411233241688
51813,-0.19347365071834233
11490,-0.12106712839528022
18830,0.14964500519055157
79362,-0.37763747145993865
67269,0.2788285481453263
319469,0.2788285481453263
210376,-0.24417185899700744
68196,-0.10398237677127042
12797,-0.45480364108647287
269252,-0.3937421602386024
17695,0.34081816419822797
104382,0.36619280809769794
258544,0.3579254870485853
271005,0.4717067779162756
56492,-0.40388383309419806
18711,-0.2572028127699424
22693,-0.3122764495794348
68310,-0.1465900502018309
66667,0.3985323562991807
77522,-0.2857966973978727
16524,-0.2931687714516169
208898,0.38467253021240255
216166,-0.41211679000020984
338352,0.38902019076650074
26417,-0.11876931983561967
228796,-0.24025599359613192
70881,0.4094950263874777
78748,0.33345996616609286
73095,-0.23815138526808255
387285,0.38484547673734326
12012,0.35756926477788786
22186,-0.09359960455437388
243906,-0.2947839845465561
19719,-0.11052914763769017
18023,-0.33840079288922453
76808,0.4420774452474636
13172,0.33120381329633686
226519,-0.2525560327650016
52551,-0.12081791358031779
239789,0.3126095610786277
225579,-0.3512644052910363
74025,0.39916302168630136
109658,0.14113510438846788
13139,-0.1947807312210692
72137,-0.36877867598285796
66489,-0.07653614566676836
70356,-0.10144519122357565
67216,-0.29411128866503855
226243,0.22646705401961853
66898,0.37788426656691687
67866,0.3425332018501397
12154,0.4682191785194334
17999,-0.17488152550437164
244349,0.11971601764092199
108030,-0.3480442581292231
94186,-0.21825611009277246
12386,0.342156617657702
230796,-0.2778637434049056
258486,0.41527272481570154
15551,0.35507571214800615
76654,0.3394735718451054
66454,0.21434014699937887
239839,0.33576547449672933
67042,0.11016185922027866
103537,-0.1711978656271036
19152,0.36524961541813283
69922,0.17851265989856913
210582,-0.25828924748556936
19218,-0.3204871081588836
233424,0.32783714638595374
14858,0.18914117859706892
227327,0.32600490397656934
446101,0.3369018950956906
73847,-0.20009371583297764
232237,0.3971091757786942
17969,0.11256740267485377
30946,0.2764825132304951
74490,0.37080988651458124
15288,0.3150019653308771
104099,0.3244284663587411
21357,-0.09086911712235946
74201,0.25016433195921994
330401,-0.2753447025963327
103889,0.3126367085166377
14782,0.1310101945435882
234329,0.33791122858362455
320679,0.3884757071479612
239857,0.4177102201923688
17761,0.3805091056036636
98488,-0.38131979267407967
320718,-0.29953434972396487
192775,-0.27110656329853633
11534,0.19417927674318491
21425,-0.13479726432862726
231044,-0.2735393205687946
22778,-0.23745521245493606
13637,0.3560410522268249
73293,-0.2853131749448181
66442,-0.15220403068205712
380701,0.2593537275436044
74413,0.42422154112526034
433904,-0.33078648204773575
382137,0.19678879430987628
270058,0.15084297716154538
58991,-0.2304067759746724
64659,-0.11169948146043573
108735,-0.11626023058326673
20257,-0.3910155585020192
69168,-0.27086725872434325
320438,0.24130166545804155
56218,-0.30734723046882007
23948,-0.2526275748092246
11429,0.10533840461541466
20104,0.10856526660947274
78038,-0.3518856020827812
108672,0.37234600687991115
15118,0.30667312166952154
12020,0.3833609467875956
11552,0.3327664350855395
76303,-0.31982385111060996
232288,0.3268566941102309
66352,-0.24857041575131333
66705,0.20403961120651548
338359,-0.2968738976003724
17179,-0.1003943661512885
28199,-0.09847744019060833
56727,0.2980078197293805
19015,-0.19310288714239832
69050,-0.19310288714239832
71752,0.16540934700836196
269053,0.27114349376184865
270120,0.6651077803041785
93834,0.11379903908913214
624367,0.11379903908913214
56489,-0.12310152505432193
271305,0.4456017700814048
68527,-0.4168712117270794
105352,-0.2735300026273588
17207,0.15844759575822387
102414,-0.129066656832034
21957,-0.27712233024405286
17220,-0.10331675343695856
27029,-0.16042356211551123
69632,0.2115498004918681
65079,0.26854865312337184
110350,-0.3556582117095042
54132,-0.12508083451972674
93897,-0.38545212166492115
71878,0.5359667755559929
58227,-0.3383529904270661
22359,-0.2782387463494169
53378,0.14918320610092373
171211,-0.35461098182770723
94315,0.1650261811665681
12304,-0.20135509441569877
330122,0.27641464452174036
30933,0.17808565112514696
12583,-0.34705823776134626
19212,-0.2314895237295902
94215,-0.28979228998318884
552899,-0.28979228998318884
234788,0.3434758842861436
68223,0.3749746596264707
73873,-0.3033243592878554
16169,0.1898014070609868
12049,0.3888354556070577
19363,0.31833182257035286
11767,-0.14143920510718822
207165,-0.1437780815076195
240614,0.42880437422294104
12738,0.2711596819575055
20637,0.09288447529424992
72088,0.33642175340500025
74145,-0.1201502441361626
244484,0.29538267797670725
110816,0.10433066109640521
263803,0.40938594118966876
16782,0.2775254081546592
68668,0.38459911642755795
320011,-0.122761287272386
107586,-0.13418863615893173
16519,-0.43162711091376016
76263,0.12401972138410411
13132,0.35104254081430586
238021,0.37572960970438185
211482,0.4839580673660615
17970,-0.2621884177121938
258016,-0.3711689331982502
67888,0.49905109965528416
320027,-0.39592221863308774
270906,0.3991995817528724
192199,-0.42592926211008475
22035,-0.199883358773854
108653,0.3927181995153397
71602,-0.26583693879903336
66092,0.11718375177007623
214572,-0.10113073444448872
56858,0.4054167894458791
239405,0.3541932116143971
226251,-0.159788468152124
97440,-0.2996111223448743
14171,0.2573304018587321
84004,-0.19755453957955282
20300,0.15019057996969742
74142,-0.1274800113135406
76582,-0.11305351049137613
68236,0.3732558800760821
68519,-0.3624340382687121
24058,0.12136098233782988
98432,-0.32483873918830586
17864,0.3409251967342337
15483,-0.0969645676795885
381350,-0.2975065357167095
75863,-0.29973564664188856
68396,0.2038241776694827
230579,0.30091255267046213
73340,-0.29359118363806136
19733,-0.2752792072227681
258439,0.3854526238707847
15369,-0.103747191921709
17147,0.2664446053026537
20534,0.09938761890775716
18159,-0.34454302007810345
353190,-0.3147541058386327
67187,-0.26845366919400515
30952,0.3978567285651682
20678,0.39890323091285307
75627,-0.3099522268436594
329972,0.33015828536553293
81601,-0.08644709386020999
18504,0.31375783772192456
20028,0.3819904340098721
218341,0.3446297807992069
93761,0.27069699100723854
54160,0.14358601937309245
66930,-0.3050067619428005
240057,0.3153442318797186
68857,0.2824714232631478
21386,0.38683595793718517
57748,-0.2557054162649255
100216474,0.31063119803291794
14012,0.38752726088707545
74270,-0.09287516738026547
19134,-0.31351540220353336
22201,0.13882900355417682
59047,0.11514477955305225
622665,0.2564381370006119
74694,-0.36573718253622367
103172,-0.09257815904770439
81003,0.4423702962208891
18569,0.15741741660364994
233532,-0.3078623276084027
234796,-0.24661527689712948
14897,-0.2502217249817047
170828,0.3671564956773592
12960,0.32435984272606255
93671,0.42956771923034687
18412,0.2053909322863685
67874,0.30618548841582216
239273,-0.25835615166101533
211007,-0.11350256628814748
18481,-0.607724517077449
332934,-0.35465268908817027
13610,-0.2675456903980802
218630,0.4216143695191237
17112,-0.26046860792927884
64176,0.25541827162021846
67921,0.24118813983735166
14469,0.17099947200730448
12544,0.29557587487659465
20297,-0.24814169700623978
18782,-0.21781500063445236
319991,0.41123992647936447
23958,0.2720431982744129
258677,-0.3062996373378688
70974,0.11847941312689514
213582,0.17573384865468178
67678,-0.12538107678815003
224796,-0.3272020132460556
209584,0.3963134499514087
14582,-0.12030151487894969
11444,-0.31405782379110736
94216,0.2793683680579564
269582,-0.3144311150313399
70021,-0.31995204204110994
239759,-0.12109033005326886
67871,-0.21134946667801735
76795,-0.10842629297167328
20276,-0.22130303090690528
67459,-0.3457155088942745
50764,0.29497865060198025
50770,0.1824213321794037
278097,0.13582176516831446
66916,-0.10182249933661502
110651,0.14262795618878155
13518,-0.321175046806331
73674,-0.16991076859453358
18129,-0.1322336333884646
66284,0.13760529865013238
67727,0.16269753393148445
21336,-0.3181583646452619
268379,0.32150212301920256
227620,-0.13900262941631247
64435,-0.2669876595795051
13542,-0.1351240686580084
268932,0.3375322189471732
258763,0.2673141677760462
230861,0.15133007017056954
104776,-0.20740706012545918
72313,-0.17130917310048766
216274,0.2895020873973966
110058,0.5280611527355203
16532,0.2853331407833153
14426,-0.3547873024497994
66084,-0.09918579260836502
12477,-0.31478382213094047
56431,-0.1619891217139413
71713,-0.23850962219674
20568,0.16292623204330248
320311,0.4006569916952132
244958,-0.24289407242215155
269529,0.2408929035618792
67605,-0.31723664387687656
269254,-0.16163408556517744
243328,0.20672993420352714
226982,0.3151184094655446
11676,-0.13265576840839977
72309,0.09945178842306923
235406,0.17396496431712816
105887,-0.44258019132670245
244954,0.3535966249759679
12789,0.2430176983778498
19279,0.37085000514621935
665119,-0.34281320548337124
67841,-0.14513304507966218
74143,-0.14236957935641037
75456,0.440772609394239
11781,-0.3231253692168705
18508,0.38898032460662124
74716,0.295199210268116
23908,-0.300470159824056
21928,-0.1705061676069981
242608,0.3964901979120081
210297,0.40108390866433874
14378,0.3389916435718545
11550,0.342821501310997
65254,0.19522123648941836
259092,0.2864144923746914
16518,-0.30478185655309353
14262,0.352548904980706
71801,-0.14288335674217123
19378,0.2890290568523479
17245,-0.30653187844026863
68094,0.3057952093199958
243653,0.2699431549117115
54391,0.18532539464950837
21923,0.40293552853160675
550619,-0.32734900486837937
22276,0.1356832593012438
246048,0.32277579012219526
328370,-0.19983744491728483
80281,0.28865052585510753
19263,-0.30451788846521843
78887,-0.26483884292097226
330010,-0.31076592444294526
17235,0.39944927518380435
67808,-0.0684137613663065
12683,-0.395396072885581
64383,-0.08608005189124057
16763,0.23742928100255334
72002,-0.1142528621754515
83674,0.3537384179565186
14366,-0.43400033239719615
13706,0.28582874434485284
69288,-0.2258809530601864
76568,-0.09992418241873402
11496,-0.23331620465186997
16508,-0.3464286142532158
13865,-0.3474054628187355
242316,0.30968769995359047
67630,-0.30431100780241316
23989,-0.17122083652141384
19124,-0.2596503781176618
16554,0.3006561757359445
68198,-0.13179870870236066
270627,0.14819259799592555
58909,0.254833065731519
12452,-0.227837206550066
23970,0.10949414269568258
246104,-0.3232826739873147
69519,-0.25854293156986063
75677,0.4289046865949988
50787,-0.3771129495611252
329941,0.4106319404105281
332359,0.28697903954301207
14866,0.22255479135697875
227292,0.08015589539169987
93886,0.3923285351312886
66790,0.14881472842504273
52626,-0.10513874706309068
17974,-0.1162096359530036
13448,-0.1222928113111088
66154,0.09984540606088466
12862,-0.15994712668216238
19935,-0.10689574965469717
108043,-0.2724637411120412
68066,0.12453637877088397
19243,-0.11128196480086494
217682,0.2891149310995962
60365,0.143124521677791
56321,0.10380200243092208
18211,-0.3807960499177425
216441,0.34643432811357355
18602,0.23057919112565628
231162,-0.4197479221335696
76813,-0.17731515119494023
16842,-0.1270800907304448
72112,0.35409157159724236
18096,-0.2880107864610766
433323,-0.3775997441652601
68566,0.18838753839080447
16590,0.2760574671694185
56691,-0.3277356602849659
19711,-0.2870812022186078
66795,-0.3013699919003079
269610,0.3020277902689692
14620,0.39393022218767015
12891,0.3337954217054264
245424,-0.29011240873913957
103406,-0.43091639188734465
620709,0.226489061834247
67667,0.1601453680925191
66592,0.10344154858237253
101202,-0.25329689840024194
237868,0.34722672828514156
76478,-0.08477217552714222
68810,-0.35225305508753735
78070,0.2748672458618344
226123,0.35634330428887395
79263,-0.15709219977216993
229543,-0.15898087705800812
210573,0.22917525567244823
226654,-0.20831866766942486
240131,0.5531320428315087
16644,0.344700968662476
19085,-0.23933098133050112
269788,-0.07767760424161807
72144,-0.14322387075627585
17480,-0.3087169733323787
434437,0.4554748719574251
66047,-0.11498681598686566
13171,0.3159257843743948
12539,-0.09739885409631732
18119,0.23866122731648254
105559,0.11281365553395517
214459,0.3389422265615165
54634,0.34486087021723977
57376,-0.09108938141427458
258673,0.31370872771749525
20778,-0.16436387246090245
12841,0.30172123887309876
66152,0.0979376031319017
19695,0.318427629642013
67210,0.11326743159028396
353155,-0.3008976427349581
18221,0.09905646927673395
216134,-0.12053722717124593
70207,-0.3363263092798148
71834,-0.1022080803092491
223513,0.3477037630126998
78250,0.3597256204149435
15400,-0.28703859560398204
93881,-0.30531837921029004
19716,0.3713408154722586
17137,0.3634306809461427
54006,-0.11242791330680468
258990,0.3014749654283526
70894,-0.3869541599836621
68338,-0.24509196813598866
76376,-0.2975144602361053
19339,-0.13724728678363451
84112,0.4752134447535723
66830,0.1436737304197777
67241,0.09830617709879874
18143,0.31235134820710186
99003,0.26694100700316437
78912,-0.16686389266274126
76561,-0.3114988650020294
73225,0.15522469963249463
73942,0.362358540339045
237711,0.3051235431200823
83984,-0.3411717802226084
100040972,-0.2839545310924043
380993,0.23482160569781385
66237,-0.24928700653395364
259000,0.4092085664607299
56315,0.2999962359820909
50798,-0.10327420543918464
54525,-0.33507564020608793
226169,0.23657357605715834
30840,0.18306517714207882
70918,0.3617319389606397
71914,0.1290808077359351
232023,0.15605852154909883
16531,-0.2633149387710807
215728,-0.2743229591671277
16522,0.23302893920578693
14013,0.38148382926407276
69692,-0.09547007545731567
72155,0.344048553374916
69574,0.4294120937190433
83925,-0.17584436612748622
14360,0.11764660068441035
71997,-0.11283467985651896
219094,-0.2342579916980272
71729,0.1977990201216313
16371,0.2606980757940347
73748,-0.2988444423599317
77630,0.36837385586403615
232430,0.09986009697477272
70240,0.15566394702615138
71619,0.37342860217600826
17096,0.1051054005566261
74154,-0.3476962518190554
69863,-0.31524160264142154
14626,0.3255743171430119
12425,0.31822374804824793
320355,0.35097530014333156
83434,-0.3277126138295774
435653,-0.2661539021193633
208869,-0.11035803126915056
239217,-0.1310336120115565
83453,-0.30874346721989987
30927,-0.30314992651444683
380694,-0.2848091606258407
15444,0.18586159024579985
243499,0.29740600643754345
68729,0.2555248694352983
13589,-0.08161282531672143
210529,0.37416915666970674
93888,0.38008868827451403
57434,-0.37634099884992533
73106,-0.30034230618019553
73835,0.27527123374719764
320558,-0.3007885720669945
71412,-0.40866626408124107
83762,0.11385224059190868
15375,0.33898971723101434
320007,0.13679059806583282
71233,-0.33294598035626644
353344,-0.36530776209867044
28019,-0.07778170712838595
67103,0.33614484915846443
69297,0.3195245061538472
16703,0.25795523577787716
56523,-0.21546464957600797
12803,-0.16615416275806805
74015,-0.11963754705080731
98386,-0.10945197275972696
77832,-0.2018695199278877
12296,0.3043176678929198
19725,0.31460396990525474
18131,0.3468545903764224
74105,0.10909254134009494
64075,-0.5381273715630055
71888,0.3604574322861782
100017,-0.08655590894250231
18992,0.2712162663097035
20586,-0.15088556966886735
230661,-0.18444073324419463
233040,-0.2071676502854256
381058,0.31998209576253345
19258,-0.2648033529006417
70727,-0.27754385799117376
68875,0.275678890453559
20538,-0.39360630448096856
382038,0.18161618534771318
217217,-0.2622242227486993
21858,-0.13981915430504444
12562,-0.29911361388799707
22340,-0.2542750066486237
75586,0.34312949396402903
18670,0.17359322484131923
12265,0.30531982247046496
17263,0.30763139254365157
69635,0.14683678699949088
50701,-0.13445339488444752
17079,-0.28157961494309625
225363,-0.19125569216938754
50933,-0.333537628320264
23972,0.2015130472981541
107368,-0.30828817598679414
54486,0.46374415207928266
75964,-0.3011710739995852
218194,0.3349382156052987
258575,0.41295904890040314
240888,0.25662994377038917
14651,-0.35664487110126375
14685,-0.39643779386460665
68352,0.29682116973096395
11807,0.13718936392880998
77037,0.3240131337329215
56744,-0.08622185438217222
71683,-0.09537688567180069
100503572,-0.2148771495377071
434130,-0.3825425535481437
20500,-0.24830819313174946
17386,0.3239811990172803
12565,0.2897198726990293
107746,-0.11553997194196342
29870,0.3037827310773942
26409,-0.07309421002032757
330921,0.4323330879827645
13822,0.24745517650141302
20505,0.4236447534382597
14679,-0.08148184198355324
230971,0.24458421377900796
56458,-0.16442586419958438
338369,-0.2911215458013299
319263,0.137689466158041
207495,0.1330881686448926
74354,-0.26075435494451593
320951,-0.08330394937002694
66373,0.1321963942860016
69642,-0.30920517621148624
27222,0.3835256525646664
13175,0.2824398739275926
218877,0.2429407207930807
54650,-0.20044590912526328
22034,-0.24557572346392043
20389,-0.2721051198458455
70536,-0.27445875125191677
59083,0.31420718729901687
98053,0.1082487598091948
18163,-0.3213699972658137
105000,-0.26686023616260535
225929,-0.17752295829766762
13142,0.3754161021783604
21429,-0.1337119992040261
98741,0.4231623369158779
12952,0.2781204031646167
674895,0.3373394158414782
78785,-0.3214339183067345
14545,0.39209201657518644
231002,-0.12629136997598422
231003,-0.12629136997598422
64930,-0.1522876710621457
67199,0.15817104187851516
69339,0.2946010571488724
77042,0.3727606284147815
74376,0.12925280304597564
18950,-0.1316620438519589
14427,-0.4617923858827879
235312,-0.24331218113853126
17180,0.3054102333604698
68666,0.2600598602833073
11789,0.16309310298888047
103213,-0.19070048337198742
233805,0.2790061467711631
71393,-0.3613596437933779
665270,-0.3239662063004243
380705,0.3293337466695858
17160,-0.22968491606134034
67790,0.3814342144005174
22635,-0.3032404204999839
22273,-0.08419632215629314
104111,0.3200331717428204
142980,0.29908212232191955
58864,0.25964481336540013
243548,0.41157438855768014
72640,0.29028591760783673
215351,-0.2910387350160155
259300,0.2212701343903376
17830,-0.23298771499404358
66245,-0.11238190645145707
67776,0.18217863258682065
99371,-0.3044249796198981
66387,0.1090777201047084
14457,0.24553565072768802
74107,0.23861213080708765
109077,-0.31225193537420193
68473,0.36135986129670616
83813,0.2535260129628343
209645,-0.20577967899293625
19325,-0.08095961069286162
68421,0.12055676995363296
11657,-0.283816934623208
193003,0.3925037667763629
215090,-0.29939260832936476
210198,-0.2630307397221081
18472,0.0766969220093987
213208,-0.2823572989236274
67387,0.18864570030985028
18591,0.14589937578228795
30044,-0.22506555594312694
78796,-0.2590042993641113
67378,-0.33552738176592367
16656,-0.38679816461337246
244431,0.27136153942794916
381546,0.2949656040865669
53418,0.2949656040865669
21339,-0.24806492708413597
70396,-0.07188669219309851
328035,-0.23069710787981368
67889,0.07904727336741857
14677,-0.38707473739289355
17306,-0.2406290049368267
81896,0.21892169327091793
22271,0.2188999123503761
215114,0.21587822168435622
114715,-0.2279178351087019
217265,0.29599021549841886
329910,-0.28417911093955084
68972,0.11775811436072026
212427,-0.25538245316632757
381280,-0.25538245316632757
194126,0.4049389776837864
12633,-0.10548750100670468
69363,-0.20973684869836084
22423,0.3542533832349224
16173,-0.2070415428085326
14918,-0.2635621461502158
71448,0.13802107366956662
15490,-0.2848016467381749
13138,-0.16120010046217725
68035,-0.12822870513328688
54003,0.256052301206823
74023,0.28575316342632284
27052,-0.25859408949637785
21426,-0.2595010616234825
78789,-0.3351039418413051
21877,-0.09931589869077406
107753,-0.3526138169753992
217946,-0.19807789970893364
12496,0.3674369486823954
11596,-0.23188124977668112
81702,-0.11476751291312848
327959,0.1601319755360482
269855,0.3497660179260631
233537,-0.3768825234480744
74256,-0.11016018005534534
16897,0.3325008709432651
84036,0.2885753670517355
214084,-0.179669048051327
26568,-0.23954942317085326
66949,-0.12904035561022908
59006,-0.23979504335340174
12062,0.27210054701566566
14584,0.33154934797160696
241073,0.2454228806073111
16533,0.32692521204404645
12861,-0.06778328010081047
329416,0.28156014181904254
213696,0.2720741950437633
404222,0.267243667791238
94346,-0.07944815296716179
19824,0.260009216947104
236900,-0.17999904899132435
75914,0.1522303517778303
233870,-0.09736186490568066
328110,-0.18607487024558989
68891,-0.38522929007679263
224661,-0.25037146961785783
12217,0.2990410559194183
330485,-0.2358931082100204
73032,-0.3537294365417747
258987,-0.28117617622264346
76920,-0.2865135267163508
11484,-0.4240580939179135
14309,0.33328439450307856
12478,-0.13572256546555828
18854,-0.14062786838909425
20515,-0.09947865600002004
13850,0.21206198870376625
270066,0.17645200834019725
50796,0.12898510493359794
99326,0.2969211533119829
15402,-0.17904010792594915
16814,0.23446864516693378
69908,0.25263876621076076
27984,-0.2321738186356992
223753,-0.08815528881160262
231769,0.19014639984925896
76858,0.3036313686789356
72039,0.20124282766949264
101320,0.28928270539238765
108903,-0.2719184762566993
12593,-0.22096428861874884
66269,0.4030727960930207
14063,-0.29189298540150954
70683,-0.22867882147540897
72351,0.10522596130716
13805,0.2226928528226635
16870,0.2069281467314994
100048644,-0.299380381372337
16509,-0.2865148709945107
71200,0.3233140091848732
241263,0.2648245656310202
258880,0.36150745539362106
21420,0.2583207744471996
18667,-0.30718021728816636
13494,0.12250477422702044
218793,-0.24556609731212653
338370,0.27673758941195725
19763,-0.258667347029248
70417,0.2994062640849209
116847,-0.23679869247607366
225518,0.2591473568382665
74111,0.1094340317594451
16576,-0.3190958481182631
320940,-0.1062493247863765
231151,-0.2862674142503776
258310,0.32706946081849164
20447,0.29016043533254443
66067,-0.22059260653790336
229534,-0.13125590225346428
211228,0.1377305380427849
208426,0.26603330199778075
228756,-0.24025334772926987
71281,-0.273000253334442
108723,0.14072184066389504
434865,0.28738707182904477
380959,-0.29579904432358894
245902,0.2953948579838386
223752,-0.08161235951970092
11642,0.3127034594950948
78317,0.10178468935824192
11852,0.2802590481344778
258935,0.28121325774462
245607,-0.3625478496606851
76763,-0.3654585749655288
330908,-0.25283113865033524
81018,-0.10432623535979779
104709,-0.0929170551831362
244141,0.1721941809764571
20429,0.36567949121024323
69876,0.10962059726159712
68048,-0.08446907329705589
269702,0.280339118444652
621628,-0.2855251775818455
73647,-0.25946542767340386
14191,0.16039128768814948
80885,0.18345368504776083
546144,0.2493903070332646
66244,-0.10427238549224249
26878,0.3144265165408786
54598,0.28763750055048565
67864,0.1741858408763708
19231,-0.10171549032233429
18506,-0.283598660331688
208043,0.1577049372854198
72614,-0.2936327582774414
75292,-0.10806388888282825
224022,-0.244151558820497
67501,0.14910265593611438
12836,0.2220360751720305
231086,0.08243662862776091
239667,-0.29764841252865804
209416,-0.10702298325847082
19042,0.10975216903123908
19204,-0.16196698307685864
71909,-0.10633352423409725
227693,-0.115242795828296
15366,0.14917201608757935
320799,-0.11841661591529018
104910,-0.21654675734799156
80385,0.12855726867723405
27494,-0.2688524967638708
71116,-0.08837513047755863
216749,0.21739115686345478
12468,0.11374086240555137
224912,0.21734775941455542
75965,-0.27419257831237864
20482,0.0828555463739491
15437,-0.2932973750279637
213234,0.25344353136306275
17153,0.25569685429536637
258869,-0.3943699056182539
69281,0.2881158867079199
14760,-0.13692075765760947
11666,-0.23600074676465876
14681,0.26245707346574587
208518,-0.2909119126119668
238505,0.12834329844661774
20744,-0.23899529456110447
22341,-0.35301980061116733
12585,0.1339336703224383
76025,-0.2770580582812716
56839,-0.29974018648274114
74091,0.2941332986941072
545798,-0.2826021340308156
100041194,-0.23261812530642523
76784,0.0758543244881622
227525,0.10653453437653759
11428,0.20464737113420295
67474,0.10934504325690497
110935,0.15562768544507666
17318,0.22009502949197435
193116,-0.12202717707551702
12724,0.25823369454206
268958,0.1554423228543378
224805,-0.23197229881563874
67948,0.2864351859808627
20917,-0.3341839941676161
13134,0.342618241040598
71827,0.2293867284124742
27966,-0.14632088055463566
245049,-0.2672901666161116
15209,0.21531838020832783
70225,-0.10492421943474817
353047,-0.10831951083655156
68441,-0.11864248112023823
332937,0.3205783400506399
94109,0.2811937167272971
11425,-0.2609340122097592
211673,0.09580014150456329
18169,-0.33542375790199586
21907,0.33926361960112406
64424,-0.1267097714410772
212168,0.28579905963910957
215384,0.2554185784123941
22333,-0.07910674556167763
75404,0.3131889267848602
320500,0.08591763297260968
76167,0.15520277388504145
18777,-0.20703707041026487
107522,-0.3223306123575713
27421,0.28720614606780037
16147,0.2917513492311392
21872,-0.24277046384973344
27008,-0.11285981427497838
93721,0.2706961915913486
668212,0.39195881151597867
70422,0.27540559739840464
67544,-0.2678917036009931
74174,0.22948681731046428
66292,0.12407645203952455
231863,-0.3228898031492484
13194,0.08576884460784662
107767,0.1280004732258604
216019,0.20845072596405023
18720,-0.08121624041870135
99526,-0.2842312426123672
17158,-0.07374526801863546
239731,0.36317857098940953
224273,-0.2241868818854007
70699,0.09348221564565229
76829,0.3024887018332736
72722,-0.08824683115971865
13081,-0.24209839416524126
65221,0.17348496203498875
12234,0.27000307594506623
319642,0.19224039197930765
258932,0.2194325352519062
259302,0.2884356250850537
381290,-0.305807385678154
381157,-0.1981351221550507
53334,-0.10584341526427732
66568,0.33870349291103885
16179,0.0747119352037835
19159,-0.17306634203235038
20277,-0.20779398268365767
71492,-0.30199283477286887
108160,-0.07888980063081874
20616,0.26813118390142776
74252,-0.07790585970653474
17195,0.20813424231909572
20352,-0.16440930849710966
70799,-0.1428378203364371
20607,-0.18210797238169274
223917,-0.15531854102745246
17391,0.3460585527762987
74521,0.39115607428799226
54131,-0.12209108291319204
70584,-0.13306656697261943
665998,0.24879307117209581
406176,0.35066298800796636
238205,-0.26345023800060474
353504,-0.25295311536441556
338365,-0.2937683970731513
71363,0.21540142827971698
217695,-0.27049910676067945
14176,0.24709742363337606
70428,0.12305664893033175
171530,0.23816865722205582
378700,0.3294812169983041
13002,-0.10362700752414966
230590,-0.3008444178089289
76960,0.14771539351715557
208266,-0.103076216466091
213054,0.13828659120847409
74068,-0.3407302784775812
12053,-0.09472036325862199
15502,0.30341931769921615
19359,-0.2852191259772674
99349,-0.11533265462998177
116904,0.2681734801883313
68828,0.3735846565169312
18548,0.2414333904703576
76484,-0.2976418056112826
16526,0.35610420836609924
258296,0.28756613399486586
270192,0.26479910553517394
74467,-0.12464413072760827
14776,0.10556987619176272
246190,0.22811213573734745
14561,0.2408012668893571
76273,0.34488678766902137
107829,-0.1145056509908553
74013,-0.1418326281493183
22272,0.12269353883396938
228790,0.09297227247725104
11704,-0.31354196041022275
26411,-0.1271512776319632
209018,0.12358881127490662
14369,-0.24381146354303063
12390,-0.1543444451784719
54384,0.31595805902340235
107065,-0.24587114575685476
271813,0.2961493550123171
21818,-0.1239985169002562
236781,-0.5030708761024778
72160,-0.23641650841093753
27428,-0.24651983046564308
64658,0.08530903987952598
19877,0.12833431663061123
20021,0.17438809461967786
22773,-0.29205580622179994
432536,0.24585381356481673
17873,0.11136914936442821
20256,-0.28101401247299407
72117,-0.12439750815010253
110805,0.30633501215365655
234814,-0.18722134083983466
237010,0.3029307746664873
435684,0.15427607604030502
19296,0.13892087091723404
70314,-0.11953330652612415
16188,0.11019316674218693
64580,-0.26213057521419714
30962,-0.35368254062562743
74775,0.08633415165994762
20832,-0.09631788515082995
207728,-0.12227163823113862
269470,-0.09618372871113134
171212,0.07925403847912094
234094,0.18776786578132487
211948,-0.2172039491975486
59041,-0.08950506019105475
238725,0.2966874439576648
66440,0.09438534788943986
18705,0.3528424235585108
11944,-0.23298537348007375
20652,-0.2612473688650585
239570,-0.0783059520127587
68089,-0.09375806673454434
217826,-0.15826728399829104
14208,-0.1203735858474273
237400,-0.27816182816119195
19017,0.28852395240074813
57014,0.23617153308005623
14813,0.25395822724214456
319742,-0.32020110469115526
17135,0.07399904997402018
215748,-0.25205747566480063
13807,-0.2952125487336019
16977,-0.2952125487336019
12274,0.24850412526479726
170826,-0.2836483641296148
30938,0.11410117887402649
192950,-0.30958229539837756
67945,0.06462137840082605
67622,0.25474728906532107
11601,0.2676779499552011
225865,-0.21508673733038686
110532,-0.15918889482899523
114714,-0.14105879889447692
68980,0.07952728059959924
93732,0.27429106828033856
71355,0.21568734919465626
414872,-0.14653802492761958
20776,0.12158735847088398
258772,0.294083693942218
14955,0.2377099967377383
241308,0.15970967333000274
23959,-0.13958222212512883
57781,0.22639768540279714
67139,0.1875937545978834
224836,-0.3453502558797097
14810,-0.2754032396294481
19043,0.07064530104223721
69797,0.3700703665816629
227723,-0.12544122759707577
243911,0.256174461167622
104027,-0.24273166633291776
69865,0.41640125535233574
317717,-0.2581524859089779
242607,0.21060096738050227
230584,-0.06851561553210672
319848,-0.2545911443114628
15417,0.37499623565450735
71146,0.1683424911908915
12733,0.3986418244040566
665113,0.0969611689047909
18025,0.27830593456942143
19653,0.05907591983678273
14815,-0.089544354069373
52882,0.21857929299501055
104445,0.3159314472965713
68564,-0.08660032188927325
14472,0.2891839114710226
22758,-0.19264688044309342
217837,-0.14751065824847842
330406,0.2217230432646109
226778,0.21869943178658868
214403,0.24565087920952733
16601,0.20992254924889142
75423,0.07457796622711932
72102,0.2400845508648981
269784,-0.3109909795043784
53416,-0.32475905622956347
66277,0.32300535237624217
14198,0.26412343262873694
20649,0.1595891187259708
74493,-0.3577553190005087
12532,0.2909236401072244
59036,0.17701735855508405
234740,-0.21717418364578345
50911,-0.12155669709553152
270624,-0.2685476697694402
244701,0.26765044999436327
67665,-0.07268918916744838
20768,0.22387864818422631
381269,-0.3304494596057115
14688,-0.0700152326226231
328234,0.3339281729368504
75276,0.2844134324367653
170638,-0.22125226927909036
20740,-0.15711099042065868
66972,0.28643179255999307
192786,-0.11964358915886564
17341,0.168572106696522
19288,0.3418673181775289
50884,0.10471672794506048
67134,0.09256596869777489
71891,-0.0803276182997461
17910,0.30928352289046224
110208,-0.1186319783402805
18974,-0.25264154516701876
231293,0.28222432213367377
246747,-0.20421220410987484
241324,0.27941812330785343
14405,0.2776718287937814
243725,-0.20026146282719992
208177,-0.2649489601187298
68740,0.3502499593018644
56191,0.27266650743605414
58522,-0.3534309225017851
74763,-0.0971593985094632
70394,0.07900380256185713
26370,-0.09889195271047768
98999,-0.11032827710655546
114566,0.2291770213666462
19300,-0.10126409660330982
59011,0.34358668636039713
67896,0.36559945484567713
14233,0.25832159626567375
17979,0.10411877136136383
68047,-0.08180877330252478
77531,0.2926431567584711
13636,-0.28557205548721587
208228,-0.11339420517162058
114873,0.29987893159500567
105785,0.32499916695844755
65114,-0.219608860358111
11720,0.3333840583107439
319945,-0.12164669231830949
73144,-0.26809352329148073
319636,0.17761588964346142
12660,-0.18161387463446133
18549,0.3361341846039112
56380,0.12462363741555293
382571,0.18302712711027613
74435,0.23596751783898062
68468,0.09912154206426038
227700,-0.05933830019075437
407785,0.06821616147690968
27414,-0.14675534008162483
18167,0.2731763344423621
17463,-0.09344378955282195
12579,0.2228835752589733
71175,0.14131087618823823
229214,-0.2554954061962764
236643,0.34375804243555264
114652,0.26135340767120896
78908,-0.2865884466342328
320924,0.30838337785773984
67689,0.12173751697037183
74165,0.2009441217909238
11764,-0.0823398061779681
19367,0.06798639916053872
68379,0.085532484453827
20747,0.10091847278397026
50721,0.1125198086424124
12607,0.11470298985873395
320119,0.18701508724005578
14184,0.2944609223348813
15396,0.13158035689973335
14714,0.3206244280164059
18285,0.3688342373175084
231986,0.26224513328119503
14166,0.2766299887627488
72587,-0.11043465160516952
22644,-0.09804192081829477
217031,-0.18776067938064145
213575,-0.28209112239262524
76051,-0.13367095768292447
67249,-0.2767551700345825
16490,0.21764725637384963
100978,-0.19384390529427975
93837,0.3058188572891023
22229,0.10963500204317
11826,0.14289814078080276
56746,-0.2946082037971216
108655,0.13272171111996656
24117,-0.3463759784362539
107766,-0.12272108041086938
226564,-0.2635620526156899
107503,0.10347691310929363
109264,0.26193383452459074
22084,0.2884267988773921
106952,-0.1160022135143528
213068,0.27242081695885556
100043057,0.268357773773344
110796,-0.10294089868897416
238680,0.3608049288379327
52915,0.1063100453589314
245492,0.3010908990368968
17451,0.1698027801891051
22353,0.3041125389963879
66848,0.21253769657732402
77626,0.16409583804196703
228061,-0.09417955511850984
73693,0.2944566173600549
76775,0.22382162586647247
11735,-0.22682238642463926
14137,-0.24547128304898091
140721,-0.23774739877867912
211739,0.22148138546963425
52187,0.2877059296924145
20495,-0.15881000757364205
64095,0.20462949026747346
67703,0.15648806008460436
224829,-0.2275905007650758
217835,-0.22370300257446285
383787,0.2974010470489987
12970,-0.25897290292906305
269120,0.2644755387450113
55993,-0.25934501865590587
73341,-0.09224281000873269
216033,-0.2712850337245536
73680,-0.2378181864732225
69202,-0.07240641485240751
11818,-0.290765317515425
14598,-0.2491086876075519
239283,0.2682849723155516
18310,-0.221790885398792
19246,-0.06496578231076988
22791,0.16707266760400685
231760,0.30859543073825435
83691,0.2832857071144512
17879,0.29878790862104276
11833,-0.21541820975923187
73472,0.2523512326745152
18781,-0.31372797072534553
17954,0.22259680855773745
15191,0.05961676361189561
54607,-0.25860483646688515
13797,0.37983455716277437
11776,-0.11006516460581395
58203,-0.08898545693721793
26563,-0.19998722680583825
332427,0.21705562317120286
239618,0.24548205066547313
14862,-0.22215315747965736
21673,-0.21901270249745508
225266,-0.2096828472163672
227289,0.23420017644979474
258659,0.27025250326553163
71990,-0.12646112127312215
233208,-0.07613710494768
18142,-0.24850305448401455
245666,-0.2529314704339862
667772,0.2487370734097345
71803,0.29383038303370235
53380,0.09366457724455124
77296,0.1498632108215645
11702,-0.07553554633913073
70661,-0.08380031166135105
18646,-0.07693247348419341
218613,-0.10346307446181502
20299,-0.20399487493565216
97863,0.10527462183009817
16181,0.29289633547839067
229672,0.2532283808008504
208677,-0.22529225509672823
241556,-0.14251457287122182
20442,0.10908433676283202
20215,-0.23768036501722722
241528,-0.32230337390549435
227157,0.2372156308479001
74018,0.2372156308479001
12667,0.23648486423182558
229782,-0.16400200377067176
319207,0.20185860739124806
17960,0.20807108572951316
64085,0.2387590464327558
258281,0.16959688475773582
217302,-0.2668277038517637
207596,0.23328137946513605
233826,0.2212745650032577
17393,0.2856067979487884
233575,0.08799428897699002
216859,0.1117561663628841
216858,0.1117561663628841
258371,0.21794965481144812
60345,-0.2422282229676802
22115,-0.2928198253429799
56461,-0.16466889075803337
16514,0.3138320138616657
258606,-0.26079240457945074
258975,0.2658680228260266
19132,-0.2688959160741242
66375,-0.11507702592672331
12014,-0.11894106153063788
13875,-0.13192604938178043
12825,-0.23281615341633888
223843,-0.22413667359920142
66505,-0.12749287275427434
71373,0.2506535505563896
433586,0.10973574353047422
12715,-0.23010682908339852
21855,0.06689257412381622
330217,0.23874415940065719
12954,-0.17369468885250505
258321,-0.30157620347374703
23985,-0.2406611394971021
21897,0.06997283210601424
328795,-0.0984707139060026
101861,-0.12196574503596125
228858,-0.204393354382713
29807,-0.1709672496029775
18716,-0.24889791022046692
19281,0.2983288544571048
240261,0.23131798722644525
71449,-0.23669166097313266
270076,0.2202556689394095
71300,0.27005408798275976
60595,0.08319121650040096
11977,-0.1048309192521204
14182,-0.14421245233725788
14843,0.2548458377512888
14814,0.2505404879509592
22289,-0.13489625731523347
432611,0.19181522172152254
13838,0.2740518616469432
20759,-0.22442776108560292
79456,0.19798322308254512
217011,-0.1465649710296093
258206,-0.2378585956695618
212085,0.22214200430666597
75734,0.1266704117791253
67652,-0.30972620595960976
14155,-0.09396351411773729
270004,0.214712335445574
277154,0.26440621207691484
15586,-0.06397061770104351
14634,-0.29871018605723076
57754,0.24708530995391742
110886,-0.22214708628627244
231602,0.25257387335212833
11757,0.08607139980407474
12904,0.14279875524275631
239436,0.22540270176468624
109620,-0.27740300883923563
75124,0.20716710626440715
14042,-0.24028862749326585
93685,-0.25961702231967276
56715,-0.07042449617792812
56212,-0.09341560745118116
27059,0.31850673843180655
52023,0.18856767510419203
72373,0.3042994557425187
66612,-0.08855918864214907
18166,0.21706093727022813
68097,0.06681058901061299
229584,-0.20756713130644755
11925,0.2599064772183812
56636,-0.21726889319631537
12495,0.18354579618677747
12389,-0.35559977338708926
238266,0.24937686877226284
22146,-0.06545281479015053
55994,-0.20688630269546593
16541,-0.08460820221875665
228550,-0.20889034733073952
330119,-0.27051778567602636
17172,0.10117238025978992
639634,0.25139764262262787
67391,0.07546714290996448
353211,0.24443982844715206
17933,-0.27500146259272995
68126,0.1589175894614705
23874,-0.08860195652158254
258620,0.30869837806308986
11813,0.12799580358218066
241688,-0.24994166455282762
235587,-0.20226812045548392
58226,-0.18102056668090238
13650,-0.17627163627749987
75736,-0.09161435213030256
76444,0.346668946146218
20508,0.22404479617358142
432779,-0.19774643223465693
107328,0.1521364497246207
22690,-0.2930968148926354
54208,-0.0932529291319888
244562,-0.2109837912474175
21973,-0.23742615714699422
217692,0.09820434063529504
99035,-0.2593663052694293
20850,-0.10477110589209992
67781,-0.1361533181842116
13380,0.236237072317929
66821,-0.12831072893869333
76789,0.12292812330396607
72748,0.23311994976780426
114249,0.18296236662303578
18807,0.06331697433601846
216285,0.2658183808260026
94111,0.2737176825705019
211446,-0.19110145008422919
69547,0.26862215677157986
270049,-0.2862339472535105
94092,-0.34218797790471367
320995,0.27724766540519585
71981,-0.2835390823748192
243659,0.24992348606457915
338366,-0.07565443683778739
109697,-0.2954774414039658
238386,0.21595474030385642
258586,-0.25012761935426386
56045,-0.10811547242235875
66961,-0.10057143449752637
69317,0.3916406488899673
12961,-0.2871635588422441
28036,-0.12894965693916127
22377,-0.069313380521967
65960,-0.11346410818398756
12306,0.11172035149759374
15874,0.2330643142105293
60322,-0.20223140725765898
228836,0.0816984545065722
192986,-0.11838059469329298
50753,0.10353554349387295
269181,-0.15442196778997364
19395,0.06360248594427276
320772,-0.20107710445737714
77889,0.0816435625352927
27215,-0.19362872380372576
75570,-0.07072304044867472
237256,-0.14572838138629862
319934,0.31055521618679327
13984,0.20178881292855655
13591,-0.1256447301927377
11475,0.12343622771518259
18821,-0.22365568021244187
102639117,0.21892430154906561
17846,0.10434772738832088
258238,0.1880768796905823
59126,0.2742532394870425
74442,-0.18290383802635812
12563,0.24926196084989893
71791,-0.33014588635945863
75459,-0.28146580890074624
381823,-0.23366552558615616
67568,-0.20101096766211946
234515,-0.08815779021268
14621,0.2552611153698492
224480,0.20180892892735613
12785,-0.0855262191867272
74039,0.1110303733236595
12927,-0.19169261522539394
207521,-0.2659214959561469
20378,0.26163034309101096
74094,-0.1948085398463517
93889,0.27366313578691415
54630,-0.1223049003598744
94242,-0.21380621914831455
70572,-0.16079573091067179
320460,-0.31655054854076603
17075,-0.2879974547429969
76429,0.08420149175042901
242409,-0.24440096562516445
380928,0.21749159099997062
77974,-0.07353216270315244
18682,0.2593133422569327
18387,-0.32223382723441363
20660,0.1115129316681962
57256,0.2354876652020632
21912,0.3260039641394261
15199,0.19337548609613187
227648,-0.07365582562935735
64436,-0.07365582562935735
231296,-0.16283725643372104
231093,-0.1722645453336007
209478,0.09003379675679835
21679,-0.1672954817459864
69731,0.09246227909305027
258248,0.1750225376634944
21947,-0.21807447367648702
12589,-0.2808660577224362
74032,-0.16927048760129715
78894,-0.15898637157856932
15930,0.2649208167546355
109979,-0.22114773151496792
22242,0.2863602145814177
23967,0.28056542447342636
73720,0.2960069835861363
109910,-0.09100617037158631
110842,-0.07917038977980084
208836,0.2045771220833661
56072,-0.269385452230523
15970,-0.19705613562035573
56175,-0.26161733172818025
75607,-0.24144680489531467
240725,-0.26649490295530365
72973,0.28903023484954593
53611,0.0831563584712951
14125,-0.16960696058329372
260299,0.23999382351598708
20259,0.2443359403058074
100121,0.14909217523942964
20356,0.324808512784184
331461,-0.25818632379585793
71712,-0.2709375838954724
13498,-0.17039432788871522
20415,-0.28083737556221244
78177,-0.1980421383929083
14811,0.26663545303114145
226041,0.20907752019485937
218977,0.2327856670611066
100503043,-0.19199843781510673
77006,-0.09521779951014864
72413,-0.1768173390972163
170755,0.10961858050801787
71973,0.10211924153908214
13193,0.2580199805941321
20218,-0.08207319294101012
227682,-0.07614193508028144
108099,-0.08172920028384922
16439,0.08902717045061515
240332,0.2980019148374966
19888,0.2571528094522728
56717,-0.17634078380102824
24069,0.18020360759975418
19683,0.22845109407546538
235628,0.2102372486369788
12931,0.27218445226794596
14823,-0.1562089045174977
13419,0.259290456921736
69700,0.2623376540528364
192653,-0.24443776348234447
268291,0.23715468764101377
13796,-0.24714216509210818
55983,0.1742842559080362
243910,-0.08349434585998772
208146,0.0942315414911068
29876,0.09486869847201618
50780,-0.07189960528118355
53414,-0.05699768557229845
68874,-0.19018700443709324
57278,-0.23201180486603779
73825,-0.10006163112762767
21684,0.4081879105836719
231876,-0.2472102917962653
20315,0.22202600264001093
66809,0.2701208867568967
380921,0.14074652663147447
114875,0.16836032704333626
217705,0.21142550541383098
207952,-0.08495672407939736
333654,-0.20847647814690706
93735,-0.2314785187924313
78919,0.18545177146030456
239134,0.26704653944180023
268878,-0.22824682381943706
57780,0.22844871610777417
70785,0.09423797993742689
217593,0.2357491674015888
55963,0.11780576926417119
320183,-0.31214197451097325
257884,-0.1872079509470339
266781,-0.06289597518321521
258648,0.19923354782551073
106326,0.09269497976680974
71687,0.20206172660027732
13654,0.21997537906705134
68187,0.3663888534889521
140571,-0.19800349089348845
22193,-0.135761356119124
252903,-0.0787068634388568
68703,-0.20577422364308529
19249,-0.23334648107943412
232973,-0.1739121398528649
14127,0.08176059129024438
70427,-0.16324434543289623
76936,-0.06982031549778611
68205,-0.07554760096786417
16558,-0.21180546380342324
15234,-0.22431675633381243
11669,-0.07607532962734531
66606,0.0913915284162341
76832,-0.18872617744135578
67128,-0.1725014708734811
67709,-0.2233965157069493
404710,0.21822063777495693
246293,-0.20020651841003723
271981,0.26601430387310554
56459,0.1084215912277271
18002,-0.06788207933170298
13506,-0.26118193208949014
55942,-0.07589556602385628
66124,-0.1650131458253341
213262,0.34528845293815635
21909,0.18125250450487052
15159,0.06166258075073294
50523,-0.07134312627369077
381305,-0.056619391063708946
12344,-0.2778317003080981
27078,0.2287250840148234
72789,0.26052804736045854
217082,0.18409798624170293
30805,0.17827401046928149
242248,0.12533818773963468
67615,0.0841281537238423
433766,0.2776616263491545
18607,-0.05750357157699071
19133,0.21393790630562304
100048658,-0.19645208410746662
97761,0.12175456664709561
15511,-0.22590010999362908
193740,-0.22590010999362908
636931,0.28843660300769436
54614,0.2081836202920062
231125,0.206441721448412
20163,-0.06150328252286563
17144,0.30218474568048004
330721,0.20506293033480594
58243,-0.3225587367208935
71599,0.18008645323791939
15275,0.10295876177686125
12022,-0.20725125244679443
106504,0.07220376669142503
17880,0.24891330634553732
21463,0.16940253733295751
12672,-0.16136058857616398
54613,-0.08627270858802483
237860,-0.10230790939438172
12955,-0.1303190847847553
110265,0.10418254884031874
242773,0.23593324441343366
213109,-0.1015777315203259
329679,0.2133154065424927
69627,-0.2008430597629962
215303,0.12125798339060623
17992,0.09196873555697671
70568,0.20676725149569553
21985,-0.08650888495126452
26945,0.22587426402355382
54519,-0.11003694196758218
108954,0.1672542205896459
12810,0.28233192732081713
16882,0.1763038942290427
67763,-0.07514721166401728
12293,0.20660503352260218
74052,0.1885981295063548
74281,0.20673381977614502
52850,0.17621568269543086
234199,-0.25884148421069586
68133,-0.07000009278953279
386454,0.24440972266605065
12753,-0.21856224505037147
258424,-0.2527417534504375
268527,-0.15310141131232413
432763,-0.1119033394423381
74302,0.12842052960706063
53357,-0.10935895248245497
93875,-0.18772355154340126
58223,0.12698771704184786
11980,0.08612194010001861
97827,-0.22088937094357242
23920,-0.09852723802560348
76580,-0.07250728316059352
109245,0.1493530962233427
18173,-0.10852792514671705
619605,0.07886040786899429
68404,-0.1929399235222684
68328,0.1781189108975978
68671,0.0722545930773677
69470,0.08369834910562979
56873,0.27513284272019467
27041,-0.06443992948847743
19734,0.25445015312073416
67538,0.20910904829966626
231503,0.21570179240552623
69787,0.17430427276982563
27219,0.40328949516645185
225192,0.1738767850073959
71597,-0.28916624920122835
229541,0.07566277055786408
72881,-0.08161498843713932
11689,-0.13424253965763988
54446,0.1901725556633238
11858,-0.2553758583183088
140492,0.08286374691017162
217194,-0.24780995737890255
101314,0.06104290226803677
77579,0.3188656379548114
258160,-0.19486517330845565
14302,0.24954319624830656
17151,0.06527386620308562
16372,0.29481073458821205
12870,0.24304854758492578
18104,0.22642641463438817
231872,-0.06131421629310729
14106,0.1995432402155517
233187,0.1624928777888277
84111,0.19881989732498706
73327,0.179416977944034
27375,-0.07784696778139999
240505,0.2859441213627312
277468,0.27639829582834796
15378,0.2365204471007134
29815,-0.12123347522002526
20017,-0.1510148752121241
22428,0.06596202109206928
13809,0.1987380090146913
211232,-0.19909223017009525
54364,-0.2172564345304817
244813,0.19153222794379943
53322,0.1393649863478137
259054,0.2006445662331373
12788,0.09304202598784528
19120,-0.27640221663041764
12705,-0.23870494777011686
214105,0.22104107879548396
269116,-0.13539864007433788
214531,0.23213434961019708
240873,0.29255390892449284
12289,0.22048328680943285
56420,0.07376107226079931
75820,-0.1905780188915296
74589,0.1814255603114443
81799,0.1860969882174457
13642,0.20671187864467866
238330,-0.07191445633013771
77697,-0.16250233154251514
72236,0.2817516644813569
442827,-0.17469954041053626
14460,0.07275413744902082
13197,0.1431849310711204
107751,0.17599720204576963
258853,-0.11633644306076718
14860,-0.09488775982737341
22367,0.09927042706458522
15117,-0.20628562679046425
224105,-0.08719645871867243
18108,-0.14374764142857543
22072,-0.2882134669544696
20670,-0.23299301826312213
18140,-0.1550917199538704
20238,-0.16490210472041777
14283,-0.18674654682676994
67849,-0.08793817856294961
18584,-0.18270812703188266
381318,0.18066560383676755
56807,0.24626495653485758
72075,-0.058112908082989634
217734,0.23379722565895555
320938,-0.08142278705625472
57755,0.3668361999492755
11432,0.16273738304538288
69611,-0.30030096898547853
71206,0.2987537896386421
89867,-0.17821617204192552
227095,-0.07673314056631853
71562,-0.08811141249323651
78240,0.26338232298689057
17957,0.18437748247554797
193838,-0.13359518779579194
242620,-0.19873219843730228
12821,0.21402204895312682
18984,0.10307989204607182
13617,-0.21162745732549837
66211,-0.24189598550606206
76886,0.244061051663659
69454,0.175062132556711
17901,-0.22729686823773765
12805,0.14463101092587216
19362,-0.23023725056941924
18491,-0.24503457428689845
18994,-0.18079902674457893
115487267,0.21194643297524252
12317,0.06077191062826692
244882,0.2545204964377006
16515,0.17446925572170358
433102,0.19392922818110225
211323,-0.24841359830419396
58238,0.21455065252180772
213522,0.2087386735072707
236690,-0.16531606213026073
228543,0.32795730119151667
320632,-0.08634804608282742
12801,0.24543269508392918
18436,-0.11483576982881516
13426,0.172781449280051
19266,0.22800067390772583
218294,0.0832055797164486
72297,0.29216174519946847
258338,0.2543697674553944
383491,0.1779260111650771
22116,-0.19650147755197445
102423,-0.17181961949483782
77552,0.1851133717948028
19354,-0.09604217219307998
217331,-0.06553991097936951
381413,0.21557903190013938
353187,0.16768520526017472
380711,-0.1665346336764566
238257,0.1675830317782303
209176,0.16811504227547758
74237,-0.2062211176336577
19291,0.061572895097741664
102747,-0.18594849292105486
69028,-0.09425167483136132
73353,-0.22826932799041533
16400,0.2110162737066199
100042150,0.22015116692497472
18218,-0.2193251374069911
227746,-0.20212239155722234
12121,0.26221285330201605
70616,-0.08278617850172765
117109,-0.08630735757770402
102866,0.18850321927883584
30054,-0.2179277893544449
67027,-0.1276346649479292
228787,0.15537565122372188
20526,0.2822934236834267
69710,-0.10327321985259985
100039781,-0.22372395140550072
13122,0.2071873281128913
14362,0.19402432829275273
209032,0.26133210538521334
269604,-0.15653867686779144
100737,-0.19667264485435698
103136,0.16884099663387797
16890,-0.18672992234516972
19736,0.22750885075604188
78816,-0.09078587875720068
268890,0.19197602661233226
71768,0.09125350909984364
258658,-0.19965995391868496
22293,0.16376872833531575
75564,-0.17261106301376827
104443,0.24093542506105958
72982,0.25305923702975663
17201,0.35679103473600193
225341,0.14719496513363595
76123,0.08701818099701075
109648,-0.09231869492908018
217219,-0.20788504039265465
74136,0.11710821123415016
233863,0.11663360465612271
18708,0.11178488341743975
224440,-0.06827227706006411
240055,0.11741678048234405
403205,-0.21993431715027167
101187,-0.1571212511515796
11624,-0.19747345829409468
16535,0.2254304931607818
74762,-0.17949540811727083
75329,0.21802182630211675
19883,-0.19653750094698896
258713,0.21175273094011082
20811,-0.23751202833326168
68041,0.06690100797597154
99439,0.07242146822672968
76293,0.16880622912003407
66629,0.0638285221812005
23808,0.06821196323852163
226250,0.169565678586852
11745,-0.22644391919977025
209378,-0.19458261039356017
319713,0.10554214185474553
237754,0.20874939489337185
241230,-0.11700666563257034
260408,0.23141205126326092
20474,-0.12333005608877201
209550,-0.18192583584530686
140781,-0.18227336092794832
16150,-0.059350232803209835
14871,-0.1340786233528668
229277,0.18556263836947107
215890,-0.2252364574826502
71345,0.17807797181346396
78076,0.1919547784996114
20813,-0.06813148022819782
69305,-0.09677500216152701
77963,-0.20795262338758125
66722,-0.1869948105594359
16581,-0.154953303318921
20947,0.08443505318250999
13237,-0.20229007155042034
18013,-0.1606466458908109
72432,0.26255604232330043
11847,0.19848911619835086
215210,0.09473876525810532
20222,-0.057434919943686324
71514,0.055830943488272666
14311,0.1834610507074066
56418,-0.0720468284095972
107449,0.16123780373531105
213053,-0.19429804214378787
13166,0.21006686118328632
21388,-0.14190294026635497
14399,-0.2356491386045012
12228,0.10517777883749879
212114,0.19163722047010534
20775,-0.13934565532598153
244885,-0.1487779434978247
269113,0.07947722950477232
52897,0.17382521205915724
320234,-0.12744962069891663
213603,-0.2676108656439977
74375,-0.09303067384695574
240913,-0.15854252470965857
60507,0.2052387301295573
239530,0.20704405995899489
58188,0.1668251115126651
19094,0.09752073920778592
71877,-0.24532433536737042
66326,0.16931494581168405
18424,0.19691583302107674
104725,-0.07880191298888128
12235,0.09085845925501257
108072,0.2080710705887121
69740,0.0650995465457278
20347,-0.25660290548909703
21884,0.19889768642766814
235330,0.24170114765945971
19087,0.20058830296571273
20042,-0.038163653289320365
100529075,-0.038163653289320365
238217,-0.34438540420807673
330267,-0.17739108685554106
270685,0.09933036574512855
21674,-0.1850845417236373
53869,-0.07643824521396603
17258,0.10173669344994174
83410,-0.05567058398453639
76453,0.2301426680571188
72568,-0.14115207551656983
107995,-0.15186169269428174
83815,-0.07052164863931676
237553,0.20051024000871243
16477,-0.17258835802964256
16403,0.08063697268668157
225020,0.0662707787713277
432516,-0.17899066729914637
22793,0.06562378257454071
17380,0.3032879621560345
269633,-0.1787021362487935
243867,-0.09903547002626212
319317,0.16114315679619917
59125,-0.05293211771113526
67629,0.17935084004319446
259066,-0.20487749687203394
232943,-0.15911578093401957
17339,0.1743512197488477
68644,0.10255855909812261
233210,-0.1977611972784148
72795,-0.04654982243786776
213119,0.18070525176464347
231858,0.198059412837293
14159,0.08245475529751367
20899,-0.17000913313576094
22671,-0.18012201133913663
21407,-0.20607348328862063
242894,-0.11053490673777677
58180,-0.1418866896793931
19698,-0.070928654611226
213649,0.20234086225892955
18760,-0.20002977892455354
238333,0.18675799991527464
319734,-0.18152490732011728
18968,-0.17194287593540025
23992,-0.1510611484890143
13856,0.21612532880092505
78783,-0.05195024949964555
67914,-0.1872742128463445
22026,0.07180203640330873
54126,-0.06264300791976041
67196,-0.19452369838770478
66230,-0.06672307451674797
54401,-0.05260112035372444
215690,-0.17610638133691303
212377,-0.10443132235063857
104582,-0.18867997941110826
68614,-0.07297934788712368
71765,-0.07718925225434248
224823,-0.07718925225434248
223697,0.05899757999789301
14547,-0.05436206771325125
116838,-0.1650853792221163
545428,-0.15162052215699262
268706,-0.09995380223543826
26361,-0.13831096563325884
229615,-0.18612275106897558
94279,-0.06165590267034915
259002,-0.17552021381242167
20657,-0.21046738821333122
71623,-0.09772077835737392
66929,-0.07052164607831557
232413,-0.198399442882482
231727,-0.1646902374278194
107934,-0.19140337499458493
23821,-0.23096856738566984
237926,0.16267472864286692
235533,-0.1552350968040308
347722,-0.20705111503705442
69719,0.22509633138473362
68014,-0.13551209504043626
239554,-0.14331948263782301
232680,0.1678583671301519
215855,-0.22377378804130466
213539,0.18624585258544446
11838,-0.19701724981178437
320752,0.31524057466530975
235439,-0.044311271788650686
16492,-0.11076989549831673
241196,0.20850555098705748
74257,0.05944557185024202
103694,-0.1193796598656176
217351,0.08704504818691561
11656,0.03330791231726593
11684,-0.080193147692599
238555,-0.1900175594801361
16424,-0.19592775052363987
16599,0.07223325663350444
70601,0.08068846099324922
54194,0.07807461462634713
78733,-0.14270275040252312
20394,0.06086525427402378
101359,0.15125386343667113
53614,-0.18137895955447814
14962,-0.14544135646987222
12263,-0.14544135646987222
54377,0.174315453030776
73046,0.06622181462444132
69306,-0.185201180904623
11881,0.24767149873733452
19130,-0.2091253293367017
99382,-0.0912190923028291
219134,0.24339208263583645
20522,-0.17955792733028186
22368,-0.05590245408379424
20404,-0.2437804011909348
75510,-0.23166473700444712
234366,0.0768995666268566
320415,0.06604080817321645
98956,-0.09963825138079674
17292,0.1629107662633711
317652,-0.19745928137902125
75137,0.18166612176417907
12035,0.27079764323206845
239318,-0.17257722424428223
66142,0.06460773337044046
66427,0.08481701783395401
19092,0.19079693455009572
56543,0.13292457443399996
217666,0.14969582138859217
66871,-0.18698946175114273
194433,0.15749831541495496
19885,-0.24113289053989817
320747,-0.24113289053989817
217344,0.0973921923967751
236285,-0.1370031149936466
77891,0.07931169039434138
231130,-0.08593685012850116
19224,-0.1016033506443268
16174,0.15321381592504224
328365,0.09145310081102842
18530,0.15084839830287544
268752,0.17853311736265454
277396,-0.1516026582408041
70235,0.09385357155897012
67795,-0.22237843103476074
238463,0.260480697717667
66813,-0.20475633562580864
17330,-0.09593581680149565
18014,-0.16815717961976429
18693,0.20301876309885447
22113,0.2398127883459873
16452,0.051233583502231284
66959,0.14878644098129978
225608,-0.27008089278941316
212632,-0.14194490740818733
215095,-0.22583617915957266
19933,-0.209765200288488
171285,0.15164098791034064
19335,0.1802562969760899
17128,-0.05945639302982286
228839,-0.11659676355942317
18537,0.05685431546563713
97064,0.1943457114832432
20751,-0.06565975224078713
67068,0.05408573647161319
53623,-0.30341402250301286
21899,0.08500155314538915
12936,0.23010314122650888
20859,0.21034967785002712
71059,0.07578255600553341
56490,-0.06562223583075699
64009,-0.14065222027878121
231128,-0.08496269903144871
56207,-0.051849681561714434
243025,-0.15828118160012217
384214,0.22974716357936487
12038,0.19565902244366118
56508,-0.19502895578631563
22195,-0.048365372486911085
16815,0.16760223847574718
171095,-0.20793927946679336
252974,0.16193238657222686
13823,0.15774041225532098
22173,-0.1271033631057783
266744,0.22269147965737668
66603,0.13264054226783273
218066,0.1543649435245591
26879,-0.17445499191091995
208943,-0.18831723496188602
67393,-0.0981944192255586
68730,-0.055463164368457996
73332,0.13835844855060575
259109,0.24539945250276674
19221,0.16308534125482854
73316,-0.23922848267818742
93876,0.23350876241762508
13522,0.1993433152326225
109205,-0.20212967160193918
22668,0.06728270542366488
242735,-0.13144656226277718
20682,0.10846404932286724
23919,0.19726205018177057
101543,-0.1887602541725384
17921,0.16615750900644777
214766,-0.13815125314643684
16998,0.08683598444269336
192287,-0.19745476626502878
72007,0.15829852052176374
93882,0.1516703030979989
70885,-0.07012451197940806
230718,0.1587698254695047
271970,0.16628535013912504
22410,0.15449773405341904
68895,0.2133374088474289
57437,0.09575853025732606
628040,0.09575853025732606
234130,0.20709345920466227
108154,0.13386172703345878
27278,-0.20133035529715304
69541,0.17492326647752865
56363,0.20423774587007815
53859,-0.063585910809552
12867,-0.06537540014140575
20655,-0.038472880852200575
15550,-0.2839550489910563
17168,0.05755616377816075
77593,-0.1042238371978721
240121,0.19649068136487013
15394,0.21845861849330683
100689,-0.16228911874283636
14702,-0.0509128296608754
13163,0.07470362791315388
381112,-0.18188554302307391
67291,0.09226497735388328
56699,-0.06037084250607094
26459,0.1716947854724662
433292,-0.14888915858880036
224705,-0.06302932235733927
19712,0.0803378496998004
208777,-0.1462843199763615
27062,-0.15614539914004322
208440,0.20320094630748997
22323,-0.0498124696643405
11878,0.18527555432028286
27273,0.14229792493728288
14314,-0.15540168020263811
235344,-0.11826322723219285
67554,-0.16828626654346568
13390,-0.1990343136389221
223499,0.09135559806136229
192188,-0.172083589160672
217653,-0.20113524926335113
195359,-0.14436838620709747
69772,-0.21134135656388242
12259,0.18169810635379147
212919,0.16944173680272723
51886,0.1795955794282511
68054,0.1822177277347663
245450,0.20366068163934337
12822,-0.15626734849488777
216860,0.05600283814328755
380773,-0.05678309372700774
58231,0.059611009960864436
70884,0.20017540993396654
66229,-0.12423721584252068
170758,0.09820180794377364
54368,-0.04839346438065739
76454,0.09681313519984336
78593,0.20830879033501404
209232,0.20483490902456847
240665,-0.12910896028524732
239932,0.16872568654311948
209966,0.22595229538684247
80985,0.0571021509523284
56753,0.25624668609972545
67819,0.05216366658249605
16513,-0.12795288660681114
76877,-0.1570208209544237
329872,0.2595372597752963
12799,-0.04804094821159133
244049,0.08228401099960791
271377,-0.06643494471774147
64656,0.0418201811270027
22184,0.10668325573457871
20599,0.1903909748782997
11536,-0.1765538893956351
18521,0.04433470978766074
14245,-0.11934273560223829
12125,0.17825421032156452
56297,0.14538474664616263
68755,0.09109241000811874
240675,0.22850669944517366
66611,0.12985094176216094
78925,-0.17801991717792642
244416,0.10826702240799335
66082,-0.12768177882488807
69536,0.11651827789924418
242838,-0.17453794448706805
64406,0.18573725731183233
230674,0.061907387076713505
70497,0.060848473256950086
80986,0.14644729033785442
22788,-0.2036459690732655
26938,-0.1999736167406292
245860,0.07930442913287106
544817,-0.14610733814209098
17865,0.09067392387852102
68159,-0.17926770110798262
210148,-0.15250679553412194
321007,-0.1737347774604716
15408,0.1926620119366076
11774,-0.05342520492637526
20787,-0.17586709934392086
16005,-0.17561151400386343
320587,0.20501671869610583
21391,-0.06562843756165293
227720,0.1836506493559904
12311,0.1482321205817838
226098,0.17085271449884498
73422,0.23038555113839454
117160,-0.1864170362512798
77044,0.11219506646921396
81006,0.17077651645227654
74499,-0.17920648759657176
71338,-0.2006592758816601
14428,0.15489964959336122
69149,0.16243786900668056
68797,-0.24620101500372948
258896,-0.14797371635713485
258270,0.16638235933865664
12591,0.1394858840036708
69900,-0.15174261906037678
66734,-0.12474682989416852
15110,-0.13913342598556522
241764,0.14592172947677184
21808,-0.19154893571793874
53883,0.14905122405865967
66144,-0.036679781823611535
14079,0.20269993679716825
13593,0.17379471349791542
208936,0.16416805395808431
216560,-0.14441187858520266
70696,0.15076007138269
53375,0.05472295159595575
13711,-0.20137678192294173
50528,0.14935418136684353
226278,-0.23323440941893425
22051,-0.07661910407442996
207592,0.11052087503697638
244895,-0.07328424858509308
14676,-0.1518653597724784
20492,-0.1142873928754895
13046,0.06931854378344049
13710,0.17748857635092374
56626,-0.05528992909226105
99662,-0.15104215407741828
69511,-0.12410423705620488
226090,0.08010709388327797
242083,-0.09913764506671896
14682,-0.04997888816590379
14421,0.06249831995830313
276829,-0.18656612529645056
101513,0.04775988250822749
65103,0.08723549777530692
13346,0.07309209185365217
98258,-0.04768130894333922
19046,-0.05442528719941109
16834,-0.04714540792082644
16891,0.14156494491039728
79043,-0.0495118949369342
14257,-0.12492803752500503
75901,-0.10463122358991406
207911,-0.18030303815003457
80906,0.15447623948301548
11768,0.24898474674708737
373864,0.24193772815091386
107528,-0.06653953884091601
19179,-0.04845546168474257
13854,0.042080270439804224
13041,-0.0670332016189299
11441,-0.17850491629527188
16521,0.09600564564232617
66643,-0.19051870486393874
192195,-0.13259613375542756
11518,-0.046156205166001385
20462,-0.1625430573779214
70598,-0.19862597853763653
224014,0.17750630318833505
18571,-0.06406797643379392
67096,0.15773908800724712
225872,-0.22224693465320566
217335,-0.16202970595784194
19088,0.04621059121675586
237422,-0.11207066113198128
381903,0.12326369276044513
74022,-0.055994382722294844
72931,-0.040160029505118544
68955,0.18920521421720027
13731,0.1198850873939259
18414,-0.15172870058148114
14394,-0.14995005977227027
15529,-0.20739078249423049
12933,-0.15913947654465765
13688,-0.05788823597726456
14163,-0.17500806073842767
107971,-0.21530558474156036
57315,0.055397881404882554
541307,-0.17335339616236345
19691,-0.08051551142093327
16177,-0.1904253848935462
107260,0.07720319529469499
227120,-0.20693950954975548
12145,0.06463031905598804
19707,-0.09930860457255974
74186,0.17181943538028266
106042,0.10138732075584755
66627,-0.05037907656858387
76483,-0.05854120036088517
328789,0.17615163877327555
30942,-0.16289010547362537
76486,-0.14996856146602688
74626,-0.1271716800463869
16904,-0.08771102366537953
228355,-0.07485117788178108
69962,-0.11240203171974805
18071,0.17863462721041667
12469,-0.04789065879480425
230903,0.1786093243337481
56485,0.18049478354226478
50929,-0.14090217751532474
243547,-0.15235401418389571
13490,0.12805514590998168
547176,0.2387298578168089
258303,0.15686196918010786
72141,-0.18013694052763451
11932,0.1943632063786236
103775,-0.17855375950379937
22351,0.073004455048304
11993,0.06761096131532085
66674,-0.14098635759774147
13867,-0.15816776293181034
320158,0.2368662419562817
12006,-0.16744795052861594
223870,0.2168781110478406
72649,-0.1231849637180753
98845,0.1895387606503629
229011,-0.07250640184996904
11864,-0.17074511685232618
17773,0.22293779388665103
103161,0.15411481632139346
66380,0.2684451847230567
192176,0.07808433569684503
11655,0.12112363218043143
20766,0.13681435101128514
100201,-0.09364966194914004
242122,0.15942937173779193
225288,0.22619260427580556
237560,-0.20885971297706352
26372,-0.1622972640430591
70892,0.1380539767928255
13350,0.11387643602083308
17189,-0.22850547979239977
73062,-0.06433439688041354
98193,0.03834153012445363
13035,-0.1319204248986594
232493,0.15743251353640098
12331,-0.05090567711811822
12231,0.0917684115882107
11992,-0.08891440931667383
12211,-0.09946246394810832
80750,-0.12033516901212415
17528,-0.1803569107363785
381246,-0.2040415704334948
11905,0.18107959397886475
100504689,-0.16388450205100824
71183,-0.19348339448530005
68947,0.18064480927491955
207259,-0.17126810698288164
234988,-0.13133475387945914
234086,-0.1444261439087695
55934,0.06994185985432821
320267,0.15636463432202508
76707,0.0686914733941153
235033,-0.12015935060663097
76497,-0.044379205817019596
11567,-0.13084135164406963
330953,0.19575448729678557
74020,-0.13711455067754308
214425,-0.1939497556905767
71911,0.055167886801616106
22130,0.2881222980325693
69721,-0.1644383838954493
16969,-0.08621136217030845
83436,-0.05627190914316671
66882,-0.036554058322590066
259034,0.28515440612347565
17388,0.2040418679138707
105675,-0.06401397010941512
193034,-0.1879813963187278
330409,-0.17119070767297462
74717,0.16082120488581708
68153,-0.048606433876674515
20497,0.13068744781540387
72898,-0.12196109073044603
241612,-0.3436352301862735
22210,0.06151142689655842
209512,-0.1162710665256248
68854,0.11327314006382849
224092,0.05340420768566467
241525,-0.1875084640712359
20609,-0.050282609222504604
15469,-0.04629254673980476
217716,-0.1832962194404093
15559,0.15023615624131725
211480,-0.18597436330648964
72278,0.060302389462341566
98711,0.18874732869555721
209776,0.10920530347005819
16399,0.08903067768596529
14580,0.11358885751856995
217718,-0.07108876063126957
16168,-0.13339243583511617
72040,0.17025872498885564
226025,0.12160689453936158
26359,0.08407958679907779
14812,0.11383656124088049
13480,-0.04797383473991523
110891,0.10135161410141968
107686,-0.05025052772704086
104816,-0.1462346437714963
270091,0.12308185505726588
100042498,0.11252197443509093
54651,-0.18072975431490912
74486,0.12588799946273088
15205,-0.12155146633164993
208188,-0.13522012002161166
216853,0.04149464252835955
69312,-0.15824462994018385
71690,-0.19454391530195814
432677,-0.16780707431506547
234724,0.11182031103314216
14804,0.1717274140186209
18587,0.13389825257865962
12268,-0.08431314153670577
104871,0.15145754641016396
52713,-0.06034193993898107
50932,-0.07423018990832553
56406,-0.09436514568304766
12445,0.04874054124261207
54419,-0.14777190508104
320806,0.05517386490594056
21785,0.1958462795895506
53382,0.13962514767071976
224860,0.04822815063318764
11820,0.11408965722128173
67150,0.06457797367517948
381493,0.12116838534367869
128900018,0.12116838534367869
20620,0.16772305709774304
219149,0.09992046118579179
11775,0.14875823202962923
71968,-0.048928825061084424
18072,-0.2400035496765347
272551,0.1617649894104165
26971,-0.1101588037723884
14011,-0.16463536211480534
15331,0.0738860322524264
11803,0.21696128853371466
66296,-0.11947088213488133
77110,0.04664979434727279
19771,-0.2087347510105797
381983,-0.12176701300064785
94222,0.14351559189870233
12336,0.039553927312995896
237178,0.14665574222621425
228677,-0.1789350030713468
21366,0.04752424426505897
331046,0.1435267695536031
18545,0.09897668105110391
269994,-0.1470864461976804
70383,-0.1700438934424806
258267,-0.1857556730762342
209027,-0.144063719482185
72027,-0.05719957116171592
232174,0.19388654790019233
50912,-0.0821070298065969
13870,-0.09843905280917475
13848,0.06348963685802289
77041,-0.1927376706322912
74737,-0.1007640484202792
21337,0.09104363016222372
239188,0.13641242595366698
20965,-0.12426791810058901
73732,-0.14254031823681412
378425,0.14828614882305668
74338,0.1367649425669697
448987,0.13282610570442044
100113398,-0.09745119616307107
67634,0.14195547143427767
15388,0.10178785660218814
93835,-0.15912571364729233
223666,0.04529930984915609
245622,0.26332921617009397
434325,0.20377718126248467
50772,-0.06611610173408522
381813,0.1598668072784415
22422,-0.10799603346551834
29816,-0.09444432112177736
102566,0.12598638817783492
18717,0.1627816939447282
107250,0.17537069267315353
77031,0.05325083928339147
23928,-0.1366993013748381
109785,0.076866892824909
211134,0.15462287627152804
19084,-0.05057581848189052
213742,0.06530230771103618
20388,0.1302499813396123
16560,0.11191495436036725
15163,0.06553011029965461
73130,0.06494499901719131
11516,0.14436353925280176
56522,0.12086152898703784
12847,-0.06040637476769639
22145,0.04151768357469443
78651,-0.059077015718594694
238880,-0.23522540598021502
245038,-0.2090325835789506
69675,0.10465208495403466
242125,0.18106722747627169
18754,0.12635655198447537
23832,-0.17917865939699107
15251,0.11977968110203863
15977,0.1342694174589001
75416,-0.06734159203177104
219148,0.15680069210241676
268859,0.13217763241275904
105246064,0.13217763241275904
68796,0.05106983841458401
56612,-0.048421575687159546
52250,-0.1345267037720621
50782,0.05765242056946995
68845,-0.0406783355396545
50907,-0.054943069571011804
140498,-0.14548977361822946
216161,0.10920389153158361
244694,-0.16115186453335717
14658,-0.19521339647907343
16591,0.12549288527320357
66700,-0.06066299914808404
244911,0.1286679246992941
217847,0.14353458098461225
94213,-0.0915235028840291
17210,-0.051073521600395466
212898,0.11530339488734498
231470,-0.1364652556303625
84506,-0.15351225181117156
210162,0.12747868992669265
276952,0.19727510197450915
22421,0.13715461693669173
170823,-0.060758391893771524
75572,0.129977063566038
22295,0.1706745439833388
320538,-0.06479685658641543
18040,0.24211990999637578
224020,-0.07089962376547021
27260,0.12925912564297004
69754,-0.06648834122701963
66079,-0.049787810996637205
67844,-0.0690630208201668
215819,0.11628543487865084
14077,0.17504973863782514
84095,-0.09935237175014855
21888,-0.147862264000457
15427,-0.10756623040556157
102058,0.0981706844697845
216197,-0.14892157883484014
327766,-0.10624545553352505
170771,0.14196104792833086
56644,-0.08220603855557229
81910,-0.057138348640362935
17294,0.05388884227798485
170752,-0.1597083139974309
192192,-0.05302317077728702
208982,0.1787382174958725
23924,0.04278638872769136
103743,-0.19384112560186484
67929,-0.18728631333306156
218271,-0.046938617137310956
20514,0.04002038304642319
97998,0.17273806550283766
56264,0.13094363339801163
259083,0.14617602936027962
56316,-0.10999054568835831
26382,-0.06219610228796668
270151,0.06634026280900329
53878,-0.12514108069977325
16597,-0.1288570750685385
71263,-0.1581366280961034
68961,0.0461348312880574
71943,-0.08340521892768571
105513,-0.049808569318541274
67299,0.13067442562679865
74978,0.1415146652077226
207958,0.06261604717031588
29820,-0.15966444081158482
227618,0.16616615098583365
110332,0.10337507482678987
18004,-0.12862785806468757
80914,-0.052682459230256384
67231,0.04904442590864555
70218,0.1348449926816988
320360,-0.17007711896529187
207785,0.13432777733476975
11571,0.12298608936453492
229933,-0.179441304712193
27204,0.18911743695444638
74682,0.17574170113713983
21894,-0.06909886369693297
20148,0.04860944375143461
68673,-0.1347267516542745
15245,-0.1545720882878605
57138,-0.08619767755120478
20849,-0.05028801213546075
26424,-0.1150928858802116
12819,0.1705485223694101
66395,0.05386102210272803
107568,-0.11358811990617212
209446,0.042260000630472305
18858,0.07137592173323615
258675,0.11190966955790227
207182,-0.16881286272358098
17182,0.151702730735352
71985,0.04146619963781539
21825,0.05817391495515167
67371,0.15751705614549394
14085,-0.08575268992688656
21678,0.14009295566680446
51786,-0.07253704261701
320563,0.11916293594097738
68265,-0.11805389801706045
547049,-0.11805389801706045
73230,-0.17625385608579158
68768,-0.12986998577883435
100340,0.1842371275891539
140489,-0.13932754173733874
83379,0.14655344092060307
23971,-0.10076208750114457
15925,-0.10582853222402822
26942,-0.1248956010014628
328572,-0.09104941865484317
330319,-0.12774349576529653
231580,0.07465028784132599
69804,-0.0406229121728483
140557,-0.1661859637397054
56013,-0.1391507504071683
102098,0.050548410735146376
56741,-0.14349628236710021
381489,-0.1670327329080834
77766,-0.130532083685587
74561,0.10350660193547423
26887,0.14153197651405947
194237,-0.12527828845606503
18033,-0.04547824731664463
18132,0.12706899923529402
12609,0.1021779511319938
52466,0.08007179196665337
14121,-0.14436300433706428
242721,-0.04479900132119319
104252,0.038332286670360816
269437,0.21385979113237275
70928,-0.11852640489371602
22349,0.13660032115983212
20610,-0.06928160561103702
75219,-0.11399856917465545
67981,0.13081460314996463
107227,-0.05691963699324987
23947,0.1276065405510396
257916,-0.16750336052511905
110962,0.04876349018169179
69671,0.19368919766049686
27374,0.0544332630233999
12374,-0.115929349727109
105866,-0.17861095376697644
105732,-0.17186243570776494
11815,0.15521334956126953
258316,-0.1289088145305639
78772,-0.1413683188977708
100191037,0.07585303334269611
76223,-0.12808256909310511
319670,-0.14616346877511965
242443,0.16911519488702975
243574,-0.14194634389141392
107476,-0.0728266876715189
67418,-0.043275474594597796
16536,-0.14752701770484222
70370,-0.17729104348919922
73809,0.13104758228142188
57390,0.17836249964621453
239336,0.12176851355397122
100494,-0.05261410588280846
382051,-0.06775954419769015
73182,-0.04139379391843079
208098,0.13803243941819465
232975,0.07296401527965557
210004,-0.10501345036431609
18679,-0.07515832522583477
73047,-0.1175390174833355
75388,-0.12432798588167193
16589,0.0488776989067059
382010,0.12417202124677473
24046,-0.11945586512742246
54422,0.1226337450333288
594844,0.16405880098966552
16183,-0.03485358775374792
18203,-0.03485358775374792
76282,-0.06459842293082296
13824,0.1989688082659411
18019,-0.06663006497711521
83922,-0.13218449868239546
16331,0.06440224444661524
80890,0.1467545816221456
12294,-0.15202112285986358
19155,0.04467086366441286
14169,0.1497604080038082
434778,0.14280332419051112
12798,0.03623710273073755
14123,0.09776366941550396
81909,0.11453678829395386
240832,-0.05521327575940305
68760,0.07521067972639628
246788,0.16163842034805098
73139,0.07510386477829378
76491,-0.07284841701921607
258992,0.19156685661988782
11827,0.056810186120131334
57442,0.14535362408346586
240880,0.1035122451735555
328949,0.11941447017829487
18430,0.084987184807086
381534,-0.12762124919702833
20402,-0.06184033274912526
101685,0.06629564086642326
68385,0.13972164692956834
77411,0.1639162864352821
327942,-0.11406074801384403
11771,-0.05316545400628492
22038,-0.10856036207147479
23872,-0.057056381485159235
320051,-0.08806105557298505
108151,0.12727216779656203
195727,0.12573671958684507
14595,-0.034208565100984245
74840,-0.04626863579559348
12928,0.03376963912328712
242100,-0.1522717124054367
52184,0.14402175346678714
67618,0.06547333469104633
20979,0.13736210435821672
78541,0.038597119161428495
21350,-0.14936495860748655
329727,0.11304840464394506
72074,-0.13966879437932844
15203,-0.09457422873593835
228357,0.16586500204403398
18787,-0.15479829526036593
231452,-0.044367835105695974
56095,0.0683272674119424
71254,0.12496204195780791
11855,0.09652662724569883
100504183,-0.10514119618399498
15379,0.1499338329904223
73379,0.12360295168171387
76499,0.14412595451094834
71474,0.08351336473785231
330188,0.12085058565061413
19654,-0.052119286075438254
53605,-0.03322970210543552
243931,0.1380211343751112
545389,-0.10520244971897874
238896,-0.10048421694409093
20209,0.1402655717181771
24127,-0.11170639383895598
56631,-0.08700425414704771
16351,-0.11645200751176255
229714,-0.11362862580612809
11846,0.13510024470131343
66789,0.1495530331884467
17684,0.053538364652130355
380918,0.09164506739271783
20860,0.10965767993187114
98660,-0.12329246107636394
215854,-0.09651578630165858
213945,0.1363605908423824
18185,0.09599256893909924
23857,0.10639448286626862
54450,0.0992229890057521
75590,0.14240797474439582
18324,0.13169319531205925
17906,-0.1520923787568016
213081,0.14614594142437642
240690,-0.08906339695665988
230678,0.1670158989488013
12856,0.13503416618510222
269536,0.04502656666258087
230828,0.15103623585296422
12557,0.08263950804894105
54376,0.10082283753628873
269389,0.143055961992677
107371,0.042711654676223176
13512,0.11894227677491331
16680,0.11944633986857367
243914,0.0774638410331443
432879,0.07964188364695701
21835,0.14749352251193493
75291,-0.13272075103082148
12426,0.11276212167906863
14806,-0.11912690394759817
276891,0.1354245679871644
20501,0.07078599269606922
16193,-0.10602663148121483
268482,0.14464947861347932
11416,0.10988771493456095
216028,-0.10300915874436223
216835,0.13751638062324822
17199,0.16635695607299938
26932,-0.1008113597768272
66971,-0.1396589547531999
216739,0.1821389370781512
11491,-0.10148881662921738
50769,0.12086217853410641
106338,-0.08011779052132884
68344,0.11100042651238251
56322,-0.12054820554238521
67122,0.14230479262207485
228684,-0.13514929018182276
66069,-0.061480705276919956
22376,-0.038168510302448055
214384,0.12296733481179967
20563,0.14957740402344388
68214,0.13128557191983248
11842,0.036895884547780256
77125,-0.15039106947373249
331487,-0.12398009034516733
20370,0.1356571270709952
241490,0.05144692761984082
327956,0.11328706730583571
74245,-0.10398556662411007
259058,-0.14329675341934855
171504,-0.06668407865720383
76265,-0.06399319062046871
72195,0.1673644164283914
77286,0.19626422570641378
102633301,-0.1646021425925479
15430,0.14617774356371882
215653,-0.041052891817322745
382913,0.11108649721744523
14778,0.14229101767531915
234311,0.12154291266314754
53417,-0.13191541588675637
15485,-0.11131294051988583
14375,-0.039590111348617896
13845,-0.0673978721612567
216505,-0.04872297979238205
71207,0.05000565856875561
208884,-0.03674980860716914
18369,-0.12982035848335816
50914,-0.10598030426869665
11307,-0.049843473238192715
67445,-0.13046238249391084
16421,0.045671583330605614
14622,-0.141894145349033
208650,-0.10879112130730562
407800,0.14536377922465826
17387,0.13072200286501534
78321,0.04765988457816661
27359,-0.05427574332783003
245877,-0.040774128047155855
56384,0.04293349955384684
64242,-0.12528122159999056
74580,0.13057395381656
71085,0.09125263510603876
14615,-0.09332143712895702
12773,-0.11099818716935062
19417,-0.10742214926774585
231070,0.12383842993922833
20443,0.10411871640866188
77090,-0.12516210849917186
20167,0.11134726433716402
216439,-0.04119838023702549
11632,-0.04691814644644765
107146,-0.17832889814532216
12823,0.14792301468902735
54447,0.10177119583513683
71099,-0.07572913534050052
77532,-0.09141721162952798
225432,-0.08162387076072353
83395,0.09063210169729352
140476,0.12369006446556119
15112,0.12280503328259051
71971,-0.13444224018021078
320111,-0.1031170975173783
237831,-0.1305075644323095
319613,0.11622797939603213
76768,0.11729837639595653
109857,-0.10769580827989689
434903,-0.16823904701189019
213527,0.19031377650197578
622480,-0.10410328633342925
29873,-0.12352658239591818
13645,0.05184505510350146
69538,0.1174423123539925
15160,0.1564054244812656
74443,0.11770443020178689
70466,0.12758743659953753
74268,-0.036820138778020706
668382,0.1750582048063345
245545,0.1750582048063345
236727,0.08373130655343797
69837,-0.11812265693574808
329547,0.14194756365842132
11529,0.07904807209276132
258408,0.19198713578641957
54373,0.11464392614245922
21689,0.1204263164810957
17855,0.03699704901566747
70408,0.12270712327097755
233744,0.10225368564433612
20351,-0.048257573279988364
224938,-0.04760091018133572
66264,0.045208991894712725
230767,0.045208991894712725
17428,-0.0480887903281797
67758,-0.0821296251129322
67200,0.0389586018515633
94061,-0.06392831905704188
12616,0.10418743731242408
192120,0.11418299129274256
22590,-0.03374287805924148
17926,-0.11230426855180742
19123,0.11965103618522299
69453,0.15121456663903832
75079,-0.09149513904957729
70031,-0.13143049174793253
63953,-0.08292135328400363
110862,0.11035302831403637
83961,0.06065909512551837
64293,0.1281806956529694
72124,-0.06062901876801252
258407,-0.11737043904826949
65972,-0.048358134757256366
244682,0.15047742374754014
68169,-0.11047992219401603
22290,-0.08916347794987312
74591,0.1536913231845154
231583,-0.1183229713312226
103655,-0.17662588417871827
105835,0.04551998600282481
117158,0.10796866807540662
218038,0.15193310353911427
81500,-0.036279429063878155
17076,0.12439111781616496
207704,0.07421442584475102
56310,0.03726992599111867
241624,0.122317810182345
257910,-0.12850876380518983
14149,-0.03300625665718471
246782,0.04895912189979246
76294,-0.1542088636884893
20129,-0.15237441934095264
72181,-0.08878160462484175
17929,-0.10904177058945663
75507,-0.09113895748894052
100072,-0.1148435195011821
226781,0.11928893941376062
269959,-0.0881773138869657
12411,0.09450472567334334
71472,0.046653580681045526
171167,0.11105276443765444
67448,0.10608945853749763
68938,-0.03917458590338185
23996,-0.030455017358471892
66147,-0.03221819078504495
320844,-0.1263193438569532
574402,-0.10693664764683142
269275,0.13343094182397275
320713,-0.12146546585296658
194219,-0.13592316759541045
217864,0.04404500655382293
59046,0.1353630731773494
16665,-0.1378685506561972
64143,0.048677729627403465
268739,-0.13206364133732063
433375,0.034297389220688146
320685,0.1114390606261102
73388,0.10435747184838284
67020,0.12753323604555966
18997,0.1300117390296487
192662,0.03645718929233688
66290,0.04012992982642061
170788,-0.10129824964051037
12156,-0.07607464612231496
56632,-0.03696243906367158
104248,-0.09482174810735611
67121,-0.12178916464722178
382077,-0.10746360846965253
14767,0.0839773482906967
16494,-0.12741137669563418
77485,0.10127676444522082
13421,0.08552269692062797
19345,-0.04253357063759644
74492,-0.0964328524501914
20340,-0.06346660538850202
67075,0.0434369131383292
26913,-0.1354836099706187
207375,-0.0839127568227136
18291,-0.11992096817860487
72482,-0.0344075815423075
210622,-0.06307102611637472
74019,-0.11389090345272557
226421,-0.07083482077524028
76779,-0.05063356695440646
21925,0.13384078517281672
108155,-0.05776664019477984
18431,0.09386995561945932
71893,-0.10009722212745942
258680,-0.11136481909544127
18484,0.10781604735042283
21338,0.14437744636134298
19672,-0.037042084199638836
71836,-0.11471081858556609
54353,0.041862084054095305
66513,-0.035269178277589575
239096,0.10933058072659163
233246,0.08981013841966323
69017,0.11405337651818126
66844,-0.1069914153793512
76890,0.05833648333764074
18948,-0.08890749680457599
380840,-0.06943654425455481
381457,0.10055596041526105
270163,0.10996213407852462
208659,0.09487498887198464
66468,0.10508578236961519
233879,0.09714737792008776
225030,0.11979161068390098
18488,0.11853104277957982
12419,-0.11426314370246349
226747,-0.03613827678464698
258854,0.12785487978487353
13162,0.15248993636729313
14919,-0.1312224799043582
67473,0.12536693197045823
13497,-0.06410427366104621
14748,0.038310285598255334
50778,-0.10930580612988194
67252,-0.10428926965996155
109145,-0.03079462006792788
327958,-0.12046354346459598
20665,0.07553572600952041
226539,-0.10529874991254928
71027,-0.15475448874987574
68194,-0.040577894011672555
100041273,-0.040577894011672555
100042503,-0.040577894011672555
54371,-0.12360939242236135
19344,0.10060176223924966
78134,0.11397541371938402
72201,-0.12032761944346682
78306,0.0907622687130063
228777,0.06364058859913868
105445,0.12680157716610108
20449,-0.03693108367928666
56697,0.04327004560147163
67610,-0.03631618653812918
19332,-0.10577346976921298
64706,-0.1444124261683868
234852,-0.02588803558930408
56226,0.11667571518538278
241568,-0.1177609455863653
56229,-0.11576864153484934
258640,-0.12120123914432224
68202,-0.042338316084114425
24087,-0.10224136404707096
19023,-0.09470183612246919
56805,-0.07993020233267156
108670,-0.07447852169722768
67468,0.038351931040368825
319594,-0.07653403437597817
26900,0.11404240734267734
12167,-0.09207307674999754
56711,-0.11724887176657672
67480,-0.08535101361978104
12909,-0.023566240457315146
238455,-0.09350024315847616
12267,0.1243586989795471
17869,-0.06023049131461722
213389,-0.07709323353777986
225724,-0.10106789036299269
16875,-0.13401535305612278
328967,-0.11842320873757295
380728,0.05950313752982872
21405,-0.1067399195809875
20339,-0.16022202726510804
243978,0.1017330342476761
252868,0.12235418369948015
63954,-0.14478565251181497
230726,0.09172066238529819
94090,-0.09456195275804902
76895,0.03764676173693893
14165,0.052994383278189616
18175,0.06993420217770341
27973,0.027923597943948053
22779,0.0884941023938044
68567,0.16552212062077354
319195,-0.04109341869133942
70864,0.08160025208322663
67573,0.11857002395715455
231474,-0.11026252440494133
14263,-0.03729819241703858
14080,-0.1391169766515823
55947,-0.09387675415740215
257635,0.05419057467235522
13191,0.03912287161457506
19671,0.03478063909166629
171580,-0.046190449101958464
74055,-0.11392762971656278
170644,-0.02697389637918768
78913,0.0928758977485904
15929,-0.02773410485323069
12877,-0.09599986478409184
258672,-0.10351413865457104
14296,-0.037976821650474335
12686,-0.10791246405460964
16527,-0.0728358817696435
14762,0.14052316870805415
14463,0.14643267092992662
246198,0.03295868048778239
217149,0.03295868048778239
101401,0.08509627269238784
67728,-0.040407274032856044
11555,0.048026057228392816
338362,0.11550501428304738
56838,-0.12768892935531628
211550,-0.05121239687355228
244310,0.0983180709835958
12627,0.11567974766125566
59308,-0.1551321182363341
77951,-0.08935659877770696
19126,0.08144572953461271
52276,-0.09553743854741192
22283,-0.11009368760528604
245469,-0.10321529286282782
94191,-0.10627633789122903
237615,-0.0595553637212074
384806,-0.0866978943868264
17714,0.07861437722021325
17181,-0.07525914023388047
319586,0.06945866613210416
70779,-0.0672096593391629
219181,-0.06589396293772332
75622,-0.1202477388682679
22045,0.08559574402312897
56739,-0.04935689798249143
210009,0.09177220311238177
71310,0.11323152562729621
54124,0.06393228589418243
235527,-0.1307540352305776
13874,0.09810520225191377
16186,-0.04794174270047513
12671,0.10375448315482849
17913,0.04596531267319648
19713,0.08257336717091723
433938,0.14183164737301546
269585,0.06525103034572499
73649,-0.12104013980284378
52717,-0.029961875267353832
216871,-0.07438715466922607
22360,0.08393006007900006
328329,0.06712241123008589
15436,0.14146001159920196
104245,0.10189788700839353
71861,-0.0862093182292698
18606,0.11233384160891813
14799,0.09935214719029783
17988,-0.033631858909586754
18976,0.1079234985279296
14623,-0.08920320137886506
66805,-0.09305141979477138
69083,0.10163052663168548
258656,-0.0978744397632445
258636,0.13561542744664212
93961,-0.0993846051313394
72003,-0.09413388781003773
246086,-0.10886152679131511
16396,-0.03271829297835538
68146,-0.05811248604878916
233529,0.03204292303679779
75869,-0.03319093070755663
68653,-0.040723133933676436
30052,0.05467176103177884
30785,0.06384899461158655
17755,-0.11311276997956465
53603,-0.12627342113760331
22439,0.11443875648530799
268780,0.1163703705109751
109218,0.10509198152015031
54123,0.08536642888675594
140806,0.15239666793769624
57776,0.09959352685994283
268729,0.053106012618616916
66904,0.09219041905572567
14632,0.12202690767412694
53895,-0.03277684645644996
16432,-0.022816484415697502
106763,-0.09443609032625222
14699,-0.098416548209462107
170651,-0.10777720764222432
13389,0.1181882122236324
70713,-0.08984042278162807
269713,0.08466817823214168
11921,0.07895113842069179
21683,0.1567986787221649
67049,-0.03487608196299341
56706,0.06096989592983881
74180,0.09049519187980515
21960,-0.13352107926093426
258218,-0.09160570098607757
232801,0.09325051860825528
215445,0.052343503222521015
16322,-0.07673279828170321
76612,-0.05458272435920719
270893,-0.10968471584702888
237542,0.11213448696729511
71769,0.11213448696729511
15530,0.10538754377075144
381077,-0.0862989659860407
69540,-0.0738863961336298
17281,-0.03903115711687111
435811,-0.08137982952139211
224139,-0.03196403406625592
237730,-0.10243212733200924
75828,-0.08928003896753811
104394,0.08981980407170198
75196,-0.07498406957205983
22097,-0.02240508548766762
102614,0.11181533793664489
66449,0.023110400794118746
72167,-0.074667239491367
12534,0.09269201107083358
268281,0.08276147579482362
16529,-0.09435123086846531
207607,0.09446520058591013
210801,-0.08824909807817205
73218,-0.029392660003344062
50915,-0.09416013360373565
382113,0.12378193361158774
73713,0.10315846299607356
16578,-0.07065192288061706
226922,0.12441114465263237
26570,-0.11052020954461028
66601,0.08050300886126838
71147,-0.08210448537633219
214230,-0.14941985169574323
217304,-0.053853470392192904
22275,0.06631684499880564
24052,0.10054405874766648
11298,0.08331439435915655
20589,0.04214436550325029
77809,0.08064123356654473
83433,0.04424679893803596
210741,-0.1426421435937293
106639,-0.05213210764803833
217378,0.12790571413774376
12914,0.029531516227715215
67182,-0.04271852677989152
93966,-0.049615510014815456
110876,0.09580235033759443
266614,0.08169696894506995
71869,0.09678457708958899
108148,-0.026611408099045164
15421,-0.12536198241840957
16950,0.07768962136191249
214305,0.11239733004683661
65116,0.028831939682538277
320118,0.07431029648552112
11500,-0.11020070530301052
78795,-0.14381219607301876
23882,0.03838649425098417
546611,-0.11766397162772568
627191,-0.09389306179250179
96979,0.049146609767531046
114774,0.12326748927483244
233651,0.08117193257939981
14161,0.09147668661617026
233033,-0.033849190890380854
73916,-0.04334357101450692
18771,-0.09044723039627023
54369,-0.036017539427584566
66235,-0.027142828054017798
18633,-0.026386868621349535
55990,0.10987997533134486
319455,-0.09471001241076937
84505,-0.09694441821704824
67895,0.02614160292040779
72184,-0.08235514081361117
13601,0.03454588708764739
171207,0.034714278276943844
22169,0.06760278559546062
20754,0.09201673779476538
233271,0.09281595259972164
328779,-0.10014839016651411
109272,0.10042397436064832
22413,0.09721283640229972
78339,0.0259813309654362
258941,0.09529661815631263
78803,-0.08657743798231543
51938,0.1307442985854781
20537,0.09091125464338035
54393,-0.09278122036426861
12817,-0.09478466278602315
27354,0.08130552155233683
107173,0.02566595151875184
77739,-0.09814950034924674
215194,-0.03814247168033269
100502841,-0.07213061537881948
226162,-0.033847464919444015
67867,0.029431469909301455
232345,0.09312609763849178
101437,-0.03409801282583924
77055,0.06352687580063332
103284,0.030160535507032016
83490,0.0553358227604388
19214,0.10980311218384697
14459,-0.09873046645882777
12455,-0.07201618175759261
242259,-0.07552737829096579
73466,0.08310731039769159
78388,0.06408096216985015
385668,0.17133092433842645
14772,-0.09860461427896716
80908,-0.07646686675396852
67968,0.06544445151884037
16551,-0.08626306054937505
78798,0.04499029114649211
230734,0.06920579507827718
98415,0.035592988328941644
192113,-0.07553354885967423
110835,-0.07660817543111387
26422,-0.11413117158718489
19091,0.09448838574551921
15432,0.0772683156694165
78833,0.027740759679328875
65111,0.026865106738675593
12640,-0.09254091262154063
14248,-0.036702694404910474
69481,0.10245890675694991
68817,-0.07422918940652501
16180,0.07704061456335953
666060,0.09267622646423002
214704,0.08211206779281888
12453,0.032032798830988085
14229,-0.03575792070657613
18027,0.09300989283733774
11705,0.13955923026611528
74552,-0.03606541351885184
211064,0.06016385013428227
654309,0.06016385013428227
328381,0.08559988732938173
140630,0.0528101117155817
72296,-0.02080842431673524
76917,0.09244276895132408
14708,-0.05503616143053147
114602,0.08607531507303712
241275,-0.0874954605739715
74096,0.03283891739950029
606496,0.027588992926933287
622645,0.10032719937166146
14051,-0.08892826045098445
218624,0.07447604435864008
225164,0.056946162379067466
22762,0.0806151064174978
14158,-0.05754447443072941
56351,-0.02323381816148462
328699,0.08708800299953001
218811,-0.03977586479319939
73068,-0.03977586479319939
67161,0.07403251509688058
14275,0.06287235019207138
228607,0.03358596355805332
214804,0.10415829657280185
114230,0.1277966672633033
50766,0.11043566105692815
106628,0.043007322953862115
11836,-0.03128762451633982
208431,0.10746724549828546
66077,-0.023287356814705618
66801,-0.02438266142259593
13511,-0.0756905621271704
70354,-0.08288975872412863
56085,0.03778488654062251
635702,0.08101598244438346
15377,-0.07652949214943972
12116,-0.07935681300530462
329738,0.06277278698473854
237987,-0.12306579398998485
170812,0.07764073185567
12380,-0.036461427575076755
18815,0.09543626810668471
17133,0.07857028444493253
381339,-0.06745268512305991
71709,0.0705518642133196
75563,0.07718803831397292
211187,-0.09479377805691236
70999,-0.0363820549303604
14865,-0.10074486354021417
13982,-0.08511964186637844
631797,-0.07152628122280458
70252,-0.0695582271268731
381678,0.07119933935427092
52463,-0.05758964334515859
13488,0.06616522711872541
268396,-0.07624492296619945
76299,0.04741333616250287
386463,0.08630973406241083
22288,-0.07622700997284859
244448,0.09367846743166863
67123,-0.03310053402988622
170728,0.04933683880279549
75288,0.0727141833881344
21414,0.0320624060572996
75040,-0.093929313639672607
18546,-0.08951667901594451
263406,0.04505348490054217
22757,0.024621817090089593
99011,0.08248858934148551
433485,0.09226142233330936
16151,0.04499354398087885
382074,-0.08802583883878867
170750,0.02648283687781472
243967,0.04650349656852182
109241,-0.027970326805911938
54141,-0.07014797016475871
67224,0.03749738164366434
57329,-0.07662026896979413
103199,0.02509385628059846
11287,0.09312273153241257
18292,-0.07493321938917363
72621,-0.07691462137020366
75826,0.031857942885626045
20476,0.09565705717150097
244891,-0.04050129831454985
209815,-0.035993679875943485
68337,0.05123926494440667
78808,-0.08322849306827163
228094,0.09049892707132301
223337,0.07692665701930146
67052,-0.07684438885292266
241289,-0.09362725541324979
217138,0.10570813885999186
232878,0.07094089099863599
212531,0.03280059077069453
17698,-0.028374969166373276
18417,0.08267663539313741
71954,0.04968021073104367
271786,0.06698628687856001
13609,0.03176165366485151
69354,0.07760693804478525
231691,-0.13149518897198043
226976,0.03058440518382355
12298,-0.07713894234622565
66985,-0.02356351714804994
232313,-0.0501327969440144
215707,-0.03011066292909348
67974,-0.08423662797259635
54352,0.06094906272059264
99138,-0.023911067114926965
140917,-0.08016362757152251
67416,-0.02831124885086922
72479,0.031363786126011206
69748,-0.025889300050057074
232371,0.08724892208861945
57741,0.0308845685767416
14936,-0.03748416986816672
22099,-0.02288098147333706
218952,0.0693465827095956
59056,0.07626635608215482
791364,-0.10548814097477033
22691,-0.0787202060045562
53892,-0.05202329266300243
55982,0.06950032759435931
76757,0.08239698572351184
213498,-0.072553292854181
17193,-0.04906198790175598
12990,0.09420117580887899
68166,0.09071679532032029
67516,0.05511916862353372
20687,-0.08940768121250908
108911,0.034730504638073256
381259,-0.09629235670685965
56291,-0.02731328367302588
227485,-0.0709161467303332
21841,0.06588795947842652
21954,-0.08566304565282312
18021,0.049704797464571016
74362,0.08428315434513678
18993,0.08634967943084426
56044,0.02607093699825569
23876,0.06556472053153906
240816,0.0747322847697518
22223,0.08432752193408266
53619,-0.04709369062622759
74159,-0.040279968536938604
12957,0.04279901055136204
12395,-0.05681744362143171
258196,-0.04023643687459888
100213,0.08090263662279185
76365,-0.1043749811869863
71838,0.02260698115046189
227290,-0.02384570320412749
77945,-0.03592711684710892
259051,0.08559400781620408
20741,0.07562588026914963
11602,-0.07858894401723804
30939,0.02776846499374308
66141,-0.03306141850534772
170625,-0.035964036427186485
72145,0.09759986928148745
56069,-0.1271053199140244
23957,-0.10636137628793829
14065,-0.08563829050400518
237930,0.059198020638230986
67959,-0.02848214392261106
78330,0.02289541162007147
68818,-0.02019734852824051
18613,0.024993287646424278
242570,-0.0423820477557566
258776,0.09308389055453636
259045,-0.09049096759739816
20724,-0.13070939485007838
14225,0.020898168784484028
55981,0.08435267311611483
217198,0.07855771198516148
14616,-0.0811822439375538
100504663,-0.023057686890412654
665180,0.08190736538702392
52563,-0.08500871343632532
232314,-0.046458873128536915
252972,-0.027895495986479446
29819,-0.07246063149820436
27096,-0.024559547260372128
58988,0.044212080294260936
224090,0.08813623319495623
239250,-0.06656886712659604
257936,-0.05526474941429482
72077,-0.07585978314658881
16775,0.10968984758362677
109637,-0.07407513032103896
78878,-0.08342689419022786
75221,0.0205231637761063
378431,-0.06431104874307891
234214,-0.06881942554705844
623474,-0.07402904618083461
20321,0.07234527893307519
20672,-0.08025724608201346
241516,0.12942586917256715
20656,-0.024565433857677732
74720,0.10498679098269648
100986,0.032700730217211316
11837,0.01432135750351371
67578,0.07111975336114629
14234,-0.08477959216595643
15182,-0.03103089998283881
66383,0.026524539362482003
22415,0.06051888810623307
244281,0.06280981927962914
237362,0.06457120462997423
353236,-0.08941321730168994
245670,-0.07130568620069955
218506,-0.05723071207694197
17872,-0.04781206028852125
68585,0.026251998497400564
83560,0.06101090283574617
56874,-0.07176284596767601
54667,0.08289084670488567
18476,-0.0309721234178415
18191,-0.043757730246361426
13361,-0.06553083627079559
18764,-0.06810361831602751
75646,-0.08365754899055222
65102,-0.02238143936040693
15372,-0.08258986038031324
13058,0.03665282671313008
26560,0.06778908237070969
21393,0.10068228269134583
263764,0.08774202541540266
668110,0.06338608824594871
319875,-0.05218362078128269
235584,-0.03362813916420837
258441,-0.06777106799017707
241576,-0.03839496913359852
54411,-0.02316503302323092
619289,0.0850978884987299
56760,-0.02022312482106159
66407,0.0215094268744096
217951,-0.07149579460776057
244071,-0.0754542051289846
104886,-0.04904824349543446
12741,0.08636565994660383
237459,-0.04738379710254126
329251,0.06011743870339448
240239,-0.08055974058397997
30924,-0.06531133616085771
70853,0.06496285530209711
102920,-0.0704329632447962
13876,0.08632021503801024
14008,0.06783400751393831
77352,-0.053175712878184456
381605,0.03767673747836131
214899,0.035748788570915124
319197,-0.05368128820434226
233079,0.05954203425498328
97086,-0.07934988295061185
11819,-0.05889681089787313
234344,-0.023305353621029035
80860,-0.07111143647987195
66492,-0.021318750101650963
381485,-0.07045705999527652
71920,0.06750226154866645
214855,0.021890220171982833
14612,0.06336632325318092
68058,0.02919950904353641
209586,-0.017885921459063425
382864,-0.03500690788890992
102639719,-0.03500690788890992
117004,-0.048421346794606634
69780,0.03268703542125806
74691,0.0907137048789961
22187,0.020083720267251692
226999,-0.08707999889360885
93880,-0.05532910537865421
22637,-0.026345165178820906
67684,-0.03929780610070033
16701,-0.08262070201656302
223780,-0.06299618346033586
217124,0.022442629994978702
53404,0.06898130537663727
228942,0.10114113427932603
53607,0.030027900567183963
71829,0.07416519607380145
76183,0.07147861117789756
18736,0.05299504534966859
16687,-0.07259299601597524
14709,0.08211750916363769
76571,-0.0824745708432637
630146,-0.03904542628526109
67695,0.020718085563293798
12283,0.018741403750974328
224897,-0.03975539893500013
54609,0.04014243395265282
66696,0.07109307031842116
56847,0.05267608458065487
353170,-0.038205607794357554
11907,0.03829653311150771
272009,-0.06215106039916929
239556,0.038837583595709546
238331,0.01787784282711158
214048,0.03569137712782755
54403,-0.08826828262534026
170799,-0.06559859624961017
56846,0.057405768780475874
242864,-0.04345968023756086
75739,0.07237273490997698
258600,0.08355492206940252
110351,-0.07427730936332555
110648,0.0739610810642386
381686,0.0709957631535918
18232,-0.0848477965558807
100045792,0.05773613929335619
70423,-0.05465532491823932
20773,0.038947560726543706
67143,0.026741722649355815
26458,-0.030726983163872568
74306,-0.053936869557781986
101118,0.05912119403539062
403175,0.08211072201732073
74035,0.04234647241426881
74121,0.0778137710646325
213171,0.06148593951274428
18703,-0.08454902972140177
216881,0.0676135236405333
210673,0.06799295133561545
58172,0.020713050679502132
230558,0.04877874622226486
20350,-0.07088957950910624
16414,-0.026337643665268473
242285,-0.05856649175822026
22388,-0.017443391475508108
224807,0.030585825931019883
72404,0.07244071443209155
67296,-0.04313006705699429
52837,-0.057776772262071674
22350,0.02448582722468018
30951,-0.05910830677942158
110593,0.05389312213765329
240899,-0.060301117696711426
23796,0.0606566154631194
27979,0.022553908567839898
68802,0.05502793651647764
17885,-0.05644813977873753
109305,-0.027395180363208205
70060,-0.06700851729825175
71693,0.05307937409004104
76900,-0.018755272416292712
244329,-0.061248120485625
18979,0.027966986457210297
13599,0.06169916645183138
240667,-0.05062022159818902
74470,-0.06228074460927724
74451,-0.015129614794846091
229715,0.07225051291310525
69938,-0.07038997435359207
118453,0.06902140750544117
212541,0.05467088160577216
19773,-0.057930953738432045
320808,-0.07262185093025586
13590,-0.07671860682147802
73016,-0.06351707557312913
68846,0.0596379192195684
67586,0.027113004519719652
109332,-0.063052269869452
258387,-0.05568653243033905
108961,-0.06058971568625182
14660,0.029087248909675623
18749,0.02174721558319348
20336,0.041590491023234755
332309,0.07788366764235066
217109,0.059525591846724346
21356,-0.019826629576632726
67547,-0.061948113455405185
11600,0.026499428368394362
70675,0.02452616707021349
72205,-0.024448791916876544
67010,-0.02713445677337134
56436,-0.019328527366283765
15192,-0.061342918697572024
227331,0.023857733124231117
108083,-0.023101417221042198
12827,-0.08965145573029787
23918,0.01655640165466643
97212,0.055086597744955945
244757,0.06012720067294142
320292,-0.02449173870905419
107765,0.06556695977874938
56443,0.020492378111569565
26949,0.05317169158131918
11994,0.06188995466349034
66183,-0.055052345581261264
19127,0.049430655691713454
80334,0.06093998137143819
17219,-0.021965077622244422
98256,-0.0236328097094205
23854,0.030759794216011827
68188,-0.022115524202051873
69852,-0.06872819243790307
12560,0.11164625111456594
434156,-0.05724728735902662
16971,0.03974135713293947
666279,0.08508202993431269
110809,-0.019419656943425068
234854,-0.027370726609058593
12096,0.05380770575194749
67537,-0.065111383037054
22326,-0.0658639302367714
12462,-0.021153694578519122
72053,0.022149233169705518
216613,-0.0745226593448658
105855,0.024467468032224104
57890,0.06362335089721327
68926,0.022728742683588266
20450,0.05763316604327162
207209,0.057839450969048745
319322,-0.021092419655353467
56194,-0.03640633216729672
66340,0.014440799141338445
11777,0.0241149632409563
245683,-0.061594962832557165
71586,-0.032160368990774124
329078,-0.055517211883800766
12896,-0.017005252714405117
213248,-0.05624490823308381
50905,0.06526067504492072
66283,-0.04778117892859024
382562,-0.07591708909138228
14287,0.025303199539452592
28240,-0.06537898885606452
12449,-0.05036536353445342
13048,0.08155285652839295
110078,0.02485281080901025
78653,-0.017739238058112505
103963,-0.015561833462131247
78558,0.04925353809910149
226744,0.023341178301114596
108909,0.018004030925048653
14683,0.019903969761051243
212937,0.06556584796115761
70054,0.0520931164737779
21406,0.029107686685781786
224088,0.05290216979350859
69480,0.04993948033151785
223773,0.02506930947242214
215015,-0.03374248375798761
74103,0.05423760437096803
14088,0.06454991846593039
244879,0.04788226235394699
22278,-0.04572891179103866
70893,-0.04971886364367428
71365,0.04735463031946363
259017,0.05067041334124278
243912,0.042944956092360265
78797,0.017862327952222756
382253,0.05443455879952719
20878,0.0429737307484892
381853,-0.049392223642126254
140765,0.03582179777254879
66384,0.019856743041607672
56737,-0.036115338802251706
67087,-0.05797231225643795
20471,-0.08386089793394413
18222,0.03858252191982103
193796,0.01932862731061391
21750,-0.02103292236053278
258746,-0.05281655723911571
12531,0.022114603189150372
242851,0.04925208601496234
66618,-0.01747123226979319
101631,0.03297308713479108
258155,0.047660773051023675
66066,0.01654629687258513
21789,-0.05856929101072872
239796,-0.05706732747633758
57432,0.027079916341871346
216156,-0.03023595816019231
70478,-0.05052659789093461
209239,0.05209708067814933
26419,0.058657449884367274
11628,-0.0528855106431676
20317,-0.06844850167808225
98170,-0.04226958605268205
16816,0.05339699639279516
76965,0.07370398658615418
74761,-0.05425419996852199
18053,0.02115834331323363
110595,-0.08684926989177377
18010,-0.01487398830293607
258933,0.06076176223620777
381580,-0.04455065799772573
22129,0.015966817969456315
12501,-0.015485420017350648
17120,-0.02256632117247026
12345,0.0157179099848328
21410,0.05222413109651214
66860,-0.07948082679912094
72393,-0.05087627445512677
57436,-0.015074780634565244
71481,0.05860965846055244
68758,-0.01565949197616412
20866,-0.015437670435870743
24063,0.04376716849797457
20346,0.06007112766250078
231801,-0.027170329775229263
277432,0.05297184027163926
17475,0.03702763335181558
12854,0.03443620708969242
171180,0.046533669713031856
239037,-0.0395717969258107
193736,-0.034521424811676305
14020,-0.030844295346776462
78255,0.017116867044942197
12454,-0.019773752696249147
665992,0.018865000054841374
17392,0.07231217853342642
68401,-0.019827294452536393
170734,0.05443866287232124
14528,0.04810377600245985
22342,-0.04452107817197426
15081,-0.03521832838394978
18575,0.05467466671687049
70052,0.040277376619982874
24044,-0.014310770229634784
66120,0.03980363332565506
210356,-0.05396654090911346
13612,0.047457260593288364
328258,-0.046347509459280456
20448,0.028995489560243115
68070,-0.051618563834401776
56417,-0.015831886076696833
243764,-0.07377480206131448
109181,-0.036552906455407985
381314,-0.028809440661119012
76217,-0.061470696802361946
17140,0.06523275510268833
12516,-0.015258128369305624
71785,-0.04607099102027057
11551,-0.0457238744002888
51795,-0.049944924285156844
107815,-0.0511349523587441
58222,0.01370245373274237
404316,-0.04761800547244732
259019,-0.0457828937556779
229302,0.04802253884191021
228662,0.05220294689891958
56012,0.04799244207190956
319965,-0.02015683398009749
241919,0.05669754438368013
219038,0.04463891719730295
69641,-0.0313322903714468
14089,0.05076759379469564
329502,0.04938205387767747
54137,-0.022909258335278793
243771,-0.05435950871445261
68815,-0.018355680661810148
105450,0.04251133820419506
21873,-0.028911705306227553
232187,-0.03838121094214397
68789,0.04264304834037347
13394,0.04850201135038379
52076,0.047517049562567415
226470,0.024531577895311685
215274,-0.05257474223510039
19651,-0.02400857547839319
108000,0.05412221909971393
13712,-0.05211978379609672
230676,0.013720234480118165
634104,-0.039579343052869476
66109,0.015157187859454524
68145,-0.044661149240821096
54167,0.015874092585937305
73242,-0.04640100278098824
70024,0.05852059086551531
70426,0.04834852574535997
71781,-0.04259520590701893
59007,-0.049243682359422
67729,0.04139334420660834
11472,-0.05871155347678947
29861,0.05017450938970214
52690,-0.01524389482825761
16570,0.0323308382618972
320709,0.049182007686721096
27373,0.016263650372403404
22401,0.03167846989752121
20667,-0.05201090006073006
98932,0.01226026940254954
19139,-0.01519034993552637
21412,0.046474327186828646
14715,0.0950122553314201
72267,0.01950309052900412
69724,-0.012897379415102606
68879,-0.018821562615537246
77407,0.013702523438626102
329795,-0.055644777633791165
68044,-0.0450795608681247
16373,0.04694908259481689
83671,0.04519164034025014
12305,0.03460662686165428
14368,0.03178200541530796
21687,0.05045248192012375
229542,-0.036571817119360084
20618,0.04492093079911452
14610,0.03921050993374564
330662,-0.05803522639440395
54390,0.015114339671400856
213012,-0.05093629990318327
106572,-0.04451792406032329
20473,0.040901383613463516
14151,0.01599082487302539
16678,-0.06205366532301104
15171,-0.04322601024118011
243369,-0.0351143823764577
227699,-0.03876941818616064
102631912,0.029759133670628657
104383,0.04333872929413829
330096,0.045784803940491337
107701,-0.021234477398401452
22431,0.029913004096560947
54711,0.023657140739143934
66671,0.03625459839162293
83672,-0.02188349668861811
17279,0.05430147655118134
16572,0.02327447759319856
19213,-0.04938410728570286
50868,-0.01786568170633096
99480,0.01555805052024617
18783,0.023757346227566423
100039596,-0.03205965513582143
433931,0.03463933081927806
20018,-0.012617121273665433
74229,0.0363267880141569
58865,0.02926998568955419
18806,0.04509884255986396
230979,0.0372096140867777
14447,-0.04132429846986874
230654,-0.03852779785815663
18767,-0.050703259397255174
94088,-0.06368053952584463
240726,-0.03633100396657962
242505,0.06374674470352737
67569,0.03543456025774372
14924,-0.04082320458501254
78178,-0.04082320458501254
74410,-0.01642634836202639
104010,-0.04334441915962994
12790,0.045072545617824034
242093,0.05902476669070156
71323,0.043840504919469225
68915,-0.036402130056734094
70789,-0.03306599212487171
72454,-0.01594744890285682
240776,0.06351681016240285
207215,-0.044597555604194206
17972,-0.01479647692319297
69693,-0.037904576968040615
75773,-0.0635481915683922
241431,0.05086350992108368
383709,0.05086350992108368
23792,-0.03939192640605871
192190,0.04444979612784117
211401,0.029791714441508077
108086,0.013739248445617136
240633,0.045655554740092974
67620,-0.045209053797794496
68626,-0.0173372142563597
72750,-0.012698870017775477
14313,0.037895213906869785
170656,-0.042656475568167096
16705,-0.04441779916150601
17329,-0.03342105319032207
21754,-0.012091898137565948
67983,-0.039991968133291866
239606,0.02163038582039878
20648,0.01855617921788877
319200,0.029453826669338046
94253,0.02427893125047831
270160,-0.05025988293313155
100306943,-0.01824696211043353
66530,-0.010449637483842977
230126,0.0415751713686241
74446,-0.028257222873481425
14859,0.03500628775766579
240753,0.04284771263190157
114142,0.033400393203765866
22160,-0.047518261139272155
12929,-0.023546322855612978
11923,0.05018568583950067
16671,-0.03466644182976131
320910,0.040201142843591775
102644,0.051727122474794385
383075,0.03657261410175039
238831,-0.0328914962349387
57277,-0.04616610720665637
319974,-0.03411777581922504
67226,0.011810477437471434
14232,0.011993578386121584
20511,0.03676173794662496
227960,0.03172299478866236
75750,0.04157851300051263
258207,0.04496701310483253
224826,-0.021763289280075426
13618,0.04019568733343615
11477,0.033962242816451216
53857,0.01666298217225126
77706,-0.03101851767460495
269966,-0.035401004379330026
269060,0.047606827253432016
12759,0.013589084126385487
26432,-0.04316689494886017
16790,0.0460965053174327
19326,-0.01148586397073359
66880,0.02850648849545845
67801,-0.04817757626095798
170711,-0.03709575496830464
94060,-0.034800917155405564
63830,0.01613052470075793
22004,0.01949915567780991
329877,-0.029133872134679883
16867,0.042798721651326144
53885,-0.04828975188140161
69875,-0.012973791872184393
67425,-0.04079824034356161
73919,0.0375359757098801
15223,-0.035987026246444564
20911,0.011984301068199699
15220,-0.04116812083845023
245404,-0.03769708110569958
20334,0.02661371715950267
56375,-0.03265360030442643
74133,0.02684783913879496
109778,0.01612789972919515
71723,-0.0169572682477801
73681,-0.02798440993283169
320106,-0.05267329616986682
13603,0.028542478075817
66653,-0.03198003857672749
545291,-0.030596557460710105
78284,0.04040110721302126
22337,0.042600929603541005
66255,0.03313423133157212
68971,0.034582013726372374
229595,0.03215478800238536
19051,0.031009502751664364
193043,-0.03398782870658845
195646,-0.03557194811356634
170677,-0.05577084430599255
258690,-0.03169829122952539
16002,0.03611770983711349
17936,0.012406533508844575
194908,-0.03403425310430386
17874,-0.012924759339906444
225861,0.022968975714093176
226049,0.040601558743472044
54636,0.022345053099224188
26464,-0.021871571426249403
110749,0.012025624465048068
242341,0.04055920423732573
12338,-0.051307618941791144
252864,-0.03283080449538911
74316,0.010720345854053903
21400,0.03248705712257749
76943,-0.03425136311750343
72434,-0.0330589260381009
216001,0.009021231499795945
22348,0.024905468167377265
11889,0.038526910799478564
260297,0.024731799154036338
320633,-0.04343345148442612
69654,0.012351229515966011
12802,0.014442746676074592
214137,-0.03367258870256773
230789,0.013995060979487661
320557,-0.04501090462317725
72778,0.032668517579560685
20603,0.009592661048197115
19882,-0.011445781169301839
216154,0.007400693918821588
226412,0.011937981656405583
217715,-0.009385088743925962
192164,0.024646384011755895
93757,0.020155120119714987
69060,-0.03597667306625496
381644,-0.014441426992696904
76980,-0.02771434336910117
433813,-0.028901228890627628
12448,0.03853938472185936
70432,-0.013573505274624864
67374,-0.029589597996747763
244698,-0.03566949149892018
620246,0.032567069322016806
60441,0.02311280854904485
70387,-0.014556883182052616
665891,0.03360207025865769
192140,0.03326110940407556
259075,-0.04567179517383391
76338,-0.011961465557513762
22178,-0.04744652440002639
66460,0.014074424048986955
223774,0.036553474152950294
399558,0.028445471442355874
11792,-0.010640186128796358
66254,-0.009196597205161083
72022,-0.017537252563480266
18511,0.029969634480263352
76815,-0.031593410443538694
108686,0.03129265794757785
20761,0.03710224838614318
407786,0.047736883556774856
217038,-0.00747207279954587
15361,-0.009223822173881402
22138,-0.03472334661999721
70044,-0.02807263124500281
30953,0.025338068557487325
24064,0.030984758939829327
14652,0.021345181802900903
26946,0.03414246896385942
239083,-0.02783401097994531
13508,0.024811463141782397
12617,-0.021451695380789282
234825,0.008906227728749272
56534,-0.03271924814082183
236930,0.012420737900952439
214189,0.03176184366819346
74287,0.006830996444531223
230316,-0.025610660048736023
11844,-0.008609905041021548
18585,-0.020166189563987746
12160,-0.026313193742012686
12279,0.03212522521580574
18813,-0.012938336656923788
102774,0.0222322347786168
14805,0.030901877480745465
69592,0.034586866279056494
110084,0.023236606087679412
108811,0.03259689299328716
18302,0.02517499945925472
66870,-0.008800539412536779
67434,0.028239566695155816
384009,-0.010457579532477723
17174,-0.04506997346913888
11640,-0.031986613261076435
192656,-0.025701571117415334
404319,-0.02776301244230961
258153,-0.03522765809655937
237979,-0.015019196077174612
71228,0.025392303474665923
67920,-0.012011852852453764
218454,-0.028037973722077503
109900,-0.012078068354387739
234683,-0.013412273461019808
434246,0.025959344625936964
67731,0.015633331025470376
19144,-0.028633329199805324
68693,0.011938561020445881
218461,-0.033103192892143696
21846,0.03827938034467682
54608,0.02561279563873775
227210,0.018494765711841943
228850,0.011495080224158016
435273,0.04393745512239455
101113,0.022139814691584547
15200,0.02129465709069489
66422,0.00797785583746169
216643,-0.02073257599573264
16675,0.0373925280502343
18312,0.03384005088471165
56298,0.020983673098993627
108841,0.022584921334934727
17346,-0.008953517962376978
66083,-0.009983750233589994
22024,0.03476753224645224
77583,0.011338474052827507
13395,-0.03211122621747897
72026,-0.010546843964079677
20842,-0.011539397061924639
194597,-0.019841024124243045
12493,-0.011682827090590209
278279,0.03286440887042463
13486,0.008644785192704063
19782,0.023822624496792955
116873,-0.028081055821348677
20467,-0.005373954459196639
12661,-0.03402288394162145
69134,-0.02651592744579645
20184,-0.026132469673634695
12371,-0.007997284780300262
17523,0.02473471485427936
140481,-0.009685885350752876
24099,0.021526605831787116
70810,0.03906226556789116
17920,0.02938290164727153
246102,-0.023106074844756463
68929,-0.00943912400078517
384071,-0.021950816715449406
213989,-0.021950816715449406
14119,-0.022588842754766247
66766,-0.013241699763440806
246179,-0.01533328805028944
94179,-0.023416987828922764
21784,-0.033906238371357755
114143,0.007270018055141492
107587,0.023536082901239652
20877,-0.03853097646059345
20529,0.021335165311537452
228012,0.006179969995001144
83997,-0.010282285547356551
76686,-0.02336971885542205
319660,0.031003030750673233
74335,-0.020683925103399226
66105,-0.00923808576967211
240025,-0.02512799613745731
497113,0.02465638389336311
73094,0.022011276801457313
14842,-0.021247666817671096
21415,-0.029516342384352967
75141,0.012249121121534756
50794,-0.01079094180884077
238055,0.028217206950212237
67898,-0.005732064859159891
140859,-0.009147778026165732
16198,0.0241904107248736
69666,0.010140425790098107
20197,-0.014353324395159461
258302,0.021595514895491164
12826,-0.008696356838401531
329278,-0.02320710574538154
219026,-0.015933517305038336
360213,-0.020906439316219938
19724,0.010881837699049157
217733,0.031992777365311476
93689,-0.022534137510000107
215474,-0.01972951246826682
66541,-0.009603879656321368
56622,0.029405321990116917
269180,-0.023697464942666002
320299,0.028206160748579734
21948,-0.016317180169083123
241327,0.024940145363586907
623279,-0.0314334707886843
12323,0.022552386137159708
19330,-0.01080830160351276
19943,0.005620047437339792
235380,-0.016881511232893942
20810,-0.010857245969077667
18740,-0.022308751360665013
14455,0.006892086342295656
115487645,0.006892086342295656
114644,0.0251922942546412
13869,0.024558778213553456
26556,0.015010166277114045
112407,-0.019270326692154782
22784,-0.023938947411382916
14048,0.011108001950983493
54646,0.0196389538265338
13631,-0.017578411672389826
233038,-0.014564801860545096
26406,0.005353934197449561
67621,-0.009657831630638825
53901,0.021406344694807622
544963,-0.015944953569904108
381810,0.018574151236210312
67492,0.014887313365751886
18810,-0.00919049216299328
73447,0.007303682155992419
12521,0.005214602215616537
19361,-0.01792028942953472
75660,0.005541460031848189
93739,0.005350650784327726
23801,0.01921947931372081
12916,-0.011223853260162286
212712,0.02394622474488095
20779,-0.026517427652834158
382056,0.007780783192220753
231327,0.017574719638527192
12813,-0.024039641476516493
15445,0.029058797982941087
320635,-0.015300956341816718
12330,0.005406344580709543
259301,0.021136577210166152
170737,-0.00489088404412108
18998,-0.015255756161218326
257630,-0.016884960485664458
67486,-0.012419865417278686
12364,0.01912808156984447
78478,0.014904558097053933
66715,-0.02626204645301744
73660,0.016738448387997984
23834,0.013788592561971846
230837,-0.016983252146551386
80292,0.015247591799868232
18761,-0.005349002690723026
12490,-0.012565929876358517
245533,-0.01902706110288399
67606,-0.01705835237268616
239766,-0.017612012545648703
20686,0.010455804967685722
170459,0.008818620656504628
320165,0.005922422911730507
78308,0.004554092230668161
18627,0.020711133578530827
78611,0.007190917246460593
77065,-0.015150301127883736
72560,0.01750963557002061
71919,0.005116313939925732
57249,-0.012327072952236229
50720,0.011747067547744905
22414,0.013716082926397366
19273,0.015121566525959196
236852,0.013553824403634174
237387,-0.02280911559980403
97165,-0.0061002198422013265
100039139,0.022108180896260876
71722,-0.008529744412157925
224405,0.02372874786477741
73181,0.011716730399900399
60531,-0.012060516326275916
241158,-0.020939280836928642
52428,0.012869011656385432
63859,-0.010656607611188917
67846,0.012511646582173519
74568,-0.01358790721480041
19329,-0.015985210261078464
237213,-0.016514203191290378
18205,-0.01596446324430012
56405,-0.004823786123456131
117600,0.018661763166937462
74370,-0.00553859715505034
214791,0.01229120319507171
23892,-0.022141215121676883
619665,-0.016607592477710487
56200,-0.006201424490729579
72258,-0.019987317128782323
18645,0.01662621878415038
231724,-0.015229215934875029
244144,0.016830400879971563
73723,-0.004032810588361357
70560,-0.012865461818202917
22241,-0.0047873842431460645
83555,0.00909463457408144
21816,0.012583905138420448
333315,-0.0166254510343542
214112,0.011808003997305416
59042,-0.003466599942870019
19820,0.013368330394962769
21827,0.011471373714998734
15201,0.015523984977130034
83430,-0.014390241893917466
15926,0.011290317657508986
12537,0.0038477954192508435
110312,0.015555128595162948
14473,-0.012761731774648233
332175,-0.013711040491775073
11938,-0.01171547361035774
100952,-0.01379741124804923
67030,0.004524805121143061
24113,0.009508678612492716
29871,-0.011068582749778955
109242,-0.009828080301247155
11634,-0.015415316963546033
26377,-0.004011317816546622
72832,-0.019273935710840462
67574,-0.01260087834249024
76156,0.011582451936426708
12215,0.007076158431589263
93872,0.01351553996379451
18440,0.013446830021017764
320982,0.006244749657220439
545030,0.006078549911151754
16511,-0.007480532287480912
20475,0.01164802974810275
14585,-0.01102703197081567
74012,-0.00744860584588114
57344,-0.004712701021657217
23856,0.005287784666904827
108138,-0.004371899533224699
22355,0.00906648501741314
140488,-0.006718012120932038
20680,-0.011047120948727063
66266,-0.00277741153996125
380969,0.011118431588063693
94112,-0.003672222931362157
240283,-0.008613028388181121
71856,-0.006809837921061934
12124,-0.008566025953285816
18130,0.008913051875221178
207798,-0.003006915876339278
233789,-0.0029814097876403878
14792,-0.002886901361851102
232941,-0.009036654292691626
18018,-0.003885002558938311
22022,-0.003456291740372208
103425,0.003511011154985866
12937,0.008964208118544814
353237,0.008964208118544814
192163,0.008964208118544814
12941,0.008964208118544814
12939,0.008964208118544814
116731,0.008964208118544814
353234,0.008964208118544814
12943,0.008964208118544814
74239,0.004105837297253778
11804,-0.002897312005126551
234700,-0.009538133813185468
244923,-0.008286605491781174
66259,0.010885483857654865
330149,0.011698653959260508
503558,0.012536799620189498
26398,-0.006250407554689197
17381,0.01131760618696287
73469,-0.0028831369952921904
27220,0.009046945117699323
23827,-0.008212666483121467
70166,-0.00836248960722541
71132,0.00949058641178624
100504164,-0.008287035249751273
20181,0.00767123411229953
17847,-0.005615694154437634
21375,0.012090891712254415
225875,-0.012234459878899706
242642,0.007095840517933549
233115,-0.0070315079559266636
21941,0.008736166676994728
239027,-0.009168180512645563
12700,-0.008359702183283524
93762,0.0030932829345555746
78267,-0.008696019811548439
328643,0.007229475929040774
67472,0.0029754136070643256
208606,-0.002357914769582692
16011,0.00803140897739052
279766,0.0025389693735373697
52430,0.005493705545025485
244202,-0.007827064724372335
21826,0.005631406248204129
235567,0.004960907554096394
237253,0.007058218263179761
238252,-0.009311543665096345
19737,0.006784862648137491
72033,0.008808027629266135
27407,0.002059738781992948
73677,0.005366860341677437
22284,-0.0042581475315097705
117147,-0.005772376874555896
19649,0.006269879248915977
320858,-0.008242838504597394
15423,0.007269789484445788
94353,-0.006751135765452609
78781,0.0017290560539482414
353025,0.0061474351904502456
545279,0.006049255235011319
17161,0.0045423233720267575
81000,-0.003414640678752079
59044,-0.0023027702161861896
268905,-0.004825837778523301
66058,0.007509525241349735
13628,-0.004724908004739348
20502,-0.006705278266184944
17978,0.002757128741391668
15185,-0.0021356693070817556
12466,0.0041116894854429376
223649,0.004478983914964374
216440,-0.0018196563242440789
20494,0.005905675310480696
331535,0.005758606098184682
13371,0.004046507010522227
226304,0.003634808831506575
80905,-0.005665618140406892
238726,0.004088560282617948
21817,0.003037858270952931
329274,0.004415362288114011
214901,0.004003480472392518
110083,0.004798596559443702
268860,0.004398845809635787
17968,0.005742092771554574
72572,0.004415769848407969
209590,0.004317974333232222
209224,0.001922168781431921
217069,-0.0014106296479248215
14237,0.0030287264507373735
245695,0.00478688842238828
19655,-0.0012431195320417032
320560,-0.0012728659241645346
69085,0.0017501656872660476
66594,-0.0012272204266583486
54624,-0.0012758070290352919
16552,0.0027887221160449727
545481,0.004277794539032875
60367,0.0032917217460006754
17314,0.0011835530258625937
234155,0.002293386793778218
67439,-0.001265495291558949
15422,-0.0033849342039640185
140577,-0.003201754479174923
382985,-0.002511191819770886
11765,9.420895627734183e-4
76826,0.0025336643816986637
19216,0.0024031343011623463
30923,-0.002145557093199635
52443,-5.106035253650276e-4
13004,0.0016225195560073402
105440,-6.907286583839323e-4
22787,0.002263806907484067
83885,-0.0020361584794947873
16700,-0.0020989424229096443
330695,-8.278750550658742e-4
67556,7.61066415882361e-4
213326,0.001829552768084497
258614,-0.0015046080370990644
19366,-0.001123313039502527
72057,3.567259746208862e-4
74648,0.0010704844797109203
22215,0.0013259333485891034
16534,-3.381804629221108e-4
27681,-1.936910969284611e-4
20833,3.7281393954202713e-4
75482,5.682142671723511e-4
66306,2.278486494855514e-4
14617,0.0010079769138107153
54485,6.713139913103738e-4
22256,-3.9177606155149647e-4
76872,-8.32262941900197e-4
227801,5.947270415243011e-4
97487,5.011286827993899e-4
79401,-6.221650747959551e-4
208922,-5.358624010174395e-4
70472,4.129852491097097e-4
12458,-2.2687302334212234e-4
64933,1.7372763543210823e-4
53321,3.108870772230432e-4
54343,8.26303643570725e-5
