MM.Entrez,EffectSize
11298,0.18002125862607318
11302,0.02290402109353098
11303,-0.03193187106853642
11304,0.2978830039737992
11305,0.00633950966733668
11306,0.0606121698058195
11307,-0.05559394891079378
11308,0.08054044637950489
11350,0.01321067796818051
11352,-0.24965805966823956
11363,0.12440258670249356
11364,-0.0613051963115734
11370,-0.02998874227863359
11409,0.00233379280304238
11416,0.10084135143250604
11419,0.03164328937025959
11421,0.12005625919846792
11423,0.4654651199218678
11428,-0.401131922988404
11429,0.05547299334536559
11430,0.00719200852493963
11431,-0.03677326814016479
11432,0.06361897158895612
11433,-0.10358239014774222
11434,-0.4719823834381188
11435,0.06442472197647076
11438,0.1915971322813936
11440,0.1495668635230558
11441,-0.6556087897745595
11443,-0.2878622510371953
11444,0.03250402891352907
11447,0.7392553942643063
11448,0.23227161342849956
11449,0.25957424734225953
11450,-0.5010389765952089
11464,0.0058425911276367
11465,0.09191858111534432
11468,-0.08588995894619617
11470,0.8067703278475691
11471,0.03974659068241425
11472,-0.2733258223789375
11475,0.06504198641006834
11477,-0.02129363137020195
11479,-0.01628622794328627
11480,-0.5026764133713834
11481,0.31646132896445023
11482,-0.09351782014496209
11484,0.1464352712294039
11486,-0.1367544345993957
11487,0.1271659117645333
11488,-0.02405348968737881
11489,0.1487595147655688
11490,0.06561422128021006
11491,-0.21123973772162313
11492,0.2880302065237938
11495,-0.17132304917149382
11496,0.3814238537167962
11500,-0.7269007884647241
11501,0.04075346060616955
11502,0.06135402101074372
11504,-0.09669889375708832
11513,-0.00742999229217661
11514,0.4905683077058554
11515,0.5780640504689865
11516,-0.49664689431772735
11517,0.5751256685368896
11518,0.03520382922170845
11519,0.18012349511767473
11520,0.11018884963078215
11522,-0.00102906486394557
11529,0.7405934189588984
11532,-0.4127955976479989
11534,0.00411156718550026
11535,-0.3524323800048444
11536,0.6782037415596434
11537,-1.1213804513788976
11538,-0.02306371409218018
11539,-0.7275268926133216
11540,0.07050960206226195
11541,-0.12595907616991076
11542,-0.444246067901461
11545,-0.04242499738996928
11546,-0.3145158448414506
11548,0.06462082385815099
11549,0.3481465979674283
11550,0.2661913379271236
11551,-0.659313798948413
11552,-1.001155292693701
11553,-0.1173961511075858
11554,-0.22767083221880063
11555,-0.11423282814798268
11556,0.3010291977411085
11564,-0.09021682159213794
11565,0.06167171837781557
11566,-0.09171686180018096
11567,0.02689632285293611
11568,-1.3321706869402132
11569,0.21965736795782156
11571,-0.17021494817352736
11576,-0.12790250352476268
11593,-0.28898952834771396
11596,-0.01456201602205787
11600,0.23680055444665765
11601,-0.28905064997582014
11602,0.4590699693907988
11603,-0.04899347034197317
11604,-0.13909060537422782
11605,-0.101811523908274
11607,0.207962477871062
11609,-0.4360307447080908
11610,0.33825283094919756
11614,0.31533990477351165
11622,0.00978845700926
11624,-0.37208831611571414
11625,0.07106370828730599
11628,0.00401731682101827
11629,0.1381371791229249
11630,-0.00762405073103819
11632,-0.02113502939699926
11634,0.15406582066652397
11636,0.15836666921014572
11637,-0.03756992865136571
11639,1.4113000154898412
11640,-0.3604310400214331
11642,0.00641432567544143
11643,0.28975453928236417
11648,0.3309203115190723
11650,0.07923927389458085
11651,-0.06880215995799002
11652,-0.00214090186891082
11655,0.2802310462353962
11656,0.02650375071603409
11657,0.3761683670581488
11658,0.03674180777845445
11666,0.02816338507304833
11668,0.11475134889608232
11669,0.15916504896282352
11670,-0.17955798687043178
11671,-0.087040263937495
11674,0.1088517873679993
11676,-0.1192558712567619
11677,-0.03578066076991482
11682,0.07064852046555846
11684,0.20483469149600791
11686,-0.2867915171691511
11687,-0.9096031022150496
11688,0.2196964184552288
11689,0.00400734388662882
11692,-0.16969459276106302
11694,0.12424093646146264
11698,-0.12358741455491482
11699,0.5637186658250559
11704,-0.3566494600237945
11705,0.2582872040409078
11717,0.5051528731697162
11720,0.5059932984062592
11727,-0.29908329795024874
11732,0.13185589928805258
11733,0.2435213537470058
11735,0.17353749006574704
11736,-0.18114374120261895
11737,-0.3455177060039264
11739,-0.15085369761397804
11744,0.12684742854610076
11745,0.07492730365127004
11746,0.00516715855763675
11747,0.1562287597769847
11749,0.02337547408408444
11750,-0.2129286813623553
11754,-0.18840117748953084
11757,0.06130706726267983
11758,0.0970687692712948
11761,0.6250941606106375
11764,-0.01684337085057952
11765,0.03945201052427423
11767,-0.03225269876598267
11768,0.08889528714437103
11769,-0.07724372578410427
11770,-0.2670488855152336
11771,0.00847414250793975
11772,0.4061455218152876
11773,0.11017579355787166
11774,0.07187636317507574
11775,-0.23786504349323737
11776,0.1543646549182488
11777,0.04400090273129629
11778,-0.02104286120471359
11781,0.141482251734978
11782,-0.00100564540185218
11783,-0.2362871086408187
11784,-0.04393261646900925
11787,-0.10618982615155226
11789,0.09268990368173428
11790,0.07192212655673944
11792,-0.14230462143038408
11793,-0.1332609718347757
11796,0.04122476644589428
11797,-0.06094024862708493
11798,-0.04016498532051984
11799,0.00849808960931381
11801,-0.3522986798913551
11803,0.3475049157155794
11804,0.08707880864709894
11806,-0.0966631790962982
11807,-0.0904800366657461
11810,0.01254215148060906
11811,2.358838728040456
11812,-0.2907871706998806
11814,0.11793384021784456
11815,-0.30581547445041063
11816,0.08356073261443418
11818,-0.17952565614455834
11819,-0.32272696212520857
11820,0.18944786004025388
11826,0.06321294244915879
11827,0.08795474176219857
11828,-0.04581678137422069
11829,-0.04974953005894805
11830,0.4737276079460486
11831,0.7838602151740712
11832,0.03202872846067924
11833,-0.12689464875563158
11834,0.07139775005538411
11835,0.21412127984978696
11836,-0.02616676985469421
11837,-0.03081807245790763
11838,-0.49115755014952694
11841,-0.05034214280094102
11842,0.06365492149294531
11843,-0.05135473131761061
11844,0.01300602062172067
11845,-0.03190775892424778
11846,0.21974974414322632
11847,-0.00348261684999712
11848,0.12915574838518257
11852,-0.02439723700606568
11853,0.03773345182107528
11855,0.11020320223805127
11856,0.23730061446493184
11857,-0.02201631025016589
11858,-0.5780388418341764
11859,-0.47384050806601075
11861,0.03142273553103968
11863,0.10818608180488164
11864,0.3425875003883691
11865,-0.16435521543761353
11867,-0.02441874540974056
11870,-0.22306451564242763
11875,0.1438027291933763
11876,0.3146754522668486
11877,-0.05797996968986986
11878,-0.9025045397723735
11881,0.15115520575273592
11883,0.0994394674618164
11886,-0.3590617852479952
11889,-0.8338934314870639
11890,0.23248364600104135
11891,0.20018531899100467
11898,0.070235783334024
11905,-0.38335804369864934
11906,0.16606704875613043
11907,0.04363436929478054
11909,-0.10560862023225924
11910,-0.25202868876217277
11911,0.00332476817765638
11920,0.06854527733110782
11921,-0.8138627480573155
11922,0.3750565565011896
11923,-0.1348256190799403
11924,0.07515051837638544
11925,0.09244097231113815
11927,0.1056382032340442
11928,-0.16068456425224187
11931,5.81128886014842e-4
11932,-0.7569970650215598
11933,-0.08467732523352345
11936,-0.4074905327093829
11937,-0.2913775109965359
11938,-0.36508683294406385
11941,-0.2292593150969643
11944,0.21913118190341543
11945,-0.3216052839946827
11946,-0.00250691862037959
11947,0.02121836220996992
11950,-0.08660257076853618
11951,-0.02641795942404208
11957,0.3122879609063816
11958,-0.04511068666174883
11964,0.1694822315323879
11966,-0.3857794321671455
11972,0.04520400023423286
11973,0.05434987340793554
11974,-0.04206671649113286
11975,0.05529287911714184
11977,0.22669028630584095
11979,0.12684790962624248
11980,-0.02517669536159118
11981,0.381349677696628
11983,0.06037540377489533
11984,0.1041955544375032
11987,0.0805868458659724
11988,0.4375495031410768
11989,-0.2684751392505177
11990,-0.31046029269914066
11991,-0.0024900515207437
11992,-0.01314031591961611
11993,-0.01893334258506373
11998,0.5550314701379401
12000,0.13853004039824074
12005,0.1570220134091879
12006,-0.3844549024092028
12009,0.02002560030166533
12010,0.01293455810115692
12012,0.340654340252473
12014,-0.04876391144581581
12015,-0.0965330964668778
12017,0.01107569343964705
12020,0.10141622023427035
12021,-0.16157973325870714
12022,-0.1160407440629058
12023,0.2618296432707935
12028,-0.08510488438775396
12029,-0.18366417600711404
12032,0.36642676551015985
12033,-0.21012225738417303
12034,-0.09107240536047152
12035,-0.26590696687462984
12036,0.0982029987079847
12038,-0.21015792568776295
12039,-0.03615876862641855
12040,-0.10040168361498542
12041,0.09463573517960822
12042,0.02984875303001967
12043,0.138264385402912
12048,0.03952806040055343
12049,0.02134834071736953
12051,-0.01434845165177353
12053,0.03213173155656273
12054,-0.17195193796934052
12055,-0.1175390924232969
12057,-0.08836928191848827
12061,1.0344639198009786
12062,0.35897172141818917
12064,0.0662305971076648
12068,-0.05167047078754727
12069,-0.22783072353579015
12070,0.08324585118122653
12075,0.2215609548900923
12091,-0.06579981761519331
12111,0.3624887916880694
12116,-0.08932868443091738
12121,0.17198944699958538
12122,0.06556747469519653
12123,0.5438809088171881
12124,-0.3844739636644171
12125,0.00355539056804553
12140,0.3145700864789942
12142,-0.11680152306339513
12143,-0.22805436699356635
12144,0.07665790927636336
12145,-0.07898722653051053
12151,-0.08164885568261289
12153,0.29984721208531073
12154,-0.22977054691285023
12155,-0.19243187908757983
12156,0.4911015401373851
12159,0.4404743366883197
12160,-0.744849662321369
12161,0.18581415291429967
12162,-0.10580277718848384
12163,0.07962758686891233
12166,0.43273628154642807
12167,0.2796257604589036
12168,-0.05269121372917648
12169,0.0817962385712387
12173,0.02840980636865653
12175,0.00169166380283888
12176,-0.1051835374849245
12180,0.1488274199874352
12181,0.05686679848678717
12182,0.02482056813396242
12183,0.08370674736399537
12190,-0.2381651861759201
12192,-0.0251074471543973
12193,0.03405998881747395
12209,0.03291529948447271
12211,0.14566690674616029
12212,-0.037527119654418
12215,0.02302250424778903
12217,0.18764201242298012
12223,0.5558641281243838
12224,0.34908198845011174
12226,-0.01969846351246097
12227,0.0072568662076802
12228,0.05850133565012454
12229,0.1383598557066185
12231,-0.05086244772692771
12234,0.22808072514673755
12235,0.03632810481743454
12236,-0.0799706650757154
12237,-0.02156560814170632
12238,-0.07396736965873299
12257,0.04837470329779549
12258,0.49338104587668913
12259,0.03107127693635815
12260,0.3245902061410776
12261,-0.14546704861756754
12262,0.16505849099002978
12263,-0.24816932267679087
12265,-0.4414619835048168
12266,0.1742545802890387
12267,0.00495540996047672
12273,0.6446554309523869
12274,-0.04601511813077075
12279,0.888693843115895
12282,0.2939733128497237
12283,0.1089139034945414
12286,-0.0039252365212285
12287,-0.6536923321004908
12288,-0.5089819542180254
12289,0.02680278397553205
12290,0.07911914427046976
12291,0.34397544511045636
12292,0.06807835502850747
12293,0.602215385898787
12294,0.23188666719708256
12295,-0.12062453996175312
12296,0.17553855110996813
12298,0.2256316695567008
12299,-0.6167519903883043
12300,0.3839700932416812
12301,-0.10283618378571754
12304,0.15100394851721322
12305,-0.6427812617274773
12306,0.10485950974426522
12307,-0.0182276104249056
12308,-0.28667326792186
12309,0.4566398187279685
12310,0.3406414803999046
12311,0.3927762675734213
12316,-0.03643012439096989
12317,0.14634353817754864
12319,-0.22919037873500023
12321,-0.3755090612252672
12322,-0.06381287898490152
12325,-0.09947723621342676
12326,-0.2045444159014123
12328,-0.14414631795578198
12330,0.08048216944500908
12331,0.07810123724020998
12332,0.05243584012703498
12334,0.16390160720271335
12335,0.22492605225355905
12336,0.10525762617870658
12337,0.36438202470659614
12338,0.27312343961993446
12339,-0.00708739449909771
12340,-0.0070370153162416
12343,0.09153589332320282
12344,-0.09218567471261814
12345,0.09804552900092914
12346,-0.05388855936268905
12348,0.14950957241717144
12349,0.04926368143824571
12350,-1.6842044155561764
12351,-0.1653616519865521
12352,-0.04254622567266165
12353,-0.08970516995366301
12354,0.06936482363588259
12355,-0.3423761636134109
12359,0.09316537925925984
12361,0.13278020856903766
12362,0.09110604208159412
12363,-0.00297181495182552
12364,-0.4360691016955621
12365,-0.16910936857587647
12366,-0.07995235019388333
12367,0.2171849741527052
12368,-0.04979543238074227
12369,-0.15686865070687042
12370,-0.07752061329513829
12371,0.05929198733426011
12374,0.08429315508648923
12380,0.04955408938934107
12385,0.19078377704204336
12386,-0.41059612625540987
12387,-0.1168896634547051
12388,0.3261290830712451
12389,-0.3481130793142993
12391,0.8905423956873828
12393,0.5410199947349542
12394,0.26696870537691214
12395,0.29738664636233997
12396,-0.06383195729375107
12398,0.10970899154944058
12399,-0.4734063934622837
12400,-0.17064410424482834
12401,0.17611613944260124
12402,0.25288111345086867
12404,0.36666233690113526
12405,0.2290594346668219
12408,0.0359014070485913
12411,-0.2147780334289573
12412,0.02255964795122496
12416,-0.6081586897556104
12418,-0.00826319625194766
12419,0.35063631499551173
12421,-0.175579361316202
12424,-1.537804750269735
12425,-0.17876350746980713
12426,-0.1109063176443292
12428,0.13520304525701377
12443,-0.04688961551111007
12444,0.03094190471154343
12445,0.10483484062554994
12447,-0.1750204239457928
12448,0.3142292647650113
12449,-0.36651888250405146
12450,-0.1232250548544884
12452,-0.18514326638447584
12453,0.00706823686426354
12454,0.06825025504291793
12455,0.20737217596755944
12457,0.049874894713799633
12458,0.05427060071915232
12460,-0.06845198317367812
12461,-0.04208867320064929
12462,0.03798102743232365
12464,-0.1046161637869968
12465,-0.01055224452392133
12466,0.06139936530219724
12467,-0.2559938461091566
12468,0.01831255940165457
12469,0.04228568986600804
12475,0.8074645811258068
12476,0.02592069920985098
12477,0.26377660176896284
12478,-0.08012867398632077
12479,-0.1987133096593139
12481,-0.08145458921226537
12482,-0.07326321063872186
12483,-0.09490243729138503
12487,-0.12952007512037328
12488,0.05795947384145306
12490,0.03689607731916361
12491,0.2406663761042788
12492,-0.04741658157973812
12493,-0.00301853751969888
12494,0.02718090080546645
12495,-0.14181880414733905
12496,-0.3729230154966956
12497,-0.35209721536184957
12499,-0.086170040643089793
12500,-0.010826284803332911
12501,0.01001808520317143
12502,-0.11043405589750488
12503,-0.3078734659915718
12504,-0.02975088422787243
12505,0.15649349957230696
12506,-0.1364166772492047
12507,-0.0720037573441683
12508,-0.05784113157362754
12511,-0.05885141306654699
12512,-0.1279200152803266
12514,0.10310349948576451
12516,0.04214473032276233
12517,-0.09291275952844703
12518,0.1540082725332692
12519,0.29935281838814376
12520,0.1335694998879969
12521,0.04965724225274563
12522,-0.15197952980781693
12523,0.15333494929420777
12524,-0.12338552874722952
12525,-0.1400523883268285
12527,0.19012994897029772
12531,0.06833340888572494
12532,0.2227174621867854
12534,-0.644313123538216
12539,0.00755310940164933
12540,0.04407502497101893
12544,-0.3671572869872394
12545,-0.6729256718051384
12549,0.43718348738843354
12550,0.01956857873549436
12552,0.3937868844225942
12554,0.12672467290997558
12555,-0.00146891384973005
12556,-0.18884628004604875
12557,-0.6103081876964807
12558,-0.6565653304071062
12560,0.10405020724412996
12561,-0.41138243009486686
12562,0.20776627124516073
12563,0.4026082551439625
12564,-0.01604585748847253
12565,-0.07944923442838399
12566,0.10918699914528696
12567,0.01067558892939842
12568,-0.05299956481875827
12569,-0.18253108245963395
12570,0.5894562941746558
12571,1.606569572806562
12572,-0.10524673346185238
12575,0.2847500814609597
12576,-0.12950726881012126
12577,-0.03077221442920416
12578,0.4197244576673187
12579,0.3900506267987095
12580,-0.12517069714731224
12581,-0.02575010025801039
12583,-0.2960698156177716
12585,0.0595137241281174
12587,0.34853741038499586
12589,-0.3720818240233276
12590,-0.19638142601733133
12591,0.2325687730007849
12592,-0.01007500119134724
12593,-0.00327977803759216
12606,0.3079510546789864
12607,0.07545951793692082
12608,0.1712091569948742
12611,-0.09282029504131804
12613,-0.20672501531691004
12614,0.10833809993041243
12615,-0.1699238389405441
12616,0.15073372159239454
12617,0.1501656131154368
12622,-0.15125522196675767
12623,0.14863889468493952
12626,-0.29552282104374894
12628,0.46514800038283755
12630,-0.10143702184382294
12631,-0.02111939263633297
12632,-0.04209218779456604
12633,0.06901408748256137
12638,-0.2321929108296966
12640,0.23991481777758897
12642,-0.2538706860398077
12643,0.12739947267215293
12647,-0.7051997437357577
12648,0.15912658445216388
12649,0.2513474821327245
12651,0.00899318988262092
12652,-0.15176765179720358
12653,0.05889693569575203
12654,0.41119427123168906
12659,-0.03123742672633288
12660,-0.10470456197620996
12661,0.20219765127475192
12662,-0.19210872664768147
12663,-0.2770041084102441
12667,0.18779777094369643
12669,0.1290065073479238
12671,0.3188146056008408
12672,-0.5068774725204013
12675,0.02445115412692985
12677,0.35222068117430855
12683,-0.6015647292454309
12684,0.5122510810572594
12686,-0.15071202268125963
12695,0.10872902621926932
12696,-0.05911278160086283
12700,-0.07942402557954771
12702,0.15500807439880504
12703,-0.01229253062846696
12704,0.4961636915548008
12705,-0.451580881588016
12709,0.16387898678029575
12715,-0.5983776906863885
12721,-0.05386782473122021
12723,0.05706730236493421
12724,-0.20906424489042208
12725,0.1477078825445885
12727,-0.02363883774747837
12728,0.2214456218819329
12729,-0.01277590254358064
12733,0.7381763478877261
12737,1.6135275508445073
12738,-0.4444898023320879
12740,0.20208462739597907
12741,-0.4688344195200629
12747,-0.14757853709403926
12748,0.04745189422876048
12750,-0.12270084305408167
12751,0.0429383501795071
12752,0.05708552680926
12753,0.4342660292380661
12757,0.02890956108928776
12764,0.07681872915151286
12765,0.25029147689407216
12766,0.0913067214574476
12767,-0.1624910793931606
12768,0.2714951614832798
12769,-0.1540420094406224
12771,-0.6109367630651632
12773,-0.1904111705927703
12774,0.13870225838634082
12775,-0.02163946359320237
12776,-0.03230267594422219
12777,-0.01405210893196034
12778,-0.5983550659005572
12780,0.7449735614056163
12785,0.03055021097823269
12788,-0.4014140389051507
12789,0.01405615204717098
12790,0.28343802479510743
12793,-0.05555337941709379
12794,-0.21272958943008852
12795,0.1861718758916485
12796,0.31964841411705786
12797,-0.4327978438339991
12798,0.0717736542063944
12799,0.10063207139067618
12801,0.02805845848686981
12802,-0.2225931596208958
12803,-0.07035554727409826
12804,0.15598067193198323
12805,-0.04742243537830298
12807,0.01223940246024556
12808,0.08377635677410711
12810,0.246337232839094
12812,-0.3856681197964731
12813,-0.3595191060826554
12814,-0.25927588948478264
12815,-0.1436692724758934
12816,0.7323793669848174
12817,0.29649390162802397
12818,-0.07490140248632607
12819,0.7577428789316683
12821,-0.22942467261865407
12822,-0.24949802651147904
12823,-0.41495108293931815
12824,-1.1892873052172896
12825,0.18513148043150535
12826,-0.18180940805644724
12827,-0.17333936360386798
12828,-0.20884554268119987
12829,0.00117533000666972
12830,-0.05943157218810446
12831,0.4115682613226849
12832,-0.2230704518804908
12833,-0.7587165474896771
12834,0.5275297987381746
12835,-0.7006365192288385
12836,0.05405018592749718
12837,0.3928635351727209
12839,-0.0928078270257962
12840,-0.2713890999146667
12841,0.31160642369421965
12842,-0.9174138407196252
12843,-0.3596333657288598
12845,0.0097049957779192
12846,-0.08890773748480053
12847,0.109642457995204
12848,-0.0909238711681003
12850,0.05285049643000893
12854,0.1165971363479211
12856,0.07630134585517614
12857,0.06415339468059059
12859,-0.10095418618033712
12861,0.03579339974637119
12862,-0.08559131477863702
12865,0.07788786538286509
12866,-0.00748823381678152
12867,-0.21663927757189388
12868,0.00805543467501914
12870,0.11488559739953234
12873,-0.2086657776845796
12874,0.34195396262847
12876,-0.05510022874758535
12877,-0.2823867718939176
12879,0.2150661473716106
12889,0.5244240977842741
12890,-0.4378868004714419
12891,-0.726604284490922
12892,-0.1761781593360493
12894,0.10622651991687976
12895,0.20089763222767593
12896,0.04187801067793023
12902,0.09406785178810873
12903,0.4921327568722297
12904,-0.08351116682748093
12905,-0.09015341160252248
12908,0.26307695050083035
12909,9.874301145954584e-4
12912,0.13054975455792983
12913,0.00780378579929205
12914,-0.010140196445619091
12915,-0.13756205887392103
12916,-0.01066304741207615
12918,-0.2117881142706865
12921,0.07369445238460273
12922,0.47228463319974767
12925,0.0475285244924883
12927,-0.03279832742749243
12928,0.02745579413860887
12929,0.18554995935237809
12931,-0.7922445407034531
12933,-0.08505569433720359
12934,0.00459861247589247
12936,0.4727422875726176
12944,-0.6725240005452645
12945,-0.17916740593007735
12951,0.6474173696114841
12952,-0.21110230000144228
12953,-0.21787952320055107
12954,-0.22162277414997117
12955,0.1410576840140135
12957,-0.2446567551497626
12958,0.44951132040639585
12959,-0.15573837613588035
12960,0.02037756792307045
12961,-0.4222828655093334
12962,0.08920780023274708
12964,0.04821523122323037
12966,0.1428617970499255
12967,0.21766554994777196
12970,0.08421109039585634
12971,0.6098280925876347
12974,0.02908876982385189
12977,0.19843775441838393
12978,0.0146613153182073
12982,0.10808317649096352
12985,0.6130662691107235
12986,0.07598554148231573
12988,-0.19759071781063156
12991,0.6188950348527851
12994,0.5917547265829844
12995,0.09234535395322678
13000,0.23231589274891695
13001,-0.11590442728258311
13002,-0.08589021131514717
13003,0.137610912930104
13004,-0.2741094885949849
13006,-0.02333593521960019
13007,0.06481175389445472
13008,-0.26323282723514513
13009,-0.4578866683641301
13010,-0.02918118078914667
13011,0.13733525997368326
13012,0.09293738296227937
13013,-0.02337482181181971
13014,-0.11098329323953174
13016,-0.05559998183862969
13017,0.4642458235842034
13019,0.06141438137189241
13026,0.02480487190265824
13030,0.08902622798157736
13032,0.11941714955932184
13033,0.15623619838198438
13034,-0.00652373106866339
13035,0.1285189851421354
13036,-0.00465290082767637
13038,0.04100913678426414
13039,-0.09433417105929666
13040,-0.00353534859607799
13041,0.09566549488517058
13043,0.5251753788569176
13046,0.02561654665196577
13047,0.1631109300732404
13048,0.21293113343277417
13051,0.08703620946582614
13052,0.09716319518574376
13056,-0.777631819437097
13057,-0.00151594876582531
13058,0.1826482024806549
13070,-0.05307176718280019
13072,-0.09741968291474642
13074,0.11505829694332752
13075,0.5092105097986536
13076,-0.30193261523024273
13077,0.6112561573090469
13078,0.1369524794932666
13079,0.19922194392731235
13081,0.2064357532081086
13082,0.10527576576022574
13088,0.27779279297746023
13106,0.35497674916988153
13107,0.23410485389250185
13110,-0.2717608062746284
13115,0.15047880106087796
13116,0.26025807450504224
13120,-0.5151701181480657
13121,-0.520567856207279
13122,0.3422975732675233
13123,-0.3173889374791524
13124,-1.068086298095492
13131,-0.13286530279810171
13132,0.09212524658489644
13134,0.23152268242684745
13135,-0.0416621877838013
13138,-0.02924046278528466
13139,-0.02771023227266642
13142,-0.4248960723759356
13144,-0.13769065537249
13162,0.1781295693730106
13163,-0.01750916863074576
13166,0.27309927437578946
13167,-0.05430787544501583
13169,-0.04564170340651667
13170,-0.1316225848731716
13171,0.28195318709863565
13172,-1.074174678468946
13175,0.1404244531207297
13176,0.12351603244781634
13177,0.03527163365609613
13178,-0.392503681894199
13179,-0.6624242106141411
13180,0.11378733827989346
13185,-0.04813678119277341
13190,-0.6538974548604088
13191,0.11585511596732984
13193,0.20895674217105947
13194,0.00118994237222213
13195,-0.14654224757907125
13196,0.2539290681080263
13197,0.04830828907439524
13198,0.21887725506903297
13199,0.01265846836941018
13202,-0.01765455690401694
13204,0.01463662398972008
13205,-0.07249109273256009
13206,-0.4853491397669717
13207,0.01698146911502072
13209,0.18101532132821324
13244,-0.05015829676370142
13340,0.11033830437115288
13346,0.1589526618890006
13347,-0.07468525303015795
13349,0.19835009013840477
13350,-0.06267190115204048
13353,-0.22506529767297603
13356,0.04317066943812567
13358,0.13127622278902942
13360,-0.3266864833271243
13361,-0.3323429421390354
13363,0.6468920412285901
13367,0.03793399158221135
13368,-0.7432740886629384
13370,0.24157127316461396
13371,0.05975854506108463
13380,1.2640582286245197
13382,-0.05481909073807218
13383,0.02005126273621067
13384,-0.18116304567379257
13385,-0.11383249027751342
13386,0.3661254560777248
13388,-0.5141643903681281
13389,-0.2596506669444956
13390,-0.6426157740783046
13392,0.5574451196870287
13394,0.15535303715021742
13395,-0.3561442690070963
13396,0.5219526591575048
13400,0.414416168549836
13401,0.21747793501720192
13404,-0.2587145598946643
13405,0.13362465368659449
13409,-0.07332104266573075
13411,0.08267900765940536
13417,-0.02154958141244341
13418,-0.08511357348541229
13419,-0.0223316583459268
13421,-0.24337198538299185
13423,-0.22601439059203657
13424,0.01381818421402089
13426,-0.2855378748759192
13427,-0.01669895406192401
13429,-0.3625231051385387
13430,0.00975805484266104
13433,0.210947298589492
13434,-0.3350894617945105
13435,0.04883072140976378
13436,0.02709649171058371
13437,-0.03225525864151495
13445,-0.02014668377830101
13446,0.5379435739292853
13447,-0.3518522805478156
13448,0.0099705553323024
13449,-0.03523424845774085
13476,-0.0291374850436808
13478,0.01927724713719933
13480,0.04376484165251339
13481,-0.04050518902796478
13482,-0.07244382030456215
13483,0.5079003552373053
13486,0.08065609381223673
13487,0.3674146892872793
13488,-0.3084813980576351
13489,0.09614577521634754
13490,-0.3337008731538611
13491,0.7381032669318978
13492,-0.1451034410064586
13494,0.05889532424324562
13495,-0.11740739854818616
13496,0.06909001977262132
13497,-0.21818526331552812
13498,0.39629713411343326
13505,0.1812934398182252
13506,0.5622632070826514
13507,0.3841126429663787
13508,-0.4279666399568772
13511,-0.21299144385263016
13512,0.5001682980161517
13516,0.2596645425697595
13521,-0.6518661724744755
13522,-0.1809520448677285
13527,0.515296357586716
13528,0.0563368211405377
13537,-0.15971940418215708
13542,-0.05858390331683125
13543,0.08852246163382745
13544,0.13219709265894986
13548,0.20952880573730093
13549,-0.02678197402488871
13555,-0.05890398342217182
13557,-0.07193548155114782
13559,-0.4111689648605706
13560,-0.10795805046219226
13589,0.00351720833228221
13591,-0.03334155279450199
13592,-0.0192424822404601
13593,0.05342175155661432
13595,-0.07693117775754288
13599,-0.9969199573353796
13601,0.23073604990820457
13602,-0.24218673594356185
13603,-0.3914068297156834
13605,-0.3527713965666931
13607,-0.17880093026541016
13608,0.27924561271470144
13609,0.01165825279220952
13610,-0.1812608231341739
13611,-0.06232604565433357
13612,-0.07934947253530138
13614,0.06745255833832131
13615,-0.02262776864458664
13616,0.49115733305370274
13617,-0.5424623252735659
13618,0.04981073574041021
13619,0.04575541985229244
13626,-0.03975657771015238
13628,0.14549506141370175
13629,0.00452778381323799
13631,-0.2724283274407802
13636,-0.5117359922910584
13637,-0.10990991693651282
13638,0.6311363795763747
13639,0.0771367912298456
13640,0.34653248515937796
13641,-0.03836304530280347
13642,0.5081714536402115
13643,0.16395741905557762
13644,0.2767731955944196
13645,0.13521261497200132
13649,0.3485141004559238
13650,0.25805563379913976
13653,-0.23282084336015108
13654,-0.40449942385828874
13655,0.6178483269336912
13656,-0.01843855922256132
13660,0.0421134861941754
13661,0.30146683691123555
13663,-0.11062158921837652
13664,0.00601563570817361
13665,-0.08777318554930355
13666,-0.20723531479297505
13667,-0.0299867407990199
13669,0.03970614632466112
13680,-0.1836636401897193
13681,-0.10437577162776832
13682,-0.08941426749914255
13684,-0.13746236232567585
13685,0.18935369883741993
13688,0.02822849974327943
13706,0.1353898999466554
13709,-0.11059556202500384
13710,0.4035163256287695
13711,-0.6594653951870688
13712,0.425289944162615
13713,-0.06642695477404319
13714,0.19478174269639772
13716,-0.08228751945339739
13717,-0.3997288362654415
13722,-0.1712639860346627
13723,0.00882197805309744
13726,0.03107443808839626
13728,0.31333180035216845
13730,-0.5042461013300679
13731,-0.01762208358783242
13732,-0.02025476708665646
13733,-0.1252869618206335
13796,-0.24531771456770832
13797,-0.04141649704143882
13801,0.3926991976260594
13803,0.10130811115019966
13804,0.1014622894622302
13805,0.08310149572561273
13807,-0.2253925956515496
13808,-0.01186362047207043
13809,0.22756540844962925
13813,0.07765992758040288
13819,0.00495186903400322
13821,-0.36003073340729397
13822,0.3408371975976684
13823,0.15279009045713737
13824,-0.5839580955314501
13828,0.08092409863232036
13829,-0.12573852816008466
13830,0.21451086164861952
13831,0.07316553010796417
13835,-0.2429644718417177
13836,-0.14315035770774623
13837,-0.21600989765842332
13838,-0.28409830174562845
13839,-0.05152453838144649
13840,0.5480980740956052
13841,0.30484627786251806
13842,0.6212420585447478
13844,0.25293820469321676
13845,-0.0644359860729175
13846,-0.5722526655298448
13848,-0.11895440273542454
13849,-0.13806650191361391
13850,-0.2387364241454221
13852,-0.00690432798262583
13853,0.06834837809804781
13854,-0.01707050548000702
13855,-0.27923247132285584
13856,0.5335017120273478
13857,0.31115973787104423
13858,0.21858829860349527
13859,-0.03393393391968844
13860,0.1791672566267529
13864,0.02176425550390662
13865,-0.3838962527372993
13866,0.34682367766310107
13867,-1.3983840915714514
13869,0.24074058178865895
13870,0.16008855675135342
13871,0.03036628559023034
13872,0.062563781236839755
13874,0.1554796524605992
13875,-0.11150146605798592
13876,0.30670248681883094
13877,-0.10050861233094267
13885,0.06447368838210876
13982,-0.06458114422538773
13983,0.00171483418617557
13984,0.39973009390921854
13990,-0.21943640034023057
13992,0.09345608281361834
13998,-0.31854161014568927
14000,0.15108894734009642
14007,0.0146682853439483
14008,0.15953845267888958
14009,0.41835202981012176
14011,-0.03065686897149094
14012,-0.0082671133209754
14013,0.13932008146001193
14017,-0.06339083551931315
14020,-0.09824495363587268
14025,-0.04190721600439692
14026,-0.03886496596534446
14027,-0.8132457066198081
14028,0.3951515668336361
14029,0.0136262698571568
14030,0.02452113464707676
14042,-0.2669838592075573
14043,-1.1637166836396948
14048,-0.04285186668954791
14049,0.04304481875444913
14050,0.04655142501418501
14051,-0.20884545969920829
14055,0.01339341583438115
14056,-0.2561768180942785
14057,0.16626326026222332
14058,0.26762577376038976
14060,0.2836557625801333
14061,0.04758419805077257
14062,0.14864532534299313
14063,-0.4305473202741773
14065,-0.41908585308174384
14066,-0.45325584417442033
14067,0.2549269023933012
14068,0.4750922222883352
14069,1.2617899882857122
14071,0.3845188918997946
14073,0.19287947192841848
14077,-0.2123219702974833
14079,0.35887432681789094
14080,-0.7328045868113376
14081,0.1441757858088512
14083,0.20289935496708403
14084,0.04119430671288698
14085,0.3044013090420308
14086,0.5276439577614733
14087,-0.2642072910575974
14088,0.0352969293198144
14089,0.589642540264287
14103,0.3828052612039678
14104,0.21773995807843155
14105,-0.3172987262364614
14106,-0.25077561042520236
14107,-0.49335390579612726
14109,-5.687082658186893e-4
14113,-0.02678197402488871
14114,0.18977310277049084
14115,-1.0740580404095712
14118,-0.6424654621996363
14119,-0.1988917780343415
14121,0.47650329279032
14123,-0.10826087751856368
14125,-0.02073055644321329
14126,0.5330448806212973
14127,0.15684446565483748
14128,-0.00985944172156447
14130,0.01152512166566372
14131,0.09691034335305942
14134,-0.2221544049455235
14137,0.531040953939572
14148,-0.16171144452818792
14149,-0.09195003884089978
14151,0.03984773422892201
14154,-0.05562121672582969
14155,-0.00219153488586835
14156,-0.10718894628414127
14158,0.648700535958608
14159,0.14350902801827792
14160,-0.41262766369243226
14161,-0.5742991640038888
14163,-0.1326702216188492
14164,0.26426665586165515
14165,-0.02812976595921361
14166,-0.2408314941384683
14167,0.23616371119372512
14168,0.2146507708452648
14169,0.07642049832903472
14170,-0.510250559661792
14171,-0.0809653447424428
14172,-0.6051224565774671
14173,-0.04314823979476209
14174,-0.25110467554082794
14175,0.4160158880107162
14176,0.2407996298829328
14177,0.38413077119989214
14178,-0.11779513566312312
14179,0.25298204868315644
14180,-0.46325318587936704
14182,-0.37717223043803855
14183,0.16389613597432004
14184,0.29533420078503153
14186,-0.3408129803504562
14187,-0.2780432811981217
14190,-0.11563182333016787
14191,0.22897031727003192
14198,-0.29188993823342213
14199,0.35090952381594087
14201,0.10339036014111966
14205,-0.12165448306972572
14208,0.0998878279036066
14211,-0.07041218801582749
14218,0.2766274096299694
14219,-0.5042817826656635
14221,-0.4063611762563649
14225,-0.03376045047068665
14226,0.09614226001551032
14227,0.0812447293669217
14228,-0.098568361017929
14232,0.01123371681892326
14233,-0.9453162469154373
14234,0.4364683603953726
14235,0.16147468734966336
14236,-0.26735482298385954
14237,-0.5126959349522028
14238,0.1887232660389656
14239,0.5505376661603006
14240,1.0016407687503903
14241,0.5759827261674216
14245,0.24324856011667928
14247,0.004995772544983
14248,0.1204327511122121
14252,0.0566615361386926
14254,-0.01434181706700027
14255,0.11066431853224726
14256,0.04485152956284254
14257,0.06164097726678731
14261,0.9438081910860272
14262,0.5258737417023315
14263,0.1189926790636838
14264,-0.951226207687008
14265,-0.31367475516408777
14266,-0.17468036366410092
14268,0.2369281941757404
14269,0.01154846950277895
14270,0.05401845493688581
14272,-0.0717986616945545
14275,-0.10403148782859704
14281,0.35782971748657666
14282,-0.00331534611506637
14283,0.3793310789240888
14284,0.3277656664270907
14287,-0.04527015108831454
14289,0.21093077197310936
14293,0.34568174801347035
14297,-0.17100460622669433
14299,0.0521543345886187
14302,-0.19958351234448263
14308,-0.2608033964540919
14309,0.2190975155392474
14311,-0.3845089377137446
14312,-0.18334226425709213
14313,0.11031690224105647
14314,-0.5311478352695448
14317,-0.3824298250102051
14319,0.03033931560236377
14339,-0.23156758372550057
14343,-0.48668804399786014
14344,0.26939518428200715
14345,-0.07751831088531971
14347,0.07661880984584701
14348,-0.45786509632899813
14356,0.0224324481956819
14357,0.07265713873101139
14359,0.00695399240592338
14360,0.20212936247571345
14362,-0.04380635092577562
14365,0.05113534171467272
14366,0.2898585986449155
14367,-0.16162613969123582
14368,-0.7303625969889177
14369,-0.39818796392261135
14370,-0.3150135091508601
14371,-0.17027561952714915
14373,-0.147879389553272
14375,-0.03327687314487892
14376,-0.0381691873561634
14378,0.3248883303993298
14381,0.2006175028246974
14387,0.03686431513681547
14388,0.5020693108740568
14389,0.15490573476063785
14390,-0.26773284617031584
14391,-0.10696024060065636
14394,-0.02713319643194495
14395,0.2788201769076263
14396,-1.298324576132905
14397,-0.1700593195116234
14399,-0.09216883135208756
14400,0.611304300755404
14402,0.6726630128890634
14404,0.00452240562787187
14405,0.6939278230320454
14406,0.20240710513840612
14407,-0.49930216833768887
14409,0.06646030497567618
14411,-1.0161000556977755
14412,0.06777575812314504
14415,0.1354922487662299
14417,0.8694000994183122
14419,-0.02391313501266883
14420,0.350426391390222
14421,0.07244651774123427
14423,0.11204558985075352
14425,-0.29375003370499
14426,-0.1032071236592602
14427,0.7881975141795904
14428,-0.0066361360217613
14429,-0.07670626433742939
14430,0.2501879882898904
14431,0.0753597320097992
14432,-0.06722660005408569
14447,0.12585291481733538
14450,0.11230520108845256
14451,-0.01613966092768921
14453,-0.4196986792235649
14456,-0.61133869696224
14457,-0.2647960363789115
14459,-0.074050110169883
14460,0.0954031878193034
14461,0.2176693687074549
14462,-0.07994093845034243
14463,0.6534777624347103
14464,-0.00237524310772152
14466,-0.0877197155851193
14467,-0.02228836212472103
14468,0.3328767621288806
14470,0.03254830992552831
14472,-0.28133133127941207
14473,-0.2122079893275463
14479,0.0714378669382439
14489,0.12408486674903106
14525,0.27433029654811925
14526,0.01407351092869874
14527,-0.15214762458064346
14528,-0.00530574297104347
14531,0.05660405030233191
14533,-0.08721660542702188
14534,0.06218691508159427
14536,-0.13678146521676132
14537,-0.08085489616013375
14538,0.24557076738465783
14539,-0.04851051012854884
14544,0.10639761718138506
14545,-0.17338308490936707
14547,-0.09928588088816824
14548,-0.10114724645122936
14555,0.6991664022408126
14560,0.3054491409474708
14561,-0.28646587114438593
14562,0.15905387781749977
14563,-0.1531535561062063
14566,-0.09365385471519448
14567,0.16136612952913976
14569,0.01288595175570551
14570,-0.42128404717603835
14571,0.09308727198268202
14573,0.5405252140845591
14579,0.0944216137374628
14580,-0.1201589823035451
14581,-0.01094710007568723
14582,0.27667917799530617
14583,-0.04911498042859989
14584,-0.5142256909154902
14585,0.17633562356823845
14586,0.2796881763995004
14587,0.03450370690702381
14588,-0.03750829622458424
14590,-0.08928676463738143
14593,0.04536763626325729
14595,0.05949606228722905
14598,-0.4948785053283845
14600,0.25449201721310377
14601,-0.11942321719737949
14602,0.4354927562140499
14603,-0.07741319936844573
14605,-0.00728197134424659
14607,0.03760852313577496
14608,-0.45061422381563976
14609,0.16254517875510652
14610,-0.7117969332813255
14611,0.12067580137467712
14612,-0.10235820522627816
14613,-0.01405629429473634
14615,0.1397532422198064
14616,0.09228479217041818
14617,-0.6886768020727917
14618,-0.04494590393373923
14619,0.10921326869587288
14620,0.3818524812739022
14621,0.425443504329415
14622,0.02380455497323975
14623,0.0901178952486661
14625,-0.5099472469860741
14628,0.11985870159309968
14629,0.10826902831679493
14630,0.02251383827439979
14632,-0.4390587816536496
14633,0.6146177791952268
14634,-0.0992101758884946
14635,0.03839212688798413
14645,0.09032517933461656
14651,-0.3496225316574942
14652,0.1489046980853967
14654,-0.1353590715266576
14657,0.17369344454072483
14658,-0.01681403732335444
14660,0.02874264785603493
14661,0.03288820116761821
14664,0.12946886664094964
14667,0.08869143104247962
14670,-0.11101856934305054
14672,-0.12482984831794204
14673,0.02234740349555129
14674,0.09005451169044962
14675,0.06433144718928888
14676,0.14672539590197664
14677,0.2846091107163576
14678,0.00565189764228999
14679,0.09733434622633884
14680,-0.5616025699246369
14681,0.09190634518255147
14682,0.2420280612682426
14685,-0.22914261107043724
14686,0.3664070577455308
14687,0.0890220682385119
14688,0.05538648661767872
14693,0.00889612722649637
14694,-0.03435998690382911
14695,0.01660428146882472
14696,-0.578376182931726
14697,0.14434003226395184
14699,-0.31239010955435387
14700,0.0097684572730687
14701,0.1497623909916563
14702,0.01708903820365728
14704,0.2149246501722461
14705,0.02701579351551955
14706,-0.24238842462560428
14708,0.06285740895064644
14709,0.8440870999252894
14710,-0.08506949394804439
14711,-0.48047283300874705
14712,-0.07654705937429035
14714,0.12537618031682957
14715,-0.12160847888609044
14718,-0.05912577516951345
14719,0.14943020289015332
14723,0.30397120446256787
14725,0.31635888657998434
14726,0.07982173199846299
14729,0.3979281663516843
14731,0.4601512183101525
14732,0.22505013429090576
14733,0.05186317823671266
14734,-0.13970674208112244
14735,-0.20374999453608977
14738,0.1507981660290037
14739,-0.428294978001016
14744,-0.22394052467572184
14745,0.01410184396400043
14748,0.03429573547538856
14751,-0.05756934891399618
14755,0.06462571371146203
14756,0.5950664636924791
14758,0.1635021892873093
14760,-0.1236808068185928
14761,0.00475936990233656
14763,0.8952089957512637
14764,-0.6320108778273501
14765,2.065063281092017
14766,0.2166263645076459
14767,-0.02962902271809177
14768,-0.2053538934612243
14772,-0.310025677317418
14773,0.26658678403203273
14775,0.0548522578835763
14776,-0.02055321127103221
14778,-0.3523452743055023
14780,0.2479402036447087
14782,0.0969989725139267
14783,0.1432676394935089
14784,0.00746831276771567
14787,-0.2201995348329091
14788,-0.02975088422787243
14789,0.1871398691835948
14790,0.04670708103498391
14792,-0.10189227494017868
14793,-0.14205411157563788
14794,-0.06456312160577353
14797,0.04580900710996891
14799,-0.2871885647737377
14800,0.3893413412097766
14802,0.6056775579840157
14803,1.1186807931776084
14804,0.32419459584855
14805,-0.2232159936909444
14806,-0.3986145186949568
14807,0.4862873887803461
14809,0.1477756748768527
14810,-0.4111441262591386
14811,0.27028919724624606
14812,0.3635910884036838
14813,-0.14426163945749612
14814,-0.70709252266061
14815,0.06200674746890494
14816,0.37050945845353034
14823,0.10745842332908656
14824,0.17821912419299218
14825,-0.05066948479559013
14827,0.08135447858985907
14828,-7.529283277651557e-4
14829,0.03368564667783041
14836,0.28948775330775256
14840,-0.10509436601861748
14841,-0.02837661957380147
14842,-0.5330354175812078
14843,-0.11021499160963776
14852,-0.01495381854331515
14853,0.2733677233860118
14854,-0.10373336912525266
14859,-0.07437540635724654
14862,0.06819850546140563
14863,-0.7530464101634068
14865,-0.1786881351311023
14866,0.00495713556547332
14871,0.35958866331649086
14874,-0.0914013763039538
14884,0.09883612614645132
14885,-0.14119654870678242
14886,-0.05043808750472116
14894,-0.06658050954728986
14897,0.15718423806485413
14904,0.04030077637806217
14911,0.00520444955382548
14912,0.8982117882128557
14915,0.10651472715293445
14916,0.7427649496768551
14919,-0.4273651854874919
14923,-0.09234234130913845
14924,-0.1269854067317795
14933,0.22891079671258047
14936,0.00548968431244066
14938,0.08066410361472454
14939,0.35380822958843755
14940,0.2186620932694243
14945,-1.2246903787450862
14950,-0.12895211545414154
14957,-0.2153673735879445
14958,0.33071705177321253
14960,-0.04221173009899531
14961,-0.0503575056180903
14962,-0.24816932267679087
14969,-0.050176179511939
14977,-0.04339454540241502
14979,-0.06590772343255528
14991,-0.09957486323853636
14998,-0.03622767362162485
15001,-0.1256675894893224
15002,-0.16233985690290556
15007,-0.07766871057666958
15040,-0.03030328479638322
15064,-0.21808364286698576
15107,0.00185166308413176
15108,0.03552017049620391
15109,0.6235880386394915
15110,0.04843384350355617
15111,0.7251962161018444
15112,-0.1851587104897095
15114,0.19069023425214832
15115,-0.00118630543291418
15116,-0.09961531521093298
15117,0.31498364606577145
15118,0.25691359912312656
15126,0.28095595449145544
15132,-0.13932740148027678
15135,0.01932932286007939
15139,-0.18387088513544103
15159,0.00700799946784599
15160,-1.000796130538574
15161,0.3108029335707824
15162,-0.01622232644117328
15163,0.10809288809924691
15165,0.21703822836025005
15166,0.01305534357263676
15168,-0.2388734582211456
15170,0.10205159638420527
15171,-0.5104852395324772
15182,-0.04025765107709526
15183,0.0095997092099045
15184,0.02807684490165781
15185,0.12090168396297755
15186,0.2198536369971136
15191,0.07214672412637693
15194,0.06379293895392187
15199,-0.01041192025317709
15200,-0.19182397304532664
15201,-0.6456351383588445
15203,-0.07477796926337843
15204,-0.2653503452233087
15205,-0.3294892726861063
15206,0.07428219701515335
15207,0.6911158712162749
15208,-0.3422114348397658
15209,-0.03949215796984652
15211,0.01336140903934438
15212,-0.07529980846605559
15213,-0.0259862863928694
15214,0.06508886057083554
15216,-0.02646279979786132
15218,-0.04802635864524059
15220,0.15837586198308795
15221,-0.8225940015539084
15223,-0.00508598553387908
15227,0.2290915652058967
15228,-0.23666840058325483
15229,1.7128264562291289
15233,-0.4406865946785208
15234,0.07564784222698527
15235,0.1699781494983652
15239,-0.01332290019067152
15242,-0.13491482736988095
15245,0.7671135738288979
15247,-0.08160644525106193
15248,-0.1989174930487654
15251,-0.20010333122315063
15254,-0.03454565426155884
15257,0.20676974829786515
15258,0.18813106061978263
15259,-0.02454155849569171
15260,0.12989649244898502
15273,-0.01941846862583222
15275,0.19363462813796503
15277,0.1406008594129904
15278,-0.15187987683062346
15284,0.29268006172730304
15285,-0.2797675854757965
15288,0.07055918137434519
15289,0.0032145999737638
15353,-0.07245664314966317
15354,-0.03131812119759683
15356,0.01653259212299199
15357,0.01977835441020216
15360,0.47465772612786133
15364,0.00311103678245616
15366,-0.09177504553159424
15368,0.21791357836354355
15369,0.04130438028424149
15370,0.00645013490446773
15371,0.4241275486802317
15372,-0.14224887452161034
15373,-0.4800539434310639
15374,-0.05682023141843891
15375,0.16569895354385905
15376,-0.01525173041371041
15377,-0.27093559700172004
15378,-0.5962408324636694
15379,0.47099933130878735
15381,0.02922451710503258
15384,0.03011570137482305
15387,0.07954503379567786
15388,-0.04740913361846358
15394,0.369698515446716
15395,-0.4555595788171767
15396,0.10073191358651992
15398,0.16879240266761583
15399,-0.4259613011147469
15400,-0.9561924859779874
15401,0.3487174700043195
15402,0.02123783524527502
15403,-0.07085336036854509
15404,-0.04057252157490125
15405,0.07748804943010651
15408,0.1975931605257281
15410,0.6156892476828186
15412,0.11542841119535556
15413,0.44459990767606605
15414,0.3830930144549139
15415,-0.24909811340425847
15416,-0.32545106034006827
15417,0.15488582933438683
15421,-0.03271142535320082
15422,-0.5251969261685836
15423,-0.34725019942047136
15424,-0.11203379656894095
15425,0.08094994631957336
15426,-0.12744854398959926
15429,0.5049127702556588
15430,-0.2571229091179624
15431,0.0960763427578989
15432,-0.4593384400408458
15433,0.5210677056993077
15434,0.2359345156112323
15437,0.37164140456717737
15438,0.26115677836639634
15439,0.1379745569243548
15441,0.02036676138284671
15442,0.12795280904048914
15444,-0.4915817565256022
15445,0.14157610526787995
15446,-0.23749970071101373
15451,0.2788013833962512
15452,-0.1967648147963499
15458,0.2200751546122501
15460,-0.4965692248653219
15461,-0.05938514695760236
15463,0.01618638586714279
15464,0.16784134942411102
15465,0.24021140991043963
15466,0.5457125987028941
15467,0.15570982748115642
15468,0.06086365664117901
15469,-0.04051724120273001
15473,0.08851202284404648
15476,0.05491183156257495
15478,0.2126925154433657
15481,-0.02330801066378218
15483,-0.0352827658509328
15485,-0.6615407358926167
15486,0.05911231593024471
15487,0.8479327338891216
15488,0.0283278117390462
15490,0.5592257184135907
15492,-0.04256402399919961
15499,-0.1503837519623994
15500,0.0563158309689996
15502,-0.2079464651721896
15505,0.1895847299600768
15507,-0.5745065937321553
15510,-0.10505774717694633
15512,-0.4592502909049851
15516,0.05636325321994531
15519,0.19300979849197364
15525,0.00217355089591164
15526,0.027725895495541
15529,-0.02149515537644987
15530,0.03281242960607529
15531,0.115371198071653
15547,-0.06739269000803297
15550,0.26863902438044973
15551,0.30601847065120513
15552,0.8429277472660406
15557,-0.03642078340203875
15558,-0.24567591627028523
15559,-0.03574154754408817
15560,-0.2802949513578346
15561,0.39849127643383864
15562,-0.5307413592781572
15563,1.2606633079082588
15565,0.9672116269801808
15566,0.03369523905376445
15567,0.26938926223738996
15568,0.11167890717878926
15569,0.17639018152228617
15571,-0.16264290613291502
15572,-0.5541550514385245
15574,0.1939622594013868
15586,-0.08571607670888906
15587,0.12472580293785798
15874,-0.2271866180649182
15891,0.18892136733997048
15893,0.2914813952553874
15894,-0.07225669709436086
15896,-0.06001855295761861
15898,0.2377109212695969
15900,-0.02351870075396802
15901,-0.4569741096859173
15902,-0.08940972813913496
15903,-0.2935249725277438
15904,-0.40136390114770537
15925,-0.14916735537759787
15926,0.272106774582857
15929,0.02012469406877786
15930,-0.2113267052318711
15931,-0.37817089227787537
15932,0.03011038281747037
15936,0.08417788761832737
15937,0.1778022130414066
15939,-0.04606768498116652
15944,-0.14817398047710972
15945,-0.10843835362738628
15958,0.30926759992530845
15967,0.3301430679425341
15975,-0.2587426681570746
15976,-0.00768413984059869
15977,-0.21874280521261724
15978,0.10626926582620846
15979,0.07854681436483346
15980,0.00514363257326475
15982,0.02438437584873454
15983,-0.0945232573270176
15985,0.02647889364172296
16000,0.06211823978698524
16002,-0.5293651678089097
16005,0.6809571714264085
16006,-0.1297519400301103
16007,-0.3978412680930524
16008,0.40240223888107346
16009,-0.3145875397861755
16010,-0.18285343056880696
16011,-0.11849834111783412
16012,0.3762710777836088
16068,-0.06852308980631243
16069,0.0129347364558414
16147,0.15894879303625256
16150,0.04813455188092382
16151,-0.01045413587210758
16153,-0.02179202102034522
16154,-0.03765153113112561
16155,-0.06625033810295368
16156,-0.5587122468130827
16159,-0.7906436894864985
16161,0.02131295381838402
16162,0.5867971308222864
16163,-0.06063029773277482
16164,-0.2110318621111969
16165,0.28884753654471207
16168,-0.17321680174026097
16169,-0.12763003066434964
16171,-0.5838329287160934
16172,-0.02496024746705946
16173,0.03572271866287902
16174,0.4092164795436114
16175,-0.0126633151078026
16177,-0.25882974785212853
16178,0.5597551745085289
16179,0.07822174681446323
16180,0.09440304261162244
16181,-0.2595953073803676
16182,0.07300028217704385
16183,-0.00375778603981909
16184,-0.2595185321184214
16185,0.03056068176538061
16186,0.07983333821133409
16188,-0.07000270920368998
16189,-0.8052309331901725
16190,0.03402233065635852
16191,0.8189536455611403
16192,-0.1293597382091567
16193,-0.47557585177871087
16194,0.01457510889764424
16195,0.06907073292048632
16196,0.16057942886552576
16197,-0.10819530266987187
16198,-0.04407504081456466
16199,-0.17292610590143434
16201,-0.11299831477549126
16202,0.07078404308876518
16204,-1.0316509764568458
16205,0.01847106394132393
16206,0.16848347328672164
16210,-0.06932867614900277
16211,0.17257533455576568
16319,0.13285942334027195
16322,0.03703789690894864
16323,-0.25215496312836827
16324,-0.02042335244007777
16326,0.04770736052233863
16328,0.22418669065164956
16330,-0.0969449113341492
16331,0.08448633057418709
16332,0.01404058730353134
16334,0.11501398310960424
16336,0.22976746215430532
16337,-0.2848010576459571
16341,0.00249473965721526
16348,0.10520569915541396
16351,-0.09454130871442933
16362,-0.00918061654713357
16363,0.00226821505578251
16364,-0.02409617286279755
16367,-0.10230237979747776
16370,0.18387952837156185
16371,-0.6195783674777176
16372,-0.01561525004773534
16373,-0.5097844897630384
16391,-0.04781630975066926
16392,-0.3215337677440821
16396,0.04344486093917915
16398,0.5519583876113945
16399,0.165269899441731
16400,-0.02022791920781788
16401,0.02832477805339518
16402,-0.30694893237821574
16403,0.24090042127589428
16404,-0.1171858641402061
16407,-0.448935537366193
16408,0.03682963664174533
16409,0.01152436720694792
16410,0.5070423414022402
16411,0.20209329360712325
16412,0.43172292335264895
16413,-0.14540816682522478
16414,0.16460428586936054
16416,0.26463737194273956
16418,-0.0031980777953573
16419,0.22354750488825323
16420,0.4877642093456867
16421,0.0277884711213404
16423,0.05705226607823588
16424,0.04786300296112485
16425,-0.0864116713699889
16426,0.2453691705284481
16427,0.2050359685252824
16428,-0.07076898915467458
16429,0.00110230082779033
16430,0.23707024871110896
16431,-0.2379692795249589
16432,0.02660879227718578
16433,-0.23180789865189785
16434,-0.2950970563455604
16438,-0.03355550570187363
16439,0.12603423719313703
16440,-0.08176766933136917
16443,-0.11039905572297189
16447,-1.1086636003592143
16449,0.3183425718184281
16450,0.26114537662656495
16451,0.02852393332750854
16452,0.04471118362735585
16453,0.12029797980700786
16467,0.6160165428357026
16468,0.2570564312793038
16470,-0.18982018372446413
16475,-0.40858481128800533
16476,-0.12322138857889628
16477,0.5503374449670067
16478,0.1610673104072083
16490,-0.2829526488153423
16491,0.16507112171629504
16492,-0.30269408015426125
16493,0.332839274507444
16494,-0.39949460308623275
16495,0.07708243519710019
16497,-1.0041979044110745
16498,-0.07390368978556264
16499,0.11390237844403168
16500,-0.8067278167052955
16502,0.11049924421156997
16504,-0.6165679013689602
16506,-0.10101025928503991
16508,-0.07725751450538956
16509,0.7127464910728866
16510,0.3839336281381919
16511,-0.27004976806968334
16512,-0.15171839630633316
16513,-0.04794257709975769
16514,0.22590695909107025
16515,-0.29069606650637214
16516,0.121173511156774
16517,0.10191856998068
16518,0.4882494246837671
16519,0.37560280417124786
16521,0.1749091093947519
16522,0.16980387420519727
16523,0.10151851853813194
16524,-0.4536028856689832
16525,-0.688850435230232
16526,0.18998208595093471
16527,-0.05303539962402445
16528,0.1800839570633077
16529,0.04042971513912573
16531,-0.41894690546522784
16532,-0.11454385659108011
16533,0.3727402789074
16534,0.0067524285049317
16535,0.4214222516677063
16536,0.3014092803087457
16538,0.3954740677756592
16539,0.07142979939772738
16541,0.0103652548321404
16542,0.0992660109092638
16543,0.0706655263623485
16545,0.23579110792601993
16548,-0.05392972129309924
16549,0.01028083223194886
16551,-0.4381758205382523
16552,0.1265799136731903
16553,0.1936807888556198
16554,0.6141614051619151
16558,-0.02897603705496464
16559,0.12236865873642984
16560,-0.21315758618311295
16561,0.09462441077465351
16562,-0.01138840315091388
16563,0.31943332652685896
16564,-0.1795941034776368
16565,0.01511802673418459
16568,-0.11009914098348487
16569,0.3601077610165084
16570,-0.3861945530252403
16572,0.3149333587931986
16573,-0.06083432572377358
16574,-0.08850812205467531
16576,0.3829273369480829
16578,-0.03917024957192043
16579,0.1807091064931946
16581,0.05424927636756455
16582,0.16523558439493763
16588,-0.09489078220863228
16589,0.10418272994081108
16590,-0.4710841576495468
16591,-0.2303213273528932
16592,-0.02927641911127337
16593,0.31301753077988137
16594,-0.10926130612959396
16597,-0.03525432085094271
16598,0.03093445555215563
16599,0.03037643511514525
16600,-0.03215833664271735
16601,0.1299502775296068
16621,0.3272765982789177
16641,-0.1847485627692326
16643,-0.0764206169866723
16646,0.32633364139679943
16647,-0.05301647351581269
16648,-0.08579422866853265
16649,-0.1781723413232829
16650,0.126516078792673
16651,-0.565017418869886
16653,-0.2068406471054907
16656,0.08409459988612686
16658,0.2728351170327634
16660,-0.00988814033723494
16661,-0.8469140882452046
16663,-0.44942904721673427
16664,0.11414886150282325
16665,-0.3329848007320821
16666,-0.12437266923402077
16667,-0.6344933792862162
16668,-0.7361453914349434
16669,-0.8227439903267136
16671,-0.2046908675902659
16672,-0.22902982309921743
16673,0.46038191521819893
16675,-0.7216721217111753
16678,-0.606516706786663
16679,0.02669824344368418
16680,0.28830633210698553
16681,0.3884107046462485
16693,0.2043774544443293
16703,0.43370956038784136
16706,0.2570898088266166
16709,-0.15846922889585524
16716,0.19991782975039135
16728,0.24910713137621276
16763,-0.22820198109629797
16764,-0.17344865685579242
16765,0.00468176685918763
16768,0.35191973230346985
16769,-0.5842284235995285
16770,-0.00679300647277993
16772,0.29153900413856254
16773,0.19370906928073345
16774,0.27960845162663556
16775,-0.06707355713235634
16776,-0.21389698811800456
16777,0.1732076662596263
16779,0.48268019114217986
16780,-0.7633662210965428
16782,-0.311085425963716
16783,0.04343948326061004
16784,0.34394431997235464
16785,-0.05080228554368852
16790,0.20443005971932868
16792,0.05067940365113609
16795,0.3012247273649875
16796,-0.02643429358083399
16798,0.39718004240111426
16800,0.0245175741751096
16801,-0.03505345868542883
16803,0.2790626842963762
16814,0.07720019120947079
16815,-0.12360276412808904
16816,0.00321763201556518
16819,0.516354888947729
16822,0.590827176031556
16825,-0.09354517354111531
16826,0.6330427623212146
16828,-0.09192130723430696
16832,-0.09140160875681508
16833,-0.7374797427980352
16834,-0.03189522991009547
16835,0.12344668018991888
16841,-0.07057575801174312
16842,-0.06162549660962678
16846,0.1776808755996568
16847,0.1142389801756913
16848,0.07519098549910419
16852,0.06731382728103967
16854,-0.10827811438347966
16855,0.03846296836132588
16859,0.06764602865882166
16865,-0.042135486766888663
16867,0.17898416201010212
16869,0.0946517146998814
16870,-0.222707593449459
16871,0.4311461399869905
16872,-0.18655857090011924
16873,-0.3046567511812252
16874,0.05264529797445269
16875,-0.0718568849928576
16876,0.30780779773451744
16878,-0.2897702028269402
16880,-0.6893041837769767
16882,-0.2908737624223452
16885,0.03813840249145504
16886,0.04814288445148521
16889,0.06849379509389633
16890,-0.21962161905725616
16891,-0.7577445165830088
16897,-0.7061159578810143
16904,0.08789788297631301
16905,0.186440017285918
16906,0.3628243220619593
16907,-0.0591729863332457
16909,0.0528140642356218
16911,2.121348574638041e-4
16912,-0.05336540706735859
16913,-0.0069131249933672
16917,0.14382276136738226
16918,0.24112237020317304
16923,0.1143772279977236
16924,0.6620106615843941
16939,-0.4061129676825585
16948,0.3151181340158242
16949,0.5240226253668175
16950,0.20738176479885803
16952,-0.01251121886812402
16956,0.24471888476655215
16963,-0.06766691293654434
16969,0.23488285071807943
16971,0.22387303619153529
16973,0.05655009045471979
16974,0.09037748807595136
16975,-0.1319879136087572
16976,0.1049837696651073
16977,-0.2253925956515496
16978,-0.10527180251267998
16979,0.14536642465318744
16980,-0.4514835309671382
16981,0.28219569273568224
16985,0.0059793376639596
16987,-0.11785773648372531
16992,-0.1365245333782506
16993,-4.619514583605981e-4
16994,-0.01010638157209252
16995,0.11273821703017756
16997,0.42204287733559376
16998,0.00859539893022596
17001,-0.03773715320027052
17002,0.997619875329717
17005,-0.5679415818803782
17022,-0.02910591009922229
17025,0.08856345604096
17035,-0.295761174027723
17060,-0.04961480042341686
17063,0.40917396275496887
17064,0.28804184732409405
17068,-0.09409990938386968
17069,0.09604637589649002
17075,-0.13113814569588456
17079,0.05841075221162707
17082,-0.27693338566767756
17083,-0.2050178241846299
17084,-0.06036819681646993
17085,0.2099620248729452
17086,-0.1350137961303543
17087,-0.17413526433561077
17089,0.754753734778336
17095,-0.00470464701868669
17096,0.1663359080307976
17101,0.3267864296726346
17112,0.4698296106704747
17113,-0.12120638914062835
17116,-0.27891261217137875
17118,0.06906317280639833
17119,0.1862378941191165
17120,-0.24731570666261884
17122,-0.1135735057322864
17123,0.541930010932328
17125,0.23478007787052477
17126,-0.06295563800926807
17127,0.16924638437980527
17128,0.06739604354410464
17129,-0.0457316492098339
17131,-0.2727777096297604
17132,-0.17640119651550898
17133,0.293608852636601
17134,0.164178773542616
17135,-0.06406453010268587
17136,-0.17148537686329493
17149,-0.11959473724834868
17150,0.20271208720075712
17151,0.06916670289041235
17152,-0.6336634110074948
17153,-0.31455369710089437
17155,0.11804873191875671
17156,-0.06062116787316299
17158,0.14181967882069277
17159,0.06137814454000839
17160,0.12960554460918774
17161,0.31805501969512856
17164,0.0856914894648706
17165,0.00909674723074473
17168,0.08961965537306589
17169,0.1390395948598555
17171,0.363342874705287
17172,-0.15172098413206866
17173,-0.48770247288078294
17175,0.00654313662205968
17179,0.06014775279038414
17180,-0.00630163244684997
17181,-0.3959976022464051
17182,0.5854270777764888
17183,-0.5146693568514003
17184,-0.06377932159956146
17187,0.11040914647078044
17188,-0.6002818386728193
17189,-0.36339357759685
17190,-0.13646020055175262
17191,0.03302979227491822
17192,0.01578491376205076
17193,-9.713910264207148e-5
17195,-0.00638987699453218
17196,-8.53051629721437e-4
17199,0.02765221628304093
17200,-0.5371378795127332
17201,0.4134124339928794
17202,0.14300134853407376
17203,0.29954669816517066
17207,0.35464809347791454
17210,0.04134487195485246
17215,-0.11760028385899284
17217,-0.04466273225618954
17219,-0.05414197946365779
17220,-0.03021663787833354
17221,-0.6964362074399288
17222,0.08822538311156691
17228,0.1502066157035946
17235,0.1086494076331821
17237,0.02172483437201394
17240,-0.6171716103215901
17242,-0.2170213327739496
17245,-0.09601423913632526
17246,-0.06446889048728575
17248,0.1954788053610721
17250,-0.12325949557191022
17252,-0.15584905042293606
17254,0.05924623028061338
17256,-0.01119403675407453
17257,0.09105440427816389
17258,-0.3644141175093422
17259,0.09796064433284822
17260,0.12026625821643794
17261,0.05885840096663722
17268,0.24189300166855893
17274,0.06675192062473241
17279,-0.4393130139906136
17281,0.1654402127436589
17283,-5.558941561208813e-4
17285,-0.5932716367165211
17286,0.3110795122772908
17287,-0.8760486582454161
17288,0.5433316904902366
17292,0.1457115471053915
17293,0.11844286305221578
17294,0.2629630780852359
17299,0.05862432415538146
17300,-0.4220843088316667
17301,-0.00206379854129341
17304,-0.0784514912739161
17305,-0.12860541646163998
17306,-0.0111289989116735
17308,-0.1288520798943389
17311,-0.01477649772382443
17314,0.17900331173239575
17318,0.08521457890269749
17319,-0.00893335830627981
17329,-0.39818976164139946
17330,0.02286973773432817
17339,0.0573222442874812
17341,-0.08716716390952357
17342,0.00548889381289316
17344,-0.13565555356558992
17345,0.2548764064438835
17346,-0.1103571436184284
17347,-0.00242381134995153
17349,-0.04469589595240059
17350,-0.11036948210078625
17354,0.0962333079038315
17355,0.02781728012011725
17356,-0.9005764858803497
17364,-0.7129096708939522
17380,0.755481248943394
17381,-0.1420030684229028
17384,-0.08652459820815446
17385,-0.5279031704716126
17386,0.2113041076002166
17387,0.32280387728229454
17388,0.33669406155421927
17390,0.5847312894707941
17391,-0.07998370096881685
17392,-0.33560591390379235
17393,-0.00196607877532635
17394,0.5790973580111665
17395,0.17210604951781996
17423,-0.09947723621342676
17425,0.09261908994731026
17427,0.07949190419780044
17428,0.0082511896468617
17433,-0.05555304040952669
17434,-0.12618696606106883
17436,-0.5358149584131864
17441,-0.09647430341892652
17444,0.01932945711460965
17448,-0.01579691621144473
17449,-0.20208991975907
17450,0.33353176645915666
17451,0.8124078245165554
17454,0.06847114155821339
17463,0.12918002560783928
17470,-0.21544618971420945
17474,0.13267169659388606
17475,-1.089262129113326
17476,0.15608403531099208
17480,0.18811856288134315
17523,-0.03512248018796066
17524,0.12361452389123162
17527,0.03567987711544831
17528,-0.5487606728793559
17532,0.30900299793424796
17533,1.027434098290231
17534,1.1088341385941614
17535,-0.0175457030176159
17536,-0.6989440081318166
17537,0.4639881986072083
17540,0.3307632907117295
17681,0.23305387683746293
17684,0.00225060148980962
17685,-0.07349748162891603
17686,-0.08294450361833104
17687,-0.12641468338783318
17688,-0.02654859502394683
17690,-0.05332121650939259
17691,-0.14566916514425815
17692,-0.07986769025878104
17695,0.2739262019212243
17698,0.04852915367197374
17700,0.4573290532022099
17701,-0.01019103937644186
17702,0.00783438664000477
17705,-0.06240172161348923
17708,0.00294864435518976
17709,0.00294864435518976
17710,-0.06240172161348923
17711,-0.00136617894152908
17713,-0.0693723586942517
17714,-0.13034297972975906
17716,0.02238815940872224
17717,0.02238815940872224
17718,-0.09799043199677555
17719,0.02631711425791244
17720,-0.09799043199677555
17721,0.07234377007092074
17722,0.05647411683577884
17748,-0.00529128008173906
17749,-0.15702189854041837
17750,-0.4198017819489831
17751,0.02369624656490027
17752,0.2007023195929904
17754,0.10635599403750463
17755,0.17434075182764935
17758,-0.05051168853957671
17760,0.09825005351633952
17761,0.12545528603710915
17762,-0.06574903076874963
17763,0.02621765003740384
17764,0.09853902444479425
17765,-0.2116436922418077
17766,-0.12292457631434268
17768,-0.16829584257777624
17769,0.03228402733289733
17771,-0.46041016495537707
17772,0.4658303792206034
17773,0.3854920232869968
17775,0.01374673978984644
17776,0.357481623291944
17777,-0.20781058103701025
17826,-0.01469631882208562
17827,0.01244299195264803
17828,-0.05116739687548339
17829,0.1873671878265512
17846,-0.05194068202878597
17847,0.00937455225269517
17850,0.03920015377976735
17855,-0.1270915122657113
17859,-0.02097244609271609
17863,-0.45857079259897654
17864,0.04714113295528102
17865,-0.04848972448495961
17868,0.2508094876030488
17869,-0.02575069416269852
17872,-0.02313336154492634
17873,0.03353282268671352
17874,0.06076945476587109
17876,0.05209635890102641
17877,0.05474854321670651
17878,0.49530725773536693
17879,0.22255186333105328
17880,-0.09581550571418876
17882,-0.09755388471927334
17883,0.07706641583643774
17884,0.6551645086236881
17885,-0.2323641486425152
17886,0.23407292202857471
17888,-0.17592108259078515
17896,-0.11962124287870587
17897,0.058586016558614
17898,-0.6036714420651845
17901,-0.23211148929924055
17904,0.03012448296704784
17906,0.01770901073123759
17907,-0.19639685420106115
17909,0.1402545397313086
17910,0.02534297479176348
17912,0.2928469078263946
17913,0.03118471698156977
17916,0.19113426417612792
17918,0.04254677865222444
17919,-0.21148291834918564
17920,-0.2865551012234722
17921,-0.19408684537994036
17922,-0.4777054229587959
17925,0.13668651493701622
17926,0.04550712918892967
17927,-0.224795472138615
17928,-0.7223893933785303
17929,0.6277839904565015
17930,0.4091616338895665
17931,0.1810854272145196
17932,0.4046539840882295
17933,0.4974063545896228
17936,0.1421303328640724
17937,-0.26500009646063266
17939,0.22943841822733865
17954,-0.17179429445532268
17955,-0.01009908891174154
17957,0.00146689179841834
17960,0.5080027147664703
17961,-0.3895975626084195
17966,0.3350192059401237
17967,0.5972371930580315
17968,-0.2600698656071446
17969,0.1979956623325551
17970,-0.0911703539221942
17972,0.04148048082857963
17973,-0.12075621307643508
17975,0.08373541250097832
17977,0.24793200151119432
17978,-0.01417597195684051
17979,0.08241304913418773
17984,0.3718192982141149
17986,0.2565094547655571
17988,0.23823795558792632
17991,-0.01239699783287735
17992,0.04264659799081458
17993,-0.03751650830158292
17995,-0.04983725101770826
17999,0.0326795129810298
18000,0.0351494707477875
18002,0.05863745735214498
18003,0.08797867321860131
18004,-0.3650555701163819
18005,0.4030019436034331
18007,-0.397732968536524
18008,0.4618906370844196
18010,-0.02049962121577916
18011,-0.01470634534326965
18012,-0.04207843515306046
18013,-0.7655288711148307
18014,0.07366846441572884
18015,-0.0329740562834375
18016,-0.00445590903741455
18018,0.03747368580533267
18019,0.08356205752222155
18020,-0.06631146418461538
18021,0.12163076128639236
18022,0.1411827141187928
18023,0.05071798321039098
18024,0.11242410970233138
18025,0.1719098523337645
18027,-0.10456515117213984
18028,0.2102936478957136
18029,0.3717304587503888
18030,0.18758700078475676
18032,0.2415982828371503
18033,-0.16423913644864407
18034,0.14156552507788886
18035,0.0201235479748948
18036,0.02554130371265758
18037,-0.02696066720351911
18038,0.03511872582961164
18040,-0.2782457577250822
18041,-0.5696614202370596
18044,0.08603497861938289
18045,0.00608262895329085
18046,0.00686262277244244
18049,-0.08400427356905542
18053,0.01743685525622843
18071,-0.3289950494888751
18072,0.2345754108421071
18073,0.1926496443232134
18080,-0.06258046253431385
18081,0.0785982844038869
18082,-0.10754365472984412
18087,0.01006251704589953
18088,0.00995403362871886
18091,0.08513683137344422
18092,0.42780052931037194
18094,1.111594193098144
18095,0.6818727300312704
18096,-0.03016389156211709
18099,0.2378499188707441
18100,-0.09007703332143656
18101,-0.1238207406268409
18102,-0.04443628205000173
18104,0.3085485228655601
18105,-0.04102755484429199
18106,-0.19625162797913903
18107,-0.05364820172739552
18108,-0.05465077928812045
18109,1.2011219349688171
18111,-0.2539399316505861
18113,-0.3453837039625264
18114,-0.01819066291641343
18117,-0.4014355330336848
18119,-0.12995321730181472
18120,-0.09179579544326943
18121,0.3828138113013365
18124,0.05700764825803428
18125,0.06222888048326885
18126,-0.3305188192457591
18127,-0.24351979539055377
18128,-0.3630821962557591
18129,0.0548485943302769
18130,0.03616465278693168
18131,-0.14972670616339762
18132,-0.31494705471819784
18133,0.27993535441714235
18139,-0.2337068691916639
18141,-0.08686370786222856
18142,0.04827253073807834
18143,0.2027246925059083
18146,-0.4346389379127038
18148,-0.10282256214478865
18150,-0.6253504568895677
18159,0.567650306337775
18160,1.2121865314641544
18163,-0.38594133154167776
18164,0.12079873861133972
18166,0.3052374184075139
18167,0.08790844346434123
18171,-0.4424635001748439
18173,0.04515480234877507
18174,-0.17347659567959478
18175,0.15499190077870528
18176,0.01301067614636825
18181,-0.10772489868981629
18185,-0.3627974750331442
18186,0.11116663926765696
18187,-0.1527899932433335
18188,0.127568499805865
18189,0.0409197950384377
18190,0.11612651743294145
18193,-0.08777345151142052
18194,-0.035864420214769
18195,-0.06725322709297052
18198,0.1347310113165431
18201,-0.03980474033399798
18203,-0.00375778603981909
18205,-0.06191653507021232
18208,0.5430465842674104
18209,-0.11335396943546908
18211,-0.09783817227601654
18212,0.09435597426639585
18213,0.32828914884184357
18214,-0.1836757542362381
18216,0.5857607801853578
18217,1.8604805482991749
18218,0.20003163492514184
18220,0.16698286874694976
18221,-0.02884360317296068
18222,0.03597449303159125
18223,0.00396332998861548
18226,0.08981688304426871
18227,1.037355095255019
18230,0.3336370732976198
18231,-0.3932660380957974
18232,0.1021514934737385
18241,0.26186965440916743
18242,-0.06876435834595404
18245,0.00126423749727509
18247,0.05197621774618428
18256,0.12124694876261471
18260,-0.09060337607788368
18261,-0.03539743912050097
18263,-0.00790419263127158
18285,-0.4241355039714037
18286,-0.1949948444868984
18291,0.3406656769159877
18293,0.06041309937727204
18295,0.4421258422134651
18300,0.2816774996814762
18301,0.08164521253483413
18302,0.18099422795816356
18312,-0.08552059726201687
18313,-0.5276736208739642
18314,0.31458888525364503
18315,-0.5515254460973921
18316,0.21370797453760484
18317,-0.244282216177717
18322,-0.48934165184278744
18328,0.11134491050972171
18330,2.1754176191187766
18341,0.29330989794822726
18343,0.1961113723706064
18357,0.2914479233492833
18365,0.08746807372364487
18366,0.0047369614546549
18370,-0.4669631657738766
18377,0.6077607329236643
18378,-0.3668387751227992
18383,-0.9847984046337864
18386,0.5076633204591559
18387,-0.19458587849249567
18389,-0.05413376239911651
18390,0.05769488614843456
18391,-0.03913396978839707
18392,0.43187347872118975
18393,-0.4285189889426369
18399,0.5423269141401916
18400,-0.08282181499530128
18408,-0.43652335837758865
18412,0.08040891914961906
18413,-0.05103843275616124
18414,-0.3997981612289476
18415,0.00892651194682912
18416,-0.3009260995796881
18417,0.7721162620893243
18420,0.21075746389909783
18423,0.9640808874280578
18424,0.15464052520822066
18426,0.2922521063737087
18429,0.3320621014366124
18430,0.01207899945851969
18431,0.26487908613118977
18432,-0.07029622014618483
18436,0.2176790286488093
18438,-0.08266792406041552
18439,0.06302525919772559
18440,0.04451011352730352
18441,0.34603080957092835
18442,-0.16245495595779552
18451,-0.10390114600894015
18452,-0.43845172841830016
18457,-0.12296388870118116
18458,0.05120907177606548
18472,-0.00557447467288478
18475,0.00666362146815745
18476,-0.09855155759490086
18477,-0.00981725355380401
18479,-0.28500418874306954
18481,-0.11194074271209171
18483,0.10001209700079504
18484,0.4837411903620946
18488,0.16057496733905063
18489,0.02125171806195912
18491,-0.28703421403214724
18503,0.1024264215064186
18504,0.270616589845684
18505,-0.2223098824886471
18506,-0.5437415445270433
18507,-0.13637151022754174
18508,-0.6319546791642977
18509,0.08806336935891003
18510,1.0513335590956767
18511,-0.4091733576971917
18514,0.0541784032384322
18515,-0.01341218870026519
18516,0.02091921063111802
18518,-0.08649495478712702
18519,-0.09336268360433114
18521,0.01924060601245754
18526,0.536984064851824
18530,0.09908683237043808
18534,-0.215181201543856
18536,-0.08347027025796512
18537,0.11785522991556152
18541,0.04051743914321627
18542,-0.6814641563599565
18545,-0.11421803066270372
18546,-0.4865406090249456
18548,-0.3510978294244713
18549,-0.23773507139331976
18550,-0.00173796545069813
18551,-0.11905977955048556
18552,0.28084433292074035
18553,-0.01446035077419222
18554,0.1168352068957136
18555,-0.27128718796475243
18557,-0.9332771773520117
18559,-0.3850206959560394
18563,0.05330032090567553
18566,-0.35800596776911264
18567,0.00152458078374356
18569,0.04152024214110973
18570,-0.05274763730184029
18571,-2.736531004883941e-4
18572,-0.04494136166218047
18573,0.01569797244403321
18574,-0.00235992074936319
18575,-0.0353362631103669
18576,-0.2240612259255109
18577,0.12477227052890856
18578,-0.10721715420678532
18582,-0.1475181610791319
18583,0.0549610821993822
18584,-0.01535520987578219
18587,0.6296189265308461
18588,0.2210547819387298
18590,0.2729198369714511
18591,-0.08515507734834374
18595,0.15630245407249466
18596,-0.09950189917813036
18597,-0.11033717142470276
18598,0.5872742501701967
18600,0.14243404267585608
18601,-0.146025749073926
18602,0.0187713104082457
18605,0.10000162602527768
18606,-0.1162641052013682
18607,-0.01215961718527443
18609,0.3939223006949094
18610,-0.2723375767884489
18611,-0.27882671581067786
18612,0.13362053802197
18613,0.01253402678732715
18618,-0.09484294144876818
18619,-0.16086571276743272
18624,0.07369495033489527
18626,0.05851275419105093
18627,-0.11440720181072948
18628,-0.28540250151946944
18631,0.04483541235201586
18632,-0.167081490405204
18633,-0.10847899207353164
18634,-0.31169228349962286
18636,0.14900046887816978
18637,-0.01523843130503709
18639,-0.01606668315206919
18640,-0.5822185967740623
18641,0.3198131464968995
18642,-0.1677816892555817
18643,0.08983087777511337
18646,0.08621218977135647
18647,0.21927671983510671
18648,-0.01410511723174273
18654,-0.16227360652915787
18655,0.02002017497611134
18663,0.4489955682711265
18667,-0.01107931726026984
18670,0.08852414759905546
18671,0.32747794118459495
18673,-0.2593897538018116
18674,-0.22045005108213628
18675,1.4664776429443034
18676,-0.3139988049745397
18679,0.16496711016081866
18685,-0.11999045269228824
18693,-0.06020087812323674
18700,0.05627759314572358
18701,-0.09895267399316504
18703,0.26881332389168705
18704,0.138855955096767
18705,0.07599463588692504
18706,-0.1861384104062841
18707,-0.0753855700815182
18708,0.249737983136238
18710,0.2661412269785475
18711,-0.1292955698280936
18712,0.03467049857018337
18715,-0.3376018061340274
18716,0.21738844200179305
18717,0.2522912425559212
18718,0.10876804963799332
18720,-0.1133570787023255
18736,0.13000215858749598
18738,0.00308705028037595
18739,0.00594660528241277
18740,-0.7245598579479587
18741,0.04447461724908201
18742,-0.3447362359760482
18744,-0.03939880405860042
18746,0.1217266060380002
18747,0.0283607887993654
18749,0.02750990877642748
18750,0.21981800841251511
18751,0.00620659437046293
18752,-0.21226939766031372
18753,0.10332369912393116
18754,0.16808083360689652
18755,-0.10189523160970464
18759,-0.1717503425317436
18760,-0.6977797554380496
18761,0.12288684001298622
18762,0.18933373797759043
18763,0.09600938289065616
18764,0.29833888024320493
18766,0.01180296000429935
18767,0.3739602459427793
18768,-0.11228649233115572
18769,-0.04550601007513475
18770,0.5647513216864619
18771,-0.1866348539992297
18772,-0.9449652549163752
18777,-0.3516344081813594
18778,0.11254053009412526
18779,0.16895676784938574
18781,-0.7141365812833933
18782,-0.2731458092804351
18783,0.05350400901586798
18784,-0.10993177978773848
18786,-0.2099871350802719
18787,0.00487021434369927
18788,0.0670236151862639
18789,-0.03141872180629726
18791,0.7937546376660012
18792,0.9494400602640932
18793,-0.04839125550720716
18795,0.20963752100276256
18796,0.5157323840144165
18797,0.21834976853151783
18798,-0.2648383232437587
18799,0.13537289814795075
18802,-0.1559422434459121
18803,0.16594097318565396
18805,-0.455780627414184
18806,0.01856892619926844
18807,0.09245950192318116
18810,0.00862945283488409
18813,-0.03012677879862859
18815,0.0794590061122838
18816,-0.7368663841425928
18817,-0.845382537442673
18821,0.18247895583901225
18822,0.0966916453391308
18823,0.18754993906914452
18824,0.00375195657343137
18826,0.1005367010693662
18830,0.00560092719110949
18843,-0.2118785495559687
18845,0.25925079675561113
18854,-0.05954297911852384
18857,0.3746504661563284
18858,-0.09385238280141749
18861,-0.2730018558303985
18933,-0.00366890397156555
18935,0.8999581826987338
18938,-0.12098331632636888
18946,0.7586800324484676
18948,0.3403378895948051
18949,-0.18415862012730844
18951,0.20534800271117373
18952,-0.0998247567695085
18968,-0.115484924373476
18969,0.13539890488117776
18970,-0.12205997612470867
18971,0.08005168044143628
18972,-0.03535792343773341
18973,0.3625640169185715
18974,-0.04657815621186019
18975,0.12628214273030744
18976,-0.3232352339819023
18979,0.02422902488872631
18983,-0.02126773283649249
18984,-0.099479736842077
18985,0.03529732786667418
18986,-0.06456468665823686
18987,-0.01123349014792032
18991,0.3245787681781582
18992,0.08093331608666679
18993,0.5338828477901255
18994,0.2535386130444004
18996,0.12833611242556492
18997,-0.44957653294664063
18998,0.3068629234127868
19009,0.22583166234047453
19011,-0.6340824202496085
19012,0.34059629521026125
19013,-0.00436756539412158
19014,0.04800125586968747
19015,0.1479656737441073
19016,-0.05807103398838009
19017,0.3700911243079819
19018,7.345420909287866e-4
19023,0.3385314848963046
19024,0.03311023274912213
19025,-0.02931396955038124
19027,-0.09690767115326872
19035,-0.02980121831820095
19038,-0.12763229827760264
19039,0.1742372076841454
19042,0.02124021820431691
19043,0.05403958959753233
19045,-0.01073344326324328
19046,0.10539812281084154
19047,-0.0631357681049862
19049,-0.36671643874509946
19051,0.28446819561024145
19052,-0.10503784668173144
19055,0.10641847411106783
19056,-0.11367094757102028
19057,-0.22692129133620548
19058,-0.05451964631602687
19059,0.3341508522071694
19060,-0.7707285843000324
19062,0.0316543408057446
19063,0.05209751667364244
19064,-0.26645929095614385
19069,-0.16170394006161704
19072,0.18839467260866063
19073,0.05686945214724986
19074,-0.2213770869080146
19075,-0.0967256164989985
19079,0.06864369379653677
19082,-0.20017577627257707
19084,0.0185319559348579
19085,-0.21972481950950337
19087,0.718196841844167
19088,0.15715888630755254
19089,-0.00349849808737011
19090,0.07077033724599688
19091,0.3638649746991257
19092,0.2614319822527206
19094,0.08177275844022251
19099,-0.3081630031981764
19106,-0.06796431170941628
19108,0.21784808123704205
19109,-0.3852072579999779
19116,-0.7180414601011866
19119,-0.07549769180433732
19120,-0.2034598696840986
19122,0.29785228644927525
19123,-0.10732626354933252
19124,-0.377717060032283
19126,0.16921199409444154
19127,-0.33273137348204757
19128,0.405908188304114
19130,-0.7081594248009728
19132,-0.22505781642270112
19133,0.09381660375612796
19134,0.05139161028995901
19139,0.073579025099393
19141,0.04409201944387567
19142,0.23600195062049217
19143,-0.00307258157390659
19144,0.2999549323551205
19146,0.31498223415735616
19152,0.1423593268552731
19153,0.09567145416200704
19155,0.10640950155366095
19156,0.19473639996579176
19157,-0.00978927116226781
19158,-0.02236490315015036
19159,-0.04106337892124999
19164,-0.04758106948584139
19165,0.00732771352071474
19167,-0.06165258801914669
19170,-0.05294349910410884
19171,-0.02038788210077348
19172,-0.04793628398748351
19173,0.02126760212718012
19175,-0.02919798031227108
19177,-0.10559855166475692
19179,0.02054339828844146
19181,-0.15090820803719496
19182,-0.00252001406392618
19183,-0.05651700596707451
19184,-0.05761194579734347
19185,0.05775119002441244
19186,-0.00126160378124206
19188,0.0305832247526689
19192,0.10096157281630774
19193,-0.2363039745179768
19194,0.3427221521915904
19197,-0.17314814076679597
19201,0.17080481992013097
19204,-0.0998528668184382
19206,-0.2526212406947568
19207,-0.11247729135509033
19208,0.1780867320269028
19210,-0.1383566534922941
19211,0.142677856889645
19212,0.10100725827288784
19213,-0.13473878050036922
19214,-0.11686388515807246
19215,-0.28654342028838337
19216,-0.24186928830771764
19218,-0.40059449012192305
19219,0.02005793159618371
19220,-0.6341736335145823
19221,-0.2566507332874589
19222,0.20864677720335775
19223,0.02049605892314733
19224,0.12437422489197876
19225,0.307830239112695
19226,0.5565531344381545
19227,0.2004420089440677
19228,-0.4443101929385506
19229,0.02166352947393827
19230,0.35721752321240685
19242,-1.382516476569946
19243,0.01633939643346767
19244,0.08678534967268037
19245,0.11246371060774354
19246,0.10139347423891044
19247,0.1590465457968651
19248,0.2414055716122356
19249,-0.649631916424323
19250,0.1496185004816748
19252,0.14963156726415408
19253,0.0350077406152374
19255,-0.2090388157418534
19258,-0.00401109207470304
19259,0.1723703926126528
19260,-0.17232238974694986
19261,0.02276110772714462
19262,-0.059096759851192907
19263,-0.2807743010107049
19264,-0.01082826982049091
19265,-0.07120491091456992
19267,0.07162570970106875
19268,-0.73371587746039
19270,-0.03844189318486507
19271,0.37559916890246126
19272,0.21075150229506975
19273,-0.6425136817696575
19274,0.7828970126760217
19276,0.2068616539107237
19277,0.10205909207347694
19279,-0.37414919099207455
19280,-0.02892490862962167
19281,-0.36755308515500273
19283,0.5171202480939892
19285,0.1906716791578284
19286,-0.18808444045368972
19288,0.9442128348919576
19289,0.01849776820265735
19290,-0.06696375474979066
19291,0.02865137723352857
19293,0.4170633320328084
19294,0.3906656580186706
19298,0.07100359056770089
19299,-0.16703005223564937
19300,0.013847585983407
19302,9.80236633367354e-4
19303,0.1967201221243945
19305,0.00730305163262462
19309,0.3950344012908174
19317,-0.00169704465543599
19324,-0.01126527665288829
19325,0.03843277217956502
19326,0.01078705030508509
19328,0.0098550011602542
19329,-0.47734121410274816
19330,-0.04217633214274578
19331,-0.0504234277140456
19332,0.258899072802391
19334,0.24769925467909093
19335,0.04796349926923581
19336,0.16305420416917604
19337,-0.6743619843677748
19338,-0.10388622133757253
19339,-0.09068112625499566
19340,0.16848968748658572
19341,-0.166010047747044
19344,-0.3433730467191732
19345,0.01270141757862055
19346,0.19337316033802157
19347,0.18313803584759772
19348,-0.6018754117889191
19349,0.07106300637942257
19352,-0.3529218768063964
19353,0.05386488480047326
19354,0.01452506432108005
19355,-0.00203336303701626
19356,-0.32709777540322527
19357,0.0629103611494431
19358,0.06771526314899043
19359,-0.22822587970302988
19360,0.08844310765446073
19361,0.332799499678166
19362,-0.12132921589619804
19363,-0.05357730292381056
19364,-0.27958098640287765
19365,-0.13295734886189978
19366,0.5457428580976319
19367,-0.02696551969701151
19373,-0.2220765548110953
19374,0.4591471011978789
19376,0.06161930299237404
19377,-0.1216772776317318
19378,0.697867047255956
19383,0.22711815529870477
19384,-0.04411668010635118
19385,-0.1510060850597703
19386,0.11173237188670164
19387,0.1150886291059166
19395,0.17763111025425407
19400,-0.15665573656877022
19401,0.03714758757095084
19411,0.04358032081099355
19414,0.03522069734902083
19416,0.06377429306534935
19417,-0.2233007744612171
19419,-0.11928141598400473
19434,0.06213877954638158
19645,0.1828087158824059
19646,-0.07817924844393576
19647,-0.03500843555303609
19649,0.08901820421256353
19650,-0.07895492912327201
19651,-0.03236044400521563
19652,-0.13886658567511873
19653,-0.0315728828765523
19654,0.0377727995820914
19655,0.03104322197147856
19656,-0.15635011278823513
19659,0.3234365277515987
19660,-0.06430357270944134
19661,-0.17297446917067066
19662,-1.1480177253316417
19663,-0.12070299977081692
19664,0.31652500396329963
19668,0.2368047570830005
19671,-0.10659703246230932
19672,0.11840910683526217
19674,-0.03131394180317872
19679,0.1506066014893892
19684,0.05114017179857425
19687,0.0158139243316683
19691,-0.05420458277605389
19692,0.08592572628218681
19693,-0.19015217626876263
19694,0.15546792991642489
19696,0.0549175962224054
19697,0.03190891963787428
19698,0.02014999668231337
19699,-0.12203732299065126
19700,0.18518380123582415
19701,0.0164026601714059
19703,0.18035800065605412
19707,0.07574843043113247
19708,-0.01171648553576789
19711,0.30890437463838305
19712,0.06797801857999423
19713,0.08954372248404291
19714,-0.09867549421259196
19718,-0.01807068959484399
19719,-0.05028247384771257
19720,-0.10629585754384928
19724,-0.00488311837656083
19725,0.704742209439367
19726,0.3652459252636048
19727,-0.10324875113587507
19729,-0.10769662612216896
19730,-0.1482251849476343
19731,0.1989367097443727
19732,-0.02912694447301452
19733,-0.09275398186432993
19734,0.38916903509766854
19735,-0.03829882705663498
19736,0.01733462869604569
19737,0.5977698218004256
19739,-0.3213000462645506
19743,0.1085215337602409
19744,-0.5482461073554498
19752,-0.4300056669695229
19762,0.546478111602877
19763,-0.3591922608851338
19765,0.0912706999892328
19766,0.06450791445867918
19769,-0.00341324267777821
19771,-0.31058357128750474
19773,-0.06246313090536279
19775,0.00177246669759061
19777,-0.04041096306301772
19820,0.29914161599670736
19821,-0.07932946875450862
19822,0.08409249187555637
19823,-0.08929914669660871
19824,0.06156602719252273
19826,0.14663861153540453
19876,0.681694842125193
19877,0.12057372857313071
19878,0.12839358774478907
19879,-0.24377804382731283
19881,-0.05897324966272502
19882,-0.2687515008323363
19883,0.00256417224786678
19885,-0.34099797620185335
19886,0.0408388674459019
19888,0.466648436973902
19889,0.2691783450642764
19891,-0.01402852322649805
19892,0.8883936481583439
19893,-0.5687076027340651
19894,-0.02495610407685575
19895,-0.14198396884656792
19896,-0.03189914680437494
19933,0.03760794865716463
19934,-0.02476158263113375
19935,-0.08409329721888278
19942,-0.00445153711791649
19943,-0.01661825172512496
19946,0.00228383140598408
19951,-0.03777940824456961
19981,-0.03026644958248483
20014,-0.05369442277312668
20016,-0.08724933380068364
20017,0.12027651584236455
20018,-0.1236163233145706
20019,0.04750849115354871
20020,0.08692929244835175
20021,-0.08149065691885254
20024,-0.07256012258810215
20028,-0.31760732208275333
20042,0.0232740918922152
20044,-0.0217373464983538
20055,-0.05994116484955728
20103,-0.04047277240223902
20111,0.00710457694470368
20112,0.09550961367097048
20129,-0.11787693385822648
20130,-0.02037899412196743
20132,-0.10720924999421204
20147,-0.09030573484986784
20148,0.10543472232008944
20163,0.162072436972577
20166,-0.11668530924323162
20167,0.32275140258273305
20168,0.24880590100722244
20170,0.0362161902876317
20174,-0.06694994961917308
20181,0.2229525894590581
20182,-0.1083783684425446
20183,-0.14022258984138214
20184,0.05280188952404555
20185,0.19535955394955348
20186,-0.12909641516667997
20190,-0.3253548468805001
20191,0.3805670085187794
20192,-0.24361831007394025
20193,0.11028629956587764
20194,0.13162117766715076
20196,0.0645645957829998
20197,-0.3696914941149353
20198,-0.01295413134238628
20199,0.01993103430088504
20200,0.092085634300527
20201,0.15605750368127497
20202,0.04942251970268759
20203,-1.1767448832286358
20204,-0.04968288624881841
20211,-0.05855366705963849
20215,0.4058376389306516
20216,-0.4826612765961684
20218,0.05608054770159551
20222,-0.05538857906660757
20224,-0.11009568498377674
20226,0.02458471371297842
20227,-0.03698591904280607
20230,0.05766237684889194
20231,-0.3432410333757684
20238,0.02086805411355044
20239,-0.06138220396137317
20248,-0.523288764313647
20249,0.02098795334064248
20254,0.07913168636190207
20255,-0.23560505450646804
20256,-0.03852311992100419
20257,0.15779826914459671
20259,-0.3083610857915464
20262,-0.03156475156316116
20264,0.267850180928055
20265,-0.6194161940544398
20266,0.137119861008143
20269,0.00212860055687712
20271,0.06370125693359105
20272,0.6485229284987993
20273,-0.26948869939835507
20274,-0.1506183849250933
20276,0.1768526490027814
20277,0.04958597423412308
20278,-0.19274476812864705
20280,-0.03884260120762885
20284,-0.05801779384565289
20286,-0.0437911612934905
20287,0.3647450774102996
20288,0.6975788887525407
20290,0.17344366295084038
20292,0.2785207547509857
20293,-0.21566754609014777
20296,0.1331246814564529
20297,-0.22288027316852305
20299,0.24038920580979667
20300,0.0730625552766829
20303,0.36446129716046816
20306,0.4899462017330854
20311,-0.3835187835082288
20316,0.04677541844628417
20317,-0.02874122040725709
20318,-0.02273547502407178
20319,0.8336804913840948
20321,-0.2214967527701335
20322,0.180267658119708
20324,0.11038474926733086
20334,-0.09077581996870156
20336,0.48525285767048
20338,-0.11704475464795988
20339,-0.4037774909121851
20340,0.03768729996826747
20343,-0.03372185131277003
20344,0.12662185926249056
20345,-0.0642298689659242
20346,0.3563866391059383
20347,-0.5109812784521783
20348,-0.47882640625865847
20350,0.17420568401127862
20351,-0.01598610971056088
20352,-0.2842080678873916
20353,-0.13561419284699053
20354,-0.04212703338508143
20355,0.3000141696261363
20356,0.2245603446487967
20357,0.38077735170759375
20358,0.1452297616342581
20359,0.7810417457992418
20360,0.20675221457488177
20361,-0.1773774608639595
20362,0.2503094124047333
20363,0.01391176198671556
20364,0.03337956857730536
20370,1.1195545092545012
20371,-0.07020813616547907
20377,0.42367551974965983
20378,1.03641325914375
20379,0.2177347990236684
20382,0.11550513300570868
20383,-0.09884844932358448
20384,0.0350732360404683
20387,0.41894864623026606
20388,-0.3975320752968779
20389,-0.19610867300170048
20390,-0.0894118164433715
20391,0.07194651527719748
20392,0.2320456233417337
20393,-0.15527323992399666
20397,-0.04431134717954474
20399,0.02275857918491119
20400,-0.2086122481029372
20401,0.14539875700493887
20402,0.137062438792027
20403,-0.04730307546009645
20404,-0.6856592817604291
20405,0.01816623625915235
20408,-0.02469820643464762
20409,-0.10866695627344224
20410,-0.07455504142102815
20415,0.19844894511022565
20416,0.02201950313432393
20418,-0.17820983853645656
20419,-0.6502507538983274
20422,-0.04118287999951151
20423,0.1157769883002252
20425,0.5069393229877807
20429,-0.19954990249261387
20430,0.03854959487560598
20437,-0.2530302230187777
20439,-0.3828914719274636
20440,-0.1189879442607581
20441,0.08791646655681916
20442,0.1667165433257845
20443,0.2959630934224125
20444,0.12339098428815436
20445,-0.3395795399038146
20447,0.00136287809058283
20448,-0.05402604459342288
20449,-0.06781679422366162
20450,0.10330933112814553
20451,0.5126816112478858
20452,-0.05723740363744833
20460,0.4382940469908774
20462,-0.4159099717616769
20463,-0.04150300409877942
20464,-0.6657015782070235
20465,-0.13793795778854606
20466,0.05686853624741625
20467,0.06532317344375282
20469,-0.04486829762897495
20471,-0.8210837034789531
20472,1.1518680940638717
20473,0.6216792030704927
20474,-0.01509749827536093
20475,0.30628525589738514
20476,-0.0157082429565534
20479,0.0499983200045714
20480,0.00340286321978226
20481,-0.2141035619967762
20482,-0.07089079749176422
20491,-0.019624409046507
20492,0.09651400700836749
20493,-0.1391297535410552
20494,0.37676733674733986
20495,-0.3549651925932138
20496,-0.1112902433715074
20497,0.12963114487194272
20498,-0.15540653027335613
20499,0.02170832818850799
20500,0.1580864827785234
20501,-0.3948481702974932
20502,-0.26026450182799216
20503,0.00324591253003855
20504,0.19333884501488505
20505,0.19341888938631807
20509,7.186946646495513e-4
20510,0.1516677576429438
20511,-0.1476286520327819
20512,0.11682269889300724
20513,0.26266391380518395
20514,-0.04152102720431452
20515,-0.05586400313067904
20516,-0.37634435043145886
20517,-0.05338570607541245
20518,-0.6164604208027614
20520,-0.16184164809216106
20521,-0.27078960089453863
20522,0.0212737638252773
20523,-0.22922154600973643
20524,-0.07866803507075176
20525,-0.07945495773570965
20526,0.38550481800053865
20527,0.26880993673767184
20528,0.2156490627029382
20529,0.24821366637028192
20530,0.14133973170662373
20532,-0.4718416162755703
20533,0.21076000165641096
20534,0.01522343501987386
20535,-0.04886714653869355
20536,-0.4959774492668661
20537,0.25100344690398635
20538,-0.21089873132005
20539,0.2928965850787522
20540,0.24219199583241613
20541,-0.17154017930123255
20544,0.02051083466381308
20562,-0.06229576012321847
20563,-0.29485952589664066
20564,-0.5810966188964277
20568,0.02937302064633042
20583,0.2736996204174945
20585,-0.05431634337523562
20586,0.01798797937706866
20587,-0.1652970440153722
20588,0.05957919574564246
20589,-0.13811691640176318
20591,0.02828203493288456
20592,0.7757339675564905
20597,0.05746477019077364
20598,-0.5295181715181159
20602,0.049555190952908
20604,-0.09619719944234856
20605,0.1175920422592688
20606,0.7615209140704098
20607,-0.06422731479682495
20609,-0.11816776567360288
20612,0.17129653651667703
20613,-0.16794400440648588
20614,0.02379389930976933
20615,-0.04292174144978165
20616,-0.29624981984643994
20617,0.00508574660114855
20618,-0.2324180603600536
20619,0.07657596027253517
20620,0.2668365644169039
20621,0.02402157423091149
20623,0.04043706455955385
20624,0.00641108001174487
20630,-0.23322543781518867
20637,0.07937719528420425
20638,0.0963942142975952
20639,-0.04135961408060015
20641,-0.10465878357109298
20643,-0.0949147390996246
20646,0.12345574185869386
20648,-0.02486277027360437
20649,-0.08480790668572426
20650,0.3599468314477631
20652,0.5189203224877689
20655,0.06921092786291967
20656,-0.05631131880641088
20657,-0.26148745041222216
20658,-0.08197228650526021
20660,-0.0685919864481318
20661,0.14622656987674668
20662,0.5699738717187944
20663,0.11824746575498891
20664,-0.14755541906564792
20665,0.01164414325651509
20666,0.5841115180722252
20667,-0.4276868980526622
20668,-0.2413289761967168
20669,-0.2894661022218191
20670,-0.2195404927377644
20671,-0.10081053515886108
20672,-0.5804841297454836
20674,-0.6262756152632369
20675,0.5178652124172158
20677,0.14511425344816617
20678,0.15510014478613698
20679,0.9386572322913824
20680,-0.3165109306493074
20681,1.2579104874998188
20682,-0.06622233950139408
20683,0.12675490824019314
20686,0.36777093459081994
20687,-1.300154512279159
20688,0.00729086861267124
20689,0.2902334582696475
20692,-0.7180082689681261
20698,-0.04447645927140491
20713,-0.35583729474949977
20719,0.18840463942053423
20723,-0.02363349761280625
20724,0.3698453998851324
20725,-0.00328088377836092
20728,0.34669134141013846
20729,-0.1540432049098467
20731,-0.4165758400116304
20732,-0.06551019762329316
20733,-0.20597745435015968
20737,0.00143446692718304
20739,0.18604646983529416
20740,0.04725367267469783
20741,0.7047120529862606
20742,0.09381240270294652
20743,-0.11961512556438993
20744,-0.06619957323938144
20745,0.1779031329145912
20747,0.08976570202523196
20750,-0.3719362937427348
20751,-0.00945755917204328
20754,-0.09824082585900396
20768,0.5606905334587104
20773,-0.12146288132369804
20775,0.12008840701892282
20776,-0.05593942583803213
20778,0.05204326624774871
20779,-0.29727460742092104
20787,0.27663044487072314
20788,-0.00115137547447156
20807,-0.09765408280144422
20810,-0.02978217110839121
20811,-0.06183000238343413
20813,0.00905086982803063
20815,0.06422580363459282
20817,-0.05074937941031621
20818,-0.05319200520291631
20821,-0.12847534839964408
20822,0.30551452373366556
20823,-0.07157792171441124
20826,-0.16780650626963572
20832,0.00732461306224911
20833,0.00197129404670898
20834,0.1654476196972783
20840,0.2016414668766617
20841,0.1539450083669237
20842,0.0389835160175165
20843,-0.05400637916984099
20844,0.0390145356647847
20845,-0.5731853740250299
20846,0.08537583843177271
20847,0.11595740464854148
20848,0.1680533383889387
20849,-0.01482725657211273
20850,0.05420211750169484
20851,-0.05217140338334558
20852,0.10736883181189268
20853,-0.21331110501643957
20855,0.03463335520435632
20860,-0.16697691933809336
20866,-0.05546134198535423
20867,0.20699626883322753
20869,0.18516982938374335
20872,-0.1384438578366532
20873,0.02297191733008119
20874,0.0462678611071665
20877,1.959473725433228
20878,-0.2719540945540609
20888,-0.0105177289494201
20890,0.05348491607498676
20892,-0.09047251484075036
20897,0.06125011207909625
20899,-0.2409646734037807
20901,-0.14480998307125192
20907,-0.17310752756026784
20908,-0.1679361920696306
20909,-0.05901024233168286
20910,-0.2945648773956258
20911,0.04543614569637972
20912,-0.1290134826600452
20913,0.2259454843541175
20916,-0.13085917474458125
20917,-0.19586062053526876
20922,0.06530809304184465
20924,0.08112888394373666
20926,0.23256903109850813
20927,-0.07563713496377994
20928,0.18467572739872196
20930,-0.02849934519920256
20931,0.12755082796049677
20932,-0.10155231071574508
20935,-0.05492627666342668
20937,-0.21915134349987947
20947,0.06277494712300102
20957,-0.1657721518531846
20962,0.29351946196263673
20963,-0.03419920636773133
20964,0.5647834564481697
20969,-0.6406952979384849
20970,-0.1772599051180576
20971,-0.4057050129219949
20972,0.04027979006848915
20973,0.00399479361170206
20974,-0.6056433833531727
20975,-0.5262148293316119
20977,-0.07232252053628159
20979,-0.03617707632268668
20980,0.10655010729718908
20981,8.684854668336572e-4
20983,0.3144252093952468
20997,-0.9677940453375424
21333,0.09447638983184212
21334,0.13383338754693147
21335,-0.0984153691549294
21336,-0.00975777709182469
21337,0.04032028270460552
21338,0.03439163034140252
21339,0.16255516028775735
21340,-0.18475412161655907
21343,-0.12320465959928864
21345,-0.07309756752928169
21346,0.07943528240357434
21349,0.18044930353720456
21350,0.07111721684623287
21351,0.0758534918128633
21353,0.09788041366087571
21355,0.06187617148789003
21356,0.10182532614780958
21357,-0.0542156666291245
21366,0.0886800972114746
21367,-0.02123202725556477
21371,-0.22749082864880732
21372,-0.1142150985784257
21374,-0.27037455167573987
21375,-0.6383981380955833
21376,-0.10890051300589204
21379,-0.14815276626483698
21380,-0.26897256758354954
21384,0.6928379671614007
21385,-0.12210068511018116
21386,0.3741124862845245
21387,0.7740399222945679
21388,-0.46194595355513635
21389,-0.08997289239941043
21390,-0.17165662279532434
21391,0.21561700184586535
21393,-0.21326126503728887
21399,0.08819498124669173
21400,0.19574828121267224
21401,-0.3166681684221535
21402,0.09709890337845788
21405,-0.29969752711052783
21406,-0.0179073724925997
21407,0.01101523937654246
21408,-0.076451250743757
21410,-0.07565772879613561
21411,0.10784463482561275
21412,0.28163025625985333
21413,0.19393576381844024
21414,0.02752461098895439
21415,0.19190269618937036
21416,-0.1596782845726704
21417,0.15029140766382745
21418,0.467388459219536
21419,-0.8862189099493838
21420,0.02217137540812279
21422,0.1850290746574912
21423,-0.08552345363105507
21425,0.0032246690559879
21426,-0.42078503932422673
21427,-0.1508595087508645
21428,-0.16487662022938082
21429,-0.06940600969037464
21432,-0.03294225248556207
21452,0.2332494504748499
21453,0.01695747289561543
21454,0.00903003533063415
21463,-0.21362040251698633
21645,0.34154669646073216
21652,-0.07185937595391086
21664,-0.7394680496333457
21667,-0.5941013500556619
21672,0.01433482463600075
21673,-0.2227014484785529
21676,0.43172606267879254
21677,-0.09109925468703836
21678,0.38386010884413607
21679,0.21294220311736317
21681,-0.07979723267611209
21682,-0.08820176050867876
21683,-0.07707677234232732
21684,0.8900904884407116
21685,-0.1460309770492304
21687,-0.33054786037058714
21689,0.17287659527485627
21744,0.49176118796838875
21745,-0.02673255543824203
21749,-0.164105128304073
21750,-0.0635118557313114
21752,0.6710464719188388
21753,-0.09458444388756083
21754,0.01151251314828804
21761,0.02767349186167429
21762,-0.01129173596095399
21763,0.2026430721756753
21766,-0.14195039803501563
21767,-0.02267036004261934
21769,0.1240537127984801
21770,-0.2532405064666772
21771,-0.02050075255691174
21778,-0.2512739395995174
21780,0.00446620534956917
21781,-0.2926034087136494
21784,0.10219199406582492
21785,-0.4180410842096513
21786,0.3962154178204189
21787,-0.07192428878929791
21788,-0.06070579367781502
21789,-0.04569428976041641
21802,0.02488446280202853
21803,-0.08899873088506069
21804,0.3837479121426846
21807,0.07995651675279669
21808,-0.605661659456385
21809,-0.0748342588403811
21810,0.14079158867378663
21812,-0.18118867131374616
21813,0.01249450799459478
21814,-0.04344422333549588
21815,-0.00649474914370563
21816,0.2379254755924855
21817,0.22337510529521293
21818,-0.09782706544484288
21819,0.29079884079303564
21821,-0.22485071070942111
21823,-0.05712895189725364
21824,-0.29938745407912526
21825,0.31859702445152766
21826,0.26634527459690477
21827,0.34012853162700385
21828,-0.10205986758692276
21830,-0.04150445635391621
21832,0.5312934880391638
21833,-0.2448954469090116
21834,0.2189130256317331
21835,0.1674900299676682
21838,0.01206199232531247
21841,-0.19727575681710288
21843,0.03837380218318719
21844,-0.36597093897635963
21846,-0.5321220462406404
21847,0.09070186685298372
21848,-0.01059742231502733
21849,0.1490776173770679
21853,-0.0365260416470748
21854,-0.1502800361078001
21855,-0.04595158952708497
21856,-0.08280829256432634
21857,-0.09402052692443624
21858,-0.1860572692807975
21859,-0.632731095775728
21869,0.21830441848105075
21871,0.07817378361219231
21872,-0.06746379122601154
21873,0.5089915933463712
21877,-0.373289612855917
21881,0.0397539407036189
21884,0.26350292635032013
21885,-0.01231055431675739
21886,-0.18528671734023355
21887,0.104208162430546
21888,-0.5430241423980827
21892,0.01328538191873857
21894,0.1514991606733435
21897,0.04305057346119973
21898,0.1681392306239526
21899,-0.02091238881369213
21906,0.14235905313860758
21907,0.30538540180854906
21909,0.14389924832716242
21912,-0.19165851625582037
21915,-0.07222578289996232
21917,-0.10395105423305907
21923,-0.03473841665102303
21925,0.31500390970609804
21926,-0.5376834424667889
21927,-0.04225730515630298
21928,0.09680723836801712
21929,-0.07885097117319274
21930,0.7378378634131363
21933,-0.5456221919191409
21934,0.3842530885433622
21935,0.2166314723016673
21936,-0.1297231687811983
21937,-0.00179174619945836
21938,0.344806218367747
21939,-0.2504014257542338
21940,0.0278566708021193
21941,-0.07152545376148196
21942,-0.01955136572230402
21943,-0.2043521095312304
21944,0.14012709272928248
21945,0.0812271751823891
21946,0.05729310963780272
21947,-0.25162733822779315
21948,0.0884869510249378
21949,0.21382269735992537
21951,0.2986926204093924
21952,0.2930006090861919
21953,-0.07349948599026243
21954,0.2245868132345598
21955,0.18201392841621952
21956,0.3024789051740422
21957,-0.07219690811822896
21958,0.06758411022211229
21959,1.582155332242345
21960,0.1854663416892092
21961,0.15085667001337522
21968,0.1350513788211697
21969,0.10515968395743563
21973,0.11555312851874244
21974,-0.01890655320981101
21975,0.11654471451271796
21976,-0.07068289722013944
21981,0.10954014428794294
21982,-0.12920182487651616
21983,0.6254832907030884
21985,0.03922677629113671
21987,-0.5819511171153962
21990,0.03374766083938206
21991,0.05803656652167662
22004,0.44307750984616107
22017,-0.28763436050144436
22018,0.17879839066144454
22019,0.02960863444174719
22021,-1.055493715816613
22022,0.02052183532427468
22024,-0.5533393287527251
22025,0.20473945307638908
22026,-0.06707175475848451
22027,-0.04733237858274283
22029,0.14316585319264963
22030,0.01294206451147365
22031,-0.05946114665138925
22032,-0.22002026371402583
22034,-0.1533865565698525
22035,-0.2615657723232106
22038,0.22964127577298837
22040,-0.00293804794160732
22041,0.18122927304244815
22042,0.0823483913041102
22044,0.158267579396099
22045,-0.2068059393628558
22051,-0.1003707903937706
22057,-0.2001668128757209
22059,0.2855267189041077
22061,0.03737886156524984
22062,-0.00302527683188892
22063,0.3051412884286996
22065,0.5222652262772076
22066,0.3136595301548167
22068,0.3728306957943447
22070,0.00642100674829728
22083,-0.05049412781193502
22084,-0.00860734331472595
22088,-0.04682502541757636
22092,0.29727104030067614
22094,-0.20009037931614465
22095,0.18967964543278937
22099,-0.02513751186491364
22110,0.08336041354532403
22113,0.0850084856486395
22114,0.14891507711644225
22116,-0.10997940434154509
22117,0.5401613635419191
22121,-0.10781085406113776
22122,0.07019293541638039
22123,0.02326709285820274
22129,2.682700221405161e-4
22130,0.4788605726595446
22134,0.04010855305280046
22137,0.1698524610072586
22138,0.2453417309206663
22141,0.4948300638846977
22143,-0.02900264258123329
22145,0.09240796084375556
22146,0.04660154363817355
22152,-0.42395028758593134
22153,-0.1335897778809778
22154,-0.05819530948310708
22156,-0.22532844690463036
22157,0.06606186460891583
22160,-0.07651885662584401
22163,0.07576908369489518
22165,-0.04586507524640072
22166,-0.11919848151559038
22169,-0.05469315209175908
22171,-0.4255797013296926
22173,-0.40649533907965074
22174,-0.3474087015560503
22177,0.01625308630789262
22178,-0.059034225627344
22184,0.16408428810215803
22185,-0.2367431423210532
22186,0.00120685123410213
22190,0.03396578324627958
22192,0.1547136522606854
22193,-0.02272359840021549
22194,-0.1240847052555474
22195,-0.0168516237939488
22196,-0.0772782056823179
22200,0.28494550814576625
22201,0.09946667918590904
22209,-0.3333604541794605
22210,-0.05580838398217386
22213,0.10512529809941036
22214,0.28133610502848405
22215,0.06357122550095286
22217,-0.04954815448360288
22218,-0.10290387281814566
22221,0.3581227478475277
22222,-0.25816749309796905
22223,-0.20741683440520436
22224,-0.05431689115014401
22225,0.04795524214101505
22226,0.6912589933739223
22228,0.15615005951544908
22229,0.09078226545420306
22230,0.02204404936189406
22232,0.00575409319027768
22234,0.15230743003027727
22235,0.01622773356363329
22239,0.42903844442438377
22241,-0.02440170060934075
22242,-0.04174827034031386
22245,-0.11153943508929089
22247,-0.10656966145808557
22248,-0.10523859557282844
22249,-0.40755718789399864
22253,0.1858053157376744
22255,-0.33264847528306934
22256,-0.05249505495042375
22258,0.11717534891078998
22259,-0.1628323210725519
22260,0.12650236205388557
22268,0.29334912971173893
22269,-0.04866495064591771
22270,0.12491996365309116
22271,0.07016467814662877
22272,0.03107992810508195
22273,0.06216101079136021
22275,0.0158055014902481
22276,-0.00188048234954498
22278,0.24182564550019153
22282,-0.1838735931682368
22283,0.387199329453811
22284,0.04262840023056198
22286,-0.254794987431304
22287,0.2161770654336072
22288,0.2483890644656539
22289,0.24258049492831185
22293,0.4198247259323539
22294,0.02306118376133638
22295,0.3012664146952868
22317,-0.22309507451019656
22318,0.02301911162461055
22319,0.22944458188870143
22320,-0.03307272511100595
22321,0.10313902103020228
22323,0.09922229706141288
22324,0.02984089926723836
22325,-0.3471892693808167
22326,-0.7920487534943706
22327,0.04332015731644885
22329,0.4272013447121049
22330,0.38136780328523473
22334,-7.269643953386161e-4
22335,-0.01256441366112342
22337,0.6262601388955209
22339,-0.17170763435989858
22341,0.1981822643685683
22342,-0.12660371074566648
22343,-0.49323679722942054
22344,-0.00622374961738285
22346,-0.01264465217628161
22348,0.20640836497885656
22349,-0.4447032295493763
22350,0.04800729724493246
22351,-0.04993047382135738
22352,-0.08027328143315537
22353,0.08679339144341211
22354,-0.18223751087766585
22355,-0.20819888696768585
22359,-0.44805306228426733
22360,-0.19750861885087764
22364,-0.14705690978972755
22365,-0.03951262224935528
22367,0.059040570366396
22368,0.05682962767270393
22371,0.33257732567757814
22375,-0.03347403822716217
22376,0.02954328857462505
22377,0.05532998181130869
22378,0.10477550977010576
22379,-0.04744617230622387
22380,-0.06988588883903815
22381,-0.21406044027096208
22384,-0.07214927539391272
22385,-0.17264135907219869
22388,0.0226033653166731
22390,0.48287366673726695
22401,-0.0991111640178488
22403,-0.15461688668656146
22408,-0.00883495568233504
22409,-0.07716016105837714
22410,-0.06854530735303527
22412,0.05479276117939632
22413,0.4760075812768789
22414,0.1200955140097566
22415,0.01762054908610937
22416,0.15382302784337568
22417,-0.02824680407122913
22418,-0.9728112469504372
22419,-0.06806046869752129
22420,-0.2149289674087837
22421,0.14261650639948115
22422,0.19521304334049192
22423,-0.19135426462021743
22427,0.07172406672336491
22428,-0.08042494073784257
22431,1.345543335782351
22433,-9.511677185726486e-5
22436,-0.2359521769952163
22437,9.487591183970912e-4
22439,0.2544224865297488
22589,0.02578319602232069
22590,-0.04139506957020607
22591,-0.17235895821281094
22592,0.14278371337183016
22594,-0.02215778293749025
22598,-0.5375447770395254
22601,0.4232028412456
22608,0.086479403815903
22619,0.09253949630685292
22625,0.3223748595408021
22626,-0.10720070762183943
22627,0.03802430227665747
22628,0.13534641256684515
22629,0.1012646001795125
22630,-0.00348966423709882
22631,0.3696333698248022
22632,-0.1459694201052347
22634,-0.5629419636058361
22635,0.2256634119294925
22637,-0.00249865475491134
22640,-0.10902384227049323
22642,-0.599507337993733
22648,0.2006723075810976
22652,-0.5890631464650395
22654,-0.3391635984945394
22658,0.6343141952063681
22661,-0.00518302410581422
22666,-0.03310044377378112
22668,0.1489431319954707
22670,0.01383938615414127
22671,-0.2982539394151807
22673,0.0102602068893655
22678,0.3663706165361894
22680,-0.08763542515526022
22682,0.08754629129359896
22685,0.11359823469038544
22687,-0.01388211016272892
22688,0.25884230038297895
22689,-0.5130131301565117
22690,-0.2563041955263276
22691,-0.2564762725420072
22693,-0.11112908498389314
22695,-0.90753003249048
22697,-0.16584640521224997
22700,-0.30732607341141144
22701,-0.04907882585859621
22704,-0.1506665248314688
22709,-0.30975910615809676
22715,-0.25164938544014887
22720,-0.07325928847338951
22750,0.30827268451223167
22751,-0.27720306296953107
22754,0.06426647979483455
22757,-0.04162710798191151
22758,-0.02767496793821205
22761,0.11525496837087218
22762,0.2232242239693243
22764,-0.23510872907168243
22770,0.30564581039810984
22771,0.24062755821024537
22772,-0.3418707447317582
22773,0.12707015330471133
22774,-0.13004959877433245
22775,-0.4675384170531069
22778,0.05534528780266817
22779,-0.12934314786433057
22780,0.32029143429810625
22781,-0.17658943371280283
22782,0.05612994059844533
22784,0.6382941849885142
22785,-0.28226408092122734
22786,-0.04366303498444974
22787,-0.1069866915740113
22788,-0.207067052976458
22791,-0.06235446918678348
22793,0.12829064680858696
23789,0.1435253428141624
23790,0.041168823716244043
23792,0.02180947371115249
23794,0.01499208032629666
23795,-0.15441039248145555
23796,-0.6390385286374369
23797,0.25092127477196124
23801,-0.23544031038406976
23802,-0.09767422568568453
23805,-1.2782589277746809e-4
23806,0.09317253494039104
23807,-0.09584611426500796
23808,-0.0604302040273347
23821,-0.05469999148024952
23825,-0.02258834528038346
23827,-0.7637864351325734
23828,0.935765731568608
23829,0.07489177034369363
23830,-0.18722439221252332
23831,0.24463002834888792
23832,0.1004919807513763
23834,0.22500297804036823
23836,0.44396958833873035
23837,-0.01587219340797228
23844,-0.09479150464879224
23845,0.6378997066955716
23849,0.04251137759776578
23850,0.38609063725190806
23853,-0.07533156524825599
23854,-0.03445317588670053
23856,-0.00852859473273616
23857,0.21572478755564864
23859,0.5569157417902486
23863,0.05656934369199041
23871,0.01096818280752726
23872,0.09819140867347068
23873,-0.15699654997555687
23874,0.10590094133072536
23876,0.01548270125197938
23877,-0.19085245473823448
23879,-0.15186732919865792
23880,0.24952837076213313
23881,0.11278029824596802
23882,0.02554915403736137
23885,-0.10788812709113316
23886,-0.5367807596831236
23887,-0.04893058025423189
23888,0.9711350463222268
23890,0.13905775787313024
23892,0.3458037023557463
23893,0.02225476971529656
23894,-0.3365121199025122
23897,-0.10268694462596052
23900,0.01900321062204174
23908,-0.8997627705379341
23912,-0.00357075750270026
23917,-0.20892920471852688
23919,-0.36023200601245625
23920,-0.17661767356951447
23921,0.157364655767379
23922,-0.06049724460954166
23923,-0.02626911803373907
23924,-0.06042866340595196
23925,0.08294560031887567
23928,-0.1900595625520488
23934,0.3921110035022864
23936,-0.17057280057692853
23937,-0.26764559360993045
23938,-0.01600464826655102
23939,-0.12873635381804
23942,0.06655516802155112
23943,0.04349773697802608
23945,-0.1060271191828986
23947,0.3635051403863271
23948,0.23892594990070765
23950,-0.00620113173162254
23954,0.1578437882136229
23956,-0.08044720493595568
23957,-0.10331727630853954
23959,0.0924751461811789
23963,-0.3353435828436022
23964,0.4121232137962159
23965,0.2247792411151603
23966,-0.12029852077351438
23967,0.4972827694852616
23968,0.6258123077909217
23969,-0.09578404567976156
23970,0.1927243028258414
23971,-0.21019494062368335
23972,0.14978652006926962
23980,-0.1049933330310396
23983,-0.06605190867230815
23984,0.18781692428336616
23985,-0.8435671174785939
23986,-0.03637821746029104
23988,-0.06252009567996959
23989,-0.0016154992078942
23991,-0.09794880618074442
23992,-0.16600047959731715
23993,-0.01250789491460518
23994,0.05248592459577141
23996,0.00468235148046108
23997,0.03009947040954035
23999,-0.01652884123686419
24000,0.02282205767562065
24001,0.13923169026224946
24004,0.5301008159770227
24010,0.02245735950355556
24012,-0.5818483557356504
24013,0.15763275010908348
24014,0.2960410856857698
24017,-0.08313084566483489
24018,0.1921602259773043
24030,-0.03727961137624496
24044,0.07838705739598276
24045,-0.00778098230832487
24046,-0.2236893088694591
24050,-0.01247097800578903
24051,-0.31515280540622337
24052,-0.2381322852302639
24053,-0.5053544257487055
24055,0.03625363287379834
24056,-0.04925035501690912
24057,0.10763724626274146
24058,0.04119273323018459
24059,0.11052283347725612
24060,-0.3294825950488658
24063,-0.10635903562621632
24064,-0.6990276276016163
24066,0.16546182394816006
24068,-0.03526699828073201
24069,0.1555504994726305
24070,-0.0994366038293899
24071,-0.07602542326972939
24074,0.2133002426834781
24075,0.00133468699106093
24083,-0.07932708650378714
24084,0.39215494009038154
24086,0.16964547170138888
24087,-0.08853455586548906
24088,0.23310747896564749
24099,-0.15321730449893223
24100,0.00951124184743455
24102,0.378685472708145
24105,0.03037109802923874
24108,-0.2800229266054396
24111,0.49403454068016583
24113,-0.7102035786238321
24115,0.24403507722234527
24116,-0.07672456129503508
24117,-0.3620392494447955
24127,0.3621898786817298
24128,-0.08376898371044515
24132,-0.04134778423071671
24136,0.18672020801605432
26356,-0.07735659873337244
26357,0.09544571187147954
26359,0.05896354968205247
26361,-0.135284542977378
26362,-0.6187330225491134
26363,-0.06519172936043856
26364,0.05667243784527993
26370,-0.01047777686949117
26371,-0.0756465195610669
26372,-0.16776069784409994
26373,-0.3120490777247314
26374,-0.06170369922140482
26377,0.09880319785181302
26378,-0.13835418736550187
26379,-0.1109664792538013
26380,-0.05907318902865509
26381,-0.23254815944283316
26382,-0.10518697191506075
26384,-0.1847770859654617
26385,-0.05236707194488044
26386,-0.13644700606984553
26394,-0.04934754370298325
26395,-0.07904090510817575
26396,0.1035233214049448
26397,0.05389158887984154
26398,-0.18689207573051747
26399,-0.00777011088849356
26400,-0.4406239183982229
26401,-0.0176221498429498
26403,0.00126863970824564
26404,-0.03993553555870589
26405,-0.07708568470119376
26406,-0.08635212132975977
26407,0.03127204211492233
26408,0.00937353782925926
26409,-0.06973622888216027
26410,-0.23877770929394457
26411,-0.05892812358073585
26412,-0.0455676761422418
26413,0.03058238543336056
26414,0.03149707100226641
26415,-0.13484402805831644
26416,0.12020648138920484
26417,0.10678433134221824
26419,0.25329485768004334
26420,-0.0116540506038347
26422,0.3944321382965636
26423,0.00118900242164744
26424,-0.2853502042207158
26425,-0.07848381323337142
26426,-0.05241607708047711
26427,0.34526053276305224
26428,0.01321911536197406
26429,0.5773993226487928
26431,0.00109410318238986
26432,-0.340173865485854
26433,0.02613402594146855
26440,-0.00419620753083697
26441,-0.10915893130249904
26442,-0.05091620301573018
26444,-0.03816122656698818
26445,-0.12315885779724892
26446,-0.02823696696124743
26447,-0.18764278398881432
26448,-0.19942652052325713
26450,-0.23575438294827772
26451,-0.01887739907675948
26456,-0.4289779233104637
26457,0.08721500461813825
26458,0.29638454852327306
26459,-0.26481052905265196
26462,0.00523509124471605
26465,0.07338365329235229
26466,-0.23370711204782332
26549,0.431267614130897
26554,0.10672898544454298
26556,0.19173319287752089
26557,-0.721825443233574
26558,-0.01876323064695444
26559,0.24122106613099348
26561,-0.16081098602501567
26562,-0.03016547635899286
26563,0.8783589005140621
26564,-0.12371651234306212
26565,0.16911076622338012
26568,-0.4829945024375498
26569,0.20229059648540723
26570,0.01337961413077951
26572,-0.1447113068237167
26611,-0.48427383447860617
26754,-0.11862627332839144
26757,0.28373820174454345
26875,-0.3674915970912509
26876,-0.4211057628696142
26877,0.19455167870587323
26878,-1.2565576618048084
26879,0.19726033836385043
26886,0.06823444737232867
26887,-0.03132744784274166
26889,-0.05234179812169334
26891,-0.09856774308516388
26893,-0.07115859864503929
26894,-0.00434813645529546
26895,0.06274578666991282
26896,-0.16229508041562393
26901,-0.20321340499644547
26903,0.27189748451155327
26908,-0.10366316675940628
26909,0.1578246450421482
26910,0.1640822046421808
26912,-0.17516463459617218
26913,-0.38262543387706016
26914,-0.1496332949654649
26918,-0.3709742646411313
26919,-0.43622258033955114
26920,-0.0602167475011322
26926,-0.16125695134359658
26927,0.2250153443307394
26932,0.03774974962518096
26934,0.21870998201012365
26936,0.11931813999748704
26938,0.5044686005994052
26939,-0.18768764844822924
26940,0.06165369733235942
26941,0.15738560483848643
26942,0.5898376954803753
26943,0.07960008327114584
26944,-0.10735731875045976
26945,-0.8338118506346704
26946,0.2068518958040645
26949,-0.04323051687001023
26950,0.0921034677091242
26951,0.00129629091530018
26961,0.0128026073007923
26965,0.06989950787181534
26968,0.18512535065714347
26970,-0.11640218357810704
26971,0.11966660766666576
26972,-0.2748893300387427
26987,-0.04623263596168908
26992,-0.0999120747337581
27008,0.03345789478552809
27015,-0.1020300290966333
27027,-0.08674215495089957
27028,0.13644594336654342
27029,-0.08354600885915602
27041,-0.06326990070545398
27045,-0.04581105293929017
27049,-0.17395189319577514
27050,0.04488867705897138
27052,0.09296546071753407
27053,-0.01104209988946947
27054,-0.01464425558237105
27055,-0.06210666684791599
27056,0.06612887776970325
27057,0.10146646200317898
27058,-0.1164289424109458
27059,-0.3226118862850057
27060,0.1184815989794131
27061,0.15800481681936923
27062,-0.32366074897840835
27078,-0.37319477921993993
27081,-0.3646056833840302
27096,-0.02789769800069223
27103,-0.17709137729622387
27204,0.5546560617324252
27205,0.2145791817575942
27215,0.06191108529460123
27217,0.6401824867737343
27218,0.24487638806922943
27219,0.8591991761450117
27220,0.30985774847552994
27221,-0.19406598288735977
27222,0.5137870915077994
27223,-0.17931395820096657
27224,-0.215105514031741
27225,-2.95973237358969e-4
27226,-0.05771688030485338
27260,0.14483997664053552
27261,-0.04080222107654028
27267,0.05817561144596369
27273,0.33035245185673934
27274,-0.09421935288200052
27275,0.03744054322770682
27276,-0.47936669474716576
27277,0.09219457900808954
27278,0.26862450553808376
27279,-0.11571985427323252
27280,0.16867424529005404
27281,0.3546219173560673
27354,0.02781112248903775
27356,-0.03602840255286925
27357,0.01333342029210638
27359,0.15340907411083718
27360,0.0204138202241547
27361,-0.01787519193716243
27362,-0.07034561188386977
27364,-0.00550533946775501
27366,-0.11651695327220143
27368,-0.17195193796934052
27371,0.08510206780639396
27373,0.02988336319103657
27374,0.01929215661231987
27376,0.30022830259278827
27377,-0.3891718045308401
27385,-0.2681817979130702
27386,0.6295516830151474
27387,-0.1216859385584122
27389,0.504605377518423
27390,0.24054744461741667
27392,-0.10525845706493124
27393,-0.08561373477888433
27395,-0.01027292009293893
27397,-0.0829047747727912
27398,-0.19480460319146653
27399,-0.05349341155141542
27400,0.8285631140042058
27401,-0.09411327124243396
27402,-0.694573740433227
27403,0.09907524412946506
27404,0.17156960368370344
27406,-0.00420012425643623
27407,-0.04299914073486299
27409,0.04583086136900091
27410,-2.294139754034329e-4
27411,-0.09236173448666626
27413,-0.36707169761019526
27414,-0.03807476708867136
27416,0.16351907292924453
27418,-0.05200402904844879
27419,-0.0010516692306985
27421,0.07195499976497972
27425,-0.0806702389131984
27426,0.06510255530497591
27428,0.15554053361188255
27494,-0.20382764213809673
27528,-0.5997665513891942
27632,-0.0996842842634786
27643,-0.03215106041178602
27660,-0.3378226920938716
27681,0.03233110481837864
27756,0.04333591527855855
27762,0.10274859891033666
27784,-0.15738917417045223
27878,-0.13634601389583836
27883,-0.02428315824318653
27886,-0.04014690684232578
27965,-0.16177822882340345
27966,0.05407558372224937
27967,0.01619262495551495
27973,-0.00546965274654089
27979,-0.03346097831384409
27981,-0.14486111589398956
27984,-0.13537990265419747
27993,-0.12546672616311458
27998,-0.08142499930901195
27999,-0.06784203439745232
28000,0.11546230691394994
28010,0.0964814528873472
28015,-0.00443946020511183
28018,-0.10303996448375094
28019,-0.12468722707813128
28028,-0.211688335020025
28030,-0.06149327277768812
28035,0.03284532991171052
28036,0.09247721405096716
28040,-0.02965270277373116
28042,-0.3707403777529083
28064,0.0706348274060339
28071,0.08594563042475838
28075,-0.07273933174667004
28077,-0.2076824110770875
28081,0.06395984966030013
28084,0.02904996067323908
28088,0.00502573581752446
28105,0.343368460616264
28106,-0.0369702679423252
28109,-0.13058059746932713
28113,-0.17712777268380936
28114,-0.08079451745658825
28126,0.01448864896779554
28135,-0.11591342954909
28146,-0.04368982728243731
28169,-0.22440620193556843
28185,-0.21228132614517292
28193,0.20988340483539805
28199,-0.01016296656918203
28240,0.26003440408888107
28253,-0.32159464219685163
28295,-0.07300746091363962
29805,0.01204826972404788
29806,-0.06365599394629373
29807,-0.09037245025194272
29808,0.13117302556184154
29809,-0.11170335119416458
29810,0.1806976574366599
29812,-0.06740955084361827
29813,0.00208462253988286
29815,0.10555194110167627
29816,0.00276056901789677
29817,0.21449496087170253
29818,-0.00848727933054756
29819,0.18450598335590385
29820,-0.2477934813294997
29845,0.5837191028693591
29856,0.3377203722238611
29857,0.5634644732895631
29858,-0.20006978021085556
29859,0.29422870851027677
29861,-0.3184192607580831
29862,-0.293639740905907
29863,0.2609664376049084
29864,0.07600365337921151
29865,-0.250514032266967
29866,0.17975100488703497
29869,0.03714546318362784
29870,-0.09521323480905387
29871,-0.33943156160282817
29873,-0.04462817191198288
29875,0.10874573590069884
29876,0.206378461468751
30044,0.31135029350823545
30045,-0.1607100432434056
30046,-0.24819902637703856
30050,0.00122331548935784
30051,-0.00896047672235081
30052,-0.05036228639535412
30054,-0.647370751439039
30055,-0.0591729863332457
30056,-0.25940444414490005
30057,-0.03193590630151659
30058,-0.1041203846251691
30059,-0.14980791580404906
30785,-0.41203490726249625
30791,0.06625912118777487
30795,-0.11710193188131
30800,0.2033772025886204
30805,0.1734256951001109
30806,0.05753173268459564
30839,0.05925413752184547
30840,0.22917148060146633
30841,-0.13136242295889544
30843,-0.10969571391580762
30853,-0.04303130985322581
30877,-0.26276656910103585
30878,-0.00220805645044377
30923,0.08090873246339841
30924,0.08212902399042597
30925,-0.21291633207777289
30926,-0.02569161313379511
30927,-0.07361625953207762
30928,-0.19270514545185063
30930,-0.00298513108838701
30931,-0.11719372652759671
30932,-0.16038988802642873
30933,-0.02424374721709606
30934,0.09222403996525638
30935,-0.06699129069599698
30936,-0.18725859238386777
30937,-0.04141305300723228
30938,0.06462734786423496
30939,-0.03605463583514819
30940,0.08533172148428628
30941,0.07432827138881525
30942,0.2399525706297374
30944,-0.4264856238789478
30945,-0.04162008941733911
30946,0.07724654230328429
30947,-0.04039335682150166
30948,0.11557081710186384
30949,-0.06110733162159139
30951,-0.5132739934618546
30952,0.04425544056230514
30954,-0.13451649333611615
30955,0.36807190468296247
30957,-0.04603949773322309
30959,-0.3246144117531633
30960,-0.05194333428355662
30962,0.16660743010303777
30963,0.05768780471879071
50490,0.19957248632009883
50492,-0.06517061154107896
50493,0.004882629917961
50496,-0.24236432061446697
50497,-0.19123087730607588
50498,-0.0157146464310003
50500,-0.7209669305770899
50501,1.4991913450588676
50505,-0.15317796883152918
50518,0.3384559380987251
50523,-0.02489646376427052
50524,-0.18499688165952297
50527,0.0677977561306301
50528,0.4054507473304589
50529,-0.07895210316312412
50530,-0.6492722243333959
50701,-0.19508812241174617
50702,-0.18940104264632895
50706,0.3386267671159958
50708,0.12122330766085182
50709,-0.1538169762823593
50721,-0.10891057881254254
50722,0.14546186818326431
50723,-0.04529045512612686
50724,0.03576784682218519
50753,-0.0328135754079799
50754,-0.07537666628462641
50755,-0.029688434198828752
50758,0.12596462821350554
50759,-0.7205817074611495
50760,0.00770223019204391
50762,-0.02346517993127074
50764,0.3567354257802032
50765,-0.7819050819274314
50766,0.21227434226703293
50767,0.07910782894865043
50768,-0.5011611185092996
50769,0.00385107377382967
50770,-0.18286267267446477
50771,0.06458859411135293
50772,0.333192305293462
50773,0.00972772123345558
50776,-0.2353087476080532
50778,-0.15661721695893638
50779,-0.3969678079284914
50780,-0.07056454933569956
50781,0.6464939137914484
50782,-0.18447584442655468
50784,-0.06350559685426913
50785,0.23009206888372044
50786,0.4632680291527506
50787,-0.11728102725603988
50788,0.1617971087426852
50789,-0.05920263114468374
50790,-0.01568528836687587
50791,-0.18704583413774564
50793,-0.1863606636790112
50794,0.10909291070485966
50795,0.16211094968900577
50796,-0.3608135638304164
50797,0.03609843705142578
50798,0.02334918472310307
50799,-0.01759697168580872
50817,-0.14432307031085537
50849,0.14155713624062194
50850,0.04617035123466345
50868,3.594738594214109e-4
50873,-0.5267439015463222
50874,0.05731108042403928
50875,0.14075640429602954
50876,-0.1335895613973162
50877,0.00410001815981377
50878,-0.3652225136689229
50880,0.02949289663434147
50883,-0.07094013556165671
50884,0.1582980733214829
50887,0.1764188682747443
50905,0.36133646452862167
50907,-0.0485955863346395
50911,-0.1275331496729326
50912,-0.06989094428696863
50913,-0.2524755257987886
50914,0.23743861152624568
50915,0.31366325089576763
50916,0.2553914954297869
50917,-0.07294983771278904
50918,-0.09760078678404711
50926,-0.04328960249689188
50927,-0.12372152599752607
50928,0.1172461523178421
50930,0.256986109094648
50931,-0.00366245419602017
50932,0.17878856946420002
50933,-0.3903461917011521
50934,-0.03192019277797797
50935,-0.08516227645857798
50995,-0.06374960040575356
50996,-0.06548868262861113
50997,0.1871114432819134
51786,0.03238246988753087
51788,-0.02019667472848023
51789,-0.0611123712007147
51792,0.15855220655026597
51795,-0.04611826934520467
51796,0.05007369150724472
51797,-0.05590881979725904
51798,-0.00860253099630369
51799,0.20438812068904064
51801,0.03745339713339497
51810,0.18844145176192084
51812,-0.06458790685005716
51813,-0.3008752268429672
51869,-0.18414002188074463
51875,0.05793951356295353
51885,0.02269219314175494
51886,0.3426995977002836
51897,0.00855650829969779
51902,-0.3239111515827987
51938,-0.20917023945245092
51944,-0.02285004733457615
51960,0.01502693899280045
52004,-0.06252847081665021
52009,-0.3702095506036807
52013,0.0073366236762379
52014,-0.0378854144157677
52020,-0.4271736379747364
52023,-0.49193932589475703
52024,0.3367720613434133
52028,0.17480706751358943
52033,-0.12675291711759115
52036,-0.05705970109506946
52040,-0.22777555358656595
52055,0.20857634607251244
52064,-0.04959891328310987
52065,0.10377113828958488
52076,-0.01490653079204044
52123,-0.16694116172581705
52132,0.1516583502034329
52150,0.10417166390866564
52163,-0.04520716028275604
52174,-0.08460382482228722
52184,-0.01942882123328644
52187,0.1294876353267322
52202,-0.07362427476981628
52231,0.05703992575281551
52245,-0.3128015417146637
52250,-0.19680897101935044
52276,-0.01334967871725179
52323,-0.3227070018880192
52331,-0.8024610611832186
52335,-0.2695081104299196
52348,0.16631768563891877
52357,-0.2189399874866221
52377,0.00600430096289018
52389,-0.3755981403568779
52392,0.04137327703379492
52398,0.12445554272418802
52428,0.20258303334637776
52430,0.08944909297849388
52432,-0.07841110889265594
52440,0.1555024462602494
52443,0.02489643869137516
52463,0.02493585601293585
52466,0.04827714295364663
52468,0.093594822442314
52469,-0.00179128176350855
52477,-0.15025336467374456
52502,-0.00459650368546602
52504,-0.06427797131243576
52513,-0.05522864398690097
52521,-0.03635277922013756
52530,-0.06442479992371311
52535,0.23094006706946457
52538,-0.08207443379891642
52551,0.03244700574054141
52552,-0.04877521660921435
52563,-0.1606850970428439
52575,-0.20472199504784627
52588,0.11773024373878654
52589,0.85688376520651
52592,-0.2658808378132605
52609,0.2792764570435306
52615,-0.01539919453679982
52626,-0.0563270980270897
52633,0.00236233827277343
52635,-0.19641565306174663
52637,-0.14150562778409237
52639,0.22164451296213591
52662,0.27318282875928657
52665,0.03344289582786548
52666,-0.6228744728746614
52668,0.00649936700954625
52670,0.8031736345279987
52679,-0.02120976926203084
52683,-0.05916452313396263
52685,0.02387014880287397
52686,-0.2689826502531782
52690,0.09118487811271483
52696,-1.537515503967973e-4
52700,-0.11395746436219718
52705,-0.14039622345396446
52708,-0.14815573449060035
52710,0.03391173819500487
52712,-0.14545072262347175
52713,-0.09741089219656966
52715,0.03346325121086947
52717,0.06602290854092753
52793,0.00519664107690993
52808,0.21994691846244985
52815,-0.19986215916950825
52822,0.00796410303264695
52829,0.17673771672454863
52830,-0.13342431005590025
52837,0.37397517375112344
52840,-0.09742165256961938
52846,0.1236848339125953
52850,0.00768807529348249
52855,0.18101064439788636
52856,-0.00739503025311938
52857,-0.10698697872739173
52858,-0.02774385630115527
52864,-0.02507469257542154
52874,0.1125568893102248
52882,0.38657845727684886
52892,0.3065376185584214
52897,-0.2698485588262483
52898,0.11670799014063796
52906,0.00685651009030143
52915,0.01756506345184364
53310,-0.00458966688769146
53311,0.2853218162996723
53312,0.17055588832612242
53313,0.2178380708286532
53317,-0.13380405708206636
53319,-0.03545621017561589
53321,0.13360452835575498
53322,-0.0415381487717283
53323,0.09512347500117949
53324,0.7388268881039531
53325,-0.0208886433103266
53330,-0.0329712581288803
53331,-0.04184899714212517
53332,-0.0492444114164364
53333,-0.1601740466965623
53334,0.03831595656035223
53356,0.05015090195654839
53357,-0.08205869273432144
53374,-0.07465162277943176
53375,-0.00396983936030082
53376,-0.43873486423196983
53378,0.10344312985521165
53379,-0.06566587056808616
53380,-0.0369435617355649
53381,-0.00864709998410065
53382,-0.411281046878219
53404,-0.07258611274925694
53412,-1.5479481345879926
53413,0.09929106361577542
53414,-0.04617148653557371
53415,0.146906042812447
53416,-0.2726755989587524
53417,-0.07460446632902605
53418,0.25493462933201577
53419,0.00506708354091281
53420,0.1289209672498932
53421,-0.04692254452839749
53422,0.4006723806021136
53424,-0.10931176939461552
53598,-0.13834470768749155
53599,-0.01107992916395961
53600,-0.1012009897885752
53601,0.10828044552371732
53602,0.03155922688236903
53603,-0.3276370033990453
53604,-0.649181038800633
53605,-0.1045992212998176
53607,0.159521575515372
53608,0.0942974181733136
53609,-0.05639883669435883
53611,0.01971729398300174
53612,-0.06885823806866982
53614,0.3244114367382057
53617,-0.01307409739443819
53618,-0.15122303799376213
53619,-0.6066919555205528
53621,-0.1664196232415784
53623,-0.14555275601213824
53624,0.08441209091885007
53625,-0.1228319596719554
53626,-0.12685308241516188
53627,-0.6870050565424346
53761,0.04534567172167164
53791,0.3075635977242928
53814,-0.2730563303929582
53817,0.05030789130073412
53856,-0.5749033205163956
53857,0.17998268402993572
53858,0.10644135776659062
53861,-0.03378531132049299
53867,0.2123998576036199
53868,0.13046956924928793
53869,0.03805580118875447
53870,0.31453989220587236
53871,0.06945810702097148
53872,0.14574884789288145
53881,-0.06334946500994287
53883,-0.4214273416864155
53885,0.2396154884214461
53886,0.05630725222750454
53890,-0.01125253410150585
53892,-0.3770210960654729
53893,-0.06837887858572972
53895,-0.2030048985790287
53896,0.1838318838544943
53897,0.6730902105573289
53902,-0.2251693005010246
53951,-0.02897733378912545
53970,0.35088618773717495
53972,-2.7999687915552887
53975,0.04955770446591333
53978,-0.10065311454156028
54003,0.48244421848841335
54004,0.5547876104965107
54006,-0.02949478487609836
54120,0.33942718607295164
54122,-0.21040176409261277
54123,-0.00650242656207576
54124,-0.2013074938279669
54125,-0.1098917569690592
54126,-7.666484685178304e-4
54130,0.04465639798599071
54131,0.00902800618675761
54132,0.1822071739166448
54135,0.03121475639170395
54137,0.01328381258198645
54139,0.04322922439734663
54140,0.00214260086451267
54141,-0.632104808914753
54150,0.7068124400598901
54151,-0.13386535337079364
54152,-0.09102350852583475
54153,0.06750132921660745
54156,0.1510725397209576
54160,0.34938877379146327
54161,-0.01944348614462868
54167,-0.0838931602316213
54169,0.07821690932493383
54170,-5.641253578473546e-4
54188,0.10245336107885276
54189,0.00169686393364154
54194,0.07176418029358658
54195,0.2722781054623796
54196,-0.03515036426863956
54197,-0.04702021070702735
54198,0.06850954749105281
54199,0.5189048305761704
54200,-0.0575508719212264
54204,0.01213459599564675
54208,0.08246115903651945
54214,-0.00489953983060156
54215,-0.2276480580682841
54216,-0.406406907232028
54218,-0.09599441463526844
54219,-0.11688730859596123
54324,0.13759033931109205
54325,0.05422974483196547
54326,-0.4891647346119968
54338,0.3586089342678984
54342,-0.19591220206423535
54343,0.07859674804921951
54351,-0.2904717779689882
54352,0.02892368358395022
54353,0.21437107914568493
54354,-0.01367150652386852
54357,0.19891426154031808
54364,0.06776452928694034
54366,0.2758182500663402
54367,0.09238131168057828
54368,0.1806090315702474
54369,-0.11979358099541262
54371,0.20976250131797217
54373,0.4021656645427601
54375,0.13058164834945166
54376,-3.101844297929285e-4
54377,0.6203302873381179
54380,-0.0921774554630942
54381,0.07620621879514769
54383,-0.08543946311854941
54384,-0.9194510201790882
54390,0.00970846640572211
54391,0.1158730815664029
54392,-0.3248828456827643
54393,0.18353023484100783
54394,-0.00803509039283817
54397,0.13146392811898658
54399,0.09796757973066136
54401,0.1830413781229524
54402,-0.00930004901491644
54403,0.10221531342737072
54405,-0.03302546784413007
54409,0.02904996067323908
54411,0.10049981641458568
54418,0.05783585290172163
54419,-0.04960646890495147
54422,0.13480778385817446
54426,-0.403658274672889
54427,-0.01877560795881216
54445,0.03770349412908763
54446,0.11388073887141276
54447,-0.2119362735467471
54448,0.25088892879803626
54450,0.3450517436403888
54473,0.2237599798286032
54483,0.1365626288946699
54484,0.00395029883441596
54485,0.08163940098728995
54486,0.1650256346653674
54519,0.04105799841934342
54524,-0.04380691006332914
54525,0.1459789179620625
54526,-0.8311422393580856
54561,-0.08664868703951753
54563,0.00592359989377017
54598,-0.2230543842815621
54601,0.15628620922656844
54604,-0.09585046946937228
54607,-0.07620564907006594
54608,-0.05174144403347944
54609,0.06325884189326465
54610,0.3294412884551513
54611,0.06313567688478108
54613,-0.12620540437755604
54614,-0.7110529127188591
54615,0.03525320090086371
54616,0.01732188996876292
54624,0.14136830973090675
54630,-0.05487536131066152
54632,-0.09820279324635696
54633,-0.04178041708849642
54634,0.6371718059466134
54635,0.5431937004237604
54636,0.0165136576212681
54637,0.16182850597229262
54644,0.04634021054268428
54645,0.12584380873658152
54646,-0.3424834793873977
54648,0.0853957566658422
54650,0.23127159465455877
54651,-0.35245719808019704
54652,-0.4446970807460442
54667,-0.00418184710832077
54670,-0.07801747298799
54672,0.07202536412387739
54673,0.15040624851513007
54683,-0.00156947039394777
54709,-0.1321317535124193
54710,-0.15976585096248744
54711,0.09204925910915
54712,-0.10574423859904694
54720,-0.14680463119049014
54721,-0.10939167303912614
54722,0.1556432790679129
54723,0.10597700100227078
54725,0.12037914683238118
55925,0.07213314257871237
55927,-0.0969091273643473
55932,-0.02451496237684004
55934,0.00172693295695457
55935,-0.7208610177489139
55936,-0.14422283087889703
55938,0.5164366702501223
55942,0.0943496039066267
55943,-0.10663344348404144
55944,-0.02559109440803794
55946,0.13633413215056
55947,0.12511084654611523
55950,-0.16583977908896833
55951,-0.11202471097610908
55960,-0.22155916029663345
55961,0.35863817498166367
55963,-0.2957362429779675
55979,0.01231982955173286
55980,-0.1849687530481601
55981,-0.15319548382499187
55982,-0.29131461711720097
55983,0.0844938049843127
55984,0.05899828054107517
55985,1.0317784053052788
55987,-0.3239598623458345
55988,0.02358133455273397
55990,-0.5431856665933483
55991,0.02982857814796602
55992,-0.00712290520586825
55993,-0.6121627537626472
55994,-0.32495865478151076
56012,-0.48345542639377337
56013,-0.8864282492458715
56015,-0.02554023725485632
56016,0.1617706837582794
56017,-0.10121161251063387
56018,-0.03135762797802616
56030,0.09976767512563796
56031,-0.27359523455687246
56032,-0.00617546020815464
56036,-0.09849702259423264
56041,0.02991325093958083
56043,-0.4512325082994111
56044,0.00187638938782883
56045,0.07183977131106614
56046,-0.07734551691577113
56047,-0.7140847016201444
56048,0.00163200170376567
56050,-0.1100049703509253
56055,0.04768196847590882
56057,-0.24584758034137932
56068,0.1587665424810764
56069,-0.08578644927299381
56070,-0.1967388241106458
56072,0.21481567849190808
56075,-0.07278043892594888
56077,-0.9141696334639364
56078,0.17209475700032476
56079,0.14407839777378398
56085,0.0960632231127591
56086,-0.02273345158220821
56087,-0.186530901234862
56088,-0.11406202341685136
56089,-0.1770189961490468
56095,-0.00358311175154667
56096,0.3218291830298223
56149,0.08786928617088474
56150,-0.26898577192384016
56174,-0.25958299848544714
56175,0.18718770039226787
56176,-0.1202144878365016
56177,0.2923059513252152
56183,-0.6256655757218635
56184,0.48393018188804626
56185,0.25604312572130983
56187,0.05004992050323937
56188,-0.08021251455052428
56189,-0.311998641644729
56190,-0.05477546331788607
56191,0.09175512154010526
56193,0.1363057173454058
56194,0.18615383527096613
56195,-0.08823599859547329
56196,-0.31115443617493826
56198,-0.3222188381155994
56199,-0.05943889250081961
56200,-0.16471959734212258
56205,-0.14706495273796194
56207,-0.04954863107345064
56208,0.18954315280633616
56209,-0.27229356745473776
56210,-0.5924525373156208
56212,0.10400226197764732
56214,-0.07638578970722702
56215,-0.08391749893020951
56216,-0.01446585999841155
56217,0.4289283708920671
56218,-0.10172324760870707
56220,-0.15715455747980983
56221,0.8446010733400184
56222,0.4432149063388208
56223,-0.31082002317149854
56224,-0.03600540748361603
56226,0.05534945016766966
56228,-0.02299146009314287
56229,0.1398432730195002
56233,-0.07198984807703662
56248,-0.01528666915433343
56249,-0.00180448606872713
56258,0.1069195102322555
56264,-0.05914175757414144
56273,-0.34285748987266307
56274,0.00194079206505929
56275,-0.02723019721445787
56277,-0.06804326222428661
56278,-0.4037230440026664
56279,-0.2418307161111151
56280,-0.3898728210066249
56282,-0.02713259916693834
56284,-0.05900690296666817
56289,-0.01020158024384047
56291,-0.08065446085470471
56292,-0.02958124053359667
56294,-0.22853043770273257
56296,0.3237084916619174
56297,-0.3658958198853473
56298,-0.1165823128841132
56299,-0.03410895378049899
56305,-0.1279473506615698
56306,0.1828073623537564
56309,-0.1447205309319077
56310,0.055005236271084
56312,0.03721080674800207
56314,0.03062921408528442
56315,0.4166664425248507
56316,0.08290140744041667
56317,-0.05131241114518416
56318,0.02086582640007238
56321,0.0137365778988529
56322,0.2097459840878032
56323,-0.2038657784697562
56324,0.38416616539737214
56325,-0.14507094933280373
56327,-0.1919813007025896
56334,-0.02811517757616914
56335,-0.00373659213097457
56336,-0.00450202709318655
56338,-0.04386605369007256
56348,0.00653113466275802
56349,-0.30331285752488646
56350,0.0259860603922189
56351,-0.00401726432723229
56354,-0.01982674025865892
56356,-0.05206596163850865
56357,-0.04672827294205817
56358,0.099512509154409165
56361,0.0754815952213424
56362,0.42586034914990967
56363,-0.2616398737464953
56364,0.16266824826408385
56365,0.00893585433030499
56367,0.282055649644444
56368,-0.13432734667203067
56369,-0.3047457090489208
56370,0.21421631012249817
56371,0.12374625400541615
56372,0.05379631134283198
56373,0.11228567581850436
56374,-0.1090253821279584
56375,-0.2937887894783856
56376,0.11633413054492896
56378,0.0956355041319369
56379,-0.404790310340135
56380,0.04187760922834695
56381,0.07196355155565717
56382,-0.19451883316406351
56384,0.04765901677998943
56386,-0.06188842530770878
56389,-0.04289095689496872
56390,0.08434730700834846
56395,-0.11230332386612996
56397,-0.054300560686655
56398,0.08115199016725572
56399,-0.17054209389283398
56401,-0.07132596217865264
56403,-0.24605410114898235
56404,0.01648080472076581
56405,0.09693451129485069
56406,-0.00975131756003167
56407,0.00240361618823138
56409,0.0685274407584493
56410,-0.1112236911700255
56412,-0.2769215412835765
56417,-0.16603651269388592
56418,0.05410229628569055
56419,0.1037024331162649
56420,0.07472278948994182
56421,-0.02834544894550281
56422,-0.1384062218987118
56424,0.03916318610787684
56426,-0.22162526067443888
56427,0.1321433731213399
56428,-0.44042907422491906
56429,0.01218473905912991
56430,0.07832898600132975
56431,0.29736835117762445
56433,-0.11686799088332488
56434,-0.3483907306420776
56436,-0.1166231310267816
56437,0.16976298543048762
56440,-0.07344882818561224
56441,-0.3577210834913179
56443,0.2575625178093479
56444,-0.10637556035812368
56445,-0.04551745186079872
56447,0.0848194462404425
56449,0.07205254902786712
56451,0.0316030829425662
56452,-0.19489504688525855
56453,-0.17531124580017207
56455,-0.34306549514908025
56456,-0.08493434999420997
56457,-0.00307123698622447
56458,0.02983418455266376
56459,-0.1300222567640744
56460,0.0929237309407998
56461,0.00150401355747971
56462,-0.06834296793419323
56463,0.1379608161496242
56464,-0.00115256074383312
56468,-0.19273735007133455
56469,0.14450164266507592
56470,-0.08069725296448527
56471,0.46061045973503184
56473,0.35743439080758255
56480,-0.03425452938656118
56484,0.03630106641378287
56485,0.03836793945838933
56486,0.06202352400302082
56488,-0.16279336731380217
56489,-0.1284043324347679
56490,0.11617382705271805
56491,0.15969779834523423
56492,-0.10290184333687193
56494,-0.02544773205848782
56496,-0.21744569422224752
56501,0.467563032157345
56503,-0.18400831237395376
56504,-0.13540804452526056
56505,-0.02812212313909343
56506,0.00269537594875412
56508,-0.04001514750221352
56513,-0.1478263706509912
56515,0.08876701908339413
56520,-0.16549277883133295
56522,-0.03940977921023071
56523,0.00196872046550732
56524,-0.04701953599005288
56525,-0.5555896296915717
56526,-0.01828949759083273
56527,-0.00564325999688936
56529,-0.08463833132651738
56530,-0.07710107338381667
56531,-0.15098848626077743
56532,-0.1288647954945094
56533,0.2409512126369112
56534,-0.2892999336954205
56535,-0.2133349107963821
56538,-1.5550930864461003
56541,-0.18112514200225427
56542,-0.48571313622745665
56543,0.13285036132161598
56550,-0.04052004260822198
56551,3.687345634750712e-4
56612,0.05623037143050244
56613,-0.00627186750032924
56615,0.00134698542972223
56619,0.1828618376676226
56620,-0.06969054078710432
56622,-0.2958975531636015
56626,0.00705226787162887
56629,-0.24849972427606393
56631,0.06118839672739543
56632,-0.08383215330500846
56636,-0.41953660478376215
56637,0.18876945663995096
56640,0.12437971769313344
56642,-0.00617330016859446
56643,0.44750350107700265
56644,0.00412323098716559
56690,-0.02619591253654157
56691,-0.044665217026377
56692,-0.12148312895950272
56693,-0.17360746970168808
56695,-0.2816745965100905
56696,-0.06388760675369769
56697,-0.00208898787992434
56698,-0.34830802959974416
56699,-0.03843860404781182
56700,0.00682133645279788
56702,-0.04231736038912903
56703,-0.0999093241140936
56705,0.02684761670586047
56706,0.1798671141462525
56707,-0.2588030264627218
56708,-0.3080236790698539
56709,-0.07323664696505139
56710,1.193955340522023
56711,0.07285269694907778
56716,-0.04024644005443126
56717,-0.296152943477877
56720,0.42066333411232026
56722,0.24416673991456728
56726,-0.02180487024686756
56727,-0.39964465429608387
56734,0.1787622506332045
56735,0.629647467005096
56736,0.03374774738005561
56737,-0.15637617081421562
56739,-0.04171201376115446
56741,-0.6161299205971009
56742,-0.31706481729277847
56743,-0.11972169701848163
56744,0.06819518593210218
56745,-0.13206155835840283
56746,-0.12387036347042668
56747,0.4311803360954867
56748,-0.1789570855822965
56749,-0.03850735890994421
56752,0.07663886250259935
56753,-0.2158706574264312
56758,0.01917272163754091
56760,0.14631285847258255
56771,-0.02391000636062878
56772,-0.10634739128975416
56773,-0.2781690853117262
56774,0.03381967654967055
56784,4.5433051965986654e-4
56786,-0.00426160244939979
56787,-0.6829361318499674
56788,0.01395105985424021
56790,0.08659308540611366
56791,0.0640460766583819
56792,0.07854202582426376
56794,-0.1113554185410314
56795,0.21986994953802816
56805,-0.18775823199348624
56807,-0.25170455924372703
56808,0.13374622084517523
56809,-0.07113980662490357
56812,0.08705266015788134
56838,-2.559357835714908
56839,0.04865313274394645
56844,0.06299574486952084
56846,-0.32398069315855593
56847,0.1242138133299961
56856,0.2823679298160958
56857,-0.07959317905703586
56863,0.20731488247655844
56873,-0.20967879158719208
56874,0.338322279326004
56876,-0.15721959045327807
56878,0.05818025681649867
57014,-0.0701144749720903
57028,-0.07903932098069241
57080,0.10612298028814957
57138,-0.345414013698111
57170,-0.18039059712202385
57230,0.12990922216862885
57246,-0.0313405335544113
57247,0.02286300990316148
57253,0.4831878542988112
57254,-0.6606444280275363
57256,-0.29688022913671297
57257,0.09685360763261172
57258,0.0601330996978854
57259,0.1335059386475102
57260,0.7977265184706166
57261,0.07119847530731983
57264,0.06896620717169985
57265,0.6154097780556633
57266,-1.642025872766439
57267,-0.0723094751008476
57271,0.4292726078853644
57272,0.20878863384142063
57274,0.3165103476027
57275,-0.09736464604706611
57276,0.35043004775962094
57277,0.3675803148429326
57278,-0.18519016050093423
57279,0.1399706893857473
57295,-0.08861696880207488
57312,-0.05231784917097271
57314,-0.04596469882556061
57315,0.06652473365942434
57316,-0.5057619492395896
57317,0.02634779592491537
57319,-0.01438811716828542
57320,0.0797730972386716
57321,0.05436225963012229
57329,0.3320680575788209
57330,0.09280128752048453
57339,0.46924235837569833
57340,0.16594974341701874
57342,-0.05156101592921486
57344,0.31373849891286265
57354,0.02841758085736508
57355,-0.06691710106000937
57357,-0.08962244784025054
57370,0.03640082878709508
57373,-0.1810933673843692
57376,0.01724245743122786
57377,-0.05198859895598237
57385,-0.26041057207976065
57390,0.4170812993246805
57394,0.03327794057313299
57423,0.06893573293915044
57431,-0.0507142774540678
57432,0.04438306689273477
57434,-0.2721223336633433
57435,0.32282333545210967
57436,0.18122555381760144
57437,0.0266715353341964
57438,0.02847017366668791
57439,0.12451037765499837
57441,-0.48831161689281
57442,-0.1920989611685763
57443,-0.05259069502207012
57444,0.02755052224269488
57740,0.378953164429239
57741,0.1099920095987519
57743,-0.09701021150016544
57745,-0.3372844037590541
57746,-0.40931954751798016
57748,-0.203868325796227
57749,-0.08295758647449111
57750,-0.2916694209366344
57751,0.00282759079394991
57752,-0.3755030487073684
57753,0.07383926410312806
57754,0.23544740177721
57755,-0.34967495908087093
57756,-0.07809316293898845
57757,-0.29278125740771616
57765,0.07568743715287637
57773,-0.10277843562081268
57775,-0.10186098097770407
57776,0.30098948668352715
57778,0.3584748303702253
57780,0.48446387890214904
57781,0.1001466488221811
57782,-0.24821410536228897
57783,-0.02129415794513486
57784,-0.00896539935503702
57810,-0.2643341743727032
57811,-0.184563036587798
57814,-1.2448347859319546
57815,-0.2060555799298215
57816,-0.08489854047091976
57837,-0.01837580621774075
57869,-0.10178410386914684
57874,-0.0885581348006304
57875,-0.13407236198543604
57890,-0.9347622894067996
57895,-0.13578836643615305
57896,-0.18803282495137183
57905,-0.07632774913396351
57908,-0.04213961814223783
57911,0.5085474191160574
57912,-0.09287453459702688
57913,-0.05599158563172221
57914,0.00469459139570934
57915,-0.015737640724546
57916,-0.13889056592677193
58170,0.38357231532696345
58172,0.1437458019911463
58175,0.05412038149938839
58176,0.713680261294902
58178,-0.4591877247267067
58180,0.2180550485012889
58181,-0.08247421754951696
58182,0.31801393021977387
58184,-0.2217269480630784
58185,0.12115262432286653
58186,0.1268730627391773
58188,0.4033925013550387
58193,-0.48611987071399687
58194,0.0924174526253019
58198,0.08092415718935658
58200,-0.00623603579088188
58202,-0.02095986068089928
58203,0.01966844917676338
58205,-0.02572915908546565
58206,-0.00806472828991417
58207,0.12940878525681374
58208,0.09330222430012744
58212,0.11665189170901397
58214,-0.09041055799086418
58217,0.17251158942194025
58220,0.5334356871945127
58222,0.00948559865759137
58223,0.8084346407692562
58226,-0.17835004983577452
58227,0.1631207196751125
58229,-0.10638460582090728
58231,0.08486254463224362
58233,0.10409761932055683
58235,-0.0786803643941372
58237,-0.10497031946973512
58239,-0.16812894551018903
58240,0.31410574904584204
58243,-0.21605227825536935
58244,-0.16540566874239734
58246,-0.2360632388280528
58248,-0.22334563371272895
58249,-0.07154906323686404
58250,0.22494051883792243
58520,-0.11557341082806004
58521,-0.004639631096566
58522,-0.8475780123932675
58523,-0.01173148880374131
58799,-0.2410105718960521
58800,-0.15544323748616742
58802,-0.5153942919534596
58804,0.15098748625813369
58805,0.20073002001680396
58807,0.3337268667379726
58809,0.12750075024371538
58810,-0.0581902338706924
58859,-0.3328751191721181
58860,-0.1715455466597372
58861,-0.04052953641297897
58864,-0.08115799423504853
58866,0.355305140524501
58867,-0.02997458462866759
58869,-1.0003536148414691
58875,0.03727447306255188
58887,0.24930073175878567
58909,-0.47044110026925
58911,-0.00553288681948808
58916,-0.434793860991179
58988,-0.004795800960198
58991,0.02831400578215857
58994,-0.42561434369668166
58996,0.2305866401977165
58998,0.6366401661953436
59001,-0.11789054065342076
59002,-0.36513959070205176
59004,-0.01085469260127879
59005,0.00540302785254066
59006,-0.17204068274793127
59007,0.02289119082153596
59008,-0.03983867378365763
59009,0.41526501120826553
59010,0.13881777656771502
59011,0.18910887519655023
59013,-0.133079123635699
59014,-0.28946496509735764
59015,-0.00355905681846354
59016,-0.09734647542645998
59020,-0.07536650989139236
59021,0.08757946376652848
59022,-0.02836737232380153
59025,0.00726739990949456
59026,0.0734481949408407
59027,-0.04318860284335248
59028,0.182929420594639
59029,-0.11175186554075894
59030,-0.1640919595623549
59031,0.10311018584995064
59032,-0.10504045108776802
59033,-0.7341535332458949
59035,0.199732153080454
59036,-0.33427956835049843
59038,-0.08863924085408623
59040,-0.15291780552021403
59041,0.10439182566155532
59042,0.05441551135439786
59043,-0.458847653949785
59044,0.02814629149647443
59045,-0.06612842151737383
59046,-0.10757138582490736
59047,0.02061988383309017
59048,-0.1367727544549001
59049,-0.16807312553867432
59050,-0.0590223872729593
59054,-0.08574881680029238
59056,0.2122508910837383
59057,-0.1131773216464212
59058,0.3844617753295552
59069,0.06903842499163575
59079,0.00295491339552953
59083,-0.0399572638643256
59090,0.01602735809858164
59091,0.36274674911825944
59092,0.01279733605817613
59093,-0.00705999539888878
59095,-0.9005724182359718
59125,0.03599185359296907
59126,-0.19773818683289168
59288,-0.03255199049501063
59289,-0.20242002942545695
59290,0.01516233566170337
59308,0.02345750496160342
59310,0.12253611612598724
60315,-0.08768152453814601
60321,-0.01066000507843671
60322,0.0333940787807849
60344,0.6210338728271193
60345,-0.677693043025098
60363,0.3235898324110415
60364,-0.06275752365391908
60365,0.1682687908010702
60367,-0.06906470154985375
60406,0.05158658297979922
60409,-0.05534723164106227
60411,0.04512709226190981
60441,0.1677922151024877
60455,0.05505798794130378
60504,-0.04592842276190441
60505,0.27694813684323766
60507,0.09435630158336436
60510,-0.08847389769631032
60525,-0.09456539121846688
60527,-0.3866781718635428
60530,-0.0923923144291935
60531,-0.5107661841959216
60532,-0.08145241392292196
60533,-0.00557699154382534
60534,-0.38686459899481174
60594,0.18877420399899797
60595,0.2429625899526532
60596,0.4064328800154505
60597,0.04454431390823388
60599,-0.04168295215800364
60611,-0.22240541275117587
60613,0.06223195459510482
63828,-0.1975437104544216
63856,-0.1580030338699785
63857,-0.7098729574204162
63859,0.09195399832197178
63872,-0.1929288431497502
63873,0.1149401583492565
63913,0.23806858707301687
63953,-0.01373152808236405
63954,0.27141706178083114
63955,-0.4098538315331019
63958,0.25417520775790925
63959,0.01925681805353616
63985,-0.05159523146739499
63993,0.5706706058262951
64008,0.01711188468259676
64009,-0.15184158955345067
64010,-0.02586790242285865
64011,0.19873055383320248
64050,-0.28744849347980883
64051,-0.7871987637847986
64074,1.0800637543424176
64075,-0.8981333406470813
64082,0.22853267416796116
64085,0.5728790032177209
64095,0.07460705980741411
64099,-0.09180868810707687
64103,0.08083530563499702
64113,0.00403075227108724
64136,0.02487848336175063
64138,0.03575908282441917
64143,0.0872036598616613
64144,-0.15371033030811596
64176,-0.2446490158824469
64177,-0.6265065994350156
64209,-0.13876050244074284
64213,0.10324225838097552
64214,0.17775605543147885
64242,0.3250712360134744
64290,-0.29241570954061463
64291,-0.04548951411686684
64292,0.00865085456958043
64293,0.08755697364072344
64294,0.06103857255151419
64295,-0.07654016812895556
64296,-0.01844187303578593
64297,-0.5793157714839853
64337,-0.5148619266823691
64339,0.01511108916910106
64340,-0.0960082138937482
64378,0.6348010854117379
64381,0.27809901689064875
64383,0.05947416330156962
64384,0.06496424134882782
64385,0.44473895231770966
64406,0.15968258229762394
64424,0.01755361643042831
64435,0.11617199373022204
64436,-0.04194969938080722
64450,-0.33461279314566145
64451,-0.6236903459146945
64452,0.24210621675453065
64540,0.1786021947085892
64580,0.5494519554207692
64602,-0.3985372197885543
64654,0.02346845234364224
64656,0.0073916486554916
64657,0.04918607202377147
64658,0.04409572263526813
64659,-0.22524625351993097
64660,-0.06542132958777383
64661,-0.3733300370232821
64685,-0.095358289087078
64704,-0.0884240725775784
64705,0.1851647640910588
64706,-0.32133582187784054
64707,-0.21774963789967547
64817,-0.04617179099672932
64818,-0.11250420945381456
64898,0.27683098274908696
64899,-0.05250555608916971
64918,-0.03558689074371797
64930,0.1145392417052158
64931,0.0627221289790377
64933,0.09864231029318918
64934,-0.14763800539620014
64945,-0.3688886434809049
65019,-0.05649534553998955
65079,0.2686485152771016
65098,0.13769216551941502
65099,0.1893382307395421
65100,-0.2738972035931085
65102,0.10708050614488648
65103,-0.00398656492672521
65105,-0.05338566964624212
65106,-0.02753433799355547
65107,0.03091873976844485
65111,-0.03446804778119762
65112,-0.4807886752502617
65113,-0.04165970802901373
65114,-0.14049707334623915
65115,0.28496090039645505
65116,0.00484367103227458
65221,0.15129576948021944
65246,0.02629647546010596
65247,0.1984387047727383
65254,-0.13790497347137506
65255,-0.4797950514218888
65945,-0.1893491519326267
65960,-0.2410594452038562
65961,-0.11903832681643878
65962,0.31131333944956835
65963,0.15455381812048088
65967,-0.01051825479814733
65969,-0.3518777855445241
65970,0.3797021533539387
65971,-0.1486069845248343
65972,-0.01054925881710175
65973,0.0239219825107489
66011,0.8660254624186058
66039,-0.19791961530619337
66042,0.19804506211002196
66043,0.00919693357005551
66044,-0.19468791019953396
66046,-0.19813624309520575
66047,-0.10600239420614654
66048,-0.07892887494431577
66049,-0.170896956466407
66052,0.06428440832411562
66053,-0.02261892135580428
66054,0.01838815393647198
66056,0.04624518297186422
66058,0.814784808564586
66059,-0.00593648763258528
66060,0.16463266642911747
66061,-0.05907574691481737
66065,0.01706947144148685
66066,0.07596997733599832
66067,-0.1843229745022816
66069,-0.03578799863112193
66070,-0.05067736884295489
66071,0.09365580922910972
66072,-0.0883859903009947
66073,-0.10657094021494022
66074,-0.14355491892548727
66075,0.09956160954662706
66077,-0.06740471433813425
66078,-0.0820971280139372
66079,-0.03369525775103673
66082,-0.01522011062191034
66083,0.0205417311525019
66084,-0.05984907965719173
66085,-0.07905074759508485
66086,-0.01096347969449993
66087,-0.03977490569708507
66089,-0.07302915512507369
66090,0.05579650498299961
66091,0.04287666973552041
66092,0.04394088605671786
66094,-0.07641506180629
66096,0.05282105793310936
66098,-0.14880873439620165
66102,-0.14623123136789332
66105,-0.01182666769187427
66106,0.5543228338800246
66108,-0.07024434892366553
66109,0.00487152109537798
66111,-0.09586784757920463
66112,0.1123784136139414
66113,-0.02706072121270564
66117,-0.11536949975903006
66118,-0.02164599154327167
66120,0.17029980205091969
66121,-0.08550276557373769
66124,0.05258482039607122
66125,-0.02409956036060826
66126,-0.14460468254888437
66128,-6.808263252504158e-4
66129,-0.15310132670777682
66131,-0.27468246531850926
66132,-0.08496476360355841
66136,0.03125456297950134
66138,-0.0999715661407156
66139,0.03924596271123325
66140,-0.5508626685458783
66141,0.1379168706058894
66142,-0.05014099158743805
66143,-0.2960468350330599
66144,0.01992031686356043
66146,-0.09839978147463307
66147,-0.03516832971627847
66148,-0.00751807299575974
66151,0.224351285882177
66152,-0.05274997236257207
66153,0.17036994764150082
66154,0.09120757461884244
66155,-0.02857396146418275
66156,-0.07589815032463527
66161,-0.27069692613963836
66163,-0.05212619458002938
66164,-0.2329541030085487
66165,-0.07116474827552165
66166,-0.1146380177692614
66167,-0.03837085945817084
66168,0.07822385228192599
66169,-0.03672093593581194
66170,-0.11867596249333592
66171,-0.928768559812842
66172,-0.16071217575827085
66174,-0.10106967595211525
66175,0.5715240714196255
66177,0.08106083197068728
66179,-0.05039421663803243
66180,-0.4900234597870897
66181,0.00249518494876225
66183,-0.4165059101184496
66185,-0.07254595054796259
66190,-0.06400195665161179
66191,-0.05039403767366962
66193,0.14003391854606811
66194,-0.0077453952513446
66196,-0.19147524834263951
66197,-0.6936365669048976
66198,0.05154202217615368
66199,-0.02517132336014741
66201,-0.04507019161059347
66202,-0.05849317971532455
66204,-0.6968637786200689
66206,-0.1580014981374774
66208,-0.11102067702070444
66209,0.07828930235858488
66211,0.08482154895609985
66212,-0.06514702805788274
66213,0.10189688867520828
66218,-0.02631119776359914
66220,0.08239830103897616
66222,-0.10863843520419524
66223,0.0517806939870982
66229,0.0249787785768316
66230,0.00473234210058053
66231,-0.19721136376170617
66233,-0.10133680386780912
66234,0.00538813955337586
66235,-0.08464000601494748
66237,0.4346412050313269
66240,0.40712631763536905
66241,-0.22700315571754637
66242,-0.0775213750109975
66244,-0.05120990685369468
66245,-0.0495087616522782
66248,-0.11305982231069094
66249,-0.04686160025352365
66251,-0.07253121645001068
66253,-0.02031788019979734
66254,-0.01768136852536781
66255,0.37098561602820845
66256,-0.0177396925688229
66257,-0.1214076331510258
66258,-0.04293992628921142
66259,0.45458727981717384
66260,0.6218832629631874
66262,-0.07057842943882969
66264,-0.16739251316656567
66266,-0.01752544246973499
66269,0.6783865613004441
66270,0.01672908484134153
66271,-0.05854496636317696
66272,-0.01659498149925339
66273,0.08276918501790569
66274,-0.22216856659743944
66277,-0.24206466689334097
66278,0.04568538842492702
66279,-0.3964885891678066
66282,-0.12200229537256524
66283,-0.5922348837504627
66284,0.20880517858245973
66286,-0.02467956654356656
66290,0.02991052806680357
66291,-0.29110847181793864
66292,-0.00740485125471432
66294,-0.0150558622973497
66296,-0.02169984817993086
66300,-0.00736028520928102
66302,-0.2068706253056787
66306,0.07315583466194439
66307,-0.06044331170797436
66308,0.03075696170408506
66309,-0.10623305671291808
66310,-0.2264209897493924
66311,-0.32554539778374264
66313,0.04594722776560334
66314,-0.061500727697821
66315,0.21414251207469415
66317,-0.11276876047622626
66320,-0.04940977474946452
66326,0.1935137037154239
66329,-0.23196066373366803
66330,0.02731143711846471
66333,0.24612352990544092
66335,0.00833907402234515
66336,0.3349801719086245
66337,-0.9321937093298436
66338,-0.147093661122617
66340,0.03761846818458021
66343,-0.17910174534082324
66344,-0.256785466437058
66349,-0.15849135807655976
66350,0.3052018780285729
66352,-0.09161371734364997
66353,0.09730346691099195
66354,-0.01641399778222575
66355,0.2119234656765211
66356,0.08737274252420417
66357,-0.05325552603801559
66358,-0.06392253895616833
66359,-0.03097871092371106
66361,-0.06594929437131465
66362,-0.2411043372722196
66365,-0.0750328508817727
66366,0.16706691555749226
66369,0.01769952484158899
66371,0.09635836684971484
66373,-0.273372179574971
66374,0.06004000495246634
66375,0.0527894769238506
66377,-0.07317295586673167
66379,-0.04418611658736567
66383,0.01555737199623525
66385,0.02936424301354812
66388,-0.04925448643164815
66390,-0.09998995140861962
66394,-0.08065143739091125
66395,0.15014711742608797
66396,-0.17889645942347537
66397,-0.18340439986621376
66398,-0.17068737669263934
66399,-0.2068525886864291
66400,-0.1189225675742104
66401,-0.4069062516898619
66403,-0.869655661601693
66404,-0.0036423331612298
66406,-0.01195744998626284
66407,-0.01851794859391841
66408,-0.31776363880243325
66409,-0.15085937467159122
66410,0.05207291171786592
66411,-0.00964708882684575
66412,0.09119195491860144
66413,-0.0383247869729413
66416,0.00382200542970822
66420,-0.05253558808652237
66421,-0.484718751457892
66422,-0.12606976415046617
66423,0.176215955755895
66425,0.12239043352151592
66427,-0.02850590055281448
66431,-0.22561727598281264
66432,-0.05740130642604132
66433,-0.03788318855695541
66435,0.34879806455999074
66437,0.02055967118257311
66440,0.31260411438421687
66442,-0.24836273570468975
66443,-0.262138170710192
66445,-0.07508385302074067
66446,-0.08600889689538077
66447,0.07662622621518904
66448,-0.0829467981772688
66449,-0.06564854381378817
66451,-0.1092327615023424
66454,0.4785806871633228
66455,-0.18781582948002223
66462,0.22698780198562585
66464,-0.21379354433725517
66467,-0.2109296145312292
66468,-0.4564502871495647
66469,-0.10205403654548902
66471,0.26818399457698533
66473,0.09664037104933632
66480,-0.06005120295004611
66482,-0.09325430364212904
66489,-0.03947699424949073
66491,-0.02988586232817327
66492,-0.11184553572563063
66493,-0.08861330038641302
66494,-0.00491146639238626
66495,-0.05970818827754157
66496,-0.07860245921580487
66497,-0.0513631370603069
66498,0.01621854762551272
66500,0.01895172194645773
66505,-0.00335929191564296
66506,0.04977968319585794
66508,-0.06110874674914086
66510,-0.02615388551784665
66511,-0.1087001372346964
66513,-0.01444274531844129
66514,0.4497838308741623
66515,-0.19480460319146653
66521,-0.01419964973913487
66522,-0.27567388537728005
66523,0.05242464391811159
66525,-0.17075292938045894
66526,-0.13711405505252405
66528,-0.15880017640577143
66530,0.04265368203427697
66532,0.21512711997145628
66533,-0.0487352458300626
66536,-0.2833653499184609
66537,-0.18828108856372444
66538,0.06414609839134623
66540,-0.01789770598897737
66541,-0.28824404677167936
66548,0.07218701683642759
66549,0.0117714857050113
66552,0.09913578162786746
66556,-0.04372088576347397
66557,0.23971371754303197
66559,-0.3415533238111228
66566,-0.09838821906575852
66568,-0.05954200469704932
66569,0.05051431373932494
66570,0.12279922616725124
66573,-0.14385075310045764
66576,-0.0162861505295913
66578,-0.24367360283987377
66580,-0.01282083263360432
66583,-0.06096632113152932
66585,-0.28202847157222705
66586,-0.21749652877670156
66587,-0.1671666711149879
66590,-0.11795918972342467
66592,0.05007746529539526
66593,-0.17774299622309944
66594,-0.0135366757006418
66595,0.27807786636915766
66596,0.050171857009612
66597,-0.15635990559581708
66599,0.00522102647334521
66601,-0.24361068595353505
66603,-0.4745374977953578
66605,0.1886221903731684
66606,-0.2709509130168963
66609,0.10202928347872602
66610,0.31037322755916735
66611,0.21960617561110207
66612,0.06070283731509941
66614,-0.00917384122147342
66615,0.00717335142924119
66616,0.06225740485802755
66617,-0.077329453761612793
66618,-0.12777488674917006
66622,-0.04438671738343107
66624,0.23595067077953769
66625,0.14695770369688185
66626,-0.4225250625020036
66627,-0.03581164140791754
66628,-0.00110101596399653
66629,0.04148065085926687
66631,-0.01104229896592727
66632,-0.09395041845407204
66634,0.5594896708095818
66637,-0.04009411904309868
66641,-0.15153361122317144
66642,-0.07848007274342336
66643,-0.2823534025024284
66645,-0.13787426077841067
66646,-0.272639435490481
66647,-0.1568671454519294
66648,-0.2963270644611554
66653,0.29143184071971223
66654,0.17906505362371145
66656,0.11582011291478676
66658,-0.08105644199087722
66659,-0.04559083753519023
66660,-0.01410980881150378
66661,2.978479221841402e-4
66663,-0.01903390414544876
66664,0.06260528904122176
66665,-0.14957872119988758
66667,-0.02707091113097419
66671,-0.4782916783484702
66673,0.577287942843346
66674,0.14198462124167363
66676,0.18119194551320147
66679,0.04836622948603884
66680,0.13078116354366798
66681,-0.15757636115626966
66682,-0.07796818121626514
66684,-0.01730502453528153
66686,-0.2122855022728936
66687,-4.0730779398849386e-4
66689,0.1501390653051603
66690,-0.4159880431413624
66691,0.13086574433405257
66694,-0.13617684967476174
66695,0.4345732903753583
66696,-0.02302267341558257
66701,-0.26025836278881254
66704,-0.04783454275587032
66705,0.09344085281069052
66706,-0.04067433243768904
66707,0.9418974013870082
66711,-0.15411680281565454
66712,0.23128085190878175
66714,-0.41643729904819615
66715,-0.248051015550374
66716,0.28304130411942474
66717,0.14012352375847967
66720,0.19233284212151672
66722,-0.26497955231753456
66724,0.19115941318400573
66725,-0.04482223821185291
66727,0.10623072124182832
66733,0.7042762121799886
66734,-0.06418515282789276
66736,-0.16357115170381964
66743,-0.0967330980589724
66745,0.18795249143637227
66748,0.23574351974210123
66753,-0.11662124305828556
66756,-0.1006831496145153
66757,0.26747016864353546
66758,-0.33992153993141094
66761,-0.5187092978269434
66765,0.08186131214433656
66766,-0.05116892949307199
66768,0.14336430646304327
66771,0.01415165192587571
66775,0.26988261134459174
66787,0.077311704383099
66789,-0.01639634927278185
66790,0.4050348611722376
66793,0.6324411738752657
66795,0.0211024050267553
66797,0.27262176112945136
66799,-0.3377568297233366
66801,-0.00914457253441968
66805,-0.5886574263508874
66809,-0.7867814940103662
66810,-0.4007453884495424
66811,0.6386337640116483
66812,-0.4860929102456064
66813,-0.5813334810977412
66815,-0.02583850537969515
66816,-0.5216977890263493
66817,0.4438607602469616
66818,-0.07808817701549686
66821,0.03969637901228261
66822,-0.01922320040403967
66824,-0.07327791146424531
66825,0.8474215531479037
66826,-0.11201406793663853
66827,-0.11359587949221224
66830,0.00658651248773999
66834,-0.02785059914885995
66836,-0.05807743218283415
66839,-0.23056387509666193
66840,-0.20525582364363715
66841,-0.03410697444600143
66844,-0.3422576467119425
66847,-0.16970009730988975
66848,-0.4215775515413075
66849,0.3671851114844708
66853,0.05827312606495207
66854,-0.1187800653878145
66855,-0.06529019208454809
66857,0.08357383138208979
66859,0.4261369878453614
66860,-0.1266028953305785
66861,0.00440827781615091
66863,-0.04610060052764341
66864,0.18421454884933797
66865,0.07047995842215429
66866,-0.1974289432379191
66867,-0.09802764482173736
66868,-0.1506652376200044
66870,-0.05137164055503947
66871,0.01505700343642808
66874,-0.2921981379578579
66875,-0.1960014637518383
66877,-0.27307335956480816
66878,0.103851443239829
66880,0.02240483658189933
66881,0.02360792206446407
66882,-0.02889422218053165
66884,0.04794656659171215
66885,0.31569488359620446
66887,-0.09155952271446656
66889,0.10177730022538832
66890,-0.09541427712588
66892,-0.21724164762253265
66894,0.02480360366170159
66895,-0.8761111797944123
66897,-0.3724215190064111
66898,-0.38266182720057984
66899,0.06547700187855954
66901,0.02932904021229647
66902,-0.03242109389678703
66904,0.11216061875503285
66905,0.02524424294950315
66910,0.13415046440538617
66911,-0.05452989697526925
66912,-0.17995540490048856
66913,-0.1447563702624695
66914,-0.0393419440979154
66915,-0.03307801792996434
66916,0.00978148941087429
66917,-0.12043927277480009
66921,0.17261255125431313
66922,-0.22671616442751005
66923,0.02230701736648236
66925,-0.19431470531753897
66926,-0.2193642434704277
66928,-0.05070671829407292
66929,-0.09685915448793572
66930,0.06596878838149009
66931,-0.2939236112832432
66932,0.04767260404623107
66934,-0.3239905377946464
66935,-0.0824515038577582
66938,0.04190117825315236
66940,-0.00521859718196637
66943,0.06687607265059789
66945,-0.03200045254896669
66948,-0.6243723194777864
66949,-0.1723779026633282
66950,-0.4021797575817411
66957,0.3532166110566719
66958,-0.03118903776608375
66959,0.148192304824202
66960,-0.0232043640682789
66962,0.07033676179497741
66964,-0.3340618669289533
66965,-0.05284934349881459
66966,-0.09263750054985331
66967,-0.7974981924617974
66968,0.20282222361317837
66970,0.04593449944966212
66971,0.2812450613185964
66972,-0.3157164000261422
66973,-0.00338082368765973
66975,-0.20548873463564785
66977,-0.18722635075965852
66978,0.12038288799560616
66980,0.10095367831797387
66983,-0.46120509297675494
66985,-0.13994324087883162
66988,-0.12842659506130166
66989,0.11482098465037746
66994,-0.16537433117593703
66995,-0.2538241347963631
66997,-0.00956633081467855
66998,-0.1039974376814885
66999,-0.11065706236619062
67003,-0.05330225191578311
67005,-0.1172702503751339
67006,-0.12792568468401572
67008,-0.0649604316144941
67010,0.00118853104158603
67011,-0.20707160883344183
67013,-0.06231950394622245
67014,-0.11553142593346044
67015,0.1360269116859119
67016,-0.04084378303972953
67017,0.22183702458306487
67019,-0.33776821257568823
67020,-0.2550772640013931
67023,0.01847336518929513
67025,-0.1698807963427432
67026,0.07376679851648875
67027,-0.07587948361426022
67030,-0.05965122149271722
67031,-0.00818061613940475
67035,0.4078544849085898
67036,-0.09080689023131291
67037,0.16363764576775763
67039,0.06212327209994844
67040,0.02763530312394133
67041,0.09741409404182388
67042,0.0454740757561503
67043,-0.07995968771760562
67044,-0.0463063435519008
67045,0.01989168429618199
67046,0.5122041228476528
67048,-0.00991737313541249
67049,-0.17291790067070853
67050,-0.33528850441105396
67052,-0.34559373788955694
67053,0.20692464594990945
67057,-0.01685165233022757
67059,-0.02901549789138236
67062,-0.7072941453388825
67063,0.20874226901544096
67064,-0.01083125379956828
67065,-0.5783920059414185
67067,-0.09323022295602108
67068,0.04319911491477783
67070,-0.07827715580268327
67071,0.3110579546387043
67072,-0.16751180329919907
67073,0.15258364178917672
67074,0.15075473221750768
67075,0.1085846352406308
67077,0.28196639580090055
67078,-0.18952690018095655
67080,0.32071265882352434
67082,-0.4557844089082528
67085,0.21698254678752493
67087,-0.1229030975147984
67088,-0.13536292443801196
67089,-0.1958531071985141
67091,-0.06606299139220384
67092,0.14761284511281864
67095,0.0258692800788108
67096,-0.05497521703605216
67097,-0.1707071445080947
67099,-0.15962495041322655
67102,0.09790746108783498
67103,0.04743670765242541
67105,-0.3375875024798991
67106,-0.17122775839719767
67109,-0.09957066885774626
67111,-0.05899996096017094
67112,0.00917072137692982
67115,-0.03242379564058359
67117,-0.06027694938114269
67118,-0.0043558223305525
67119,-0.0629681695821209
67120,0.11325330753092797
67121,-0.44548677401027825
67122,-0.35122463895019995
67123,0.08180896784463994
67128,-0.2609584336247027
67130,-0.06700692853083277
67133,0.11091809165084682
67134,-0.07673414293688008
67136,-0.12910111525263185
67138,-0.08375547395419092
67139,-0.06407455737731951
67141,-0.12373608937696716
67143,0.13327103848386265
67145,-0.00806361759631507
67149,0.06630483533298699
67150,0.09670793310336384
67151,-0.04048422092514259
67153,-0.17926531449133126
67154,0.10433027546865792
67155,-0.09263886766694314
67157,-0.2281470549722333
67160,-0.06827106634042757
67161,-0.2869852292562261
67163,0.08483252924779608
67164,-0.18853640673920277
67166,0.08051708318452709
67171,0.0425879860586212
67177,-0.08126645941404823
67178,-0.04189664094619511
67180,-0.04956467346224809
67181,0.0410561155159098
67182,0.03373945311146301
67184,-0.03638342405724781
67186,-0.02277516204789815
67187,0.2296853987116213
67196,0.14604302893852328
67197,-0.32682421999543443
67198,0.37675126195198927
67199,-0.1129777209591677
67200,-0.13856391200775928
67201,-0.14528713745722382
67203,-0.03267527616305303
67204,-0.07754373343659468
67205,-0.20726983777496463
67207,-0.08174154703225825
67210,0.1317868617299075
67211,-0.13294944777939943
67212,-0.07304681848642566
67213,0.04491430497768324
67216,0.2162096448210039
67217,-0.48584112302940025
67219,0.17292072882326248
67220,-0.0273568127781591
67222,0.17057916462783676
67223,-0.13128329818147336
67224,0.03513049100562791
67225,0.02012682102514761
67226,0.14031493690953856
67228,0.03014627556561106
67229,-0.13270961375582285
67230,0.00674409528247157
67231,0.06172160713301899
67235,-0.02633897053666244
67236,0.17709433434102076
67238,-0.01450328317473704
67239,-0.17751777653546771
67241,0.02609031935817841
67245,-0.09983813191594632
67246,0.13099440586933925
67247,-0.05336448886576591
67248,0.01816497282576228
67249,-0.36300408663820954
67252,0.13270098568202204
67254,-0.2413833651488814
67255,-0.34344835926850564
67263,0.00420300799512148
67264,0.00515215725867587
67266,-0.11772018932737972
67267,0.01357720233343622
67268,0.04702087019333983
67269,0.02434097813799221
67270,0.04148078100766671
67272,0.0204762814771841
67273,-0.00842864161860196
67276,-0.12763008321426814
67278,-0.06936264440572432
67279,-0.2199322779153162
67282,-0.16101981544773938
67283,-0.08355049764337173
67285,0.08646217075062307
67287,-0.0940127595262445
67288,0.02182722164999786
67290,-0.131816410611299
67291,0.01751249773093012
67292,-0.04062248141400279
67295,-0.14777050920975932
67296,0.00863632318787221
67298,0.01453233632842108
67299,0.33584548211099036
67300,0.06683132004958028
67302,0.2046639395123329
67305,-0.503929763202901
67306,0.1159440314786605
67308,-0.03534237021066389
67311,-0.4371821939257853
67313,0.6989917740806585
67317,0.5381367808420153
67326,0.07605030562233332
67328,0.15214146622284305
67331,0.8481112796149477
67332,0.05868734245222741
67333,-0.17740558046539445
67337,-0.04992858066383218
67338,0.00434933593243316
67341,-0.1426532397944123
67343,0.3596911467412063
67344,-0.09652407989320393
67345,-0.00349038254157769
67356,0.5233661800560055
67358,0.5175208777228195
67365,0.3579473948012689
67367,-0.09873483512516168
67369,-0.09608711291825923
67370,-0.3483499325096371
67371,-0.05455719971479943
67373,-0.47243130877109174
67374,-0.1519410893521689
67375,-0.03943368560784588
67378,-0.8993283104873231
67379,-0.05318687484631616
67381,-0.09711256625481549
67382,0.16755699742463842
67383,-0.12050291829260527
67384,-0.2137292257728702
67387,-0.10515884688346532
67388,0.00848030862206693
67389,-0.1531110247827146
67390,-0.15545465156103114
67391,-0.02602594551905158
67392,-0.06317629510116715
67393,-0.02162719924167381
67397,-0.07811666999378662
67398,-0.04839730411201259
67399,0.1687306315621222
67402,-0.19016157969602315
67414,-0.16193394785239051
67416,-0.01151125832383563
67417,-0.3669613835397769
67418,0.0538248635630382
67419,0.4874183488263716
67420,-0.31327493443537086
67422,0.10111168614770216
67425,0.5330140555345634
67426,0.00766777446111802
67429,-0.20424288981364447
67430,0.2891809958713963
67432,-0.23531827637448244
67433,-0.2598616690126445
67434,0.03214275747226125
67437,0.05417445845201876
67439,0.07460197213728598
67440,0.11625805192380873
67443,0.0146455355308634
67444,-0.02531047845682619
67445,0.02175904194163666
67446,-0.0922260451060614
67448,-0.6582208333631424
67451,0.12154986939897824
67452,-0.18094017796591627
67453,-0.07062045911446485
67454,-0.10287333252348324
67455,0.17645614611061064
67456,-0.05516881876917098
67457,0.03649022973285626
67458,0.173157482567633
67459,0.3546906817788419
67460,-0.07441354517570556
67463,-0.06031910816103057
67465,0.02753243679303617
67466,0.10861047603122669
67467,0.02928419807154332
67468,0.17145954622439463
67469,-0.05008141611394998
67470,0.16948598811075669
67471,0.06690835281186634
67472,-0.14348368373684928
67473,-0.5435304427777901
67474,0.10469422052093856
67475,-0.05547843282015628
67477,-0.7005313010454834
67480,0.1714505410950787
67483,0.9917567095651272
67484,0.7417519677507494
67486,0.07780830530071074
67487,-0.0641864030988211
67489,-0.04864415841127162
67490,-0.0693917955854705
67492,0.27052203818047216
67493,0.05953688844751093
67495,0.2899939040922319
67498,0.08368208695519852
67500,0.02549259888076783
67504,-0.38334845672428247
67507,-0.13774182948988467
67509,-0.5036738783767647
67510,-0.5576539024011052
67511,0.05327986248125708
67512,-0.10093383396781806
67513,0.04685681877389237
67515,-3.597112196949033e-4
67516,-0.33809514144005776
67525,0.21192643823680543
67526,0.11372169154433952
67528,-0.1447604581472347
67529,0.0731938204181036
67530,-0.15687604745999328
67533,0.21512711997145628
67534,0.15644316933746716
67537,0.02706740023877005
67538,-0.06404490416025892
67544,-0.4220348907916123
67547,-0.1802528150648444
67553,0.27408957240035137
67554,0.4206515661577986
67556,-0.18978561451187037
67561,0.04560709096491188
67563,0.01394667536278104
67564,-0.5909632250851399
67568,0.1964287949867345
67569,-0.30563773201392097
67573,-0.01871227391262973
67578,0.4684978651841033
67579,0.4265040101663078
67580,0.11996030604159648
67586,-0.0451908320270411
67588,-0.25489039052511686
67590,-0.5640397007448685
67591,0.02321045848242937
67592,-0.12033146700915624
67596,0.02898367210110167
67602,-0.35963417222143046
67603,0.04372592619488415
67604,-0.23329831945416368
67605,-0.3293442761285481
67606,-1.2815554977728958
67608,-0.1777414931442199
67609,0.06732283912497868
67610,0.0713742290395286
67615,0.02830145707168277
67618,-0.01123367571024303
67619,-0.18352954376680952
67620,0.08866266168000589
67621,-0.10290763642955356
67622,-0.0850288876744594
67623,0.1607710932226051
67628,0.01051777693477242
67629,-0.4075040234247896
67630,0.5783654460253886
67634,0.30177678925915236
67636,-0.23285451258913
67645,-0.3167230736895307
67646,-0.4277785640412943
67647,0.277641685825884
67652,-0.6183733442825604
67655,-0.09759694305628593
67657,-0.22269115643217352
67661,0.40062107299730687
67663,0.25975756791877436
67665,0.04375603705862093
67666,0.1869690037254064
67667,0.03199446579370919
67669,-0.0381520635939569
67671,0.02047344437886174
67673,0.05040841792561591
67674,-0.06119360065628499
67675,-0.00271108386112408
67676,-0.09068820004421504
67678,0.03274787274043893
67680,-0.0971711843961457
67681,-0.2647905067431522
67683,-0.05425160813997432
67684,-0.01819747908622371
67685,-0.20159120252542437
67687,0.12877547153031543
67689,0.05061914188495041
67690,0.03642237296356393
67694,0.1337205942896645
67698,-0.18011623565341345
67701,0.0136585232032415
67702,0.04302348798618112
67703,0.23305492054022175
67706,0.0289905340121232
67707,-0.04985170396702752
67709,0.16169799776207866
67710,-0.09285744426339862
67711,-0.1255879326732159
67712,0.08163544659731473
67717,0.1825828207764022
67719,0.32707087498318843
67724,-0.32743179684561685
67725,-0.05230562488419531
67726,-0.04720872032252291
67727,0.0157859478127624
67728,0.06093194084173602
67729,-0.10536723657833642
67731,0.0024314927682924
67732,0.03044407558231611
67733,-0.07709311675466855
67736,0.13287328600073578
67738,-0.14599824270565018
67739,0.04980170020654406
67742,-0.08106165433726421
67747,0.1529388726185473
67749,-0.8163721029443243
67750,0.16517693573311285
67752,-0.09132900549169848
67753,0.17092318186200878
67755,-0.18344946514506516
67758,-0.11161703730231036
67759,0.0485049019127015
67760,0.03166224514877391
67763,0.02853414049522757
67767,-0.06716972486901218
67768,0.00136885478118409
67769,-0.2484305593885933
67770,-0.09691026448086684
67771,0.03351981187089854
67772,-0.03433340984633218
67773,-0.08144890345962712
67774,-0.02487476188547464
67775,-0.13050880729488745
67776,0.3075291585830272
67778,-0.03760198723258008
67781,-0.01500228081910949
67784,0.03000597446246798
67785,0.16383891474154685
67789,0.0217747292033397
67790,0.14957224039240496
67792,0.14745059849384656
67795,0.07468784540731431
67800,0.053611962807644
67801,-1.185456987835655
67803,0.00194890624266449
67804,-0.0651453765400163
67808,0.02018153704483102
67809,-0.5504351618060837
67811,0.03282132349980848
67812,-0.28857346751615054
67815,-0.04214470956957254
67819,0.14515731132607562
67821,-0.14643075679718076
67824,0.03235938013948226
67826,0.10033575070124248
67830,-0.09260364497273284
67832,-0.0625228324831132
67834,0.00207973833248828
67836,-0.18267221250535823
67838,0.01707327309663204
67839,0.19755542655368363
67840,-0.05321366455744935
67841,-0.02327269850787084
67842,-0.09460131308302838
67843,-0.00878416888434583
67844,0.06358447503838621
67845,0.02836041047739637
67846,-0.5092017356722862
67848,-0.07330223021861117
67849,-0.14889845120946832
67851,-0.03111160751506643
67854,0.20697401641676855
67855,0.13999253112440738
67856,-0.3873925781077706
67857,-0.00757455027486337
67859,0.10071098482411991
67860,-0.2394892580743635
67862,0.111604629215067
67863,-0.03928300158297258
67864,0.05822664557864816
67865,0.00217489574520761
67866,-0.3671388150001578
67867,0.0164831918288753
67868,0.25079261168216915
67869,-0.01253385648767119
67870,-0.19851797039961516
67871,0.18125970297722308
67872,-0.16233184605984408
67873,0.03135665949869797
67874,-0.02704013811598823
67876,0.06031122851943648
67877,-0.22981656320691088
67878,-0.3179319196861873
67880,0.07852980775801655
67881,-0.23750210425187385
67883,0.03072143352270587
67884,-0.24838605212742793
67886,0.6979569369592327
67887,-0.0232613357757445
67888,0.11586671943063424
67889,0.06488990479153056
67890,-0.12570208508867334
67892,-0.34316833060649854
67893,-0.04896878308716487
67894,0.1359922265181311
67895,0.00473527074773743
67896,-0.1838950575516295
67897,0.07028956196149837
67898,-0.00806135190470552
67899,-0.17383203359185162
67900,0.34208410459573707
67902,0.04273420166082087
67903,0.2128856785429396
67905,-0.09927420403923896
67909,-0.06873390959102277
67911,-0.3259699793050509
67912,-0.15449363975652297
67914,-0.5568388176035692
67916,-0.0197443215365949
67917,-0.6960054873144732
67920,0.0327562465728662
67921,0.03842571152606455
67922,0.016042461817217
67923,0.03415437424154592
67926,0.2952538163316064
67929,0.05713139806252886
67933,-0.36996239872998593
67935,0.25805305238579607
67936,-0.10991035799719696
67937,-0.04889213545915126
67938,0.1046687243269702
67941,-0.13088177242838064
67942,-0.0759139771417505
67943,-0.09571367931795224
67944,0.27069365962937053
67946,-0.16398374398141918
67948,0.04276066483736752
67949,-0.05281538783136626
67951,-0.02871383091444192
67952,-0.15698002594141774
67955,0.00617391431040441
67956,0.2035171219631734
67958,-0.17576995436850065
67959,0.07725730983312909
67963,-0.16743370854713918
67966,-0.271476767509495
67967,-0.00315649171651737
67968,-0.5258265933691462
67971,9.939920049320816e-4
67972,0.16409975664233273
67973,-0.06655980326481034
67974,0.662494550444486
67976,-0.03649945120308757
67978,-0.1866641325621195
67979,-0.0837509177130692
67980,-0.1439078979015876
67981,0.29603717563593207
67983,0.22552868755635003
67988,-0.00977675628523357
67991,0.3480826574433066
67993,0.06558267747750275
67994,-0.3335725870121538
67996,-0.12059888771924288
67997,0.1482179071047383
67998,0.17722164676895127
68001,-0.09336319756658132
68002,-0.15478926365896203
68011,-0.04238522123116503
68014,0.14746029942450525
68015,-0.16936432896830975
68016,-0.2972846459240688
68017,-0.422521330468359
68018,0.48327683250181935
68020,-0.07000680120083652
68021,-0.11694445149932552
68023,-0.15409965132023215
68026,0.06914305009975803
68027,0.20439798484888863
68028,-0.12477242179379013
68031,0.213231120535646
68032,-0.11740509529801058
68033,-0.01632703306320517
68034,0.0870835098385223
68035,0.03701884733838791
68036,-0.09159342302267023
68038,-0.05247315758731263
68039,-0.12802466154348113
68040,-0.04780450492028592
68041,0.16059179138928967
68043,-0.00520315181568188
68044,-0.10558906295771356
68045,-0.02879289453265866
68047,0.03394917252868292
68048,-0.06085717285705518
68050,0.06355661404048008
68052,-0.02254273948183813
68053,-0.44469674828865263
68054,-0.10099533107711547
68055,0.12369017782220812
68058,0.01351389061798426
68059,-0.03104643823724461
68066,0.0943310464440836
68067,0.18770054145602935
68070,-0.7507877573759452
68073,-0.08367424410327032
68075,-0.16258645259994883
68077,-0.12466959265183876
68079,-0.09406720421436204
68080,-0.3842629851406666
68082,0.06796325793004133
68090,-0.1101667527780481
68092,0.2582654661870459
68094,0.3783137360868922
68097,0.1010600976489502
68098,-0.02223702738117144
68099,-0.40130863478544754
68106,-0.22460859958637003
68107,0.10854086696204247
68112,0.05922343142777531
68114,-0.10098851211227536
68115,-0.05847486206090846
68117,-0.45148330054849994
68118,-0.01563756940116268
68119,-0.06169595032153567
68121,-0.02709058800393614
68126,-0.17993877305277378
68133,-0.05284432465251635
68134,-0.21410447951822328
68135,-0.00653250335951787
68137,0.11370323949322252
68140,-0.08293387904673666
68142,-0.06298535304179334
68145,-0.191709380428087
68146,-0.07374146574463977
68147,0.02278789396050246
68149,0.07048628622497022
68151,-0.07822731839124676
68152,0.07259879220816676
68153,0.10183176917295755
68159,-0.11809640225654794
68165,0.01094714407966854
68166,0.1484907262086835
68169,0.26613446336660723
68170,-0.22101238818578808
68172,-0.2244145382632512
68176,0.556648080620742
68177,-0.08748382619132597
68178,-0.5329762978754824
68183,0.00761640407620243
68184,0.00155401266495318
68185,0.0023287220886676
68187,0.09934239914702664
68188,0.06648976691888364
68192,0.2116872428512084
68196,0.11479570729541226
68198,-0.10277882926692306
68201,-0.01397418382568047
68202,-0.06555534848957825
68203,0.24852218443511492
68205,-0.03805543076786594
68209,-0.04284490496697145
68212,-0.01050729485617693
68214,0.08374728387432626
68215,-0.29647019623421483
68219,-0.02251539125530148
68222,-0.2171213581513597
68223,-0.16866428095805153
68226,-0.11501702716863718
68229,-0.09687240556023226
68233,-0.08919916867466517
68236,0.4851636906701289
68240,-0.2831517397607576
68241,-0.15460003933114377
68243,0.3709394809742555
68250,-0.03929815533287878
68251,-0.00819582265905826
68255,-0.03806138663684615
68259,-0.14352035942114588
68260,-0.28600398757466056
68262,-0.07974768487307862
68263,-0.15306434887188242
68267,-0.05599158563172221
68268,0.01412954851812485
68270,0.168434065532284
68273,-0.11661258748418048
68275,-0.11150097318859668
68276,-0.44060818720520906
68277,-0.3941436870701191
68278,-0.05653437123963183
68279,0.07200026459868551
68281,0.1316784224444294
68283,0.2205609258540951
68291,-0.00290851585817705
68292,0.13537354396213577
68294,-0.1537413711538659
68295,-0.05286736169010891
68299,-0.1583475100003079
68303,-0.2580883948041818
68304,0.05780960519570259
68307,0.24383747678445372
68310,-0.03982827070210371
68311,0.19294571087457849
68312,0.24587203714290976
68316,0.2701493155696962
68323,-0.1360988296326984
68327,6.114129874947426e-4
68328,0.8479070948480638
68332,-0.09809855522302016
68337,-0.13317656041459647
68338,-0.7965917620317128
68339,0.03268168605585292
68342,-0.04013624871121514
68344,0.18322977310462651
68346,-0.05200453816864432
68347,-0.07019921221261063
68349,-0.01120149260675911
68350,-0.11222958925599136
68352,-0.00567910317560085
68364,0.04233524551591942
68365,-0.07435293400620574
68366,-0.06073987842655051
68375,-0.24451078181771405
68379,0.11025590181476504
68385,0.05167377750791192
68393,0.142920276079021
68396,0.02023639944208981
68401,7.316597606272686e-4
68404,-0.2692469785534449
68416,0.01827327072828671
68420,0.01749023604857087
68421,0.15964048167483777
68423,0.07264401735814308
68427,-0.13449622168929115
68428,0.1013899574919203
68431,0.07034418185099033
68440,0.1298595282557725
68441,0.11889943541138552
68453,0.3693477791345151
68460,-0.180784797170174
68463,0.00176176594267222
68465,0.01853958805505403
68468,0.1280741903517243
68472,-0.15393925421873783
68473,-0.20226084912394812
68475,0.00420948221824593
68477,0.25740701375495767
68479,0.06469461349592072
68480,0.15766106044524214
68481,-0.5614715642588549
68487,0.17918374798343323
68490,0.02767898262499753
68493,-0.1295764733888466
68497,-0.0779283580299141
68498,-0.12407199497013507
68499,-0.2395353573811586
68501,-0.1186314701291602
68505,0.18603803507863612
68509,0.7299335137235486
68510,0.076725662502405
68515,0.0841670089183896
68519,-0.0373310138374591
68520,-0.04983960270340339
68521,-0.00778098230832487
68523,-0.02093431832643766
68524,0.07221508513651201
68525,-0.08004515552917305
68526,-0.09299591580692568
68527,-0.8730660500525658
68533,-0.01879228215715439
68537,-0.08581097221038428
68539,-0.04739130186725152
68544,0.09019709668683776
68545,-0.5120365745961839
68550,-0.5521587892581814
68552,-0.06097070893167365
68556,-0.09823439269233664
68558,-0.10600359559914405
68559,-0.06570666268454209
68563,-0.07503087783534755
68564,0.07392707690445377
68565,0.01691844184591612
68566,0.2567346815300242
68567,0.29922189607062316
68572,-0.04475049099709546
68576,-0.01635607251609587
68585,0.14560595641104768
68588,0.5208663516871315
68591,0.2369223243666606
68592,-0.02678375516184153
68597,0.07594191876845949
68598,-0.06995222827041384
68603,-0.07365523957886974
68606,0.00887185009149414
68607,-0.09491598025366318
68611,0.10122161869506888
68612,0.13668725341615773
68614,-0.00541645393884547
68616,-0.8207683646446584
68617,-0.35824444312852644
68625,0.02297103579241877
68626,0.00886532945706048
68628,0.20177137250636945
68631,-0.04340513753924133
68632,0.26091808827701046
68634,-0.17585966931917002
68636,0.08584105603860545
68642,0.02503234605338765
68644,-0.03185041373985053
68646,-0.00950058050442508
68652,0.02956164017856111
68653,0.09177787660689714
68655,0.1362993715126698
68659,0.3540005933877703
68662,0.0443695865409653
68666,-0.35531003918163684
68667,0.08952511850217881
68668,0.16812787847170102
68671,-0.01123147698105813
68675,-0.00537106381465944
68678,0.20939770916197648
68680,0.05196758117199444
68682,-0.01826849994957874
68691,-0.01464442247841441
68693,0.07194347669880839
68701,0.09046393761665077
68703,0.3380959548586958
68705,-0.04536347206172056
68709,0.07960760262824508
68713,0.0956582456564368
68718,-0.11365203561595084
68721,-0.04707117555857442
68723,0.985199091729444
68724,-0.1008628271374542
68725,-0.8288019995518483
68728,0.1253754334568587
68729,0.5243882044084339
68730,-0.0330151597281404
68731,-0.2121860900046584
68732,-0.1863903088012111
68734,-0.291479139027195
68735,-0.08785300269264179
68736,-0.45258088302814936
68737,-0.05346456337296518
68738,-0.08941508527104988
68742,-0.14625013554266492
68743,-0.08965205512805158
68750,-0.1260882036378807
68753,0.07856491931998802
68755,-0.1846581499342339
68758,0.00615600705741171
68760,-0.08572810864235368
68764,0.07453536233063902
68770,0.1186009338224734
68774,0.1087437469543544
68776,-0.08436816522420026
68778,0.02478116745903226
68792,-0.05140494529002873
68794,0.08714259456219346
68795,-0.3097366317377188
68796,-0.03858493157865265
68797,0.26632738831948444
68799,0.1932777761656587
68800,0.11419825510945376
68801,-0.06197107716325975
68802,-0.08541819360144327
68810,0.27816105748808007
68813,0.26932219511999866
68815,-0.08063677908725754
68816,-0.37175259959731666
68818,-0.03037947018301961
68828,0.0708411768064848
68832,-0.03564580760461684
68833,-0.43719135434757533
68836,-0.05347671486663651
68837,-0.08711336159396263
68839,-0.14854914576597705
68842,-0.05914852693227279
68845,-0.06297199436722646
68846,0.1229515847196168
68854,-0.4633399286091808
68857,0.2884083733059011
68859,0.08765767484785164
68861,-0.14111043372491283
68865,-0.2815967551113288
68867,-0.537725051948371
68874,0.41387901593401105
68875,0.10648286357647896
68876,0.08515858879160754
68877,0.02153143664668432
68879,0.08755004021180207
68889,0.04427329712931214
68891,0.47350078453125505
68895,0.3007842924160509
68897,-0.1936436961266369
68904,-0.05617699163020569
68910,0.01417129841541198
68911,-0.02235608981744147
68915,0.09108041658369308
68916,0.03487609579225571
68917,-0.12487940055141296
68918,-0.386686423568201
68922,-0.10492486581492184
68925,0.03048457126051678
68926,0.00553024660776235
68929,0.05055469407188556
68938,0.00140481908195503
68939,-0.5534326426983641
68942,-0.01648383794031796
68943,0.00786776524986701
68944,-0.03686915790176637
68947,0.6435473992377292
68948,-0.2888292303244637
68952,0.01082249162935929
68953,0.0647615265198371
68955,0.0812077407398078
68957,-0.15224630106571663
68961,-0.045176415066218
68964,-0.07765301966596985
68966,-0.04060276579164215
68968,0.06176962886345454
68969,-0.02005432372959552
68970,0.11239594954623836
68971,0.6428656216092683
68972,0.02179538039209907
68975,-0.23038914351087636
68977,0.045200531165139383
68979,-0.08998354722019464
68980,0.00994504709242158
68981,-0.1696546801888124
68988,-0.03041315801668421
68991,-0.06395089423326097
68992,-0.09002838930927588
68995,-0.10600263661441713
69008,-0.08153240873605691
69009,-0.06985943149398463
69010,0.06613023708965328
69017,-0.383259851195803
69019,-0.00843908647738436
69020,-0.08787048289683731
69024,0.13001205312855443
69028,-0.17260331740475765
69029,0.07487498442998158
69032,-0.03421134283243059
69034,0.07896816807778251
69035,-0.2337438959817593
69038,-0.01562877370457583
69046,0.03808758605775932
69047,0.3926448917838
69048,-0.3369403269328054
69051,-0.06180776038616481
69053,0.13377906742040466
69060,0.05845404939229831
69064,0.19450550493291072
69065,-0.15961639825706384
69068,-0.34015289150489086
69069,0.04538937764702325
69071,0.0564247590013196
69072,-0.05751960377032776
69073,0.08681412478690315
69076,0.09734934127810882
69077,0.06308696551732319
69080,-0.03869668316915156
69082,-0.02651676245197481
69083,0.3824410406044272
69085,-0.05002733340918533
69089,-0.08236062413921529
69090,-0.17972616036056893
69091,0.02627537307379034
69094,-0.08749531779406339
69097,-0.07396041778805114
69101,0.0671866846218735
69104,0.11140413837508478
69106,-0.16612170049456434
69109,-0.12095053169623672
69113,2.983377189797326e-4
69116,0.15083431837915773
69121,1.1839569700083068
69125,-0.01397774361494395
69126,-0.04094270485048131
69129,0.18031940273389577
69131,0.13971816517489605
69136,-0.03212463233937551
69137,-0.1661138465684016
69146,-0.05320315745453356
69149,-0.06167931855267696
69151,-0.5716719690761065
69155,0.17681154741596608
69156,0.0946837011066311
69159,-0.02877763005624349
69161,0.022290610994324
69162,0.03256764725795655
69163,-0.17771529020575358
69168,-0.4532387182425225
69171,0.01284155153811965
69178,-0.0444206419252735
69181,-0.20801732543528711
69185,-0.37818884221471855
69186,0.03875399273310567
69187,0.0230824275459699
69188,0.09303430046496576
69189,0.12643478105652345
69190,0.34474990665984306
69191,0.08834708955338832
69195,0.14287966696926585
69202,-0.11990910624142188
69207,0.05022376295327936
69215,-0.3961916408335843
69216,-0.1043278642793915
69217,0.00637717471398374
69219,0.06808684362766096
69225,0.04003486068389798
69226,0.7591607657353082
69228,-0.02176619440217749
69232,0.1198561571349066
69234,0.00158089794312419
69237,-0.14650947602893136
69241,0.05511827985317158
69253,-0.3683917528856816
69256,-0.29607069157219845
69257,-0.02947925594367598
69259,0.00191561085922817
69260,-0.46796666619446486
69263,-0.242676973838945
69270,-0.29423412725075476
69274,0.32449117057671956
69276,-0.0117138299274616
69281,0.5882595269572559
69287,0.24870550168261735
69288,-0.34473959549957944
69297,0.20427859276748703
69299,0.9131646422916028
69305,-0.1683491872729879
69306,-0.1471900027838967
69309,-0.3529862475465691
69310,-0.12124767570530366
69312,0.1213850006967684
69317,-0.7930656075088794
69327,-0.08747112853435969
69329,-0.05036314810162527
69332,0.14900526795706476
69339,-0.38775888645122825
69349,0.09764257986617918
69351,-0.03705601519880092
69352,0.6555381199624893
69354,0.01555708553778514
69363,0.0866559025432238
69364,-0.180505864352698
69367,-0.26432210688743774
69368,-0.0918946131118231
69371,-0.4375087518194335
69376,-0.21006523779141761
69379,0.06771521280624407
69384,0.17032760918026657
69387,-0.7335441870297421
69389,-0.14103579673565814
69398,-0.05371089794275523
69399,0.2168819154069177
69401,-0.700654125272396
69428,0.19187832605226385
69440,-0.30780180457207595
69444,-0.23309706207332204
69453,0.07112671108892615
69454,0.14373195589346055
69456,-0.01760091383886421
69459,0.18249323348967617
69469,-0.28409414051450316
69470,0.02089507402174962
69473,0.7304732512875899
69478,-0.19861663183562617
69479,0.6765017588139735
69480,-0.198006583954184
69481,0.12876110919064446
69482,-0.1078635067698421
69487,-0.02638174275827066
69496,-0.2008176695759961
69499,-0.12652954991576473
69511,0.772609428741003
69519,0.15218470774729456
69527,-0.05485806552669123
69528,-0.01915018575522373
69533,0.2270303934954436
69534,-0.06393096916629093
69535,-0.0775000856211941
69536,0.2511198074587471
69537,0.05666265473511452
69538,0.12387242321433468
69539,0.27689674609117587
69540,-0.45286279459633
69541,-0.0766877352995673
69542,-0.3820786695246067
69543,0.6384758373071331
69544,-0.5304996063025431
69547,0.6803612828564043
69549,-0.2277450612630115
69550,0.05944281442441135
69551,0.3540492718334047
69553,0.5644719575795807
69554,-0.04684769036916955
69556,-0.10579506032406338
69562,-0.04795912348364841
69564,-0.08330514355220822
69568,0.10904199260289998
69572,-0.1942709959390094
69573,-0.4375570108965928
69574,-0.4356139489037858
69576,0.16883211532530493
69577,-0.3444087058626197
69582,-0.02973011533133151
69583,0.10823970901850792
69587,-0.6541431601025334
69590,0.04203690712416641
69592,0.11240922831624436
69596,-0.07277885411353041
69597,0.01384099460917701
69601,0.14370465760695544
69602,-0.03885952370787635
69605,0.2590791794121131
69606,-0.22617368161485532
69608,-0.256591334024586
69612,-0.1702501222371972
69617,-0.00894118599839505
69627,-0.15165594351747153
69632,0.5374703296868822
69634,-0.68565972979890355
69635,0.3844783123685178
69638,-0.1831507394228727
69639,-0.02468723474326536
69640,-0.03032006629755279
69641,0.02592275959889196
69642,-0.28640175611463925
69654,-0.04738796595317941
69655,0.2368548628144515
69656,0.1463279081842189
69660,0.3537897385925699
69662,0.10044491078520486
69663,0.01506873084995164
69666,-0.03659110366747568
69671,0.3508410512186364
69672,-0.04732251291363578
69674,-0.05060566684253483
69675,-0.6282806551923974
69677,0.4536852628923867
69683,-0.08433031414624899
69692,-0.1295822657917618
69693,0.20889822980736988
69694,-0.10648300891103782
69697,-0.07768102508127872
69698,-0.2170152996756144
69700,-0.6295221557748566
69702,-0.12287893612680029
69706,-0.07684435445521272
69707,-0.00692750196856421
69710,0.10516642066896278
69714,-0.05001538309103439
69716,-0.36023403923274827
69718,0.04337628724052959
69719,-0.4002560096102667
69721,-0.1864711507068703
69723,-0.14643075572179165
69724,0.01629638710224232
69726,0.2631673565954858
69727,0.3941925880171935
69731,-0.00276057684298605
69736,-0.16997282733608687
69737,0.10962753846917224
69740,-0.1007917207580267
69742,0.242484437203586
69743,-9.90095972158711e-5
69745,-0.15609635603195965
69747,-0.14673318553774448
69748,-0.04821027418327484
69752,-0.10070299117577448
69754,-0.04035790245458912
69757,0.1298526214834217
69769,0.01512994835666566
69770,0.0930451182465604
69772,-0.6824887186914674
69773,-0.22407920835745257
69780,0.03025423279612895
69784,-0.1753197909577967
69786,0.03881321147620279
69790,-0.10103462766241228
69792,-0.04093455434737009
69802,-0.17384458649451703
69804,0.02177799172388765
69806,-0.1313202581779176
69807,-0.16274527091824728
69809,-0.0933199952411524
69815,-0.1528324206870016
69816,-0.1364058248648644
69821,-0.03846897222949839
69823,-0.29403470845734264
69824,-0.1155109276508835
69826,0.13015927103714203
69833,-0.02208986880885901
69834,-0.09297738983519352
69836,0.6396235520021125
69837,-0.13401549888079697
69847,0.5077312950370316
69852,0.24330962077104729
69860,-0.03543813251995994
69861,0.4363173151308235
69863,0.15965933022813047
69865,0.2546703490732769
69870,-0.08922483445946265
69876,-0.00326533041532592
69878,-0.07632523535725552
69882,0.1827596286311747
69885,0.97712746485323
69890,0.07841570840029408
69893,-0.4598569587315121
69900,-0.21119348857239384
69906,0.18983286104070363
69908,-0.21251693861758345
69912,-0.23232137241796932
69917,-0.0262594033708936
69920,-0.03108469116119872
69922,5.414194769687939e-4
69923,-0.3773239104050732
69926,0.30765629717073084
69928,0.3971819787281665
69934,-0.11085618303112416
69938,-0.8389505475271328
69940,-0.07237176882358146
69942,-0.2828174809121733
69955,-0.04515332352836926
69956,-0.01091250902189689
69957,-0.10238640348360704
69961,-0.09526877711079326
69962,0.07542679670672878
69976,-0.2169787320640128
69981,-0.1354148008250513
69982,0.4331916012445745
69983,-0.1838764210934863
69987,-0.04536038209193598
69993,-0.17290354553401735
70008,-0.11276140502850115
70012,-0.3268127327676353
70020,-0.24487429801168076
70024,-0.00132556880738234
70026,0.05860805651517946
70028,0.19705714733861124
70031,-0.5477093556213167
70044,-0.15596914174895254
70047,-0.15856499630487506
70052,0.06529754212893175
70054,-0.25484234639212383
70059,-0.059821022601815
70060,0.3614496128584309
70061,-0.12029925361446224
70069,-0.7622115277904993
70078,-0.13688425759724626
70080,-0.2232034431851378
70082,-0.2780790841228604
70083,-0.1055561642789306
70086,0.414341366669997
70088,-0.112384767413086
70093,-0.07215548786052998
70097,-0.29496391188955706
70099,-0.0804396003790723
70103,0.03954201758895503
70110,-0.06768366178657034
70113,-0.708914332229561
70118,-0.20108724765045663
70120,-0.06674978104077635
70122,0.1884760337429089
70127,0.6229139591060224
70129,-0.11090817213342546
70144,-0.4547992556843487
70152,0.09559044826484409
70153,-0.28765206875481586
70155,0.1470081556116042
70160,-0.06390671844021026
70166,-0.2655594952193967
70178,0.07084076802145056
70186,-0.14026898530225407
70207,-0.16423314436078276
70208,-0.12592764313030683
70209,0.04521352529570702
70223,0.10859582873411368
70225,0.04093316934633165
70231,0.1793354789477514
70233,-0.00982627948150566
70235,-0.15850930770089833
70237,0.01946196574422622
70238,0.0297705199077932
70239,-0.11078527279278844
70240,0.31566037678919223
70248,0.07007473394446129
70257,-0.04857172310086465
70266,-0.05174373416180309
70285,-0.09956659025722098
70291,-1.303949558119578
70294,0.06980003542511008
70296,-0.02196281728665976
70297,-0.26322406673144433
70300,0.07931667084117151
70310,0.06060429592258733
70312,-0.06715646498577946
70314,0.01977818355109875
70315,-0.10937121860723818
70316,-0.18816566120184308
70317,-0.10226049299063372
70325,-0.4166656687365626
70333,-0.08319110654875805
70335,0.1187291755315876
70348,-0.2267096589412072
70349,-0.01070544590151514
70350,0.09092394656958082
70351,-0.02124463125869965
70354,0.19925633937737255
70355,-0.08746304444293242
70356,0.02901618063768203
70357,-0.21638172233010072
70358,0.18579341461175533
70359,-0.03215765562339309
70361,0.12581586038080897
70362,0.760077283288494
70363,0.2421465367462939
70369,-0.2240905316884436
70370,-0.3025665874945871
70373,-0.2572630130809782
70375,-0.03683242411472631
70380,0.11368832159944096
70382,-0.1022981206105122
70383,-0.2682665434488194
70385,0.19496474579225867
70387,0.0566174757404989
70394,0.00553014412356479
70396,-0.03155098166171695
70397,-0.11403768126090394
70405,-0.5120989771092306
70408,-0.24132043486302612
70417,0.09881665709533335
70422,-0.4677124862426642
70423,0.05228048760028712
70425,-0.09661807947805334
70426,-0.2658822255379297
70427,-0.1417484074741489
70428,0.06790711334270227
70430,-0.10799868220752742
70432,-0.08885463672920568
70433,0.3105263169286674
70435,0.18193480524054445
70439,0.2908891975453867
70445,-0.6892871252177681
70450,0.00157160254290634
70451,-0.31855571030793206
70454,-0.17943360086716034
70456,0.01244834833421864
70461,2.7910336308452355e-5
70465,-0.19033803682837497
70466,0.1943612657696426
70470,0.2172745197505203
70472,-0.06519902412733752
70478,0.3194783148329773
70481,0.5126411209956673
70484,0.00852089878431126
70495,0.00164038616121585
70497,-0.02528526003503023
70503,0.9354862428411596
70508,0.23075920089173743
70510,-0.08041867211584422
70511,0.13999850819083173
70527,-0.06625228806931366
70530,-0.05412987361060074
70533,-0.3016531146859629
70536,0.12494085911925536
70544,-0.09273944830698874
70546,-0.093593553036864
70549,0.06085577477632135
70551,-0.32263795285491875
70552,0.04689405439455769
70556,-0.24796542973376595
70560,-0.18594139615376665
70561,-0.14886714059919437
70564,0.0967315336545394
70567,-0.12889738057269806
70568,0.05953629293846814
70571,-0.13618571618687156
70572,-0.1809322397702197
70573,-0.17707423269337152
70574,-0.1130543196802024
70575,0.00619560238093644
70579,0.02488581562543796
70584,-0.04627454450718093
70591,0.05358959668076166
70598,-0.00920891231746538
70599,-0.346528435606157
70601,0.05783199007105984
70603,-0.07084768434822929
70604,0.23176724881587069
70605,0.00480340775933916
70611,0.15749867233721232
70612,-0.18838014926692004
70615,0.3328486690569378
70616,0.07121067446814988
70617,-0.06071392310106585
70625,0.01072218737694316
70638,0.21938085263975873
70640,0.4144554518258703
70645,0.18828118484484668
70650,-0.28525421385434213
70652,0.14906998248024064
70661,0.10323973583877122
70673,-0.0681259240813776
70675,0.00641230622862829
70681,-0.17010556248772288
70683,-0.0593446353012361
70686,0.3012736721637038
70693,-0.2723972306690279
70699,-0.04118429726505356
70701,0.00822263927906395
70713,-0.2543725017662086
70717,-0.03261504920573517
70719,0.02497514638475046
70726,-0.3412566712210167
70727,0.02511468075307184
70729,0.22995100469052004
70747,0.23573212649797387
70750,-0.05706394977026612
70757,0.00939521038732411
70762,0.01467463036252734
70767,-0.044253494687572
70769,0.09852900094901772
70771,0.22098168191188067
70779,-0.05317268698353906
70784,-0.04177805467650446
70785,-4.078364401519513e-4
70788,-0.48452674982035066
70789,0.21612297481041529
70790,0.1366750924855024
70791,-0.02528337548112997
70796,-0.37191011928943185
70797,0.10045391207504648
70799,-0.2618612728088499
70802,-0.32415821625624086
70804,-0.4434018745087876
70807,0.09611914240490148
70810,-0.16159334810944057
70821,0.3032098780456719
70823,-0.0926265309556502
70827,0.29525852457835344
70829,-0.00291316006630347
70834,-0.28840035975744727
70835,0.144094880488862
70840,-0.30407565135593906
70843,-0.29730281521166035
70859,-0.02943425939839907
70864,0.4763935588714106
70873,-0.3507329163133362
70881,-0.6270250747345957
70882,-0.156781142235914
70884,0.3861165638529236
70885,-0.12475224215733756
70891,0.25315290502026466
70892,-0.10904639932775048
70893,-0.02000269197994123
70894,0.47526313654083
70897,-0.35784934164438525
70911,-0.02176579563394054
70918,-0.35987279968543645
70920,0.06031501208958403
70925,-0.4309871394361446
70928,0.37116796708615635
70930,-0.14318043149393558
70941,0.2348571146624387
70945,0.2162431464450419
70950,0.3957926068844791
70967,-0.03819749470171823
70974,0.20085803535154845
70976,0.46601288404842633
70977,0.12560336389592927
70979,0.14874168923326492
70984,0.2380673516042703
70989,-0.15477675888620532
70993,-0.2419003207850103
70997,-0.1452707604209357
70998,-0.0629057150670773
70999,-0.2065264453960868
71007,0.03654813311301177
71020,-0.03263981692409691
71037,0.03248788733119335
71041,-0.05106848402601468
71046,0.07974228483576774
71059,0.03937296001767412
71063,0.02807123615755439
71069,-0.04810999720212285
71078,0.14822571240460025
71089,-0.40170948613709384
71091,0.05273008949359756
71093,0.7574416958982106
71096,-0.5723795268181758
71099,-0.17268573124818482
71101,-0.1574439672224061
71103,0.08502330240234075
71111,-0.10976533551654624
71116,-0.02323245774448809
71130,-0.00991627043140807
71131,0.02355898282477762
71132,0.3844077820831805
71137,-0.07558094626468534
71138,-0.22224340317266697
71145,0.25003668031282456
71146,-0.513687546584143
71147,-0.05048465988259332
71148,0.1495567739870962
71151,-0.07904706738036993
71156,0.3394751237379259
71164,-0.23601552391584163
71169,0.09845677157802726
71175,0.06951725136914452
71176,-0.2037848835342643
71183,-0.5487627312189327
71198,-0.3819826378037032
71200,-1.152880206813226
71206,-0.16010538380392805
71207,-0.10775256569045363
71213,-0.22774618049867856
71223,-0.3352865862011979
71228,-0.19625891930367564
71233,-0.27761340897559894
71236,1.1082495290208785
71238,-0.4929866544622451
71240,-0.05041642867835716
71241,-0.8242530493215467
71254,-0.3740699248889165
71263,-0.156631991025002
71275,-0.08188411014158245
71276,0.12990915807366216
71279,0.0155136341617097
71281,-0.3085549404115642
71287,-0.08585022432850065
71300,-0.1190577730387266
71302,-0.3993571002334749
71306,0.3671383394557781
71310,-0.1941321526638543
71313,-0.30003718534264295
71323,0.6250485219040899
71325,0.33908838017287846
71326,0.1293651381025013
71330,-0.12565277583802129
71336,-0.1122525026366018
71338,-0.06531332958090458
71340,0.24889889896891149
71345,-0.2570547893538857
71354,-0.08505596761747951
71355,0.3566503779429573
71361,0.2182790277325889
71365,0.14083626230682525
71367,0.5200397606611913
71371,0.0072865039653235
71373,0.08991715971776096
71375,0.03374766083938206
71382,-0.4765593987934215
71389,0.2487396666349876
71393,-0.4623022051166922
71398,-0.43327845348792576
71405,0.5072522621436454
71409,-0.18800772546941527
71421,-0.09311174019883205
71435,-0.1125090158678342
71436,-0.07592931357535387
71446,0.4261295842736988
71448,-0.0425283060227238
71449,0.40716789904440753
71452,0.01999664300470637
71458,-0.06540718574636858
71461,0.30134818081143483
71472,0.08009674898300127
71474,-0.15152689967070396
71481,0.4796824055796686
71492,-0.5395999704551512
71514,-0.04899280763685016
71517,0.1140989153354584
71519,-0.08534936044264524
71520,-0.03603282299225138
71521,0.23077711983065435
71522,0.38783152153546274
71529,-0.2855494447965853
71532,-0.537341676004843
71538,0.1293725938811509
71544,-0.15991699975499568
71562,0.03959519901198935
71564,0.1769474000451981
71566,-0.07040339589655722
71567,-0.3764096487851432
71583,-0.31553060832478796
71584,0.10439531167302596
71586,0.1052627891631658
71591,-0.1512783586821278
71592,-0.4010047253424575
71597,-0.1493798241059694
71599,0.5154866672070779
71602,0.01964371679325753
71607,-0.05075781195344959
71609,-0.07513632798314915
71617,0.2100355796180568
71619,0.1658062719625894
71643,0.2629861187257951
71648,0.18950137024589617
71653,0.5607089819296278
71660,-0.38043485149945744
71664,-0.05034238019368294
71665,-0.07436386995599444
71667,0.05485747872815925
71670,0.2866798920582297
71673,-0.15931743124681408
71675,0.07392624907498488
71682,-0.32350547248468786
71683,-0.02620968002317645
71684,-0.11129352735939133
71685,-0.06620625019401107
71687,0.29607549374206316
71690,-0.24438473695666435
71691,-0.02862214992218362
71693,-0.3505761158205139
71699,-0.03815046000752241
71701,-0.1752755067116923
71702,-0.3677318359216991
71703,-0.2617400561737929
71704,0.04307268558910558
71706,-0.04889220277291592
71707,-0.18285512241342017
71709,-0.5078101349987805
71710,0.1782816900229039
71711,-0.11930229576170362
71712,0.1415911958449985
71713,0.06797010277504968
71715,-0.08599567618838927
71718,0.02084595277420459
71720,0.2239715433162593
71721,0.15130234943423704
71722,0.1278397392619729
71723,0.05776656176592234
71726,-0.14284715129154427
71728,0.27368099441112054
71729,0.29363522360273764
71732,0.06631807246373445
71733,-0.2243443868683314
71735,0.02070398820663276
71738,-0.060662550906982
71740,0.25283261594350875
71742,-0.0970301639675654
71743,-0.07277832043779373
71745,0.06524183265068856
71746,-0.4910810109881987
71750,0.14196726637748702
71751,-0.16870934162428874
71752,0.08289733280640069
71753,0.35634463662640564
71755,-0.00815384136221932
71756,0.20215484929360117
71760,0.0876940893240438
71761,-0.37194379848988424
71764,-0.05317973854974488
71765,0.0021929509859104
71766,-0.11781907676475568
71767,0.00964450735059382
71768,0.09082502331340447
71769,-0.03806327773524954
71770,1.2749618077830245
71772,-0.14833709180567395
71773,0.2644857887199328
71774,-0.03178803069610713
71777,-0.09100658785640858
71778,-0.01182586830238063
71779,0.11354878861501076
71780,0.06602270236490361
71781,-0.18108555928617984
71782,-0.05848400416714759
71785,-0.1312939710326504
71787,-0.11647511075672498
71790,0.10331479452814352
71791,0.30632632169130164
71793,0.14953421867806072
71795,0.05626094600682291
71797,0.7826993510687716
71801,-0.05358511381036093
71803,-0.5328522150830267
71804,-0.04574592191046677
71805,-0.07339910889683253
71807,-0.04363740701369951
71810,-0.19187600933702909
71816,-0.05786221314699275
71817,-0.03882484702431636
71819,-0.4911447124397532
71820,0.02981262437299983
71827,-0.4398699657183721
71829,0.02256791576036776
71830,-0.579127634466305
71833,0.14327180827646346
71834,-0.00762800278372098
71835,0.04823744941920406
71836,-0.3273821537060375
71837,-0.9191297491507308
71838,0.00771406360603454
71839,0.17804272404784935
71840,0.183271177022721
71843,-0.04912695733571891
71844,-0.30092946460897796
71846,-0.20955084205588043
71853,0.00629128690277591
71854,0.17987032346104936
71860,0.15341233049949912
71861,-0.17530575656874647
71862,-0.10109406263850118
71863,0.02213527712930023
71864,-0.1306286908779709
71865,0.07012604105062963
71869,-0.23787250892454095
71870,0.5858821212001226
71874,0.16616747295931605
71876,-0.3408369749823896
71877,0.21081865571746225
71878,0.22478719680908368
71881,0.08351812691818587
71883,-0.143614661560408
71884,-0.3687481523893936
71885,-0.2665587757447218
71887,-0.02180076478455706
71888,-0.09832421222374896
71889,0.026322869296759258
71890,-0.06152962506148097
71891,-0.03311943836461542
71893,-0.05587234845850205
71897,-0.31040709224779905
71900,-0.1265240216845459
71901,-0.38411579309693705
71902,0.00146686326501821
71904,-0.17975844255846762
71907,-0.02260036289794999
71908,-0.1124459595315354
71909,0.01256651260947295
71910,-0.07953462448063704
71911,-0.1442016430258746
71912,0.1699653511650479
71913,0.1748768636072845
71914,-0.00830284851444403
71916,-0.11465877830587676
71918,0.09957279371712172
71919,-0.05584794333860031
71923,0.00508193831705355
71924,-0.7834277967765896
71927,-0.06264917176558321
71929,0.05377041430168573
71932,-0.06780315335004426
71934,0.3575491918227627
71939,0.00775789790839626
71941,-0.1535646192879577
71943,-0.07903660230350222
71946,0.1682274589374487
71947,0.04538224911645659
71949,-0.18645258093502728
71950,0.0346107640696988
71951,0.6207963869883443
71954,0.04101685413619632
71955,0.0136768104240669
71956,0.06537688492406489
71957,-0.04269997616074653
71960,0.01241081739428977
71962,0.11218604499515822
71963,-0.24787932129012896
71966,0.12965032271013224
71967,0.4527988016094521
71968,-0.11616852697773136
71970,0.201070234763742
71971,-0.0144719512692364
71972,-0.3764218332379262
71973,0.26478410147377124
71974,-0.16013489345943088
71978,0.03224558324270402
71981,-0.173949878319703
71982,0.2013935748132775
71983,0.07204793312492365
71984,0.1288540151038974
71985,-0.0475989569654504
71986,0.1099944286718582
71988,0.09018386903364524
71989,0.01678709489103436
71990,0.07775322002647668
71991,-0.33458910579107004
71994,-0.0954553965485466
71997,-0.12010143946874174
71998,-0.13050297751761308
71999,-0.07550399218941778
72000,0.21952373385644736
72002,0.33742347596072675
72003,-0.20133885971720664
72007,0.3307689215516737
72008,-0.134361951959372
72016,-0.6514084859328619
72017,0.16170666394636854
72020,0.24302122121979117
72022,-0.22083305916733392
72023,-0.01330386924634576
72026,-0.05501698663355461
72027,0.17051669850728274
72029,-0.1927699374277309
72033,-0.12250890815902196
72039,-0.04483997469998903
72040,0.24679695500625717
72041,-0.11087633916297349
72042,-0.01599718006460093
72043,-0.01157286217641621
72046,0.01757565584760568
72049,-0.10154868351333736
72050,-0.2657855595176547
72053,0.12313944410272906
72054,-0.01571176007245463
72055,0.2724689054778366
72056,-0.35241717119352683
72058,-0.2399677150937985
72065,-0.09313734945610218
72068,-0.14306844585015863
72074,-0.07181735178824951
72075,-0.00777404781177964
72077,0.5261960629434397
72080,-0.24957316444932692
72082,-0.6487188139276822
72084,-0.16877021323978617
72085,-0.19320342893123427
72088,-0.23309696760337423
72090,0.34206460476202705
72094,-0.23922102530634023
72096,-0.07244564178001166
72098,-0.09747870690912652
72102,-0.25017380585523114
72103,0.08288241492849183
72107,-0.4698763987509832
72108,-0.2976464317820587
72112,0.45328098182726834
72113,-0.29292062060886725
72114,0.35871345576199737
72117,-0.09227660259901008
72119,-0.7341799147992158
72121,-0.04447561801693889
72123,-0.10582832689151243
72124,0.22708724018874743
72125,-0.02645669785970254
72129,-0.20281289636370525
72133,0.20750530354172053
72136,-0.1357637434915439
72137,0.06723783589891706
72140,-0.07119884540975036
72141,-0.34041169411851
72144,-0.17125193017276616
72145,0.43083333243279853
72147,0.3867914973671152
72148,-0.17918591547795426
72149,-0.2582411016644423
72151,0.00521043098895114
72155,0.4666518998237816
72157,-0.05650721126196616
72160,-0.31451241129285085
72162,-0.07009177075507401
72167,-0.17773515815372942
72168,0.5693392295138313
72170,-0.17456786627176507
72171,-0.354388184479723
72175,-0.02607894754569834
72179,0.20632188283256137
72180,-0.2546309568053461
72181,-0.01445674201877864
72183,-0.04253829390692613
72184,-0.5192961233399197
72185,-0.6527352118341665
72190,0.4305756470195994
72193,-0.00162726232306389
72194,0.01687952048846968
72195,0.6883684251200015
72198,-0.00497706484752303
72199,0.2797156799559166
72201,-0.4886440940860376
72205,0.2929194358500203
72215,0.19429165876160953
72221,0.3592577289056005
72230,0.25956447506567804
72236,-0.19229591829699777
72238,0.04273732914282974
72244,-0.10764456839353571
72254,-0.13298416948381866
72258,0.950507796318556
72265,0.0026427637206277
72267,0.01500453952526581
72269,-0.3438738615234281
72273,0.17435267260553783
72275,0.08724381077852854
72278,0.01479821847863357
72281,0.372070543696068
72284,-0.1543512630648445
72290,-0.2527885866011657
72293,-0.05694980138036946
72297,-0.1893049520203407
72301,0.04103318313487833
72306,-0.14283593588422627
72307,-0.12981051555469358
72308,-0.01157019727680183
72309,0.02369657364998011
72310,0.04093954679298434
72313,-0.23107967043272384
72318,-0.01424258800134023
72320,0.02811000613203886
72322,-0.10884033282895111
72323,0.00875175840607927
72324,-0.1594382533258728
72325,-0.04431950390276083
72330,0.765891969148651
72338,-0.02277516204789815
72341,-0.2326012178736742
72344,0.2083217556252744
72345,0.0480536426139736
72349,0.1651196971780059
72351,-0.09546627733352056
72354,0.01290869165464342
72355,-0.16173290814045724
72357,-0.1436036591711424
72371,0.3477326941971802
72373,0.5305979207492318
72383,0.4551717308370749
72388,0.3877616980311662
72391,0.03786792359132029
72392,-0.07936763912483284
72393,0.03337457350434988
72399,0.10062651704236972
72400,-0.4316353949305887
72401,0.12724304334554515
72404,-0.02111500168853256
72413,-0.2855829686505541
72415,-0.15604232741167637
72416,-0.01114829211214522
72421,-0.26697779631346297
72425,-0.02335482504858948
72429,-0.2743226842912787
72431,-0.01277166481941207
72432,-0.1943131524566405
72433,0.9535548035766392
72434,-0.3858518238952843
72446,0.0954068988646692
72454,0.262506467438387
72459,0.06735895296653692
72461,-0.03082221668373574
72462,0.14745090010926443
72465,-0.26076596646652944
72469,-0.6260960519135407
72472,0.00591983812943799
72475,0.15665855735022993
72477,-0.25043442663125925
72479,-0.01874043521043607
72480,-0.04927002990386577
72482,-0.17356415341379672
72486,-0.6898004226583039
72500,-0.5812471764142528
72502,0.07549307556528176
72503,0.17798225606949614
72504,0.5108547366277572
72507,-0.01641918116852778
72508,-0.01747977410153311
72512,-0.02086984486031863
72514,0.2430795355830625
72515,-0.03991986371807844
72519,-0.17655635863500355
72522,-0.03233207859320801
72535,-0.15944581479995645
72536,-0.02941424300996348
72542,-0.02779744592522666
72543,0.06408037909343069
72549,0.09049153141356198
72552,0.01877547392905954
72554,-0.16908550813488335
72555,0.2116919750158762
72556,-0.18424156947481352
72560,-0.00677656842168432
72562,0.06306697157442448
72565,-0.5926169590343989
72567,-0.1033071801671642
72568,-0.4367583894509992
72569,0.337795196278818
72572,0.8146975173077469
72580,-0.18262098652656736
72584,0.08415738096709346
72585,0.7209916649097794
72587,0.09210948344780946
72590,-0.0315253132159103
72599,-0.0845245283085489
72605,-0.0959147755512007
72607,-0.4274399606858914
72611,-0.0040995824426784
72612,-0.05357638627861052
72614,0.490045891939632
72615,-0.43567112222445725
72621,0.41473038291881426
72630,-0.01901345264878214
72634,0.1991798368011684
72635,0.20798093455317587
72640,-0.01130235872150622
72649,-0.33777370957467556
72650,-0.07721314572616764
72654,0.03406604116707133
72656,-0.14084793782794472
72657,-0.14946218525990915
72661,-0.3431201320400449
72662,0.02622167032787963
72667,0.18244318060134052
72668,0.18879142061291404
72672,-0.06600013410942465
72674,0.04792641685132419
72685,0.06104097101389654
72692,0.06722135293702235
72693,-0.16525535193842794
72699,-0.03325933543450153
72701,-0.04863309621076071
72713,-0.8643914942398597
72720,0.11340092810529284
72722,0.04470166453003331
72723,-0.1977221218290041
72726,-0.03750094052711077
72727,-0.15647440125819564
72729,-0.02117569224886248
72736,0.03935060833470605
72739,0.04191814377381246
72745,-0.02879119453033421
72747,-0.14178540945532686
72748,0.16931921621476315
72749,-0.04945105711939376
72750,0.11708847197937385
72754,0.17297351245826614
72759,0.05147731885586144
72772,-0.15444647676527964
72774,-0.10040304138402983
72775,-0.19790821819435697
72778,-0.2765338159215038
72780,0.1645634353332478
72787,-0.2284418063455418
72789,-0.2975130365905341
72792,-0.1144815054501947
72795,-0.12972656913543573
72805,-0.3729001121537861
72821,0.890553386623673
72823,0.14807620952008743
72825,0.08599503356055183
72826,-0.15536968925037997
72828,0.16807265140520472
72831,-0.02251123346546994
72832,0.09846772781826343
72843,-0.24244759784418968
72844,0.09516094187909264
72852,-0.4719736050594734
72865,0.2512932177394905
72873,-0.04035533833084952
72881,0.05745062964683015
72886,-0.07762406028829572
72895,0.03360881120516292
72898,-0.34445874383771385
72899,0.10644690781079796
72900,-0.1245964085137154
72902,-0.21022709917919363
72925,-0.02859827297157493
72927,-0.4651195380081328
72930,-0.4571591150587018
72931,-0.03865890216903647
72938,-0.3317440759854291
72946,-0.00425464995249188
72947,0.02257784252695143
72948,-0.02920265210915652
72949,-0.2558295417255172
72960,-0.00122673135421345
72961,-0.3603535191109806
72962,-0.2218483373042868
72972,-0.0692675252704723
72973,0.17843342983204913
72978,-0.17725083547685375
72981,-0.04914073789446979
72982,-0.25204047090746395
72993,-0.16503661044131
72999,-0.29397896582332983
73010,0.17544305353986878
73016,-0.1120020938433914
73024,-0.04618713644833925
73032,-0.20478148073194408
73046,0.09603666548731424
73047,-0.21637723027619993
73062,-0.00995989854268725
73067,-0.08465876542865347
73068,0.04319248980397846
73075,0.3449478617453367
73078,-0.03638088810467219
73086,-0.19550913722527755
73090,0.2879909954661159
73094,0.3418800707125055
73095,-0.23197731186685383
73102,0.6612103605744555
73103,0.1322402837818607
73106,-0.06727285968298756
73112,-0.21121102901616748
73122,-0.03806215103403096
73124,-0.2937440324949755
73130,0.03101709188765745
73132,-0.5791729774577181
73137,-0.02072821651405954
73139,-0.06444228894678963
73158,0.10750894246609358
73162,0.36380078063233223
73166,0.18603803507863612
73172,-0.02667804881130923
73173,0.3358841696150345
73174,-0.02246735401112226
73178,0.00103658626324429
73181,0.2661852642411093
73182,0.33602113401191036
73191,-0.238091189883939
73192,0.45387573092072586
73205,-0.1079061308139173
73212,0.22273087249312168
73225,-0.0381689945580587
73230,0.4833970822468725
73234,-1.4465856722862471
73242,-0.7484427746568147
73246,0.1991481865462787
73247,0.07880829003016132
73251,-0.01054085628097336
73254,-0.07997962044678408
73259,0.09240727060011882
73261,-0.20574293799493293
73274,0.08828716786710777
73284,-0.19767762348132223
73287,0.4286386117555714
73296,-0.07543521022758974
73301,0.03177877397732398
73314,-0.3436958442978585
73316,0.02781348458395682
73324,-0.7174511034518565
73327,0.03533829257623726
73332,0.22965607577553593
73338,-0.654213117067957
73340,-0.8371926156897809
73341,0.00552660110361898
73344,-0.556291455899094
73353,0.48956745011169395
73360,-0.4028787758009899
73368,0.34796967895273223
73373,-0.13575420001603827
73376,-0.10896318128141053
73379,0.06146935224044103
73388,-0.5222527931388726
73389,-0.12193471237173505
73398,0.5233495027036656
73407,-0.07132767495040826
73412,0.5502549944557428
73419,-0.24706350944389385
73420,0.04352348111025412
73435,-0.09232058703168183
73447,0.15137313110395173
73453,0.2444724970278383
73456,0.2023013805356802
73463,-0.2847831604912361
73466,-0.4120881700094984
73467,-0.18660344033432755
73469,0.12491886037181713
73472,-0.3584155914481355
73473,-0.33017059186725684
73490,-0.00290853471342486
73503,0.0339026345011017
73545,0.06216304215191722
73569,0.3489036390078316
73582,-0.00406869171376343
73598,-0.5513997028894959
73634,-0.47356934012226337
73647,-0.7181548247956024
73649,-0.4349659458602764
73658,-0.1427755616250806
73660,0.2078149590707843
73666,0.02126319724911425
73667,-0.03410728727293817
73668,-0.27312388965555157
73671,1.3798225215586246
73673,0.04747278689262472
73674,-0.01475340055777571
73677,0.4888680751047496
73680,0.03398283869462228
73681,-0.17473207335860952
73683,-0.21357507380617716
73689,-0.04873215559031754
73690,-0.01457594743013261
73692,0.336563872940545
73693,0.516614978950978
73694,0.09549471030051648
73699,-0.6427347727269914
73703,-0.13383845499753297
73710,-0.1034299373407056
73711,-0.09961054962427772
73713,0.8173565291930113
73720,-0.2958928009562685
73721,0.31924133304101193
73723,0.13171746327941974
73724,-0.45163880457651495
73728,0.007373550685342
73737,0.0057580130452128
73738,-0.10223465027803294
73739,0.5553355692482422
73744,0.02983118962677623
73747,-0.00952342775027989
73748,0.47204784141577066
73750,0.03668893859528272
73754,-0.31117962127886145
73779,0.8204715503533162
73804,0.2322455529118833
73808,-0.18622931628558012
73809,0.8018289618170834
73813,0.12053612795420462
73822,-0.16338165815527797
73825,0.0300495535206394
73826,0.01060184130864677
73828,-0.15017878643459387
73830,-0.01097269587385919
73833,8.213446637903646e-4
73834,-0.11053254472014294
73835,0.06687111759751604
73836,-0.14532324696201188
73844,0.26356835471771567
73845,0.08163143664870878
73847,0.05573595485432224
73852,0.10187407599408614
73862,-0.341041452782999
73873,-0.21868307960039657
73884,0.1924134226668472
73893,0.03373988429593297
73902,0.4756238220126051
73910,0.4679883438782697
73914,0.03217193859463513
73916,0.06890499800447228
73919,-0.24425741890855204
73936,0.05123159777613948
73940,0.4554644823197753
73942,0.248898603663564
73945,-0.03823965504514777
73991,-0.2339035436121839
73998,-0.23555687070560916
74002,-0.043923079628328
74004,-0.02819977866268681
74006,-0.07863357772133327
74007,-0.0106695559331397
74008,-0.06630261649917892
74011,-0.1473636853719077
74012,0.505252899901501
74013,-0.07102072780683635
74015,0.04216758751921646
74018,0.1816383370171048
74019,0.07621762217341378
74020,0.2796803461726265
74022,-0.01175648680016419
74023,0.14129992059088084
74025,0.1166446970852222
74026,0.09509996389986032
74030,0.2578458939982732
74032,-0.05425404954984776
74035,0.15108842853385382
74039,0.02701724292457988
74043,-0.03661168217016312
74044,-0.22958735523942697
74048,-0.08602132787634571
74051,-0.23411805959190127
74052,-0.1235110482979768
74053,-0.001481788185386
74055,-0.39514406551704545
74068,-0.1300878693337126
74071,0.05125060017035192
74075,0.6566691851652182
74080,0.10049406570467964
74081,0.05498958354018164
74087,0.16495486820013258
74090,0.07077029277817316
74091,0.08419304299942763
74094,-0.09506228488191906
74096,-0.02263077093992764
74097,-0.1415017817758455
74098,0.00657098887234396
74100,-0.13137794251011775
74102,0.175979686508763
74104,0.14740813613426496
74105,0.03079078858419677
74106,0.23643085707070857
74107,0.26825347343914635
74108,-0.12327928400272292
74111,0.01689993285392435
74112,-0.05680937144157561
74114,0.017224206568895
74116,0.1536611827646858
74117,-0.04602060627510229
74120,0.00574405246969869
74121,-0.3022724067236562
74123,-0.04773204601309985
74126,-0.15156639736276287
74127,0.1928514364832035
74129,-0.24760444483941813
74131,0.04671836112781864
74132,-0.00370096075215997
74133,-0.1097298353010505
74134,-0.08022747773402603
74136,-0.02269789791614888
74137,0.07231050195263593
74140,-0.15538263359844287
74142,-0.04216751425209553
74143,0.0044150657197073
74144,0.2302244165814436
74145,0.18818607367547008
74147,-0.18500862642986343
74148,0.01270383634532038
74150,-0.07623894919298972
74153,0.06142082981611367
74154,-0.12365636090275106
74155,-0.20159295485155485
74156,0.49198272489605777
74157,-0.01209780532491862
74159,-0.10349126243171482
74164,-0.02787849742430337
74167,-0.04801747406549738
74174,0.1577272433110687
74175,-0.5013312941841859
74176,0.7737517646367407
74178,0.12558851346106714
74182,0.01632948623024946
74185,-0.03582592923875422
74186,0.18633354334385585
74187,-0.08070453217752627
74189,0.10254526905748504
74190,0.7060699449627934
74191,0.3999466685579365
74192,-0.10843625275577048
74194,0.49697804176990223
74196,0.040351865749243473
74197,-0.03600804301202395
74198,-0.04494286172088607
74200,-0.1596028849105467
74201,0.08415652545266705
74202,-0.3324323810122458
74203,-0.10016000772579538
74204,-0.01115945515596784
74205,-0.29761901958138537
74206,0.05918851377446814
74211,-0.02770358894281029
74213,-0.1672162477821406
74218,0.10148926015302334
74221,0.4301339183430539
74222,0.15267934173714168
74229,0.09580313422061452
74230,0.02226425921743313
74237,-0.00750576052825775
74238,-0.34262974262678547
74239,0.13718571160156617
74241,-0.0017116848652439
74243,0.19413569673096123
74244,0.1256529732019556
74245,0.4034390012238277
74246,-0.1801521422030828
74249,0.0045983849746879
74251,0.17482473893978484
74252,0.04990034847650115
74253,0.2165354863931916
74254,-0.19009030034030547
74255,-0.12618525876777764
74256,0.08584963621786157
74257,0.21708218437600713
74267,-0.03436298840879217
74268,0.00519527264213966
74270,-0.1195570964763412
74276,0.5324436850664099
74277,-0.06946620167618653
74281,0.3267916238185677
74286,0.04312709008111122
74287,0.03655172002075931
74288,0.00351175916146067
74302,-0.03974840388479667
74306,0.5162480920103469
74309,0.02400676408301133
74315,-0.06462997728216864
74316,0.0257734959580807
74318,-0.02463905764105515
74320,-0.11683786636690502
74322,0.00146714171676836
74325,-0.1499796111811139
74326,-0.06394193947162191
74330,-0.10164581752022256
74334,0.1882162206989318
74335,0.04823483300009766
74337,0.12970325834192334
74338,-0.04678536130647448
74340,0.14077619367184876
74342,0.06960614470274068
74343,0.02494475593376221
74347,-0.10259099517281452
74349,-0.06719265994134428
74351,-0.1093106213941426
74352,-0.14026028259769485
74354,-0.6534320853023998
74355,-0.0708008538911313
74356,-0.41788297277621805
74359,0.6215373491931288
74360,-0.3947044750939391
74362,-0.24603012649532904
74365,-0.29686519597247185
74369,0.1568553627408425
74370,-0.09553037703033666
74374,0.01518638979592555
74375,-0.2019646508070394
74376,-0.14275451252422217
74377,0.6032721478311898
74383,0.10013829141823538
74385,-0.202240411029884
74386,-0.18915107029486924
74387,0.841342077428651
74388,0.21338663967126145
74392,-0.0729311489789064
74393,-0.08960864638953897
74401,0.11526971790638683
74405,0.04122065226041631
74407,-0.00524335509150428
74410,0.16616105982108198
74411,-0.13983411633778636
74412,-0.14174905020792422
74413,-0.04315079693981955
74414,0.07067594452004336
74419,0.8169036201922046
74424,0.5807911985507646
74427,0.0024166615219439
74430,0.7353410928413682
74434,0.116166944393995
74435,0.03607485266611582
74438,-0.2393411408205358
74440,0.1475737056321877
74442,0.09455967815186976
74443,0.5016284872900566
74446,0.02177264612052427
74448,0.7642110914392326
74450,-0.17126124580307933
74451,-0.00273322249126784
74453,0.10885883607325966
74455,-0.7052799834258248
74463,0.20889805290676472
74464,-0.07465111246053036
74467,-0.07414824295383236
74468,0.29892173931332267
74469,-0.11570528633169262
74470,0.08283437068991481
74472,-0.16459966604132295
74477,-0.03303286682508098
74479,-0.07969260181382576
74480,-0.14480962951581905
74485,-0.3829878593249824
74486,0.48721670698405406
74488,-0.3738048745183076
74490,0.09797086110113468
74492,0.17801561504888097
74493,-0.07708057099091037
74498,-0.626990716877039
74499,-0.08775936996644461
74504,-0.118750370229808
74511,0.4371150171417221
74513,0.9170049669460306
74521,0.8404210428565793
74522,0.11382130421011484
74525,-0.3262403128674854
74528,-0.4650967672115648
74549,0.13630709020335136
74551,-0.1344466402517715
74552,0.16559476321565156
74559,0.14153295409365027
74563,0.07618503211217509
74568,0.38403833920230945
74569,0.14912447176978272
74570,-0.11173888870621804
74571,-0.5539161666326465
74577,-0.0642204666255602
74580,0.18463574692000936
74585,0.04899772353481848
74589,0.2125816825323649
74591,-0.08624301438361259
74596,0.15004001203761153
74600,-0.10014365882012868
74610,-0.17778674217607202
74614,-7.540666347260819e-4
74616,-0.02611781376027282
74626,0.13693367440620632
74637,-0.23728783425868263
74645,0.14494591170075183
74646,0.03493185402514932
74648,0.1070637420017847
74649,-0.10071122299626709
74653,-0.06553124248962988
74663,0.01056337481438709
74665,0.04582970124371316
74666,0.15936303213119088
74673,-0.0623373760143852
74675,0.3365470404442241
74682,-0.1444392331856874
74691,-0.14112197144274458
74694,0.00718410834561004
74703,0.05398328566172447
74711,-0.7005437236425427
74716,0.15105040306608902
74717,-0.07503878054349114
74718,-0.2260589514853144
74720,0.1246366021609176
74732,-0.00574679406120623
74734,-0.2075702495311504
74735,0.2274999192827618
74737,-0.10523325512413068
74741,0.18367028156863735
74747,-0.11953118561057192
74748,-0.16600168228353304
74753,-0.1116284678412638
74754,0.35069383795931675
74760,0.00848370562207221
74761,-0.17539713315705277
74762,0.3542889369462072
74763,0.01781996724041425
74764,0.00286334487864015
74766,-0.1339457825051329
74769,0.4068522286668709
74770,0.2290567730712791
74772,-0.0257133446828159
74775,0.01998222566366126
74776,-0.04485025804652065
74777,-0.00480566972866846
74778,0.17408790961579457
74781,-0.04875170971724177
74782,0.09250878114952364
74840,0.04022076918444615
74841,-0.0827653574109729
74843,0.08632520093503268
74868,-0.23498539806431765
74890,-0.01629919626484508
74895,0.08503311799445394
74901,0.18717403401640495
74914,0.11773713618881768
74915,0.5175392731013962
74918,-0.0257286376906617
74919,0.011279034584254711
74934,-0.06503704950474559
74978,0.03242947652992893
74996,-0.0200783161272343
74998,-0.03228634648316474
75002,0.3706004683553192
75007,0.08607933870041931
75013,0.5738835775581235
75019,-0.2903107742564166
75029,-0.05058884090179864
75050,-0.44690897648245936
75062,-0.02406601264079538
75079,-0.453967396339671
75083,-0.02988586232817327
75087,0.09129831974841944
75089,0.07315995126041312
75097,0.48941892385428937
75099,-0.7644248404687364
75104,0.5666518894897297
75122,0.1843710797008127
75124,0.0933876588804156
75137,0.21830410326786656
75141,-0.16968548056267768
75146,-0.09481394434618858
75172,0.32992266370413487
75173,0.6733828773526107
75178,0.4094255124026619
75180,-0.7433393922175229
75196,0.31701906512933775
75209,1.271315559580554
75210,-0.05898465130537329
75212,-0.06852308980631243
75216,0.34349276206047474
75219,-0.398521831387489
75221,0.05739657703596342
75234,0.07431329803335253
75266,0.15698035860910003
75273,0.2364055044509796
75276,-0.4794277782452888
75284,-0.10811318753226504
75288,0.05959197994353593
75291,0.0847441105593847
75292,-0.00779699332233328
75296,-0.11291127640965112
75302,0.16033907957151844
75305,0.16855741789480602
75311,0.11333635912672324
75316,-0.1798779624422423
75317,-0.00784361193282801
75320,0.00260393598486545
75329,0.2640274990187287
75338,-0.6453592561882723
75339,-0.07328837524838981
75345,0.3626384709457446
75368,-0.19465606452610065
75387,-0.06533450489759793
75388,0.28446348152097384
75396,-0.0013867821733691
75398,0.01371439162424827
75400,0.16045789011478734
75404,0.38033491286456256
75406,-0.03525194740250673
75409,-0.09044465198814694
75415,-0.39999654797557416
75416,-0.07161311036866508
75420,-0.04119600242761781
75422,-0.18644859031132305
75423,0.17387189528309313
75425,-0.0032264738807709
75426,0.3191520718420231
75430,0.24415133310503123
75434,0.18465538675300633
75437,0.08657982058319505
75452,0.18320866020094023
75454,-0.11678219649830812
75456,-0.3258855622929099
75458,-0.18543919554267693
75459,-0.29653566527562514
75465,0.1359293638465901
75467,0.5984658996614802
75469,-0.2485101678890128
75470,0.42649492167119296
75472,-0.11905734342378645
75475,0.2849813921465256
75477,-0.2860673125691226
75480,0.02531490472349364
75482,0.2115280288250076
75495,-0.0194553978088348
75497,-0.14600918913418154
75502,0.13170979515606734
75504,-0.01118572896620943
75507,0.00192293008233863
75510,-0.18704829043912471
75512,0.387109525408119
75516,-0.08999854726588338
75528,-0.1520817187842325
75530,-0.06254202518829025
75533,-0.24458699012231624
75538,0.2614123044892682
75540,0.12203633276439638
75547,0.04677651503369935
75552,0.1831040777452339
75553,-0.00811587880255437
75556,0.34566009655248586
75558,0.671846726527451
75560,-0.08432996470567397
75563,0.14885224265253458
75564,0.01349303221741025
75565,-0.05101460943416097
75568,0.26510761020366125
75570,-0.08748105207452245
75571,0.11993097079978988
75572,-0.07085388522812669
75578,0.25210142264695923
75580,-0.02384562423636483
75581,-1.0116278745503535
75590,-0.03168481986505794
75593,-0.04239554316252329
75597,0.07241785687426319
75599,-0.1077246300433568
75600,0.09900728688032608
75604,-0.3873445432041243
75605,-0.04451292105585831
75607,-0.02507544982425966
75608,0.06092029171426129
75612,0.05562125283354323
75613,-0.0581069175155236
75616,-0.1400441435945372
75617,-0.1021704489023012
75619,-0.2596994791379668
75620,0.00120685123410213
75622,-0.006767391438388
75623,-0.5405989170556575
75624,-0.3238433169356283
75625,0.34437897663807504
75627,0.10303384541063866
75641,0.11803824734919348
75642,0.0117986359308565
75645,-0.01730970148760693
75646,-0.2697432481612218
75647,0.03744617096254342
75656,0.4642199147504603
75659,0.3205002997425633
75660,0.01237973055651345
75665,-0.16533947451294478
75667,0.2732422328852324
75668,-0.6490223434229259
75669,-0.09063082126566412
75671,0.5940752325778347
75678,-0.27826988525749047
75686,0.05223120549727095
75687,0.04295471787388902
75689,-0.08350064899806772
75690,-0.09455976841952855
75691,0.2554878116284348
75692,-0.11846604356917063
75695,-0.49345466870001065
75697,1.3038172643236174
75698,0.27047880744774
75705,0.0184216848164523
75706,-0.20415033177907135
75710,-0.06201843577744155
75712,0.12561587174301528
75717,0.02341378663321186
75718,0.824193358714847
75723,0.5563041708156903
75725,0.07658014811402555
75729,-0.23179177916975233
75731,-0.01066630476541799
75734,0.08128226624907735
75735,0.02500839602020098
75736,-0.0896110253388601
75739,-0.1432485112330199
75744,0.2701203855906843
75746,-0.02769061265705268
75750,-0.08536498995251256
75751,0.03085663811504721
75753,-0.252863971430915
75758,-0.07024227708375877
75763,-0.13395327215504088
75766,-0.04395940688198416
75767,-0.056311144435083
75770,-0.0612555466428695
75772,-0.5191105053356425
75773,0.06249000447487186
75777,0.339978057011273
75778,0.00483561283999949
75782,-0.10327222359567705
75784,-0.2955752002525561
75785,-0.2692454980878467
75786,0.0712729612331458
75788,0.35834631593616767
75796,-0.42943787465983146
75801,-0.19435703914547584
75805,-0.13193703500561454
75811,-0.4722197866468448
75812,-0.5905945976487934
75820,-0.04823684033625725
75823,1.5127611967503327
75826,0.04536252862690434
75828,-0.01234516362616863
75841,-0.261678751557404
75847,-0.4145718655406565
75860,0.1011879360181108
75863,0.16661042006638144
75869,-0.04110802070746891
75871,-0.1089281690520259
75894,-0.12042372249294069
75901,0.05267673325261551
75905,-0.1912767705986702
75909,0.01065411486724389
75914,0.08228916747397977
75939,-0.7012633846712182
75953,0.09573421684897608
75956,0.01776659290369586
75964,-0.08437118697582156
75965,-0.00766296380912678
75974,-0.0111407950383507
75985,-0.08298653793544777
75986,-0.25692229978398035
75991,0.18678480702690836
76007,-0.02401891730240716
76014,0.06911316525466124
76022,0.00924054476571083
76025,-0.2766004208326269
76041,-0.13214202994491892
76051,0.06767614480050743
76055,0.3604824500336797
76071,0.01850813932689918
76072,-0.2997407735536579
76073,0.15334236079540453
76080,0.01675770668261211
76088,0.01840272586873238
76089,0.11897866495328636
76108,0.17884720776144614
76117,-0.18055591478822192
76123,-0.04023431831144108
76130,0.19414552641949576
76131,0.05164732844763225
76132,-0.03435515044395913
76137,0.1707891053773644
76138,-0.10682497220979845
76156,-0.7018575385753233
76157,-0.31169228349962286
76161,0.3181878705246349
76166,0.1023848977720878
76167,-0.1790473653429578
76178,0.26611607526085634
76179,0.21638639978042315
76183,-0.1846665521702839
76184,0.39498433193092286
76187,0.3010250712973218
76192,-0.0904223576507664
76205,0.1760640343461941
76217,0.3973606100998561
76223,0.03618898636209138
76233,0.01334329336160431
76238,-0.14401206016643214
76246,0.503120058475105
76251,-0.06092637900755639
76252,-0.2530174018497272
76260,0.5036351981276834
76261,0.5169638702073069
76263,0.04788943992279845
76265,-0.1275481627352706
76267,0.3774854319905241
76273,-0.47100088840489
76281,-0.03857261600143457
76282,-0.04434854522988174
76293,-0.09251822588665008
76294,0.01207427520884734
76295,-0.03807942143370763
76299,-0.1543219407859822
76302,-0.08192285490897731
76303,0.46680049155665226
76306,-0.04284973580882727
76308,0.04127921845116023
76332,0.12892651597956503
76338,0.02066725993042432
76355,0.26646115792683367
76357,-0.34106794981388255
76365,-0.17953358390539606
76366,-0.06621512393420322
76375,-0.08314394331887637
76376,-0.13795319403633327
76378,1.0806146914074544
76380,0.11712805061685812
76405,0.509116675019622
76406,0.1824187623142177
76407,-0.23697304745662048
76408,0.1272603511982248
76411,-0.11690857067382392
76421,-0.03092912844257506
76425,-0.07143122023579992
76429,0.25003755972903463
76438,-0.03378296739505734
76441,-0.5513892973046096
76444,0.441226648690204
76448,0.03216255789850153
76453,0.4794904082386977
76454,-0.00791449496606389
76457,-0.1404931855997449
76459,-0.6264641659028436
76464,0.17194744941135137
76467,0.1121376831509108
76469,-0.44683415534131543
76477,-0.544472033327713
76478,-0.08238499873596859
76479,0.2501213056330176
76482,0.19666575886988696
76483,-0.05142620239858472
76484,0.0321625718518744
76485,-0.08074952645896025
76487,0.02276166335678175
76491,0.37744465092393825
76497,0.00742546695898938
76498,0.11561327612327998
76499,0.05856688541043563
76500,0.25441853157189104
76507,-0.191163050650858
76510,0.18501124164747035
76522,-0.16404145744286677
76524,0.07053010139050694
76527,-0.24093022438947365
76539,0.01618172281180577
76547,-0.12640213733630207
76551,-0.08877685993468651
76560,0.21057899533096405
76561,0.17876096408218006
76563,-0.2380071029295499
76566,0.05239466776786369
76568,-0.01525929630931637
76571,-0.3562554475294629
76572,0.6899450177731435
76573,0.20742002709759272
76574,-0.1281552516980969
76577,-0.24672211627389493
76580,0.04801841660286583
76582,0.08501418021886664
76594,-0.20211135990857915
76606,0.6093627696429904
76608,0.08450058784179917
76612,0.09049382072790288
76614,-0.06465169719582751
76615,-0.4271907466799376
76626,0.0556509372284
76627,0.3110798858531203
76629,0.08660619011982859
76630,-0.00823388650011883
76633,-0.08854560145103746
76640,0.545104870209989
76645,0.3288180105518959
76646,0.2578077716324211
76650,0.13144510942891524
76652,-0.2431261576094347
76654,-0.12313294654423476
76668,0.05831352391403961
76670,-0.19378587027124983
76686,-0.1385122553791659
76687,0.04589958332358323
76688,-0.08757379337320698
76701,-0.21113418084254237
76707,-0.0761069956918265
76709,0.04577571781413957
76719,0.15214977853112618
76722,0.08061203001781354
76737,-0.0514097814229494
76740,0.09289259308714724
76742,0.05399494844866506
76747,-0.07696213226914661
76757,0.6986469210921123
76763,-0.1962367674380517
76768,-0.2114539091731399
76773,-0.307947220370003
76775,0.33971052709298155
76779,-0.13107528200268867
76781,-0.1852136982861574
76784,0.0853379460354959
76787,0.02174439824553235
76788,-0.01900470068626123
76789,0.01116542675065914
76792,-0.3261547930825606
76793,-0.05474703473727846
76795,-0.02264742220762222
76799,0.0115347928012507
76800,-0.06754347277670872
76804,-0.20798190261201405
76808,0.883454575728919
76809,-0.14550424042465776
76813,0.11479655119335652
76816,0.1869341760302844
76820,-0.04331913489423185
76824,-0.00788774802398054
76826,0.15290440770887598
76829,-0.6480162763245052
76832,-0.3369492300615894
76843,0.09969973229367388
76846,0.05156282978290143
76850,0.07028550195797227
76854,-0.20279845958867784
76856,-0.5231728323879072
76857,-0.6411977673860476
76858,0.1466631404115844
76863,-0.1828881321344508
76866,0.16275877092006133
76872,-0.3130211518225149
76877,-1.1848362748538015
76884,-0.11268862198768992
76886,0.24759979059478912
76889,0.05443970749950461
76890,-0.02503499847768572
76892,-0.3962230953492262
76893,0.03643240484983874
76894,0.1501902970992181
76895,0.25014123445686526
76897,-0.20875530185473856
76898,0.6614409672291854
76899,0.06943724768521664
76900,0.10504927333968236
76901,0.10473538152366071
76905,0.37168674437022264
76915,-0.13697438256877936
76916,-0.19303380977748896
76917,-0.11095788025733266
76920,-0.11390263712388247
76925,0.12507865500106127
76927,-0.03908464404947082
76932,-0.01165170747389738
76933,-0.08112547122460705
76936,0.05459637504276243
76938,0.05148859752528668
76942,0.02131796891775465
76943,-0.17365641545617427
76947,-0.10963259061483312
76952,0.30099463885913746
76954,0.28290636743369013
76959,0.02551288220744484
76960,-0.2906237288137337
76964,0.01968652326528831
76965,0.30470822956879706
76967,-0.0332788486009212
76969,-0.5121819669144981
76980,0.02898279347350645
76982,0.250268730469421
76983,0.04139599302667449
76987,-0.41274733090846033
77006,-0.07985356886296172
77011,0.07033714108056147
77015,-0.01360400473289389
77018,-0.1651621415087914
77031,0.01765242931961696
77034,-0.07203594013507117
77035,0.0688860029374108
77037,-0.12264237801860028
77038,-0.10997599686017626
77040,0.0829790457467143
77041,-0.21035317560137817
77042,0.31336534902878377
77044,-0.05207882224374496
77045,-0.1854164356474044
77048,-0.02089385021726444
77053,-0.2718064721169873
77055,0.17980443895037013
77056,-0.12205058627922748
77057,0.3281242438268365
77058,-0.21382092496708732
77065,0.00167894679267313
77087,-0.09216915000845267
77090,-0.00582017394276015
77097,-0.3587803541132703
77106,-0.10507076232980445
77110,-0.04145556296760733
77116,-0.08173991542237875
77125,-0.5727874182758058
77128,0.30102254327568145
77134,-0.1275234491193824
77219,-0.11598568699375242
77220,-0.3366673641716006
77254,-0.08210275696933719
77264,-0.0860848336329721
77286,0.02233190791830376
77296,-0.14482966765259203
77300,0.0720601275112341
77305,0.08791660947021726
77318,0.2103627571100699
77371,-0.4814387952415143
77407,0.0336832951562034
77411,0.09924216895394929
77422,-0.5261212559518907
77446,-0.4947203345330292
77462,0.5593252266841395
77480,0.4563305458464561
77485,0.11886199353050486
77519,-0.4570876992867215
77521,-0.1024027434293787
77522,0.02064946673424871
77531,0.19352633073493455
77532,0.04371205370138302
77552,0.00677122659089268
77559,0.2084379701692073
77569,-0.704467645279127
77573,-0.11013166606610376
77574,0.13593775374017522
77577,-0.6111883454936753
77578,0.24649493834138153
77579,0.00401264070536024
77582,0.21333247843889852
77583,-0.14491306836363488
77590,0.04551774335261972
77591,-0.1588946207153924
77593,0.099065019935199
77595,0.0188622539655367
77596,-0.16224768297729258
77609,0.3601611821771872
77613,0.02693457219158815
77619,-0.07771006803588112
77622,0.21077780927256684
77626,-0.14823990852347524
77627,0.20086005070067048
77629,-0.2941598732824421
77630,0.479826330399408
77634,-0.2680182838513866
77644,0.01816497282576228
77647,-0.00190063243054184
77683,-0.2427159010584815
77697,-0.6910350929868034
77701,0.01841619084714157
77704,-0.5558101344095933
77706,0.05971010938888324
77721,-0.17521918309135315
77727,0.26172389320016715
77733,0.20482024969001572
77739,-0.09681390690664454
77744,0.00883838728445551
77766,-0.17911793778535573
77767,-0.2347890079176297
77771,0.20509702421163745
77772,-0.28617148389165226
77777,0.0792204601620594
77781,-0.2544614288239925
77782,0.2871730968191105
77794,0.29480901784481545
77799,-0.15725621451639218
77803,0.8223936206032112
77805,0.06829035409619527
77809,-0.05510722232548708
77827,-0.2142483482055768
77832,0.10019451763504908
77836,0.116081884851923
77853,0.14981507556576268
77862,-0.0846846129846885
77864,0.6466953628961795
77877,-0.06247639373898038
77889,-0.12305348532581029
77891,-0.08394678964823077
77914,-2.310379827070025e-4
77929,-0.5797161772098186
77938,-0.0391568954395629
77945,0.03253021166144339
77951,7.225160147000809e-4
77963,0.44087908936040593
77974,-0.2402394725392456
77975,-0.10221784781317536
77976,0.5434465179192516
77980,-0.05500037844557405
77987,0.03791323739545595
78004,-0.18097443515477052
78016,0.05921029946615933
78038,0.02180595321265097
78052,0.30040943717207275
78070,-0.2163294935172054
78076,0.2499666262825485
78081,0.4518323801565211
78088,0.2728068182568715
78100,-0.1329844754774816
78118,0.4225089703791749
78134,0.2573989222558086
78177,0.5653920836977948
78232,-0.03456920947841292
78239,0.2526647054596426
78240,-0.07522406526662026
78244,0.21311665101615349
78245,-0.3288657233543446
78246,-0.01676103627537199
78248,0.25336455119870893
78249,0.17628757666419098
78250,0.07456303149699547
78251,-0.7808400225580304
78255,0.00793217936607869
78258,-0.3575235073419747
78266,-0.11670638248549436
78267,-0.02058716814794939
78283,-0.28753166145715797
78284,0.6451117684267684
78286,-0.13929845789033746
78287,-0.1788071002624013
78304,-0.08852116597341636
78306,-0.1524113600635134
78308,-0.03066829898112019
78309,0.14935686136673892
78317,0.01332404212099618
78321,-0.03445216141394007
78323,-0.18217300564654132
78330,-0.01672979513860668
78334,0.00870955905293251
78339,0.00249087400246667
78369,0.20163025242567345
78372,0.00541568742191113
78373,0.08741262258873972
78388,0.16190888932557715
78390,-0.5987226828009335
78394,-0.14384382782704663
78405,-0.2467892827459846
78408,0.2246892425916824
78412,0.19612290201741164
78416,-0.11778177671176028
78444,0.20338797436264755
78455,-0.13283744470682246
78465,0.20350252962257936
78469,0.15850240771019392
78473,-0.09081878143232262
78506,-0.35547403017093415
78521,0.06080372307983121
78523,-0.12727875251589815
78541,-0.00497371198409622
78558,-0.0801309074143125
78560,0.07391020231194755
78581,-0.17157757451862382
78586,0.20504738476505668
78593,0.12505014120507996
78600,0.2671065517957312
78610,-0.10850624516979378
78618,-0.13648330799036767
78619,0.01811183409833387
78634,-0.0250547921548466
78651,0.01035393424588665
78653,0.05763350812814896
78656,0.03528911645411469
78658,-0.1541177416376958
78670,-0.08309361226761608
78688,-0.13644700606984553
78689,0.01065827670551587
78697,0.01232618684417514
78709,0.40380795245829426
78733,-0.19518032812389707
78749,-0.1078866279511412
78751,-0.14708695754194234
78752,-0.05985595619433338
78753,0.08362294236136814
78754,0.17881438138994488
78755,-0.29417583713883383
78757,0.17525559981944822
78767,0.10762736743586472
78771,0.3918402404399217
78772,0.22638069042242637
78777,-0.04753592173999858
78779,-0.36091000755346986
78781,-0.06472004477153469
78783,0.06242170215563136
78785,-0.3228681339172105
78787,0.14065579213580293
78795,-0.9094735895581636
78796,-0.13474920205578456
78797,-0.00253437011092148
78798,0.15529797146139945
78801,0.04564927612940035
78802,-0.2699011287262806
78803,-0.3007284179019772
78806,-0.11861376824577792
78808,0.11863003089231348
78809,0.26330281513259823
78816,0.01542957736242426
78825,-0.2120237671279459
78826,-0.18057707816045615
78829,0.08912828727365243
78830,-0.01720052668304582
78832,0.07803716722141012
78833,-0.06855767216646733
78834,-0.05601611040748512
78887,0.06431805972615753
78889,-0.23659447934533817
78890,-0.12965962032637396
78891,-0.00103461482578112
78892,0.5578683916925069
78893,0.20942061704081968
78894,0.08826346570741554
78895,-0.11722592425546068
78896,-0.999822304106914
78903,-0.13952996368321416
78906,0.10001209700079504
78908,-0.3786083149111096
78910,1.0372623095791094
78911,0.3149927462154387
78912,-0.03999283982264979
78913,0.28298718465199074
78914,-0.13696348527722296
78919,0.3180910029817984
78920,0.10545664921654184
78923,-0.8046126065111174
78925,-0.09749862032071588
78926,0.12227306022433113
78928,-0.00813755634440699
78929,-0.02985316656036566
78933,0.7766773094301676
78935,-0.1291977891117672
78937,-0.11843781359560676
78938,-0.19661784624169465
78943,0.23370230321786223
78977,0.5267690767885771
79043,-0.05808043599005846
79044,-0.01463868975967452
79059,-0.04926923021623945
79196,0.02932743554086804
79233,-0.4089524088831331
79235,0.31166232747027633
79263,0.14425954338378202
79264,-0.5537748527095251
79362,0.20653276027553016
79401,-0.5014451724744754
79455,0.4040930901423117
79456,0.02943353654786459
79464,0.04494793034020288
79554,-0.15073830365194882
79555,0.1873913683583322
79560,-0.09262813817304952
79565,0.0900232389825506
79566,-0.04348593315930068
80280,0.00480302484966037
80281,0.49182777565880154
80283,0.07115753680055081
80284,-0.02173430676013291
80285,-0.08406049585555063
80286,-0.25640100267751925
80287,-0.11543019804149866
80288,-0.0833606533105374
80289,0.09470882368247607
80290,-0.05474880604238728
80291,-0.10393300811461856
80292,0.3418377345444688
80294,-0.5278571105654298
80297,-0.06499588805159366
80334,-0.2413748902541255
80385,-0.03166392826381643
80509,-0.07221788220493659
80517,0.04881106360745607
80707,0.32971334679551
80708,-1.2701039605810998
80718,0.11495038823587768
80719,0.00915201128643393
80720,0.19940418647123553
80732,0.01224342951960368
80743,0.02558389279590008
80744,-0.09589481588380844
80748,-0.0225769266034763
80749,0.05036976588543288
80750,-0.06795060873946963
80751,-0.03586140819808578
80752,-0.00971079557872969
80794,-0.4081822902029346
80796,-0.02824457967644161
80837,0.22295309771161193
80838,-0.07941078653878755
80857,0.1625325337868657
80859,0.26589725458861135
80860,-0.3794017374248881
80861,-0.07025215650123368
80877,-0.14347925638848105
80879,0.1071539729162624
80880,-0.18811548454718743
80883,0.04337757463007812
80884,0.2562832434177298
80885,-0.35029609581581644
80886,0.1338123738916411
80888,-0.4622957416382446
80889,-0.3442072953794341
80890,-0.22574547795628647
80892,0.3332233943205172
80898,0.3073085587224498
80901,-0.10933349693468838
80902,-0.2680663903396333
80904,-0.0593184503255177
80905,0.363390255423192
80907,-0.1165963802448316
80908,0.15978931548736772
80909,0.01720111533981459
80910,0.6081576299300887
80911,0.05763550790360029
80912,0.06519375149114172
80913,0.07761300116905906
80914,-0.10253707885642618
80915,-0.1045737111829109
80976,0.05794789916391274
80979,0.3970708666974031
80981,0.24931550454921056
80982,-0.1416348472734648
80985,-0.02561389839866194
80986,0.25480003236888704
80987,-0.33911555909083285
81000,0.3193968339880783
81003,0.33599594320608606
81004,0.28376231581900285
81006,0.1942144736646844
81018,0.02467621881800504
81489,-0.01412903986079531
81500,0.03679788175804351
81535,-0.1892658196921381
81600,0.4506126858870747
81601,-0.02796461710011777
81630,-0.0722558048356657
81702,0.02828268869600368
81703,0.10675455898091137
81799,-0.3862668784226535
81840,0.3237155800340444
81845,-0.11694014056582208
81877,-0.24493635592654084
81879,0.08023415555603791
81896,0.02244205570868934
81897,0.11992925377936682
81898,-0.374589792428085
81904,0.4496117067823481
81905,0.7959378189298161
81906,-0.3509888857160856
81907,0.16206075910390208
81909,-0.08439114952259175
83379,-0.2251431616780936
83382,-0.1294411853019638
83383,0.2203800596563151
83395,-0.27777645120788286
83396,-0.23992411365598693
83397,-0.21392630645578264
83398,-0.19824507291890936
83408,-0.00273545036641642
83409,0.05657507367326302
83410,-0.03219648366932861
83428,0.06003748543381851
83429,-0.18633862563627637
83430,0.20123711453478313
83431,-0.09529315496224058
83433,0.1712564700221958
83434,-0.10972996279439148
83435,-0.2322637111939552
83436,0.06757143659391997
83453,0.06818101543871716
83456,-0.28371883953920074
83485,-0.06449613019078164
83486,-0.03795812740591596
83490,-0.15440569903193366
83493,-0.08663287998177685
83553,0.03370748110266138
83554,-0.37107374771360824
83555,-0.07375340517722308
83558,-0.45111791324597206
83560,-0.6002440422414731
83561,1.034795267937437
83602,0.03538934986970944
83603,-0.12670497821507817
83669,0.016411931443714
83671,0.01269674267513134
83672,0.1889380482909403
83674,0.15809175441382595
83675,-0.9980858336931636
83679,0.04035042581244542
83691,0.6080337673733541
83702,0.10448245023211102
83703,-0.1775141195402854
83704,-0.2811917003031572
83762,-0.23446941494968293
83766,-0.634432081828644
83767,-0.26425421747984157
83770,-0.5759499978552274
83771,0.316113795911635
83796,0.10874318203563682
83813,0.11443749146322812
83814,-0.30458167744105524
83815,-0.105460124883556
83922,-0.2648750880975632
83924,-0.14706531126717967
83925,0.3086616128922177
83945,0.00240860791637599
83946,-0.3725318749660347
83961,0.18341364838389332
83962,0.01260379005441451
83964,-0.10262170133463004
83965,-0.0068522003824212
83984,-0.1861213622779679
83993,-0.15758940944918554
83995,0.4729738433554853
83997,0.22498327047148145
84004,-0.12063467721364998
84035,-0.45323784769088293
84036,0.02492718792633001
84092,-0.5982684826830883
84094,-0.20724679501965365
84095,0.07339303295405229
84111,0.0480433699906177
84112,0.8166803744410878
84113,0.03581685814985139
84505,-0.22196852714096005
84544,-0.07058187502180384
84585,0.13549826561224543
84652,0.1079294197272978
84653,0.02069096982407289
84682,-0.11092059624823764
85030,-0.1820428107966401
85031,0.4867569955415943
85305,-0.04673423707047285
85308,-0.12379579542589415
89867,-0.3504795737107401
93671,0.4313695979814922
93672,0.1266997633212407
93677,0.24599136884760053
93679,0.18436296864144996
93681,-0.10392609058394932
93683,-0.4101757186863933
93685,-0.3718022739679081
93686,-0.983347921737972
93687,-0.02657620709223492
93688,0.26303098089826493
93689,-0.0762756629725529
93690,0.2316814572912675
93691,0.05636573526884109
93692,0.09237799091108448
93695,-0.5026586199290568
93696,-0.1857605311289384
93697,0.734140435938367
93703,0.46062337892954897
93707,0.46062337892954897
93708,0.46062337892954897
93711,0.46062337892954897
93716,0.46062337892954897
93717,0.46062337892954897
93721,0.20081064209131363
93723,0.46062337892954897
93724,0.46062337892954897
93726,-0.18326655595297997
93728,0.5217554546452826
93730,-0.2818013104197516
93732,-0.21321668327276153
93734,0.27688716881385167
93735,-0.06535355149589346
93736,-0.5903824466337569
93737,-0.05609302106514315
93739,0.04358147832748692
93742,-0.34018101249841926
93746,0.5101780846576115
93747,-0.16396890993191263
93757,-0.02341878523332397
93759,-0.01893348338453169
93760,-0.00318789955882115
93761,0.4732171643608628
93762,-0.0918405333314883
93790,-5.500147138782635e-4
93834,0.1302117564140776
93835,-0.18993681072617377
93836,-0.00623135746118012
93837,-0.4698432919096477
93838,-0.0848606992402014
93840,0.08517908615632631
93842,-0.04125295494032968
93843,-0.19470254634437936
93871,-0.02439476397113424
93872,-0.19183728579557272
93873,0.6464037166186074
93876,-0.2556788555491408
93881,0.5820322488746812
93884,0.6770500354877542
93886,0.3657231841857171
93887,-0.2720948175420082
93888,-0.2250351028112504
93889,0.1707335228190038
93890,0.6623950395379785
93891,0.4833466900357362
93893,0.21909932381072855
93896,0.9782465155910052
93897,-0.24043249031230723
93898,0.07049006762224591
93960,-0.3730131131418488
93961,0.18008869606887226
93966,-0.02033856763440066
94041,0.5630091715915614
94043,-0.143079310507271
94044,0.08953823346291433
94047,-0.01493413836792833
94061,-0.1409940456854016
94062,-0.12853749634682923
94063,-0.09764544384530512
94064,-0.17382607874374
94065,-0.07842677606299649
94066,-0.092919173041883
94067,-4.807052314441951e-4
94088,-0.04189514316899001
94089,-0.03857421290517195
94090,0.3602635190153356
94091,-0.11022138844355886
94092,-1.2996843300294796
94093,-0.09953634403171774
94109,0.2571905811113969
94111,0.07403570591036401
94112,-0.00256915817427812
94175,0.3770185623140122
94176,0.16087485654711553
94178,0.07910782894865043
94179,-0.10501861643843435
94180,-0.36110528223282434
94181,-0.02312950454262061
94184,-0.03563854683873901
94185,0.10349357729542316
94186,0.10280391770843192
94187,-0.4526675170424602
94190,0.44507142077611583
94191,-0.6666162364350164
94212,0.25456659010156407
94213,0.2537467906386002
94214,0.12494544920132857
94215,-0.15489677536900295
94216,0.6239017977407588
94218,0.03196670095148275
94219,0.15757710917321546
94220,-0.26015860393720336
94221,-0.14869697207079888
94222,0.02940682852590225
94223,0.13537315194311314
94226,0.16158418332769825
94227,0.3188518013289804
94229,0.5434818971237247
94230,0.18217253058170207
94242,0.17631156019591895
94244,-0.595368661771998
94245,-0.144253453860304
94246,-0.1973548574850594
94249,0.3223963410011016
94253,-0.07232769019984212
94254,-0.6197795594484272
94275,-0.6459126264990871
94279,-0.02302242431373979
94280,0.03698647713610317
94282,0.10968445049239572
94315,0.0808375510267961
94332,0.19835009013840477
94346,0.12242895101326548
94352,0.12620789673163146
96875,-0.2285785191446587
96935,-1.0218926764466487
96957,-0.24730016072641323
96979,-0.04000761060140206
97031,0.23738610166709645
97064,0.37811787066567704
97086,-0.00936384595796775
97130,-0.33161465159202996
97159,-0.10655468548319916
97165,-0.04013105635211896
97212,0.3673882656830083
97287,0.1354327733571678
97387,0.12245764000753952
97440,0.01182817473836243
97476,0.962335400904864
97484,-0.15409965132023215
97487,-0.2441032653731759
97541,-0.08523475639697108
97761,-0.1553903070727342
97820,0.0972058012772219
97827,0.07369406321750817
97863,-0.17598621697826466
97884,0.00796056301716986
97998,-0.2997983182472023
98053,0.00490982947587842
98170,-0.18562168913036917
98193,0.0302416785315712
98221,-0.1436211508740733
98238,-0.00801913914885574
98256,-0.01901970653341282
98258,-0.08317867310284134
98303,-0.6779646017735927
98314,0.5954472441946242
98363,0.04596504793731074
98365,-0.23906061290378053
98366,0.0394535141638179
98376,-0.7284455064132547
98386,0.023583718156009702
98388,0.2014706206654282
98396,-0.321088105919203
98403,-0.19478120064176824
98404,0.0488619585046726
98415,0.25193822837723195
98417,-0.00358304586180698
98432,-0.20400566499989808
98488,-0.04272372847018967
98496,0.2958876346645541
98558,0.01647870732980859
98660,0.14122601741724777
98682,0.22722541263515067
98685,0.00701258597546507
98710,-0.12724803430190906
98711,0.31803322403535883
98732,0.17264945125406225
98733,-0.521115253943706
98741,-0.3925160682195514
98752,-0.20409085347376144
98758,0.03654032395363775
98828,0.07561480801873262
98845,-1.225659243753157
98878,0.20230842513338407
98910,-0.17676230998015768
98932,0.13802245328554652
98952,0.01672838308643628
98956,0.12312157320001464
98970,0.03192422161008673
98999,0.07811982478741797
99003,-0.21595827791761765
99010,-0.6329025844030549
99011,-0.0657555993280405
99031,0.22217062826134631
99035,0.1907869127083805
99045,-0.05987332158093324
99100,-0.4778213835882581
99138,0.00176408002259288
99151,0.179235689063077
99152,-0.00385033350893074
99167,0.534413901768755
99237,0.09361824524466372
99296,0.04976196068905611
99311,-0.00199443538619981
99326,-0.04571670557445284
99334,-0.09793322974723428
99349,-0.12783085440955927
99371,-0.14807832592673847
99375,0.13407314701910414
99377,-0.02808305949671544
99382,0.01107092026524817
99412,0.0495897766185289
99439,-0.12191562949690211
99470,0.2156788522322801
99480,-0.0677701174141193
99512,-0.3802604524758795
99526,0.17123316727656898
99543,-0.3039452079632775
99571,-0.2646002318172634
99586,0.1766217133447367
99633,0.2458646490181554
99650,-0.07175473532726842
99662,0.4126637526134235
99681,-0.01793836191464695
99683,0.06284767420747843
99712,0.00194780248604215
99738,-0.5461386568124276
99887,0.3868523490866632
99889,-0.08512322139933506
99890,-0.4595322020497909
99899,0.00100366222339617
99929,-0.0263876621028086
99982,0.05706009324104821
100017,0.1345044994674261
100019,0.46340355119411353
100061,0.02918862839952817
100072,-0.12279027999748827
100087,-0.2053705988239992
100088,-0.08518882692676252
100102,0.18440211374920484
100121,0.08059921036361677
100129,0.4690294675356206
100155,-0.47955077982388966
100163,0.15384575962296754
100169,-0.11993087488277526
100177,-0.20907350689745943
100198,0.1385861530271029
100201,0.09397627208327902
100206,-0.07222661033108735
100210,0.0799917522552993
100213,-0.012923840850895
100226,-0.31321015175538286
100273,-0.04544867714986107
100317,-0.13712322250063877
100336,-0.13834029594504832
100340,0.6819853620600866
100342,0.16492744644838145
100383,0.02422696468398826
100434,0.3014069949172218
100465,-0.26607273600922243
100494,-0.1659063220428474
100515,0.17806146339220977
100532,-0.06969154861908798
100561,-0.11510055878830044
100604,0.40477552533755057
100608,0.05115617284050546
100609,0.0631634189001341
100637,-0.456646947481589
100647,0.8265184573766946
100678,-0.12764366040756653
100683,-0.06489833402978612
100689,-0.3040692355180088
100705,0.09736234074224225
100710,-0.20571025536608675
100715,-0.08507211122377131
100727,0.2430250809212342
100732,-0.00241722463506648
100737,0.04620263638938699
100756,-0.06048014328318213
100763,-0.1151884829466832
100764,0.4275655097965146
100855,-0.0312736930869823
100900,0.02248464122757433
100910,0.01016968711401207
100929,-0.12427809147794763
100952,-0.17576721317124985
100972,-0.18364164969617583
100978,-0.17426275928522098
100986,0.09352590743822764
101023,-0.18231113259869228
101095,-0.03935334411043317
101100,0.01183124487994322
101113,-0.12179961932200006
101118,-0.528619593235467
101122,-0.08450360050375912
101142,-0.07194889335215379
101148,0.01221760489547486
101185,-0.3182663247291111
101187,-0.7889112974160158
101202,-0.02398271619616577
101206,-0.15012402662243
101214,-0.22586446777304245
101240,-0.08221115613023872
101314,0.1013339133542684
101320,-0.201290954210879
101359,-0.11525992478255348
101401,-0.15711567556675854
101437,0.01008756043529774
101471,0.01445335677389313
101476,-0.06937742134037717
101488,0.30180749539195
101489,-0.00911164992445721
101490,0.05593096129043176
101497,-0.01151312590264648
101502,0.07970447165530829
101513,0.07627390873273168
101533,-0.04552389652845442
101540,0.06873461530755887
101543,-0.09205840973921058
101544,0.08346087759572204
101565,-0.5964980570144487
101568,2.161497463462128e-4
101592,-0.09938216842803596
101602,-0.21632980620875075
101612,0.01720370511355675
101613,0.07302100103185369
101631,-0.12748968983121256
101685,0.08857432732553425
101700,-0.2106916205560184
101706,0.10408508796477448
101739,-0.00373996995735687
101772,-1.089816043240085
101809,-0.3463487886390789
101831,-0.4853040378470946
101861,-0.04298252428769734
101867,-0.217013532960163
101869,0.01352353402887296
101883,-0.00436768345077798
101943,-0.02429323299947734
101985,0.02678019078948668
101994,-0.3896632295307334
102032,-0.03311994080905283
102058,-0.2478179252858843
102060,-0.00830773976359353
102075,0.6207399664238223
102093,-0.11833573407199233
102098,0.13902470671303382
102103,0.30375730566168624
102122,0.09264347664250304
102124,0.2322959863638724
102141,-0.2021926785786351
102182,-0.05583226468420707
102193,-0.03953362731352684
102209,-0.08172778339206452
102247,-0.02613515343743843
102278,0.1454780041902177
102294,0.2368085157759191
102323,-0.12175768789759488
102334,-0.1712080956768087
102339,0.06814064301829909
102371,0.21482625293759888
102414,-0.0084236606834178
102423,-0.21883331174879095
102436,0.11548753590016522
102442,-0.04539728455770976
102462,-0.11185506083022724
102502,0.4373119295006107
102545,-0.04238922218915839
102566,-0.24844973630517264
102570,-0.09138535098723216
102580,0.25018672859997954
102595,0.07231585226825715
102607,-0.3398624844505639
102614,0.13521454538127106
102626,-0.1318132890028228
102632,0.01769208378977905
102644,-0.17493408005552627
102680,-0.01261574959478012
102693,-0.7920440865749826
102747,0.24352794092877209
102774,0.0574424703084476
102791,-0.14795507002959923
102857,-0.3561246965649556
102866,0.0456439876509782
102871,-0.32096175579050773
102920,-0.01237058295651537
103080,0.03761088235092762
103098,0.8545491199844607
103135,0.06583713690738877
103136,0.04657598217364005
103149,-0.09800255627220364
103161,-0.0251042148268621
103172,0.00983355831031201
103199,-0.05912325216969846
103213,-0.10276175211344676
103236,0.02686813328011916
103266,-0.12992479674049154
103268,-0.34966187316482683
103284,-0.06101096615254912
103406,-0.4302403011976514
103425,-0.06137276768867627
103466,-0.20850335932308475
103468,-0.06908162670582017
103511,0.17083097598300223
103534,0.31129707803150686
103537,-0.04031931616570923
103551,-0.02373407310171457
103554,0.3284593094995042
103573,-0.20516581242214177
103583,0.02952581786537907
103655,-1.0899724820194223
103677,-0.01259259551885142
103694,-0.02243683374441017
103710,-0.02500510655652942
103711,0.06157925237096604
103724,-0.14562766963749296
103733,0.05788366766964077
103737,-0.1872974563443487
103742,0.05029642389424919
103743,-0.3798652460812943
103765,-0.15192638103774872
103768,0.07715379421713829
103775,-0.5206461935586915
103806,-0.02903552705298545
103836,-0.05147107748271534
103841,0.1882875365264979
103844,0.7648478818857025
103850,0.08652044379922204
103889,0.2346879583553692
103963,-0.01254948168053901
103967,0.6588376228542905
103968,0.4344341674595631
103978,0.4315207282165095
103988,-0.27342605475009807
104001,0.05763797094797929
104009,0.17994589404684275
104010,0.17329118274800442
104015,-0.03046225692111395
104027,-0.31951512188174985
104069,-0.01536315620498904
104079,0.26663578331211735
104080,0.05778474092201829
104082,-0.03127231600276219
104086,-0.15521411627765916
104099,0.3844348990321461
104110,0.09014720040481047
104111,-0.08511157417373205
104112,0.03992497883557038
104130,-0.04139415046524277
104156,-0.13901475366015453
104174,-0.02878858229728079
104175,-0.24619328286074876
104215,-0.04678649789701826
104245,-0.12084382572797508
104248,0.149366813019345
104252,0.01892796099423404
104263,-0.20619752245812897
104271,0.1205479054762638
104303,-0.07578822981846696
104318,-0.04700608759099763
104346,-0.0607543349674633
104360,0.0816301451638757
104382,-0.215655472250454
104383,0.10948332625089272
104394,-0.2826826164244061
104401,-0.07403465005765308
104416,-0.11564749482017588
104418,0.0879150293665441
104443,-0.17793752812756555
104444,0.03218325498400087
104445,0.13036572567935362
104458,0.20212205872261585
104479,0.00574498695134081
104570,-0.07725939680776785
104582,0.35780786983835805
104601,-0.04142804442604742
104625,0.02819834201084428
104681,0.07741113302302571
104709,-0.02846936839415646
104718,-0.0352690334786076
104721,-0.03316439591092017
104725,-0.1381095562303139
104732,0.7293927222692211
104759,0.01802486262628304
104771,-0.0662234745648273
104776,0.12378534639959296
104799,0.09240538714989652
104806,0.12236014035231454
104816,0.21260776803129855
104831,0.12246974293897628
104836,0.17433469462865434
104859,0.2313521572072548
104871,-0.14046809595584248
104884,-0.01989847513504028
104885,-0.09087612630242828
104910,0.26684349184101175
104923,0.16807823491231946
104943,0.15062563179424365
105000,-0.24741543048555364
105005,-0.6828611497923761
105014,-0.23854008054933704
105083,-0.09784128444040208
105148,1.808009440672775e-4
105171,0.0132637193851878
105193,-0.3061464874284918
105203,-0.18584634974213704
105239,-0.1998768573348268
105243,0.9210550693562514
105245,0.01943259047613195
105278,-0.17423882976299837
105298,-0.34549205981228875
105348,0.01332196119039982
105349,-0.04287749051150125
105351,-0.17810691242125792
105352,-0.04959794561550711
105355,-0.03231917460320024
105372,-0.4639984296235894
105377,0.1885177432727934
105428,-0.28916598419406825
105439,-0.22372268719977453
105440,0.03176534199540819
105445,0.26750653648128975
105446,-0.01029458006213377
105450,0.1504811578066663
105501,0.13630124277352246
105504,0.00664748167833018
105511,0.5209297438393596
105513,0.03576109709443521
105522,0.11978972625164022
105559,0.18241377108531032
105638,0.1176714708648934
105653,-0.16782246209849905
105663,-0.01219591993474888
105670,-0.0143403342177293
105675,0.2689326574574842
105689,0.12684046057233783
105722,0.14697728418656392
105727,-0.03004507076695088
105732,-0.4906244875205913
105782,-0.07159187093197561
105785,-0.3953963781878045
105787,0.04260842939816415
105833,0.30674250494512323
105835,-0.01479972147398852
105837,-0.16224015166947767
105844,0.18201121515362795
105847,0.02356464819225366
105853,-0.8186619054458559
105855,0.05423033538641687
105859,0.4615309403594058
105866,-0.7342528809150307
105988,0.12313947809757328
106014,-0.706469318221943
106021,-0.13434462292678653
106025,-0.06179082511624712
106042,0.24254523492442345
106052,-0.01621726554145791
106064,0.3034117808736106
106068,-0.19569638355158123
106073,-0.01221920900727033
106143,-0.09849649235017696
106200,-0.06938616686566206
106248,-0.6730919996538773
106298,-0.06153751656673752
106326,0.02197601428220601
106338,-0.00126625348195902
106344,-0.1205677894609686
106347,-0.25942679987781125
106369,-0.05137645392091622
106389,0.16011530519733458
106393,-0.46705590909735745
106407,-0.2500903393866693
106489,-0.21079391280677728
106504,0.04656292186261358
106512,-0.06567595119778831
106522,-0.27277619174469386
106529,0.01266456687976339
106564,-0.17642999996695002
106565,0.0804406181888232
106572,0.2120226753322316
106581,0.07087531313157985
106582,-0.10579348735930667
106583,-0.09002486563585556
106585,0.12169944101802568
106618,-9.70153993113898e-4
106628,-0.08005445968411097
106633,0.12225049121510977
106639,-0.14996424203311426
106707,-0.03559431137323708
106722,0.3645083575936604
106757,-0.16841563382202893
106759,-0.00206514456900561
106763,0.4323870683702348
106766,0.22112554944831253
106794,-0.3298006025961297
106821,-0.06226335958479236
106840,-0.16672747472213906
106861,0.4959773664810201
106877,0.32569829562816816
106878,0.03734641867238746
106894,-0.07561793429815004
106931,-0.03091267742601541
106947,-0.05415660168033418
106952,0.07261209200813239
106957,0.06891825088568974
107022,-0.15850718320056123
107029,0.04320033122177787
107045,0.08617189428726928
107047,-0.2339572785659001
107065,-0.5259354619363423
107071,-0.0939231199828103
107094,-0.00519960691091309
107146,-0.3897351832324364
107173,0.01143326876105172
107182,0.02692652288945898
107197,-0.0491651072270752
107221,-0.417080975663248
107227,-0.02243314693299945
107239,-0.03811501492249326
107250,0.1320586419865448
107260,0.0183880455144639
107271,-0.0264025753529261
107272,-0.11257295436353906
107305,-0.18387586975949757
107321,-0.12003364213037528
107328,-0.01137458801078164
107338,0.16793685451455057
107351,-0.8232672509034591
107358,0.02822537670398317
107368,-0.08707832642427375
107371,0.1396522367572713
107373,0.04051269662163893
107375,-0.0976588971512114
107392,0.02725560369048894
107435,-0.17781771236092753
107448,0.43430923952104994
107449,-0.4443775249161126
107476,0.11738394672425131
107477,0.12148311846510317
107503,0.05229636214655044
107508,-0.11117955624024888
107513,0.02072331665275238
107515,0.6705781487742439
107522,0.22632340481902147
107526,-0.04021194586946783
107527,0.30439190711193886
107528,0.07049601094386937
107566,0.11174166341223152
107568,-0.13837328247087166
107569,0.1196233613007697
107581,-0.4150533648006944
107585,-0.05736950209507911
107586,-0.07174525886813087
107587,-0.05661367936594952
107589,0.4549022467109865
107607,0.00195826180244803
107650,0.2843444870445724
107652,0.00832110196127305
107656,-0.42354755186395454
107684,0.16305946937355245
107686,0.00377778544638996
107701,0.07936394928955542
107702,-0.01437761077560208
107723,-0.10926692420952676
107732,0.07046857128323714
107733,-0.04123701816449837
107746,-0.0912676315287132
107747,0.3191888867097064
107753,-0.18569488659606745
107765,-0.00178460269398224
107766,-0.08777417137329802
107767,0.4275605552994846
107769,0.01560260454978155
107770,-0.22687545112353563
107815,0.3902796115855967
107817,-0.1426095793824565
107823,0.6538934466219289
107829,0.03129525996338086
107831,-0.24457680950694427
107868,-0.169715699136398
107869,0.8874110586464519
107895,0.14540943022315675
107932,0.1184837933430444
107934,-0.19388019427499695
107951,-0.0631626358891656
107971,0.14850910969773648
107975,8.0400480758374e-4
107976,0.02868441935134796
107986,-0.2176958159994175
107995,-0.0013056058230879
107999,-0.0846188946941171
108000,-0.00125244062973718
108011,-0.03935014654409295
108012,0.16116946502295695
108013,0.10631299013342466
108014,-0.0561025585227159
108015,-0.5705384392025725
108017,0.00236880257494702
108030,0.33220810319035177
108043,-0.12193683842740312
108052,0.01323214979789968
108058,0.10213407621591712
108062,0.29112008254469424
108067,-0.2037992139210297
108068,0.2320031534731536
108069,0.2509832644903527
108071,0.2843863778990041
108072,0.14282009853187816
108073,-0.5580811980900698
108075,0.10435724658794968
108077,0.08339364479421747
108078,-0.39133570221308184
108079,0.826332707817151
108083,-0.0138303565517992
108086,-0.07041993231454345
108089,0.06646650153028755
108096,-0.32196624231683474
108097,0.24682134102178332
108098,0.03246754742440917
108099,0.0667629375970725
108100,0.3153687736997046
108101,0.27875879177658247
108105,-0.1210657222256722
108112,0.1967403507387212
108114,0.6290051485288994
108115,-0.4561775723690705
108116,0.07830500452928317
108121,-0.09976765594016744
108123,0.10067024874856229
108124,0.03426960134683489
108138,-0.12128998088344768
108143,-0.20478967480791427
108147,0.05134690396852112
108148,0.07351578566677314
108150,0.050452390817465
108151,-0.359328040740181
108153,0.11376185823965047
108154,0.18097632121277304
108155,0.07993041710486197
108156,-0.08548246832640982
108160,-0.01726748506103029
108161,-0.27837628093275074
108645,-0.09846358981662146
108652,-0.04447521387313698
108653,0.43600073458895217
108654,0.12048608403258965
108655,0.02610917327061056
108657,0.02542627515891354
108660,0.0304162104743377
108664,-0.14921320407700256
108671,-0.07161922019764705
108672,-0.09124061662380012
108673,-0.00449760026305498
108682,-0.03803810107827148
108686,0.0907747483216017
108687,-0.28509605890889406
108689,0.00496307946369774
108699,0.14802407764921816
108705,0.11352342950537904
108707,-0.08131485775688833
108723,0.03077581517286071
108735,0.00756443980000561
108737,0.06828534819172505
108755,-0.09654516527003026
108760,-0.38730483954388817
108767,-0.05940371986232142
108797,-0.6683782616295791
108800,0.6264780460604162
108803,-0.316361376112282
108811,-0.1510683084217532
108812,0.7500248722675709
108829,-0.02999631613846812
108832,0.02120530286631277
108837,0.00286196899603713
108841,-0.7793580011986906
108853,-0.22317449098839867
108897,0.18332497218080568
108900,-0.16341916008941235
108903,0.04213568865020063
108907,0.09924390783945332
108909,0.09197886490272598
108911,-0.01524102738406342
108912,-0.01766727684081353
108927,0.3394513542938191
108934,0.03858282693482028
108937,0.08302067994659722
108943,-0.38047841710497343
108946,-0.1192409230260284
108954,-0.03277458028642739
108958,-0.12237169994057724
108960,-0.02884671655964629
108961,0.09100094520560756
108989,-0.2829454527016789
108995,-0.02643298794210606
109006,-0.04150333727560618
109019,-0.35591562982306413
109032,-0.10683010108011153
109042,-0.6924761727808283
109050,-0.43767097897198465
109052,0.3452491520740346
109054,-0.4972227772818507
109065,-0.28040919515343565
109075,-0.04270685265463785
109077,0.00598408188315642
109079,-0.4337848769413082
109093,-0.09664144002032472
109095,-0.31987264291568535
109108,-0.08915010550010788
109113,-0.08027150376552318
109115,0.12905234917403288
109129,-0.1090546043219532
109135,-0.2018971979439334
109136,-0.1319348794279164
109145,-0.11220049388632304
109151,0.14720913782254808
109154,-0.1581823679628212
109161,0.09853343992984762
109168,-0.1546657871625012
109181,0.1998391997319953
109205,0.04367025563354243
109212,-0.5972809714971863
109218,0.2842399970338464
109222,0.13746420432243417
109225,0.15772146099012108
109229,-0.15026800817164826
109232,-0.02060627526350938
109242,0.22124501518526316
109245,0.11047908546164432
109246,-0.05678550100646075
109254,0.181705093190982
109263,0.04399809867598187
109264,-0.09038705145976458
109267,0.03072408970214253
109270,-0.08820030558391793
109272,-0.23575856338822773
109275,0.00780737797047393
109284,0.4112940152081898
109294,-0.6473100524632117
109305,0.20891892262385248
109314,-0.15534307074956993
109323,0.14924308641174291
109331,0.10350961675051858
109332,0.23339570209188132
109333,0.14091360122121394
109342,-0.08798371769149287
109346,-0.15462900781240652
109349,0.13130173316040947
109359,-0.0237078545007248
109552,-0.01329310618220428
109575,-0.01567849644634941
109593,0.6496632104283877
109594,-0.1512992891263682
109620,0.1843382455786884
109637,-0.06189605928565676
109648,0.07235327923998061
109658,0.09966770087489162
109660,0.1551296773404501
109672,0.01081221090094008
109674,-0.02703147316770827
109685,0.124431176332363
109689,0.22512783755559773
109697,-0.4080674303223106
109700,-0.3784154960676208
109731,0.16763267777128846
109754,0.07711868527048374
109778,0.1042060175094162
109785,0.00754197821851306
109791,-0.2700160357384779
109815,0.01673538081594033
109820,0.10477705448294856
109821,-0.0906329082212316
109828,-0.22707794087747665
109857,0.27963642024414787
109880,0.11808379942377448
109889,0.05744670155614266
109900,0.06923427054902251
109901,-0.3721092295499705
109904,-1.6664950827968554
109910,-0.0956581194185248
109929,-0.00568173563096141
109934,-0.18822025068762815
109978,0.05112505547342326
109979,0.2984433331268994
110006,0.0506137023773817
110012,0.23725399237195496
110033,-0.2949056788459199
110058,-0.38242161621857657
110074,-0.17671856321371762
110075,0.974739607745013
110078,0.2570735236647425
110082,-0.981557730993366
110083,0.6881982918801641
110084,0.13345165933964892
110094,0.02042332995148724
110095,0.14546374497990797
110109,-0.01976504346880732
110115,0.2994400425316849
110119,-0.11295227432545828
110135,0.1840257914291607
110147,-0.01357890538566898
110157,-0.1156490672245956
110168,-0.11570921474849288
110172,0.14611375657533926
110173,0.04468736280117285
110175,-0.13495238738950388
110196,0.113974330876599
110197,0.14864056020351862
110198,-0.03377819554416297
110208,-0.02223209861716762
110213,0.11202012720497204
110253,-0.01803627502047872
110265,0.03656418127575592
110279,0.17003067201785088
110304,-0.13337001229780326
110308,-0.11150489619418737
110310,-0.3626092706428204
110312,-0.13460822475257694
110323,-0.10564379963083416
110326,0.7080203581193114
110350,-0.5427785104433709
110351,-0.05651525019409927
110355,-0.08388369997800631
110379,0.01373581774673066
110380,0.2611117871342303
110382,0.12287983104901072
110385,-0.18664782920415743
110391,-0.06130577982300975
110417,-0.5237514035042892
110446,-0.03430513201364093
110521,0.33227458158923695
110524,-0.1816872149481839
110532,0.3182499337882817
110542,-0.4143504742116368
110593,0.01977733580377892
110595,-0.5077495791082562
110596,-0.018326088792156
110606,-0.12459364970461716
110611,0.21496643393506565
110616,0.5064998740120895
110637,0.12730550127564028
110639,-0.38238884346612856
110648,-0.7965873534246051
110651,0.05212575710348813
110695,-0.15860337022710935
110749,-0.04550524095936698
110750,-0.00268150257858352
110751,-0.35688655946672554
110784,-0.9598198913183038
110789,-0.06108959578976732
110794,-0.2966844680544387
110796,-0.04748492114785265
110805,0.22846404622504168
110809,0.08917968926878991
110816,-0.01583544155736708
110821,-0.14256230345644952
110826,-0.02615215601971975
110829,0.14293456557929146
110834,0.23422144749546153
110835,0.10592780925607218
110842,0.00259781439172656
110854,-0.05296459690355232
110855,0.48500026841737953
110862,-0.19507713379444325
110876,-0.05788925702623969
110877,-0.1442108062271758
110880,-0.05742544657994758
110886,0.1954790910555682
110891,-0.4982389588445247
110893,0.0922261966138224
110895,0.7232550329054092
110902,-0.21895578649911548
110911,0.23153548753039987
110920,0.13093362107063075
110935,0.0574410483494544
110948,0.4565595912401911
110957,-0.1800368835327504
110958,0.01578513933298792
110960,-0.11353786818734388
110962,-0.02645595547758126
111173,0.11618999563979208
111174,-0.2993499805392748
111175,0.09210356949564082
111241,-0.03645161007268627
112403,-0.04888762212683868
112406,-0.05800603751771731
112407,-0.3832665323872852
112418,-0.1563575113032404
113868,-0.00823604375114033
114128,0.12118698861928452
114141,-0.3252698172403983
114142,-0.0399131454427017
114143,0.07120069942920758
114229,0.3037707688882063
114230,-0.24109596577814568
114249,-0.5647914934908286
114255,-0.6582065532370116
114301,0.34421492587623326
114304,-0.3267504967812687
114332,0.7039669990967545
114565,0.11529663067442723
114566,0.12669351906501436
114570,0.05077839717561171
114584,0.01304045958473042
114585,-0.01064707057374339
114601,0.05334504501613611
114602,0.11947526802253276
114604,0.4225563834280499
114606,0.03504094079531793
114615,0.02529946823570162
114640,-0.4120261792455648
114641,-0.14941865637210244
114642,-0.12343556824864972
114644,0.3039462590816303
114652,-0.10838913194364072
114654,0.19167605641346636
114663,-0.07210725583378312
114664,-0.11455490314320312
114674,-0.05868704588255769
114712,0.16208783752922096
114713,-0.1495830161181067
114714,-0.15387052587668573
114715,0.05862871620057354
114716,0.3619343916587759
114741,0.3169844227485231
114774,-0.3914827446901212
114863,-0.15268481262083536
114873,0.10947323905806793
114874,-0.04027955676608338
114875,0.3709678937178391
114886,-1.336665136582446
114889,0.02935513806536002
114893,0.10386723165837353
116701,0.213569039045435
116731,-0.12374016045525602
116732,0.2277549725156931
116748,-0.03151609908530864
116810,1.4467862603340498
116838,0.14189332334741378
116847,0.7921811078235321
116848,0.13305610507886184
116870,-0.14589826032084774
116871,0.11325707944877211
116872,-0.22803342851503683
116873,0.0249488169606431
116891,-0.08979528741957658
116904,0.8092675712623307
116905,-0.0824481071666579
116914,-0.849351068881616
116939,-0.2986109631311639
116940,-0.07050349088408829
116972,0.11395417688965924
117004,-0.03840009123602766
117109,-0.0455675184731444
117146,0.2011583058196646
117147,0.06683805072702093
117148,0.01537893624990159
117149,0.12533390687238458
117150,-0.01710317367909091
117158,-0.4364750041371009
117160,0.1074098667232804
117167,0.2454509795480253
117171,-0.04870242755867661
117197,-0.12358538580281198
117198,-0.01724843272543272
117229,-0.09183295110305792
117586,0.06638241220862372
117589,0.27349854505259685
117591,-0.09515287165183511
117599,-0.03440163501605045
117600,-0.10798374930371264
117606,-0.24751012940892583
118445,0.15971797509422414
118446,-0.029593758120033
118449,0.4586335240217561
118451,0.05796395024477219
118453,1.0995889456228296
118454,-0.1645836932835475
121021,-0.4891621247256264
121022,-0.10910980585234832
140474,1.0562057631387345
140475,0.08061552275793649
140476,0.2458795878568729
140477,0.6332223497657461
140481,-0.13534346861323526
140482,-0.23790742828805928
140483,-0.08413518847526169
140484,-0.01533439629429716
140486,0.07129365719594431
140488,-0.26229883169988244
140489,-0.00212902100479024
140491,0.642508021515977
140492,-0.02836248975558352
140493,0.16721479407362402
140494,0.24079640858506468
140498,-0.18307749990691863
140499,-0.06692162012640171
140500,0.1270466691406155
140546,-0.3325669284616154
140557,-1.2480913239937554
140559,-0.04100960341971002
140570,0.02752716633904021
140571,0.2220646517065668
140577,0.20978980503632072
140579,0.01961574837707199
140580,0.1119244558248658
140629,-0.0693993637483422
140630,0.18906305964539785
140703,-0.1291320115591714
140709,-0.7180628488393819
140721,-0.2126141446834093
140723,0.22399469118047488
140740,-0.10606433479674848
140741,0.08359444738912736
140742,0.00748564262796706
140765,-0.21710362267515504
140780,0.3147920191713285
140781,-0.5829438887078054
140792,-0.2809721999182853
140795,-0.7179284367387242
140806,0.2772031851008342
140810,0.11273315343009777
140858,-0.13046719765301928
140859,-0.18122801756113072
140887,0.05736135207729439
140904,0.07605238679515255
140917,-0.5730595164358483
140919,0.11986470610208794
142681,-0.23484990559207256
142682,0.4444516550524321
142687,-0.08432973980071926
142688,-0.3081640551864322
142980,0.4705411935856223
170439,0.2002766311193673
170441,-0.42656388444192006
170442,0.5749952886444973
170458,0.20912563257186476
170459,0.05046794570776288
170460,-0.19212387127647051
170461,0.2753945398028651
170472,0.06667677325827268
170483,-0.3913547245240534
170484,0.10949766869600214
170571,0.9543665889047606
170574,0.12796793810046186
170625,0.04661523296952408
170638,-0.0614875799845072
170639,0.3713221073836499
170643,0.1858729853372853
170644,0.03113384823793317
170654,0.09291752013936448
170676,0.4112225480883847
170677,-0.3914131416552309
170706,0.15569279893054103
170707,-0.1048474352341434
170711,-0.3206333777444404
170716,-0.01750856010816745
170718,-0.11112498779052912
170719,-0.10656556278177076
170720,-0.38187190755350153
170721,-0.4554392781031945
170725,-0.14473862286964723
170728,0.45482134176573874
170729,-0.06868220060901017
170731,-0.01609515740803442
170734,0.5201676126117872
170735,0.6018348929973074
170736,0.44291395399074673
170737,-0.09136273333584592
170738,-0.10072231276714733
170740,0.04621766865762988
170742,-0.01037629358685813
170743,-0.07979948968101315
170744,0.7355384772242931
170745,0.3450913499704632
170748,-0.25205757965947084
170749,0.10410271651717352
170750,0.08946727233395338
170752,-0.06873105161937264
170753,0.5546883165470478
170756,-0.8084624265504823
170758,0.06311093876517974
170759,0.01275441940311273
170760,0.02449488477773367
170761,0.11604888512934385
170762,-0.20132112222906548
170765,0.7472839317327666
170767,-0.02194461337646175
170768,0.113748406671226
170771,0.23834308012568825
170772,0.04232918887783901
170779,-0.03269052903761789
170780,-0.11875238957697362
170787,-0.04072297790074756
170788,0.5149285480050154
170789,-0.17932132991302713
170790,-0.24904091233720363
170791,-0.08895738034660855
170799,-0.585125701329812
170813,0.13331806750338798
170822,-0.07845686189132633
170823,-0.1877991374676899
170826,-0.6388182700105047
170828,0.3043656374446586
170829,0.04677754024721056
170833,0.004382178965561
170835,-0.5339934948159791
170935,-0.4064883413842111
170947,0.05639700169883778
170952,-0.3990985914052171
171095,-0.3236615439841104
171166,-0.5058049861806309
171167,-0.11635358455322044
171168,-0.19822260550995363
171170,-0.0384883222789209
171171,0.30297671323482367
171180,0.38236882637649927
171207,0.03826998385112705
171209,-0.05091661908878342
171210,-0.09062578757826842
171211,0.1670447240869357
171212,-0.00983394133549181
171234,0.4726137321147517
171281,0.03169675824316116
171282,-0.7449844609306597
171283,0.16962933588083218
171285,0.17059944149957956
171286,-0.2831704744312594
171382,0.19314241597555615
171388,-0.15806061974465144
171395,0.59147370507953
171463,-0.1454658282740421
171469,0.20128353336905036
171486,0.0910859263403468
171504,0.2258675035135395
171506,0.08052479920702242
171508,-0.2366727978512367
171530,0.2616051415215806
171531,0.8826318816141505
171543,-0.11519064298692697
171567,-0.21819554600202884
171580,0.05246872158983174
191578,-0.08603087576374774
192113,-0.8988513670853093
192119,0.17511447845521427
192120,0.07760352294666623
192136,0.17037022703807064
192140,0.20014752682535125
192156,0.11826635606465646
192157,0.07630928485360493
192159,0.00668554249636152
192160,-0.01685216431288599
192161,0.13770573969865518
192164,-0.16760751302552293
192166,-0.14438318989808818
192167,-0.01747166517930266
192169,-0.03846773953400937
192170,-0.1403881569715773
192173,-0.02256622319450745
192174,-0.05891372431109595
192176,0.13079616290616117
192185,-0.0683950499454515
192187,0.24393486626717817
192188,-0.23859133886255965
192190,-0.08108184752300138
192192,0.05396492470525207
192195,-0.07009231634932854
192197,0.27019364810394503
192198,-0.2451277253148545
192199,0.32391883359385953
192212,-0.09238568560216497
192231,-0.01281064586814643
192232,0.12490420814897098
192236,-0.02222568540318102
192285,-0.05586353680117292
192287,0.03653794936670289
192292,-0.04508526953698114
192650,0.3992526984009883
192651,-0.13581640602420733
192652,-0.00795222986658617
192653,0.3328972033224318
192654,0.3059273060216371
192656,0.3442148133009579
192657,0.2915291598721155
192662,0.09234271784914516
192663,-0.06609402160959323
192734,0.05656000448428272
192775,-0.39550538008472014
192786,0.04372422916068642
192897,0.5218558162670912
192950,0.06193362328564207
192970,0.11710837331149898
192976,-0.10177118482882784
192986,0.0123511879389119
193003,-0.2378941973579347
193034,-0.41374044641379104
193043,-0.17037260249441014
193116,0.03381729967625011
193385,0.08365831356076964
193452,0.2159265500024977
193670,-0.05371078649906115
193736,-0.15290060812672895
193742,-0.30212409104084836
193796,0.02967869613595913
193813,-0.06726466766982488
194126,0.15475393133572526
194219,-0.04816607305670872
194231,0.6455289970900373
194237,0.1580623770514664
194309,-0.07064073016917694
194352,0.7757633619721827
194388,-0.08609193366967477
194401,0.18773297071969067
194590,-0.3243354728829335
194597,0.3386225132812135
194655,0.5535979175398833
194744,0.08251473414642427
194908,0.01843221012103849
194952,-0.4306265115968311
194974,0.16521057002172287
195018,-0.1185939348518004
195040,-0.01026978818850329
195208,-0.04645626526066389
195209,-0.9491334890406148
195236,0.154213200858554
195333,-0.30597567580508517
195359,-0.01309437064442281
195522,0.02783294807460921
195646,-0.48699305823457206
195727,-0.36212577049494576
195733,0.7456581006514291
207151,0.05784024899627363
207165,0.05791094453188442
207181,0.06603687765726073
207182,0.11018460181605196
207209,0.313815918653454
207212,0.12964174315268878
207214,-0.07504586974396063
207215,0.17738687761371874
207227,0.00186294156683104
207259,-0.16125403881821743
207278,0.11434087510697774
207304,0.0729471565657121
207352,0.078185317748079
207375,0.21377433793351935
207393,0.08454943217311606
207425,-0.02006012543859867
207495,-0.25794555372841443
207521,-0.1303578344265231
207565,-0.01885297896209759
207592,0.26043814522603986
207596,-0.671702325566573
207607,0.12847380031915942
207615,-0.22395145768798105
207683,0.7673656169980537
207686,0.02061931336544459
207704,0.00679932862378254
207728,0.06539839430124036
207742,-0.07906200823556754
207777,0.621887769784368
207781,0.09801617872090328
207785,-0.30051957896494547
207792,-0.8867419127962199
207806,-0.064139365603913
207818,0.10208406666150144
207839,-0.09418561089539482
207854,-0.8952114054769728
207911,-0.08614106948985084
207920,0.13200287075545353
207921,-0.20409677107663696
207932,0.10844302125724348
207952,-0.1350134505013639
207958,-0.0563358932338762
207965,-0.14007674529457004
208076,-0.6768546383977455
208080,0.4683619528702909
208084,-0.02288061324037807
208092,-0.17243015439855577
208098,0.22028680892992347
208104,0.19647117700370104
208117,0.00725586340909126
208144,-0.09360259095032931
208146,0.01167249701104126
208151,-0.21448269248846064
208154,-0.13783093851132833
208158,-0.09448572818037672
208164,0.3870372344262215
208169,1.060148281480525
208171,0.22674985906234985
208177,-0.3007755437109517
208188,-0.3537199297978052
208194,-0.4232071906412014
208198,0.04130799418291098
208211,-0.21783965639816344
208213,-0.12743012686056812
208228,0.00517338914170856
208258,0.24109597615348008
208266,-0.05714933963460154
208366,0.03889509772801267
208372,0.461713106041082
208426,0.30450001192095844
208431,-0.4422874092680757
208439,-0.14731327193217683
208440,0.02035271591174417
208449,0.15597008986095798
208501,-0.8292911823136304
208518,-0.3198722187238233
208583,-0.7246218596796075
208606,-0.03072617534401893
208613,0.4930734747784431
208618,0.24378002218348155
208624,0.16781233880499688
208628,-0.6075992165397142
208634,0.73164364735767
208638,-0.10776791931849722
208643,0.27814419956296144
208647,-0.2956859889535905
208650,0.1635395766334028
208659,0.4734135417278869
208665,-0.20432463332772544
208666,0.0912356314042288
208677,-0.056804384614337
208691,-0.12893125506847164
208715,0.0361973760279525
208718,-0.02208859192049521
208727,0.356153972448822
208748,0.3367620789374757
208768,-0.1391199567962127
208777,-0.00488710641032434
208795,0.14165461513709082
208820,0.6204750393863585
208836,-0.2432708154266625
208846,0.5992725898812284
208869,-0.2258197538386769
208884,0.0410773412388009
208890,0.34534414079454845
208898,-0.363732213066961
208908,0.18723484018415237
208922,0.2721411674420859
208936,-0.19737798288828684
208943,0.2687667886790419
208967,-0.07400558215602031
208982,0.1733031579487273
208990,-0.11385566456175215
208994,0.5923517353750778
209003,0.14775787796842055
209011,-0.00907974720138036
209012,-0.05496353561956982
209018,0.03064377109750332
209027,-0.4490842642789661
209032,0.3368947579669503
209039,0.096968023998096
209047,0.26789005058991266
209086,-0.18913580463791943
209131,0.0647303286566671
209176,-0.7054651301916974
209195,0.20872414248454552
209200,0.26009389031023405
209212,-0.18306952804099147
209224,-0.04854205783865373
209225,0.14712932075738355
209232,-0.09656822815083028
209239,0.21162459332412795
209268,0.6050693390437314
209318,-0.13201141941033784
209334,0.2202451318103027
209354,-0.12323338791333768
209357,-0.09083127727436097
209361,-0.04465680188462514
209378,-0.33060262420588177
209416,-0.0330772378752209
209446,0.05598093378673932
209448,-0.02305549070655949
209456,-0.4591055088884598
209462,0.02908988414569618
209478,0.1405859165146567
209488,-0.09318998178900934
209497,0.02055773512780477
209512,-0.16026998070761536
209540,-0.7000294227227999
209550,-0.4910592190637362
209558,-0.0920227234358966
209584,-0.369778410358301
209586,0.06368956994291469
209588,0.1487581861231258
209590,0.01248539674384731
209601,0.16647577184764492
209630,-0.12230582542313514
209645,0.19793010532247496
209692,0.4514398640734966
209707,-0.6468359825853298
209737,0.4277328500943873
209743,-0.0885051024731813
209760,0.3215217677210529
209776,0.2335069344544524
209815,-0.1589152651756276
209837,0.09428782818706984
210004,-0.15206469424381305
210009,-0.00887248762148146
210027,0.3911200327664287
210029,0.05531319502148826
210035,0.08637733045727304
210044,0.3057108631584207
210094,0.04268751759615473
210106,-0.2475787208794799
210108,8.074218317025671e-4
210126,0.33622055444050924
210135,-0.07690901131578354
210145,0.14231562147913518
210146,-0.11866387346485918
210148,0.12580864104245773
210162,0.2332168563320035
210172,-0.10881761389982972
210198,0.25660364273216696
210274,-0.6612623838564622
210293,0.14081941061921516
210297,-0.13632694164411263
210356,-0.3499134104887415
210376,-0.05332949856958959
210417,0.6850754417789551
210503,-0.2844184732274149
210510,0.2577083011056498
210529,-0.23338134329668475
210530,0.09965251939153112
210544,0.07456396175735787
210554,0.6298445756000906
210573,0.5455678155038624
210582,0.01359762112473954
210622,0.2771195451682406
210673,0.38291287797613083
210711,0.00218741269852609
210719,0.12265118847834916
210741,-0.096864380750712
210757,-0.02219385637618224
210762,-0.3698788264069864
210766,0.06021595083052415
210789,-0.06558207077734823
210801,-0.06782474118240392
210808,-0.46586071280858704
210925,9.080633543669349e-4
210933,-0.01302204758564728
210973,-0.02407654950038122
210982,0.13167846999222768
210992,0.135738732395541
210998,-0.05904722458458575
211006,-0.3691921726059383
211007,-0.04998442837569127
211064,-0.1647464926138493
211134,0.02853103110420909
211147,0.6203501902868247
211151,-0.12459364970461716
211187,-0.03636046905987294
211228,0.2812824581106289
211232,-0.09484588939375486
211255,-0.21898608775929648
211286,-0.04241975088923683
211329,0.27621975183598607
211347,0.16064882758104693
211383,0.4270327487992191
211389,-0.2296546000195323
211401,-0.02373759692084705
211446,0.2280930270296224
211468,0.2513332015068463
211480,-0.42427270963831265
211482,-0.1495479020679969
211484,0.4497827309175412
211488,-0.2720574947333253
211499,0.08052323848775005
211535,-0.12228217408521676
211550,-0.09906832394977746
211556,0.4505398474791097
211577,0.7593374740508958
211578,0.32802326616535715
211586,0.05968093102326437
211612,0.5797076094727253
211651,0.2832006343861295
211652,-0.09490949117245476
211660,-0.5860644014152241
211666,-0.14890219958231157
211673,0.11397038889379654
211712,-0.2443877863678863
211739,0.0639186117638879
211770,0.13213347409727916
211798,0.20003439815492335
211896,0.13490993297734982
211914,0.7490071815387354
211922,0.09206773685911793
211936,-0.13596672490575518
211945,-0.18886439423687196
211948,0.09224451794568224
211949,-0.07518394695002589
211961,-0.1394956478786319
211978,0.1528004376271614
211986,-0.13022112219219348
212032,0.22168850672180476
212070,0.3287174389201824
212073,0.879085159318139
212090,-0.03282997473917787
212108,-0.12148422042678662
212111,0.33370129699538337
212114,-0.2540030333987892
212123,-0.09090698297765998
212127,-0.02656984337681824
212139,0.07637000922802994
212153,-0.24788000345194997
212163,-0.32529165415462546
212167,0.21864716036998508
212168,-0.27949576995851527
212190,-0.25467602782656157
212198,-0.6883325422312876
212285,0.1603358105820056
212307,0.2910394227605195
212326,0.0040774260112585
212377,-0.09998546785865034
212390,0.22397756526737445
212391,0.14795912919937793
212392,-0.3523860205102322
212398,-0.05143607767534666
212439,0.20276515083164512
212442,0.08523865749782963
212503,-0.21383974493945448
212508,-0.13682818595768198
212514,-0.16459949608180374
212516,-0.03900902552220558
212517,-0.368397885066993
212518,0.29146959708055326
212528,-0.0719370993359136
212531,0.21270995194380393
212541,0.08933659084703117
212547,-0.00446088910280653
212632,0.2920111263174229
212670,-0.02653684675427103
212679,-0.25611506830664826
212706,-0.04999567349665327
212712,0.24232528644004908
212733,-0.0772612838785158
212772,-0.03739705171502444
212862,-0.2062988626854877
212880,-0.01257756246632367
212892,-0.41533668402664975
212898,-0.03975838332001477
212919,0.2422454248942801
212933,0.433068200664292
212937,0.21095355099115476
212943,0.08278333331227436
212974,0.05864480120992476
212980,-0.2296382384259789
212986,0.03241236703831772
212989,0.22166391704993016
212996,0.08618355628856983
212998,-0.7032636534054024
212999,0.25142032491826466
213006,0.2027044021806463
213011,-0.3136003615527536
213012,0.22039970677248563
213019,-0.1263138320470869
213053,-0.1519143102873537
213054,0.02629126797814728
213056,0.0659017465420882
213068,-0.33421394516359626
213081,-0.04437115406510249
213084,0.05746994330133151
213109,0.12264878918207126
213119,0.02428122725239294
213121,0.2614999254085616
213171,-0.5003042513316789
213208,-0.2732187325075673
213211,-0.10693741049074149
213233,-0.09213738124291648
213234,0.6929747478626109
213236,-0.1114195805995763
213248,-0.04117681625862102
213262,1.164893465481123
213272,0.19635273636130196
213311,0.9331559837090802
213326,-0.09462548651020784
213350,0.05714221224496745
213389,-0.06877937532565626
213391,0.20077767782873188
213393,-0.14989371640209928
213402,0.223696001719768
213417,-0.7873499898046643
213435,0.5427891925816305
213436,-0.407467186535362
213439,-0.2920147421109128
213449,0.04508175277535528
213452,0.4237706455213384
213464,0.00509696711700027
213469,0.8688821464129151
213491,-0.4113051715321302
213498,0.00325920337981093
213499,-0.04178250336640352
213522,-0.04164674642760677
213527,0.3808079339708118
213539,-0.02616209970151916
213541,-0.05016029932290056
213550,-0.12186514842922036
213575,-0.14149649608059356
213582,-0.10365961470795816
213603,-0.44345200972249954
213649,-0.02045058164970872
213673,-0.08432271298040905
213696,-0.4771415150294519
213753,-0.20223097997372907
213760,0.2644735381607009
213765,0.00825810003904964
213773,-0.5017759225347049
213783,0.3125142195147945
213788,0.1495962803916101
213819,-0.01600733620612671
213827,-0.11163450842293082
213945,0.13341818679858497
213948,-0.26320373958541293
213956,0.193820491078348
213980,-0.03025912503965069
213988,0.367898705159164
213989,-0.16720872924365057
213990,-0.00784797696043135
213993,-0.00836718425067059
214058,0.1548034013035337
214063,0.0437435982139531
214084,0.3293713414305709
214105,0.653923261498126
214106,0.2481946916643639
214111,-0.02723839284645755
214112,-0.04553220883121046
214133,-0.04957003438963194
214137,0.4505597299120725
214150,0.39215494009038154
214158,-0.1101938560569184
214162,0.19631144585398905
214189,0.26251804546057794
214191,0.575521042546882
214230,-1.1134399944215547
214239,-0.5574275947926719
214240,0.45848567966323817
214253,-0.06992194233227374
214254,-0.18164192214878133
214290,0.04252069705200345
214301,-0.07737353086273568
214305,-0.19154528071572607
214345,-0.21018376566592128
214359,-0.0220139724446525
214384,-0.3841647070455736
214424,0.1730086089340492
214425,0.5835236680356025
214444,0.1853110052862355
214459,-0.5821404006302284
214469,-0.03696669924794039
214489,-0.1528762554701069
214498,0.01450682001936385
214505,-5.749252094220114e-4
214523,0.36703644741875097
214531,0.18654086549141924
214547,-0.4693650217815673
214552,0.07707548208611681
214568,-0.19685374450429827
214572,0.01128256193086887
214575,0.7782459223971009
214579,0.4652332496742396
214580,0.00708969496956736
214593,-0.22223399329168017
214597,-0.00629410884888455
214601,-0.13630242009685864
214627,0.1596941457137063
214642,0.05574739655873945
214663,0.0446472109325695
214669,0.08077558015747213
214685,0.08018965531133226
214704,0.0287655071290286
214742,0.0028862742956197
214763,-0.01293386835551254
214764,-0.3171519383764103
214766,0.4087360965765845
214779,0.00581300942480636
214791,-0.16666200800909395
214804,0.07550759030770259
214812,-0.2865130084063856
214855,-0.02891454672975322
214895,0.05504474499648663
214897,-0.19646245832106696
214899,0.08625983286063982
214901,-0.0938883164544411
214917,-0.01897339521680632
214922,-0.02120317737378924
214931,0.6324689683514767
214932,-0.4100510254275442
214944,0.1207952618704845
214951,0.11383015481450574
214952,0.00733866736905482
214968,-0.07813155298248785
214987,-0.1908149098052004
215001,-0.26811020694926335
215008,0.3268241777716938
215015,-0.1483119956573451
215031,0.09203917723277498
215051,0.01184951615786042
215061,0.6993612679031886
215085,0.07480904240657586
215090,-0.17074931780106256
215095,0.5119593953820718
215113,-0.1763989529344097
215114,0.26751664548490706
215160,-0.27086826287336374
215193,0.03504201447184386
215194,0.07885339894817403
215201,-0.22355958922453228
215210,0.21108081879002089
215243,0.02353977413883639
215257,0.2931283709063584
215274,0.1071892467336455
215280,0.07383871387966247
215303,-0.3107989134567547
215332,-0.09821468212633291
215335,-0.04907172007368855
215351,-0.5061239840772838
215378,0.14883645939062468
215384,-0.00297399348633971
215387,0.05489687011622606
215418,-0.07876394702610456
215436,-0.25196875528909757
215445,0.04321859020047314
215446,0.4936403791023624
215449,0.03045397372001768
215456,-0.36264480418234907
215474,0.07994884271258873
215476,0.10677516012963004
215494,-0.07171072047707491
215512,0.16438224456584483
215627,-0.33007677208958686
215632,0.15753307687198972
215641,0.6195965187381185
215653,0.06778604310516204
215654,-0.23218118929158768
215690,0.7035534932080334
215693,-0.0171538231670762
215705,-0.08223092934391928
215707,0.22678560990009905
215708,-0.2871487664844371
215723,0.627408692091292
215748,-0.02699608209043516
215751,-0.4775748586350038
215772,0.21447279856843152
215789,0.01982717253908798
215798,-0.6927282459605484
215814,-0.13968544481162426
215819,0.06346404806236146
215821,-0.31137913394511063
215854,-0.9167901526901086
215855,-0.18815033465607436
215890,-0.26523622622313614
215900,-0.11624673546686304
215929,0.2876444346185213
215951,-0.07325325642825196
215999,-0.3040044197219363
216001,0.06084282671662693
216011,-0.07504676018781117
216019,0.00949349619707841
216021,0.7732925165470917
216028,0.16299802941290664
216033,0.5613212641973453
216049,-0.22759714108270232
216080,0.7233759482069215
216119,-0.30913182570266595
216131,-0.25109820465059707
216134,0.09614607552695278
216136,-0.08571694004875965
216148,-0.2597089217168771
216150,-0.09711255448026054
216151,-0.04446374466785547
216154,-0.04197277950363451
216156,-0.13994363029819681
216157,-0.18728630746709363
216161,0.2559192551519505
216169,-0.20645259711851463
216188,-0.1549314077026529
216197,-0.6866168790517299
216198,-0.04728664460418493
216227,0.00363352400178949
216233,-0.15784832393560708
216238,0.14704270706418893
216274,0.17026590262891658
216285,0.0934648808470198
216292,-0.01121537000366889
216343,0.4656145649719593
216344,0.3369154606539966
216345,0.01016231498177302
216350,0.1116720206623992
216363,-0.09726402827321488
216393,0.3178849508127555
216395,-0.0748064955788298
216438,-0.03948250691946813
216439,-0.02266631636431975
216440,0.03408228553836871
216443,0.16573339272747284
216445,-0.04554914566366371
216456,0.25644574384428703
216459,0.03012448296704784
216505,-0.08989510346586281
216516,-0.07337271739428715
216527,-0.04986970228086134
216543,-0.19072711799891137
216549,-0.04825694187875116
216551,0.3087505773560929
216558,0.03854138148515965
216560,0.07834788215169407
216565,-0.0522815207904146
216578,-0.31636733436792186
216613,-0.2174292299392101
216618,-0.17196636450727165
216643,-0.33334044268524204
216705,-0.03667641257315206
216724,0.03745451507511132
216725,-0.2972417737056948
216739,-0.10214320798271562
216742,-0.0821910577722158
216749,-0.02545128078929073
216760,-0.14149122739718323
216766,-0.00687548967518622
216767,-0.1889795703972742
216781,0.29638666532139823
216792,0.1460749086939939
216795,-0.6317527421138746
216797,-0.15610900836550745
216799,0.14570915844213908
216805,-0.19737039468403045
216810,0.251408502805896
216820,-0.2776491812026184
216821,-0.0910867477162262
216825,-0.16714328373530782
216831,0.5464952940116614
216835,-0.3613571872694148
216846,0.00459959890208758
216848,-0.00906221817348848
216850,0.18048035581539615
216853,-0.04476160569480923
216856,-0.419636599880453
216858,0.02253426675246504
216859,0.02253426675246504
216860,0.11483047668603032
216867,0.05311311109760855
216869,0.12526168921242725
216871,0.2257087226300105
216873,-0.1015286962408315
216874,0.0144406460643981
216877,-0.07074901519042306
216881,-0.14127198085842088
216892,-0.23093649931367688
216961,1.0730857108501466
216963,-0.1259095072678978
216964,-0.11016997824700207
216965,0.00772668499143052
216971,-0.2940392144002636
216974,0.24738731062967367
216987,-0.09591847833804797
216991,-0.5867512801488228
217011,0.05936865300686608
217012,0.17953091686739026
217026,0.01772919143074204
217031,-0.34831844450963306
217038,-0.16204626430401908
217039,-0.0242422793807377
217057,-0.1992254995501931
217069,0.02414544524772233
217082,-0.02186394300030952
217109,-0.11778268749680776
217116,0.26556865867532875
217119,-0.10910461364741228
217124,0.11168273381347774
217125,0.2390020064064581
217127,0.06731381673837071
217138,0.0409561905669911
217140,-0.12434899066540007
217143,0.14074017838012817
217149,0.13804974506818107
217151,-0.17153174659762507
217154,0.04386282084707962
217166,-0.4879330323922786
217169,0.17902774793057377
217194,-0.10137988258770274
217198,0.10953663058286744
217201,-0.21710065217094016
217203,0.05457896777480937
217207,0.13210959662619998
217212,-0.30740916512446115
217214,-0.2828196853339997
217216,0.1969573251536283
217217,-0.6420389935042069
217218,-0.30248385308743947
217219,0.11540379881472024
217232,0.1901494470254617
217262,0.1435900785620805
217265,-0.06272889248571493
217302,-0.6992500972974245
217303,-0.46666958533639546
217304,-0.12550961034350355
217306,-0.10595841054454096
217310,-0.04369041845947721
217316,-0.2991617608129194
217325,-0.1696800055597272
217331,-0.12748603554296753
217333,-0.3141779488654405
217335,0.29370328657011224
217337,-0.03181530900458328
217340,0.1212800846322829
217342,0.1499412260124401
217344,0.1250284659511343
217351,0.11387335708932404
217353,0.13721399954039457
217356,0.07718448941988515
217364,0.06358325223506639
217365,0.03533952680021109
217366,-0.08127814240148042
217369,-0.20022179320921896
217370,-0.21627779208909848
217371,-0.2341872151441866
217378,0.3574107572870614
217379,0.17885796611905488
217410,-0.0352306683463334
217430,0.04106948375205905
217431,0.00713070968667022
217449,-0.03871190835842744
217463,0.0923734203715748
217473,0.4803867263045587
217480,-0.13341954481532542
217517,-0.2734149355795106
217558,0.02819870292263344
217578,-0.02569773530404294
217588,-0.44124487997965783
217593,0.10620206340806196
217648,-0.6041691383403058
217653,0.14927501655588588
217664,-0.1436484067740603
217666,0.1988127010691824
217682,-0.2715545441561594
217684,-0.00866944790422498
217692,0.05122834108003215
217695,0.06037103452069199
217705,-0.14104874536138468
217707,-0.431928572044342
217708,0.01720697688880508
217715,0.00899858714421921
217716,9.976916769264405e-4
217718,0.08453549997120345
217721,0.01332358699475103
217732,-0.2606215225380471
217733,-0.02744506692946541
217734,0.5011050238782788
217737,0.03031171212849353
217738,-0.7358817539211442
217779,-0.1128675689592996
217826,-0.07651689193701061
217827,0.02424660026466015
217830,0.07216974899153153
217835,0.0164982995934457
217837,0.08324617999293249
217843,-0.0208228869219581
217847,-0.00471289896775758
217864,0.12486587838522888
217866,0.12452456535507005
217869,0.13065594811224734
217882,-0.04529610590219306
217887,0.1722513653234372
217893,0.19843350018998915
217935,-0.169922331586002
217944,-0.04396237908521151
217946,-0.1821345393589278
217951,-0.14123147253617857
217980,0.1510377229193634
218030,0.02301604510317621
218035,0.09014119046957168
218038,0.35340621706497377
218066,-0.1721528643209196
218100,-0.0535616937519992
218103,-0.21944537313043283
218121,-0.1976296826701443
218138,-0.1786891463501672
218165,0.03736582194823566
218194,0.31609739188466573
218203,-0.18352231682147824
218210,-0.07886724581733702
218215,0.28342412737603895
218232,0.06906732413897779
218236,0.021458667730846
218268,0.4888815675481841
218271,-0.095639207002592
218294,0.0540759188805852
218314,-0.3609477619785495
218333,-0.17181313808865364
218335,-0.05686886015007739
218341,-0.25453036080737534
218343,0.09031479731727088
218397,-0.8667647550139974
218440,0.4016265345983695
218441,-0.3467934349989538
218442,-0.1970519163088221
218454,-0.205683173922106
218460,0.08053405903236757
218461,-0.10321537083212282
218476,0.3640778182789372
218490,-0.02996893664440284
218503,0.20439211387152295
218506,-0.1286353209734483
218518,0.24260005967796833
218543,0.00916430458264239
218544,0.04296751496619004
218581,-0.2821520828755892
218613,-0.07392111442659105
218624,0.05384005028097749
218629,-0.01596815490786683
218630,0.5383226224368375
218639,0.20536088807676625
218699,-0.10190915017619934
218734,-0.11235731210743906
218739,0.05591191736292364
218756,-0.02535579995248222
218763,-0.36359854070864
218772,-0.16819018125173468
218793,-0.1937774284583927
218811,0.04319248980397846
218820,-0.2845324876637922
218832,0.1325585766381348
218850,0.1524335917926302
218865,0.1548021769063151
218877,-0.4591526748994905
218885,-0.05433338869479542
218914,0.1996786567096887
218952,0.19058288551756583
218973,0.2668572788870139
218975,-0.2723818004365623
218977,0.2375887026976411
218989,-0.06191252604150996
219022,-0.08732771153415546
219024,-0.4115977343518546
219026,-0.6051790142185722
219038,-0.2133960438080978
219072,-0.10545618210949312
219094,0.22992877542987591
219103,-0.4223557483556236
219105,0.04827908778166635
219114,-0.4731801345560491
219132,-0.02187747473593318
219134,0.14799979398937085
219135,-0.06654560972474126
219140,-0.09669742789799284
219144,-0.43882194635410066
219148,-0.412112347438352
219149,0.3887146724113606
219150,-0.2027439524609585
219158,-0.09567839426987838
219170,0.5315266124272248
219181,-0.13392673033249372
219189,0.23789605012176332
219228,0.5612560348335571
219249,-0.24018797442857992
219257,-1.06433325437527
223227,0.3685386300232179
223254,-1.0988058208978424
223255,-0.00655966886609924
223267,-0.07832917763903613
223272,-0.5699092548934926
223332,0.7577233403719896
223433,-0.4093048681975444
223435,0.3339844888157033
223455,0.1570685604265607
223473,0.30420965238091313
223499,-0.05440973005753326
223513,-1.0330646870045812
223527,-0.14136688637060402
223593,-0.07154446736607166
223601,0.3056427591985404
223604,0.2731370894440067
223626,-0.44882634945006944
223646,0.06669724106073205
223648,-0.21457595946196165
223658,-0.6717986202482953
223664,0.01716148141308382
223665,0.0988194056248748
223666,0.0988194056248748
223669,-0.12095296041813612
223691,0.00435956963343063
223693,-0.04252096128948065
223696,-0.08259921052934063
223697,0.053731237476144
223701,-0.00165601118425392
223722,-0.00517970425891718
223723,-0.00459783816003384
223726,0.09714045969164416
223732,0.16450598275779674
223739,-0.0334887449573398
223752,0.0275006894401145
223753,0.03938685855908196
223754,0.01255960812963779
223770,-0.16221888943892235
223774,-0.2405571146722581
223775,-0.0096938305921489
223780,-0.11131004612152907
223825,0.13579749791791815
223827,-0.06747968574463062
223828,-0.1063619916181021
223838,0.905805152989412
223843,-0.2859879860293349
223864,-0.4946498805513945
223881,-0.10689524869110067
223915,0.05270619686904985
223917,-0.04189867671462315
223918,0.24529548922032307
223920,0.20447917632649584
223921,0.11740966163721892
223970,0.14661775671761787
223978,0.14714448146974096
223989,8.612309149231452e-4
224008,-0.1055272342175756
224014,0.30125724158927325
224020,0.0333401954939145
224022,-0.6350556972149454
224023,0.2565485250064985
224024,-0.5893108090024495
224045,-0.00596537650881242
224055,-0.00583352104004725
224065,0.07031550680678862
224079,0.0051246491372279
224088,0.26613092769738445
224090,-0.2295800285395715
224092,0.05449168852062375
224093,-0.2657768337573812
224105,0.13478612682183524
224109,-0.02550660231205977
224111,0.10768187466813846
224116,0.2002207610561959
224129,-0.41124852935217227
224132,0.3105718754488387
224139,0.02386768724889436
224143,-0.30937104260594245
224171,0.1196837350646758
224224,-0.08495724813776076
224250,-0.01576215283602553
224344,0.15194247245456294
224405,0.526629081951639
224419,0.5750271369198025
224440,-0.0034336530157895
224480,-0.1089739120993726
224481,-0.1270695833758751
224585,0.17082831873640816
224613,-0.09081700894907783
224617,-0.825796511211921
224619,0.0043475630640413
224624,-0.11390410037521224
224630,-0.14553642916780746
224640,-0.03043730008117515
224647,0.1135890008380345
224648,0.00469543221617587
224650,-0.10456854623754784
224656,-0.3267175739852272
224661,-0.3636621563273595
224671,0.18567179077146445
224674,-0.21131150826629408
224697,-0.4934255978559693
224703,0.04661618069679845
224705,-0.03817866131905499
224727,0.11489964510860012
224742,0.05149053978166252
224762,-0.47657137852261067
224792,0.5528313441988694
224794,-0.12145074987510246
224796,0.2011895491904888
224805,0.07469496570500003
224807,0.08591010010564493
224813,0.1645709261042985
224814,-0.2612210665444179
224823,0.01446818789971222
224824,-0.06428784772036845
224826,-0.5219627248607387
224829,0.2528952497381008
224833,-0.0016569570867932
224836,-0.13945961763280962
224840,0.03975957758858269
224860,-0.00708414526800748
224897,-0.3177468831892652
224902,-0.01457409177805843
224903,0.00981987066911398
224904,-0.05688978422993162
224907,-0.05769976650259856
224912,-0.48821207792725563
224938,0.06699036795761648
224997,0.4570257735227988
225004,-0.0858639646073988
225010,-0.06706906888867448
225020,0.20262810233651352
225027,-0.21482389559268888
225028,-0.04198727141050271
225030,-0.00689576672252914
225049,-0.0530752363310651
225055,0.046195768915705523
225115,0.06172020185052285
225131,-0.02628187969437752
225152,0.4881232682664523
225160,-0.40647441987633065
225164,0.04502027874130138
225182,0.0356627308810471
225187,-0.4490900858196002
225192,0.12354601145593626
225207,-0.31585188457450286
225215,0.08354257185208357
225266,-0.2807420492500091
225283,0.03824849945841827
225289,0.6583609630066665
225326,0.04444832211041952
225339,0.01748396105439511
225341,-0.34668134522123695
225348,-0.11401155808596752
225358,0.30665822773195145
225362,0.3509753256660489
225363,0.09020797213455548
225372,-0.06745725557628027
225392,-0.2337784598492025
225432,0.06602792133428519
225443,-0.9651370624904188
225467,-0.07764998564348716
225497,-0.8859055800572873
225518,0.07871930411632075
225523,-0.01580178972553098
225579,-0.1554277211782292
225600,-0.07960350650919476
225608,-0.21290106671846307
225631,0.2513214668606021
225638,0.3125771246623005
225642,0.44387712935925694
225644,0.4265017255438549
225651,0.0519471077030909
225655,0.15604514254757193
225659,0.18500215976932505
225724,-0.2590286020089423
225742,0.39125498290477606
225743,0.0511483539004605
225745,-0.1655930804605693
225791,-0.08798275053638843
225825,0.06020107544355635
225845,0.03374766083938206
225849,0.16490557357294394
225861,0.06779294494440871
225865,-0.07763880715537137
225870,-0.5072533280878995
225872,-0.05003190397911987
225875,-0.4091578995163927
225876,0.4774889843273946
225888,-0.20947640703087889
225895,-0.00659125618448368
225896,-0.0048730061223851
225898,-0.02386205027618558
225908,-0.20967500810758233
225912,-0.04060853850813241
225913,0.18420600707490176
225922,0.46462506937805303
225929,-0.3093354412138264
225994,-0.3696006302376299
225995,-0.13957383437374532
225997,-0.29972444159291
225998,-0.16037977039321585
226016,-0.13247888465403074
226025,-0.01724178151856584
226026,-0.13820441635070407
226040,-0.1270453461111046
226041,0.17856951588317535
226049,0.01544712706728726
226075,-0.11503023030011036
226089,0.1412428097810078
226090,0.10234359181095162
226098,-0.11587468011441934
226101,0.2670261392955582
226115,-0.47115468961661366
226122,0.12411172658649372
226123,0.04414803174915533
226139,-0.15929717656563652
226144,-0.13398226704586613
226151,-0.10572798082265332
226153,-0.09619106956219511
226154,0.03183120911915384
226162,-0.11355179681139682
226169,-0.2023503291316794
226178,-0.02951439460759124
226180,-0.11549804764478372
226182,-0.00782257401678923
226243,-0.12517147263871378
226245,-0.04349492478101793
226250,0.12714797870812306
226251,0.11551718496044236
226252,-0.01142046763876221
226255,0.603730017555605
226265,0.05051929843286977
226278,0.33310591178484505
226304,-0.15899886402347918
226352,0.14948400539402396
226359,0.9369771269617426
226407,0.08596891767308254
226409,0.08162892391337803
226412,0.20924170487473465
226413,0.07807592604808312
226414,0.1437908299221811
226418,0.27559483651068173
226419,0.13052378085211558
226422,-0.09015944335251112
226438,0.4198998629726761
226442,-0.12637389415409375
226470,-0.03707061392850901
226499,-0.15147113721677613
226517,0.03992162642138724
226518,0.1071792591225536
226519,0.1519968757634544
226525,0.18365879747053895
226539,0.02905598818158822
226541,0.3443850562106933
226548,0.07830447352987865
226551,-0.46932114397699903
226562,0.00216491376492863
226564,0.4521301193029056
226591,-0.2239131453618071
226594,-0.04884778539283521
226610,0.23883947752955725
226641,0.15490631059944285
226646,-0.2048951541705377
226652,-0.01065726521670495
226654,0.01484118896287564
226744,0.31887425443312284
226747,-0.0453731641125496
226751,0.0982595185203273
226757,0.18371772166438471
226777,0.02892377987311728
226778,-0.24402680090429751
226781,-0.6016596855629035
226791,0.4849938955248307
226823,-0.18977058939712155
226841,0.2930256844086313
226844,-0.22784572529034225
226849,-0.08348969965480676
226856,-0.0623977839226906
226861,0.4896737978389484
226866,0.4818391024191129
226896,0.2571742847600429
226922,0.13933430290202814
226970,-0.2229251596895068
226971,-0.09607470574271725
226976,0.11458537617503574
226977,0.15841030824072982
226982,0.16762151833278055
226999,0.05188097133845719
227059,-0.23746303733847293
227094,0.04608638854686082
227095,-0.04618265901239853
227099,-0.20373410413507
227102,-0.07358656635130235
227120,-0.5599366639348371
227154,0.0026971466339459
227157,0.1816383370171048
227195,-0.15724273204789302
227197,-6.876658246132272e-4
227210,0.208403165806694
227231,-0.24678362138119192
227288,-0.06320048844540004
227289,-0.00762408281864799
227290,0.02546804598331899
227292,0.01290279636774009
227298,-0.05585572027704601
227325,0.1650712721487008
227326,-0.16087454521718528
227327,0.4639339291554646
227331,0.21402854347599337
227333,-0.040521483341222
227334,0.14747577279303287
227357,0.01304511382332555
227358,0.08258625724554836
227377,0.46350310245812537
227394,-0.3938658535419994
227399,-0.02602982988607442
227449,0.09438394971782578
227485,-0.1923472552736514
227522,-0.07403394866571676
227525,-0.02894203814267356
227526,0.24338597155331743
227541,0.04601617948491431
227545,0.36860145570750513
227606,0.05046803493452694
227612,-0.08065978646989128
227615,-0.10689256455426414
227618,0.3681991716390393
227619,-0.05522849958283545
227620,-0.09297454739250392
227622,-0.08726175050815987
227624,0.04707889988395956
227631,-0.2695216312826208
227632,-0.00963055099087776
227634,-0.08775159340876135
227638,0.05565522463858829
227644,-0.02955818313812672
227648,-0.04194969938080722
227656,-0.08583183305235567
227659,0.05361751307700269
227674,-0.1028882489932835
227682,-0.07723199483644438
227683,-0.30657607381392676
227693,0.02008766582175078
227695,0.00898172941803155
227696,-0.10302669125128172
227697,-0.19467498677956996
227699,-0.3967088472624165
227700,0.02317359970883813
227707,-0.08883480791821294
227715,0.01355828500388712
227717,0.13683390619247524
227720,0.10100330265916396
227721,-0.02658762703255488
227723,0.17644352002038854
227731,0.1415163048701195
227733,-0.02622977673705773
227736,-0.1108519521489835
227737,0.19470371185434832
227738,-0.1522182313134972
227743,0.20126595056545063
227746,-0.10898930648536478
227753,0.20422636230181088
227800,-0.6679432717548226
227801,-7.647435158069297e-4
227835,-0.16754686803022478
227867,-0.04005644372526906
227929,-0.03224860278763908
227933,0.22205058456686044
227937,-0.15679389535481644
227960,-0.4589127467634345
228003,-0.35694085855036595
228005,-0.3710293215225625
228012,0.08767955752811227
228019,-0.16653191527782332
228026,-0.34323807288531816
228033,-0.09762441272911
228061,0.05507279673587537
228071,-0.0459902739216647
228094,-0.5242031881515924
228136,0.10093640317431848
228140,0.07325674162443115
228355,-0.04837990508920269
228356,0.3832619514695088
228357,0.1433455216346134
228359,-0.06520016060704434
228361,-0.03804531669385135
228366,-0.07724436764087002
228368,-0.02883709023406985
228410,-0.19298251489537657
228413,-0.0971443977420487
228421,-0.04687564800635993
228432,0.01101452387269136
228482,-0.15090628105606035
228491,-0.5322875449745847
228536,-0.01902028027569199
228543,-0.6943243799325296
228545,-0.08588999799739712
228550,-0.09845148759980003
228564,-0.6667464538940482
228576,0.3664687343955819
228598,0.31527980781413995
228602,-0.09328808639099676
228607,0.10652814922607928
228608,0.07456123540694251
228662,-0.0062261995856071
228677,0.02138994672282543
228714,0.06277945611168859
228731,0.03186288803420539
228756,-0.45655963418245304
228765,-0.05237098880715509
228769,0.15812761648909843
228770,0.2052656875690405
228775,-0.1178241012395069
228777,-0.00931900708007974
228778,0.3352246648569739
228785,0.26517617746986
228787,-1.6540551058781017
228788,-0.04093183432972736
228790,0.02436512790163523
228796,-0.20412394383162133
228801,-0.17146696218545265
228807,-0.00898186308665173
228812,0.07721859269108455
228829,-0.1405022100582669
228836,0.06048474745472441
228839,0.22106434185594095
228846,-0.05862728859110275
228850,0.16405507497923355
228852,-0.16966226067460638
228858,0.07255289575750865
228859,0.01875859781274986
228866,-0.03274519120717027
228869,-0.11293196047465034
228875,0.02540451050542019
228876,-0.08226579653884192
228880,0.18612261902654548
228911,-0.4937457589151138
228913,-0.00635917449246902
228942,-0.7223303628352327
228960,-0.17634568880055912
228961,-0.1743981061495561
228966,0.17114774321492898
228980,-0.16026725384408613
228983,0.00140813303800816
228993,-0.06601601072664035
228994,-0.0190984885269332
228998,-0.17431938485682913
229003,0.08134025044905802
229004,-0.14519262501423513
229007,-0.03325933543450153
229011,-0.06511612080605793
229055,0.01848387771397172
229096,-0.17823934738303784
229211,-0.04086614626100723
229214,0.47641847006605553
229227,-0.5569699881153911
229228,-0.1703112498865862
229277,0.2459824586086093
229279,-0.00972343105311611
229285,-0.14105786242088447
229302,-0.16260429998878345
229317,-0.13196515439239592
229320,-0.16822509885627385
229323,0.00571738442000241
229357,-5.8978934629971835e-5
229363,0.03387682969192707
229389,-0.03200529764615166
229445,0.11070504811666668
229473,0.00770066346114548
229474,0.25103136220829003
229487,-0.10304768824432224
229488,-0.01955149822191586
229499,-0.29209182607293355
229503,-0.25788561986652986
229504,0.08191712097098378
229512,0.02951169142343813
229517,-0.4547173812781181
229521,0.1983324011409137
229524,0.0030131590019346
229534,-0.01598047912184064
229541,0.03231680087558135
229542,0.3896753601177947
229543,-0.3124682856783315
229562,-0.25402879115897886
229574,-0.15474177435269637
229584,-0.04046799229024443
229588,-0.23178199722825155
229589,0.07761426391127119
229593,-0.04476600180006511
229595,-0.23029967228406345
229599,0.5643177533760326
229600,-0.0214494700690266
229603,0.5801405171858177
229615,0.5712167016548837
229644,-0.26836321728410056
229658,0.05746269784300475
229663,0.01301067614636825
229665,0.04739136028279742
229672,-0.23124930742229127
229675,-0.1446492262461529
229681,-0.18318765950981705
229699,0.793793249408877
229700,-0.12431646022461498
229706,0.3120818405417387
229707,-0.0688864535132765
229709,0.164707425754182
229714,-0.03679540364704548
229715,-0.2973816254446336
229722,0.14138279900311893
229725,-0.07826621430129801
229731,-0.00721670809210174
229759,-0.3747982285878144
229776,-0.26934761138568775
229780,0.12389702862639512
229782,0.06970864374697892
229801,0.4664352439245879
229841,0.12254836096944972
229898,0.09058578061674888
229900,0.22751090570892635
229905,0.07233905184856257
229906,-0.15522275206119793
229933,-0.19105222657402093
229937,-0.00379092112981491
229949,-0.6120429373810833
230025,-0.37089404147541305
230027,0.1317440781021535
230073,0.02880787258673585
230075,-0.08372756926284364
230082,0.02946750404111253
230085,-0.1823909406055602
230088,0.20105443748440932
230098,0.25974243056725876
230099,0.199194211580864
230101,-0.03565734515710331
230103,0.0112780510602234
230119,-0.12136458278620776
230125,0.04651288271162776
230126,-0.5326185283421145
230145,0.01910483644933191
230157,-0.37319136518012
230162,0.06186325356157286
230163,0.15396535098212338
230234,-0.1252615849170847
230235,-0.7081505941931145
230249,0.2650026470662445
230257,0.1423187965772818
230259,-0.0016994380065211
230279,-0.00563254913496781
230316,-0.2630654836058001
230376,0.04166937884449907
230379,0.4340868212058085
230393,-0.18395233653697077
230405,0.29674716332571904
230484,-0.03713088796702581
230558,-0.2801286138248872
230576,-0.07169153111437702
230577,-0.11596988291364715
230579,-0.1603219756181176
230582,0.16342444420451752
230584,0.06249762222058896
230587,-0.15607299947157754
230590,-0.1653904241278939
230594,0.0292414861051552
230596,-0.11946823389663072
230597,0.2074433823434985
230598,-0.01628065144342055
230603,0.01134516950003381
230612,-0.7002177488863077
230648,-0.01272180202264849
230649,-0.09775366054329895
230654,0.0191038921050513
230657,0.25646525211708804
230661,-0.17228113304245185
230673,0.03983132855177508
230674,0.11181816026184012
230676,-0.05506919778358615
230678,0.32009126965190343
230696,-0.0770756411746876
230700,-0.03556939714575454
230709,-0.02729152200694197
230718,-0.2708490586025884
230721,0.09584364703400144
230726,-0.6265103233171182
230734,-0.17481358549723178
230735,-0.2501701209701459
230737,0.3087702425896795
230738,-0.4475109167692567
230751,-0.5781791338880824
230752,-0.15790475220806105
230753,-0.0108917296856585
230757,0.02702822553575269
230761,-0.04278991775193548
230766,8.689461808651655e-5
230767,-0.23972876229328136
230770,-0.20135532024433803
230775,-0.2098917598661106
230777,0.01009149611764376
230779,0.11782844524564734
230784,0.01381644639456991
230787,0.01009323128999358
230789,0.05382387487364561
230793,-0.02376013934163443
230796,0.31254235203175995
230801,-0.04152102022813266
230806,0.12751866034384993
230809,-0.02796985549494407
230815,-0.2449288752237303
230822,-0.08579555794546516
230824,0.05143775546340602
230828,0.21720983172144703
230837,-0.12727262909963216
230848,0.02620609695013516
230857,-0.00392717244901935
230861,0.23715947020446465
230863,-0.02050425104390482
230866,0.18117518606384808
230868,-0.3914087542371404
230872,-0.10927137931691688
230883,-0.25088447962701643
230895,0.02056082512065567
230899,-0.09251930293097062
230903,0.05625862237028875
230904,0.05939748667315065
230908,0.01646896284449579
230909,-0.03550543350962635
230917,-0.17720656188950215
230935,-0.1732096956424914
230936,-0.01589126120949749
230959,-0.30960277362295097
230967,0.33051721051313004
230971,0.5969782196649742
230972,-0.3933494956954358
230979,-0.15248287009889674
230991,0.01237764664984359
230996,-0.14334182565626832
231002,0.00491689119859098
231003,0.00491689119859098
231004,0.07416375580718867
231014,0.15570301207158715
231042,-0.2394050697323844
231044,-0.3550383990723673
231050,-0.6628156754094
231051,-0.13220593361561755
231070,-0.2446332183085025
231086,0.08869208317325879
231093,0.2882914402745239
231098,0.14301640990751324
231103,0.7487784326921296
231123,-0.1247845652607384
231125,-0.08731268323973754
231128,0.09553409457881412
231130,0.04392960175533836
231134,-0.1859894187321608
231147,-0.05375679182729745
231148,0.37137329371246297
231151,-0.2998919907876411
231162,-0.7405662523314146
231207,0.3060177905267579
231214,0.21350664778071615
231225,-0.02264664922684042
231238,0.5662539157229544
231252,-0.17212138728922938
231279,-0.275373994735175
231290,0.10103498236938815
231293,-0.29552532909169926
231296,-0.4289792303730223
231326,-0.27663008892068464
231327,0.0744027685255698
231329,0.04335936776040289
231380,0.18396297492724928
231382,0.3164065685921942
231386,-0.001455692536346
231413,-0.0097951372170449209
231430,-0.37375410132620424
231440,0.3418129822469479
231452,-0.04468551187872263
231464,0.00853825015135107
231470,-0.12580065019572775
231474,0.1974698375842421
231503,0.2636909034588081
231506,-0.1671755759153561
231507,-0.04180916523539713
231510,-0.08576200722188689
231532,0.49751755345319537
231549,0.08794499328558608
231571,-0.08205149929807604
231580,-0.0085602979031599
231583,-0.27983764456330384
231600,-0.01750155286204334
231602,-0.00847227748831307
231605,-0.25882672521077377
231630,-0.3259871142694188
231633,0.6650389874581673
231637,-0.0823243715925073
231642,-0.15594968380943827
231646,-0.1788457276453131
231655,-0.01034800648619117
231659,-0.0501197600728115
231668,-0.6893947434727431
231670,-0.10393435422623888
231672,0.2663464956462561
231691,-0.1867952270113442
231712,-0.0844858214387226
231713,-0.13075986750072238
231717,-0.1689558724084776
231724,-0.7769161023434579
231727,-0.16741574355996908
231760,-0.292221147592443
231769,0.11927508804315336
231798,0.1085535498101938
231801,-0.03077881272656554
231803,-0.08310436701623089
231805,0.04367879272838852
231807,-0.1162026544198632
231821,-0.01806912964928757
231830,0.289237768445074
231832,-0.02753183167052725
231834,-0.05502532015552598
231841,-0.01466044278523983
231842,-0.02742970813500946
231855,0.07155368098543077
231858,0.08675607606826816
231861,0.04708111460960924
231863,-0.3846198191725839
231866,0.755327157992463
231868,-0.13172936271182806
231871,0.06986397330069861
231872,-0.04305401490629925
231876,-0.5229744274371897
231887,-0.15955157952669757
231903,0.17771492382872858
231912,-0.12620219138800945
231915,0.00817933062311714
231931,-0.00762886561074804
231932,-0.06398957552756901
231946,0.12142399087655548
231986,-0.28704932103584835
231997,-0.00176264488279183
231999,0.10286585809303068
232016,0.283513085440136
232023,0.08577356313722585
232035,0.16641658053823355
232086,-0.1246425396561584
232087,-0.00784533338633832
232089,-0.07126316660962184
232146,0.3616332348081751
232156,0.1417086792140435
232157,0.0107537322428254
232164,-0.15129015898681006
232174,0.24450049880714797
232187,0.0655666367438052
232196,-0.0216626135082
232201,-0.02853154614257872
232210,-0.1405786795309525
232223,-0.2561570599826994
232227,0.0667688472069305
232232,-0.1895417871882639
232236,-0.05793247832605267
232237,0.11657048131823942
232286,0.11192670276614922
232288,0.28206517627831057
232313,-0.26249831295261805
232314,-0.06307166626749433
232333,0.3834308857787989
232334,-0.14164708293768283
232337,-0.07471267078277956
232339,0.10374771542481973
232341,0.26312241917484736
232345,0.00728923039227472
232370,-0.10419530871085578
232371,0.42479729836149616
232413,-0.15576259634272868
232414,0.1959917516265125
232430,-0.00839866490403433
232440,0.07747270235207517
232441,-0.4147020229212635
232491,-0.26675453481605615
232493,-0.20809030350804475
232533,0.30839276450767916
232536,-0.11401138176145018
232539,0.180123972939075
232560,-0.10681012572200152
232566,0.096219729521533
232585,0.7988034748806143
232664,-0.1705028087467027
232670,0.11243543885662488
232679,0.12929791914436375
232680,0.4655504418458685
232714,0.6139338122267535
232717,-0.10218620686095004
232748,-0.5080348953255038
232784,-0.07306319596695716
232790,0.1511355905901318
232798,-0.04836240572820482
232801,0.23952226909172647
232807,0.10116293570070128
232811,-0.07001615418823995
232813,-0.3156075069592508
232816,0.01644645462584136
232821,-1.0715366983338703
232827,0.00972087384429495
232836,0.05115597114892575
232854,-0.04562844311148582
232875,-0.21186502774873384
232878,0.05107566737361881
232879,0.00105010552439199
232889,0.0819997682116065
232906,-0.06223342312086948
232910,-0.01713959033106757
232925,-0.11059208193160966
232934,0.1361581632156204
232941,0.47536703976434114
232943,-0.01478577014445987
232944,0.14303308920037855
232946,0.6007935291813542
232947,-0.2518977193481443
232969,-0.04073434180034945
232970,-0.05240259200694701
232973,-0.10023493033143537
232975,0.06255346664921356
232976,0.0866843195496303
232984,-0.08976845648972953
232987,-0.08899873088506069
232989,0.22925520921158887
233011,0.08447030727813058
233016,0.00590387372511092
233020,0.18340587350485607
233033,-0.01414016478558837
233038,-0.0589143621355725
233040,-0.32781279669185925
233046,0.3696448779605028
233056,0.2244896898322594
233058,0.2186479280122404
233060,0.34677463869589875
233064,-0.1313004886520661
233065,0.04013694851765237
233066,0.26638855769096814
233067,-0.2865188654420908
233071,-0.09202522175968762
233073,-0.08533894610875464
233079,0.27078762045213833
233080,0.17569482287657348
233081,0.17569482287657348
233103,-0.05996224653933921
233107,0.11233939765704122
233115,-0.01067550984214864
233187,0.2031067682100995
233189,0.23451033290309395
233199,-0.17294300538792445
233204,0.11765873586018828
233208,-0.1322660408263454
233210,0.23577005880435628
233246,-0.2023243626086308
233271,0.07829450021352496
233276,-0.1449482786918301
233280,0.11941850992304193
233315,-0.31142917452957714
233328,0.17764081973979945
233332,-0.15640751828960525
233335,0.11842146755023122
233405,-0.05648774694310669
233406,-0.11373289891078169
233410,0.03397171007553716
233424,0.1211693332562864
233489,0.100604813722839
233490,-0.0358576526679414
233529,0.00623575417529683
233532,-0.2573203536506588
233537,-0.1816881817407734
233545,-0.026835899330857
233549,-0.08876490440052269
233571,0.15567528562180058
233649,-0.4778980134161837
233651,-0.20206221908442215
233724,-0.18965942227127283
233726,0.0747413659762598
233733,-0.19946296607051273
233744,0.00261576074039133
233752,0.3962005416367445
233765,0.17231929716705896
233781,0.07306529738829448
233789,0.03319619446490775
233799,-0.1397510909891339
233801,-0.1078039485056641
233802,-0.10280824350720716
233805,-0.39486728729693854
233806,0.575766458601885
233812,0.06918559345425326
233824,-0.1975158782703124
233826,-0.20854075547895085
233833,-0.04485107068526797
233836,-0.06242649635859377
233863,-0.10186696516855198
233865,0.06840787649533542
233870,-0.01816004024632589
233871,0.0126659627519208
233875,0.662009366200955
233876,0.10094405674361195
233877,-0.17896770269924084
233878,0.0493913031589984
233887,-0.13147520538321253
233890,-0.0821106207540071
233893,-0.05586194763366875
233895,-0.02777253381579325
233899,0.19080056302597995
233900,0.029789748914327
233902,0.08753403762561641
233904,-0.05829162961356984
233905,0.08775684660298042
233908,0.03417166455883319
233912,0.04645798195551134
233913,0.00274180822939272
233918,-0.3849885983301221
233919,0.31824725105583457
233977,0.13035903179175384
233979,-0.6754993357796635
233987,-0.35044922442857107
234023,-0.00242164994311453
234072,0.10640260786317736
234076,-0.5546959887898627
234086,0.24515902845757148
234094,0.0755149361486627
234129,1.666744334832607
234130,-0.4023139201728095
234135,0.11600124249292232
234138,-0.1806315304657628
234155,-0.3894594589868484
234199,-0.3669126288071023
234219,1.04179466425275
234258,-0.4730618046866429
234267,-0.36682121424872416
234309,-0.06181557325743764
234311,-0.3722051985732657
234329,0.3256967841251654
234344,-0.11948288854014816
234353,-0.1776543697049179
234356,0.28359825307781084
234365,0.45502031761578743
234366,0.15127755082258504
234371,-0.1896507551312026
234374,-0.02744327992483336
234378,-0.19429147187459656
234384,0.02010466467178373
234395,-0.18204168117132613
234396,-0.25150034261977017
234404,-0.3843279283553334
234407,-0.0325141699083868
234421,0.02416302360686846
234463,-0.16081289663202605
234515,0.02478882479237673
234542,0.23998569468209227
234549,0.0915376962734684
234577,-0.14192553306979655
234582,0.0314814695304493
234593,-0.48975430783447566
234594,0.04890606875615641
234595,0.02922199913341468
234663,0.01407171423733929
234664,-0.03389780667827827
234677,0.07412624066549234
234678,-0.07663455804716136
234683,0.01510910177910556
234686,0.1193627440449994
234699,-0.03079065912946773
234700,0.20161576915373164
234723,0.06796819236325985
234724,0.1709269353023891
234725,-0.3273990224736242
234728,-0.2038180595581449
234729,-0.20704755792968357
234730,-0.03892455663486001
234733,-0.16566621668021153
234734,-0.11031070020325306
234736,-0.00787202626910719
234740,-0.03352004505213771
234776,-0.0177943074215606
234788,0.1342026717382298
234796,-0.04248484069844843
234797,0.10274708274444291
234814,-0.3315237959595343
234825,-0.07270190321193545
234836,0.46654771787634464
234839,0.00194560566158398
234847,-0.04828640836408828
234852,0.03184556561749958
234854,-0.0242974271650036
234857,0.22747020095500592
234875,-0.06822459761369133
234911,0.7173370927515328
234912,-0.34115207223929567
234915,0.24506871139587644
234959,-0.18487525475598335
234967,-0.40031351706549617
235028,-0.05368365665412942
235033,-0.01644023131229403
235040,-0.04969169736201803
235041,0.00867561459148733
235043,-0.3167060305730685
235050,-0.20110473413612143
235072,-0.06653821414094449
235086,0.38897534463548966
235106,0.9368174429420066
235130,-0.09847111016512432
235132,-0.12734042694704165
235134,-0.2051076740793703
235135,-0.4254717186945838
235169,0.02123388406561566
235184,-0.4905863169495815
235281,-0.46468986502051657
235283,-0.00872610950920137
235293,0.05388025781242819
235300,0.4597191967381939
235315,-0.08034895121744787
235320,0.08285998317431878
235323,-0.06165397206620687
235330,0.1921009435269591
235339,0.06614111535437386
235344,0.0589875387928253
235345,0.03992120744885983
235379,-0.4506996773253402
235380,-0.11205233760609833
235386,0.37981449814519685
235402,-0.309441085532648
235406,0.2667893403003954
235415,-0.10212023139008967
235416,0.07730987314807165
235431,-0.12642140368509489
235435,0.01362525993960379
235439,-0.0515108433757086
235441,-0.02686593015503471
235442,0.10872290466032788
235459,-0.1917802561343019
235461,0.03072818566974811
235469,0.03630828285441086
235472,0.06455238169486562
235493,-0.3837024874221685
235497,0.04665080973808183
235504,0.05213946885812944
235505,-0.9531045423156128
235527,0.16331835284286733
235533,-0.29526670049165005
235534,-0.1351677464779813
235542,0.480635754368801
235567,0.00123027381730367
235574,0.26026357400451144
235582,-0.2016487043859047
235584,0.07182002528055861
235587,0.00721654344482713
235599,0.2568596114266935
235604,0.21567628377834416
235606,0.03318622688765539
235611,-0.7203234979320441
235623,0.06116545845705824
235626,-0.08940103210794781
235627,0.15903376573976685
235628,-0.03496492263065973
235631,0.11833083929192412
235633,-0.05202229058538273
235636,0.1889772863002597
235661,0.03532098514880796
235682,0.05628343643799356
235907,-0.21322003543784884
236193,-0.3820804024283011
236266,0.28542529644765946
236285,0.641907645616562
236511,0.12700661001385455
236539,0.1446487475119569
236643,0.02241145490023698
236690,0.7001289470508743
236727,-0.18621556696781252
236732,-0.03992029066871175
236781,-0.3578629505207708
236790,0.19410210517958065
236798,-0.2923975319052284
236848,-0.09875991183953887
236852,-0.09093134138013532
236899,0.1310632631267488
236900,0.0446584776068596
236904,-0.17905608725092084
236915,-0.3124715891248634
236920,0.22193740108815796
236930,0.13933149968745126
237010,-0.05345751550442367
237038,0.37650865438898545
237052,0.30635811699286275
237073,-0.3805358697450437
237082,0.06147112295952483
237091,0.46401479724815897
237107,0.2981270205293003
237175,0.7727388695813486
237178,-0.07513017969399495
237211,-0.10932440015529636
237213,-0.32675693081774754
237221,-0.0538202823472894
237222,-0.15051565535098604
237253,-0.3282057330503328
237256,-0.0082937873816037
237310,-0.6395120604222857
237313,0.34168737513105274
237336,0.01419251369037473
237339,0.0581736421770472
237353,0.09538062864651065
237360,0.11603226496645894
237362,-0.2373370975173157
237387,0.055694889871386
237397,0.3769313349375362
237400,-0.3754809707367272
237403,-0.09225013314903167
237422,-0.11322698961676889
237436,0.34421176983583346
237459,0.11647592136776964
237465,-0.5156748581860505
237500,-0.0649429815401198
237504,-0.07176968558186861
237542,-0.03806327773524954
237553,0.00293286750807744
237560,-0.1629422698992262
237611,-0.21681494104184643
237615,0.04236286350072656
237625,-0.47024574661218577
237636,0.04325387921963294
237711,0.2589222350646631
237716,-0.5057334520765229
237754,0.8467476270261136
237758,-0.03920504607760716
237759,-0.5623483829921052
237761,0.6056847132684683
237775,-0.48655026514038446
237781,-0.0613901345660417
237782,0.02451173675964092
237806,0.5152250983278672
237823,0.22412330179634432
237831,-0.3724004434465902
237847,-0.0793743157220806
237858,0.3185141096228069
237859,0.5227850429755984
237860,0.1639256899762304
237868,0.01952833230381675
237877,-0.5170723046345967
237890,0.26743269028793865
237891,0.2397088892817838
237911,0.05365807864813669
237926,-0.1793594796040193
237928,0.28292207230323657
237930,-0.22414309760745585
237934,-0.47177250288530415
237940,-0.10719899596997952
237943,0.2174252685208588
237958,-0.18511762149876368
237979,0.0554280836412712
237987,0.02134320448784615
237988,0.319142597132056
238011,0.0779149781097926
238021,0.6394575002723845
238023,0.2502186286541497
238024,0.28188575205060273
238037,-0.04396519334789273
238055,-0.15718061479037576
238057,0.2357236735521044
238076,-0.7552393412942232
238130,0.3021126019130127
238161,0.31546884230368
238205,-0.07228301066898335
238217,0.29802488187634596
238247,-0.00845991435092833
238252,-0.43976690696312704
238257,-0.23430349641348153
238266,0.30144802986062347
238271,-0.0189360151826089
238276,0.1948580665586495
238317,-0.09721182982047503
238323,0.48651041510582616
238328,-0.08151705489167226
238330,0.1523987140918916
238331,-0.03062496753448472
238333,0.00375636186897163
238377,0.02982326164671316
238384,0.05519296984115959
238386,-0.23089161401169744
238455,0.3165001878603938
238463,0.13402024677862706
238505,-0.01144521648631396
238555,-0.3143790260802397
238564,0.2680369990374419
238673,0.42840557343512126
238725,0.9478609624978046
238799,-0.00216346827398416
238803,-0.12204660097117909
238831,0.20863630220555276
238875,-0.3710392370656746
238880,0.3624667113616197
238896,0.5439826040644937
238988,0.21962290798524545
239017,-0.03952095164063893
239027,-0.14781325526984315
239037,0.0433781086137658
239038,-0.09228811834810131
239083,0.04284324383150272
239096,-0.5404027669364289
239099,-0.08034667071031801
239102,-0.16078368140938268
239114,-0.1376273395907593
239122,-0.5131285543305684
239126,0.15545362743807112
239133,-0.12088084212923722
239157,-0.42957280340441856
239167,-0.2576311884308221
239170,-0.08982071233439902
239188,-0.21695977985825385
239250,0.9401132438829578
239273,-0.01847647089627472
239283,0.5914754098483167
239318,0.12475875726947068
239319,-0.1076757177817506
239336,-0.5341655920712771
239337,-0.3712488965145597
239364,-0.22991487877447703
239368,-0.00669755062617602
239393,-0.2861555148028476
239405,-0.21380212931011017
239408,-0.1288378506359067
239420,-0.9053313435546037
239435,-0.7502328818522799
239436,-0.6284328546377411
239447,-0.4814087406250645
239463,-0.18589974516973765
239510,-0.02110300710654927
239528,0.16562408901750833
239530,0.03741107030554401
239546,0.24504452829627216
239552,0.1789987283590649
239554,-0.7077811776942519
239555,-0.05421310265257632
239556,0.02159435208321324
239570,0.00200512019423928
239606,-0.203536867456166
239618,0.0928409429592092
239647,0.04275950467998041
239652,0.04602530640072005
239659,0.2959544979975208
239667,0.01389641682938413
239691,0.03686104068410342
239706,-0.38621656175000496
239719,0.03396799649575326
239739,0.00427811939984761
239743,-0.00776637537176589
239759,-0.07610265669597852
239766,0.0768943322511077
239789,0.04638792171266083
239790,0.40638444238571825
239796,0.18204489430373336
239827,0.5981139251421591
239833,-0.31031434408248487
239839,-0.04653749767432635
239845,0.3311098296439256
239852,0.4104216400759644
239853,-0.4833874190376672
239857,0.15699390257740226
239931,-0.7166428410795874
239932,0.08224581416995037
239985,0.07894859863203837
240023,-0.00836239407794516
240025,-0.12269557827296712
240028,0.08232862221724496
240041,-0.03714724141118848
240047,0.5524508045215659
240055,-0.04162968431119847
240057,0.22883202397369756
240058,0.08032903534154057
240064,-0.11472928993838152
240068,-0.31731341809485286
240084,-0.1866312229496679
240087,0.03396350637299067
240119,-0.4051679781929009
240121,-0.46829783683172216
240131,0.02798843778476532
240168,-0.0588899712385075
240174,-0.00752903882664346
240185,-0.01821021470445153
240186,-0.22997801832514608
240215,0.27151425780481275
240239,0.17334558107022618
240255,-0.01729519913232995
240261,0.520262830852549
240263,-0.09391137906041186
240283,-0.04866657546402766
240322,-0.04340575668631101
240332,1.4548795554275933
240354,-0.10979218127142344
240396,-0.21305671606636797
240411,0.16820374985021544
240427,-0.24914747782506116
240442,0.14961502216881625
240444,-0.28490765704703497
240476,0.0700955135261091
240479,0.1067851691625194
240505,0.1956326177643303
240514,-0.01501436011943156
240518,0.03414448540266816
240590,-0.14611060666307904
240595,0.4590903540330216
240613,-0.01216784327872196
240614,0.2057308179955377
240633,-0.06066845078165667
240638,0.07998280354071452
240641,-0.2654063182702757
240660,-0.2118941858988588
240665,-0.14328410474604472
240667,-0.32777581503084174
240672,-0.209032490291114
240675,0.9308157951303888
240690,-0.3142283610274393
240697,-0.04846196370163808
240725,0.3495473124659029
240726,-0.28599623111319394
240752,0.209626236424884
240753,-0.1007486796432366
240754,-0.01897379181933891
240756,-0.01531353230520104
240776,-0.1690113365482034
240816,-0.26832672802398283
240832,-0.00131233997922584
240843,0.35570108363883984
240869,0.37403538187764346
240873,-0.07191867662055698
240879,-0.04386276507425786
240880,-0.12937175498209694
240888,0.3401368999708954
240892,0.1626578069576708
240899,0.2569995681969133
240913,-0.388282553142188
240916,-0.5277247126318667
240960,-0.8154281967243804
241035,-0.07261419715560506
241062,-0.4959880078773127
241066,0.18654988414395748
241070,0.1985593699931626
241073,-0.4699892680921779
241075,0.03153827447470452
241112,0.1482224453547401
241113,0.40435241390721455
241116,0.5104538519911095
241118,0.0611004510175162
241128,0.2607676637652738
241134,0.3020071836847824
241159,0.1567536220324358
241196,-0.0323640898907607
241197,-0.15057108462436752
241201,0.35497820787129103
241226,0.48606456476618903
241230,0.01113067979427028
241263,-0.26543467040314406
241274,-0.03317232509049591
241275,0.4775681582635959
241289,-0.1031008779129986
241296,-0.13582634556871603
241303,0.01550663577490859
241308,-0.10258386949655451
241322,0.1666785859209648
241324,0.04453319149254091
241327,0.2192429165833598
241391,-0.22630582153161025
241431,0.12860994151912886
241447,0.00982527254241791
241452,0.597179388931162
241489,-0.02875713491235756
241490,-0.12584439718870277
241494,0.250720230795956
241514,-0.09339239264489942
241516,0.1393844604596788
241520,-0.26925276782000607
241525,-0.09515029277783246
241528,-0.06629013103285537
241547,0.07628364518202824
241556,0.19666571638227423
241568,0.0124991328041969
241576,-0.04724773314383723
241589,-0.01757624356713438
241612,-0.6698982653431951
241624,0.3171260061227567
241627,0.17488365511082382
241633,5.27044475727538e-4
241636,0.5542506535619054
241639,-0.26155891445697255
241656,-0.02784059583388837
241688,0.3670431922473092
241694,0.06911970404262355
241727,0.3005120049987029
241764,-0.09435598339335674
241769,0.06921748723503725
241770,0.05529262059013247
241794,-0.5628549616496882
241846,0.17077456343186476
241850,0.12806150065477345
241877,-0.019993020255791
241915,-0.09669947097700496
241919,-0.33376922395232134
241950,-0.6801374492524506
241989,0.3668514327070299
242022,0.25920649971961307
242037,0.01939064995847861
242050,0.3829052731670523
242083,0.05551215219314806
242093,0.03099234489347817
242100,-0.1617193763216701
242109,0.17755857351988974
242122,-0.01288052806966227
242125,-0.2560556374213785
242126,-0.6637054280012648
242151,-0.07594784417519193
242202,0.1182727539298042
242235,0.5296301102934623
242248,-0.09363887962208448
242253,-0.2608674625960272
242259,-0.1879071856059653
242274,-0.4936509826220528
242285,0.34866985898564207
242291,-0.2271497916792906
242297,0.2677813616900474
242316,0.5346857971037579
242341,-0.2240869502683402
242362,-0.46744674947629544
242377,0.37447657360904973
242384,-0.2290818876958581
242406,0.08452115961597152
242408,0.0567441183446538
242409,-0.31332070850439375
242418,-0.05280880038934248
242425,0.04421999011467562
242443,0.6323051109028126
242466,-0.4183156108205604
242474,0.17469229071387052
242484,-0.02865105007488837
242505,-0.5958973618633674
242506,-0.8557269648327547
242509,0.00800866941356436
242521,-0.08799072746577148
242523,0.5853532603346002
242553,-0.05303339762753735
242557,-0.20774732213546176
242570,-0.24530143613432528
242584,-0.1219859473887478
242585,0.03489625862755499
242594,0.379275444126834
242602,0.08597708258703383
242603,0.1976996831489965
242607,0.0892095001193419
242608,-0.20274550725366444
242620,0.22880988145743025
242642,-0.3813347137257291
242646,0.23573692875956995
242653,0.08572346789767776
242662,-0.06004056205481943
242667,0.00938673428637169
242669,0.358472775991439
242681,1.0205308031612033
242687,0.09838623474036312
242691,-0.02791816949524333
242700,-0.04374504420984704
242702,-0.15474661689437413
242711,0.5556302360599003
242721,-0.11915981317607924
242735,-0.23256319105188883
242748,1.3019135511922326
242773,-0.2986195958749893
242785,-0.20891054770474915
242805,0.06518997546651353
242819,-0.13384149722946664
242838,-0.09429976762439232
242851,-0.7650033608407854
242860,-0.05315859092032568
242864,-0.07396021225059601
242891,-0.02251744321136589
242894,-0.15269940615805255
242915,-0.04568391461070849
242939,-0.15570728113417753
242960,0.30543880512098776
243025,0.1007168417824595
243043,0.514073931093459
243078,0.10414915241940076
243083,0.5665374581174802
243084,0.7710165171542797
243168,-0.4546119922229894
243197,-0.2784510097202932
243270,0.22072998226213855
243272,-0.04643591786312105
243274,-0.672751826560456
243277,1.1661809842534496
243300,-0.4607075759770852
243312,-0.3684108015927416
243328,0.14255438646371368
243339,0.16612879040129935
243362,-0.12718729933214917
243371,0.03997627465524669
243372,-0.860002183664043
243374,-0.06605759350966256
243382,0.02764750680313586
243385,-0.22604526136967776
243499,0.4019319870784719
243510,0.25010701546361513
243529,0.6955724459012097
243535,0.4865544023566103
243537,0.01530821799321409
243538,0.4813191349076087
243548,-0.29804233253276025
243574,-0.26983129339389167
243612,0.08994740326578428
243616,-0.873690575407827
243621,-0.5451148574084461
243634,-0.3116525352115096
243653,-0.08417905715280873
243659,0.06465253040706494
243725,-0.19825561930700775
243743,0.5158991696555084
243755,-0.31022946759509834
243764,-0.9515049134799232
243771,0.3783667641316353
243780,-0.4466309875193671
243813,0.06386043672654687
243816,0.2858307680100952
243819,-0.03806138663684615
243822,0.0514549258723139
243834,-0.6163633066482039
243842,0.5685476636672989
243846,-0.06590806212099191
243853,0.13043723117399897
243864,0.39576598676522406
243867,0.02672213222193676
243874,-0.4416026006638555
243897,0.16546421061093652
243906,-0.14378342914367429
243910,-0.08138248269842964
243911,-0.3021734573801529
243912,0.07923978724835018
243914,-0.06805960980332851
243923,-0.2534816659113814
243931,0.05676892699844749
243937,0.08104333641554329
243958,-0.06125694762846535
243961,-0.01274214406944471
243963,-0.2022942317334684
243967,0.13788749941164766
243979,-1.3803367620158196
243983,-0.1580563099538846
244049,0.00785822800392013
244058,-0.14744447279903417
244059,0.23248905358459687
244071,-0.05615754671940873
244141,-0.06162795946720595
244144,-0.4463798546401791
244178,0.01786328920242721
244179,0.2165950107668224
244187,0.5521901331781156
244198,0.244169259565227
244199,0.10577161895741728
244202,-0.5586554159949075
244209,0.01701158166211633
244216,-0.08505135044125837
244219,-0.01902614993573927
244238,-0.15034292842212882
244281,0.04262216403518264
244310,0.10025107333370666
244329,0.14287502381907718
244349,0.09092788069770492
244373,-0.08932755379580509
244416,-0.28123780765936685
244421,-0.06350950733704638
244431,0.24673756486280216
244448,0.20762718504033617
244484,-0.08153282361499473
244486,-0.6005874105006487
244548,-0.16082005868582974
244550,0.06932041654424001
244551,-0.06777176573151324
244556,-0.1908930846429013
244562,0.3849670823064446
244579,-0.1639264186861354
244585,-0.03766305242121632
244608,0.28561583888599973
244631,-0.8070176561936129
244650,-0.11495198379734234
244654,0.8057713125764356
244666,0.10951323875354352
244667,0.2259657590825331
244668,-0.11483971173723093
244672,-0.5203473142158042
244682,0.1546415336626723
244694,-0.2110791220848872
244698,0.01720773422344801
244701,0.00273052506912326
244713,-0.5223096752893114
244721,0.2127588911990627
244745,-0.08372845503384069
244757,0.14799238291775232
244813,-0.5828920323319068
244853,-0.28555280167538083
244859,0.5637087200975717
244864,-0.04846991259440834
244867,-0.3854375276250671
244871,0.04577933694572424
244879,0.10044568421935857
244882,-0.5503444653205156
244885,-0.2498919747222197
244886,-0.21819546423610128
244891,-0.02359491347205776
244895,0.2163512211599704
244911,0.10106881726772692
244923,0.06129140590636613
244954,0.9745014121433988
244958,-0.00840818062133403
244962,-0.00454761757513475
245000,-0.08767270470154359
245007,-0.01708655955810878
245020,-0.262796295950242
245026,-0.5545749721100679
245038,-0.578129422612745
245049,0.21097747498514696
245050,0.3008570807287315
245126,0.7104300174638244
245195,-0.1252306894776609
245308,2.8598012772966115
245368,0.31960488740131326
245381,0.5268153203567101
245386,0.4112516249445726
245403,-0.30799727892610823
245424,-0.1475551453524498
245446,0.01087167842076677
245450,-0.32853857834746863
245468,0.46705054711683286
245469,0.10415104951132469
245474,-0.02370208508136197
245522,-0.6007696150349615
245527,-0.09324467249743952
245532,-0.12961919139054054
245533,-0.40974248704144606
245536,-0.48406356817244783
245537,-0.0605246808179162
245555,0.19590586393982332
245572,-0.5808862137755444
245595,0.27531200395615063
245596,0.2803221095165369
245610,0.7522823971274728
245622,-0.03799766564754165
245631,0.00933919866559205
245638,-0.3383707018395561
245650,0.2198926596713892
245666,0.03095282042260784
245670,0.35645395651747136
245671,-0.182988982705022
245683,-0.3060190522859771
245684,-0.10288405410991495
245688,-0.03520574951043609
245695,-0.01593934559202509
245827,0.0272002289794537
245828,0.05058974022618044
245841,-0.07200471653850933
245847,0.03480832624982373
245857,-0.278512625050699
245860,-0.00157806412255956
245866,-0.02230481019678006
245867,-0.05267447256632596
245877,0.02469007242291004
245880,-0.27857636613308573
245884,-0.24193551652780665
245886,-0.24893479571392568
245902,-0.04046610678924033
245944,0.13659206076039218
245945,0.41003705209419894
246048,0.24640612443531248
246049,-0.01524773892918911
246086,-0.13479224913474222
246102,0.04588673352895407
246103,-0.02397222386749638
246104,0.35516892653479976
246133,0.19984179827195347
246154,0.04190888031807571
246177,-0.03362637612376033
246179,-0.16172891372933965
246190,-0.25561956984427536
246196,-0.04297735052448755
246198,0.13804974506818107
246221,0.1822826831897474
246228,-0.41600691346013147
246229,0.3053544216931254
246257,-0.0824481071666579
246277,0.06586102968376356
246293,-0.10299925424910768
246313,0.08079577189446946
246316,-0.03449600283981115
246317,0.461064715774747
246691,0.319642769982264
246694,0.02325212814176914
246696,-0.04862997323943401
246700,0.2287154620477409
246703,-0.065641195347606
246707,0.2575892172969604
246709,-0.12792177129710008
246710,-0.01615076790577435
246727,0.26716997254483144
246728,-0.0160767380169243
246738,-0.41533350405122293
246746,-0.01624581045860749
246747,-0.14290099245617113
246779,0.2245418423954017
246782,0.04986396090426479
246787,-0.0074197485925902
246788,0.2008101152997535
252837,-0.5038829898598298
252838,0.00299827878542682
252864,-0.526143056904508
252868,-0.11729091473641604
252870,0.05068661856422808
252875,-0.4775201127162954
252876,0.08717396186281139
252903,-0.00377028757447262
252966,0.00455217023800139
252967,-0.13059777301885211
252972,0.09361603378061337
252973,0.22182693709303905
252974,-0.13731936703258613
257630,-0.6849361953965661
257632,-0.25142323936042765
257633,-0.04083111734669099
257635,-0.0946388048850875
257883,-0.3913107919864202
257884,0.04425849747170823
257909,-0.01075901590909754
257916,-0.2923024680295772
257917,0.3659913553018963
257958,1.1367848209760418
257962,0.16109578268149424
258016,0.0903074810456497
258025,0.803967342702771
258036,0.05763608907241027
258039,-0.0234894458752363
258097,-0.5796446660057877
258098,-0.1656788877132137
258105,0.47665881185118086
258121,-0.04692858709887838
258153,-0.14325654654274156
258155,-0.19980879859604272
258160,0.2141464661510114
258178,0.6538560564471708
258196,-0.5447891181673619
258207,0.3801962834127528
258238,-0.29074325479589436
258246,-0.34267597662968186
258248,0.49361873917189664
258267,-0.03676594463991495
258270,0.15082022432381095
258271,-0.2087692687222547
258281,-0.399265585601789
258287,-0.14199419148729475
258292,-0.6567007686233104
258296,0.8252992079173359
258302,0.10907103719724798
258303,0.18249961333818163
258305,-0.05838610693969358
258310,-0.06025221482709451
258316,-0.20184484346048984
258318,-0.2362726168395005
258319,0.39759709988236114
258321,0.11745728663155466
258322,-0.2171539862547667
258334,-0.04827783066548656
258336,0.24735845386855856
258347,0.46835611202870553
258350,0.3619171253130865
258352,0.3494181165788172
258355,1.076233756169525
258358,-0.4383242948760735
258362,0.12650349064332211
258363,0.42423475164260654
258371,0.3161248706405235
258373,-0.02554976989874495
258381,-0.30710389506215263
258387,0.27587767538347224
258405,-0.03812066072764648
258407,-0.1979885238121366
258408,0.1684966409639347
258424,-0.05159502838850294
258427,-0.2356810227666989
258439,0.05198079156508048
258443,0.07055704139916717
258450,0.6399496452388147
258458,0.6002633753668669
258469,-0.49201478974667734
258470,-0.3402148713215283
258478,0.1058548061366656
258486,0.753786172507812
258487,0.714242526324347
258506,0.13541623208496745
258507,-0.2988960702997759
258515,-0.1550280134652653
258531,0.126959785965642
258544,-0.5387868644122802
258562,0.3804998578643899
258563,0.09319732583005062
258568,0.46479615057128576
258569,0.43845619109581474
258573,-0.07267561141611434
258575,-0.20509882501948332
258580,0.7471370828219974
258582,-0.29434023435944556
258585,0.14091738804239132
258586,-0.8774011039728141
258587,0.4292486730134708
258598,0.16368906233455358
258600,0.08862812945885512
258601,0.19510693293169856
258608,0.4521506023493472
258614,0.03030593817275716
258616,0.7042505666702037
258618,0.7872782617922073
258620,-0.01711267413480853
258631,0.20650376070013965
258636,-0.46105882077522686
258640,-0.2877578707590873
258656,-0.03449628128151088
258658,0.40275028006848224
258659,-0.0033862977179592
258673,-0.12317847196251172
258675,-0.00653714977200618
258676,0.6092787602638917
258677,-0.6949078398736872
258680,0.28384099947190905
258690,0.3861132808182089
258696,0.25005708639406177
258697,0.16939713541626486
258703,0.19073072767097457
258704,-0.37307942030049457
258710,0.14241091506904227
258713,-0.07731804757640419
258717,0.5790361728866085
258720,0.10296735761409308
258734,0.01244007708437403
258736,0.35035862859369393
258746,-0.5285114092409464
258749,-0.14855516695330262
258756,-0.21565013485991277
258763,-0.1821402375460907
258764,-0.6182188754288321
258769,-0.00309267918768784
258772,-0.01551920527074231
258775,-0.4450228832694917
258786,-0.00365800733188922
258794,-0.13506984920285675
258804,0.7465865838424233
258814,-0.5391363523778923
258819,-0.2761932650980521
258821,-0.00186485275927544
258832,0.06572268424473948
258836,-0.2445012265557332
258853,-0.5956266107254973
258854,-0.4538400672747184
258857,0.24997449127919377
258866,-0.2573562874240944
258881,0.4454486210513096
258882,0.156161202006736
258896,-0.00881012872780412
258908,-0.528813744853109
258912,0.3635548897544753
258914,0.21647766786185135
258924,0.7336714528468682
258925,0.3619030195150147
258933,-0.42900353296572935
258934,0.1210350335529485
258935,-0.2659552020088916
258937,0.25768102009365607
258939,-0.0884307813945117
258941,0.07114949516831057
258944,0.2133040588126636
258946,-0.22306207602668793
258961,0.20599066922131776
258972,0.5576660358144077
258979,0.5538300250975133
258980,-0.5302890554668624
258984,-0.4503698370469623
258990,-0.06398475347349519
258991,-0.01795646561712935
258992,-0.4232456933951928
259000,0.23114121378481425
259004,1.1506506802202157
259012,0.13098803103918025
259013,-0.29243115565104816
259014,0.5269346239745945
259017,0.14277362329178653
259019,0.20183561917332332
259034,-0.03004228506151116
259036,0.11527052674503972
259045,0.21334548382512267
259049,-1.4158173224650956
259051,-0.04999598945684848
259053,0.01679710842429199
259058,0.12283087122470308
259063,2.1705723661102008
259066,0.5437434142734474
259067,0.5427365786029502
259071,-0.17226775420328533
259075,-0.5091169494590778
259083,-0.20146135668381712
259089,-0.23089346881948283
259092,0.05736340870082497
259095,0.47590112852810573
259097,0.8544660978219939
259100,1.0069056141955532
259106,0.00583882548029059
259109,0.37789273245752
259110,0.4836246788042
259112,0.8183301545430671
259113,-0.1255010466107802
259119,0.6231429004716915
259126,-0.25427807647192063
259277,-0.1992667251379056
259279,-0.13243500449892354
259300,0.12243526449112888
259301,-0.13822290167368065
259302,0.18019636892264276
260297,0.18792014126732823
260298,-0.30943884161025736
260299,-0.071343325831335
260301,0.13437381054360353
260302,-0.01573296960508109
260305,0.03368686489845779
260315,-0.7402310710829403
260408,0.20155421478192664
260409,-0.00689107234207398
263406,-0.07560023390045509
263764,0.05528830109803229
263803,-0.5588674746160687
263876,-0.13901915263295136
264064,-0.09662215868066884
264134,0.01610413546752156
264895,0.02541385418403254
266614,0.03365123261238678
266620,-0.00481573435305981
266632,-0.04470144773003168
266645,0.21598113768321128
266690,-0.21520681241248812
266692,-0.1790276414172371
266744,0.5750497911373738
266781,0.02257647743804488
267019,0.3623261804019019
268281,-0.5421423989227974
268288,-0.07455807609265566
268291,0.1701626682366735
268294,-0.24951170489094449
268297,-0.03356719135324376
268301,0.08570285284582456
268345,-0.534426634824836
268354,-0.4165596461975042
268373,0.02251383827439979
268379,-0.4793438769569942
268395,-0.0485393012852502
268396,0.07875394583582573
268417,0.01545510534322033
268420,0.04651270176303389
268445,-0.10751801776877618
268448,-0.19489718097029268
268449,4.2319599698332783e-4
268451,-0.02385608488773416
268465,0.05315117363478858
268469,0.08282360196115586
268481,0.08111261629000367
268482,-0.2259022465271595
268490,0.23887747851675728
268491,0.3024433884843155
268510,0.08268495878416238
268512,-0.22109810341335925
268527,-0.13475809275103262
268534,0.0304451620483633
268564,0.2794748200329839
268566,0.19291259174181144
268567,0.01945139842607568
268591,0.0865337788910667
268656,-0.16501124010446178
268663,-0.2022221825254097
268686,-0.1324294834726886
268706,-0.033115537009936843
268709,0.06248985875515198
268721,0.03759013343805504
268739,-0.07664606915744113
268741,-0.3967752603941917
268747,0.14195656932254444
268749,0.01559898309218697
268752,0.08524180034998328
268759,-0.04040599724176667
268780,0.32022174321300056
268782,0.3552102419034222
268783,-0.13172661180505849
268807,0.283815195469405
268822,-0.06977540074516281
268857,0.0520926895365746
268859,0.02431683111638998
268860,-0.35224010135870654
268878,-0.0818795161185514
268880,0.01293004572977229
268882,0.2595942059627982
268890,0.5513951087136787
268902,0.0795947239995487
268903,0.08905634650287857
268905,-0.20991004287281928
268930,-0.0549186912990258
268932,0.274878964564616
268933,-0.07165502031128962
268934,0.1527074866270028
268935,0.14718513229727562
268936,0.23480966265833467
268958,-0.29204909337592394
268970,0.1863594875380316
268973,-0.4028328287777845
268977,0.36855962932994363
268980,0.2033006915493859
268996,0.0405668492957517
269003,0.10334899016714502
269016,0.4183752722529601
269019,-0.3882899701007751
269037,0.551195093198203
269053,0.09841329259991734
269060,-0.08723215596302826
269061,0.0904894846195246
269063,-0.3657811265034563
269109,0.18249229612007692
269113,-2.2156646636318708e-4
269116,-0.02175947293449147
269120,-0.1607786346369504
269132,0.027225690443343942
269152,0.4250009196044076
269180,0.29583914118565446
269181,0.12575954640448556
269198,0.06670761452108459
269209,-0.13885353498948189
269224,0.4410404740577823
269233,-0.05344328571314794
269252,-0.26906990494291055
269254,-0.03644859850241459
269261,0.00531289714511461
269275,0.03854851827320064
269295,0.03768233096235082
269328,0.4468678804564372
269336,-0.05725630493476681
269338,-0.04813505015745989
269344,-0.24581533626420568
269356,-0.4050033295104772
269378,-0.2156775750164461
269389,-0.04888939777082912
269397,-0.24800109586276264
269400,-0.06801072278098663
269401,-0.10085354675913774
269423,-0.0040932520536939
269424,-0.04538073815065749
269437,0.04416405962317055
269470,0.05204976991544802
269473,0.11819532579776718
269513,0.34028091757599666
269514,-0.08509684099213553
269523,0.10438992128014202
269529,-0.47593615073997375
269536,-0.01103516728358224
269582,-0.10718777874779924
269585,0.15127969472245775
269587,0.12508160828329498
269589,-0.13061089573373208
269593,0.03352314569528328
269604,0.2100011281626895
269608,-0.05105402947724914
269610,0.6667435677900082
269614,-0.13320555701438086
269615,0.0037062543637706798
269623,0.04585601568757179
269633,0.4485519178950935
269639,0.29258628452347796
269642,-0.07681782602066195
269643,0.20296442285878155
269682,0.07024936938762444
269693,0.5802958407506602
269695,-0.01190295997788989
269700,0.15527198645631574
269701,-0.3709067638520963
269702,-0.40096279431509024
269704,0.08531377084506823
269713,0.35043794667493544
269717,-0.03028464649221458
269774,0.1572479882351453
269784,-0.26385687764460575
269788,-0.04868365064597514
269800,0.1863397735707788
269823,-0.02574627930225785
269831,0.1862006406441491
269854,0.07810103460938048
269855,-0.4235346104867248
269870,-0.00481327276483764
269878,-0.7735443252459167
269881,-0.06261275697353859
269941,0.10744520652419406
269951,-0.10589348826881972
269952,-0.09207858126922078
269954,-0.03864744086687834
269955,-0.4171949595359722
269959,0.1942343425581484
269994,-0.03146181694141442
269999,0.0345019292053015
270004,-0.10064326179189988
270028,-0.20952781044759897
270035,-0.1283203993783218
270049,-0.24324379816692857
270058,0.04802647284343903
270066,0.05549865649367612
270076,-0.17138248079702068
270084,0.13830806535793533
270086,-0.14695471427525944
270091,-0.23700307874922416
270096,0.11634824611175662
270097,0.5219023818552418
270109,0.41958776611503446
270110,0.04086156087336404
270118,-0.02949344881893277
270120,-0.3470644478176227
270150,0.3012629283664566
270151,0.33410509954701445
270152,-0.00177349797585693
270156,-0.1992986073478984
270160,-0.546469977177066
270162,-0.9642843241688872
270163,-0.2978250329741423
270166,-0.07108356192430426
270190,0.6129399118354862
270192,0.7620329376915739
270198,0.07818534418898723
270201,0.01950954405497386
270210,-0.3323315490390092
270624,-0.22099831083327023
270669,-0.34110232392074136
270672,-0.06582718146921313
270685,0.111400877452032
270757,0.05463884365077746
270802,0.06942870487142651
270893,-0.23375660959616013
270906,-0.30595426107445456
271005,0.172699942998038
271036,-0.4370480159016372
271127,0.14211521731725313
271209,0.2544814978729604
271221,-0.3608262133181628
271305,0.17094238299748787
271377,0.02965016982543036
271424,-0.5295155702603221
271457,-0.01859830494963521
271564,0.2694660694192369
271639,0.35298690884974926
271697,-0.26339495449677863
271786,-0.1959975395312773
271813,0.21459036971924503
271842,-0.14245648155026253
271844,0.7303536490504816
271849,-0.2590287895491291
271887,-0.1278446879876335
271944,0.3339915582392926
271970,-0.40487293228077464
271981,-0.3344331100325358
272027,-0.214663869697777
272322,-0.11401967927062912
272347,-0.28516396404549726
272359,0.05886437640946886
272381,0.04410306905682217
272382,-0.17890009054513556
272396,-0.1318894717062875
272411,0.01627069802153968
272428,0.7021590078066526
272465,-0.1642222943755741
272538,0.1881175402764538
272551,0.27738698888058044
272589,0.08909142590585795
272636,-0.5326421688547986
276770,0.00881451586130308
276829,-0.34594019899708933
276846,-0.04546188251264531
276852,-0.06830452774966259
276891,-0.2847034235467279
276905,0.23950830374035287
276919,-0.2462516418267366
276920,-0.07437751787344246
276952,0.0898713043347674
277010,-0.02061297122050027
277154,-0.02894921468924302
277203,-0.00624129255424815
277250,-0.30340374540855364
277328,0.16313514428669323
277343,0.00113845818893319
277353,1.019563693536636
277360,-0.00768652654111317
277414,-0.0260947468689047
277432,0.23388501548812335
277463,-0.00841197569730613
277468,-0.0476308127749716
277496,-0.1462329362990089
277743,-0.7136459769525687
277854,0.06452688604914245
277898,0.02816230723465326
277939,0.09807706501502345
277973,0.4125466896482477
277978,-0.35382954275086614
278097,0.2645404847829166
278180,0.32988013927867255
278279,-0.05266923162050581
278507,-0.42424779644315097
278795,0.4618192204853845
279028,0.8102129192576135
279029,-0.23494519056158172
279499,-0.03726047950453526
279653,0.03556342046601801
279766,-0.2260363197076736
280287,-0.3109778744229121
280408,0.11048656028656824
280411,0.12653325146452002
280635,-0.4468999388494789
280645,-0.17505165408302784
280662,-0.9297567927948476
286940,0.21190819494717447
286942,0.0286456476862416
317652,-0.3815688228276416
317653,-0.196805730200569
317717,-0.03426789681900222
317750,0.6808189481759829
317755,0.5565034318607851
317757,-0.11054791564859442
319162,0.05636087638938414
319163,0.23624485971255213
319169,0.00857972450421951
319176,0.03236932018544225
319178,0.5568800777114175
319186,0.193275074625258
319188,0.17089700754808507
319189,0.18395394634633155
319196,0.27321340782135817
319197,-0.9413342726465064
319200,-0.01772318087131372
319207,-0.14520658189112187
319229,0.01481613263657792
319239,-0.35453184968338103
319259,0.5246241790408609
319262,0.13582117841627947
319263,-0.12449403655959058
319266,0.09264214871746312
319277,-0.13058059746932713
319278,0.06382057979427345
319322,0.07962399947430049
319352,-0.02372920112451475
319370,0.04414525357264205
319387,0.21265826522357775
319415,0.4332678612980435
319430,0.14017788913357257
319446,-0.17459444902936588
319448,-0.0741449600567818
319455,0.1138267036084708
319468,-0.08790367073543956
319475,-0.3081510267643328
319476,-0.2759618765358418
319477,0.2602648623400977
319478,0.2354064296143279
319481,-0.0276689279605007
319504,-0.4357285455475294
319508,8.691726571938008e-4
319513,-0.08044152239087002
319518,0.3209739006697691
319520,-0.08298780660721021
319530,-0.5428277487506171
319535,-0.17744788151082197
319554,-0.13460451560956324
319555,0.28930332354817995
319565,-0.14777239007729914
319579,0.5051624906988252
319582,0.4074844082577622
319583,-0.22762754003672703
319586,-0.3402656085708646
319594,-0.2386940915749279
319601,-0.1133490299259844
319604,-0.05183020085576226
319613,-0.7094181268456322
319618,-0.06222486187860848
319622,-0.2215298035604533
319625,-0.0644239663501993
319634,-0.3891334935438003
319636,-0.05747259393732112
319638,-0.0711701843315022
319642,-0.2656255228470354
319651,-0.32576142172509304
319653,-0.43951111482866234
319655,0.4559278536515437
319660,-0.33961488299647596
319670,0.16223487774958578
319675,0.12654067595100105
319695,0.642597640931014
319701,0.06046849944434732
319710,-0.3786709524379827
319713,-0.31573109198195054
319719,0.11212723496081724
319734,-0.13813921220594666
319740,-0.14572210031203214
319742,-0.03517334640274341
319748,-0.09101670160966852
319757,-0.10649418989992408
319758,-0.3434631509800927
319765,0.0913486810962518
319767,-0.218376721955844
319776,-1.1095602005371137
319801,-0.10727823077234629
319804,0.8114550912179963
319807,0.13361704024436738
319817,0.1627483085878279
319822,-0.141820694845549
319832,-0.4735476978524529
319845,-0.2130317975370869
319848,0.5634776875966698
319876,-0.00347176682008186
319880,0.04997572271345089
319885,-0.02214927552646189
319899,0.01274592711704927
319901,-0.24744513509768631
319909,-0.00756887152176563
319922,0.6678900177141924
319924,-0.22764179721923544
319930,0.06966738565829683
319934,0.7086926680194144
319939,0.2624384929667842
319942,-0.5465521582119484
319944,-0.03523618837002146
319945,-0.07282616282628011
319953,0.16856540272884585
319965,0.02115014883280306
319974,-0.0797159853600577
319984,-0.11438097273893758
319991,0.15485327312406322
319996,-0.0114645584983916
319998,-0.1182218396233104
320007,0.05372868765958494
320011,0.01346956022594889
320022,-0.12788644260488305
320024,-0.0786377264040024
320027,-0.33310183950707706
320040,0.13983528537309137
320051,0.536540175262719
320078,-0.5304678942808501
320080,-0.3231849434201074
320091,0.5845062500662038
320095,-0.24529106291094777
320100,-0.01385099895564678
320106,0.01800942379833742
320111,-0.21625250698343496
320116,0.13618405679873774
320118,0.17113016728848543
320119,0.11880313150107412
320127,0.010756897119153
320129,-0.18414566999548948
320135,0.28842433117305744
320139,-0.38808353429671216
320145,-0.5863375839726822
320150,0.0126591769719421
320158,0.44019655634806343
320159,0.23885884072807664
320162,-0.19901239757004585
320165,0.0256090874672101
320181,0.12561359941802142
320183,0.0518595291058912
320184,-0.01260558291422788
320191,0.06714182783729958
320202,0.3618428814127229
320204,-0.16841886166651113
320208,0.05576819178882893
320213,-0.06339219893179965
320214,0.44709536689642826
320226,0.4076030167623445
320234,-0.01825319179117103
320244,-0.07118535018348245
320253,0.09142309649500628
320256,0.06331509257948408
320265,-0.4722806431229848
320267,-0.1759570804530627
320271,0.06265393799149635
320277,-0.2111948338686804
320292,0.06840076630861901
320299,-0.07920352999567931
320311,0.2125359384291947
320343,0.5235817535753577
320351,-0.16888061018240183
320355,-0.299756357278938
320360,0.3696995532954187
320365,-0.09359289246869314
320376,0.20015455446876523
320394,-0.03712241695680279
320398,-0.1692208063231767
320404,-0.05046494714527219
320405,-0.13397906253207614
320415,0.12051927017324726
320429,0.23764668427749852
320435,-0.06630631062174862
320438,0.0337831493956616
320452,-0.08781258068070322
320460,-0.2534848242858809
320472,-0.13204979668230532
320473,-0.04214221101982451
320484,0.11739041656998324
320487,-0.01759471648550659
320492,0.21277039111782076
320495,0.07489291079619605
320500,-0.05277849680826038
320502,0.20473797232908272
320506,0.23392901453183643
320508,0.09606947834997612
320522,-0.5356721831555648
320528,0.4856346163179258
320534,-0.17236879857012732
320538,0.11760031518738616
320554,-0.37720540826284465
320557,-0.3991134274059316
320558,-0.3070606943467708
320560,-0.00823086967288282
320563,-0.36396798853974766
320587,0.6208057359793588
320590,0.08079103475108501
320595,0.14197177133955666
320604,-0.649243336211787
320609,0.3980562884964487
320615,0.35982024106577326
320632,0.03624017900230768
320633,-0.12158910664807876
320634,0.04293516152823065
320635,0.12977462715486507
320655,-0.12489493223393586
320661,0.1074601216650912
320662,-0.39237263737242073
320664,0.2550929699702369
320678,0.179531665513174
320679,0.4314630457589896
320683,-0.13409870529691764
320685,-0.4167909856223728
320696,0.2527119980726348
320701,0.11075006951416684
320705,-0.1056480485982176
320706,0.2970441227941725
320707,-0.05795507088834038
320709,0.352650843566677
320712,-0.3144964580726809
320713,-0.24132841072232208
320714,0.06278070874136847
320717,0.02628490615192212
320718,-0.5265100327111335
320720,-0.24562416210305169
320722,-0.05355829625200654
320727,-0.03066481073587991
320736,0.847217181307891
320747,-0.34099797620185335
320752,0.3521916318793699
320782,-0.30992995885140795
320790,-0.06859482287344998
320795,-0.1162297333458188
320799,-0.1236225061846084
320806,0.08158130137807271
320808,-0.00924586004479752
320816,-0.21367613623512569
320817,0.0591875725393892
320825,-0.2127607735459992
320827,0.5094996927867075
320840,0.13447541562673335
320858,-0.5385165016751841
320864,-0.3850439149456106
320865,-0.39885703041610654
320869,-0.29587876943533026
320873,0.2708946645595673
320878,0.06652889210463608
320910,0.0226195167502763
320916,-0.01197248210783107
320923,0.04194527695379932
320924,0.03048152382026742
320938,-0.0605923122964334
320940,-0.12652852139275195
320951,0.01135316821826374
320974,0.26990159199864955
320981,-0.37668972747647667
320982,-0.2286125871991911
320995,-0.1311557797278694
320997,0.7123733024609513
321000,-0.4037743961646654
321006,0.10482397639620356
321007,-0.02751232623152964
321008,0.2111982698451806
321019,-0.07107254746060744
326622,0.1601866555517842
326623,-0.1517385460610869
327655,0.16088100013057355
327743,-0.02569812345097866
327747,0.179490429021187
327762,-0.3664273255015057
327766,-0.3929912484510689
327799,-0.6783668158106417
327814,-0.5300746222939062
327826,-0.09685995386839837
327942,-0.05654124116157081
327951,-0.6364541554106568
327954,0.12405353398248362
327956,-0.1133947614885242
327957,-0.10867910313208494
327958,-0.6403880200952842
327959,-0.02967566679065634
327978,0.10699474915200058
327987,-0.17379418433515365
328019,-0.1764725832347608
328035,0.32662411050615475
328092,0.3699580601342871
328108,-0.2295132640973651
328110,-0.07292251123382949
328162,-0.12270677996387412
328232,0.16478161839774233
328234,0.1808290758558249
328258,0.38890930499027226
328329,0.2033916400609996
328365,-0.00677840074461755
328370,-0.00793694119414429
328381,-0.23210643682529425
328401,0.2509756302807995
328417,-0.07414414254284583
328424,-0.2107628566015092
328572,0.00446962049153831
328580,-0.292969533301401
328643,0.10386745535421436
328778,0.6181835245551324
328779,0.18619501679334988
328788,0.19433558963819808
328789,0.16050639814581025
328795,-0.06150282666237716
328801,0.01478127821514028
328833,0.21649623314361455
328845,0.2432532648886719
328949,0.31615590180989117
328967,-0.12862236763072454
329002,-0.00301356367459314
329003,-0.04279844699392601
329015,-0.02525427109423781
329064,-0.01316015355612494
329093,-0.6326165346785682
329152,0.6754782950507244
329154,-0.00955554776935763
329178,0.4352453421435272
329207,0.6219105224997286
329244,0.3588434430378932
329251,0.3457032177899373
329252,0.8325484682616184
329260,-0.23698724370336316
329274,-0.0340635522669948
329278,-0.616919077312015
329324,0.16095889590915993
329360,-0.22135473407942577
329375,-0.03938963975701241
329384,-0.18815669929365664
329416,0.1442928635347868
329421,-0.2943556900943821
329460,-0.28698929090480396
329470,-0.04591312614528849
329502,0.7205931921345977
329504,-0.06995209026549773
329506,0.24255257743892072
329540,0.5122107087973062
329547,0.02082364797606087
329559,-0.5069306602626634
329581,0.305800375131943
329628,0.17757352085648434
329641,0.34752598032414495
329650,0.19613807378405385
329659,0.3928777522445773
329679,0.31120957181059755
329693,-0.0807179987432758
329727,0.5889190202467204
329731,-0.14500456489976457
329738,0.3480909504985974
329739,-0.03338957801007427
329777,0.23125896011510017
329795,0.1631771619116209
329828,-0.03797612594074734
329831,0.32047817851226346
329872,-0.7357037317153838
329877,0.3231929544480859
329908,0.02489770047857294
329910,0.2159397889691815
329934,-0.8179284736562975
329941,0.30767366482345493
329954,-0.6510233529883122
329972,0.09152633042306656
329977,-0.604195058113547
330010,0.25148103692587553
330050,-0.3396539307610761
330064,-0.09127403488515048
330096,-0.13283493150508857
330119,0.3479136665320458
330122,0.07015385227814191
330149,-0.4340066036742248
330171,-0.07938013575093664
330177,0.29561045373192885
330188,-1.2025654602367528
330189,-0.04473901005367724
330192,0.03501561591080289
330216,-0.01167619865933813
330217,-0.4333663263024127
330222,-0.11284570538903917
330230,0.07124945710178761
330260,0.05670465581884874
330267,-0.3789777588530804
330277,0.8782331682027945
330286,-0.08636986248919158
330301,-1.4893432183808586
330319,0.4214188980855611
330323,0.2993661982380413
330355,-0.372856796936451
330361,-0.4593886397285031
330369,-0.03478980248044307
330401,0.03779583839237594
330406,0.09789536721652849
330409,-0.29844763873111785
330428,-0.25799531153584254
330450,-0.24499773673452613
330460,0.1775236647058686
330463,-0.13086057830864914
330470,0.7317388211932856
330474,0.102528838318109
330483,-0.08552633925118318
330485,0.477711997338739
330502,-0.25034211244736904
330554,0.2390593061353678
330577,0.0557937683033365
330627,0.23304544112410197
330657,0.05390130856908845
330660,-0.07518379270632176
330662,0.7127755409708698
330671,-0.9627700796778054
330695,0.05039496173773321
330721,0.4650905841124156
330723,-0.1506092582397341
330790,0.5033639669085235
330812,0.3734749452831243
330814,-0.20761707240685465
330817,-0.08361367411304069
330820,0.32176769096679075
330830,-0.14891574456351725
330836,-0.5039166283665747
330863,-0.2794260402620331
330890,-0.2588171008345588
330908,0.2793883731790921
330914,1.5139832432262283
330921,0.01480060693710567
330938,-0.557436129281957
330941,0.3584832709868819
330953,0.5700155139621378
330959,-0.05853973746348585
330962,0.6705186806964247
330998,0.8609737791546965
331004,-0.05194721888059523
331026,0.01626081917711353
331046,0.7537243757319511
331401,-0.03536531432703562
331461,-0.15318215513018726
331474,-0.2703847364187987
331487,-0.13147864950107852
331524,-0.17210967234705915
331532,0.2444085505513872
331535,-0.409063096712878
331623,0.294940356685896
332110,0.7822519978357205
332131,-0.5369960225039208
332175,-0.16246531015124582
332221,0.1573121594194095
332309,0.00324622003093262
332359,0.6269458065839268
332396,0.15885860834467977
332397,0.4959459704092312
332427,0.20112537152645088
332578,0.4170942624672834
332579,0.2713528391059923
332713,-0.03210478331348491
332934,0.0731730062961586
332937,-0.2715814354482609
333048,0.2395039891411456
333050,-0.12551715258607352
333182,0.0514549258723139
333193,0.02677682796117422
333315,-0.13405802998388258
333329,-0.04954235618952674
333424,-0.4254801388623718
333433,-0.084675545310013825
333605,0.8189432974096539
333639,-0.20067651641627368
333654,-0.24557056247309256
333789,0.06274274346017408
333883,0.08171254240724823
338320,-0.15997021249669158
338337,-0.1290793582590788
338346,-0.17813712367205814
338348,0.033167547352216
338349,0.1207389418356918
338352,0.18010946202287886
338354,-0.01607645227601322
338355,0.00388967093955904
338359,0.13191287758235956
338362,0.06417258963452133
338363,0.08254288899532827
338364,-0.06748041942857469
338365,-0.0668579209986572
338366,0.00617758926281529
338367,0.19221953100307324
338368,-0.04552126034248574
338369,-0.16039535725381196
338370,0.2779666281503989
338371,-0.04964466094320653
338372,-0.13217039444411866
338375,-0.3022352097271172
338403,0.847695469252336
338417,0.38010145391031136
338467,-0.2937381685108407
338521,0.13643544656179424
338523,0.45063931753610253
347722,-0.16847707109174964
353025,-0.17168874423642444
353047,-0.06398970394523132
353130,-0.1693096846213321
353148,-0.13681312848801364
353155,-0.3406593781429748
353156,-0.8657417001139651
353165,-0.04479660963502732
353169,-0.12445335855813384
353170,-0.11965682420913856
353172,0.01444287884128017
353187,-0.01556949654679466
353188,0.06195123517843301
353190,0.06644730377911374
353211,0.6098851252617433
353236,0.16612713601415913
353237,-0.12374016045525602
353242,-0.07029172416302223
353258,-0.12956479247087016
353282,0.2341944604517002
353283,0.10792223080067752
353310,0.10804888065284496
353326,-0.29786193055600035
353328,-0.1755341340187336
353344,-0.37857130994911314
353346,-0.2530680802349916
353499,0.1298526214834217
353502,0.00363993672499626
360013,0.18532134665857017
360213,-0.5408154125111001
360216,-0.01789951938034855
368202,0.00528652659293362
373864,0.20244205097677892
378425,0.4943508424451604
378430,0.2506792986559145
378431,0.17455537655636594
378435,0.13688896736960238
378460,0.2832064128456938
378462,0.01362898280265754
378700,-0.187404286412711
378702,0.07965231028040096
378937,0.11466081329754972
380601,-0.04747699132425244
380614,-0.00644543467027884
380629,-0.055362335916988
380660,-0.3996692286091653
380664,-0.3304233392174243
380669,0.6862730354193862
380683,-0.06856065405877187
380684,0.17988328377122595
380686,-0.4656948894276266
380698,0.6500728211731055
380702,0.09713733474119968
380705,-0.01144653050990522
380709,0.17423643824379706
380711,-0.18456909053675005
380712,-0.13005210778107196
380713,0.40748621329547247
380714,0.08460323537257247
380718,-0.01238270077917767
380728,-0.10041201148325772
380752,0.09049628789271556
380753,0.24251336749716584
380755,0.3654084293981126
380773,-0.02001983949606459
380780,-0.07408931717964733
380785,-0.02675632859352447
380836,0.07043879906976072
380840,0.1428463302183759
380842,0.01634193631033135
380863,-0.48281539683948294
380912,-0.19163053965631627
380916,-0.2553905468770752
380918,0.3434203237140242
380921,-0.02428018463406316
380924,0.27723209940639676
380928,-0.5211246154506504
380967,0.10406576362568026
380969,-0.26241787934138305
380975,0.11608768730375858
380993,0.4089436113455901
381022,0.05204364535770872
381038,-0.03105327392570923
381062,-0.10604918858423935
381073,0.4470953387708002
381077,-0.49142153509124825
381085,-0.0524295906677182
381101,-0.16436294678978777
381104,0.2012378592511837
381107,-0.11525482763141126
381110,-0.01888708576850914
381112,-0.9608585884441168
381113,-0.2645030218452531
381122,-0.12792475562213507
381126,-0.22212420465860544
381142,-0.07117008775474615
381157,-0.07042888463017274
381175,0.5980171206553888
381199,0.1097296291285805
381201,0.01239504865373345
381204,-0.14561669193841903
381217,-0.2121203999605316
381229,0.14160051390366585
381246,-0.8709286505453319
381259,0.1524360484510172
381269,0.25277987698913285
381270,-0.00301600666475232
381280,0.1790838291994516
381290,-0.3761956606668788
381293,0.04181540217448062
381305,-0.03391761498286754
381306,-0.0121819610440172
381310,0.21728052645403584
381314,-0.07401993039863758
381318,-0.12145784788707546
381319,0.19432445648638288
381337,-0.1563049356134784
381338,0.25646642024327937
381339,-0.34815895534307734
381350,0.31883865623289337
381352,-0.1749771660338568
381353,0.11622018804653594
381356,-0.10975520820664796
381359,0.31607842155974586
381373,0.19598791182371025
381375,-0.04095143874541877
381379,0.13684809744577034
381399,0.2297546938517077
381404,-0.08341493027534455
381409,-0.110408596084117
381410,-0.01029423800258999
381411,0.4268327130044241
381413,0.26802358137535154
381418,-0.3464403470093935
381457,0.515560636133586
381476,-0.16909265668026505
381485,-5.039331399373861e-4
381489,-0.10014991237177918
381510,-0.04854460791366912
381511,-0.41398759948412456
381522,0.4411362882580549
381534,-0.4139720011606503
381538,0.7279233218386261
381544,0.292070404334339
381546,0.25493462933201577
381549,-0.05871420510350224
381560,-0.05585431497750048
381580,0.05148290172418181
381582,-0.3483346597258661
381591,-0.15053428806326952
381605,0.12890422862464873
381626,0.13015496137204488
381628,-0.5749067674825605
381629,-0.17192203438403691
381633,-0.01394461627833452
381644,-0.2043950073510832
381651,-0.5858390210266062
381668,0.01165520477085786
381677,0.2318008044345532
381678,-0.14033902114690022
381686,0.1515491371979633
381694,0.0116031919066829
381695,-0.2950677593973262
381738,-0.10236590611543016
381741,0.7299160532973095
381760,-0.13707718896100105
381798,-0.15898137394409267
381801,0.5501616160046097
381810,0.5026365063341288
381812,0.09077446292619204
381813,0.01487049750501998
381823,0.2320715459141935
381835,0.5760768035846917
381853,0.01133051926811096
381884,0.07003300206831807
381903,-0.08279208951427429
381921,0.13078354767973585
381924,0.18816113794696865
381925,0.2991959633304032
381974,-0.9753501127664154
381979,-0.22427435063756615
381983,-0.2971761769461413
381990,0.03673384322158322
382010,0.400566243953551
382014,-0.4574529633577009
382018,0.05684648180045124
382030,-0.0725167894552594
382034,0.15052171723829652
382038,-0.22501516506027328
382045,0.1421729411242151
382051,0.11535283209578416
382056,-0.08446839042017285
382062,-0.01951040295253609
382066,-0.13121942203283568
382073,0.1697717977333461
382074,-0.2564766528203119
382075,0.24881535253289935
382077,-0.26109848930121815
382083,0.2339106447158412
382089,-0.11942259694962398
382090,-0.1099742889510388
382111,0.03983866747922797
382113,-0.05134401991294751
382117,-0.5283357960484484
382118,-0.16908868312761616
382137,-0.3413640334445105
382207,-0.25851270917769903
382236,-0.14344489469062163
382239,0.08834910327484158
382252,-0.25057298715324194
382253,0.5683815218281175
382384,-0.07223473466977458
382406,-0.11777485610940262
382423,0.07217092013660603
382427,0.08201298680254865
382543,0.30375951457532824
382562,-0.0934261526705608
382571,-0.2410298506218958
382620,0.0526258606600631
382639,0.47909481775089824
382793,-0.12463097047948568
382864,-0.23021354148105516
382867,0.2823507512129817
382913,0.2724809364365932
382985,-0.46574332293112314
383075,-0.2446394913414049
383103,-0.27884015568768034
383348,-0.00918063124781715
383491,-0.05107490484828198
383563,-0.07305169237548283
383619,0.09066305621382025
383766,0.4169104574206262
383787,-0.4493394674015118
384009,0.1229183433093946
384061,0.3009735317220406
384071,-0.16720872924365057
384185,0.4643619168424741
384214,-0.20466971066003137
384309,0.08030387135881664
384763,0.11617093159545158
384783,0.01036951575279185
384997,0.5246577454579061
385354,-0.11737782901445572
385377,0.46705054711683286
385658,-0.02283653411536322
385668,-0.19528311306829577
385674,0.001034138288154
386454,0.41284004662265217
386463,-0.45311296828976966
386611,-0.6259866552197669
386612,-0.1339010261801136
386649,-0.02348487387208179
386655,-0.5590469986065367
386750,0.388053300648372
387285,0.07073068036075605
387314,0.3528888283874009
387346,0.421298287826919
387347,-0.5926816564667481
387348,-0.7889331542306409
387349,-0.1599376074264195
387353,0.16260950045088546
387355,-0.43827249955001785
387356,-0.11258029295975526
387510,-0.12037716956908098
387512,0.32201726792854424
387513,-1.1777471994218751
387515,-0.37389130364818024
387524,-0.19961724602301212
387609,-0.1379522027459182
387616,0.05991423638167854
394252,0.11377839794669534
394433,0.14584384857217342
396184,-0.16984983836098214
399510,0.01780875203580705
399548,0.04832205018655497
399558,0.438774926366976
399568,-0.10997477111492932
399603,-0.22330912171072145
403171,-0.1617552070319475
403174,-0.10489586090793662
403175,0.08409909757142237
403178,-0.17217430928036234
403180,0.23421139846468797
403187,-0.07035367516460245
403205,0.5234841690623435
403395,0.23670347329620617
404194,-0.02708483342583664
404222,-0.17113079814377893
404242,0.11672431904093138
404317,0.2084999620710337
404319,0.24264251425150457
404346,-0.3408946603694196
404545,-0.34635434488810746
404710,-0.14225453499883867
406217,0.1718191517646434
406218,-0.13254892907133747
406219,0.5340815557145886
406220,0.00192635415235108
406221,0.02865966131236823
407243,-0.8908457298838787
407786,-0.05205472947058357
407790,-1.0771556013049732
407800,0.33401282106137037
407819,0.05624977029838819
407821,0.04325941807392959
407831,-0.22624968866517273
408022,0.1899150814040575
408068,-0.1691386077812823
408190,-0.13646996712316345
408193,0.0471731107464691
408198,-0.01662149494351316
414069,0.138338219994126
414077,-0.05381855205825073
414084,-0.26634320957474134
414801,0.0844303036554592
414872,0.06382069444229098
415115,-0.04487935852438612
431706,-0.24002331240393776
432442,-0.15682979872916689
432467,0.121868562927497
432478,-0.86072477211076
432486,0.01944825588658975
432508,0.16284932446000552
432516,-0.2841265873810599
432552,-0.16033094865872413
432572,0.13243025207001136
432611,0.2554608952399986
432628,-0.04994848380085075
432677,-0.22467940797595057
432763,-0.31505137404387823
432779,0.5157665152206864
432839,-0.20521292221094845
432879,-0.2423377474287237
432940,-0.05490226898657655
433022,-0.285185640669381
433091,0.00335464936745902
433178,-0.14899869102663274
433256,-0.02382220332285511
433292,-0.2248543305733907
433294,-0.2476457644857613
433323,-0.4794895094076964
433375,0.03354213278222888
433386,-0.6168675179405662
433470,0.05334182735800343
433485,0.08301172072054432
433586,0.1206262985145922
433619,0.4432669889354168
433638,0.2465153002078303
433667,0.00219452416669577
433693,-0.01700464142245844
433700,0.04093001799347415
433702,0.03288642912074533
433759,-0.03545365346585071
433766,-0.01534388236933951
433771,-0.04001984022236713
433809,-0.2116195490917157
433813,0.13127854409287337
433864,0.09169331486498287
433899,-0.132401344227128
433904,0.3980362220768593
433926,0.3699702337630747
433931,0.3418009764316931
433938,-0.2358696333441529
433940,-0.2180962012937297
433956,-0.00290691508393126
434008,-0.7031663692267575
434128,0.23698841099744627
434130,0.16475379826904915
434156,-0.07103090959304167
434203,-0.0536962824460003
434204,0.07315522589314526
434215,0.20879585980252705
434232,0.2269734553270615
434246,0.2528691666018538
434325,0.03676709276536772
434341,0.13718644441315486
434377,-0.4015264620550677
434402,-0.02715029951228306
434423,-0.1122281007171196
434437,0.36759153668564554
434438,-0.135281009454778
434439,0.14815155008946523
434484,-0.06557551869977851
434756,0.4712734874144264
434778,-0.3154535026975227
434784,-0.07129023275765463
434903,0.05443014191203961
435145,-0.9310745200275032
435285,-0.118067864582497
435286,-0.3656571980537472
435391,0.01393990762732069
435528,-0.03043215457382559
435529,0.1239460061901246
435626,0.3489490134183777
435653,-0.2400563131756307
435684,-0.20874497434696268
435811,-0.21584368437847992
435815,0.2977910051281307
435818,6.299952413058377e-4
435965,0.095861111596125
436022,0.3521531009395025
436059,0.05892137960978295
436062,-0.16289671480370718
436240,0.5951555136659004
442801,-0.08909685180828558
442829,0.19738328460179988
445007,-0.176804841540757
446101,-0.2661098583543125
448850,0.14705182304927897
448987,-0.18686462571181736
449521,-0.09477972414420756
474156,-0.2048616887489248
494448,-0.10196631901509112
494468,-0.19702539877566644
494504,0.8473100759838428
497071,0.4447120079754373
497097,0.2552588788812209
497106,-0.3879862667155589
497113,0.27068726732713866
497652,-0.16207229426111458
503558,0.11695435903411802
503610,-0.01940926137909819
503847,0.4253633681767324
504186,-0.4741130359266005
544678,-0.3051476057663382
544696,-0.15633790901116185
544763,0.0997643220737406
544791,0.657167814103166
544817,-0.02787070523210333
544963,0.13981274003322078
544971,0.0375637715833751
545030,0.0963579501441526
545085,-0.05284152516422781
545091,-0.14445255845965288
545136,0.12136553960024989
545156,0.3831248341614032
545192,0.00643106050976111
545260,0.27253291660334217
545276,0.11914039194613846
545279,0.28641631814287505
545291,0.4561156735942755
545370,-0.4353721932064434
545389,0.3697417777175962
545428,0.3412940792935887
545474,-0.0106789661880867
545481,-0.2808662471933957
545486,0.37638646314615737
545527,-0.13514518296176511
545554,0.04662565747982428
545622,-0.02103871675100027
545667,-0.31425102460962345
545798,-0.00525668079640808
545817,-0.24610051894956064
545824,0.2636999683490757
545893,-0.8465240258234512
545902,0.6623818714019734
545975,0.05141423141715247
546071,-0.0793374227950232
546134,-0.3221808485996689
546143,-0.16829201123116824
546144,0.6786452016261191
546336,0.05487519744511708
546519,0.402366073804581
546611,-0.1665697086674741
546648,0.13072809209220831
546726,0.23969160552699556
546729,0.21426180930212
546747,0.10514171426376442
546840,0.5436520307709544
546886,0.07833641541423023
547176,1.668095541707133
547253,0.04198532723139556
547431,0.22232986264016305
550619,-0.01752070752583433
552899,-0.15489677536900295
574402,-0.22766490699640293
574403,0.5742568334064451
574417,-0.5493745119109127
574428,-0.00922085426381887
595136,-0.03966798009600625
606496,0.00305613441218975
619287,0.7996177912787141
619288,-0.1154434021794348
619289,-0.05885832074009459
619301,0.02988890072847957
619310,-0.23189288915908315
619331,-0.09384200148190802
619605,-0.01241180321000058
619665,0.1399039168310037
620235,-0.15612843974890078
620393,-0.4911530003972767
620592,0.06238064694993647
620709,-0.2437408177364059
620779,0.25699614464764375
621080,0.13568758162826056
621239,-0.00724167076794877
621628,0.15716510832941724
621893,-0.27268556815044903
621976,0.2161250742903829
622117,0.03452736656302854
622320,-0.09455357531720958
622404,-0.05144008693676469
622408,0.02983048729266375
622434,0.43004930744752495
622473,0.4819473911071998
622554,0.08674407258262579
622645,-0.6175698211776088
622665,0.4072481247932376
622675,-0.3406012324812451
622935,0.12266455276126569
623046,-0.02964428401064646
623131,0.22119423220274448
623230,-0.5120199797179058
623279,-0.16070149835991793
623474,-0.2617872613381453
623503,-0.10952690878583202
623661,0.36930588934490305
623781,0.24702113516773372
624219,-0.12869413152620632
624224,0.9904047085776094
624866,0.16624966528091628
624910,0.382388030903344
625098,0.35747581492126806
625249,0.1122257810937394
625286,-0.0734613372698065
625638,0.45936725747062424
626359,0.2386430320543101
626596,-2.0791418660912227e-4
626834,-0.01400426317481885
626870,-0.11245888068754144
627049,-0.43672457900306727
627191,0.463833951081423
627214,-0.05727672959718513
627607,-0.35006632503056573
627626,0.06782779310719061
628100,-0.09234652279821344
628779,0.3330950840898779
628813,-0.11343105199887137
628870,0.4312407842601512
629059,0.451139621177676
629114,-0.5955802728004701
629147,0.1342779912667922
629303,0.8257081323072348
629378,0.08323694025938502
629499,0.03638731087244128
629524,-0.24327680267213211
629747,-0.00413280526229961
629754,-0.3770353445924891
629761,-0.04492519729613258
629873,-0.11151352265020172
630146,-0.00613436187326412
631304,0.5597556657471878
631584,-0.31750687012428946
631784,0.9922412576629518
631797,0.4660799235833193
632126,1.1771638268856282
632687,0.3798839461620797
632778,0.7876631780930111
632971,-0.2620169766516783
633285,-0.1285931194469228
633640,0.17809324949074476
633979,0.0871720721398557
634731,-0.02024668902413521
635169,0.0703819878294123
635253,-0.2981207117679536
636104,0.23420671874438395
636808,-0.19641138206260755
636931,0.12364479848633556
639634,0.27032723007655585
640524,0.5781733195924689
640543,0.17102081625576615
641340,-0.13959104740495254
641376,0.11901500431893054
654459,0.09063724302025916
654460,0.758123356406216
654470,-0.04964989146244195
654498,0.610071389439141
654795,-0.04581607794217728
654801,-0.5740798414838475
654812,-0.23991272523302276
654818,0.33814092942497537
654821,-0.05439174054070777
654824,-0.3827540903053019
664799,0.06673201820606264
664805,-0.2568352058107506
664883,0.14822406586577586
664968,-0.23988790761814904
664994,0.4954343410274097
665033,0.4473767425428915
665113,0.4713018561579135
665119,-0.03459425487867147
665180,-0.2007140452523165
665270,-0.6529468716953187
665525,-0.8457459664197488
665563,0.10012520986521786
665574,0.08994609483628542
665775,-0.16154266665587172
666048,-0.0969432652305873
666060,0.107051246658268
666173,-0.1588003570557125
666279,0.11064188709367204
666311,0.6351408062376007
666339,-0.0946511786084539
666468,0.6095886768619889
666528,0.3220999758154211
666794,-0.10188329270775442
666938,0.291815569717728
667118,0.02488581562543796
667663,0.27242519585117303
667742,0.11805120012618156
667772,-0.14245200741789063
668110,0.20263665712733103
668158,0.1979220458951006
668166,-0.33195681495115414
668173,-0.02666742473215579
668212,0.25881790805749333
668257,0.11674042782956362
668303,0.8751284198840132
668433,-0.00994589951224293
668501,-0.17676319509044083
668929,0.24537895299088117
668940,0.22817672651453869
671232,-0.01050574056140171
671535,-0.03311767185349121
671564,0.2870136191477884
675812,-0.03127160328264836
677296,0.2893966039235973
692132,1.2576992788520365
751865,0.02089391721480066
791260,-0.35750508717030005
100009600,-0.08455475824994378
100037258,0.00916206927828369
100037278,-0.3870531407752422
100038347,0.2403154589315976
100038417,0.3422164197859224
100038725,0.8118933378712638
100038882,0.11333063101006947
100039139,0.27141300262175777
100039596,0.00441904968731553
100039672,-0.33679065761965316
100039781,-0.7451681376694523
100039795,0.09425098274395932
100039801,0.7798970576601227
100039968,-0.01230234914499693
100040591,-0.5834345950587746
100040608,-0.27336201382719844
100040766,0.1691061539131233
100040972,0.5355235171615703
100041096,0.03249115054778313
100041581,0.38778773909005615
100042150,-0.5564319542569258
100042450,-0.5448798445637086
100042480,0.03283389209701022
100043057,0.21794915605661525
100043254,-0.23331072068869776
100043314,0.09590977554178055
100043332,0.00464331979901972
100043474,0.02212722802659333
100043597,0.2007037013146334
100043757,0.2188439740804544
100043861,0.04158347214789182
100043899,-0.18147375972913593
100045792,0.02814204868526278
100048534,0.4825141939556634
100048658,-0.20897773665412755
100073351,-0.34110232392074136
100113398,-0.02235351824812242
100126824,-0.2218483373042868
100216474,-0.3222249904552567
100233175,-0.12499661538221309
100233207,-0.20638365676789544
100416706,-0.32342372257536467
100502698,-0.05665786078871408
100502841,0.0930076087022707
100502861,-0.03965033431529811
100502876,0.4537458253713892
100503041,0.40652247775598904
100503185,-0.02172045206296803
100503311,0.04939079654102302
100503361,0.6116264411065176
100503572,-0.17435684952484437
100503879,0.00766205334371469
100503884,0.20129904038542365
100503991,0.3798577221171182
100504156,0.22885790555008617
100504164,0.08095305699728134
100504183,-0.03475477158256058
100504234,-0.0950971152699783
100504285,0.3136297018635049
100504446,0.33639100078704826
100504491,0.02953632215971073
100504518,0.3094628942461321
100504608,-0.221514534846337
100504663,-0.00157654919271377
100504689,-0.43342366761810097
100505386,0.07083638161172222
