MM.Entrez,EffectSize
11298,0.16131978799830132
11302,-0.00197257439018169
11303,-0.08109061085467907
11304,-0.25443990779656417
11305,0.03216783234443998
11306,0.08867431205167133
11307,-0.00550313793298624
11308,0.1172223453229825
11350,0.07087436232974319
11352,-0.08828960311866248
11363,0.16444295123914587
11364,-0.04493934379740596
11370,-0.02209549504998104
11409,0.01119629530716262
11416,0.1003285797274595
11419,0.2814305907639882
11421,0.157543835353531
11423,0.6108399935836857
11428,-0.33613102392430383
11429,0.07573322664772329
11430,0.00594826425786866
11431,-0.01719600703521188
11432,-0.00657027212974483
11433,-0.09902649227430252
11434,-0.34788827586470566
11435,-0.30212657306810403
11438,0.25031099213683206
11440,0.129575458877893
11441,-0.35003565447487606
11443,-0.3207273777628274
11444,-0.5203799987224799
11447,0.5299908190847298
11448,0.07833230635829526
11449,0.48649068086700464
11450,-0.45808034248811624
11464,-0.09801599638814282
11465,0.1346131182309544
11468,-0.19937443008012257
11470,0.7873632217895545
11471,0.19279816517099616
11472,-0.01382487078136585
11475,0.06027595440398015
11477,0.00276391124363385
11479,0.01538917315359504
11480,-0.3857905752111791
11481,0.2591487095121979
11482,-0.09300863870139302
11484,-0.04982285198629398
11486,-0.1222585049048979
11487,0.09484194895669223
11488,0.00786455063718121
11489,0.22924465955801293
11490,0.04488083348275332
11491,-0.2176551717262156
11492,0.334262061035548
11495,-0.45153459176006006
11496,0.41445924546591095
11500,-0.5208900682701391
11501,0.12677152758839533
11502,0.05231018566210438
11504,-0.08699516558866005
11513,-0.02734931316281194
11514,0.21500519133050977
11515,0.630773363305678
11516,-0.3895182821709461
11517,0.1978418291145385
11518,0.04621520823657264
11519,0.284149678110313
11520,0.05634592709495312
11522,-0.04995332703891289
11529,0.4395580133640936
11532,-0.22871801028703487
11534,0.0350820445794623
11535,-0.5896019227617822
11536,0.6718209779081623
11537,-1.1100568866273819
11538,-0.02003726146060857
11539,-0.4179460071100526
11540,0.1522319034674866
11541,-0.095342381648399
11542,-0.1974816151937476
11545,0.00279439136852137
11546,-0.2569630508317758
11548,0.04086678014886964
11549,0.4449885222886504
11550,0.03437935696077064
11551,-0.07497969381028051
11552,-0.9829962922473926
11553,0.04451226350173988
11554,-0.1510659164462833
11555,-0.12980785258685104
11556,0.4905615257084044
11564,-0.1252001160873579
11565,0.07671259253208322
11566,-0.01854006691544664
11567,0.31148468611666436
11568,-1.096544089061704
11569,0.237537392419066
11571,0.00661307439489002
11576,-0.15217991748995818
11593,-0.2865587894127525
11596,0.01522334831632445
11600,0.2276810928718842
11601,-0.22023637039376945
11602,0.3677506057666391
11603,-0.00776571615070514
11604,-0.3840464988702718
11605,-0.08056010875654038
11607,0.4338941659760181
11609,-0.2433673902940904
11610,0.3106533818157407
11614,0.2979115552480186
11622,0.00169157799628746
11624,-0.6146880986514549
11625,-0.08155939224618969
11628,0.0935849384120176
11629,-0.04416306901588043
11630,0.04639359876167657
11632,-2.3221747166759024e-4
11634,0.06927106000651612
11636,0.1620433714910154
11637,-0.0312644620423752
11639,1.193360623070243
11640,-0.5405375184671405
11642,-0.04432565308132651
11643,0.1300149373917723
11648,0.5255707835106623
11650,-0.08987138149854906
11651,-0.0642691266612083
11652,0.01962691610664165
11655,0.3202839378939191
11656,0.03899620751546329
11657,0.3234570617181376
11658,0.14487571800084142
11666,0.14463913126195482
11668,0.18551521293587847
11669,0.16989118849338714
11670,-0.14127168673475798
11671,-0.06055301292201454
11674,0.1190227267454734
11676,-0.07313425187718128
11677,-0.04492484526942479
11682,0.3150678666043862
11684,0.1980548890095219
11686,-0.34218730787961404
11687,-0.2657651948856268
11688,-0.06508885143587789
11689,0.1344664790751871
11692,-0.2502119162017152
11694,0.13044005033658224
11698,-0.07167479379028877
11699,0.5580278055786159
11704,-0.5596686181335695
11705,0.5899339304859113
11717,0.6886758900517385
11720,0.6021654946717184
11727,-0.4076552453492128
11732,0.2106701547877158
11733,0.48623841075692725
11735,0.246309124274816
11736,-0.05268236954461067
11737,-0.2988727803195399
11739,-0.18749661315775767
11744,0.1285585542863225
11745,0.14122052499807153
11746,-0.00293521914070042
11747,0.14473571707229663
11749,0.05467507369633515
11750,-0.22016060497762863
11754,-0.07870781608160418
11757,0.03588198876938065
11758,0.08158124160983099
11761,0.247186638911952
11764,0.01961068145267473
11765,0.03518514385255798
11767,-0.00783217623098339
11768,-0.19163840898670864
11769,-0.09059230824276304
11770,-0.26508030976094604
11771,0.04127607589787636
11772,0.35748067528660965
11773,0.10903729147690255
11774,0.0955390187118205
11775,-0.11527642845845862
11776,0.16787997172512104
11777,0.02419767389999898
11778,-0.0202205937100723
11781,-0.0674217243231675
11782,0.04371817005212078
11783,-0.17671975600256576
11784,0.2544276092535716
11787,-0.02653683576259508
11789,0.1572130186333591
11790,0.09278356571350432
11792,-0.16385137844187722
11793,-0.16625356776999956
11796,0.0873490750866429
11797,-0.09680349688278413
11798,-0.09758202265443744
11799,0.10008882814240412
11801,-0.3696082425284498
11803,0.22366810071456092
11804,0.12529584947804573
11806,-0.14236192189757313
11807,-0.05730573522807393
11810,-0.0094119852854974
11811,1.6856979660520397
11812,-0.24730758954742343
11814,0.1248476062845972
11815,-0.2001836297743392
11816,0.0631323962620647
11818,0.05794295171932204
11819,-0.19241695444661688
11820,0.1037399937779302
11826,0.0590234343784456
11827,0.08609674437103448
11828,0.07012339497851508
11829,0.11990315202928116
11830,0.30690704976934546
11831,0.7399221562015601
11832,0.06302909100079403
11833,-0.3631193909950308
11834,0.11289403692480451
11835,0.2612863060149958
11836,-0.03344835148903022
11837,-0.03863403147917775
11838,-0.3083212445638424
11841,-0.0636769238656488
11842,0.09593910069970256
11843,-0.03290520161128921
11844,0.05097122675661056
11845,-0.04821831661944011
11846,-1.0030681771976813
11847,-0.01790865018570331
11848,0.11809379266806012
11852,-0.1615910000303496
11853,0.0295947454746198
11855,0.26934058392522187
11856,0.1930429251288097
11857,-0.01480933680111452
11858,-0.47395275865416686
11859,-0.6586989633729031
11861,0.00704021728689462
11863,0.14958029994340827
11864,0.1353213895634572
11865,-0.05867931640086564
11867,-0.02994289094151697
11870,-0.19125097966614177
11875,0.42129941249689234
11876,-0.05591569591171987
11877,0.01834999717853953
11878,-1.0561196936141275
11881,-0.1423635319923991
11883,0.08044493182985574
11886,-0.01476588934376415
11889,-0.7818130202145988
11890,0.14548779706322265
11891,0.3233944118890425
11898,0.12543161776727127
11905,-0.441666247430079
11906,0.16307451648151708
11907,0.00502244187751987
11909,-0.1605958958387829
11910,-0.0627266966284224
11911,-0.01311692051873119
11920,0.1259701551752246
11921,-1.1820089577308348
11922,-0.2888969973765547
11923,0.12534187938932326
11924,-0.06480541631588058
11925,-0.02494706308660566
11927,0.10560064826180436
11928,-0.09902509460268856
11931,-0.00199996197269248
11932,-0.19786595448160024
11933,-0.06225941043078795
11936,-0.20487397765115417
11937,-0.15862546172690567
11938,-0.3063629760567717
11941,-0.26093261664575707
11944,0.2387536795120152
11945,-0.05066642478112164
11946,0.006845936673701
11947,0.06197686397399046
11950,-0.12398172185379291
11951,-0.01634628309033657
11957,0.4051394856056535
11958,-0.05460684373958605
11964,0.22749972746362007
11966,-0.24432783610773395
11972,0.06291590535919471
11973,0.05343398359357935
11974,-0.07080194952956623
11975,0.07043518250776272
11977,0.23906065712263935
11979,0.13564869564769236
11980,-0.04348476116434627
11981,0.3448620684265383
11983,0.06733706550512765
11984,0.12102261448466274
11987,0.11011009017675089
11988,0.2698789408944043
11989,-0.316064816999458
11990,-0.23448590544099537
11991,-0.00338949813951516
11992,-0.00252202357834077
11993,-0.03110436562163509
11998,0.40494111782429026
12000,0.04794480502493316
12005,0.13029474775812272
12006,-0.1997322280757748
12009,0.25070196168595293
12010,0.01264887608686036
12012,0.35478556172274195
12014,0.02298508094993783
12015,-0.09793561808051826
12017,0.04491616107806218
12020,0.11953681780727957
12021,-0.15762266131041225
12022,0.3847108246784456
12023,0.31699279174166217
12028,-0.13597615038037636
12029,-0.06600798754509773
12032,0.7857623532901004
12033,-0.2447251863600573
12034,-0.10261942905650664
12035,0.17229613518497727
12036,0.09193862842046108
12038,0.1237993931836168
12039,-0.0391710289720593
12040,-0.09160194939821244
12041,0.04420298133065834
12042,0.06846489425024263
12043,0.1120021553885448
12048,0.10367852554477618
12049,-0.01169126968775007
12051,0.01492271693891633
12053,0.00244789822658542
12054,-0.17799776285389746
12055,-0.17925179767231314
12057,-0.03378458297753638
12061,0.7481741121151151
12062,0.00669956591783274
12064,0.04953225405829969
12068,-0.089742568797826
12069,-0.41734219652818144
12070,0.07488892705924163
12075,0.2282233839917384
12091,-0.02860907912443629
12111,0.3304230267190411
12116,-0.11545121799199765
12121,0.06708474898360443
12122,0.0635763489363138
12123,0.43761275556258994
12124,-0.02540343155103992
12125,0.03022169599744535
12140,0.182462365559081
12142,-0.23181410106759195
12143,-0.2634233358289171
12144,0.0686351238706171
12145,-0.06890814728417798
12151,-0.16305927311080787
12153,0.30805904897711683
12154,0.02737377662530181
12155,-0.09534593337917698
12156,0.4232331989618572
12159,0.3869974745145911
12160,-0.6511002545004526
12161,-0.03780513696339768
12162,-0.0956170806030689
12163,0.08380840365077379
12166,0.14659365164492216
12167,0.18564107700611307
12168,0.00223671758951208
12169,0.1425873730569166
12173,0.07902532888706802
12175,-0.01245379048037463
12176,-0.13196101240184002
12180,0.07722429126826988
12181,0.07224921749018547
12182,0.03194147696273193
12183,0.1556953522358297
12190,-0.4212443839929888
12192,-0.04100224616768868
12193,0.04180932695293893
12209,-0.01485216064751189
12211,0.02649985649744179
12212,0.04606841360524259
12215,0.05206435515752047
12217,-0.05006770960473125
12223,0.6795008353869264
12224,0.4759449032403922
12226,0.01254428023207058
12227,0.00743552194865468
12228,0.10850322751190956
12229,0.15420862959312392
12231,-0.02747929286221288
12234,-0.02261919175416185
12235,-0.03924228674179727
12236,-0.03167440000003304
12237,-0.02164617404754118
12238,-0.12120415862614438
12257,0.01117513309977557
12258,0.4753713509133368
12259,0.49235912563950895
12260,0.31617385111406987
12261,-0.16246515600118366
12262,0.03839768433293109
12263,-0.07488296456007426
12265,-0.882363354000801
12266,0.2975796763039005
12267,0.2522019061572507
12273,0.954568371218
12274,-0.02343669257013278
12279,1.1093953478394938
12282,0.356981385431677
12283,0.11445492991523629
12286,0.15807157806862338
12287,-0.1580338377760669
12288,-0.32827834558827285
12289,-0.3228980234996901
12290,0.005825973918198
12291,0.5412940511365307
12292,0.36451396839166583
12293,0.5622028324788417
12294,0.22878935696260663
12295,-0.07560860596256674
12296,0.2339894953198471
12298,0.3580205884721863
12299,-0.4800141453151301
12300,0.0806086536243928
12301,-0.11234857895521072
12304,0.14261409191586605
12305,-0.5373917979004104
12306,0.10829180310567564
12307,0.05706743008317221
12308,-0.3433539852276194
12309,0.33161322034741103
12310,0.2857002983625923
12311,0.24579187493478827
12316,0.13544447528709253
12317,0.17753197410211863
12319,-0.1332265273035967
12321,-0.27883284178765094
12322,-0.05773043687269789
12325,-0.06361656407317787
12326,-0.0406854710309185
12328,-0.1448643149390986
12330,0.06990465549472627
12331,0.09872649941111632
12332,0.05696443580008106
12334,0.1691702244784944
12335,0.18829616942143035
12336,0.10921765987981008
12337,0.4685844958588109
12338,0.2082090717702776
12339,-0.01044039169422768
12340,-0.00532542774773951
12343,0.06356464953712411
12344,0.2288580765093821
12345,0.10179986972240264
12346,0.06680590412097746
12348,0.05331728987972262
12349,0.08852855888150529
12350,-1.3265275797382
12351,-0.14506878804566625
12352,0.2155655092764545
12353,-0.01335271591778649
12354,0.0450463381981238
12355,-0.2209348362852044
12359,0.10336517726457832
12361,0.06409059747227017
12362,0.06668557807427693
12363,-0.07645125965163488
12364,-0.06798908658630132
12365,-0.16546176085572883
12366,-0.07267071727038853
12367,0.2340824637303273
12368,-0.01611791007437487
12369,-0.1107631150578876
12370,-0.09759460260001417
12371,0.00800983034079581
12374,0.06884156050370498
12380,0.05382438663568702
12385,0.21071192875836248
12386,-0.3337030157667463
12387,-0.05988660698517207
12388,0.3850176189218369
12389,-0.3180808434391695
12391,0.7392145725688462
12393,0.4511504847806383
12394,0.25530824302475835
12395,0.4807194777893818
12396,-0.06317289494901125
12398,0.2147005766524066
12399,-0.41815470625371265
12400,-0.1734397059639039
12401,-0.02647379538730421
12402,0.2619093790064772
12404,0.16826860271338936
12405,0.07125736078108903
12408,0.03934669708600345
12411,-0.1212969181080023
12412,0.06628698296638441
12416,-0.35010151858836086
12418,7.325669775896833e-4
12419,0.47103992638083175
12421,-0.2251278867525432
12424,-1.5338807378790742
12425,-0.28398190858213906
12426,0.08404727443765017
12428,0.2041271440270929
12443,-0.181768532604633
12444,0.09599687245273245
12445,0.11740473553939929
12447,0.13483906843272842
12448,0.05480412643346684
12449,-0.16322493805026328
12450,-0.13934437476832331
12452,-0.2313271160897697
12453,0.00422996901680966
12454,0.07106184528869126
12455,0.34011921551045954
12457,0.03447721863003956
12458,0.04315054232210394
12460,-0.04862100736885109
12461,-0.03494101574695391
12462,0.0581461999400177
12464,-0.10778757384646044
12465,-0.02561068833118123
12466,0.16716078111884453
12467,-0.21011683833890368
12468,0.03427817599166202
12469,0.11173872509753384
12475,0.7202326180977873
12476,0.04264685654174361
12477,0.49834898654207554
12478,-0.10109747630635511
12479,-0.2252737221691321
12481,-0.07998820091474211
12482,-0.0967836165841096
12483,-0.07055687460502888
12487,-0.12680235511853383
12488,0.02344562303439283
12490,0.0416315698875301
12491,0.27537573748850963
12492,-0.01323036632183376
12493,0.01478384542515514
12494,0.02384396614569369
12495,0.04300555989563118
12496,0.023970764744388
12497,-0.3070887866236745
12499,-0.05112223180002459
12500,-0.01493536520567692
12501,0.02355336934249984
12502,-0.13390329534329554
12503,-0.3220436371644198
12504,0.00346539047072727
12505,0.17705777899228253
12506,-0.15428887565437632
12507,-0.06653655307213795
12508,-0.10220844954682068
12511,-0.03012132083152736
12512,-0.08768955387439425
12514,0.10374713660399928
12516,0.05429749986052817
12517,-0.09702077739164824
12518,0.10303691447041796
12519,0.3624672417859483
12520,0.1279594506736399
12521,0.06595686169319265
12522,-0.17351367928235298
12523,0.11589209595297136
12524,-0.22154407068194004
12525,-0.09184926949303485
12527,0.1716491725525599
12531,0.12665487832931144
12532,0.17944495794779983
12534,-0.40857106068170435
12539,0.01270845887646436
12540,0.04453153121195448
12544,-0.33696679492890097
12545,-0.4930351669720757
12549,0.5232364791054103
12550,0.13963925255844675
12552,0.4140343584667562
12554,0.04248841096871153
12555,0.07117594568859385
12556,-0.04012096639344215
12557,-0.17811059090636583
12558,-0.5109777987902895
12560,0.04513153496837874
12561,-0.32299412338970335
12562,0.22780495829880737
12563,0.2973789177439664
12564,0.14598544460174845
12565,0.00455138064511692
12566,0.09149980736640947
12567,0.0244081117789532
12568,-0.06478683099429353
12569,-0.19756853806957397
12570,0.5627863334531654
12571,1.557544213027631
12572,-0.14698086892987336
12575,0.40108698894673056
12576,-0.14402063897649175
12577,-0.15640220560335086
12578,0.0388224277780345
12579,0.28601642188659804
12580,-0.17034160190590775
12581,-0.02174133375015599
12583,-0.03351595837189373
12585,0.1177541734637338
12587,0.3260429116594099
12589,-0.2714716456079715
12590,-0.14899172675023828
12591,0.1832736540467935
12592,-0.17338885513610508
12593,0.00570172964684926
12606,0.21290734205143905
12607,0.04854603034004565
12608,0.15983360634708546
12611,-0.05447089469886285
12613,-0.13408717185593907
12614,0.12037641463682504
12615,-0.2140038344741365
12616,0.1368839453034746
12617,0.1283964119423487
12622,-0.02380381837444659
12623,0.244421670205703
12626,-0.3643854692289305
12628,0.3158493267269965
12630,-0.02059850634944174
12631,-0.01000613240760583
12632,0.06964240056471342
12633,0.06267401458175412
12638,0.2749192977113135
12640,0.11489936228282574
12642,0.07586976930757465
12643,0.09999407026562526
12647,-0.3980597217479064
12648,0.2812149214438409
12649,0.09440977517620644
12651,-0.01945827569982558
12652,-0.16972146506930166
12653,0.03823969126146995
12654,0.496831079036653
12659,-0.03549058841294078
12660,-0.15365717346211422
12661,0.08615130402442558
12662,-0.28827171000259444
12663,-0.3224656896395617
12667,0.5003336640329673
12669,0.25470525782049047
12671,0.05557329302884344
12672,-0.3704018673007616
12675,-0.0259511371985744
12677,0.4168964135958456
12683,-0.4820316227989863
12684,0.2340434747544408
12686,0.15844083261242084
12695,0.12424894628083086
12696,-0.08343380097594318
12700,0.03783689393567148
12702,0.1805788421593229
12703,0.00388588997212734
12704,0.5223271305424443
12705,-0.5991653122941745
12709,0.24600959030541616
12715,-0.3951598512263282
12721,-0.03709108047781911
12723,0.26527052797951695
12724,-0.01389277820297971
12725,0.18860256071982093
12727,-0.06860618049608752
12728,0.24768156270792727
12729,-0.03763280825811677
12733,0.9820476304427928
12737,1.467723466959325
12738,-0.20760347542838625
12740,0.2856369253021835
12741,-0.33115610233031345
12747,-0.161484187871147
12748,0.1011690872602224
12750,-0.13692001816816451
12751,0.09468540963207411
12752,0.06952414217420266
12753,0.18924545718899255
12757,0.01216472698579021
12764,0.10988364614420956
12765,0.3369753109239092
12766,0.0892861671115997
12767,-0.07610966177623525
12768,0.3479292351900687
12769,-0.11500224003478617
12771,-0.2973486209611954
12773,-0.20098341234450184
12774,0.13225398612587508
12775,-0.01081622872950527
12776,0.08189290068146993
12777,-0.0901084179707207
12778,-0.5655294470947899
12780,0.34767461459492705
12785,0.00713303376540002
12788,-0.38388958996042943
12789,0.1710677549386389
12790,0.2133959599800404
12793,-0.10006617060696048
12794,-0.12150049992917958
12795,0.3033138868297925
12796,0.3826952196480162
12797,-0.3242189844256367
12798,0.0810768058447258
12799,0.0963954217555704
12801,0.10698741308119072
12802,-0.2243720680044742
12803,-0.0371953415779333
12804,-0.07641988365017885
12805,-0.06009904645187144
12807,-0.01527376944845098
12808,0.2295875868433164
12810,0.3366871682698354
12812,-0.4096444478530447
12813,-0.26901780676199805
12814,-0.43127817104306354
12815,-0.15610283737392291
12816,0.5222612955189502
12817,-0.3652322218829783
12818,0.42867036929147406
12819,0.7610184541275662
12821,-0.20559634329496465
12822,-0.2182652785471229
12823,-0.5092042562327784
12824,-1.5762194041045825
12825,0.1899089399567985
12826,-0.22072630822252232
12827,-0.05321112115308017
12828,-0.20295595254140417
12829,0.05753066369009212
12830,-0.07018473189888472
12831,0.5425533160642757
12832,-0.350781035672183
12833,-0.8566364883866862
12834,0.7394159278471635
12835,-0.2854848073787517
12836,0.01510703375710658
12837,0.4988289518721726
12839,-0.06828588513662845
12840,-0.3425305764576236
12841,0.22956455895052905
12842,-0.8867969132720104
12843,0.0455261491804794
12845,0.16950435907807682
12846,-0.09788915103206858
12847,0.13260317893855883
12848,-0.07255967445122773
12850,0.20384777453387493
12854,0.09104961118110665
12856,0.07338402938694558
12857,0.053731230657234
12859,-0.11914940750436293
12861,0.03573534526969099
12862,-0.03766527710169353
12865,0.0426310269220152
12866,-0.0440319192031661
12867,-0.2872282681963005
12868,0.00668607280754184
12870,0.16786946198304625
12873,-0.21894856193254655
12874,0.580680502428868
12876,-0.250773723087578
12877,-0.16173186918774393
12879,0.41200140893146053
12889,0.623803110865742
12890,-0.30184052610138035
12891,-0.5500260402082867
12892,0.03491910275171885
12894,0.09499062537003217
12895,0.1005530433815317
12896,0.05294434416291051
12902,0.05395618069567416
12903,0.21000126480907885
12904,-0.07007578455748312
12905,-0.1904928634317191
12908,0.2954157584697349
12909,-0.02845649825586399
12912,0.1390404605424341
12913,0.0072588896063469
12914,0.01599249108065186
12915,-0.19272021272153303
12916,0.06025112029928974
12918,-0.18521050433025163
12921,0.0578676670388647
12922,0.5396230172935068
12925,0.03750856495409991
12927,0.1910710796468124
12928,0.03996017008628459
12929,0.21377697616322627
12931,-0.7471733747738863
12933,-0.36707952071883887
12934,-0.00685380221700459
12936,0.26215268205651426
12944,-0.636124051920544
12945,-0.229625293404325
12951,0.5470712349619566
12952,-0.3015074313426368
12953,-0.22345957643056932
12954,-0.06830942497505188
12955,0.1257199964140508
12957,-0.240178176261313
12958,0.2760903415127949
12959,-0.10143997365776176
12960,-0.13773685397767196
12961,-0.484162986642223
12962,0.12292789283623992
12964,0.03631281857237009
12966,-0.1964868987201851
12967,0.2052206456021327
12970,0.23009147857360684
12971,0.5925297432539254
12974,0.05617596469061206
12977,0.25742398801170335
12978,0.02588188683688142
12982,0.10844360815770028
12985,-0.4923661670816976
12986,0.09642034588435014
12988,-0.20511952572880293
12991,0.8132319697915635
12994,0.5991292104554435
12995,0.1383954010418843
13000,0.23147121875100823
13001,-0.11453670486654267
13002,-0.04427028261987578
13003,0.2283601531744518
13004,0.01747563732184798
13006,0.00889546018921652
13007,0.0573161906201107
13008,-0.2279731649649851
13009,-0.3235428007262664
13010,-0.02138787403031583
13011,0.08702965681095615
13012,0.05465440123202343
13013,0.744034120945577
13014,-0.1378649918290905
13016,-0.05694240738886892
13017,0.3194555532998141
13019,0.16567890299440435
13026,0.06308975158680426
13030,0.14419033176133325
13032,0.074903909413631925
13033,0.1564063504855263
13034,0.02024396298620051
13035,0.05646912133364375
13036,-0.02312921982517289
13038,-0.20610371136562083
13039,-0.08144126575650192
13040,-0.0269621644745822
13041,0.10421271957711836
13043,0.5240906015096735
13046,0.0697498422349452
13047,0.2097362581742201
13048,0.2617588015677237
13051,0.10278855096378069
13052,0.20262457881067705
13056,-0.759823224684058
13057,-0.00163430300653274
13058,0.17423167330251857
13070,0.02977971398228106
13072,0.1063060197151499
13074,0.1351416617847939
13075,0.5829596154310966
13076,-0.3788167341832746
13077,0.3073017574498943
13078,0.3626350202241659
13079,0.22410555382427488
13081,0.41906361522212904
13082,0.06351029999402355
13088,0.23401306843963224
13106,0.39494581058126904
13107,-0.06458689820001483
13110,-0.35233081133421684
13115,0.13885158644053266
13116,0.19809610152730792
13120,-0.586891066611741
13121,-0.5648451496126722
13122,0.3193416899250231
13123,-0.5858270302329248
13124,-0.981202025867976
13131,-0.07390008473373155
13132,-0.0086395147530859
13134,0.328826259825153
13135,-0.04794649097642264
13138,-0.08888721623041201
13139,-0.01380041840864973
13142,-0.49246943876254384
13144,-0.00546954740126831
13162,0.33708170074184235
13163,0.00634505165940532
13166,0.34410264320959544
13167,-0.06724115955031973
13169,-0.06590350572911546
13170,-0.1326166047910097
13171,0.35926516489241794
13172,-0.907189154097738
13175,0.44980615801158935
13176,0.05471302464036852
13177,-0.02285848982062637
13178,-0.24335479600120208
13179,-0.984016596444133
13180,0.2846223903439874
13185,-0.06363912591776673
13190,-0.4602627073553215
13191,0.15469792435567203
13193,0.20713304592885615
13194,0.03172622739904299
13195,-0.22307543518546924
13196,0.2600177045055939
13197,0.09252363087957308
13198,0.15402010353213094
13199,-0.035756501575551
13202,-0.02825403794498284
13204,0.0295475901973722
13205,-0.1146345082947606
13206,-0.3667828704609033
13207,0.0086458249528302
13209,0.20696494365014867
13244,-0.05838523080494812
13340,0.06372892086547666
13346,0.07419655502096215
13347,-0.16105972116521905
13349,0.21513606533775995
13350,-0.1277870388943962
13353,-0.18943348518538855
13356,0.06617451584515942
13358,0.13604186795236275
13360,-0.27653242008114787
13361,0.15900753083027938
13363,0.36173055446609736
13367,0.13172425240904204
13368,-0.7869950102979113
13370,0.2242213233425982
13371,-0.11922917732798584
13380,1.3103153722259884
13382,-0.06760186034133467
13383,0.04117857224567726
13384,-0.16025749730215028
13385,-0.2261111028462536
13386,0.47861792820880344
13388,-0.586994384088873
13389,-0.13748643904643976
13390,-0.16119124403393523
13392,1.2021349540701998
13394,0.2148272980287695
13395,0.2692031135084837
13396,0.2898448430561902
13400,0.45455066738970273
13401,0.19948947687313173
13404,-0.22230249972547383
13405,0.1251832734895723
13409,-0.26057942790438265
13411,-0.23382778147755673
13417,4.038024920086925e-4
13418,-0.032572713944773
13419,0.22533454444580217
13421,-0.08593071527827752
13423,-0.1945882844651786
13424,0.08831969994514191
13426,-0.3225264085159252
13427,0.00790901903421659
13429,-0.33536294599422106
13430,0.0209302892302718
13433,0.3370671750065676
13434,-0.32156011101711535
13435,-0.01097187907218613
13436,-0.05856189047762918
13437,-0.05680880802673132
13445,-0.07270757155107065
13446,0.48917800774435827
13447,-0.12426413035763162
13448,-0.0155110069497102
13449,-0.05951109892122808
13476,-0.1019294404120299
13478,0.02871125909148294
13480,-0.03375935311600835
13481,-0.06932083594591976
13482,-0.01553422377237467
13483,0.5557767801399642
13486,0.05768384612508144
13487,0.47382187950224974
13488,-0.01334743254498682
13489,0.4893867158499778
13490,-0.11357808050885956
13491,0.05694034421486121
13492,0.04940590488162797
13494,-0.01751241933769243
13495,-0.10938866227495896
13496,0.10059610985754708
13497,-0.07156119686561768
13498,0.37321688100708894
13505,0.25078877229316043
13506,0.4966212777176693
13507,0.4061643835941111
13508,-0.2340496903128564
13511,-0.15363320400253427
13512,0.5137016824240545
13516,0.19573611279669
13521,-0.5481860980549096
13522,0.03657539792117347
13527,0.6159066281847259
13528,0.15274911756241663
13537,-0.16655975037474746
13542,-0.08282738255470404
13543,0.15060577776401163
13544,0.1650517990050761
13548,0.2948003358435385
13549,-0.04132636765957285
13555,0.00735018738420955
13557,0.04007806866351596
13559,-0.4172193436261273
13560,-0.03959771490913727
13589,-0.01202209520027396
13591,-9.581927797232374e-4
13592,0.3120487089828462
13593,-0.15278602468049962
13595,-0.06965238418232407
13599,-1.0327016088576646
13601,0.2388781496147216
13602,-0.3102902530283355
13603,-0.6040388626374903
13605,-0.20629792566688396
13607,0.05630613451187816
13608,0.4070920514874654
13609,-0.03666469218172501
13610,-0.35265494292181543
13611,-0.14979931884272815
13612,-0.1811449388480024
13614,0.2589849034296166
13615,0.1006958907574879
13616,0.3542053576520122
13617,-0.5741946734002987
13618,-0.1313610701333462
13619,0.13799555092679974
13626,-0.07613690139327066
13628,0.2447962104935064
13629,0.01826194452855631
13631,-0.10531036153593176
13636,-0.9242278320953212
13637,-0.08324685971470788
13638,0.6463391260576447
13639,0.02714508043491179
13640,0.40300650080241834
13641,0.02540023497039179
13642,0.36915189118245045
13643,-0.0276690693112672
13644,0.48726375767724417
13645,0.060889682617146
13649,0.15817067157833295
13650,0.00971939067203463
13653,-0.06564042822063723
13654,-0.331381884135599
13655,0.4855382086477287
13656,0.1901110792868575
13660,0.05278278697326996
13661,0.3576816985468931
13663,-0.16291442039867648
13664,0.02040266955151174
13665,-0.0978892333209512
13666,-0.16874041157122244
13667,-0.03096494563739545
13669,0.08591632547994005
13680,-0.15782604177976892
13681,-0.13401975393734314
13682,-0.1178670396768738
13684,-0.15089328940616334
13685,0.1634892468611559
13688,0.0789739311415607
13706,0.4621638758332558
13709,-0.07413150008235464
13710,0.34529609466328803
13711,-0.5544272277255912
13712,0.4017837566841381
13713,-0.0458666251000375
13714,0.16269745121285728
13716,-0.06329795034479628
13717,-0.16673283239339973
13722,-0.23438783960099913
13723,0.01606070766915299
13726,-0.00691223062550703
13728,0.32140296357692666
13730,-0.4902716411565363
13731,-0.28235427033445093
13732,-0.04640811531292307
13733,-0.04728752702021674
13796,0.06477215564369733
13797,-0.7909424486486246
13801,0.18938441370574968
13803,0.14274589161587353
13804,-0.113222623814216
13805,0.09663138767542508
13807,-0.248436992486509
13808,0.01890247253549173
13809,0.10256299873385692
13813,0.12731044547666268
13819,0.00887544119628772
13821,-0.28448974997507015
13822,0.5239904910954613
13823,-0.16268388966250946
13824,-0.5328160923454585
13828,0.17072305591783232
13829,-0.08127848572883606
13830,0.3350809468181205
13831,0.08325077544779846
13835,-0.31169118339186064
13836,-0.3716734573062304
13837,0.02117683409124014
13838,-0.22781610402785168
13839,-0.01986256661693762
13840,0.5902313417897368
13841,0.2862642034614737
13842,0.7211196279250911
13844,0.31778267602238475
13845,-0.01887883244284252
13846,-0.6492944253220758
13848,-0.103614672823721
13849,-0.11754136283452143
13850,-0.36860486934160064
13852,0.01147829106612962
13853,-0.10233517298337144
13854,0.00204267268048388
13855,-0.3411043199047151
13856,0.5520950947557801
13857,0.3845770925603601
13858,0.2079900731601624
13859,-0.0211519028564897
13860,0.1697920426196863
13864,-0.04498398835670119
13865,-0.05451134570759403
13866,0.3855210064735881
13867,-1.4167687243346123
13869,-0.03877963319948814
13870,0.1681098187159658
13871,0.04198326129845099
13872,0.1561185468686127
13874,-0.07177666007974172
13875,-0.07419018451265134
13876,0.3289795248537922
13877,-0.11426661513482658
13885,0.04520715891307241
13982,0.00464081452175357
13983,0.02396234203262459
13984,0.17944307304274504
13990,-0.4088573410811959
13992,0.1609872362163
13998,-0.02780378102102337
14000,0.14844609155139293
14007,0.02911059447776144
14008,-0.00676056748992523
14009,0.5149818028556628
14011,-0.05470829029426925
14012,-0.06246067143859529
14013,0.1404858847912638
14017,-0.12219878549660236
14020,-0.1658588917230389
14025,-0.0509144406516913
14026,-0.02746803989293141
14027,-0.3931892701147198
14028,0.05558822883266147
14029,0.0104209762100228
14030,0.0273584725563127
14042,-0.07945927217558614
14043,-0.8360438262690062
14048,0.00754867110332783
14049,0.02465451566879627
14050,0.06572886493015324
14051,-0.4330033974122561
14055,0.02227614987941872
14056,-0.2027510263864012
14057,0.16526524552878968
14058,0.23909946416760533
14060,0.13628516886847153
14061,0.02291338430235831
14062,0.07878476546334909
14063,-0.3271927305961104
14065,-0.43995162294827805
14066,-0.21294949311310693
14067,0.2377679122765599
14068,0.47656037767199066
14069,1.3043827659652
14071,0.3990086976981247
14073,0.3147534210728963
14077,-0.1092967933454381
14079,0.17431396333764562
14080,-0.03732085434061998
14081,0.18510868180126416
14083,0.12574466363793507
14084,-5.3700104122067147e-5
14085,0.2562863801903965
14086,0.474352945202597
14087,-0.25546903000354587
14088,-0.27690753792553463
14089,0.5438385616404346
14103,0.26501030684689747
14104,0.14658779593820867
14105,-0.33266207578605633
14106,-0.0298264017234478
14107,-0.6505633013863459
14109,-0.02913107268758098
14113,-0.04132636765957285
14114,0.36610258277823216
14115,-1.0661689513377557
14118,-0.5749177851659375
14119,0.04232766577313368
14121,0.22785167433934644
14123,0.05295763692695663
14125,-0.09298482990148456
14126,0.1973966794524943
14127,0.13171474524873147
14128,-0.03367718325732365
14130,0.01660329503043542
14131,0.10142246816893856
14134,-0.276912155287716
14137,0.6647073228188779
14148,-0.2024493897570445
14149,-0.0502187120097848
14151,0.06439856524948978
14154,-0.03435608062417221
14155,0.01684748052861874
14156,-0.09953913386299894
14158,0.7677185614535538
14159,0.12833783603042426
14160,-0.4696779425568982
14161,-0.12686113130564677
14163,-0.30062885288350705
14164,0.3909407039560011
14165,-0.08864671595391102
14166,-0.21295796863160685
14167,0.19931236224309035
14168,0.17155572884562778
14169,0.08183175244760724
14170,-0.4885959764953364
14171,-0.04590513079258286
14172,-0.6052736335241491
14173,-0.01305840429770722
14174,0.4766993391307369
14175,0.3940593865807549
14176,0.4526626372240622
14177,0.4410907083228993
14178,0.10010299771214468
14179,0.25564112355269264
14180,-0.18319349975904792
14182,-0.3539019711306527
14183,0.22865578254210495
14184,0.16525631022892248
14186,-0.2628773109279791
14187,-0.30168296101243114
14190,-0.01135728142804066
14191,0.2598283465032234
14198,-0.12551216564600243
14199,0.2985676893625349
14201,0.17243565295325894
14205,-0.09681794183491416
14208,0.11591274817798092
14211,-0.05842492537090472
14218,0.23549819761926505
14219,-0.6456770612157432
14221,-0.3814909958794039
14225,0.00396673698717914
14226,-0.02953088760489284
14227,0.03938370327579367
14228,-0.12080443887175682
14232,-0.00453316173277041
14233,-0.9058735524063132
14234,0.3931666574755737
14235,0.17230684594579596
14236,-0.22748484270256764
14237,-0.349645134797421
14238,0.03836855039805557
14239,0.4490227508900293
14240,0.3947001145295888
14241,0.1883581715681567
14245,0.14517701930072252
14247,-0.0253128681943162
14248,0.18546806062890603
14252,0.08739113338584455
14254,0.19127794838451304
14255,-0.02338213712218015
14256,0.02023151648210892
14257,-0.04944234995909991
14261,1.0604280271679438
14262,0.7093122036244626
14263,0.14665979322134876
14264,-0.7880336478127431
14265,-0.32691522561117614
14266,-0.12883474693486133
14268,0.04119591976040918
14269,0.0591491453437567
14270,0.10503335737259616
14272,-0.05208438912036044
14275,-0.1457577750910427
14281,0.3797788727783553
14282,0.0155921542505023
14283,0.25155777987232436
14284,0.2826785106613605
14287,-0.03755002168755875
14289,0.23504608883351227
14293,0.3956969337799183
14297,-0.16893894054063424
14299,0.03568501185652461
14302,-0.09666963833091204
14308,0.0279244099681952
14309,0.49382974482441855
14311,-0.20591224743101733
14312,-0.20536041507053648
14313,0.19151198902299185
14314,-0.4778859265169656
14317,-0.4299024101696702
14319,0.03184791770968098
14339,-0.27372703499962014
14343,-0.538085528763369
14344,0.14619557145522252
14345,0.11726152951821248
14347,-0.01476728906525395
14348,-0.3651369466170869
14356,-0.02073498120458575
14357,0.07941116988187603
14359,0.00871224800620416
14360,0.21061517843145977
14362,0.09812956145586384
14365,0.08054236225597033
14366,0.11863668034320392
14367,-0.1943879816842299
14368,-0.9755862202989586
14369,-0.3930018163206528
14370,0.13484863206194142
14371,-0.16199761738146545
14373,-0.15252163787584466
14375,-0.01765351186500693
14376,-0.04176089718221507
14378,0.23209973456109895
14381,0.21415371373158973
14387,0.05491926240400538
14388,0.45273104145901005
14389,0.1786111771031847
14390,-0.3108213651946182
14391,-0.06407635787828904
14394,-0.20331183353831145
14395,0.2716304364373968
14396,-0.684134747588997
14397,-0.3714448504614258
14399,-0.5191811279046161
14400,0.5402541156034538
14402,0.5518578533929827
14404,-0.08599626485319956
14405,0.9361138829862932
14406,0.2059078365010992
14407,-0.4688378071639208
14409,0.04671760435498678
14411,-0.8102807215680141
14412,-0.06267764903285358
14415,0.10698234278240108
14417,0.6687993610146665
14419,-0.05090996821708351
14420,0.6685985735540526
14421,0.09142748900556784
14423,0.1301245651220597
14425,-0.5529328091300638
14426,-0.1517479995477597
14427,0.6902163183153197
14428,-0.15265692430394673
14429,-0.2030957910732533
14430,0.26191771610168035
14431,0.08905648659996332
14432,-0.05369217468274348
14447,0.2619942986076145
14450,0.2246222292353482
14451,-0.06738767018222884
14453,-0.31643829752719865
14456,-0.18385494796299096
14457,-0.12555521676045037
14459,-0.25978464339556917
14460,0.1288616325615088
14461,0.2345906363667868
14462,-0.05805204733892153
14463,0.34225937432627596
14464,-0.01592627217569148
14466,-0.06771001136651894
14467,-0.03466571232104874
14468,0.40848176788647206
14470,0.01476585955489241
14472,-0.1477777219262899
14473,-0.04371867674824223
14479,0.11411499987348998
14489,0.09532400969447896
14525,0.18684021911615092
14526,0.0342672137131829
14527,-0.0918195198998018
14528,-0.03701166002840278
14531,-0.235520158050689
14533,-0.1225341038673234
14534,0.09298187333803062
14536,0.12100787825336988
14537,-0.07673015199338687
14538,0.34263545463872475
14539,-0.03191535923990392
14544,0.14395845445578642
14545,0.2079816748372744
14547,-0.05810232485963506
14548,-0.17094721502605684
14555,0.6841206714831848
14560,-0.161009416013788
14561,-0.2503974910791988
14562,0.14501605826657124
14563,-0.0345098812804975
14566,-0.32952725545607375
14567,0.16564141431317464
14569,0.00902449453181276
14570,-0.3352081423073071
14571,0.1630869131827525
14573,0.11201639684411202
14579,-0.0959902362818332
14580,0.04792311152730193
14581,-0.1413740594342071
14582,0.29818773150174027
14583,-0.07925861055156974
14584,-0.11197721416593344
14585,0.30996767237006617
14586,0.1528598317616907
14587,0.0424807998215284
14588,0.00236279066728421
14590,-0.1609607803771893
14593,0.09103989692145766
14595,0.05490910579665437
14598,-0.4893103474258384
14600,0.32793141587251473
14601,-0.02080798118297909
14602,0.445611624226348
14603,0.11608596484510075
14605,0.04753493597047687
14607,-0.06914730576371347
14608,-0.08055161453100791
14609,0.09088051903111256
14610,-0.3619009339512827
14611,0.11663014869331532
14612,0.07100109201792423
14613,0.01016734758194114
14615,0.3763431870091384
14616,0.07497273917760258
14617,-0.54282005599987
14618,-0.02774724504783624
14619,0.4306662524775532
14620,-0.09410310271487152
14621,0.2213898939454811
14622,0.3043042884744499
14623,0.12689192519920486
14625,-0.24253205283445747
14628,0.08300066472510917
14629,0.11231914706196904
14630,-0.00759044378182062
14632,-0.43438255696524286
14633,0.2103361749603196
14634,-0.2135596718026727
14635,0.0122222392447685
14645,0.085577006955699
14651,-0.12995420134900046
14652,0.16740217127115192
14654,-0.16762476632278636
14657,0.08059737810922386
14658,-0.27221038427406785
14660,4.190171997038583e-5
14661,0.01864834211933941
14664,0.23711290788662095
14667,0.07594158317293079
14670,-0.1429188962981761
14672,-0.1926626168689541
14673,0.03454453081517907
14674,0.12555090802543437
14675,0.14707310174130572
14676,0.18580728917467693
14677,0.17774273532656293
14678,0.02956781128951745
14679,0.12196414787096356
14680,-0.3527377407156542
14681,0.16416967635856294
14682,0.22144864592259783
14685,-0.3799005386074063
14686,0.18977690091645352
14687,0.18159206514428633
14688,0.05648718601113631
14693,0.02572291932716872
14694,-0.05340787544909115
14695,0.24674620134459135
14696,-0.47257048669468377
14697,0.21834377055915088
14699,-0.8756908363469056
14700,-0.05746511437852616
14701,0.09331704121451628
14702,0.00647102137013961
14704,0.32316464295189556
14705,-0.03509729837097966
14706,-0.23493747691709768
14708,0.07464298538501793
14709,0.7750245233253037
14710,-0.12099995009772468
14711,-0.3367789191652301
14712,-0.06426505196398442
14714,-0.49174124823777976
14715,-0.5084823329347247
14718,-0.01645489509763753
14719,0.17892420014121405
14723,0.3542824513183204
14725,0.1930184607860118
14726,0.1562370991670371
14729,0.4367825732210716
14731,0.43156402142320294
14732,0.16623211365893426
14733,-0.01684942076317467
14734,0.01259985362338189
14735,0.09941455284239172
14738,0.06984026556681827
14739,-0.32546256827286657
14744,-0.18663589496069752
14745,-0.17803103705397044
14748,0.03773512521087181
14751,-0.04421164638599677
14755,0.06348527996191487
14756,0.4102701753788565
14758,0.03756849942440294
14760,-0.2191636991828378
14761,-0.00135898367036464
14763,0.701636944102609
14764,-0.44736267452078227
14765,1.4815176889232906
14766,0.2421584509662905
14767,0.04966749667917256
14768,-0.20061285741188503
14772,-0.284461905091365
14773,0.27774077856251284
14775,0.0731721683956233
14776,-0.06176792676130776
14778,-0.42489955591254286
14780,-0.15090332839343026
14782,0.0871444797840476
14783,0.06028024456039716
14784,0.05074982920258283
14787,0.11151995026728335
14788,0.00346539047072727
14789,-0.09614539717434374
14790,0.02233674949790838
14792,-0.03692293193572341
14793,-0.17649337876897547
14794,-0.08016608140726542
14797,0.0694996764815155
14799,-0.536020911710948
14800,0.40675910032707663
14802,0.6372232039750612
14803,1.028478672758078
14804,0.05833378750387036
14805,-0.37406146356654224
14806,-0.4234590342205284
14807,0.4485462567224575
14809,0.2116085262367357
14810,-0.3647828899280596
14811,0.27669094399231664
14812,0.3893940045258871
14813,-0.1612125811708583
14814,-0.9016659995739096
14815,0.05403695101811182
14816,0.4012778792224176
14823,-0.05605693109013292
14824,0.24375714686166056
14825,0.2583659657455649
14827,0.08605163071215802
14828,0.02839567339922526
14829,0.3953286362857013
14836,0.09462269569528654
14840,0.17653640878676194
14841,-0.08386861104245441
14842,-0.4810542957862304
14843,0.07304691821479718
14852,-0.0162549855628672
14853,0.5862888911823296
14854,-0.09822336053471864
14859,0.11143721058659944
14862,0.08954841351492977
14863,-0.7361288098457239
14865,-0.11973235609528464
14866,0.01188506675014508
14871,0.3977744290318595
14874,-0.11527237671401432
14884,0.0464972603140734
14885,-0.14538974778128394
14886,-0.04608922931547524
14894,-0.02959592987647059
14897,0.05858129443733489
14904,0.08670730550642794
14911,-0.01062280614764273
14912,0.41097710443724833
14915,0.18041126233641455
14916,0.2927513166458914
14919,-0.5464498967887033
14923,-0.13358311208394455
14924,-0.141712500306391
14933,0.25011177339668356
14936,0.03941645132802519
14938,0.03613544954108023
14939,0.2416349346412672
14940,-0.11116518559163276
14945,-1.199465401915602
14950,-0.11336482236219264
14957,0.15179418445500473
14958,0.1805345969708278
14960,-0.08716557139904277
14961,-0.05438328199097956
14962,-0.07488296456007426
14969,-0.05840778431431788
14977,-0.0294183352952855
14979,-0.07624401542092346
14991,-0.17251123819310568
14998,-0.08454437036876802
15001,-0.16654250904331225
15002,-0.19052099537752856
15007,-0.07068454577599802
15040,-0.02093411957564725
15064,-0.3552620713928617
15107,-0.06094687630125697
15108,0.00209251139732975
15109,0.4641998323099311
15110,0.17595499615879978
15111,0.9965156582622164
15112,-0.24378696105037617
15114,0.15963664345438028
15115,0.06224678452202441
15116,-0.11877694658681529
15117,0.12092365798065896
15118,0.06207687425067928
15126,0.12859419358846985
15132,-0.08636903731982097
15135,7.730958633972614e-5
15139,-0.01312841776206416
15159,0.03769887878171146
15160,-0.626077413507216
15161,0.28410775544237765
15162,0.00640085913326949
15163,0.13278507290033226
15165,0.21721054809575197
15166,0.03481887687512141
15168,-0.07393134021344772
15170,0.12252418683136848
15171,-0.4175374383619111
15182,-6.187894787632112e-4
15183,-0.0028108707837763
15184,0.02040554674518783
15185,0.1091114371696649
15186,0.24120089281079987
15191,0.07933174395655626
15194,0.08821061962009057
15199,0.02259889962066513
15200,-0.1819091471984552
15201,-0.4131316573487721
15203,-0.1798362071712285
15204,-0.17462997543540754
15205,-0.19193753988588655
15206,0.0848289214267294
15207,0.647659767530285
15208,-0.2550687818995151
15209,-0.2838838212306316
15211,0.00819814094163037
15212,-0.09837648876927692
15213,-0.06772344392814998
15214,-0.18767081727775736
15216,-0.12307960123621237
15218,0.11805143265756292
15220,0.1244300488081952
15221,-0.5123719818487373
15223,0.01590410519503415
15227,0.2124294130490071
15228,-0.00870597905870003
15229,1.2873050477163828
15233,-0.2512617944203743
15234,0.02275647427869639
15235,0.1062591124519503
15239,0.01176765697426504
15242,-0.16722339708390557
15245,0.01649501593536426
15247,-0.09043691379773292
15248,-0.1302096518043417
15251,0.04397119357599716
15254,-0.07466441835326408
15257,0.30516603460706243
15258,0.1906529158900993
15259,-0.073110890656517
15260,0.08163072071378447
15273,-0.00986283566454022
15275,0.20778805245127585
15277,0.3055845758894197
15278,-0.18243083628943463
15284,0.4455638967956078
15285,-0.03159746174358799
15288,0.10987887920253736
15289,-0.0202688639182849
15353,-0.07940454105175797
15354,0.0451618656484118
15356,1.8188538295715528e-4
15357,0.08777403855196801
15360,0.4282176750311754
15364,0.3373181999326825
15366,-0.03015833255803052
15368,0.3194575467245908
15369,0.03916208892671972
15370,0.00487595651766796
15371,0.6484238830156295
15372,-0.176935250551216
15373,-0.28492676731718164
15374,-0.07091044544269541
15375,-0.01856676884013917
15376,-0.04517862408617522
15377,-0.3216563022610282
15378,-0.2525760345363445
15379,0.5166958529791889
15381,0.02318242869625435
15384,0.04442077058761026
15387,0.11589783107918712
15388,0.12971814014759436
15394,0.5088738171499423
15395,-0.3394413179169792
15396,0.10052597919510568
15398,0.4793376390845739
15399,-0.26573761068863616
15400,-0.8503048037169112
15401,0.27214238160011694
15402,-0.09790569251731036
15403,0.02256059045784929
15404,-0.02727459548964185
15405,0.2654995226122721
15408,0.407595909680496
15410,0.7013693743261376
15412,0.04217215342626154
15413,0.12519624831683693
15414,0.05053183120989518
15415,0.00738895634889612
15416,-0.0914583517185695
15417,0.44522085306192166
15421,0.01394140559566803
15422,-0.4281032991699535
15423,-0.3776367568237964
15424,-0.4024199333015092
15425,0.2539189371036893
15426,0.20908866004773957
15429,0.24560266045116233
15430,-0.06606632481048788
15431,-0.02053589272748673
15432,0.16981166645238285
15433,0.3705170514963143
15434,0.4989288409137728
15437,0.4252076341839155
15438,0.41525129232753494
15439,0.1512531795792566
15441,0.0274620831194282
15442,0.11310942619968636
15444,-0.4084771519286948
15445,0.2650978736866842
15446,-0.30243225839963694
15451,0.42911131535062846
15452,-0.2410107853951892
15458,0.4134245533971606
15460,-0.8584368224504678
15461,-0.10306325220995476
15463,0.04705344887413725
15464,0.2179886908763033
15465,0.26699458475370297
15466,0.6359977914045518
15467,0.19866831701373447
15468,0.03518385693597687
15469,-0.06481517298882446
15473,0.06135847539732592
15476,0.09305514917104894
15478,0.303171719436009
15481,0.00362066618101572
15483,-0.0660662815378541
15485,-0.688799858483943
15486,-0.00816479355441415
15487,0.6926267624826443
15488,0.05297569354057814
15490,0.49696655858824745
15492,0.08702179884687859
15499,-0.1375370128720724
15500,-0.11269996094988184
15502,0.14926851644717967
15505,0.2163449403656732
15507,-0.5011684380130271
15510,-0.07753302451649116
15512,-0.0704728086649486
15516,0.0855014259071088
15519,0.204746112701288
15525,0.01587334284612474
15526,0.01461184878347825
15529,-0.09673101334235204
15530,-0.03732492623163011
15531,0.10148960042891088
15547,-0.09734785060752
15550,0.08201881474164854
15551,0.1093590747288396
15552,0.5441146483363687
15557,0.10352000959672128
15558,-0.32867838766139906
15559,-0.03150753821193246
15560,-0.15304590613510757
15561,0.2923563114865864
15562,-0.38706273581337214
15563,0.44139045339643185
15565,0.7318858472636959
15566,-0.31330285643668554
15567,0.30165527865640485
15568,0.105973265088504
15569,0.14181190161620696
15571,-0.2954047785078472
15572,-0.4849056571998988
15574,0.01068272198510746
15586,-0.09461574477567336
15587,0.12300120413559176
15874,-0.01438117130139508
15891,0.33334070766018215
15893,0.3320838898749193
15894,-0.15472030792266978
15896,-0.07915585906409803
15898,0.06171194372395434
15900,-0.03478486708971623
15901,-0.5015675720937638
15902,-0.08120812187576913
15903,-0.3518665536587319
15904,-0.1003182457895759
15925,-0.07616728957912564
15926,0.14922575496804497
15929,0.01000339776116774
15930,-0.42519860326012104
15931,-0.3931165286561428
15932,0.02363221376492648
15936,0.07334706409880434
15937,0.16809928109854705
15939,-0.0744743288482787
15944,-0.11628358079647633
15945,-0.5424207272398103
15958,0.2793801589294067
15967,0.667608683199217
15975,-0.1194903033413058
15976,-0.00654182731260086
15977,-0.3467955260494615
15978,0.06527005018481656
15979,0.04520161616218995
15980,-0.02753346632840084
15982,0.00902196554706499
15983,-0.05499393184475917
15985,0.01183438935199803
16000,0.10891596051179532
16002,-0.2751392161092283
16005,0.5931933005083059
16006,-0.29765831153653244
16007,-0.4649503390717972
16008,0.4423529670414321
16009,-0.6303296470423287
16010,-0.15438552334046754
16011,0.2699281139564388
16012,0.23394459534243645
16068,-0.07208136767860106
16069,0.37908947640181345
16147,-0.07315097382164074
16150,0.07545824884835849
16151,0.07371651669008214
16153,0.0680936170455061
16154,-0.05474102065026939
16155,-0.1056483643273872
16156,-0.7380038339373786
16159,-0.505055012841389
16161,0.01255812409197307
16162,0.7551235952716507
16163,-0.0964169540106536
16164,-0.10546427830975091
16165,0.1160798089070699
16168,-0.23422339947059703
16169,-0.08386817587031667
16171,-0.4165216957963032
16172,-0.05627168679124961
16173,-0.12251549445748376
16174,0.3559183592711833
16175,0.23429046852305396
16177,-0.2003685543444424
16178,0.6358985117747962
16179,0.07573131337045319
16180,0.09801935128110371
16181,-0.16788001753228277
16182,0.0737391847106857
16183,-0.04137480202981208
16184,-0.2500091567201954
16185,0.05085302620649491
16186,0.07440687751173373
16188,-0.04085758068137016
16189,-0.485774914373671
16190,0.099150331208868
16191,0.5908910045922313
16192,-0.0705233759196799
16193,-0.3944839778394884
16194,0.0516820377583243
16195,0.07330817631925318
16196,0.1885953337052997
16197,-0.1150745711057343
16198,-0.3616907787373176
16199,-0.08135902925373045
16201,-0.0126175503081251
16202,0.07899292231042769
16204,-1.0129525340129395
16205,-0.00335872230552441
16206,0.3359830728484247
16210,-0.11420036306271848
16211,0.2206306452325363
16319,0.16566305615175483
16322,0.09369913263599214
16323,0.02086727352489861
16324,-0.01635304763489883
16326,0.09776161170769346
16328,0.2349567791644402
16330,-0.05536671301094526
16331,0.13899769883740096
16332,0.01467836806723728
16334,0.13772107741273348
16336,0.2204546320210422
16337,0.04238671721225075
16341,-0.0326054333151274
16348,0.10483742982767472
16351,-0.02716652575182929
16362,-8.958264944766703e-4
16363,0.03477740971748647
16364,-0.00621573902551427
16367,-0.08535042208968006
16370,0.24735514145432447
16371,-0.32098286139382776
16372,-0.49675107543167185
16373,-0.5556574323921561
16391,-0.01910349948775774
16392,-0.41219248486207
16396,0.03654050500252998
16398,0.39567079728923826
16399,0.18942675840844825
16400,-0.0304901464883916
16401,0.03235520917377958
16402,-0.4384305219984526
16403,0.26596010295827555
16404,-0.14798861805492536
16407,-0.32596335315316916
16408,0.0822286326251487
16409,0.01361392569806787
16410,0.3158213125222221
16411,0.2560829328561156
16412,0.45447626228162874
16413,-0.16052245067255072
16414,0.2028244622844288
16416,0.28791378706452597
16418,0.00511238476061767
16419,0.22039725725639
16420,0.3395478970267742
16421,0.04363538092927023
16423,0.04154814493316584
16424,0.14488928653690833
16425,-0.1039723211173886
16426,0.526740359205542
16427,0.12028279384906287
16428,-0.04194793681576769
16429,-0.00654783939964685
16430,0.47541318325534643
16431,-0.18793403268751985
16432,0.02432934533039762
16433,-0.3441319924724344
16434,-0.314979826273748
16438,-0.00905660676907852
16439,0.148373208038832
16440,-0.08536673781877875
16443,-0.05236722289419356
16447,-1.0779927278603116
16449,0.6411990151263472
16450,0.4759982140638781
16451,0.01591776825201333
16452,0.04908189762401352
16453,0.1085591451581188
16467,0.3967583518543542
16468,0.2891833605229315
16470,-0.10934828008127329
16475,-0.2517591503153039
16476,-0.08176642865541461
16477,0.5829563437030754
16478,0.18185464322242323
16490,-0.27520618684513487
16491,0.23156499581596807
16492,-0.25183342236467904
16493,0.3224365998364921
16494,-0.49622310597941166
16495,0.11780920220550296
16497,-0.9316542081068868
16498,-0.03556313552131802
16499,-0.4917051462566004
16500,-0.5220450952125926
16502,0.07486984567032089
16504,-0.5484978444745316
16506,-0.10304220056548488
16508,-1.3987763526418506e-4
16509,0.6203442178643815
16510,0.5210667905958992
16511,-0.00550096151542928
16512,-0.07942574046932459
16513,0.1194531260983156
16514,0.363293452177624
16515,-0.05209337520948271
16516,0.19645515007342176
16517,-0.3350759276596105
16518,0.6161255958654271
16519,0.35259951555883684
16521,0.20304393044700017
16522,0.1953262331961324
16523,0.16004754426273635
16524,-0.4562250069456337
16525,-0.3539566994660708
16526,-0.04386944490811124
16527,0.09683283999057528
16528,0.22367688235258457
16529,-0.04136855933578927
16531,-0.1443832291987399
16532,0.10887363029091018
16533,-0.2508067954984511
16534,0.03053336553398387
16535,0.32913371556672977
16536,0.25106000590788163
16538,0.27151473647696694
16539,-0.04712807449673757
16541,-0.00990020599988602
16542,0.11443858590640248
16543,-0.02139963820178307
16545,0.10754862022697524
16548,-0.05786048147472406
16549,0.04406564046081288
16551,-0.4662707731231358
16552,0.3503288858479643
16553,0.1240252789528693
16554,0.6338615513434491
16558,-0.04821427146570528
16559,0.15639038532294874
16560,-0.01971746612079338
16561,0.12584023504877023
16562,-0.00811309978955423
16563,0.3274422036985354
16564,-0.21300900799970243
16565,0.04169699703066291
16568,0.02543333442919
16569,0.36177660193465455
16570,-0.2975160202983491
16572,0.2413835969793771
16573,-0.0548517284674872
16574,-0.1072656897658638
16576,0.134828982655067
16578,-0.18036779594048152
16579,-0.1604199084959421
16581,-0.04871845890273119
16582,0.2075717606561589
16588,-0.09135521526677055
16589,0.10376101135114968
16590,-0.46903222996335975
16591,-0.2488999393875592
16592,-0.09806151471169292
16593,0.2154082730047144
16594,-0.12529277101383973
16597,0.10517862578440704
16598,0.0362486553422564
16599,0.05696198010821675
16600,-0.05543970420560638
16601,0.02652518244839483
16621,0.20072911807322089
16641,-0.2783987153533911
16643,-0.16539661310325532
16646,0.3592428343135722
16647,-0.04175005210560262
16648,-0.09785879865251636
16649,-0.18334036759836653
16650,0.21794785890417076
16651,-0.4737701439065288
16653,-0.13299430900616915
16656,-0.08569110004766388
16658,0.41287333724134473
16660,0.07359272584579117
16661,-0.9297762717166552
16663,-0.18388655831434253
16664,0.19872566082574983
16665,-0.2540495913544424
16666,-0.08038008583859552
16667,-0.4366403935669406
16668,-0.40492536266968626
16669,-1.2092903586279886
16671,-0.2889058151812366
16672,-0.5834012742743367
16673,0.598895616314949
16675,-0.4968942483319324
16678,-0.9435816760352912
16679,0.04979939258763541
16680,-0.05517553699162
16681,0.2865351631111718
16693,0.24061850603051557
16703,0.5196650038399406
16706,0.5502875038048124
16709,-0.2230128234415394
16716,0.5604773483151426
16728,0.26450604847694886
16763,-0.19615147422194243
16764,-0.19542582722903684
16765,0.06368810931669629
16768,0.34367399361301754
16769,-0.30052082268714786
16770,-0.01347038831194875
16772,0.1816236638562503
16773,0.02688682427859392
16774,0.2069236331987078
16775,-0.3177952459265144
16776,-0.07420355636898979
16777,-0.09514803033538302
16779,0.30277983175293854
16780,-0.8716388560254293
16782,-0.3425163457941357
16783,0.05092978111837004
16784,0.2989332835300089
16785,-0.07236729354120493
16790,0.4161836608183349
16792,0.07070278813482178
16795,0.22815726563123373
16796,0.20580317587584773
16798,0.3085371352954174
16800,0.0676735925342727
16801,0.00333675963546138
16803,0.35565879365489983
16814,0.17878221970231375
16815,0.11550318061664072
16816,0.18127671418904803
16819,0.5079890201045023
16822,0.4897802194075721
16825,-0.12566724214746527
16826,0.25790467066556105
16828,-0.06577803790788214
16832,-0.12718717437844965
16833,-0.6264307385242472
16834,-7.756598910573717e-4
16835,0.1317569778455153
16841,-0.03856556125183316
16842,-0.02757463276491933
16846,0.246216431568695
16847,0.1314249151968773
16848,0.0320943096257163
16852,0.05731390806160009
16854,-0.14055214421461934
16855,0.05141385767677532
16859,0.09949236415177876
16865,-0.0444244140279314
16867,0.07407906931110654
16869,0.07963076458326765
16870,-0.18286340732688983
16871,0.4566268928364472
16872,0.02016786693710301
16873,-0.19087429584424928
16874,0.03021964062357416
16875,-0.3940595347757062
16876,0.4785641058325417
16878,-0.06856226945786842
16880,-0.7055556030428116
16882,-0.1500715878033914
16885,0.05710539507738891
16886,0.09758288458746656
16889,0.09862202893348604
16890,0.04554761477279475
16891,-0.6884323947767437
16897,-0.5479011119958067
16904,0.01986510031411607
16905,0.24436913770755364
16906,0.37864679522721745
16907,-0.0898157541067478
16909,0.06523366923193438
16911,-0.00498398155958263
16912,-0.0669547328672621
16913,-6.121032065329645e-4
16917,0.21268777695427016
16918,0.13502282272137472
16923,0.06468278559067667
16924,0.5463321896320275
16939,-0.36799523697082215
16948,0.34039105747576903
16949,0.6454100963675592
16950,0.18068361804238972
16952,-0.03033796980978742
16956,0.07864217622850439
16963,-0.29152418156675514
16969,0.317917071545198
16971,0.187789139274673
16973,0.0793844846697241
16974,0.1472420026254066
16975,-0.2563790589318879
16976,0.09061084412630434
16977,-0.248436992486509
16978,-0.10781423970756304
16979,0.11962939140544626
16980,-0.3620908048573476
16981,0.23572914513865983
16985,0.02992744179416114
16987,0.07757790227226834
16992,-0.13885549674332937
16993,0.02581407115704426
16994,-0.00970265272795774
16995,0.13678328870507878
16997,0.502739462530389
16998,0.01220662927229152
17001,0.01386292431227619
17002,1.0453315931075862
17005,-0.4599550330004735
17022,-0.2509773993637848
17025,0.06065167474433971
17035,-0.2144472222440136
17060,-0.04733053896296189
17063,0.4771355572006312
17064,0.2651303106199612
17068,-0.11954838793915716
17069,0.09042553590253134
17075,-0.2244769923443138
17079,-0.03440426042275084
17082,-0.03777386417376539
17083,-0.26765947631452625
17084,-0.11054350074822598
17085,0.155706529103171
17086,-0.28170314005767527
17087,-0.2509769163584216
17089,0.7018091794019448
17095,-0.0307853167260381
17096,0.13572063114030214
17101,0.31907004945712064
17112,0.28810506830169275
17113,-0.12165993613997016
17116,0.14087609882553817
17118,0.0894972969595969
17119,0.2565452151611698
17120,-0.1711542447262152
17122,-0.15125034364187978
17123,0.5373805401900992
17125,0.3641352135530423
17126,-0.01839333797494435
17127,0.22929474787595863
17128,0.07839306555342715
17129,-0.01896811940828179
17131,-0.21067392793976947
17132,-0.13038174031566266
17133,0.03027158182546153
17134,0.16745806083870587
17135,-0.02947742433677541
17136,-0.15264871126983265
17149,-0.16400756871265107
17150,0.1966534849727018
17151,0.12971603596936818
17152,-0.5062465011437149
17153,-0.3577556234209295
17155,0.08708985464861363
17156,-0.03650124772582518
17158,0.1305274593541931
17159,0.11907727839298018
17160,0.321279713524567
17161,0.282689874494544
17164,0.08109174985340148
17165,-0.01771757919124941
17168,0.10041873578880772
17169,0.18471867758003005
17171,0.10419744450414437
17172,-0.05377313349517883
17173,-0.34046511976480237
17175,-0.22526382184706328
17179,0.07371914752579903
17180,0.05325862404513141
17181,-0.4076154325359498
17182,0.15141796151733034
17183,-0.4810976059218618
17184,-0.06553614347212737
17187,0.12337107234058356
17188,-0.7251538700969671
17189,-0.6112824715507719
17190,-0.10944765122685012
17191,0.04304075703985388
17192,0.02321653654404624
17193,-0.0025272479628016
17195,-0.18201527571047169
17196,0.01359985148604188
17199,0.04189077396625619
17200,-0.6321298905090067
17201,0.3817513842594216
17202,0.06387705842068966
17203,0.27889980263480557
17207,0.3807284557965198
17210,0.06337438607727947
17215,-0.02682829489046848
17217,0.01105529059415687
17219,0.00604789142360603
17220,-0.0180474033725388
17221,-0.63993085171093
17222,0.1105456982783284
17228,-0.04872986143191368
17235,0.2548036647317539
17237,0.02256316379977876
17240,-0.1847357135606459
17242,-0.0074160038997656
17245,-0.12368320287803113
17246,-0.08048638639354562
17248,0.22596071096651177
17250,-0.039912325379354
17252,-0.1321154617159213
17254,0.07501261769912243
17256,-0.0085850831495332
17257,0.0604548838087454
17258,-0.3058045479493915
17259,0.09202015997290412
17260,0.13056439510663592
17261,0.09787093891360872
17268,0.19177099988608629
17274,0.03104490616619212
17279,0.09054994340346044
17281,0.16746870276996062
17283,0.04165319166205523
17285,-0.2084553340153349
17286,0.32445869186029686
17287,-0.7642639817989736
17288,0.2652697090804659
17292,0.22301963147319048
17293,0.10584396248053482
17294,0.18702621509718095
17299,0.06407198675373413
17300,-0.3012554742106293
17301,-0.3098063496186134
17304,-0.04181568058566985
17305,-0.16367882357939548
17306,0.0396247924184446
17308,-0.13938013182291092
17311,0.4660758378711625
17314,0.09092229149027171
17318,-0.30503575672234007
17319,-0.02261243225026704
17329,-0.2032848275148776
17330,0.05045455873926764
17339,0.3044323008321305
17341,0.2308206788150248
17342,0.08314518239267207
17344,-0.0706030961631636
17345,0.37369536941277537
17346,-0.08727343642195955
17347,0.00183455167265972
17349,-0.09050858728865847
17350,-0.09655564138190778
17354,0.09365097745885236
17355,0.07672380035602361
17356,-0.37767104211753433
17364,-0.42902818097698625
17380,0.5276733496931362
17381,-0.16821616431882408
17384,-0.08179380748453147
17385,-0.5973676330495084
17386,0.5145628053173563
17387,0.31186453441483347
17388,0.5783744485351121
17390,0.38991736411834155
17391,0.2807638059672826
17392,-0.5946113165187997
17393,0.27036014009959924
17394,0.4986279228627741
17395,0.3337182970601015
17423,-0.06361656407317787
17425,0.22662334654693425
17427,0.10209770347463848
17428,0.03400832481660401
17433,0.0210900203738022
17434,-0.1241145914098369
17436,-0.6527087743124727
17441,0.00900858232906122
17444,0.04437909059824814
17448,-0.00491456051880113
17449,-0.21029509776057503
17450,0.4030943843721218
17451,0.4156736902358291
17454,0.1469880544606775
17463,0.0962904703060658
17470,-0.20644182860984117
17474,0.1249782367569342
17475,-0.8781873249583483
17476,0.14493728670820777
17480,0.17830684240692066
17523,-0.14774234753877383
17524,0.17715324344212902
17527,0.02633935454412972
17528,-0.2673476466959359
17532,0.19877899676704652
17533,0.6144042186310407
17534,1.3073152712966378
17535,-0.01297626894769074
17536,-0.8124449357533362
17537,0.4059140667675179
17540,0.3814830100322342
17681,0.2196053250954133
17684,0.03367969207142755
17685,-0.04210010567807634
17686,-0.0784159802989995
17687,-0.21164532213914916
17688,0.02971391727987393
17690,0.03573487634108723
17691,-0.05152979192592583
17692,-0.10420597674669244
17695,-0.06169502374545665
17698,0.0521612775159286
17700,0.6469404001602506
17701,0.11243419610345688
17702,0.00949872174417443
17705,-0.07611137463826281
17708,-7.76329908649908e-4
17709,-7.76329908649908e-4
17710,-0.07611137463826281
17711,-0.003999174879848
17713,-0.08209305153603469
17714,-0.27524946365162484
17716,-0.00792697903471447
17717,-0.00792697903471447
17718,-0.13474215527506905
17719,0.02783226886192342
17720,-0.13474215527506905
17721,0.0241951848674489
17722,-0.19162650042197965
17748,0.01220746352740899
17749,-0.24911159693245863
17750,-0.3681074580157977
17751,0.06285804944277475
17752,0.04062158563330625
17754,0.09904971208685684
17755,0.2564620769945
17758,-0.00288634607199578
17760,0.16537239669249346
17761,0.07331988516705126
17762,0.1928226963332518
17763,-0.0087386759064099
17764,0.14305174140212742
17765,-0.2587242874782587
17766,-0.090763453145408
17768,-0.10190567867888738
17769,0.05037882831632151
17771,-0.2833535233205454
17772,0.37441760162975873
17773,0.14619403921620694
17775,0.02678518940538413
17776,0.37857219699702743
17777,-0.31576346894363266
17826,-0.03455589499720472
17827,-0.01695590226813531
17828,-0.03058129141532026
17829,-0.00427887980500951
17846,-0.08735825180879063
17847,0.02981630897562054
17850,0.06288127907691177
17855,-0.15074435491946145
17859,0.2124378667428921
17863,-0.4264127743914195
17864,0.19565215261138288
17865,0.04257780281643708
17868,0.3748894931541962
17869,0.1438721872269049
17872,0.03647286412104345
17873,0.0654177547338775
17874,0.1055098611544112
17876,0.09770582961645466
17877,0.12166666936611029
17878,0.05498236268725456
17879,-0.28661680754553437
17880,-0.42308859529050064
17882,-0.06512010661013864
17883,0.05926421816188046
17884,0.7289222796794302
17885,-0.24150426074224743
17886,0.25190780423441445
17888,-0.23724991263929668
17896,-0.14658500846283132
17897,0.12537884953139167
17898,-0.5567485347866985
17901,-0.22091833010539835
17904,-0.14878819262266518
17906,0.213984726897602
17907,0.00589110858150641
17909,0.0620350203599422
17910,-0.05798551353322454
17912,0.2030240747609064
17913,0.02328867497638908
17916,0.25353751320044043
17918,-0.05329122029921934
17919,-0.34643839569359136
17920,-0.23549845235064967
17921,-0.257765301516484
17922,-0.4290292063528368
17925,0.15199769776713468
17926,0.26938573832712936
17927,-0.25128453107646087
17928,-0.6154544981741354
17929,0.7419451140195451
17930,0.00418925870061814
17931,0.2058435566927307
17932,0.2162394925437504
17933,0.00255309424489494
17936,0.17255069304915188
17937,-0.28282684143148085
17939,0.3811754276053253
17954,-0.02521776792438562
17955,-0.0607574985602289
17957,0.00827156950033365
17960,0.7308824665863723
17961,-0.4157557207866749
17966,0.26041256557146275
17967,0.5560344859481383
17968,0.27886762627287953
17969,0.2434423565380789
17970,-0.07727441635310599
17972,0.04809851172236161
17973,-0.10758755464071151
17975,0.09089792819134926
17977,0.29370195369676755
17978,-0.00776011742246309
17979,0.09841221870805485
17984,0.32514815952933146
17986,0.1736641118801775
17988,0.22256753685548025
17991,-0.03015097181624527
17992,-0.00396158777299509
17993,-0.06215194012155047
17995,-0.06429874732205727
17999,0.19825653322799935
18000,0.01450156445993506
18002,0.01978997230488364
18003,0.11872731810276135
18004,-0.2311459104774437
18005,0.05586821721241054
18007,-0.24250276163530624
18008,0.6269454561507666
18010,-0.00908813441452612
18011,-0.02558804416098196
18012,-0.0737160860136019
18013,-0.5992876168688673
18014,0.05342106453804513
18015,-0.02295255491683461
18016,0.03510409430701416
18018,0.04064076992799451
18019,0.09422641811163102
18020,-0.02575614427273639
18021,0.1509756714694779
18022,0.14508326166415283
18023,0.04401855081011256
18024,0.13145100575109245
18025,0.07104012114748509
18027,0.04697585740495332
18028,-0.12791891424197524
18029,0.3911694223614605
18030,0.2117832971870895
18032,0.1899937876900672
18033,-0.07149639307936828
18034,0.1423566150833116
18035,0.04077889199791774
18036,0.02014205373399604
18037,0.00199847658427787
18038,0.01858962020341618
18040,-0.2853708184863433
18041,-0.3935574668548254
18044,0.1859312220511777
18045,-0.01377564127850022
18046,0.0066528247385356
18049,-0.0955088399402618
18053,0.00493129149599003
18071,-0.466398411964111
18072,0.16471507251659986
18073,0.14285138659151128
18080,0.08441340810667299
18081,0.05288232212732606
18082,-0.1290114907808117
18087,0.04622404252274675
18088,0.00700125792746399
18091,0.18500590937065103
18092,0.3504797596282885
18094,0.8770126827229987
18095,0.46121514745937575
18096,-0.1839002720364355
18099,0.21212467781755265
18100,-0.11578160062294758
18101,-0.2685678144481627
18102,-0.06018913131061416
18104,0.4534855592461724
18105,-0.03789300893937088
18106,-0.18854083363911384
18107,-0.0533677632519747
18108,-0.03529761579855239
18109,1.1039691700818484
18111,-0.11049219570847796
18113,-0.16177909149337055
18114,0.01355828637771707
18117,-0.46009901468185754
18119,-0.11755629124318348
18120,-0.10123368888590678
18121,0.3799015189602083
18124,-0.02253998672247385
18125,0.11376180780876705
18126,-0.35419211881706975
18127,-0.2475240750717962
18128,-0.17542010494634674
18129,0.01519398540350631
18130,0.01314745462293504
18131,-0.05164948616405832
18132,-0.09773607604362244
18133,0.30264033157156645
18139,-0.2350718134776406
18141,-0.02196081964727315
18142,-0.1889289700462993
18143,0.2421460562113164
18146,-0.5051333491631756
18148,-0.12053378397531243
18150,-0.534142807133118
18159,0.17125395829835335
18160,0.6695677981148281
18163,-0.04652468350098512
18164,-0.09495194162750256
18166,-0.04689079542925354
18167,0.10141699977598592
18171,0.09431582561071122
18173,0.07923883037731129
18174,-0.13184842081100495
18175,0.14425666653554256
18176,-0.01518485830436657
18181,-0.06008158794403967
18185,-0.298739568178117
18186,0.26015606843632055
18187,-0.31607651050424357
18188,0.2033920246230531
18189,-0.03573055499696
18190,0.19347295862905164
18193,-0.01895931512760194
18194,-0.0046960115887877
18195,-0.09180626300819512
18198,0.09157912390543194
18201,-0.05449189937976554
18203,-0.04137480202981208
18205,-0.739805373567426
18208,0.5655287164429669
18209,-0.08234313258513368
18211,0.2024155708642104
18212,0.15795697476631276
18213,0.3676254541870305
18214,-0.23469342962665363
18216,0.4272427821802517
18217,1.9616384153787572
18218,0.3838675412614793
18220,0.19968501854233783
18221,-0.01453456905130849
18222,0.1661708106784041
18223,-0.01744056113048651
18226,0.09694952077749391
18227,0.5948004410963529
18230,0.4439415956721592
18231,-0.7742590116154907
18232,-0.1520551717967769
18241,0.35817349458239006
18242,0.02219612138180817
18245,0.00997550295575673
18247,0.06564702739118204
18256,0.25696134378141766
18260,-0.01061021225422564
18261,0.09084696143309484
18263,0.02263957966894572
18285,-0.4031275819383751
18286,0.00961793290107027
18291,0.15797676973885316
18293,0.1305751239852884
18295,0.7442967833038825
18300,0.3787304395411982
18301,0.0748717239178119
18302,0.00618305287427422
18312,0.00793348556232986
18313,-0.2609418764974679
18314,0.11551872024241892
18315,-0.3584675458100142
18316,0.3395424592808621
18317,-0.05609951010546044
18322,-0.2560274926891275
18328,0.23517464969124785
18330,1.9172757876278663
18341,0.3404794353412961
18343,0.4010693475168602
18357,0.12454483229978616
18365,-0.199120410756505
18366,0.04408318340317601
18370,-0.4939664374883732
18377,0.3850364412195399
18378,-0.17003430874799003
18383,-1.15932918373918
18386,0.6333427303377726
18387,-0.48965654452835905
18389,0.03207684464179597
18390,0.04423105488848169
18391,-0.06307303661358273
18392,0.6659265345281149
18393,-0.29767810505548326
18399,0.45507895718118657
18400,-0.00924033918612937
18408,-0.23613363149283953
18412,0.08930773982594281
18413,-0.08498631357173839
18414,-0.3452151470878502
18415,0.08131342804366745
18416,-0.213258880133024
18417,0.8462344152228904
18420,0.4352641549781064
18423,0.7019167093676257
18424,0.03763097663966575
18426,-0.05291301452781692
18429,0.3674504530860093
18430,-0.03113778258255335
18431,0.4027671339178619
18432,-0.02613548408705683
18436,0.2109604286458198
18438,-0.13413192102579047
18439,0.12495730374097976
18440,0.14580618041497057
18441,0.34779876894485157
18442,-0.0106556027773837
18451,-0.03135334501237327
18452,-0.4489094411998099
18457,-0.13836045129055138
18458,0.0833420865776809
18472,0.01591113524862232
18475,0.16835016184243143
18476,-0.1108059129762487
18477,-0.06653025311942172
18479,-0.04045780035989631
18481,-1.2269986538773925
18483,0.14887432265955436
18484,0.7625300257585097
18488,-0.02858673608277173
18489,0.4057794396578309
18491,-0.31367595328455034
18503,0.06058033218510695
18504,-0.2874004208853448
18505,-0.1255198434962394
18506,-0.5260667798558295
18507,0.11532196461921336
18508,-1.049069361604534
18509,0.101149500462738
18510,0.714195460831515
18511,-0.4377466364391084
18514,0.0890129524291812
18515,-0.00879471250055633
18516,-0.03044661632569205
18518,-0.1056276225448186
18519,-0.12196433919878436
18521,0.01723986111964853
18526,0.2191844548197624
18530,0.03489065787362811
18534,-0.078814268848935
18536,-0.11063203866993784
18537,0.11289890297984904
18541,0.10086261688970465
18542,-0.5546905831081781
18545,-0.06701828303077359
18546,-0.2705889215163185
18548,-0.2287197242477055
18549,-0.20811096532595028
18550,0.00116075886906857
18551,0.06478477911494412
18552,0.5461598444406265
18553,0.07159797834494808
18554,0.09088848771435468
18555,-0.1302497835112728
18557,-0.6289922600292954
18559,-0.426621830837981
18563,0.14484205847512954
18566,-0.1454200322396205
18567,-0.02862415152563069
18569,0.02308556172136255
18570,-0.06968297486185027
18571,0.06528427267938777
18572,0.17295193833277844
18573,0.03023637156251959
18574,0.07958102477812579
18575,0.00144212848567088
18576,-0.2598247129785455
18577,-0.010787642183819
18578,-0.10886941228554732
18582,-0.15679823519896072
18583,-0.03369417328934328
18584,0.05723497051181298
18587,0.6260981483892374
18588,0.31189370772285774
18590,0.28279588296376434
18591,-0.07455828444771045
18595,0.12027616953729212
18596,-0.13658509293743443
18597,-0.06675715471139476
18598,0.5250779686191476
18600,0.1681698018994198
18601,0.16151378652598175
18602,0.19306460876585652
18605,0.25800628621809674
18606,-0.19934655290498784
18607,-0.02946665046296556
18609,0.6554601537058697
18610,-0.399077696135663
18611,-0.29493981898333715
18612,0.16948462166752654
18613,0.02976121081349501
18618,-0.10223361268020674
18619,0.01745017742776738
18624,0.0888198901549946
18626,0.10421126150644676
18627,0.1281306461168726
18628,-0.28876380906407156
18631,-0.04750432944934998
18632,-0.2487300017828719
18633,-0.10194368741477176
18634,0.13368370767509213
18636,0.14749904512115647
18637,-0.01316430504895956
18639,-0.17419777996288488
18640,-0.4745739394389769
18641,0.2208488266358302
18642,-0.15424197200695894
18643,0.08541600363213203
18646,0.07074277749955168
18647,0.05020603948411187
18648,-0.02901276237316994
18654,-0.1916244388910648
18655,0.02368959251832524
18663,0.500999937312568
18667,0.398191797737208
18670,0.07001850415295321
18671,0.22813984919492888
18673,-0.2874613369899568
18674,-0.22622522574879644
18675,1.483759862317217
18676,-0.2010076051305985
18679,0.11876943732190665
18685,-0.09099686130805444
18693,0.1181407502453158
18700,9.8157729962315e-4
18701,-0.09759045833197592
18703,7.160445874962312e-4
18704,0.16862367872112277
18705,-0.1750599295455779
18706,-0.13938641204738011
18707,-0.00502517815971063
18708,0.3623459361035906
18710,0.01022063437472922
18711,-0.3531086901986022
18712,0.10903207225513024
18715,-0.20577718796185185
18716,0.16704790619504783
18717,0.24751932180225292
18718,0.1752991644597127
18720,-0.11673071103800411
18736,0.28174947475338796
18738,-0.00565833365359417
18739,0.03428368393421446
18740,-0.18351767091463983
18741,0.46562550012479126
18742,-0.3639521031581592
18744,0.00333991761029635
18746,0.14476530715657276
18747,0.11124507821809966
18749,0.0221373757389352
18750,0.22778131998168372
18751,0.02566437368087977
18752,-0.23420602547471311
18753,0.13556560188402536
18754,0.2880274930374392
18755,-0.2280563568394404
18759,-0.18426917676809407
18760,-1.2230678155518937
18761,0.12749464406320765
18762,0.0906987201436647
18763,0.08417491175689094
18764,0.01578035564909198
18766,-0.0142608479707057
18767,0.30703754985600684
18768,-0.15551588528271915
18769,-0.05757982906399443
18770,0.37111059013803627
18771,-0.08491063246868721
18772,-1.2675553109102642
18777,-0.35264942954519374
18778,0.11083228040194763
18779,0.2709569339947101
18781,-0.44968955481171863
18782,-0.3010429547281062
18783,2.3443976133773192e-4
18784,-0.183761603301098
18786,-0.22339744224992017
18787,0.30952697023883285
18788,-0.03437737772451141
18789,0.00686015908372811
18791,1.0072409225794443
18792,1.0232193688572122
18793,-0.0774423581285962
18795,-0.00107842913942811
18796,0.48521531771254206
18797,0.379727193568664
18798,-0.25025319776644095
18799,-0.02214854132053072
18802,-0.15912178590322146
18803,0.16771111032121097
18805,-0.26118748427841343
18806,0.02465237053382166
18807,0.1193800047288778
18810,0.07262286407891239
18813,-0.03413929968545073
18815,0.14139082094293898
18816,-1.0368901145693523
18817,-0.8961542633215707
18821,0.06952654388728789
18822,0.13311489770425475
18823,0.17576917420725288
18824,-0.00916633885227779
18826,0.12646241945859765
18830,4.469792122390216e-4
18843,-0.46144572732812744
18845,0.4135229472223651
18854,-0.03453167194349026
18857,0.2913412439343511
18858,-0.0850923336978121
18861,-0.2625619188530824
18933,0.30138487689952154
18935,0.2889990790278898
18938,-0.14943895966976
18946,0.899569556408511
18948,0.4370911112253428
18949,-0.21068214749213016
18951,0.14942563162280412
18952,0.248343499577439
18968,-0.09132178341704314
18969,-0.07400375442584076
18970,-0.2215949524877409
18971,0.04916571496372905
18972,0.06589981780158934
18973,0.3956228224679642
18974,-0.20829193665604273
18975,0.13135056438907083
18976,-0.37299810393708377
18979,0.02605376203536254
18983,0.04058844241143608
18984,-0.07197453191896824
18985,0.03545690405632085
18986,-0.04059209304223174
18987,0.05932056744498575
18991,0.36155860170660115
18992,0.5016319485862244
18993,0.2145884636310545
18994,0.4361559427796212
18996,-0.0100899768860654
18997,-0.5506827449524947
18998,0.11606751496906258
19009,0.1624360545633337
19011,-0.22128568293269793
19012,0.59095453873423065
19013,0.03727704819427173
19014,0.06946869358061644
19015,0.18444531935220249
19016,-0.07954871277057411
19017,0.19432322236865057
19018,-0.00818121280644625
19023,0.20060724667232496
19024,0.03859012800650937
19025,-0.01620715452665486
19027,-0.12481972755403248
19035,-0.05623524228718835
19038,-0.20933071126744063
19039,0.21759835242334247
19042,0.01169161459233728
19043,0.05857838320676191
19045,0.00127271511669248
19046,0.12978127659253091
19047,-0.07088357473870205
19049,-0.4105026338126123
19051,0.3136586778657568
19052,-0.11280608646391244
19055,0.1123785286954336
19056,-0.1584525196134941
19057,-0.239394488291282
19058,-0.06757497600800261
19059,0.5112810117306479
19060,-0.7708462190859107
19062,0.05461817489022987
19063,0.10916039128323216
19064,-0.4333259706481448
19069,-0.1819012707240119
19072,0.1353339619896864
19073,0.05380974050570147
19074,0.23112341698252928
19075,-0.1185252922788018
19079,0.11740587118813188
19082,-0.22868227420978351
19084,0.02469983794083479
19085,-0.56007609070975
19087,0.6327560664962106
19088,0.1555717614626492
19089,0.02226756408084528
19090,0.03807290448106427
19091,0.49788961963863354
19092,0.05624147013415367
19094,0.06307206171759434
19099,-0.13817285726588605
19106,-0.08185341589054186
19108,0.2844814856119459
19109,-0.7216331549470019
19116,-0.5903494793721222
19119,-0.07894231429941775
19120,-0.1821323066727101
19122,0.42142620451569623
19123,-0.05693975125039138
19124,-0.19310394259068892
19126,0.21015784312526345
19127,-0.3080232845563287
19128,0.367563795506796
19130,-0.6805601495378628
19132,-0.23896610218592884
19133,0.09876140146671009
19134,0.08199996265348374
19139,0.05912633851921305
19141,0.06921162996334133
19142,0.1186045650299032
19143,0.12777011499805824
19144,0.29318189289526614
19146,0.13909228879078672
19152,0.11700749741485694
19153,0.13584145230995573
19155,0.13282735630083656
19156,0.21552561476627305
19157,-0.00874006397136641
19158,-0.00496943318288249
19159,-0.03205517931228849
19164,-0.02979425820340496
19165,-0.01238708802170342
19167,-0.07095040832701743
19170,-0.10568139594135072
19171,-0.02017188817625719
19172,-0.0610047021839898
19173,0.001960137400241
19175,-0.06736660552458307
19177,-0.11712386522576795
19179,0.02237701738020231
19181,-0.14516756254875213
19182,0.00218178230812505
19183,-0.246053049588982
19184,-0.04220824792678128
19185,0.08459645031543346
19186,-0.00225882279140509
19188,0.02539477845390574
19192,0.17362411492745197
19193,-0.2547013183532091
19194,0.36882937297800417
19197,-0.07714324187101532
19201,0.26067403973255954
19204,-0.02226755686475978
19206,0.02300890131861395
19207,-0.06345076128441296
19208,0.18495967465857116
19210,-0.13454391192218756
19211,0.1726165505103382
19212,0.31814213336748415
19213,-0.12998034025367486
19214,-0.07104332851651259
19215,-0.1944625786802169
19216,-0.06750263597449585
19218,-0.16300209863946494
19219,0.05602955827170187
19220,-0.6615275244918646
19221,0.05290634450267433
19222,0.1988627590880275
19223,0.12372304350893448
19224,0.1645904233468497
19225,0.2872775436495134
19226,0.43018213258461313
19227,0.45105103636718585
19228,-0.354790670594533
19229,0.04677606647957924
19230,0.31383295519162235
19242,-1.591194317688569
19243,-0.02390531744387208
19244,0.07813031415816325
19245,0.1264962328954519
19246,0.13294518140322473
19247,0.15360290591258513
19248,0.24702977904882784
19249,-0.46149613591117666
19250,0.17859110339696588
19252,0.03063903142802074
19253,0.01974241226903488
19255,-0.19010280349067143
19258,-0.08049557402444574
19259,0.18002913653341726
19260,-0.14833204290394045
19261,0.07072660052646447
19262,-0.06854058521647954
19263,-0.26698735106150895
19264,0.03281989586966231
19265,-0.0935690542676446
19267,0.12891281019281153
19268,-0.7782267875786043
19270,-0.01192080690493518
19271,0.3792047440201255
19272,-0.16025184854538255
19273,-0.7192114162019698
19274,0.6974521554101538
19276,0.2041553569883795
19277,0.01074393890760346
19279,-0.2531221143375788
19280,0.01732842972425211
19281,-0.10274341106210735
19283,0.880429373224417
19285,0.18365922711487565
19286,-0.24848161186766748
19288,1.2226743483506313
19289,0.06450557008432847
19290,-0.0815263526809747
19291,0.05662436803718518
19293,0.41204354588463427
19294,0.4090351035039965
19298,0.08573931620359651
19299,-0.15988511029036773
19300,-0.05413411487473057
19302,-0.10506308416523293
19303,0.25495258279909166
19305,0.03207207661563835
19309,0.4565241848326117
19317,0.01824598238070235
19324,-0.02171534667546489
19325,0.03301405196986465
19326,0.0402685682125082
19328,0.01165965040938534
19329,-0.35083032520335367
19330,-0.04053503292907196
19331,-0.07272555321126911
19332,0.4479584826503339
19334,0.23518739881886197
19335,0.16167936221726056
19336,0.15376374234402929
19337,-0.7109951552334879
19338,-0.13847178750281045
19339,-0.11151097587118387
19340,0.12665914637970185
19341,-0.15200987296378465
19344,-0.13625331377526867
19345,0.06431820534146579
19346,0.16646498515009442
19347,0.18749253764294205
19348,-0.6906770255923409
19349,0.07621650527734206
19352,-0.396363511722089
19353,0.04298526659448845
19354,0.02219690218572207
19355,-0.02519923293826789
19356,-0.28759741921513227
19357,0.05102830415974296
19358,0.04516318661450587
19359,-0.487437007729581
19360,0.14656855107710276
19361,0.1177207892924579
19362,-0.36421289397075546
19363,0.2661674478246915
19364,-0.3235054201990293
19365,-0.1000462421675482
19366,0.47676802350083103
19367,-0.01691291992185404
19373,-0.02551910361132673
19374,-0.0511780290681755
19376,0.10226369807933518
19377,-0.11703980098724992
19378,0.7246533241923122
19383,0.2430663678772917
19384,-0.05370557247685546
19385,-0.19026645899022504
19386,0.0672081749591907
19387,0.16570967943686993
19395,0.15779931115476897
19400,-0.11432697931402006
19401,0.07131356301181499
19411,0.02067355671402021
19414,0.05469230343729209
19416,-0.4222819177319436
19417,-0.3736700645332849
19419,-0.10637048850908132
19434,0.23703116832334165
19645,0.14311793315831603
19646,-0.06887757798005326
19647,-0.00513260535564719
19649,0.12497092306174908
19650,-0.0221713691142359
19651,0.05420095277126518
19652,-0.16149419143161925
19653,-0.01958643128614844
19654,0.04473959673117972
19655,0.01447181213851288
19656,-0.13173257240430292
19659,0.3256482592043868
19660,0.05498504630856645
19661,-0.15968263008360484
19662,-1.2319088771933542
19663,0.04425049800962417
19664,0.34523631681219563
19668,0.37839669818136673
19671,-0.12718322259079623
19672,0.07828831220032541
19674,0.5980719538652041
19679,0.1999428618307701
19684,0.10053952962496618
19687,0.01865049436831619
19691,0.00531790447532758
19692,0.01950809391475428
19693,-0.26988254962776315
19694,0.14152478227725537
19696,0.08041840471406883
19697,0.04512157265214023
19698,0.02262088939973375
19699,-0.01986348109426747
19700,0.34053522495984
19701,0.09560749677113534
19703,0.16550199202413363
19707,0.1385902281375763
19708,0.01066124486210243
19711,0.3054100325643731
19712,0.13758431348576658
19713,0.11723488498193216
19714,-0.07887227577102789
19718,-0.02395792949606016
19719,-0.07022282479121009
19720,-0.09638541787233072
19724,0.01781659129698875
19725,0.7347287361870529
19726,0.07908704577384322
19727,-0.0974188643765965
19729,-0.14389733191852544
19730,-0.1448701334940121
19731,0.0689434309976847
19732,-0.0344002147276763
19733,0.22885135965584605
19734,0.30177456935093017
19735,-0.03116068121872062
19736,0.3215364810692947
19737,0.7846692087428362
19739,-0.29290172827264616
19743,0.22014523169303177
19744,-0.6026605144136428
19752,-0.4162424201181544
19762,0.5276221003054569
19763,-0.2676454516939012
19765,0.14908988070733004
19766,0.10787587309473493
19769,-0.02835835905469447
19771,-0.1285656779875645
19773,-0.5218105580932438
19775,0.03078049995217543
19777,-0.04843966274383062
19820,0.27338073936446977
19821,-0.15507426030798846
19822,0.07174911469003334
19823,-0.1020621888339182
19824,0.12330410234763066
19826,0.1871718291876321
19876,0.4037196709112614
19877,0.07090379676747104
19878,0.01760716589732365
19879,-0.12593558126697593
19881,-0.08551357083194766
19882,-0.2371066792409416
19883,-0.03113503527520458
19885,-0.0328858666770087
19886,-0.0720994371031557
19888,0.4735044142061418
19889,0.21815058137675852
19891,0.00542545985812552
19892,1.2213929694082517
19893,-0.444497362225256
19894,-0.3465079437009223
19895,-0.16128551341366967
19896,-0.04054797590774986
19933,-0.2871130809130593
19934,-0.04552484141381607
19935,-0.1178158357327985
19942,-0.01528268637393673
19943,-1.4920860199730407e-4
19946,-0.0318182084916842
19951,-0.04852031931430709
19981,-0.04768718314665265
20014,-0.05435383461716076
20016,-0.12553892656332427
20017,0.12608074350528353
20018,-0.16330183031179174
20019,0.12905169007335054
20020,0.2011369108546084
20021,-0.08967011304008372
20024,-0.09639519466688463
20028,-0.6168308644518039
20042,0.01184500955119942
20044,-0.04546126088929159
20055,-0.07707528020863552
20103,-0.06065112365357482
20111,0.02602218195395834
20112,0.14028215540987915
20129,-0.21667821071655097
20130,-0.06292375146145873
20132,0.08849631239065274
20147,-0.01632427688263903
20148,0.12691983995248232
20163,0.15346258716944272
20166,-0.11362185736463964
20167,0.4547219240248
20168,0.2237183648866351
20170,-0.01301492497387291
20174,-0.03787445750893561
20181,0.2309921266181249
20182,-0.11746728614214053
20183,-0.1387194566210386
20184,0.05154700817494393
20185,0.29053648375414987
20186,-0.05565662911432176
20190,-0.2152014257159236
20191,0.4815712919309352
20192,0.09237741269881986
20193,0.0727987572626323
20194,0.09115802038928472
20196,0.08324516318240999
20197,-0.4344084261810784
20198,-0.07346835952417971
20199,0.0667805285304213
20200,0.08672433230641477
20201,0.1430149083519376
20202,0.05126186361341232
20203,-1.433874066832088
20204,-0.20653106330897725
20211,0.34229129357164145
20215,0.16065155185119095
20216,-0.6586471643699809
20218,0.02396913350511961
20222,-0.03071193499452136
20224,-0.10688534197497726
20226,0.04288847208395129
20227,-0.01562299296210827
20230,0.11464904987756294
20231,-0.13363598178992211
20238,0.0646273446484541
20239,0.00207167196497375
20248,-0.2293775735200835
20249,0.01255940738017572
20254,0.2890606842241148
20255,-0.02017256243334701
20256,-0.147307657625076
20257,-0.05713214100048222
20259,-0.27376277247581204
20262,-0.13255008193772272
20264,0.6194754431793427
20265,-0.32870926351674123
20266,0.136960747204936
20269,-0.03828297261784626
20271,0.05126020536738109
20272,0.4822218522159693
20273,-0.18510248421516537
20274,0.18175924625697823
20276,0.2752920292313869
20277,-0.28828741436832894
20278,0.05352778080001498
20280,-0.04530023212454794
20284,0.10519728043748625
20286,0.05277182550286853
20287,0.30587873401577304
20288,0.5480442849468045
20290,0.1510739602566206
20292,0.47569631918310806
20293,-0.22384103108035097
20296,0.08476839507332089
20297,0.04059823410903374
20299,0.2275279933162175
20300,0.03950296536431636
20303,0.17280730670925737
20306,0.4092102623265248
20311,-0.30842344079807255
20316,0.02156681690659349
20317,-0.04970851895437504
20318,-0.04959177411731422
20319,0.2724270427713652
20321,-0.00491655504420674
20322,0.1516877088964468
20324,0.09303260570941292
20334,-0.0733199556185033
20336,0.47657448583889256
20338,-0.04782057555919022
20339,0.27077887153333813
20340,0.10106854972073288
20343,-0.0421994856860407
20344,0.1887120366727538
20345,-0.03947199489001286
20346,0.38724134580175257
20347,-0.5588303772031742
20348,-0.4892010176403434
20350,0.5404033154396897
20351,0.01282288267193722
20352,-0.1624377181123188
20353,-0.09697904860957636
20354,-0.00693509898338475
20355,0.3419184836997701
20356,0.21822380470266903
20357,0.2556550973913948
20358,0.08020800887706471
20359,0.7953383918429072
20360,0.21727665625552384
20361,-0.01762775900590332
20362,0.35633049552190277
20363,0.00561332839133981
20364,0.02239480324924025
20370,0.8157008673697672
20371,-0.06637718223133218
20377,0.18545331300972265
20378,0.935605221945054
20379,0.0687216970213764
20382,0.13095993082485868
20383,-0.07304295745277925
20384,0.0516688695994384
20387,0.15261825483695002
20388,-0.1317996748311391
20389,-0.5738566757946544
20390,-0.02041978695872122
20391,0.00271540701582555
20392,0.16903459487851483
20393,-0.16245667289871824
20397,-0.02210129569318871
20399,-0.01093671692938839
20400,-0.25177886928094306
20401,0.18567833252558172
20402,0.22147653986773636
20403,-0.00268211639764631
20404,-0.0526204579402583
20405,0.00782524403485782
20408,0.2309171698053405
20409,-0.12396788166165
20410,-0.07731892635242227
20415,0.21689761907171484
20416,0.0549034875605191
20418,0.04229565006100276
20419,-0.789607783719606
20422,-0.05737114421531663
20423,0.05306999944742124
20425,0.3331167976418417
20429,-0.15746283644174125
20430,0.10712815501231844
20437,-0.07972987308450342
20439,-0.4008350451320692
20440,-0.10566621615181472
20441,0.07730445729294279
20442,0.17963248786579267
20443,0.21381523717803305
20444,0.15219656276879412
20445,-0.2592664549302686
20447,-0.14080342789840086
20448,-0.04778416609215304
20449,-0.00882784155699764
20450,0.10244727912050428
20451,0.6069153996835948
20452,-0.11541685793509798
20460,0.5003517924140392
20462,-0.3693218575162792
20463,-0.05030470533684112
20464,-0.6613074621089704
20465,-0.04272970430772796
20466,0.07166158736115105
20467,0.06041399961495228
20469,-0.02795226808448836
20471,-0.3664373408667657
20472,0.5370039536517313
20473,0.5360892599456406
20474,0.05438077194388936
20475,0.08803647271192466
20476,0.3768202232620392
20479,0.0445458418745738
20480,0.03146781700821688
20481,-0.01498415194227822
20482,-0.17492229175251184
20491,0.00330029363362887
20492,0.02074822168871912
20493,-0.04997802169541089
20494,-0.12371732835886892
20495,-0.46636951813503
20496,-0.23020411769585308
20497,-0.24814223595257903
20498,-0.1168305442616582
20499,0.08241375140703293
20500,0.34721016258304255
20501,-0.4439888004178896
20502,-0.212638458407089
20503,0.32199936036732035
20504,-0.03933491545746717
20505,0.3015312953965406
20509,0.02022868982398895
20510,0.0735220019040409
20511,-0.4942356814791013
20512,-0.190295819952074
20513,0.04657258461208409
20514,-0.02397298164925418
20515,-0.06459362245293412
20516,-0.3754081622313029
20517,-0.03058174715399289
20518,-0.23462502704024876
20520,0.04581337242332418
20521,-0.0625662819828746
20522,-0.02224272372304205
20523,-0.2586108635146177
20524,-0.10802223600041427
20525,-0.04389508695591083
20526,0.19410977502863655
20527,0.27049497359211416
20528,0.22759876434828247
20529,0.2738768713021026
20530,0.08060639149281004
20532,-0.575925332780711
20533,0.28192522200936965
20534,0.0141607025740455
20535,-0.04737426334383955
20536,-0.7397288624453521
20537,0.07465421513715534
20538,-0.4781527943603951
20539,0.4365984706537167
20540,0.2211034679798271
20541,-0.11464102274870804
20544,0.074646491681429325
20562,-0.0220254936097524
20563,-0.18484231249483216
20564,-0.6231053506300438
20568,0.05623112755593312
20583,0.1544378868705668
20585,-0.05267766457495525
20586,0.0523128873515457
20587,-0.15014577694751952
20588,0.03302117325378261
20589,-0.09989406163452089
20591,0.07182277598085086
20592,0.6339044971544133
20597,0.04936082526428211
20598,-0.4483390620088189
20602,0.26113849964610686
20604,-0.06616593346230822
20605,0.04744131899424811
20606,0.2777301322140828
20607,-0.15777580946118208
20609,-0.08244032516338783
20612,0.10482467153412574
20613,-0.24715683089452717
20614,0.01340701000330864
20615,-0.08745485892507729
20616,-0.14331671171681348
20617,0.06864010418783682
20618,-0.04744569425993397
20619,0.04342465709456086
20620,0.30547294197661035
20621,-0.01699446946790936
20623,0.06794296575439794
20624,0.06449246625502805
20630,-0.22457626611474388
20637,0.09778914654298548
20638,0.07484203479101431
20639,-0.08300459964390303
20641,-0.1565669992859689
20643,-0.1614655147033735
20646,-0.04306266856831069
20648,-0.0129092792190892
20649,-0.0082681517660157
20650,0.28709907835549886
20652,0.44734597614829
20655,0.04369697369169141
20656,-0.03759775084952047
20657,-0.20558360631457775
20658,-0.08992704505172305
20660,-0.0154756572925967
20661,0.12402350060526644
20662,0.4931821087215741
20663,0.07132568270906664
20664,-0.18948889287732867
20665,0.11718050817548548
20666,0.4613599027764822
20667,-0.771505979216641
20668,-0.2185530365083
20669,-0.1646113594991384
20670,-0.09591208904181552
20671,-5.537331051447929e-4
20672,-1.1316658046516324
20674,0.5447066005935883
20675,-0.03063528543720805
20677,0.24585517815321628
20678,0.19427138149855855
20679,0.923682822554302
20680,-0.3074570378649428
20681,0.9149947498557344
20682,-0.2344351364525194
20683,0.186347665071676
20686,0.12820058966039102
20687,-1.466733243124187
20688,-0.01310402048775506
20689,0.14073756329990025
20692,-0.5537110659943226
20698,-0.01456669072041742
20713,-0.35691162668041565
20719,0.12974692942039243
20723,-0.08311348052611839
20724,0.3603346598474683
20725,0.02574719475734179
20728,0.2059029447004732
20729,-0.13994633020301706
20731,-0.4113779130074209
20732,-0.14818392775857953
20733,-0.20473380086352513
20737,0.01554224408996496
20739,0.2099198264657433
20740,0.09099281714536343
20741,0.5894312679356188
20742,0.11338832037153736
20743,-0.2555314665079914
20744,0.01442408330427294
20745,0.28534500114340944
20747,0.12048483955814764
20750,-0.8658489432440021
20751,0.00211305951615766
20754,-0.02530661642275892
20768,0.5852510996994753
20773,-0.0928811021644064
20775,0.1273101741715512
20776,-0.03941806050700545
20778,0.00379808477400268
20779,-0.3017549668793695
20787,0.38996426496575126
20788,0.0502058999832063
20807,-0.09952141638664906
20810,0.00370565458601857
20811,-0.26777303866622143
20813,-0.00387141828165143
20815,0.04502621639628919
20817,-0.00541182685972505
20818,-0.23273583817451965
20821,-0.17830797576710125
20822,0.2924070677547016
20823,-0.09184609440696716
20826,-0.180686210474396
20832,-0.04804581385171595
20833,0.0302145680029805
20834,0.2089316353273308
20840,-0.02171329356859155
20841,0.11634274905205258
20842,-0.03311370243134506
20843,-0.1033540931301868
20844,-0.04930583912579311
20845,-0.11603315384448618
20846,0.1409006494130648
20847,0.14407242620362176
20848,0.2374555296055693
20849,-0.02023618676774024
20850,0.1273321386411749
20851,-0.0151273257873777
20852,0.1434176975901769
20853,-0.0888875622420147
20855,0.06827368185571517
20860,-0.05270219630368433
20866,-0.01471229602145422
20867,0.2307529158398529
20869,0.21005181162919245
20872,-0.1678928576331163
20873,-0.10188851785755391
20874,0.1885248318072777
20877,1.2798220494451669
20878,-0.3535133224981183
20888,-0.16374650236087618
20890,0.34148287817184486
20892,-0.15175347413717086
20897,0.4321603727403709
20899,-0.1396410503688647
20901,-0.13529045576660184
20907,-0.1385749066593323
20908,-0.08757012466167756
20909,-0.06388187343221612
20910,-0.38077621442169896
20911,0.05579084615437287
20912,-0.07529235659652159
20913,0.32808056883291553
20916,-0.14883541565695485
20917,-0.20609083331418104
20922,0.04307307889986896
20924,0.11506590239986972
20926,0.28513312876358543
20927,0.03458111539664549
20928,0.2872849680144369
20930,-0.04304532870145765
20931,0.08304633549232436
20932,-0.10671973173451008
20935,-0.07833493722845988
20937,-0.2236641467602317
20947,0.06546480812071012
20957,0.00150463477836912
20962,-0.10005287359023736
20963,-8.465416582356527e-4
20964,0.7560522948546027
20969,-0.4721953573299935
20970,0.00795320111828345
20971,-0.5319466533926052
20972,0.04494248314748168
20973,-0.02117163659061283
20974,-0.5302666315257889
20975,-0.2798157613538894
20977,-0.06374477887335477
20979,-0.1575768456816335
20980,-0.00763817716852999
20981,-0.06273876326012132
20983,0.4762962229856898
20997,-0.937142064160267
21333,-0.15573775230019157
21334,0.4889429691824737
21335,-0.09083166802262609
21336,-0.1545368537410607
21337,0.0068823829121698
21338,0.11955374032316128
21339,0.11069477752127344
21340,-0.04715378010135268
21343,-0.17172578999600044
21345,0.04162107922078928
21346,0.0847983146121735
21349,0.20735232822812075
21350,-0.20013956215144504
21351,0.08808205261040428
21353,0.07572216493184901
21355,0.07815330957244769
21356,0.11457563549080826
21357,-0.09616335839024862
21366,0.10166102169166708
21367,-0.02299528298501344
21371,-0.28582995862305005
21372,-0.0299395486838709
21374,-0.20141760635609968
21375,-0.30059129844583116
21376,-0.08964392505944754
21379,-0.16598372679734294
21380,-0.24022609713639748
21384,0.4267659286187244
21385,-0.12126338796037524
21386,0.6002071430474716
21387,0.5830828460799077
21388,-0.569061602485617
21389,0.00902725337260178
21390,-0.1429640765528268
21391,0.21968467049624485
21393,0.18801385087270553
21399,0.03722841118048208
21400,0.22490141741968123
21401,-0.22283138156333493
21402,0.10275990906045313
21405,-0.1748559469319836
21406,0.04692061780604634
21407,0.2074659417585042
21408,-0.3884220473657204
21410,-0.09043603857375104
21411,0.11938259255697894
21412,0.0956087297473376
21413,0.16724182571491591
21414,0.05957723880437936
21415,-0.07860224867662167
21416,-0.1727948376082636
21417,0.13989163731620044
21418,0.5543311251702505
21419,-0.4441655249456943
21420,-0.2370006644868675
21422,0.11585481943370388
21423,-0.02654913607502489
21425,0.07599737309164331
21426,-0.3663784467805591
21427,-0.01508466220275421
21428,-0.12186095902715265
21429,-0.03226132861044312
21432,-0.31814075594910085
21452,0.2531880788556961
21453,0.10533913943152648
21454,0.010103684159375
21463,-0.2162774795374846
21645,0.37489442226569264
21652,-0.06908218133887173
21664,-0.6207951127656417
21667,-0.480847525059312
21672,0.04668397265884855
21673,-0.09544257623276252
21676,0.3326004324798208
21677,-0.1591252330601095
21678,0.3446406056121087
21679,0.26263045954963643
21681,-0.10928337554771758
21682,-0.09130435542370637
21683,-0.0721846439321838
21684,0.7255229709681958
21685,-0.17096041043082238
21687,-0.25961228653451823
21689,0.144163805219896
21744,0.5468710111594788
21745,-0.08156417433404892
21749,-0.2117444934051998
21750,-0.02501146110765139
21752,0.17209425034087728
21753,-0.10863084140518728
21754,-0.04490937917702825
21761,-0.00122253095974162
21762,-0.0377816974545864
21763,0.20508934590108288
21766,-0.14405144623283864
21767,-0.04557862256149506
21769,0.12397550308819176
21770,0.04192488956100783
21771,0.067199293459746
21778,-0.32284633539626806
21780,-0.04456526251277701
21781,-0.07140002306606763
21784,0.5859194047499126
21785,-0.33064280139713687
21786,0.3409050953465129
21787,-0.03381676945037695
21788,-0.03852345240906287
21789,-0.19231952753989548
21802,-0.1373277645557659
21803,-0.1097383227888063
21804,0.3111815884729264
21807,0.0983548681510954
21808,-0.9770388163506328
21809,-0.10140486133067488
21810,0.16095087725157034
21812,-0.19468782846666904
21813,0.01048398864801221
21814,0.04148054641181253
21815,0.01816076828358248
21816,0.2307602988080935
21817,0.3321399379932015
21818,-0.11919309113401612
21819,0.2543442341145672
21821,-0.1219213537267343
21823,0.04483067883558049
21824,-0.30045437032762123
21825,0.30695615025450385
21826,-0.01061514690889427
21827,0.09889124269510847
21828,0.0924923487815872
21830,0.01653287797792695
21832,0.5734179863025634
21833,-0.23718057289633324
21834,-0.03119659129899249
21835,-0.369623438696806
21838,0.0071075989160274
21841,-0.3229428801815709
21843,0.03157649685134401
21844,-0.2992677215260104
21846,-0.6230176820890985
21847,7.975577054171595e-4
21848,-0.01320730840113188
21849,0.1715377485703939
21853,0.01691253653015177
21854,-0.17756772426954442
21855,-0.0513263666386481
21856,-0.08743603990040069
21857,0.0933772825256092
21858,-0.13642418249413563
21859,-0.24388997465159024
21869,0.2649604005237533
21871,0.10365957977803758
21872,-0.2441163751067002
21873,0.6044516781336767
21877,-0.3501408765924804
21881,0.05259638950060755
21884,0.2523192240566994
21885,0.00375236633469327
21886,-0.1750102362389072
21887,0.11925617550741424
21888,-0.3086777095006128
21892,0.13999465453372817
21894,0.2055597192018292
21897,0.00709251848869868
21898,0.0871450923924541
21899,-0.05975865550314142
21906,0.19898473191130525
21907,0.20426565782233105
21909,0.03328102574252128
21912,-0.14227209818669767
21915,-0.11174512671853674
21917,-0.13200915771263305
21923,0.0789591330493385
21925,0.24205111001167148
21926,-0.612978221420388
21927,-0.05238551698039646
21928,0.1739907970123029
21929,-0.05855676071754542
21930,0.6968728589108939
21933,-0.4236913081242941
21934,0.454307539665588
21935,-0.1854728865001059
21936,-0.17243021306056072
21937,0.00309389013637364
21938,0.31378758645088006
21939,-0.29096817172372874
21940,0.03976257703920029
21941,0.1315327548844668
21942,0.00566891319248423
21943,-0.02505418095569465
21944,0.16264960837752698
21945,0.03909067568703431
21946,0.09847254296590738
21947,-0.3013898747538031
21948,-0.024234998885950942
21949,0.16913621699367065
21951,0.3906928812016822
21952,0.1303907415978912
21953,-0.08319550781697432
21954,0.3521498559696673
21955,0.15986680073329337
21956,0.32758584295178445
21957,0.1518839628524374
21958,0.11773564941861256
21959,1.49039538607573
21960,-0.1888133342981934
21961,0.1576050036904225
21968,0.17099426578961174
21969,0.06949277295093317
21973,0.1979963350805413
21974,-0.01604356514105548
21975,0.14059544651451672
21976,-0.0733255007729609
21981,0.12994256973402657
21982,-0.14207188533778153
21983,0.7961369864713241
21985,-2.0777861611639276e-4
21987,-0.770365550970798
21990,0.03509921691319498
21991,0.02368920443538903
22004,0.4448839741509627
22017,-0.4274763854392858
22018,-0.01794128532997072
22019,0.01428545683654575
22021,-0.9721113464608918
22022,0.04463834342296519
22024,-0.5918595163670305
22025,-0.0657144376867699
22026,0.00380813926359246
22027,-0.04219422692559174
22029,0.12958989197756973
22030,0.00312822369883346
22031,-0.05025853712055199
22032,-0.22596379383892212
22034,-0.0276710246905717
22035,-0.30291009301212196
22038,0.21414931976645504
22040,0.00720770441308738
22041,0.1692495990180092
22042,0.11128392948014224
22044,0.06119668395377467
22045,-0.02343033767533231
22051,-0.07577192438864558
22057,-0.14638892741952006
22059,0.5203410303783498
22061,0.05355862534605778
22062,0.02605570199400773
22063,0.38513549806080016
22065,0.1985783052765157
22066,0.21384762032169685
22068,0.33197890514167977
22070,0.00196274600946552
22083,0.09777819185198132
22084,-0.04009393498671115
22088,-0.05610972279259839
22092,0.21632946921942847
22094,0.14758777575529158
22095,0.12587365830893113
22099,-0.01426744446710909
22110,0.12038928452696956
22113,0.22958308390816728
22114,0.17690517600228428
22116,-0.24301902079042745
22117,0.4952920656677187
22121,-0.1698470481178605
22122,-0.01308131847486603
22123,0.0328024141154835
22129,0.00651231878060394
22130,0.5349865444873012
22134,0.06445187565105588
22137,0.41605974056632655
22138,0.14928953445533838
22141,0.4860200698565783
22143,-0.02612022491234754
22145,0.0953331648861712
22146,0.06382550354002503
22152,-0.48820383364704
22153,-0.16005903069551616
22154,-0.05019477972826614
22156,-0.06999429130750418
22157,0.02063430671405509
22160,-0.05389255736365039
22163,0.09010008451680288
22165,-0.05429918037472482
22166,-0.12272635017044511
22169,0.05277376869168811
22171,-0.3395122297995209
22173,-0.4688523556699362
22174,-0.367233908972749
22177,0.014030779245043149
22178,-0.41725046992462145
22184,0.28665404488935037
22185,-0.16419097572299352
22186,-0.00143507679103801
22190,0.08883268004104974
22192,0.19558259118006543
22193,0.00207375909923843
22194,-0.14719496340009608
22195,-0.00985528866240804
22196,-0.07713394316224852
22200,0.1853470496782415
22201,0.12110743912471636
22209,-0.35990140030675216
22210,-0.03557512866637664
22213,0.16724836797381204
22214,0.387667679273739
22215,0.08550715537372054
22217,-0.05400787230767404
22218,-0.12667658204205157
22221,0.24273209643611535
22222,-0.5285982840747414
22223,0.05769088847395032
22224,-0.02665673689420884
22225,0.05076743778358676
22226,0.49511869406042264
22228,0.24609437929178188
22229,0.1712421164132917
22230,0.0174238975209047
22232,0.04578852704548862
22234,0.115103246121879
22235,-0.02227918452632354
22239,0.3725751886623256
22241,0.00796651185125324
22242,0.13530352941880938
22245,-0.14586507861065695
22247,-0.10966462726562988
22248,-0.11117879142429064
22249,-0.22682145084228383
22253,0.4380910645243928
22255,-0.11817932959974574
22256,-0.01081483210196855
22258,0.1344980636790904
22259,-0.2456776127472084
22260,0.13009659735329376
22268,0.23242801430079252
22269,0.21706013592222304
22270,0.06396425079816795
22271,0.11988022012262237
22272,0.00175367103679399
22273,0.05639847535470654
22275,0.02984451539832642
22276,-0.01603848163217429
22278,0.16766850399127853
22282,-0.17321577730028437
22283,0.42509430633472944
22284,0.0806867300345627
22286,-0.22681627179298355
22287,0.23975309551723947
22288,0.28980366383459766
22289,0.2323342665934674
22293,0.6358704380897509
22294,-0.02834838231152221
22295,0.10973180275378194
22317,-0.2029179396535257
22318,8.300619692420317e-4
22319,0.24332943223763473
22320,-0.06282305830790251
22321,0.1446748543569789
22323,0.12816825691649733
22324,0.0477787611090538
22325,-0.2928028532945839
22326,-0.7679349745678643
22327,0.05121164679187522
22329,0.57278911289503
22330,0.46268958969824625
22334,-0.00797794956317366
22335,-0.02614984831431982
22337,0.2160664633559489
22339,-0.5609838687102346
22341,0.03634938025016397
22342,-0.10693094654468956
22343,-0.25318129259789196
22344,-0.00417234735947822
22346,-0.05159598540539516
22348,0.3128193468637438
22349,0.15590273999139215
22350,0.0758759390588694
22351,-0.11302348297718008
22352,-0.07365253186424901
22353,0.10036621400586863
22354,-0.14454497373593278
22355,0.01355320559728688
22359,-0.184414155470178
22360,-0.07621055169469876
22364,-0.16079117446807267
22365,-0.1356218360839584
22367,0.12168772110482
22368,0.05172567323131592
22371,0.35329996356126303
22375,-0.02145403027808413
22376,0.06557244075416915
22377,0.04248269339382384
22378,0.12613469524234558
22379,-0.07753571675455206
22380,-0.0537679266691291
22381,-0.27779833560743605
22384,-0.06617357200930742
22385,-0.16140310901251126
22388,0.04218008873845615
22390,0.4182566395973109
22401,-0.0955327551653734
22403,-0.2624778276145906
22408,0.0634652427945232
22409,-0.38324411543598513
22410,0.28289427706981085
22412,0.21320165813416725
22413,0.4109565101615529
22414,-0.00672245126511894
22415,0.01363408937345076
22416,0.17172744043826493
22417,0.11134877773899794
22418,-0.8348354866815306
22419,-0.09418580758355946
22420,-0.42948775050186255
22421,-0.03356757479173965
22422,0.2501131585063603
22423,-0.28570580380386473
22427,0.24310640329229888
22428,-0.02975130794935348
22431,0.6516264096448952
22433,-0.03455679834298113
22436,0.16415566962996547
22437,-0.02536924346413092
22439,0.3234664655884382
22589,0.05686786770275708
22590,-0.06018433378374174
22591,-0.11180592533838474
22592,0.03549295123826487
22594,0.0049406850485317
22598,-0.23113159538378408
22601,0.32298553462808605
22608,0.06190928094865483
22619,0.13065874230626795
22625,0.1544776498944103
22626,-0.01196907276831939
22627,0.03838988396253449
22628,0.1783818367525084
22629,0.13045127109330965
22630,-0.00796362089254224
22631,0.34322799917821967
22632,-0.1973171603903879
22634,-0.595048604126735
22635,0.2726913283001816
22637,0.00871181121477007
22640,-0.05352588716858246
22642,-0.7136371854846832
22648,-0.013214602551885
22652,-0.3117096260354639
22654,0.1483222605679258
22658,0.5127996614874359
22661,-0.01297223936545402
22666,-0.05448314720027505
22668,0.18750380459422955
22670,0.01075122865983277
22671,-0.30037864940073455
22673,-0.33024430663624865
22678,0.23802122082033456
22680,-0.07609968938745304
22682,0.04540474864443489
22685,-0.05633311670745837
22687,-0.0113024125355169
22688,0.1278669402755158
22689,-0.4002693421847068
22690,-0.3250676118380189
22691,-0.00624107173855171
22693,-0.46686430688818115
22695,-1.1435211197399038
22697,-0.17059689394492583
22700,-0.5983279799127166
22701,-0.4126738843557348
22704,-0.27787107141028106
22709,-0.3343169471328217
22715,-0.19625678269962715
22720,-0.16441930808252023
22750,0.4161617860844305
22751,-0.2790092910197702
22754,0.2705251733905031
22757,-0.06388260909307622
22758,-0.04611587943582929
22761,0.1571418516597899
22762,0.21302766627751668
22764,-0.1955362516130647
22770,0.31336147726314056
22771,0.30769910566192676
22772,-0.4833468501642646
22773,0.11438821121703324
22774,-0.23807005807334725
22775,-0.676515307826745
22778,0.0923625025574126
22779,0.00190468663029198
22780,0.391482183791393
22781,-0.0806562459213484
22782,-0.0397538635196764
22784,0.5520394394644554
22785,-0.2452726875386727
22786,0.00597597282658532
22787,-0.1166432570812882
22788,0.04200213157272453
22791,-0.0933144925392126
22793,0.15034693366495086
23789,0.14943892883150503
23790,0.0884092900726035
23792,-0.1029121931281842
23794,0.05776931713782354
23795,0.1495472027251273
23796,-0.5860024551230427
23797,0.21916753560442603
23801,-0.4985724588547972
23802,-0.1050880764574654
23805,0.09334474280939516
23806,0.0758977356152693
23807,-0.10184839574806152
23808,-0.03194586062284879
23821,0.01417629705729824
23825,-0.02795845814063175
23827,-0.7700766588515044
23828,1.080087815529679
23829,0.1417254794708374
23830,-0.2930270200308548
23831,0.14531578374711657
23832,0.16966672454822684
23834,0.02452104973489757
23836,0.5449669452082322
23837,-0.05423985715529456
23844,-0.1899684606591941
23845,0.4192213910012768
23849,0.03550978856042951
23850,-0.1299933591426071
23853,-0.05725344899074221
23854,-0.02571982490662229
23856,-0.00673707831758347
23857,0.09559566112274416
23859,0.5402326555283903
23863,0.04738681214832446
23871,0.04106005617417575
23872,0.12140084295249752
23873,-0.13560959091734143
23874,0.11654034811271564
23876,-0.11194695483179017
23877,-0.16319410665326223
23879,-0.13781741578318624
23880,0.2690667403113591
23881,0.17627774118928566
23882,0.05011463186947677
23885,-0.12577175444664795
23886,-0.8593644544149783
23887,0.04102257823654043
23888,0.7615150205118602
23890,-0.1616573120591585
23892,0.04090726266915776
23893,0.5337062531217616
23894,-0.22749303063950865
23897,-0.11944278300081908
23900,-0.00412584155786304
23908,-0.7086040449581801
23912,0.00713805023099763
23917,-0.1906010070863684
23919,0.28633868322510814
23920,-0.11599293413901002
23921,0.16348813285018837
23922,-0.07408345115216505
23923,0.00657230586074916
23924,-0.04975720841761144
23925,0.16979016248994871
23928,-0.43808481027866314
23934,0.333922107079272
23936,-0.18307704315284823
23937,-0.306442420160514
23938,0.00675457287567079
23939,-0.11418851170790384
23942,0.07073253128594723
23943,0.0880212741803267
23945,0.07064612849575541
23947,0.16428589825424153
23948,0.33845867294782594
23950,0.05786172635423109
23954,0.07065638106073152
23956,-0.0049298651955868
23957,-0.115649140889568
23959,0.01455976530069591
23963,-0.386217401958616
23964,0.7185215856487028
23965,0.35683383942984925
23966,-0.09244507079559564
23967,0.2862569966954691
23968,0.6746920962865044
23969,-0.06833161941143884
23970,0.1839582864604832
23971,-0.173127929149255
23972,0.07314550368541434
23980,-0.1414423139108491
23983,-0.0330676417686365
23984,0.28584571067089676
23985,-0.5272921723822499
23986,-0.06368858080340321
23988,-0.13859815138453635
23989,0.02112708208207107
23991,-0.12253653036798326
23992,-0.11425946907470824
23993,-0.03488224328516853
23994,0.09555226371844074
23996,0.0131896033421065
23997,0.01364981005419768
23999,0.03002720743857973
24000,0.14394704704654043
24001,0.21688913646820912
24004,0.38131171574443967
24010,0.04111067662526638
24012,-0.5068776619330834
24013,-0.20181020850365855
24014,0.3478961779091528
24017,-0.15261179054929577
24018,0.21497395854722656
24030,-0.06283016098115007
24044,0.08457415399381607
24045,0.00149145703607087
24046,-0.1548985583286729
24050,0.01963934667802941
24051,-0.24211510397100988
24052,-0.1969752280560762
24053,-0.7627874363940133
24055,0.04605328189986965
24056,-0.05485321995373752
24057,0.16992058902366702
24058,0.05493766176996641
24059,0.24268729094220992
24060,-0.2734533227730001
24063,-0.2260316029062523
24064,-0.7774171022807956
24066,0.05365091122604975
24068,-0.05889743827766262
24069,0.11902670351759888
24070,-0.1223034973546401
24071,-0.14161467255322543
24074,0.34923208854800103
24075,-0.03314834200353409
24083,-0.08452883126180856
24084,0.3952835292227945
24086,0.13771201056252513
24087,-0.2580449488497932
24088,0.21279401693015185
24099,0.13138218231709187
24100,-0.01811534577665605
24102,0.28458813052605825
24105,0.01858932094501343
24108,-0.1043929179352297
24111,0.5524233704191764
24113,-0.5656291089901289
24115,0.359617315721201
24116,-0.0123876848711916
24117,-0.4655802992953967
24127,0.4155065883495333
24128,-0.07853674450749269
24132,-0.02996111247670239
24136,0.1175858875713414
26356,-0.08189700429399349
26357,0.08725968048716953
26359,0.2673489908863313
26361,-0.13228540137355202
26362,-0.5923212887764148
26363,-0.12787155983514015
26364,0.08027160308124066
26370,-0.04098816617808344
26371,-0.08607382084851549
26372,0.2071208439373796
26373,-0.3185522643889096
26374,-0.08918056960792524
26377,0.084387800974973
26378,-0.16463840965398732
26379,-0.15340035973824584
26380,-0.00909486045034235
26381,-0.21165322147391635
26382,-0.11140331800610798
26384,-0.18265024434651017
26385,-0.03568221782971784
26386,-0.07285692070321459
26394,-0.0635841612763782
26395,-0.07544657509633962
26396,0.11231272141199782
26397,0.09460042579222652
26398,-0.21275563767230157
26399,0.04621267678604378
26400,-0.4238034458291565
26401,-0.04605324245375948
26403,0.04770996801510068
26404,-0.2383632439269695
26405,0.17739900383358637
26406,-0.04915894015604501
26407,0.03453974922467928
26408,-0.01515238198474153
26409,-0.09627634520513262
26410,-0.37974570725146495
26411,-0.03559226426752589
26412,0.00191254145658425
26413,0.02962547996251905
26414,0.27451228891687995
26415,-0.01247226301608107
26416,0.13707667427783246
26417,0.12382685885722625
26419,0.4967533527672112
26420,-8.654268279896862e-4
26422,0.34772632432684947
26423,0.0929663703791133
26424,0.2097080623221706
26425,-0.1253488477266582
26426,-0.06106336993457016
26427,0.38249659702976513
26428,-0.06635501288703098
26429,0.4272088628379157
26431,0.01633422127982135
26432,-0.3779153402990155
26433,0.06773612054516118
26440,-0.05278685726751847
26441,-0.1299116141572651
26442,-0.06783391659937865
26444,-0.06826945972281181
26445,-0.2182640973113435
26446,-0.04652929530132582
26447,-0.21260273855280015
26448,-0.06507376098762943
26450,-0.3408506889497207
26451,-0.02376117689792314
26456,0.32968791786735396
26457,0.07094525301007462
26458,0.2552041275363638
26459,-0.44734554701669216
26462,0.04122759390876139
26465,0.06274798190581583
26466,-0.27093094054126876
26549,0.19920996602820557
26554,0.08986118428244966
26556,0.11110244370407414
26557,-0.7771173497017826
26558,0.05138621350648446
26559,0.4245467092415689
26561,-0.20435238422115704
26562,0.00393529221821679
26563,0.7758475044243316
26564,-0.27732682445479456
26565,0.2162158991200824
26568,-0.39963193102880934
26569,0.26740999991017367
26570,0.2226212932455565
26572,-0.131157371531955
26611,-0.4848963082291992
26754,-0.12979972046534105
26757,0.2249681797650165
26875,-0.35759906667021213
26876,-0.1190370997899945
26877,-0.04203435843604733
26878,-0.7282859792090428
26879,0.03988882551086337
26886,0.11000189392773754
26887,0.2262559080333575
26889,-0.07261543953267321
26891,-0.12432515725073592
26893,-0.07504902933672182
26894,-1.177340664370221e-4
26895,-0.11875006992175076
26896,-0.2026659301731145
26901,-0.2967139298857362
26903,0.37567734356258187
26908,-0.34722135946576205
26909,0.103301345235202
26910,0.5416375033953483
26912,-0.19512371711596777
26913,-0.5588025882474088
26914,-0.12436633607504524
26918,-0.15451605889742628
26919,-0.1702566695001781
26920,-0.00661015195666073
26926,-0.13456823828304687
26927,0.16849067168256374
26932,-0.07916223995185542
26934,0.27505015177641
26936,0.12229515211108712
26938,0.4298024425657179
26939,-0.21438463115102793
26940,0.03383053643178668
26941,0.1691932161694181
26942,-0.09502966768183536
26943,0.11593592272170422
26944,-0.10635769998661862
26945,-1.0202888883740309
26946,-0.08755217112590356
26949,-0.05953198549344384
26950,-0.03316392577450101
26951,0.04645754555304403
26961,-0.00307008990796678
26965,0.08376110748487586
26968,0.2087046076361147
26970,-0.04848628535501543
26971,0.38149487406525495
26972,-0.3572320181236528
26987,-0.06509966880897713
26992,-0.11318688140764148
27008,0.01092682720132179
27015,-0.12208935655849196
27027,-0.12042591591631956
27028,0.1632114783140387
27029,-0.03144814775285438
27041,-0.06254360567291646
27045,-0.07938103673825726
27049,-0.19566106751909407
27050,0.03991646373310157
27052,0.136398210087202
27053,0.01664862673171396
27054,0.09336391281807407
27055,-0.47378025922363326
27056,0.04671026293571878
27057,0.15956776765839564
27058,-0.15293894590319074
27059,-0.16232655224498524
27060,0.10457817853371484
27061,0.12185581018043784
27062,-0.01827306812159782
27078,-0.37805597909228056
27081,-0.35458213008950135
27096,-0.04728989214866409
27103,-0.13099154631421767
27204,0.5162156478322825
27205,-0.0968469154372453
27215,0.00956547565173467
27217,0.5758351002993928
27218,0.2189841756824281
27219,1.1228782061532825
27220,0.24694294387124888
27221,-0.20688743212341387
27222,0.7941179018338845
27223,-0.15055691535409155
27224,-0.16878972601915604
27225,0.03612271991822238
27226,0.01647315419168502
27260,0.20215656615427757
27261,-0.01900456464158978
27267,0.05347114911887856
27273,0.2817268268118183
27274,0.04731514189014511
27275,0.0333905804640166
27276,-0.3376289379628171
27277,0.10674559363247502
27278,0.25661035993544423
27279,-0.14331301965006926
27280,0.16512410704754268
27281,0.5643487989112725
27354,0.0960650249039286
27356,-0.1625658564080376
27357,0.02560395526000677
27359,0.11558297801589666
27360,0.02885819075681694
27361,-0.00459469711786959
27362,-0.01956564255528959
27364,0.1359145439269448
27366,-0.13131814563042177
27368,-0.17799776285389746
27371,0.14945711595981204
27373,0.08063888416383991
27374,0.0616994244464694
27376,0.2740119059916742
27377,-0.325965025026124
27385,-0.1369699491748783
27386,0.5932741555202761
27387,-0.09599361417062437
27389,0.5497527790293902
27390,0.5499258576974286
27392,-0.1586611252298737
27393,-0.09364243828193818
27395,-0.0425051254283705
27397,-0.1470603072660158
27398,-0.21681230717650463
27399,-0.03518726615100619
27400,0.5574197126692508
27401,-0.01812572886675267
27402,-0.7131973618027581
27403,0.1090077071533508
27404,-0.1701666212683217
27406,-0.02335774033366151
27407,-0.00904526066981313
27409,0.12648104986025055
27410,0.01350250503557863
27411,-0.19156321799025516
27413,-0.21933929787785875
27414,-0.01921851941535654
27416,0.15739229210376937
27418,0.00586894621601369
27419,-0.02610298401373727
27421,0.3364412406411588
27425,-0.13762886204041436
27426,0.1073334980281519
27428,0.281516901681753
27494,-0.18381981209433995
27528,-0.8416609270852883
27632,-0.07445618641857686
27643,-0.07535700985004257
27660,-0.771349080739042
27681,0.03475856142800844
27756,0.05331838502365287
27762,0.5254336671607747
27784,-0.23494938433529716
27878,-0.15947306386731305
27883,-0.05387144871064457
27886,-0.0282637770360538
27965,-0.15477720315475155
27966,0.05952801184251796
27967,0.06264312860388967
27973,-0.06067358285950636
27979,-0.01584094976987782
27981,-0.12944172977427207
27984,0.06096031569929092
27993,-0.11200861943095045
27998,-0.0967146191680876
27999,-0.11289576198100408
28000,0.24347144789310385
28010,0.00123198683899111
28015,-0.0367012565785195
28018,0.00173282884741952
28019,-0.14031881291059672
28028,-0.23422046031732704
28030,-0.00374692034011519
28035,0.00765602871675371
28036,0.1415292255792617
28040,-0.0323377205544741
28042,-0.2175826034509712
28064,0.09752103495080136
28071,0.06823440425559785
28075,0.07204072107911719
28077,-0.2257470335651919
28081,0.0740123536047638
28084,0.00957744897866315
28088,-0.05867426400965753
28105,0.07770764853618672
28106,-0.09679461452936534
28109,-0.05036378491386901
28113,-0.1870260871121719
28114,-0.04424086283591429
28126,0.00612720564426916
28135,-0.13515131830019214
28146,-0.09230577350074172
28169,-0.23294522546003543
28185,-0.18280990432611016
28193,0.25566533241890466
28199,0.00319067132730898
28240,0.5751593181188956
28253,-0.3501431791476294
28295,-0.10334640360787964
29805,-0.02302659969277851
29806,-0.06138995607954811
29807,-0.08961592232103474
29808,0.1824508022016421
29809,-0.13777830762818272
29810,0.20114975181236444
29812,-0.06609658009702428
29813,0.08078194555923404
29815,0.11619237181570652
29816,0.03773832959669942
29817,0.05509367931946847
29818,0.08722101908113487
29819,0.2974368505080164
29820,-0.15133970827812254
29845,0.5640126013848161
29856,0.3714122985801574
29857,0.3095298184655031
29858,-0.2309688655308553
29859,0.30096043992329224
29861,-0.5649956137769111
29862,-0.20998869758934008
29863,-0.17403905519866383
29864,0.10574812420400424
29865,-0.17534328028741172
29866,0.30456677127010384
29869,0.03223071836629415
29870,-0.0641907642559973
29871,-0.34656489897998505
29873,-0.30575165320866804
29875,0.1423823957148077
29876,0.2112530395765863
30044,0.30544432031748625
30045,-0.1580773380421589
30046,-0.2276481289298331
30050,0.01035006450550754
30051,0.10692204060637836
30052,0.02060900445910518
30054,-0.8153760152041829
30055,-0.0898157541067478
30056,-0.2615460354910106
30057,-0.06609608322353769
30058,-0.14653736520074134
30059,-0.17544284963130413
30785,-0.3778147050665088
30791,0.04292782423710581
30795,-0.17672516918923864
30800,0.4963509172820113
30805,0.27225620018801056
30806,0.08783539396120235
30839,0.04537937087291476
30840,0.111136975611842
30841,-0.11663550369336877
30843,-0.14314728255475223
30853,-0.04769860243653162
30877,-0.1931326030676612
30878,-0.19059445429786245
30923,0.1474359984898458
30924,0.24241201699299236
30925,-0.19792502681173652
30926,-0.0663824019769346
30927,-0.1791624938596169
30928,-0.27331366102991783
30930,-0.03996977435742758
30931,-0.133850543738329
30932,-0.1649418957794778
30933,-0.1862015065242809
30934,0.13654385977344977
30935,-0.07743473754465431
30936,0.12054026894060646
30937,-0.1052284887997923
30938,0.07795783787242547
30939,0.00491763255238236
30940,0.13939323281263777
30941,0.06950532891317228
30942,0.3365335893044879
30944,-0.540219390002201
30945,0.00986377009112217
30946,0.11291498302606565
30947,8.69214670187711e-4
30948,0.10980154514258156
30949,-0.1128641560513119
30951,-0.8638760744329496
30952,0.14009189801733565
30954,-0.2031569093845842
30955,0.33903092386553
30957,-0.04296115976548855
30959,-0.26424706866849773
30960,-0.08511572531139855
30962,0.09950121883380098
30963,0.00804362166488536
50490,0.214664246537956
50492,-0.00485986532655263
50493,0.04754658838821474
50496,-0.2570555613516141
50497,-0.18326573375321936
50498,0.02828725282197657
50500,0.1024320309466826
50501,0.9494085024767682
50505,-0.1263168931633379
50518,0.1826162922085359
50523,-0.01354747950827743
50524,-0.21649339642286863
50527,-0.09924417987419729
50528,0.2584245922443768
50529,-0.10542265626966806
50530,-0.4264856309654068
50701,-0.10191098804837326
50702,-0.21335296781197172
50706,0.203308335057323
50708,0.10809709762421692
50709,-0.1778440918322673
50721,-0.08275112883690756
50722,0.00185391860053024
50723,-0.09617421021402855
50724,0.02142998082527589
50753,-0.04330990753227837
50754,-0.02765701675440962
50755,-0.02207767588711627
50758,0.05169929706295747
50759,-0.9292410602154936
50760,-0.05773547178381143
50762,-0.04880971052310516
50764,0.2256431658948862
50765,-0.46172457953563345
50766,0.1684369465240108
50767,0.09233021760623394
50768,-0.7715804610701291
50769,0.05518843835615864
50770,-0.19500851801198515
50771,-0.07462900816819232
50772,0.3177202060712819
50773,-0.03314863540103734
50776,-0.2645830592247723
50778,-0.02610075088229468
50779,-0.3247869435837868
50780,-0.0509219958273208
50781,0.5247216295909165
50782,-0.17978150156784994
50784,-0.15140721372227184
50785,0.1022808009870422
50786,0.41218389505478
50787,-1.0090932848802805
50788,0.03354366861310613
50789,-0.10971577685014408
50790,-0.07177265546757935
50791,-0.08976981569882211
50793,-0.1921450294647507
50794,0.1773804504416828
50795,0.20064249246993232
50796,-0.2297914149363834
50797,0.08924222213816588
50798,0.03969977719455523
50799,0.10118703068287728
50817,-0.01409491700412285
50849,0.20027708086126175
50850,0.02846331907440689
50868,0.0445173943610981
50873,-0.6081069237453184
50874,0.07725601892088892
50875,0.10928808313663728
50876,0.04498768808034247
50877,-0.18741943890784488
50878,-0.5144080438494958
50880,0.03999595734372177
50883,-0.02957967016697882
50884,0.17280944001194157
50887,0.18349425421848536
50905,0.31751672087125987
50907,-0.04346690708602416
50911,-0.1064638309677009
50912,0.0033900184474313
50913,-0.2179503578229425
50914,0.1306600231941446
50915,-0.01435062592770202
50916,0.5042772030008941
50917,-0.05625444897940691
50918,0.02259616950554719
50926,-0.07110299108748301
50927,-0.1016440287416377
50928,0.04996535342603615
50930,0.3011762070572441
50931,-0.0033214465438595
50932,0.19387890719276263
50933,-0.3736570192512805
50934,-0.05990369332243468
50935,-0.1689255619317246
50995,-0.07539106141619226
50996,-0.05715737326200986
50997,0.20709550850897235
51786,0.03341226000853594
51788,-0.05065092952887509
51789,-0.02963863909413533
51792,0.15623176472342476
51795,-0.15210781271971446
51796,0.05556868540844156
51797,-0.06560925771280375
51798,-0.0342616550089285
51799,0.22112826724373147
51801,-0.01100659443752669
51810,0.17304349786541018
51812,-0.07419419592428345
51813,-0.4085006310545597
51869,-0.1870612255885288
51875,-0.08437125347693983
51885,0.03036955066775056
51886,0.2776441966582229
51897,-0.00678721152866916
51902,-0.07883762191502344
51938,-0.6876268157516003
51944,0.00749043428249826
51960,-0.16084792486039529
52004,-0.07288836428077564
52009,-0.38338420179400745
52013,0.13852777164755534
52014,-0.0962890713015596
52020,-0.30649239094374336
52023,-0.42941602153468605
52024,0.07845288811322468
52028,0.1122632011282567
52033,-0.19934405986492437
52036,0.10103822536560288
52040,-0.09538189489292868
52055,0.22115199529924637
52064,-0.09305395665177305
52065,0.08662754363259612
52076,0.05530776413689535
52123,-0.1369535033673407
52132,0.18056974548152327
52150,0.13186857245668468
52163,0.03799586462849605
52174,-0.11560511969182684
52184,-0.01114487700422123
52187,-0.22359666189864508
52202,-0.04303746126737784
52231,0.02441654407399484
52245,-0.3848487252432839
52250,0.12847149951024334
52276,0.14324911515730537
52323,-0.28394262513826374
52331,-0.6952185593082585
52335,-0.21160895176935007
52348,0.09840519166151183
52357,-0.2573964578507574
52377,-0.00691782231188497
52389,-0.07530975297733611
52392,0.04576460851101558
52398,0.12036050286679914
52428,0.11577701615392808
52430,-0.1488704982977751
52432,-0.09042627509883158
52440,0.2230479983886644
52443,-0.00200281055504382
52463,0.10543057455593571
52466,0.09467102707596758
52468,0.175667015993682
52469,-0.03346526766639975
52477,-0.15476226411766178
52502,0.02609706989660099
52504,-0.0932205842140047
52513,-0.02274965410273924
52521,-0.05229356610271735
52530,-0.09673485096503572
52535,0.07503873755584449
52538,-0.08453988129199812
52551,0.02665168913101463
52552,-0.0147932012350919
52563,-0.49373781768285946
52575,-0.33884732690090846
52588,0.11047806640248008
52589,0.9328971890100032
52592,-0.2460724694576686
52609,0.31988397928593276
52615,-0.04543116288107785
52626,-0.0904563647759508
52633,-0.09962813537093886
52635,-0.10793982870920224
52637,-0.17596659531686942
52639,0.3496286407783019
52662,0.16838252535155387
52665,0.18205321676765956
52666,-0.332919408948551
52668,-0.00474566302983163
52670,0.8732882115400524
52679,0.02550631396637988
52683,-0.05259252727347406
52685,-0.04428165677860361
52686,-0.23354498476078012
52690,0.09847655060921108
52696,-0.01094830245936408
52700,-0.12287248877442664
52705,-0.12767010191608005
52708,-0.15047026653430218
52710,0.03053392401043646
52712,-0.1300272693644586
52713,-0.16299760291196852
52715,0.02797708532688786
52717,0.04136652101968122
52793,0.06380053715037182
52808,0.20486230560589477
52815,-0.3932579227103292
52822,0.01985336899862523
52829,-0.48476475041040307
52830,-0.17290932829991285
52837,0.21865283128620877
52840,-0.14497822767130905
52846,0.05103340163485334
52850,-0.2602668382776278
52855,0.21415156974231933
52856,-0.0285486998478901
52857,-0.10675778350141052
52858,-0.02710095213153263
52864,0.02824848869114647
52874,0.0585524247293442
52882,0.4030928160064038
52892,0.4261553945024591
52897,0.2941310721712177
52898,0.09049205753720664
52906,0.1574763334743029
52915,0.01550796522727678
53310,-0.05102170966977854
53311,0.1732033555617859
53312,0.2062576560236919
53313,0.22951677024127323
53317,-0.1558381539926382
53319,-0.02345324427974087
53321,0.12479716230195868
53322,0.05807257364498873
53323,0.08654536422549025
53324,0.7216177061369417
53325,0.02159048498959743
53330,-0.04721699500356826
53331,-0.01821187430377107
53332,-0.0637277477777567
53333,-0.181171295161341
53334,0.02767124157846089
53356,0.03129615870743421
53357,0.01081881593731722
53374,-0.03366534891508643
53375,5.238056075800822e-4
53376,-0.02933149358021103
53378,0.12259882482209385
53379,-0.08092508485255981
53380,-0.04018059011734884
53381,-0.05992266973347154
53382,-0.3033526443083075
53404,-0.1916591171798959
53412,-1.9604909344940644
53413,-0.12149195668651284
53414,-0.01298480572769439
53415,0.10209942229029664
53416,-0.2502911735726816
53417,0.18473889728081191
53418,0.154596795859091
53419,-0.2652936586036408
53420,0.13873918709455635
53421,-0.04097092802713616
53422,0.4473496860918518
53424,-0.11925367448595728
53598,-0.13641091429426846
53599,-0.03996595425695845
53600,-0.11991353984217984
53601,-0.04777752129414397
53602,0.04405299896060071
53603,-0.28721421161520116
53604,-0.6390915630369591
53605,-0.1582159836365824
53607,0.14241128268115472
53608,0.20920367915989188
53609,-0.06523478092361554
53611,0.11177823054138504
53612,-0.10256323796983292
53614,0.6014358738003946
53617,-0.14955900361965035
53618,-0.15848555451874252
53619,-0.49879966377542384
53621,-0.1598002253397225
53623,-0.00134244919728782
53624,0.08954384656971744
53625,-0.1675252039230068
53626,0.5578288878678286
53627,-0.5149272701252848
53761,0.1288199681398999
53791,0.08506064123719385
53814,-0.1409404837899295
53817,0.03535585803161295
53856,-0.4710295440448662
53857,0.1845709794546962
53858,0.06065873110292533
53861,-0.06055442909434786
53867,0.5368736151057627
53868,0.14742354735365934
53869,0.02628759728261193
53870,0.32706230461001595
53871,0.19090575551133976
53872,0.1437222142659392
53881,0.0349123495051957
53883,-0.3076583676570376
53885,0.3211105728103346
53886,0.15130252941198302
53890,0.0083246202912309
53892,-0.44551705790257445
53893,-0.05790834294106528
53895,-0.2567419404932077
53896,0.01854377950606307
53897,0.8513979249059584
53902,-0.1711028740698783
53951,-0.03144552662136571
53970,0.01468364080651714
53972,-2.7758675014435017
53975,0.03475832414722388
53978,0.05003518544618398
54003,0.6408543926683464
54004,0.5508046317662997
54006,-0.04893998335760424
54120,0.05603906960196123
54122,-0.3685190448570635
54123,0.06219066183562798
54124,-0.2116692777871496
54125,-0.11596330506775866
54126,0.01649595602697251
54130,0.06057346386214294
54131,0.00286564358527686
54132,0.18293850816189217
54135,0.03380990703414455
54137,0.01832559939765597
54139,0.09989900083539
54140,-0.04084950209109344
54141,-0.2773268554578757
54150,0.6372215349715862
54151,-0.14475758660888272
54152,-0.22437117747953936
54153,0.00372973488829721
54156,0.09623124981261803
54160,0.4195266245538902
54161,0.17700427559554718
54167,-0.05209045292747101
54169,0.05173335301164019
54170,0.01421707336366879
54188,0.09944354944321916
54189,0.00499433549731358
54194,0.11241686347711424
54195,0.23892526494478067
54196,-0.03775261871515632
54197,-0.03587253170051866
54198,0.08703503815918201
54199,0.5252545321790769
54200,-0.30510716863421344
54204,0.02600948514922821
54208,0.10517896300393469
54214,0.02105021337621198
54215,-0.337751666811959
54216,-0.22104301298401435
54218,-0.1096591493823796
54219,-0.11182180650126784
54324,-0.5424401876398254
54325,0.05539381515276503
54326,-0.660826413046967
54338,0.16709555434148807
54342,-0.2427910086467633
54343,0.13738944195638406
54351,-0.2866939607455671
54352,0.37994027049648094
54353,0.2009934198639486
54354,-0.0019641522383126
54357,0.02700179723652002
54364,0.00678616743781837
54366,0.20073708969434428
54367,0.02494116349047398
54368,0.16590433502034851
54369,-0.13067801704814053
54371,0.15595752816642677
54373,-0.01870086070336515
54375,0.17122077001252028
54376,-0.06691642572428437
54377,0.6357905096300325
54380,-0.0628961551384822
54381,0.07714712428595653
54383,-0.081816906570225
54384,-1.117358059638811
54390,-0.0064212308920536
54391,0.18098011953362583
54392,-0.19453979370226704
54393,0.5600333540066573
54394,-0.01110661843229526
54397,0.21254964810805008
54399,0.04150046991546415
54401,0.1726642276959875
54402,-0.00632244259649643
54403,-0.16551746470362577
54405,-0.03608906998867871
54409,0.00957744897866315
54411,0.12283018528452412
54418,-0.00929922065819199
54419,0.294183246653093
54422,-0.03241621024296887
54426,-0.299023916785614
54427,-0.03812909082360063
54445,0.02422619745282763
54446,-0.1481016012529906
54447,-0.27014024002489623
54448,0.23172015670858037
54450,0.7096765409144704
54473,0.23923945454086373
54483,0.15015074685991436
54484,0.04930478477464291
54485,0.14153574837773011
54486,-0.21012699608123492
54519,0.08624784960021606
54524,-0.00971815734511339
54525,0.24120985385186464
54526,-0.668537907663991
54561,-0.48673156774316007
54563,0.04616071612356783
54598,0.08683345360290387
54601,0.38898349787209263
54604,-0.2143512701140633
54607,-0.2291639555678343
54608,-0.08211340449376228
54609,0.1214055192476051
54610,0.6474292950507692
54611,0.06588776040774083
54613,-0.10957868612892764
54614,-0.5444716582588423
54615,0.05044475567578642
54616,0.03775451043286381
54624,0.1668602244693786
54630,-0.0284791149523199
54632,-0.11342844513974684
54633,-0.03492300255012607
54634,0.5513613413862019
54635,0.01604441371032438
54636,0.0700691401393654
54637,-7.833663268006913e-4
54644,0.10264206312157093
54645,0.1597002734639409
54646,-0.3559182306046758
54648,-0.48971556406564687
54650,0.20947217544480864
54651,-0.07877349362106932
54652,-0.01062205161602966
54667,-0.21517144925586487
54670,-0.05557613734599092
54672,0.11526381160501012
54673,0.19807352648696208
54683,-0.01143034597490172
54709,-0.17196786880000542
54710,0.14644960592559497
54711,0.14086313733385225
54712,0.04415547914229653
54720,-0.1230235945570263
54721,-0.14043122565907348
54722,0.22202656180026725
54723,0.15704167199467253
54725,0.32669135546906614
55925,0.1310052783673862
55927,-0.10941481468077184
55932,-0.03742448008903524
55934,-0.01416558300754811
55935,-0.5244817360955571
55936,-0.1266245582914197
55938,0.5953763602974017
55942,0.08488604669371566
55943,-0.12619061923006764
55944,-0.03203410701617264
55946,0.1869543473654922
55947,-0.09408649993918128
55950,-0.20253918184377945
55951,-0.16255878258702777
55960,-0.2220453680754126
55961,0.5642397271613011
55963,-0.21736765812955355
55979,0.01224594384787428
55980,-0.18898786800016085
55981,-0.09400827977904862
55982,-0.3999184075492814
55983,0.04302998138112143
55984,0.12183547597509796
55985,0.6276414727675654
55987,-0.1736833117407089
55988,0.0100333485661104
55990,-0.5852779844779011
55991,0.0328141353783456
55992,0.01226499318682886
55993,-0.438557651538913
55994,-0.13225390788953953
56012,-0.3796631313215134
56013,-0.6075035999897602
56015,-0.2601303435690452
56016,0.23173441361753447
56017,-0.16545055685551752
56018,-0.07972763821035846
56030,0.15466872469742582
56031,-0.3651222739843998
56032,0.01387650011458156
56036,-0.09355451019382909
56041,0.0444434259506809
56043,-0.5471497871433764
56044,-0.00583831568659198
56045,0.1139986148160782
56046,-0.190301186469153
56047,-0.3663303524713701
56048,-0.00907025790206678
56050,-0.11106489137689438
56055,0.08268426182981797
56057,-0.4231586743996853
56068,0.2911807731247256
56069,0.08463731365193253
56070,-0.22349195421363224
56072,-0.01982038866663581
56075,-0.06719934271897407
56077,-1.0962794003372904
56078,0.08052256005411602
56079,0.02803482109596908
56085,0.10461590339129909
56086,-0.04285568898106854
56087,-0.22025793503146
56088,-0.13950272678965953
56089,-0.25099692665202716
56095,0.06293558770074806
56096,-0.102770638427331
56149,0.06148982932863375
56150,-0.34309322701549044
56174,-0.35067474644702035
56175,0.02266218345099138
56176,-0.21652427269598343
56177,0.12071700533908795
56183,-0.3215417494721732
56184,0.47291091034461186
56185,0.2888261753790228
56187,0.01438181573508008
56188,-0.07000979549428746
56189,-0.2066058160470622
56190,-0.0088802834382672
56191,0.0934096019440328
56193,0.12968700119912183
56194,0.1580741327643698
56195,-0.17863735166937078
56196,-0.2637618227417734
56198,-0.22735422887654955
56199,-0.1190059805635666
56200,-0.12767373184312697
56205,-0.16044239678820177
56207,-0.07201472459203345
56208,0.27552932140946906
56209,-0.19494446222182304
56210,-0.7306744768457492
56212,0.123237017620729
56214,-0.09942470956549872
56215,-0.04565634104220992
56216,-0.04625682581850019
56217,0.4298190702026583
56218,-0.00472522128516947
56220,-0.2438618012177007
56221,0.7668864831818114
56222,0.4224020054635127
56223,-0.22996939828690063
56224,-0.04387442601024668
56226,0.0697132904025887
56228,-0.02415997733485487
56229,0.1579206492941952
56233,-0.02248417612324781
56248,0.00941420598055551
56249,-0.00998430884822782
56258,0.08670277350362322
56264,-0.03090908119120098
56273,-0.4416129063381943
56274,-0.0167187101876876
56275,0.03089900878546794
56277,-0.14804168117822272
56278,-0.32295649987544983
56279,0.15577033202603366
56280,-0.300830068320576
56282,-0.08302167743227612
56284,-0.07971970301672007
56289,-0.01974903646065328
56291,-0.10888468245172198
56292,-0.06521179256781828
56294,-0.074912401304743
56296,0.178386182724448
56297,-0.2597729094549565
56298,-0.3881045680480403
56299,-0.04985243022826267
56305,-0.1927538172310057
56306,0.19307639706966823
56309,0.02747983855948404
56310,0.06325433939050332
56312,-4.792658857818051e-4
56314,0.00890129586064334
56315,0.3972232702452372
56316,-0.03958716137978869
56317,0.00296711156734024
56318,0.11183318311248774
56321,0.01272815758393154
56322,0.08549166839767894
56323,-0.04023503793070448
56324,0.4166785506623345
56325,-0.13566549333600078
56327,-0.23367273097053623
56334,-0.05506834232773405
56335,0.04607725408731739
56336,0.02449313232903687
56338,-0.02783123989919235
56348,-0.02098037749559388
56349,-0.370130958906325
56350,-0.02924781477240228
56351,-0.03473607571606593
56354,-0.02669319650156056
56356,-0.07730309804970252
56357,-0.06170908698866458
56358,0.11483926282584106
56361,0.05782166547987102
56362,0.6190144902449071
56363,-0.5482835587874024
56364,0.13977021750714108
56365,0.24380514438666975
56367,0.29589632821594763
56368,-0.16440771494801404
56369,-0.3529214957315099
56370,0.13022695840100287
56371,0.17893590457905356
56372,0.02979432649023281
56373,0.1111451885108863
56374,-0.11489296943001572
56375,-0.3027021640311791
56376,0.12488284409362602
56378,0.09434412595210162
56379,-0.668504128745548
56380,0.0323283012462188
56381,0.17284622978678854
56382,-0.2481947398516831
56384,0.06725207262005387
56386,-0.06518365539804899
56389,-0.03742279067918745
56390,-0.01624638859218763
56395,-0.07613599542890313
56397,-0.0555465042195488
56398,0.12495025898724473
56399,-0.22603339284074275
56401,-0.10042364160048207
56403,-0.33462631742095894
56404,0.04414437474947615
56405,0.15589828431583191
56406,-0.01264932874089038
56407,0.02959906855330987
56409,0.0500334734608777
56410,-0.14573417968807195
56412,-0.28037119930486687
56417,-0.1291981630706928
56418,0.03803573564477371
56419,0.08308018756120902
56420,0.0416688848336148
56421,0.102086795409996
56422,-0.13179066358709157
56424,0.02362049979332475
56426,-0.2626587906885143
56427,-0.02000817751178794
56428,-0.44991204028479576
56429,0.07424090962419302
56430,0.1327636054681476
56431,0.2300080862562764
56433,-0.2072061964633146
56434,-0.3737647845922244
56436,-0.0973949218230128
56437,0.24229803305690345
56440,-0.05844546730316634
56441,-0.10588212903992726
56443,0.23856500153575652
56444,-0.13223882166223278
56445,-0.09533503225776974
56447,0.08191965188499137
56449,0.10038856471844976
56451,0.02768301023254331
56452,-0.23121479031277983
56453,-0.18389392297205487
56455,-0.1792043582356509
56456,-0.03101552674090205
56457,0.01618230301670939
56458,0.05565297808288152
56459,-0.11927541806337236
56460,0.06667888462925331
56461,-0.08056116264309118
56462,-0.08361098839803711
56463,0.2894827709344058
56464,0.04934916915913595
56468,-0.13870955338323232
56469,0.15261959752011495
56470,-0.0998680311916972
56471,0.5248613043763932
56473,0.222691339242284
56480,0.04821832339392508
56484,0.07596375271064648
56485,-0.01069381117674663
56486,0.06443974447296419
56488,-0.17288008959398904
56489,-0.16661242600085957
56490,0.20328701948427147
56491,0.19990912177071551
56492,0.12477498827043444
56494,-0.03209750679052056
56496,-0.3651653660317099
56501,0.5231310472645188
56503,-0.25686152519176325
56504,-0.1471715607648011
56505,-0.01408471497207104
56506,-0.0203235163126822
56508,0.13768761643924166
56513,-0.1516570789341706
56515,0.02059367999409177
56520,-0.21916958812702253
56522,0.04789933507242185
56523,0.22774728751340467
56524,-0.05158063130949351
56525,-0.5993028554211282
56526,0.01185114206701739
56527,-0.06742613156230254
56529,-0.09956265093049148
56530,-0.1786890813576045
56531,-0.11516540203363236
56532,-0.10052078053914884
56533,0.3797977744194353
56534,-0.856996369584217
56535,-0.16218124531213843
56538,-1.121035478818076
56541,-0.18137645095207203
56542,-0.1094626589079069
56543,0.2171173474451163
56550,-0.06231006407366924
56551,-0.01310293899700362
56612,0.02274641298613007
56613,-0.004227682109399
56615,-0.08031414036146038
56619,0.2161610200626713
56620,-0.06875581898965974
56622,-0.49829004349788
56626,-0.01928396891656181
56629,-0.5336999030624748
56631,0.22157750044168692
56632,-0.08676588269217164
56636,-0.7527100789595663
56637,0.2292353899812561
56640,0.18657455948094392
56642,-0.05277486747965441
56643,0.44074340029627457
56644,-0.04945205641000905
56690,-0.09905896189005468
56691,-0.19162049698864364
56692,-0.13158055106371308
56693,-0.18237328495130417
56695,-0.2862532809060505
56696,-0.07402171496644006
56697,0.02916530607257834
56698,-0.35903111565063917
56699,-0.02097474343322529
56700,-0.00438459586121689
56702,0.10212671068154729
56703,-0.08895856570599699
56705,0.01020024029683804
56706,0.1055380350861146
56707,-0.31316806954519383
56708,-0.31207738722620204
56709,-0.06241098048154744
56710,1.054268199905247
56711,0.2748605385331328
56716,-0.06054168887454381
56717,-0.2837787411278577
56720,0.4067240862289624
56722,0.2365151437514361
56726,-0.04854470994345462
56727,-0.22818880008140835
56734,0.14859410487761357
56735,0.5701601986329695
56736,0.05368272404636577
56737,-0.1855535515473453
56739,9.078497551778876e-4
56741,-0.4893372834648992
56742,-0.3227547372041442
56743,-0.1578227637150541
56744,0.06386746187395242
56745,-0.02632256389049348
56746,-0.3687130782186634
56747,0.16684384700018368
56748,-0.21271851412653692
56749,-0.06446728339813068
56752,0.04868551952642856
56753,-0.24563669963065937
56758,-0.03131968262826817
56760,0.1057561917170123
56771,-0.05401480593412763
56772,-0.08997153592682358
56773,-0.2288003821114588
56774,-0.07452402214737316
56784,-0.07956685559752924
56786,-0.04466597107411693
56787,-0.3267715139725758
56788,0.03123058146713381
56790,0.08259153161013834
56791,0.10025586091272788
56792,-0.01565241506056228
56794,-0.1930248313718942
56795,0.21297167196149347
56805,-0.21393615025525495
56807,-0.22196959599833155
56808,0.1982606600016349
56809,-0.08460793653486604
56812,0.10792472999294338
56838,-2.7836461272092663
56839,0.1775064018775585
56844,0.0483483637976814
56846,-0.36736692144609095
56847,0.07478868840574246
56856,0.3093777041065825
56857,-0.12320490819581656
56863,0.24989181583489165
56873,0.01547009254201912
56874,0.32222609258614704
56876,-0.2146140985805762
56878,0.07972048246099009
57014,0.30891067847190506
57028,-0.09248790235052488
57080,0.1301259802737363
57138,-0.2717674339003744
57170,-0.19182886323479537
57230,0.1284936367475505
57246,-0.2707599840547151
57247,0.05042274793308076
57253,-0.29525225240651803
57254,-0.7172971718385628
57256,0.13176359446915137
57257,0.10419732865138812
57258,0.03737788201174574
57259,0.15508105761493785
57260,0.6579912116533471
57261,0.15876825069317113
57264,-0.00134141693397563
57265,0.4709042656282394
57266,-1.3247473932654854
57267,-0.01623606141020615
57271,0.47391633642344944
57272,0.3983266467097239
57274,0.31609303692627533
57275,-0.06293992821115552
57276,0.3293249724363597
57277,0.05941128778088361
57278,-0.3865434648957628
57279,0.08668223454193252
57295,-0.04661533620015373
57312,-0.04515557645177168
57314,-0.04208045966371367
57315,0.07936972410332233
57316,-0.4949400099857639
57317,0.02643988573805754
57319,-0.04237645271128036
57320,0.05587023986903578
57321,0.16412073982047648
57329,0.3501466336647425
57330,0.11217832698886102
57339,0.21425376291540452
57340,0.1870767222589472
57342,-0.06474556446269712
57344,0.259837363188628
57354,0.08580213578982254
57355,-0.07574751733539224
57357,-0.12323790886875688
57370,0.05364484809218939
57373,-0.21107368490513573
57376,-0.0091967356124344
57377,-0.05932904038541266
57385,-0.2692469852986531
57390,0.09615617322832182
57394,0.09696161559881422
57423,0.07228678151033925
57431,-0.08134982088846099
57432,-0.02961492767652761
57434,-0.558382504621427
57435,0.3862074472536197
57436,0.1431174341740242
57437,0.02548208819580063
57438,0.01610599602451634
57439,0.12296735028481924
57441,-0.7421538134468457
57442,-0.503971094260719
57443,-0.01019814166147354
57444,0.04545460007138906
57740,0.6739298668700346
57741,0.09044114473671142
57743,-0.1464959115037355
57745,-0.2486907682279263
57746,-0.07513525991321678
57748,-0.10518598380683826
57749,-0.0364379831021854
57750,-0.2280974878462557
57751,-0.01430538802765547
57752,-0.4787668439614052
57753,0.11022825343746408
57754,0.3871522504836674
57755,-0.6247714705325079
57756,-0.08776994189807312
57757,-0.20954399717860508
57765,0.09442102153322704
57773,-0.15009788665720536
57775,0.3940289343706865
57776,0.33944364473194927
57778,0.4508660550331891
57780,0.3902367378888021
57781,0.03148654347932302
57782,-0.3765647025004229
57783,-0.00162213912973176
57784,-0.01806886846982133
57810,-0.24282401510938903
57811,-0.4824404186755541
57814,-1.1815093383641484
57815,-0.17449264850876248
57816,-0.06898036404278882
57837,-0.02519212373440055
57869,-0.10014404939197973
57874,-0.09668755437319246
57875,-0.05625029353248909
57890,-1.3605050533762235
57895,-0.09784480397477244
57896,-0.20667522988651615
57905,-0.09127861252142716
57908,0.01129017075596608
57911,0.41995301239937266
57912,-0.09203727273790946
57913,-0.1252542768689392
57914,-0.03377487471634991
57915,-0.03484310975553709
57916,-0.17177065594972477
58170,0.3498809219351271
58172,0.20259012182422165
58175,0.03409516400969728
58176,0.735508004233959
58178,-0.4986056681917797
58180,0.22830625469239008
58181,-0.05127656810602714
58182,0.3829860646693577
58184,0.02702547424982671
58185,0.19004449338827348
58186,0.17623937712236157
58188,0.32694306942051193
58193,-0.5731740682284019
58194,0.15118561193898722
58198,-0.18790162270517383
58200,-0.20177003934082205
58202,-0.03354322119702006
58203,0.0089605733891405
58205,-0.13025671176374526
58206,0.04273726971462046
58207,0.20367936921642069
58208,0.17449345150178672
58212,0.261398428777344
58214,0.00737657182847834
58217,0.19547894512877065
58220,0.3605762250745289
58222,-0.01667421654239621
58223,0.641091031159335
58226,-0.1334413071134932
58227,0.4247133515923652
58229,-0.26331272041206377
58231,0.0904396049923217
58233,0.18384376510109224
58235,-0.0269993478580669
58237,-0.4469846309293451
58239,-0.18444005227296772
58240,0.3679504340230201
58243,-0.29885592138840567
58244,-0.13598994109453288
58246,-0.2559729113289303
58248,-0.29788657886864495
58249,-0.12507841313046464
58250,0.3456390470696893
58520,-0.14890140405762298
58521,-0.00775640015846256
58522,-0.7025284628226112
58523,0.01099021201952951
58799,-0.24969005440366185
58800,-0.16167845984557017
58802,-0.519051126071808
58804,0.1641370202294749
58805,0.19437758420777443
58807,0.507618567056468
58809,-0.01887293805852763
58810,-0.08945270233797165
58859,-0.3958100666026704
58860,0.02178209459297565
58861,-0.23326812540863495
58864,-0.3793251233971966
58866,0.5616161782198532
58867,-0.02668542077845891
58869,-0.9744768445559484
58875,0.01520617827632627
58887,0.06830829130066914
58909,-0.4913850413003732
58911,-0.00717768525747028
58916,-0.18293883849331455
58988,-0.00834070296192066
58991,0.133000731367102
58994,-0.43763226094832947
58996,0.25890195638638763
58998,0.5496199461818638
59001,-0.15408949962798704
59002,-0.32556683949673054
59004,-0.03424023326572696
59005,-0.01070351871252071
59006,-0.35214070179014767
59007,0.08589207602641384
59008,-0.04401475938810886
59009,0.4096255362616179
59010,0.11580910987764952
59011,0.00190537436784346
59013,-0.17903641795320052
59014,-0.24816311395330892
59015,0.01288127291159252
59016,-0.10870112683126856
59020,-0.02626058207130981
59021,0.06531358951321074
59022,-0.02750617953471841
59025,0.01361888108804738
59026,0.12514597499665786
59027,0.02519972214907739
59028,0.14828079493301782
59029,-0.10213937185000194
59030,-0.17185762894326234
59031,0.06523826517372977
59032,-0.16657940963088397
59033,-0.5714960955420356
59035,0.2189150024213815
59036,-0.2458804713321934
59038,-0.07300017171329981
59040,-0.15889377138289237
59041,0.07903116757397145
59042,0.03664514696617897
59043,-0.4207885841968445
59044,0.01824868874517978
59045,-0.07983976387760841
59046,-0.18944893594726817
59047,0.00803790642810972
59048,-0.20948146130877016
59049,-0.14304775684922982
59050,-0.08588035802681264
59054,-0.09265605700147676
59056,0.24744456724201924
59057,-0.14656393221249164
59058,0.06254035500438197
59069,0.08985996293425971
59079,-0.01231028702463066
59083,-0.21900411761532523
59090,0.0415250021152662
59091,0.5119415716719619
59092,-0.03598995320473889
59093,0.08897304498792714
59095,-0.7423925519929915
59125,0.03389555987088287
59126,-0.18243154287370725
59288,-0.03884290542380413
59289,-0.16465010594398918
59290,-0.00595189635417385
59308,0.6295784377933147
59310,0.3390398512256595
60315,-0.05767507204810596
60321,0.02931414322784279
60322,0.41966954934711337
60344,0.5402851173386807
60345,-0.7099101853609185
60363,0.2909890427336573
60364,-0.096137663822932
60365,0.13986819570428782
60367,-0.00210773919636121
60406,0.04320551910475698
60409,-0.09940515050856506
60411,0.08075175054174094
60441,0.15622933800379735
60455,0.00187484573116156
60504,-0.0802042252047999
60505,0.31302009787403307
60507,0.30589918488699264
60510,-0.00422723470230561
60525,-0.02754419561211218
60527,-0.4069780446395489
60530,-0.07953223690168117
60531,-0.5911248848197683
60532,-0.11140844201950162
60533,-0.03319135386457363
60534,-0.04517784244699466
60594,0.27201271314305875
60595,0.27158292656206884
60596,0.408870543449237
60597,-0.00472304637687717
60599,-0.03204580745637332
60611,-0.02944343000691205
60613,0.090534851678087
63828,-0.15523479213871363
63856,-0.15742492980695788
63857,-0.27040922073364176
63859,0.06204811243665639
63872,-0.19756136569515964
63873,0.06846019855978716
63913,0.26551906925184093
63953,0.02246407157718233
63954,-0.07604573648843858
63955,-0.4706795128522875
63958,0.30500113874321105
63959,0.00379942353710596
63985,-0.07874933523557816
63993,0.514476742963035
64008,0.1872897161470317
64009,0.1154616336258184
64010,-0.03379389180327542
64011,0.1800097197172199
64050,-0.2292357849509296
64051,-0.5325219791235065
64074,0.6458104452290173
64075,-1.0074646145840165
64082,0.3721988742759361
64085,0.12272077789778608
64095,0.1697653650218914
64099,-0.10078466788906083
64103,0.07719994895857067
64113,-0.17161416680923247
64136,-0.01886472566133212
64138,0.04096513983792292
64143,0.05881024452610287
64144,-0.2178279477614184
64176,-0.1620661048061241
64177,-0.4737703902856268
64209,-0.12250761972432515
64213,0.09717288694421598
64214,0.10292516662232722
64242,0.14401663481054952
64290,-0.7268999205740887
64291,0.02875173520109287
64292,0.01004130271427904
64293,0.06468885510655387
64294,0.05732161374544735
64295,-0.1240777169406905
64296,-0.05606461436146387
64297,-0.05706534696673795
64337,-0.8398301223277451
64339,0.10025264667719054
64340,0.03768607685443034
64378,0.2706508459618379
64381,0.16950005203266338
64383,0.06158426583629869
64384,0.0186089976290105
64385,0.3485824118110896
64406,-0.1427896794674213
64424,0.08769559799843404
64435,0.40687723873332565
64436,0.05651788677941876
64450,-0.3433186616451956
64451,-0.34150077534866985
64452,0.40672098845535454
64540,-0.25074490433130475
64580,0.2675846998534326
64602,-0.26345647351140505
64654,0.01995801506319414
64656,0.00360815177909334
64657,0.06028753319254808
64658,0.00829911166752193
64659,-0.2771578550519361
64660,-0.10504825681808784
64661,-0.21325033397362203
64685,-0.12981504769986282
64704,-0.10344877756502094
64705,0.13385845015228892
64706,-0.5760130604940678
64707,-0.1686484625563099
64817,0.04005355073124767
64818,0.07651856318447423
64898,0.3109996237937134
64899,-0.05826638229094304
64918,-0.23968141191907047
64930,0.1457421824641672
64931,0.08248292283298737
64933,0.05089394567445064
64934,-0.0949413218605248
64945,-0.3119937961073278
65019,-0.0714963943124976
65079,0.3783266216408688
65098,0.16061134935893073
65099,0.1764578652193713
65100,-0.10231639466491062
65102,0.07131901121295453
65103,0.03775564211421643
65105,-0.08696961244001314
65106,-0.01174086948622058
65107,0.04787492846327743
65111,-0.03817005361189863
65112,-0.27647631472140355
65113,-0.06465441195819624
65114,-0.11368329423415056
65115,0.3452779575366014
65116,0.01632303524423275
65221,0.19935393138076113
65246,0.02720451239052617
65247,0.26863042104165713
65254,-0.1024177081107878
65255,-0.368427100922775
65945,-0.3077654382918669
65960,-0.1899127609071233
65961,-0.14031641949030552
65962,0.34192645876278654
65963,0.01569752700201641
65967,0.03614916504584129
65969,-0.1686763265620288
65970,0.16392922135714402
65971,-0.1677669861234889
65972,-0.01951477713597962
65973,0.01919278173633685
66011,0.9399944460142764
66039,-0.1610655255480693
66042,0.17450604185988128
66043,-0.01300684979682746
66044,-0.2210914305356093
66046,-0.24082954952047264
66047,-0.16067988470613576
66048,-0.12086370010374672
66049,-0.1622652776455179
66052,0.04655842741396795
66053,-0.01982261407753661
66054,0.02353119861413283
66056,0.07507238854596943
66058,0.4026219442281924
66059,-0.0486973497176823
66060,0.1481167834594052
66061,-0.11036795241509934
66065,0.02021466796232786
66066,0.05558297759169818
66067,-0.12025986602224008
66069,-0.0958251834416684
66070,-0.07952920046676112
66071,0.1086589882418865
66072,-0.1449874772221401
66073,-0.16251490295077964
66074,-0.17929481374981598
66075,0.1244629551736769
66077,-0.07417043295700797
66078,-0.1042869859835286
66079,-0.08597704626842075
66082,0.0159664615411508
66083,-0.06908620086137678
66084,-0.08552202594875749
66085,-0.10869720505249
66086,-0.0571577306478357
66087,-0.05596935789587362
66089,-0.06417272555417573
66090,0.05267879009018886
66091,0.05083389546871172
66092,0.09073764946161111
66094,-0.12630770299638833
66096,0.02400317662958223
66098,-0.20061440649453377
66102,-0.2515319132309101
66105,-0.01258383437795833
66106,0.5388343511425318
66108,-0.04713542657353577
66109,-0.00892517606354763
66111,-0.13136394848309615
66112,0.13392802986544733
66113,0.0795733783170705
66117,-0.15135312905553444
66118,-0.03955279097642345
66120,0.26563655553665255
66121,-0.1407657689500953
66124,0.04594480081686654
66125,-0.05980188928421521
66126,-0.16045564504476428
66128,-0.04505396656318916
66129,-0.20102256765751764
66131,-0.3206788628566063
66132,0.05993560292753256
66136,-0.01893177487953654
66138,-0.12452586151121134
66139,0.10656279285373228
66140,-0.4648340277996069
66141,0.1014799695661998
66142,-0.06982218613387273
66143,-0.2599331864772573
66144,0.01139843758052949
66146,-0.12217223379899668
66147,-0.03652699175112349
66148,-0.04879867905205992
66151,0.14949703451828747
66152,-0.08089350360628356
66153,-0.18218321214041933
66154,0.06144504338261031
66155,-0.04856818492120568
66156,-0.1209895891124266
66161,-0.2734480460131687
66163,-0.05912310766800127
66164,-0.25885726594171155
66165,-0.09703172409997492
66166,-0.5311828110860811
66167,-0.08490717323992754
66168,0.13120216566044365
66169,-0.09055437601659944
66170,-0.16908529261567284
66171,-0.9789559029014314
66172,-0.17676490506304626
66174,-0.21874162925317128
66175,0.5636453155421599
66177,0.0532016373005459
66179,-0.09324636397926364
66180,-0.7706916438135616
66181,-0.04357426047832025
66183,-0.38195139102141207
66185,0.118526291287208
66190,-0.03252525561400063
66191,-0.07982356801976709
66193,0.14882913217625315
66194,0.03125199102237541
66196,-0.2487085838439775
66197,-0.6140461968078462
66198,0.0678848276209463
66199,-0.0612387305242976
66201,-0.0656851064336604
66202,-0.12211861473211436
66204,-0.7384179610396695
66206,-0.1812833249427011
66208,-0.16678616221751724
66209,0.10437520043194164
66211,-0.00825458013277306
66212,-0.07938831680183975
66213,0.01401786542113947
66218,-0.03911739246788181
66220,0.06032458943643377
66222,-0.10548978205981134
66223,-0.3160668354713113
66229,-0.07449949610408377
66230,-0.03288158868461079
66231,-0.2256770402426204
66233,-0.09248903611585922
66234,-0.02653242290072533
66235,-0.11973018013071526
66237,0.3010650183762189
66240,0.4809047376476354
66241,-0.3499995957617855
66242,-0.14163321075952431
66244,-0.10095037859169136
66245,-0.05172543410770812
66248,-0.13375952944358935
66249,-0.09075346208282364
66251,-0.02385006499589739
66253,-0.03413153654098141
66254,-0.07254874608136411
66255,-0.09589064906573357
66256,-0.03079984417185027
66257,-0.1995993522960338
66258,-0.06026678228067498
66259,-0.00976728476261837
66260,0.6148465600673702
66262,-0.05238995923693326
66264,-0.17322499354052062
66266,-0.05264935856411444
66269,0.5789049757445485
66270,0.0256138217715043
66271,-0.11625505997641992
66272,-0.08987667514883448
66273,-7.417986140836885e-5
66274,-0.14465464277393456
66277,-0.36618714439706496
66278,-0.00976714301875993
66279,-0.5751152140450927
66282,-0.21780672680762653
66283,-0.08115236278303409
66284,0.07771542402183859
66286,-0.07417450037019364
66290,0.01846128420465677
66291,-0.3207160655473064
66292,-0.05345585507961893
66294,-0.0345461204222499
66296,-0.16707491718566436
66300,-0.01674023341755924
66302,-0.3202251375170355
66306,0.11095353427810949
66307,-0.12779673913428014
66308,-0.00693595397848183
66309,-0.1351414554595788
66310,-0.22145419390513857
66311,-0.3573119877113353
66313,0.04561550124895096
66314,-0.1017346475380686
66315,0.2251899280077791
66317,-0.14680569062464183
66320,-0.06591622548951225
66326,0.1970561038953644
66329,-0.34752978262663275
66330,0.07645432053351414
66333,0.2180583895006402
66335,0.01893655648328915
66336,0.3712701124976022
66337,-0.4789989072546389
66338,-0.2217513875784776
66340,0.01544753248923125
66343,-0.12486808823779542
66344,-0.03304523863963919
66349,-0.191412973102926
66350,0.29041914185806195
66352,0.01223031751719396
66353,0.1986580048079719
66354,-0.01936295065356669
66355,0.24332360015667823
66356,0.04684910883268549
66357,-0.11970362232257196
66358,-0.08394488364486091
66359,-0.1029291209042025
66361,-0.17577098531988158
66362,-0.285194445814392
66365,-0.02058303705798098
66366,0.221379500898039
66369,-0.07609940627151113
66371,0.19250606510140425
66373,-0.36501371447265896
66374,-0.0340415555654598
66375,0.05064547273514067
66377,-0.12809500640978444
66379,-0.08039537395065355
66383,0.06000800219371963
66385,0.04827677820376828
66388,-0.13019397340820418
66390,-0.09320004015852448
66394,-0.0822298957263473
66395,0.14521917388492728
66396,-0.21468486690638555
66397,-0.1946156138876499
66398,-0.22734226806217395
66399,-0.15830772918501648
66400,-0.0803085315083643
66401,-0.446635243292294
66403,-0.7386312527053148
66404,0.04409759289805656
66406,-0.03812278408587395
66407,-0.03723196697869992
66408,-0.1847797522818579
66409,-0.15472221419454807
66410,-0.01923752595508231
66411,-0.04626125251455097
66412,0.04065772442801142
66413,-0.03045458275601123
66416,-0.02803570215709898
66420,-0.06225282041619381
66421,-0.4532732899483877
66422,-0.14522514934240977
66423,0.4491584532473242
66425,0.12779140542088838
66427,-0.03703684639360857
66431,-0.2747081365418427
66432,-0.03475461043819419
66433,-0.0735692339976561
66435,0.4560885987682025
66437,0.06038165648201946
66440,0.26436593523080965
66442,-0.24355971685351752
66443,-0.2870110659974454
66445,-0.1117462708511393
66446,-0.11445755900349049
66447,0.1122540571866851
66448,-0.10478533715260528
66449,-0.08168267681718729
66451,0.07700511247951108
66454,0.10066450500731185
66455,-0.1254424546424707
66462,0.2282107226490954
66464,-0.22077011195712556
66467,-0.17374112989554277
66468,-0.20429289618036195
66469,-0.17533121708493513
66471,0.36333920036738093
66473,0.24567972210287548
66480,-0.0784312011017332
66482,-0.0809776898181045
66489,-0.05285509555721354
66491,-0.04528978583200588
66492,-0.1387673934226846
66493,-0.11237237562917124
66494,-0.02894981958612354
66495,-0.07927516582050086
66496,-0.10283907021623562
66497,-0.15699957297118236
66498,0.02119848784324845
66500,-0.01147510417667111
66505,0.01649847199255431
66506,0.05285614941315182
66508,-0.10081072528679104
66510,-0.06323269820291103
66511,-0.11330938570008538
66513,-0.03715115149132941
66514,0.03624512028916417
66515,-0.21681230717650463
66521,-0.01453076250430506
66522,-0.28004889240041775
66523,-0.01322948392441499
66525,-0.2351800147753268
66526,-0.12381043349151384
66528,-0.08694263968768365
66530,0.00935233539648205
66532,0.19782396980355155
66533,0.09546032255797762
66536,-0.31349061632085096
66537,-0.22338252705222733
66538,0.04258814025740607
66540,0.00162395066145337
66541,-0.35967692389692696
66548,0.1837280319462395
66549,-6.977270340064415e-4
66552,0.0551007837940279
66556,-0.0672878258834554
66557,0.3075365352902283
66559,-0.42100116128776943
66566,-0.15842268098526105
66568,-0.0858604502660735
66569,-0.33581866316068254
66570,0.26680597239917686
66573,-0.2046158322005489
66576,-0.01121631784463925
66578,-0.2665444633040035
66580,-0.07397666548429868
66583,-0.14237490914431064
66585,-0.23591071642918887
66586,-0.1980680095534005
66587,-0.18963951902993592
66590,-0.0849682116940181
66592,0.03548064442980113
66593,-0.20696038993774796
66594,-0.02801528781920857
66595,0.06229619703871244
66596,0.01666235033175959
66597,-0.37438547820113965
66599,-0.02815800503595364
66601,-0.12290356028171752
66603,-0.574266465981618
66605,-0.01661386400808742
66606,-0.3278267443067925
66609,0.11670443900832442
66610,0.30991393548976354
66611,0.4244891323312033
66612,0.07468574164362038
66614,0.0116416276902121
66615,-0.00296007441249444
66616,0.1480696923481859
66617,-0.0630608929888223
66618,-0.16650531679327368
66622,-0.02813110351605061
66624,0.2638353195716583
66625,0.12894987957400775
66626,0.04436755404722965
66627,-0.05093062913479776
66628,-0.13814103262358135
66629,0.06443154666991002
66631,-0.01146075519127354
66632,-0.1239176682112617
66634,0.4401701115816349
66637,-0.09051218862071768
66641,-0.174778187720925
66642,-0.0715434814870853
66643,-0.1559946438103286
66645,-0.01718220500612587
66646,-0.30927319736466874
66647,-0.18148028804857164
66648,-0.2874133636725159
66653,0.26025557317012893
66654,0.27345490309869935
66656,0.10407534629385053
66658,-0.07991471695608746
66659,-0.05192312885881112
66660,0.02745548092079962
66661,-0.01239133322464204
66663,-0.04706993726335849
66664,0.04219227258309516
66665,-0.4151550404930468
66667,0.16896925214203998
66671,-0.488906888708874
66673,0.737394672602333
66674,-0.01635323257591316
66676,-0.1193684387531566
66679,0.05737011238880191
66680,0.14098544978156208
66681,-0.2019365217051357
66682,-0.1215577791833656
66684,0.22019357776233475
66686,-0.18628705129503623
66687,-0.01816482064058058
66689,0.16410635404923812
66690,-0.20798584856460095
66691,0.17899716273613148
66694,-0.1479127652417972
66695,0.3096787931463834
66696,0.3437195655257645
66701,-0.24940524650742224
66704,-0.17020504594981328
66705,0.08825269012216122
66706,0.00792392044572156
66707,0.595692603580255
66711,-0.17671387257475998
66712,0.276278727254412
66714,-0.822074541366068
66715,-0.3188441763851337
66716,0.4268735034200478
66717,0.19239235621556708
66720,0.13682372079335026
66722,-0.1227267338485554
66724,0.21549311773822064
66725,-0.04510478078076799
66727,0.02645817593926
66733,0.30301383990901837
66734,0.00863006415100647
66736,-0.23521796496290795
66743,-0.11894053779857768
66745,0.15121843079871225
66748,-1.8575538897457056e-4
66753,-0.07853934040766451
66756,-0.05053629724188781
66757,0.08038941373845712
66758,-0.48719167148758025
66761,-0.13281246357239848
66765,0.24244082433389383
66766,0.00188374079521391
66768,0.11263790206177143
66771,-0.02740819597223907
66775,0.24444585365625543
66787,0.07516852232324386
66789,0.03007691419961782
66790,0.45514973253324753
66793,0.5981409607649076
66795,-0.09704699033263016
66797,0.5704980833805667
66799,-0.4314406439647731
66801,-0.01028855548196308
66805,-0.7935820538037941
66809,-0.8698076983620577
66810,-0.4110919832001212
66811,0.3384131563468451
66812,-0.19870002433261927
66813,-0.45811824705174586
66815,-0.11522629969843416
66816,-0.41068589864532207
66817,0.3530357964873617
66818,-0.09911876774119228
66821,0.06674608375420693
66822,-0.07474261818725413
66824,-0.093226938498327
66825,0.8606628026794585
66826,-0.15979172367901717
66827,-0.11129730867639076
66830,0.01494487368763312
66834,-0.06962499550770554
66836,-0.10116615590753704
66839,-0.22551591585146696
66840,-0.1907945381918683
66841,-0.06977903771979173
66844,-0.21477393055190125
66847,-0.24501808659173513
66848,-0.3939346917469546
66849,0.32164586075188384
66853,0.11737375047291164
66854,-0.14721724669836778
66855,-0.0600296765941128
66857,0.09074070343191998
66859,0.23117160072027587
66860,-0.09090371579835624
66861,-0.03832942184346458
66863,-0.06884665795192876
66864,1.322599824788609
66865,0.06286080395870046
66866,-0.10476221128577046
66867,-0.09779918733060708
66868,-0.1716080334494875
66870,-0.03314756800480414
66871,-0.3089111439537052
66874,-0.27634719144271286
66875,-0.21206734536308153
66877,-0.13171051787697494
66878,0.16038889186580024
66880,0.18815761017047017
66881,0.06963419067445044
66882,-0.02505993240633846
66884,0.07621064123320485
66885,0.35280206265973835
66887,-0.09254116715898632
66889,0.1333908018193887
66890,-0.12693872233803516
66892,-0.29626282008664356
66894,0.05353614631682321
66895,-0.7677825817972612
66897,-0.4107575925694551
66898,-0.5858412162466204
66899,0.11948361936388452
66901,0.2036614764195081
66902,0.0643455907303513
66904,0.01998596823502805
66905,0.02907476377647656
66910,0.14284466639174503
66911,-0.09592693270659186
66912,-0.13702516248507218
66913,-0.13500342524015777
66914,-0.0467152434666363
66915,-0.06766695605001906
66916,-0.00663665318676023
66917,-0.10565207728764224
66921,0.18215807920612864
66922,-0.21809057749789107
66923,0.06872808352165352
66925,-0.2137811029564056
66926,-0.09690918645238308
66928,-0.07375899422926849
66929,-0.09120144513709512
66930,0.2496753805357537
66931,-0.32195310072390215
66932,0.02164811288590763
66934,-0.28344136051539015
66935,-0.02104103468359457
66938,0.06426510307943803
66940,-0.01144159435997957
66943,0.04877357062751023
66945,-0.00105186672133927
66948,-0.7250702856118945
66949,-0.2026486042101618
66950,-0.3581947053930467
66957,0.32669639143702517
66958,-0.06603456001437322
66959,0.2015499590518999
66960,-0.0663996677748922
66962,0.13362013830055203
66964,-0.22114984603299565
66965,-0.08469057770461029
66966,-0.12530830025331657
66967,-0.7417716879903639
66968,-0.3000660395532931
66970,0.00512688595652856
66971,0.20631823642226924
66972,-0.17734225345179117
66973,-0.0220127323021852
66975,-0.16028367955540995
66977,0.02995445912519125
66978,0.08497944471252092
66980,0.09915384775788902
66983,-0.4585128033715094
66985,-0.16409528169599938
66988,-0.14735354649342552
66989,0.13881365139411753
66994,-0.14206660446281882
66995,-0.3031390725531475
66997,-0.02671252442506849
66998,-0.10671799083335363
66999,-0.12511365639950087
67003,-0.07410062454448069
67005,-0.12445969615435536
67006,-0.13964656741140533
67008,-0.1412290261541828
67010,-0.03744165483132643
67011,-0.23811261501462871
67013,-0.06205288068711365
67014,-0.11015184212623762
67015,0.14552517920457303
67016,0.0497413905853443
67017,0.2789181069585977
67019,-0.3810550235267781
67020,-0.22753451294646193
67023,-0.0039416641118184
67025,-0.17952337759717713
67026,0.03372324751366618
67027,-0.10164183378141936
67030,-0.08980832534693844
67031,0.0255730116363877
67035,0.40304556450702095
67036,-0.116366124018638
67037,0.18237892011677767
67039,-0.00617806221512545
67040,0.03019675887207962
67041,0.09145306688916822
67042,0.0458008927452492
67043,-0.09465546308987938
67044,-0.06872076157993881
67045,0.00372690670239435
67046,0.4131762515177784
67048,-0.10726153872315576
67049,-0.198109196746438
67050,-0.3903234869675109
67052,-0.01035521962943333
67053,0.1100345382033626
67057,-0.01860147677517828
67059,-0.03945865121275226
67062,-0.667630702672537
67063,0.20322597653616323
67064,-0.01520409572046899
67065,-0.5923950832747047
67067,-0.1145160199711978
67068,0.00355231999304091
67070,-0.05610564789357857
67071,0.3116339722692675
67072,-0.1606530388430219
67073,0.16220759763725756
67074,0.09194942321114044
67075,0.0726042770437507
67077,0.39368988368480984
67078,-0.19404807236061936
67080,0.2889914887844056
67082,-0.3297064132132345
67085,-0.07544576570063238
67087,-0.1442748303928228
67088,-0.458288030541328
67089,-0.28008924804839197
67091,-0.09842469314610088
67092,0.0942324853160912
67095,0.17094331059091106
67096,0.08388068618709653
67097,-0.18698933035405468
67099,-0.1768829731392577
67102,0.1442349196368414
67103,-0.15943543677640948
67105,-0.3719585853567111
67106,-0.2296935092871802
67109,-0.11678655546688928
67111,-0.07731855838581933
67112,-0.20753397490300757
67115,-0.0454407301809214
67117,-0.09778511202010044
67118,0.00298309919714221
67119,0.03043610572386346
67120,0.0614059622669359
67121,-0.45222621405637087
67122,-0.5390556336998323
67123,0.05758906160594829
67128,-0.12157929650457902
67130,-0.1130761209910347
67133,0.27832831007853853
67134,-0.04489885068967116
67136,-0.12839495538764673
67138,-0.12116339169669388
67139,-0.00960869661933576
67141,-0.12972222792337462
67143,0.067126004956286775
67145,-0.01869549512619069
67149,0.07155195718582949
67150,-0.01101036371947533
67151,-0.0767272246935845
67153,-0.1835985472195434
67154,0.07571614905983817
67155,-0.09211166516875596
67157,-0.4477165556539785
67160,-0.09965136704700028
67161,-0.1570837088422773
67163,0.06266307344146249
67164,-0.3384598480844846
67166,0.06249835782227891
67171,0.02629519688733427
67177,-0.07048225352992102
67178,-0.121399539717913
67180,-0.07656178412655296
67181,0.02403281345992849
67182,0.02404510070420646
67184,-0.04523679535958731
67186,-0.04181664034014026
67187,0.26099005534447367
67196,0.34029994779658956
67197,-0.34807001505346113
67198,0.4151712000584642
67199,-0.17300081804673076
67200,-0.17837284222241037
67201,-0.18850954849333673
67203,-0.02750586936290054
67204,-0.10595413491284392
67205,-0.2176721400311542
67207,-0.1296608847776936
67210,0.10731006950342992
67211,-0.18651916797934576
67212,-0.12133722130229233
67213,0.03115033256249438
67216,0.3328994985342032
67217,-0.7936460637090443
67219,-0.01930598482714499
67220,-0.03051146225728902
67222,-0.07195653211977451
67223,-0.130972192572711
67224,-0.05848541564988709
67225,-0.12021942611975717
67226,0.08342463631659212
67228,0.0126361336490745
67229,-0.12235704147571136
67230,-0.03294314815878706
67231,0.05574955934989267
67235,-0.00976033322143013
67236,0.09165704184813292
67238,-0.01668066337510742
67239,-0.19878746536330633
67241,-0.04583850737230732
67245,-0.10382913180642749
67246,0.15604944857884742
67247,-0.08318971729152079
67248,0.00380252786094015
67249,-0.3576615369003419
67252,-0.12577862031863135
67254,-0.20239737055120743
67255,-0.40365903638495376
67263,-0.093151130565507
67264,-0.02496642356726094
67266,-0.21253111061401803
67267,-0.03036037778629294
67268,0.04942109489221474
67269,0.04015670533424431
67270,-0.05684964794122368
67272,-0.0064008490317706
67273,-0.0028583190422161
67276,-0.08376758438337488
67278,-0.09438204515731367
67279,-0.19476921442470907
67282,-0.1854133828220783
67283,-0.08306325648185034
67285,0.21031401668156652
67287,-0.09876195656622792
67288,0.06843449879745711
67290,-0.19693260932009315
67291,-0.00905085496474656
67292,0.01376001210620116
67295,-0.13602146375686844
67296,0.07714515623748773
67298,-0.01759058341689525
67299,0.16601932272838443
67300,0.01937599528747907
67302,0.2828629798302906
67305,-0.413389494523071
67306,0.02844805713382967
67308,-0.1007233953323073
67311,-0.4326124184488071
67313,0.6100167808045693
67317,0.5401669698796169
67326,0.07782720955613687
67328,0.1850900356331547
67331,0.9015312605256264
67332,0.03719988869782797
67333,-0.3336625789059684
67337,-0.05150754643061689
67338,0.07002923196267799
67341,-0.28579297822670263
67343,0.2100199587019365
67344,-0.1707733872434151
67345,-0.02513355669756944
67356,0.9163843939369052
67358,0.48748600042131096
67365,0.34098504181870837
67367,-0.13442257821971926
67369,-0.0414034355506489
67370,-0.40284153972594594
67371,-0.25885210251283564
67373,-0.23936022751718616
67374,0.08773981471568558
67375,-0.00400023000978926
67378,-1.0918178649763912
67379,-0.02226822381578313
67381,-0.0800166891283318
67382,0.18511544174184716
67383,-0.12316940697955486
67384,-0.2138236374430496
67387,-0.12084054604011404
67388,-0.00552169688306193
67389,-0.18955858119232993
67390,-0.10250661671179516
67391,-0.01696568658538504
67392,-0.0945548176566999
67393,-0.0552120111656736
67397,-0.09209837419722278
67398,0.03425741512347864
67399,0.1890922440035427
67402,-0.133742879911466
67414,-0.14196315171482332
67416,-0.08342447505568291
67417,-0.40572096770409793
67418,0.05242694499261752
67419,0.33585505399850796
67420,-0.3710325190926065
67422,0.11033181854582368
67425,0.6545812747454366
67426,0.0337929833205455
67429,-0.30100441797785
67430,0.2684156688360939
67432,0.1976493978530895
67433,-0.16790266380929894
67434,0.09992329666074697
67437,0.01892442981067722
67439,0.09916358339014704
67440,0.08632713129337552
67443,0.00560415700877333
67444,-0.04216815685644108
67445,-0.00695717253482935
67446,-0.15265278633145085
67448,-0.7564328185210962
67451,0.23341086176954948
67452,0.1185597460509294
67453,-0.08871808807724163
67454,-0.0970239502048631
67455,0.21464778674626053
67456,-0.05566435155478043
67457,0.03928602405700159
67458,0.16706066814404022
67459,0.323315846850446
67460,-0.11991141096238134
67463,-0.05510214727243408
67465,0.08375457917940349
67466,0.02558406336678331
67467,0.02965863992735259
67468,0.13761028853339996
67469,-0.07754155361180086
67470,0.21706092589411685
67471,0.06206125100793448
67472,-0.1514561846209868
67473,-0.23964732119984208
67474,0.10452093634357008
67475,-0.04995506070869134
67477,-0.6545058707283087
67480,0.06548688921508133
67483,0.5128891170198514
67484,0.952355518689863
67486,0.03565976919749168
67487,-0.05601070870218231
67489,-0.12085153222493468
67490,-0.07843352535828185
67492,0.32691006175130183
67493,0.06309507375639381
67495,0.292270841927733
67498,0.02507993779383106
67500,0.03927127417005947
67504,-0.3526975028256903
67507,-0.27579463360213746
67509,-0.7405792504821784
67510,-0.4922699415725416
67511,0.04321959881811198
67512,-0.10756658821423082
67513,0.02540090967421374
67515,-0.00536108212861246
67516,-0.2225753250692636
67525,0.26598690965316296
67526,0.12498236820701696
67528,-0.07029162505722258
67529,0.04288818484963743
67530,-0.18795694693310844
67533,0.19782396980355155
67534,0.24975276626198883
67537,-0.10947817008651604
67538,-0.09270431419170638
67544,-0.4657811599155457
67547,-0.20122861493226177
67553,0.0863147430182716
67554,0.35034465579808327
67556,-0.1799117381440946
67561,-0.01295492014258035
67563,3.060517224520522e-4
67564,-0.6728857550695864
67568,0.3217126497090668
67569,0.15978844948712684
67573,0.06825529579216841
67578,0.09638019534577812
67579,0.5308047240243465
67580,-0.07854416983727691
67586,-0.03822923544437652
67588,-0.20657030040672256
67590,-0.6370046678027304
67591,-0.21414603258131232
67592,-0.25822312771917494
67596,-0.0015612620728168
67602,-0.3799268619322861
67603,0.02218132131266033
67604,-0.25692749235036727
67605,-0.31685303812852006
67606,-1.073381264602777
67608,-0.1262453453197231
67609,0.05949400936110092
67610,0.07829474065775727
67615,0.08332905383521616
67618,-0.09646077065528176
67619,-0.24853875739565712
67620,-0.01145322791585308
67621,-0.09315548782236346
67622,-0.04905423967677354
67623,0.14703580765016735
67628,0.04090619537338542
67629,-0.3285454192323256
67630,0.33985509854190804
67634,0.3611348457063787
67636,-0.2570930111240717
67645,-0.2621190626895402
67646,-0.3477601567482677
67647,0.3662397292277453
67652,-0.6599640833040089
67655,-0.02943796521887284
67657,-0.2983023358966452
67661,0.437788697640168
67663,0.1453311404398668
67665,-0.00568791135972104
67666,0.2710551978182143
67667,0.15312757091954793
67669,-0.07686341417977169
67671,0.01858619148001605
67673,0.06233848043439286
67674,-0.07996677768703177
67675,0.00212375443469806
67676,-0.11794864928695052
67678,-0.01385254518737753
67680,-0.10212129344791648
67681,-0.2632004810397387
67683,-0.05928321630685308
67684,-0.02237652365215628
67685,-0.2398117185827094
67687,0.27663622097615603
67689,0.08796024781423718
67690,0.09156307616433186
67694,0.12914286560190633
67698,-0.2625534085265342
67701,0.02243772489118414
67702,0.01929610251707744
67703,0.29142069164925205
67706,0.00850688525766863
67707,-0.08598309641618194
67709,0.29246758494609054
67710,-0.11370034442431898
67711,-0.16944622721836905
67712,0.1310486184867941
67717,0.4686413752407544
67719,0.05018113316250135
67724,-0.25761407362632427
67725,-0.07917441265813924
67726,-0.03502785321523508
67727,0.03795598666774202
67728,-0.04506168360705646
67729,-0.1678557162435097
67731,-0.031936089076655
67732,-0.06152345868459716
67733,-0.1570146043931982
67736,0.24616174764593876
67738,-0.16134268255314105
67739,0.0944512725625258
67742,-0.12250902367764398
67747,-0.13849638475273388
67749,-0.9386123689642408
67750,0.17720393531905637
67752,-0.09742778399785622
67753,0.16792376537751774
67755,-0.16171314864060485
67758,0.25683156905399734
67759,0.01363614389591222
67760,0.07405966677137805
67763,0.02006978602987351
67767,-0.10025993210514007
67768,0.1723464799829652
67769,-0.23910506980945345
67770,-0.10326530181741932
67771,0.02609967475908454
67772,-0.01071236802245224
67773,-0.08809760361868306
67774,-0.12327075211395128
67775,-0.08952310787560669
67776,0.3076004594208902
67778,-0.05759659481766271
67781,-0.02775031146029968
67784,0.07140645787041741
67785,0.12791760222974496
67789,-0.08962998950517896
67790,0.06694360657461061
67792,-0.31282071197305167
67795,-0.2829096916327868
67800,0.05601756567895157
67801,-0.33132542030294576
67803,0.00811411079212184
67804,-0.09131001283238874
67808,0.02256949082034415
67809,-0.491579598023261
67811,-0.03695726277974434
67812,-0.23466680933326844
67815,-0.1247154505163539
67819,0.11842067112206504
67821,-0.13360928751569848
67824,-0.100145145266374
67826,0.10012425217865892
67830,-0.10665475926247944
67832,-0.07565025088669688
67834,-0.0635729156161231
67836,-0.3380830606084719
67838,0.03143808237349919
67839,0.01345423227917404
67840,-0.0827424407817342
67841,-0.01015735566607701
67842,-0.11817522512012556
67843,0.00605998277165239
67844,0.02691047775948279
67845,0.03513567642402403
67846,-0.4942570091282803
67848,-0.06120433846954027
67849,-0.04310322015404241
67851,-0.07463472235353139
67854,0.4116464958572188
67855,0.2460925501815349
67856,-0.2412106180981415
67857,-0.03587233075033265
67859,0.11848118683999902
67860,-0.208935870181371
67862,0.15090325943110178
67863,-0.06040838784216478
67864,0.08042702726917728
67865,0.00510441188431873
67866,-0.4056122584135271
67867,-0.01603443174798721
67868,0.2600191517560121
67869,-0.0288357799859098
67870,-0.21336259782905695
67871,-0.2124407749797128
67872,-0.1937713131566304
67873,4.5517619332268583e-4
67874,0.04118380955310785
67876,0.08673155376915688
67877,-0.24965037826878744
67878,-0.3691492544647766
67880,-0.03692841186334928
67881,-0.27480156136097755
67883,0.01519764279500275
67884,-0.24716920765027137
67886,0.3371825840963749
67887,-0.03452071152028622
67888,0.13723868944569145
67889,0.05297657757948011
67890,-0.15755000271304553
67892,-0.4506978677111059
67893,-0.2494461100194426
67894,0.08575277638120903
67895,0.02936088413898464
67896,-2.7087623648582027e-4
67897,0.03213650312537466
67898,-0.00878724887519604
67899,-0.25655546284383834
67900,0.22162059443832316
67902,-0.143322341601989
67903,0.1777028317648933
67905,-0.1190260907722539
67909,-0.01504604254998354
67911,-0.34716399910864487
67912,-0.20906036960625807
67914,-0.566518731153452
67916,-0.1449032638897592
67917,-0.6019789047693168
67920,0.05258938976360039
67921,0.04658792003977975
67922,0.01250179104874384
67923,-0.01199225900630505
67926,0.3610336868281102
67929,0.0267897767235456
67933,-0.24939959799794076
67935,0.5482518419549298
67936,-0.12763246131385023
67937,0.01509031244362962
67938,0.10594261516497652
67941,-0.16916182583380474
67942,-0.08711179020090123
67943,-0.11962563327117524
67944,0.24052036034293936
67946,-0.1804489273242873
67948,-0.02927314454500973
67949,-0.0819013208620293
67951,-0.04839918064511529
67952,-0.2041967008210125
67955,-0.05689785788929255
67956,0.20516039730283003
67958,-0.1874352017878733
67959,0.08721517764849634
67963,-0.1944969167039892
67966,-0.32784862554716176
67967,-0.00559193181904176
67968,-0.38548708051944425
67971,-0.03894767492045034
67972,0.23557331080717148
67973,-0.06125870442079233
67974,0.5633306130141789
67976,-0.06439415879003242
67978,-0.2956853285565026
67979,-0.13205300904420889
67980,-0.26984111792925886
67981,0.5086612598211833
67983,-0.01666515796395468
67988,-0.05077907455862891
67991,0.37745555501840544
67993,-0.34300785311769405
67994,-0.3824976279907756
67996,-0.10411378843798248
67997,0.04930605285413377
67998,0.21381228122540563
68001,-0.09077274697310944
68002,-0.23134051671654016
68011,-0.06273156903780389
68014,-0.06577764170745512
68015,-0.1469443416470294
68016,-0.4123035055179126
68017,-0.5443597819201597
68018,0.3982632586950666
68020,-0.05748339258232318
68021,-0.07466491886767784
68023,-0.13000801526432976
68026,0.08433870956605524
68027,0.3690416470417884
68028,-0.15835811625330287
68031,0.2683180293029872
68032,-0.17784964167406725
68033,-0.0622418734958302
68034,0.073216435854727
68035,0.04737845657292382
68036,-0.09670965978708598
68038,-0.13935951980280595
68039,-0.12735159415675676
68040,-0.11517972266455942
68041,0.1641133204076211
68043,-0.06652041154158692
68044,-0.11220070458315404
68045,-0.05229689679482514
68047,-0.00798659578016108
68048,-0.04875210526307173
68050,0.03557444748658396
68052,-0.03733003057124505
68053,-0.3588138813821452
68054,-0.0615777354081347
68055,0.10299231683846996
68058,0.03491448228209183
68059,-0.04235123288582589
68066,0.11900590377813186
68067,0.14816986973846652
68070,-0.5877552605988581
68073,-0.0984922780247641
68075,-0.41752256011571864
68077,-0.1594994686075472
68079,-0.13874923250639165
68080,-0.37539386389564466
68082,0.1358205204935255
68090,-0.1348489330380871
68092,0.20030899875011396
68094,0.4852366125003495
68097,0.13589325513430156
68098,-0.0419734504459055
68099,-0.4340124239342226
68106,-0.28139817687614865
68107,0.25394567063475487
68112,0.05456545477411949
68114,-0.10853740007692324
68115,-0.12587512458675687
68117,-0.4242136858698677
68118,-0.03216860265709372
68119,-0.1762214046072902
68121,-0.10570446222837356
68126,-0.11848609888900263
68133,-0.08371698610119953
68134,-0.22325900656078496
68135,-0.02508962725888026
68137,0.0719856781142506
68140,-0.06037574748705886
68142,0.08003072430381933
68145,-0.16758249221167354
68146,-0.14853084964141072
68147,0.0466033037654208
68149,0.0929334076458096
68151,-0.06629937705621182
68152,0.07613437127019468
68153,0.10855944241501105
68159,0.3011486347026972
68165,-0.03609412300768257
68166,0.2313650887491987
68169,0.04111036992899571
68170,-0.2584988707225315
68172,-0.38338285054215593
68176,0.645069499223563
68177,-0.13247052898749934
68178,-0.3254752371003316
68183,-0.00380269293590243
68184,0.00914403296959431
68185,-0.11169435234668676
68187,-0.8961098034601578
68188,0.11474036869908086
68192,0.19729660671745103
68196,0.08653369548258756
68198,-0.16753052557271542
68201,-0.03466029625532953
68202,-0.1344233624733853
68203,0.2528738051227291
68205,-0.06879818010841882
68209,-0.07689879027001362
68212,-0.02666856940582931
68214,-0.08501235205053069
68215,-0.25642777394000255
68219,-0.09304427233448354
68222,-0.6732431553618422
68223,-0.00539772010934655
68226,-0.2071971875277041
68229,-0.1790043740279494
68233,0.12733102614828412
68236,-0.05323508645679957
68240,-0.3372405227628772
68241,-0.1497415317776014
68243,0.447560354406197
68250,-0.07603274042687849
68251,-0.03812563150052522
68255,-0.06455026579990267
68259,-0.12265857914742562
68260,-0.23094306509176887
68262,-0.06724729190033715
68263,-0.16444978666184124
68267,-0.1252542768689392
68268,0.01071643215863433
68270,0.1429280926025711
68273,-0.15040073144360008
68275,-0.0959330189070276
68276,-0.4879059125681656
68277,-0.23131383218922005
68278,-0.07319631920189139
68279,-0.00715397168707241
68281,-0.05897410751455415
68283,0.07044776624285912
68291,0.06388050241022623
68292,0.11966797163267907
68294,-0.15637745787069496
68295,-0.04394176587845756
68299,-0.13880197489131005
68303,-0.514060045763078
68304,-1.3558087359034623
68307,0.67493246637451
68310,-0.03952451331662387
68311,0.27286766198610857
68312,0.46604854091015224
68316,0.22251104132205884
68323,-0.18655005586580453
68327,-0.0348474907333814
68328,0.531909472125011
68332,-0.17544973192373642
68337,-0.1009744355899702
68338,-0.6829854207036896
68339,0.07513171576603138
68342,-0.05008582238905685
68344,0.08238890134855542
68346,-0.08501795751278708
68347,-0.10773522216540528
68349,-0.04725972030720361
68350,-0.1036425586985065
68352,-0.05760051811764974
68364,0.07932650314184302
68365,-0.09943629079670512
68366,-0.15594028112607858
68375,-0.2716301618038038
68379,0.17417501315619258
68385,0.23419753560462095
68393,0.4892368277643178
68396,0.04612212998371311
68401,-0.00836492097563683
68404,-0.29757924876975916
68416,0.10223520249856992
68420,0.02108765996893259
68421,0.09453076693629132
68423,0.11662353596699028
68427,-0.14488866473205464
68428,0.15253812216144452
68431,0.1281525797301599
68440,0.10515397296959964
68441,0.11280732197053184
68453,0.4051419061389588
68460,0.1259979918089669
68463,-0.01815882967501875
68465,0.01902022490012745
68468,0.12503253130694797
68472,-0.18506897499483763
68473,-0.21194403960516092
68475,-0.06506477301577177
68477,0.3595996234839705
68479,0.05924493450933658
68480,0.14608017848544047
68481,-0.42526393682122904
68487,0.15058524360663783
68490,0.05908360416606902
68493,-0.15349302876887352
68497,-0.04210349876538123
68498,-0.64488001525821
68499,-0.2501283503056752
68501,-0.02779104855734161
68505,0.18116250667953493
68509,0.5233168892075996
68510,0.12391742938771212
68515,0.1528038244473575
68519,-0.04372473103649882
68520,0.03604135116030095
68521,0.00149145703607087
68523,-0.07382936787968757
68524,0.11438669054685537
68525,0.04946791794765654
68526,-0.08542421606714881
68527,-0.16912406890330078
68533,0.02654954556449795
68537,-0.12952709896477366
68539,-0.06641238912016187
68544,0.0911633904805155
68545,-0.6088821426430855
68550,-0.6409321696009335
68552,-0.09971457255791484
68556,-0.1696238024169135
68558,-0.14951648653762373
68559,-0.0785996261866399
68563,-0.11874054838606812
68564,0.0992487331613833
68565,0.00246685661187036
68566,0.3024592509498858
68567,0.16650521888400033
68572,-0.06638793655149747
68576,-0.06470666612138701
68585,0.14537086501494942
68588,0.29239729669139125
68591,0.2446192715889225
68592,-0.05308244365718122
68597,0.07090476893154082
68598,-0.03133807772112954
68603,-0.08270062111350725
68606,0.00935720442101747
68607,-0.1471907660409279
68611,-0.01426048582900409
68612,0.17667273777707937
68614,-0.03835647415350403
68616,-0.6485946652958441
68617,-0.2119186500256302
68625,0.1449387516603306
68626,0.04036752031548629
68628,-0.06078066623819262
68631,-0.04975625109247925
68632,0.23246280841867825
68634,-0.21739375014969453
68636,0.18044930148717991
68642,-0.0300120728102097
68644,-0.16076010946443084
68646,-3.5079350964245526e-4
68652,0.05894625155823731
68653,0.0990923849627381
68655,0.29715783129928863
68659,0.10349916494855152
68662,-0.11941899321336968
68666,-0.13339313875993572
68667,-0.1842446670931309
68668,0.04997647129562823
68671,-0.01560943042628116
68675,-0.02602509914314408
68678,0.4611024136334828
68680,0.08467544110209375
68682,-0.00363984494172511
68691,-0.0126188948608626
68693,0.04309032152403985
68701,0.1777244179407314
68703,0.5301462708510623
68705,-0.02291459987297799
68709,0.05729337277142408
68713,0.08103920635762227
68718,-0.12613454341961006
68721,0.02648638692030371
68723,0.6386557347532086
68724,-0.07128504163449773
68725,-0.496964790275215
68728,0.13020831073799355
68729,0.5040297149319523
68730,-0.0333350359783569
68731,-0.18790912858633851
68732,-0.14887609798127138
68734,-0.2451341029731511
68735,-0.17369925549333248
68736,-0.4970133624932007
68737,-0.08757206584355376
68738,-0.07668709068929605
68742,-0.2002354843735266
68743,-0.06435480440769922
68750,-0.10114285904357072
68753,-0.13041326403417863
68755,-0.29331443881686814
68758,-0.01989267663991196
68760,-0.04520255906040581
68764,0.08687892553136152
68770,0.08299329182463805
68774,-0.02265824393075321
68776,-0.18805894892447816
68778,-0.00244702769880132
68792,-0.03653702986279662
68794,-0.1050601373464778
68795,-0.32569325382013903
68796,-0.02370015257341269
68797,0.5035459127149108
68799,0.2100640414097347
68800,0.04307773352388391
68801,-0.07714561013763654
68802,0.24737357438252544
68810,-0.00675607405642733
68813,0.43351851817116566
68815,-0.0644048748275414
68816,-0.30549955894001246
68818,-0.03487802715135034
68828,-0.05824405073967408
68832,-0.01866664938241965
68833,-0.4406021456533378
68836,-0.08885995476695578
68837,-0.10270264775487922
68839,-0.14895941423115067
68842,-0.09796532230863568
68845,-0.10641333527594772
68846,0.04444150931781068
68854,-0.6108806020593962
68857,0.2737125367312483
68859,0.12417685569335384
68861,-0.11612115587064266
68865,-0.376904006705204
68867,-0.31632835147914307
68874,-0.4283692831661863
68875,0.24141721685606005
68876,-0.2309141593131869
68877,0.00464297894751826
68879,0.12000878727965388
68889,-0.00499261052415929
68891,0.17419307839236353
68895,0.2837113154540008
68897,-0.133222368327763
68904,0.1053930552024034
68910,0.02392069440360119
68911,-0.03349513308457893
68915,0.17162631870075623
68916,-0.00498159357101374
68917,-0.188559397207622
68918,0.02378756042736896
68922,-0.08180594240446737
68925,-0.00215079511829884
68926,0.04918673888118432
68929,0.08823304994066497
68938,0.04850369837852616
68939,-0.49721272643382475
68942,-0.0124934764112523
68943,0.01728195576448225
68944,-0.07717518799612808
68947,0.7790677328042044
68948,-0.26603868184993795
68952,0.07462928646146161
68953,0.08097799529745273
68955,0.1756061397476837
68957,-0.13235958116899513
68961,-0.03398264332599271
68964,-0.055082397019393
68966,-0.0557283260760457
68968,0.06344227999811958
68969,-0.02321821802106617
68970,0.16552825354426826
68971,0.8264201161716287
68972,0.01973694392878651
68975,-0.29259238701563595
68977,0.00375171906423479
68979,-0.09377918235814156
68980,-0.0476524749628359
68981,-0.19757583653689037
68988,-0.02110860457819791
68991,-0.09962834311415482
68992,-0.0946113309005308
68995,-0.16664341561299237
69008,-0.11542562296125693
69009,-0.07357696009614496
69010,0.05815467632460189
69017,-0.16298358550424974
69019,-0.0396749790989386
69020,-0.08258955389195839
69024,0.1578986974966886
69028,-0.14577886891061712
69029,0.06194632444822796
69032,0.1326925976521703
69034,-0.13338075610453787
69035,-0.26636856250286656
69038,-0.06720860279506538
69046,0.07844319495268666
69047,0.10534860265833172
69048,-0.3005997588588716
69051,-0.0898873352071507
69053,-0.2286549377425346
69060,0.26234894395992026
69064,0.23154090916091608
69065,0.1519854957746919
69068,-0.22054819721414737
69069,-0.04910468844933766
69071,0.02593514968800057
69072,-0.05791233145923887
69073,0.13606953813068284
69076,0.07447267491398435
69077,0.08501690374240499
69080,-0.03453148676112585
69082,-0.03307245127723796
69083,0.0958363827511902
69085,-0.01711382469646965
69089,-0.09775672729752602
69090,-0.35023242148784084
69091,0.1022132013228976
69094,-0.11306569282138582
69097,-0.1674651128831358
69101,-0.00112063401560486
69104,0.15277338657071846
69106,-0.1465425609401892
69109,-0.14278927098617908
69113,-0.03093815702201375
69116,0.21703805885904037
69121,0.4202272682315414
69125,0.015557171892538
69126,-0.11979323183186892
69129,0.23881989823305383
69131,0.22222561058311083
69136,-0.0879062785264028
69137,-0.131439494715488
69146,-0.0432938468238906
69149,-0.06274005672024119
69151,-0.4942891460089645
69155,0.16609888892778218
69156,0.08404216684980081
69159,-0.1025183765567972
69161,-0.06421232494648382
69162,0.09462085764803475
69163,-0.22396322957437612
69168,-0.1901783864563519
69171,0.01945769765066162
69178,-0.08824281179130765
69181,-0.1317476511530735
69185,-0.17559202258160408
69186,0.06111251536368985
69187,0.05640390051485276
69188,0.1345206536511478
69189,0.07364228852085455
69190,0.35400409747026546
69191,0.12320125987102729
69195,0.06107915471807765
69202,-0.07013099356037997
69207,0.0864082067807741
69215,-0.05767476682343342
69216,-0.13697946828932384
69217,0.2026861358369168
69219,5.39579653441629e-4
69225,0.0307729815641219
69226,0.9495227137499715
69228,-0.00301818593850313
69232,0.11957798055580396
69234,-0.04873816566702298
69237,-0.11504225124994744
69241,0.03196009847956862
69253,-0.1037112998440906
69256,-0.3334396585441054
69257,-0.04251797325701711
69259,-0.1840505817878003
69260,-0.4645131947728404
69263,-0.26421765224076615
69270,-0.25940621449082557
69274,0.4765985885351285
69276,-0.00853900073018295
69281,0.49025402123683026
69287,0.1852215455628445
69288,-0.1849186364152097
69297,0.32169026618455543
69299,0.31313587670997756
69305,-0.16861649862985975
69306,-0.14452961318802782
69309,-0.10918371985899564
69310,-0.25987594767319466
69312,-0.425526111841437
69317,-0.4304533570846947
69327,0.10786254470969764
69329,0.11524988347699124
69332,0.17142243839498916
69339,-0.132649347071217
69349,-0.02187005647024941
69351,0.3974555234520537
69352,0.4197853886560756
69354,0.02958114830839375
69363,0.15088479880124722
69364,-0.07690378420421352
69367,-0.3069689211857916
69368,-0.1001525992015487
69371,-0.4742393350227521
69376,-0.3101558866215821
69379,0.14558327486592731
69384,0.17826441350362335
69387,-1.0325123923332815
69389,-0.13619969217822864
69398,-0.1230750623139896
69399,0.09245073128089376
69401,-0.2673593279091685
69428,-0.035739745890125
69440,-0.3115931481613661
69444,-0.24890132708223267
69453,-0.255629453109494
69454,0.49226040774502455
69456,-0.07721609140133867
69459,0.24236113212906432
69469,-0.47027550198163925
69470,0.01733020888186446
69473,0.8602988198628732
69478,-0.2581914672198198
69479,0.45054375889140696
69480,-0.2378753036207537
69481,0.03921427066383277
69482,-0.12040351527032936
69487,-0.01077305241208884
69496,0.0176415073050141
69499,-0.20664907761756007
69511,0.5273151255109256
69519,0.2573834705110186
69527,-0.07155900768909756
69528,-0.09435103242666916
69533,0.3080440907491361
69534,-0.13658247552769048
69535,-0.13809939657617973
69536,0.3068352435311381
69537,0.0383322507497862
69538,0.03600060855316566
69539,0.0968037609721696
69540,-0.5146464772361686
69541,-0.3110804052824846
69542,-0.4672078821444816
69543,0.400210790927114
69544,-0.3344521389989596
69547,0.6253918949569455
69549,-0.2931294293960517
69550,0.03300795944210314
69551,0.48214551248402127
69553,0.6815774435121633
69554,-0.0141595992469107
69556,-0.11429503056269671
69562,-0.02564183912517628
69564,-0.2761254829025296
69568,0.09091391580892932
69572,-0.27571484454448175
69573,-0.44297708198708585
69574,-0.5687774500872587
69576,0.00434406867167211
69577,-0.31011836389171343
69582,-0.04229381134606561
69583,0.00304995567513924
69587,-0.4252013658851614
69590,-0.18013975067716012
69592,0.3447016985645053
69596,-0.06172926735581691
69597,3.25496577692333e-4
69601,0.15090826405980662
69602,0.0565810351723608
69605,-0.10342655928314172
69606,-0.23089989623228244
69608,-0.2164206260719113
69612,-0.14877086823215202
69617,-0.02599959600029386
69627,-0.28572807211395174
69632,0.6085532967482254
69634,-0.5693549416251845
69635,0.40520862008501146
69638,-0.14236762321432356
69639,-0.0515285031371305
69640,0.06087027514796182
69641,-0.03584014304550095
69642,-0.237870780090334
69654,-0.04634299431309606
69655,0.3315015916889995
69656,0.2993187788310865
69660,0.2914288474531961
69662,0.15861467094911086
69663,-0.01487714316289733
69666,-0.053060866811752
69671,-0.675004117306915
69672,-0.08362565278493157
69674,-0.06636037477367439
69675,-0.45786417791777473
69677,0.3964351575656082
69683,-0.00724748159509179
69692,-0.1944084906088973
69693,-0.05579486258241359
69694,-0.01152075087074944
69697,0.00464232743540543
69698,-0.2783482576110452
69700,-0.39647989851876786
69702,-0.17305489439760396
69706,-0.06134728145493623
69707,0.0338029625348378
69710,0.1330125310711351
69714,-0.07659452548572099
69716,-0.49677601384068576
69718,0.09586129441218648
69719,-0.35232655117163075
69721,-0.01859823123257564
69723,-0.17103637611160205
69724,0.06886856234682753
69726,0.13505572424562207
69727,0.33020521124981284
69731,-0.02616779754148677
69736,-0.1871453406571345
69737,0.10245548738949078
69740,-0.1154414056654629
69742,0.2130068985848093
69743,9.760272104915312e-4
69745,-0.24006951924247188
69747,-0.1960592144860001
69748,-0.04774458537396113
69752,-0.09367450094418248
69754,-0.03632130888826457
69757,0.08314428923137024
69769,-0.00599690116095819
69770,0.01793941359151036
69772,-0.2679610722993123
69773,-0.20634759856687349
69780,0.06771487454211864
69784,-0.3782791456842
69786,0.0507812826766733
69790,-0.14082440228121818
69792,-0.05411017977050961
69802,-0.17323302385654168
69804,-0.05542992869215038
69806,-0.1677168140559367
69807,-0.19182877992489625
69809,0.1442653334099381
69815,-0.1541862677387928
69816,-0.16379392747593396
69821,-0.03745761652893688
69823,0.00951888436854109
69824,-0.12706341465341284
69826,0.37189257724563585
69833,-0.05297382597911791
69834,-0.06325037322293173
69836,0.4208440549413304
69837,-0.1814597895777698
69847,0.6760288493032796
69852,0.03357960614746159
69860,-0.04626144701663953
69861,0.4127582874827827
69863,0.07337032424056257
69865,0.3174407909596367
69870,-0.10029674207179806
69876,0.00710794960500109
69878,-0.11908094153831024
69882,0.12008050997946598
69885,0.8599571768730145
69890,-0.02510385744777013
69893,-0.6431061637137424
69900,-0.20210446172610713
69906,0.2874699833939942
69908,-0.16825594594117307
69912,-0.2284921372206792
69917,-0.01188109339086454
69920,-0.04545299096067345
69922,0.03041270647946468
69923,-0.37028887757448914
69926,0.29754030118739627
69928,0.19661314445733133
69934,0.13753105384058628
69938,-0.6790307579657324
69940,-0.04464126709709802
69942,-0.2779870498384447
69955,-0.03260356427643092
69956,-0.01977304182132235
69957,-0.11781453325791574
69961,-0.12642935065847402
69962,0.07143259240203935
69976,-0.20634173757104865
69981,-0.20115859618860948
69982,-0.08129914272082016
69983,-0.24904395936034757
69987,-0.0644046525562188
69993,0.01059177850962898
70008,-0.2781931945414138
70012,-0.18921357972945765
70020,-0.21789988541963248
70024,0.1881728194943401
70026,0.0914830904232861
70028,0.2513531868547292
70031,-0.4837039606799334
70044,-0.05050019986882562
70047,-0.17795596338039937
70052,0.07756055897760769
70054,0.2851071238008057
70059,-0.00919640249811094
70060,0.6325311350925105
70061,-0.5479710823672833
70069,-0.4492373586019158
70078,-0.25373177478128084
70080,-0.1643726706882837
70082,-0.32283981420665897
70083,-0.20834362160874617
70086,0.4214834856103839
70088,-0.10297017556130653
70093,-0.01903105271936013
70097,-0.2358159690739168
70099,-0.07488023796495302
70103,0.04338958907242206
70110,-0.09974917927537016
70113,-0.6589844765443156
70118,-0.08816041452103021
70120,-0.07589093211653268
70122,0.2467135617592879
70127,0.5829780827055624
70129,-0.6234769091109991
70144,-0.3814402059975533
70152,0.1212181587435434
70153,-0.2088353431784171
70155,0.14524282923847767
70160,-0.05646570828548865
70166,-0.266400011355397
70178,0.06800064945329823
70186,-0.1901717554844619
70207,-0.15936943136795345
70208,-0.10055209317371729
70209,0.03071386925643245
70223,0.07630999238847955
70225,0.00914392275028435
70231,0.2116942118574953
70233,0.03477351581088193
70235,-0.08250767700179631
70237,-0.07109734474772936
70238,-0.06522687704632874
70239,-0.0602979479793151
70240,0.3425033931991426
70248,0.07428639802225187
70257,-0.07863349793062366
70266,-0.09815786434801832
70285,-0.08657770949016652
70291,-1.3418945763458403
70294,0.06094320634444961
70296,0.08752352335998916
70297,-0.1638253272248195
70300,0.20553569212202805
70310,0.09788499126182332
70312,-0.07253347791044576
70314,-0.03882712499273624
70315,-0.17814795962477945
70316,-0.2261774048023823
70317,-0.16644565611035894
70325,-0.5727005719799769
70333,0.07423352944536431
70335,0.14538298101529334
70348,-0.07258478956770542
70349,-0.01125883043701109
70350,0.0545239329221714
70351,0.00629383287702745
70354,0.13983126574082946
70355,-0.06456448158668329
70356,0.06495514806733961
70357,-0.23891554387173417
70358,0.22453594381637904
70359,0.02396489510276633
70361,0.11113717123656632
70362,0.42905232008742233
70363,0.4034715697048495
70369,-0.21402087090838923
70370,-0.15414685752274387
70373,-0.13327538830438482
70375,-0.05704135087918961
70380,0.13970533976768895
70382,-0.12269983973812376
70383,-0.2009156341330585
70385,0.1259079752773067
70387,0.09076784265396604
70394,-0.02728374062940743
70396,-0.05003480297012935
70397,-0.15680843218978047
70405,-0.1073762445149247
70408,-0.22883641750972375
70417,0.33105011847940985
70422,-0.30018933136749293
70423,0.18458127835656007
70425,-0.1260631696129086
70426,0.08318340550742237
70427,-0.20666216586660796
70428,0.1503005759378843
70430,-0.19199939623843765
70432,-0.1327217844396751
70433,0.28461243730644514
70435,0.22637213923838684
70439,0.2405213818221072
70445,-0.8203594944433299
70450,0.00802282764525704
70451,-0.2548771030893699
70454,-0.00842209215292793
70456,0.00803514703911314
70461,0.05469967653021131
70465,-0.13108382951405806
70466,0.33820391520817883
70470,0.17675236267916128
70472,0.20149775196822417
70478,0.2606748090108448
70481,0.37222466425322814
70484,0.02209000943682472
70495,0.02355255370372951
70497,-0.01256961394781822
70503,0.786822924694559
70508,0.2169962350709052
70510,-0.06453400848871928
70511,0.03284762488667483
70527,-0.13368300243330689
70530,0.13030111133553637
70533,-0.37116438668509705
70536,-0.16197462228115417
70544,-0.184634216256582
70546,-0.12006417141479332
70549,0.16357936928371575
70551,-0.3700936888082599
70552,-0.08240289868201033
70556,-0.39806396968169255
70560,-0.19953838582641745
70561,-0.12083777345571484
70564,0.1425322574290383
70567,-0.14337633996885038
70568,0.1716038574580277
70571,-0.246148463953002
70572,-0.16674281842024052
70573,-0.28589768171843
70574,-0.13135059681844397
70575,-0.12494932327744912
70579,0.01632712683139785
70584,-0.00952422864107558
70591,-0.16039483000285823
70598,0.08624690314834432
70599,-0.2667951205021701
70601,0.07287757711728501
70603,-0.1469517325621522
70604,0.24956393574571467
70605,-0.0346569609245438
70611,0.1441745498682352
70612,-0.22230406900596128
70615,0.13800640482753276
70616,0.0757887334672787
70617,-0.05721866347721303
70625,-0.01411837096290083
70638,0.10615281199332632
70640,0.5051665545279885
70645,0.2216778795896211
70650,-0.2674503041964093
70652,-0.05278788121144441
70661,0.11494394888849507
70673,-0.05011803359944308
70675,0.03613402366134798
70681,-0.12648376509733056
70683,0.0247610655589123
70686,0.318769717916429
70693,-0.35710432490508887
70699,-0.01834676970916183
70701,-0.2063759997707333
70713,-0.08606639568674859
70717,-0.02162663797584399
70719,0.03977699331337747
70726,-0.30823017323886204
70727,0.161294410347097
70729,0.2407431028744569
70747,0.2540109348481193
70750,-0.09716557673762707
70757,-0.01724984930308433
70762,0.05091330671503889
70767,-0.02393906220487696
70769,0.1802302810959427
70771,0.3249460471489
70779,0.09021037446793076
70784,-0.05595161695143483
70785,0.01929506591140974
70788,-0.31607239757756667
70789,0.11651987597688876
70790,0.10666382601549654
70791,0.01326720147096706
70796,-0.38936720002952896
70797,0.12861717773270245
70799,-0.22381700088263656
70802,-0.17398860520639378
70804,-0.29376052803547026
70807,0.05998546094090458
70810,-0.14688876413760463
70821,-0.10317808748780252
70823,-0.14803875201955796
70827,0.32946356112733755
70829,-0.02500645390941791
70834,-0.27861037453035814
70835,-0.20807531208487395
70840,-1.0573920308761389
70843,-0.2883128333612473
70859,-0.3047056741476681
70864,0.1888728496931572
70873,-0.11034704816227636
70881,-0.29092476374399723
70882,-0.17290429539149643
70884,0.7182821181016766
70885,-0.08895337525900326
70891,0.14608055233270667
70892,0.194291847607006
70893,-0.5476648938238319
70894,0.7222551947107035
70897,-0.5683707247531733
70911,0.25415338374488394
70918,-0.29926353023354046
70920,0.24578251715786617
70925,-0.1640090638003997
70928,0.534971939368378
70930,-0.09820355419190532
70941,0.3196270447345836
70945,0.2026560304426192
70950,0.2755548998901035
70967,0.04242070113575485
70974,0.14883606199304536
70976,0.560469575577476
70977,0.04136639639519019
70979,0.11550600381086082
70984,0.2134687610355684
70989,-0.04027450456288978
70993,-0.5213158343301376
70997,-0.0578496090145794
70998,-0.08980577499056237
70999,-0.24992631588280864
71007,0.02795532811708647
71020,-0.07617574032273028
71037,0.3669168978785037
71041,-0.09258098699988714
71046,0.2415942030046236
71059,0.03289810168635741
71063,0.06438430794608586
71069,0.08526230303461774
71078,0.22754456301331025
71089,-0.14724717795891137
71091,0.10998943547100457
71093,0.8085445639048471
71096,-0.1432021186738487
71099,-0.13023057050888534
71101,-0.08068446061913848
71103,-0.5263246894898153
71111,-0.03862240328537433
71116,-0.02551339165683991
71130,-0.00480101200390429
71131,-0.01329623960399026
71132,0.1930655587834128
71137,-0.01534473572695772
71138,-0.10423865860390066
71145,0.16537669729691576
71146,-0.5216823161973965
71147,-0.04410120446633656
71148,0.1921952128253614
71151,-0.28408718451479387
71156,0.2349705984484176
71164,-0.13470568169579122
71169,0.10992495426068648
71175,0.0075326132895498
71176,-0.3815910826039991
71183,-0.6438060420875573
71198,-0.3103447566796994
71200,-0.8938346342562181
71206,-0.3352212562632162
71207,-0.10146781039190536
71213,-0.3179490908483744
71223,-0.2299821528698146
71228,-0.2431324361083055
71233,-0.01705087887883111
71236,0.8794679438309845
71238,-0.6642724886689275
71240,-0.04794868856244157
71241,-0.5224199942702428
71254,-0.34257445615271676
71263,-0.05622037568374857
71275,-0.10353999283713156
71276,0.1311616097204387
71279,-0.250478803031028
71281,-0.33916284467376734
71287,-0.16386575484206864
71300,-0.26764792581051
71302,-0.21253121478821715
71306,0.3058425288232791
71310,-0.37011179312899584
71313,-0.4124083358124281
71323,0.375589055998524
71325,0.2850772984757998
71326,0.1358184485550144
71330,-0.11879762267788502
71336,-0.17993416036197452
71338,-0.7057667544213859
71340,0.16729016446583544
71345,-0.03512534564724178
71354,0.1534389535234896
71355,0.0903898834334419
71361,0.24305017080364416
71365,0.11137439517600052
71367,0.2457917982254568
71371,0.03009062996801076
71373,0.35155784082775876
71375,0.03509921691319498
71382,-0.41255818811874584
71389,0.3209367917357016
71393,-0.6107472197830411
71398,-0.36835460691296457
71405,0.3828310544314606
71409,-0.16063093424617364
71421,-0.02310899900430387
71435,-0.1151708694894183
71436,0.05412191593251991
71446,0.4280646467714634
71448,-0.03171361115847696
71449,0.11514562804347524
71452,-0.02817044665763754
71458,-0.07711356609265674
71461,0.33601090315944027
71472,0.10704580887319974
71474,-0.220466510976524
71481,0.23671269850883636
71492,-0.3782355130154673
71514,-0.02321297209178444
71517,0.14221630148645795
71519,-0.04598157291730694
71520,-0.06185708582053532
71521,0.2763732597166056
71522,0.35950002283969595
71529,-0.47682188888718463
71532,-0.4922757993471843
71538,0.1894881897101265
71544,-0.14998294012444702
71562,0.06328642462837451
71564,0.16811457845416805
71566,-0.11212337439087391
71567,-0.21238504213595405
71583,-0.668985976603472
71584,0.02819214735410209
71586,0.09969544509794874
71591,-0.17635573496722426
71592,-0.24312887806826175
71597,-0.21753919998806695
71599,0.26803925241151116
71602,0.11584468415626444
71607,-0.05317958790570466
71609,-0.09953922839525386
71617,0.22988302122638568
71619,-0.04524183184001994
71643,0.17008572996296123
71648,0.31393544703617665
71653,0.370923302676583
71660,-0.1900555442816208
71664,0.0814133155619249
71665,-0.09602867912680424
71667,0.05990508182130306
71670,0.36598396387774634
71673,-0.19037896584194272
71675,-0.17912242177860818
71682,-0.47614057869698256
71683,-4.356683590001076e-5
71684,-0.09171372264061868
71685,0.06426056587813864
71687,0.5211875754738821
71690,-0.16385867565486278
71691,0.20132353148273144
71693,-0.39384713527587906
71699,0.01698032007498003
71701,-0.13705592209057216
71702,-0.2103360697960164
71703,-0.3647437821120426
71704,0.02576627620231771
71706,-0.06057636671903153
71707,-0.19339130749251904
71709,-0.30983385380198813
71710,0.09161773976828128
71711,-0.139081467895405
71712,0.01886722536921575
71713,0.17653862918858815
71715,-0.05594112881632714
71718,0.04098071046397038
71720,0.2949441784789089
71721,0.13500490264031695
71722,0.1549567023738029
71723,0.06644401891156757
71726,-0.1978312206824853
71728,0.30009922620216395
71729,0.2796150538372075
71732,0.083816375908841
71733,-0.19251660280931587
71735,0.00905378565264256
71738,-0.35249395570301734
71740,0.2299603418529252
71742,-0.05573655550513892
71743,-0.08414681188447104
71745,0.05312970460282897
71746,-0.6049550154842074
71750,0.14079164904253472
71751,-0.10107494251842387
71752,0.06462628549145517
71753,0.6723897746931529
71755,-0.07630994784796351
71756,0.23356100675691888
71760,-0.19998282459694192
71761,-0.30330982745992213
71764,-0.03942341054013697
71765,0.02878001756692257
71766,-0.09773936824540425
71767,0.02405819232283063
71768,0.04064769233413826
71769,-0.3328938212044698
71770,1.1424578824960268
71772,-0.1626599607679476
71773,0.3015150130117195
71774,-0.1136598899118195
71777,-0.04916622438929743
71778,-0.02211069428748141
71779,0.1865497703811732
71780,0.1048334624416211
71781,-0.0862847642143844
71782,-0.2183227551235745
71785,-0.09920399232053906
71787,-0.1707917081781491
71790,0.10554581668269132
71791,0.20856103730715403
71793,0.06401855407670637
71795,0.07320192081999047
71797,0.8222406732041971
71801,-0.06904133903470171
71803,-0.2908473812872354
71804,8.063992514103363e-5
71805,-0.05960470279212548
71807,-0.05610925788687989
71810,-0.18840826859629828
71816,0.00801860429052205
71817,-0.03255540405539243
71819,-0.3886101466748735
71820,0.05080825711547587
71827,-0.16955626573873084
71829,-0.2257481398857329
71830,-0.5506107040646788
71833,0.18710977331919593
71834,0.01199000495209001
71835,-0.06757326462729321
71836,-0.06914706459509791
71837,-1.1264895274685396
71838,-0.02981960601471079
71839,0.22805351820095557
71840,0.1356212856959692
71843,-0.08003586274140187
71844,-0.14554506477673032
71846,-0.22907391177709407
71853,-0.00571184540006924
71854,0.7122225776041773
71860,0.19570585819953615
71861,-0.0562107350200294
71862,-0.1760668605860249
71863,0.06017721093472386
71864,-0.2674536666542285
71865,0.08412101733499064
71869,-0.2311658187579232
71870,0.404762665332435
71874,-0.1559670634856854
71876,-0.3682911480847523
71877,0.3305739171822367
71878,0.10031382824467286
71881,0.10275328835016304
71883,-0.1542088447233659
71884,-0.33205714085961574
71885,-0.10287777346832366
71887,-0.08053897462098154
71888,-0.49544078202131114
71889,0.04564257777677429
71890,-0.07873961619464337
71891,-0.0648204568494714
71893,0.04210559135174333
71897,-0.3102753465905213
71900,-0.16096623788146633
71901,-0.4692879234700704
71902,0.03379339948056543
71904,-0.19349977588396533
71907,0.16481154430816106
71908,0.06434516054820315
71909,-0.03183425398799122
71910,-0.08408524870749678
71911,-0.09288316969249112
71912,0.2042025508101983
71913,0.302194663591766
71914,0.05488467976643657
71916,-0.21881051983519184
71918,0.06856458429982534
71919,-0.02846036962479742
71923,-0.05602025411229577
71924,-0.6581633369650982
71927,-0.0994388671600301
71929,0.04495461817317107
71932,-0.00768443290197796
71934,0.1973284184725897
71939,0.19276437582233097
71941,-0.2541811722289104
71943,-0.04559467544226339
71946,0.24718260132988695
71947,0.04659297085531455
71949,-0.2016500448543132
71950,0.03687183887674169
71951,0.2079505791341179
71954,0.05986306279851262
71955,0.07809829713664991
71956,0.03709426134573983
71957,-0.03920322618260553
71960,0.2661040871650454
71962,-0.09706406987000664
71963,-0.25733816290723877
71966,0.054277465173211
71967,0.44266963103438456
71968,-0.14824724840685682
71970,0.19921468369120343
71971,0.118200562189854
71972,-0.2821660317510992
71973,0.2388368616965564
71974,-0.08479404724195971
71978,0.03983331932213008
71981,-0.1081961507546924
71982,0.16031202248637508
71983,-0.02546465200265085
71984,0.1343945826377655
71985,-0.02621173012034991
71986,0.13205119460874745
71988,0.04866756298657236
71989,-0.00192924252571393
71990,0.11228943934071578
71991,-0.41481915271959063
71994,-0.11634828176369562
71997,-0.10177161015346434
71998,-0.0861716165531681
71999,-0.10868103802783952
72000,0.23630537876756053
72002,0.7707322192012339
72003,-0.2556175019938092
72007,0.01203475129479703
72008,-0.13863646034511964
72016,-0.7027153857651341
72017,0.13936452146321843
72020,0.2612757974249057
72022,-0.2495360686765365
72023,-0.04773707009977344
72026,-0.06926905625805065
72027,0.13980928376563342
72029,-0.16366460703388308
72033,-0.3753016262674549
72039,-0.01122842968232687
72040,0.03983370092068495
72041,-0.13508185368505465
72042,0.02453531768316307
72043,0.05981130272732349
72046,0.00516683004501303
72049,-0.144801023497881
72050,-0.31491657400397965
72053,0.0977637428807821
72054,0.0211049274410083
72055,0.2735363763743889
72056,-0.32418938586651813
72058,-0.245205841748792
72065,0.10109386642490678
72068,-0.17038756492277582
72074,-0.11270302588262616
72075,-0.00988786813987753
72077,0.5882359030953206
72080,-0.40645830427734286
72082,-0.6135654768346464
72084,-0.2276842208726143
72085,-0.26058859418602826
72088,0.2721750787680277
72090,0.05384479394590457
72094,0.2255522752231331
72096,-0.17063414733094914
72098,-0.1410768359905781
72102,-0.3449391210927677
72103,-0.01540738010768523
72107,-0.5595003736734028
72108,-0.38865456342621985
72112,0.05729328072485515
72113,-0.23956478593040365
72114,0.2790404707111421
72117,-0.12507118932195624
72119,-0.5908119659046427
72121,-0.05937583343631529
72123,-0.11125430343593529
72124,0.1656451727633217
72125,0.02998794733332335
72129,-0.3069759055221931
72133,0.19283952786903635
72136,-0.0766543710300555
72137,-0.03501901142453466
72140,-0.066593337046568
72141,-0.32909243296961865
72144,-0.19460294413200135
72145,0.1026954917265625
72147,0.3960028025259114
72148,-0.18602688262231293
72149,-0.2536990360342467
72151,0.02047314333014966
72155,0.31319053677420794
72157,-0.06244367299793003
72160,-0.2399944143766468
72162,-0.18753530933966933
72167,-0.09364200483397032
72168,0.5790463836709187
72170,-0.20879525670999655
72171,-0.26005752920434655
72175,0.06335662265507894
72179,0.16672196839467596
72180,-0.250112337874499
72181,0.13319395271748935
72183,-0.02404660140473821
72184,-0.30643575334016393
72185,-0.6155403125864385
72190,0.39413961319071633
72193,-0.04930883161564196
72194,0.08826215600384935
72195,0.5481514474288953
72198,0.00450884533452873
72199,0.43337179782950214
72201,-0.5190466665062395
72205,0.3560945891504194
72215,0.14144058520541014
72221,0.36546221859676375
72230,0.2664406934872364
72236,-0.1245700756223701
72238,0.09846623579493805
72244,0.08020207220024093
72254,-0.1746739903024673
72258,0.34969961702635066
72265,0.01256489178374003
72267,0.0580057457893525
72269,0.0123077798684188
72273,0.1079417423775574
72275,0.01527034898656504
72278,0.08658339766430065
72281,0.16015356040063222
72284,-0.1387784247174807
72290,-0.23912058065312583
72293,-0.02674876510501055
72297,-0.13349524427483703
72301,0.37900972296270263
72306,-0.13075941516567213
72307,-0.17327378560790824
72308,-0.00807043189851714
72309,0.06093978587265129
72310,0.01641150947309293
72313,-0.14961145466849085
72318,-0.02487829044043825
72320,0.06305358906405248
72322,-0.0992918083002909
72323,0.02849487686188938
72324,-0.581118842682329
72325,-0.05585593054562422
72330,0.9336689853062172
72338,-0.04181664034014026
72341,-0.2733444176307156
72344,0.4783841178180771
72345,0.04326186299491053
72349,0.15322265288610654
72351,-0.10214210687522646
72354,-0.02092776580906472
72355,-0.1858999787404124
72357,-0.15078958718118526
72371,0.3811299531063236
72373,0.584845103618885
72383,0.46260635013357687
72388,0.3776033501400905
72391,0.03116885253104618
72392,-0.1567440941028648
72393,0.48501492131068413
72399,0.10287217642875258
72400,-0.3605602636430062
72401,0.15358718838526722
72404,-0.14296677764340196
72413,-0.4435999566226902
72415,0.0644417172849781
72416,-0.00535144642648393
72421,-0.2664463429168222
72425,-0.10670487268835836
72429,-0.2478555366665876
72431,0.01912271007911844
72432,-0.2526284252023148
72433,0.7924125029504072
72434,-0.301386508775706
72446,0.13454075649745084
72454,0.22101718231533216
72459,0.05759428266198718
72461,-0.05886344060816174
72462,0.11693974432434244
72465,-0.24273477897574935
72469,-0.7868528086975368
72472,0.07912451305400561
72475,0.2186657801695031
72477,-0.3794630140274756
72479,0.00508799225359858
72480,-0.14934860124659732
72482,-0.15622552447136906
72486,-0.6476185508772523
72500,-0.7592184355312712
72502,0.13004160949490112
72503,0.18758763527780867
72504,0.4156351743260629
72507,-0.2940775335759396
72508,-0.01433533818195063
72512,-0.01884081005283159
72514,0.34747508758970075
72515,-0.0224832054064604
72519,-0.15206200096609168
72522,-0.02837744621314487
72535,-0.03962532201392153
72536,-0.0113847500805896
72542,-0.02392982366418901
72543,0.11029185846116704
72549,0.10679546086885223
72552,-0.07437585924779215
72554,-0.16302356667324475
72555,0.20888510868152171
72556,-0.20834614602700263
72560,-0.13527505010268928
72562,0.0143931203069639
72565,-0.6193758951936925
72567,-0.1554838287276587
72568,-0.35250928607057086
72569,0.3796121861800251
72572,0.5517918460582656
72580,-0.20987135762097453
72584,0.12030987361314176
72585,0.5560664404929774
72587,0.06745655351888923
72590,-0.02614874922591882
72599,-0.04334727317681952
72605,-0.04643097654097361
72607,-0.2640879245171169
72611,-0.03965436990022
72612,-0.06582733160312662
72614,0.569917903351233
72615,-0.6289229079730967
72621,0.3386867129463498
72630,-0.00351197210534559
72634,0.4291644841056126
72635,0.2539148070898566
72640,0.06118884013769106
72649,-0.2644813368290677
72650,-0.05846460723469812
72654,0.02346562528077704
72656,-0.00333260121408153
72657,-0.16504970060989416
72661,-0.32591361421709414
72662,-0.00216821144715239
72667,0.1635747489038702
72668,0.03804221865691251
72672,-0.10209421450478982
72674,0.07493016454400915
72685,0.08506669750235347
72692,0.02813710293829015
72693,-0.5820319447358501
72699,-0.05166962168223506
72701,-0.03174696112238341
72713,-0.6652252879247127
72720,0.18997219405588972
72722,0.07737124108350628
72723,-0.06423143543671384
72726,-0.07449870068528384
72727,-0.2436725295878058
72729,-0.01894690079484756
72736,-0.01037529577510894
72739,0.01693068020426695
72745,-0.04789312747093109
72747,-0.1400780300457265
72748,0.3661424990721729
72749,-0.00817476571591895
72750,0.09528278607985752
72754,0.1741865428291314
72759,0.03763154303591011
72772,-0.17299872416426865
72774,-0.1518665841724191
72775,-0.2255392198747201
72778,-0.20094578108533367
72780,-0.24923073864460132
72787,-0.1489818122134482
72789,-0.26810214070815436
72792,-0.24050498045082777
72795,-0.11387719108462883
72805,-0.5083638203072796
72821,0.3919292622146064
72823,-0.02808121587609213
72825,0.1291537614830373
72826,-0.1791621122759476
72828,0.16245551242844578
72831,-0.01031643713522154
72832,0.38589129694329233
72843,-0.14979873327078097
72844,0.16337514914168888
72852,-0.5997266027059726
72865,0.1963805868375838
72873,0.01147236886410448
72881,0.02540693254770734
72886,0.01490279062429425
72895,0.15407742429717514
72898,-0.3388109180315968
72899,0.1692793694692971
72900,-0.16371703836968704
72902,-0.328122991726047
72925,-0.05415001795323995
72927,-0.3446605542848357
72930,-0.4820951739647305
72931,-0.07235314573080462
72938,-0.4161374389390634
72946,0.01380218723291102
72947,0.06209831349093672
72948,0.08443993514230577
72949,-0.23765823983874496
72960,-0.062422339557199
72961,-0.47414327202851625
72962,-0.27987199828188547
72972,-0.02908774594519949
72973,0.6038724479791335
72978,-0.3590081072312664
72981,-0.05221475874964004
72982,-0.05054466651033765
72993,-0.06769048564523399
72999,-0.3005746370901975
73010,-0.3250409433544302
73016,-0.11934010432567108
73024,-0.07796493349941735
73032,-0.3028534593466793
73046,0.141864632495655
73047,-0.09567314965572786
73062,-0.02920785935248026
73067,-0.1268380706336556
73068,0.05516556140213
73075,0.27625472787010996
73078,-0.05883045898521301
73086,-0.25127990887990026
73090,0.5160382232880437
73094,0.3607453372343047
73095,-0.2303349941133555
73102,0.5392871233359613
73103,0.01722709176653993
73106,-0.1174162598335846
73112,-0.23309624682425573
73122,0.19849261942149585
73124,-0.11384887739394908
73130,0.03018800719605567
73132,-0.3291794499248409
73137,0.0912831136821873
73139,-0.04100463288982772
73158,0.14572795923610515
73162,0.2585415372339211
73166,0.18116250667953493
73172,-0.0847860826632048
73173,0.12414659784809295
73174,-0.04972392816786321
73178,0.03560428209800075
73181,0.32650435879481854
73182,0.31217219984447087
73191,0.054969459813857
73192,0.4202320007213988
73205,-0.10688904614148288
73212,0.2210656523005508
73225,-0.0313899250323282
73230,0.6406394379823812
73234,-1.3147262426578146
73242,-0.6102262030043537
73246,0.13042115759899442
73247,0.02192721243664779
73251,-0.03268696901656654
73254,-0.104855251091792
73259,-0.294225858515
73261,-0.2546718778279576
73274,0.06595143338422871
73284,-0.43520870665526784
73287,0.2336410677515685
73296,-0.3373306706358994
73301,-0.08230633420740394
73314,-0.1758025011141444
73316,0.09479940706079802
73324,-0.8209662379553636
73327,-0.064134261442888807
73332,0.25632537078167456
73338,-0.4127459750697363
73340,-0.8705848760974075
73341,-0.01033549607441658
73344,-0.30335473962936704
73353,0.3338635491079598
73360,-0.6823996427860854
73368,0.26603144673032586
73373,-0.13508295687050656
73376,0.1861921725146787
73379,-0.00735396179847414
73388,-0.5531319794816388
73389,-0.1386459522355027
73398,0.6675972565538733
73407,0.04206911930832274
73412,0.5006800648692625
73419,-0.2910033184077393
73420,0.08861549269609731
73435,-0.01527406138741928
73447,0.15405005165323005
73453,0.3786824920365126
73456,0.01526203589876133
73463,-0.03772671409261463
73466,-0.17583379314329503
73467,-0.22500436973592663
73469,0.12713116961156637
73472,-0.22578231485048555
73473,-0.3735183330480519
73490,0.03247437570696886
73503,-0.08147463628791136
73545,9.887142449404307e-4
73569,0.2284858589976952
73582,-0.10141049224709577
73598,-0.5054244110892012
73634,-0.40476784092062496
73647,-1.0158452188829088
73649,-0.32886134662357586
73658,-0.15603591439514955
73660,0.2283301304931067
73666,-0.02607359744579046
73667,-0.19055877366118512
73668,-0.14016191422154714
73671,1.16654600552038
73673,0.14529003480148922
73674,-0.01197581564513518
73677,0.04050752372635603
73680,0.03383957074348817
73681,-0.15387250953081366
73683,-0.23959026353345383
73689,-0.08620156887556357
73690,-0.0242319527437024
73692,0.28445036515721794
73693,0.4157700551918528
73694,0.05394032470590008
73699,-0.44512181823500085
73703,-0.00613707891985452
73710,-0.0987208475215174
73711,-0.11349366193010114
73713,0.6719050612584971
73720,-0.16707651701863083
73721,0.4557992829724582
73723,0.12613072442068132
73724,-0.49627632872000527
73728,0.06140439227859189
73737,-0.03143577112479015
73738,-0.1511982284071225
73739,0.4047933085064715
73744,0.03504922530180186
73747,-0.00559244072212164
73748,0.4164679968640358
73750,-0.04189241659739821
73754,-0.20647272161712252
73779,0.951387855877454
73804,0.15759062766694557
73808,-0.07052949085666496
73809,0.3106009631275136
73813,-0.04302071079432966
73822,-0.17921540819511517
73825,0.04865379534142192
73826,0.0105656993374974
73828,-0.10091178870091544
73830,-0.00848267919609731
73833,-0.03415761111872996
73834,-0.1146078734821043
73835,-0.01573444379193251
73836,-0.1447915253234806
73844,0.4984681310697704
73845,0.2426574993261624
73847,0.06939643723482651
73852,0.11303274423172474
73862,-0.2779360409474446
73873,-0.4713414053563626
73884,0.2189808748027341
73893,-0.04907847984390579
73902,0.5496856190102951
73910,0.428198107777124
73914,0.04412518706868254
73916,0.09456437241459643
73919,-0.22441098957545508
73936,0.1280143400169983
73940,0.2245779016825553
73942,0.3062056008863559
73945,-0.08358480834253047
73991,-0.24093918642945908
73998,-0.21042328744943353
74002,-0.23809377601962992
74004,0.14311363049503542
74006,-0.0794537609605349
74007,0.04418036789046915
74008,-0.04673053684810582
74011,-0.05480213001698336
74012,0.3770877983001073
74013,-0.0380938111814417
74015,0.02969638805751216
74018,0.07816527973423687
74019,-0.1009338867906463
74020,0.0757049047578964
74022,0.01124110429977662
74023,-0.08039300060223639
74025,-0.2666790654693003
74026,0.1282234186015127
74030,0.23730413095656763
74032,-0.06716084531432216
74035,0.21456818327766292
74039,0.05062698521780044
74043,-0.01525453168150255
74044,-0.28250932557290953
74048,-0.07668319071862312
74051,-0.27519119577478696
74052,-0.00364259131743788
74053,0.0809357420047417
74055,-0.2811564126423418
74068,-0.00697810486964072
74071,0.1335324167631287
74075,0.5404087110745641
74080,0.11620502981294178
74081,0.06523609659564665
74087,0.28746661020272013
74090,-0.11208486842537478
74091,0.04399936775722254
74094,-0.23755153469435472
74096,-0.00793744970787608
74097,-0.1503160906931989
74098,0.04083402489616337
74100,0.01291138720121257
74102,0.23120051139667225
74104,0.13781492555131747
74105,0.04527352932608542
74106,0.3028636989654059
74107,0.09519323757500722
74108,-0.1009043109982457
74111,0.0753894542493049
74112,-0.09852107723951851
74114,-0.00632435715654366
74116,0.22435593921625055
74117,-0.05486017042817831
74120,0.0162798765870193
74121,-0.5600916010421594
74123,-0.0234342753305557
74126,-0.13238132805008254
74127,0.19479591697941864
74129,-0.36653653876343306
74131,0.04441723754792607
74132,0.00641110449140817
74133,0.24215210658003483
74134,-0.05078276548064056
74136,0.07790846037663399
74137,0.04154576952709656
74140,-0.13836539474389783
74142,-0.02019318207865658
74143,0.04726810780725898
74144,0.22827738284007265
74145,0.15310187483555746
74147,6.164271797038517e-5
74148,0.01105259350172484
74150,0.00818095259176308
74153,0.0608212528199636
74154,0.00363555239716015
74155,-0.07112726913086986
74156,0.422075860414407
74157,0.01016906765374397
74159,-0.14199791021527414
74164,0.08490312680023782
74167,-0.05985117381555321
74174,-0.00691766234484875
74175,-0.266352776566148
74176,0.582359236709034
74178,0.13366536920053498
74182,0.02527396218705875
74185,0.00113541602171954
74186,-0.12885787885949945
74187,-0.08076035930228528
74189,-0.15968232726405424
74190,0.8893780839335028
74191,0.4894496681677565
74192,-0.13889370208985366
74194,0.14795499428102604
74196,0.02301982778305412
74197,-0.06280727163664426
74198,-0.04290254575715506
74200,-0.2049287800484973
74201,0.08537179808298198
74202,-0.15048850418343093
74203,-0.03604312477527392
74204,0.0479220511282365
74205,-0.39032153493799304
74206,0.11759749028566792
74211,0.04347344033112349
74213,-0.16689475018152927
74218,0.231825668522597
74221,0.4020874195401355
74222,-0.0733833261811774
74229,0.3187999939146874
74230,0.03157758813791802
74237,0.1514733303512455
74238,-0.40372908813873976
74239,0.16451097529867623
74241,0.00329734425675957
74243,0.06137522690779768
74244,0.1301422124771846
74245,0.04642053874253706
74246,-0.20941641699685912
74249,-0.0278710312968297
74251,0.17433437097409754
74252,-0.00701937738308566
74253,0.20591340934278685
74254,-0.22291480814579512
74255,-0.12955466494498413
74256,0.07375654331171623
74257,0.1405695641787449
74267,0.1053564672373974
74268,-0.03149757305883071
74270,-0.11518096382047434
74276,0.4976749317571056
74277,-0.09306548852691653
74281,0.2144921441198931
74286,-0.13619962390768534
74287,0.02319416235828719
74288,0.11410275932961776
74302,0.04274794092551673
74306,0.06741197284019346
74309,-0.23566519508688225
74315,-0.01615079724381366
74316,0.03597839334609763
74318,-0.07590862839402425
74320,-0.07534040853102905
74322,0.11231117854660153
74325,-0.17290987237864724
74326,-0.0673140422122175
74330,-0.11633535753241211
74334,0.2845542486197846
74335,0.13283121211452192
74337,0.1384181982299739
74338,-0.32166800570131393
74340,0.16814745415483812
74342,0.1094696477418286
74343,0.06804394948865705
74347,-0.05150052430303619
74349,-0.07804353375565902
74351,-0.2810368751894908
74352,-0.16196315422228555
74354,-0.519220577831951
74355,-0.06130862646169541
74356,-0.4555161297735913
74359,0.529412729974097
74360,-0.43189534795423445
74362,-0.2438425876994174
74365,-0.21003690983188292
74369,0.15142199626653888
74370,-0.0728805504840108
74374,0.31523747078590686
74375,-0.21502497482832683
74376,-0.11667411787933184
74377,0.377050024670086
74383,0.1165859301842139
74385,-0.16347803591908766
74386,-0.22080945641097083
74387,0.8898273743256166
74388,0.2232648878109202
74392,-0.05624217718841482
74393,-0.5362120399406504
74401,0.07918394462190398
74405,-0.08300347208185943
74407,0.10691187449993068
74410,0.1687025246090974
74411,-0.18417456462997828
74412,-0.2096213902279205
74413,-0.37381494561693457
74414,0.08005706434879645
74419,0.5200126705955789
74424,0.3882098427224184
74427,0.03197104154889271
74430,0.7896131412784351
74434,0.12462964931534236
74435,-0.01228124563198128
74438,-0.05525552996238579
74440,0.20322504684166023
74442,-0.11358247486022012
74443,0.4698879444036413
74446,-0.1607450380294473
74448,0.6307077409428214
74450,-0.20376748015341897
74451,-0.00446999191948148
74453,-0.12430181758637492
74455,-0.4844845085832814
74463,0.2640259370791773
74464,-0.15223745743843645
74467,-0.1490450267004217
74468,0.5989952942988133
74469,-0.087896626648903
74470,-0.5952960899148041
74472,-0.2252143423345041
74477,-0.01156068194673614
74479,-0.09467117756553647
74480,-0.20471834956527887
74485,-0.35527890025887415
74486,0.44469595155387104
74488,-0.10664855404078093
74490,0.2635245165717485
74492,0.17467352766762395
74493,-0.07744312747881213
74498,-0.603893215255086
74499,-0.18609080387258423
74504,-0.15446229803067002
74511,0.45988057187492426
74513,0.7980745173587176
74521,0.379694696858582
74522,0.13991161882817135
74525,-0.28908351343441985
74528,-0.3283929913445866
74549,0.13253342121341372
74551,-0.10561086109011496
74552,0.18010326097721846
74559,0.1435375299942072
74563,0.170449660898743
74568,0.26204388401352885
74569,0.16174898665177265
74570,-0.13401738389838966
74571,-0.5990629885247879
74577,0.06054283215249424
74580,0.2494563095759713
74585,0.05275196937423505
74589,0.2090998577288536
74591,0.3153710891399535
74596,0.22217040086929385
74600,-0.13172777634695518
74610,-0.1421411070963934
74614,-0.02078785102730056
74616,-0.02282589622302788
74626,0.07957679626749595
74637,-0.13329565209726316
74645,0.2137518349980019
74646,0.08580908753546729
74648,0.00861527801442688
74649,-0.02114747306929726
74653,-0.02589898536019657
74663,0.06145637863907826
74665,0.0617825837076193
74666,0.1945513959880984
74673,-0.03017775499378927
74675,0.297505595208695
74682,-0.28505327944639103
74691,0.1305864293684815
74694,0.21273127860730143
74703,0.00131790512713369
74711,-0.6911042336442182
74716,0.1827657285163257
74717,-0.01243231758780588
74718,-0.23649710654206313
74720,0.0862179788675648
74732,0.02786293977657793
74734,-0.16016092087470363
74735,0.05234191860716989
74737,-0.04175980179429829
74741,0.3922037671544809
74747,-0.02496799490592972
74748,-0.35575581156201697
74753,-0.1836606094127365
74754,0.372609225554555
74760,0.09222769984449967
74761,-0.15116226247633463
74762,0.39386444932063747
74763,-0.00828605412112347
74764,-0.0099063810807273
74766,-0.16380362372250612
74769,0.2819142168331889
74770,0.3653025046248735
74772,-0.05237070765129632
74775,0.01357779943027508
74776,-0.06626886107889458
74777,0.01129410216527981
74778,0.16905863230330803
74781,-0.01492898698913609
74782,0.05886218719010377
74840,0.01002234019745055
74841,-0.05176659228374619
74843,0.08097906206561287
74868,-0.14805075726837502
74890,0.14601696843621342
74895,0.03727255421893384
74901,0.21743881743807608
74914,0.08931440518422049
74915,0.4735156563984575
74918,-0.5712271771934305
74919,0.08665293352617855
74934,-0.6407623891823392
74978,0.3497692419528068
74996,0.05621134740242566
74998,0.10863152222871592
75002,0.5693807817449913
75007,0.08869023062349962
75013,0.4183527466405556
75019,-0.2519683794343786
75029,-0.05392976379403896
75050,-0.09709404716382852
75062,-0.02607052488007167
75079,-0.5106077047117737
75083,-0.04528978583200588
75087,0.28412085412062926
75089,0.1035508553206291
75097,0.27482023957600826
75099,-0.7591360704903095
75104,0.2218845051383895
75122,0.3058254414576565
75124,0.19410790500964692
75137,0.38442872468766714
75141,-0.11416427855612211
75146,-0.2462585259739455
75172,0.26291650469695826
75173,0.31040964019958184
75178,0.38686591376339774
75180,-0.6283424318686069
75196,-0.26494364579396357
75209,0.952742765274479
75210,-0.02701736278792785
75212,-0.07208136767860106
75216,0.35832162599816164
75219,-0.2034194532027197
75221,0.07608283565559451
75234,0.06800163583481622
75266,0.43291770259767137
75273,0.27789685812058246
75276,-0.4548019987500588
75284,-0.1898706171353012
75288,0.13368781843460714
75291,0.09137433368949566
75292,0.00150639271025199
75296,-0.15810751099100484
75302,0.1539496229923442
75305,0.273350801775772
75311,0.4962459660948987
75316,-0.23936710911582823
75317,0.21406390629745536
75320,0.03182431256271764
75329,0.05550353299617068
75338,-0.5525210941719638
75339,-0.05393178969336051
75345,0.02486091173687566
75368,-0.12271525418363034
75387,-0.06008447621493924
75388,0.2813649890840537
75396,-0.04541529392406966
75398,-0.02996921512785672
75400,0.1750418189775838
75404,0.994787798589572
75406,-0.0588931037981872
75409,-0.0857965539913667
75415,-0.3439240024906861
75416,-0.11859103481148994
75420,-0.01214489093145845
75422,-0.22370851932000116
75423,0.09102946285673272
75425,0.02225296999719593
75426,-0.08942893578083777
75430,0.08704269874943742
75434,0.21447018325408743
75437,0.135104704639319
75452,0.20630020361434703
75454,-0.1399779264427752
75456,-0.6632768768874043
75458,-0.20501727323101163
75459,-0.1198058361171501
75465,0.04025131666682555
75467,0.9262204654971404
75469,0.10830592919913706
75470,0.13894369985748178
75472,-0.07148685599623751
75475,0.01995354395446305
75477,-0.17091770098400866
75480,0.05649701555149277
75482,0.24773072936008989
75495,0.0732032538801225
75497,-0.0695832945727641
75502,0.02123605864582862
75504,0.13135302867833676
75507,0.09224529655401116
75510,-0.10564226350619953
75512,-0.03378900569475134
75516,-0.15157178668714671
75528,-0.19859835807766185
75530,0.07876635039247816
75533,-0.19451748688044515
75538,0.2477548721264768
75540,0.1774262935829833
75547,0.09082907539408816
75552,0.2184930717834334
75553,0.00860013600080742
75556,0.4394529356816486
75558,0.7038869337822156
75560,-0.05246171925419944
75563,0.18531000051646385
75564,0.1490776687630711
75565,-0.05925533584499234
75568,0.17064886507648813
75570,-0.0995716460777304
75571,0.34391894732938333
75572,-0.2912334888706533
75578,0.21225809576134935
75580,-0.04663552422707079
75581,-0.6995190898119475
75590,0.3133333575962603
75593,-0.10898252140080268
75597,0.04248345526655944
75599,-0.03530757123440142
75600,0.23942685038149836
75604,-0.3530448118072122
75605,0.0113417443895408
75607,0.14428128327351336
75608,0.1287031933392448
75612,0.0677869249768476
75613,0.03644534346988061
75616,-0.20032589071232176
75617,-0.16377288349366523
75619,-0.11724687604316508
75620,-0.00143507679103801
75622,0.09435643480779336
75623,-0.5164092543402306
75624,-0.29976786025861124
75625,-0.34872483786056796
75627,-0.05956931290969622
75641,-0.00583762401246652
75642,0.04940853214989721
75645,0.02840316668532712
75646,-0.10899188214928542
75647,0.10763188075516514
75656,0.26915371680662076
75659,0.3779751568016507
75660,0.01957316642276513
75665,-0.1605309597855454
75667,0.3912073119596931
75668,-0.5416369809710193
75669,-0.0385329392468145
75671,0.7617412348248571
75678,-0.2607488229158589
75686,-0.02546370258403781
75687,0.07356118120865672
75689,-0.02499432661584907
75690,-0.1815733244038941
75691,-0.04636925234617073
75692,-0.15757509090608818
75695,-0.3883409393829575
75697,0.9447177644417932
75698,0.17252364222641997
75705,0.00988439646137371
75706,-0.18334767942239824
75710,-0.04560471169082705
75712,0.07704729205955577
75717,0.06858769012754967
75718,0.7426712106915228
75723,0.3546506317299405
75725,0.09494507251812
75729,-0.2621027497103794
75731,-0.01642397655665562
75734,0.07659356675202358
75735,0.14978613582327094
75736,-0.11138670047710458
75739,0.5152946700395287
75744,0.30546200910728155
75746,-0.02392205296321641
75750,0.30160164906371445
75751,0.03307101366718491
75753,-0.05617043369620607
75758,-0.0929059411514324
75763,-0.11082390921437305
75766,9.984156175625036e-4
75767,0.09798125871108002
75770,-0.1146622108085724
75772,-0.5533895177213963
75773,0.0901154792728104
75777,0.3685073527070828
75778,-0.0404054871384981
75782,-0.0089885914749718
75784,-0.4827354078719414
75785,-0.30582421241358476
75786,0.10386866969466794
75788,0.4941085024225601
75796,-0.3347523731372894
75801,-0.01962623192658829
75805,-0.11929003295475173
75811,0.2079510382022531
75812,-0.6076726046768115
75820,0.12968635615247642
75823,1.80859135549799
75826,0.05059383458454085
75828,0.251425699796545
75841,-0.28071452925384394
75847,-0.10245544336630148
75860,0.24948521086809652
75863,0.21484717353596983
75869,-0.06143570227283968
75871,-0.0454758139483812
75894,-0.1165524611350328
75901,0.08206993084075467
75905,-0.1499809085608075
75909,-0.0180399922252161
75914,0.09450597917509192
75939,-0.6616888940419758
75953,0.01346640835186131
75956,0.24824577669238257
75964,-0.337174519869873
75965,0.04446675376730903
75974,-0.00520506150129992
75985,-0.19472299868499696
75986,-0.15885183452501228
75991,0.1930772372454969
76007,-0.08405150457237902
76014,0.13011173471131993
76022,0.04605030600099977
76025,-0.07624440077815968
76041,-0.146686038241837
76051,0.14310340316095355
76055,0.34863806745964215
76071,0.05862776329357554
76072,-0.1866195202981799
76073,0.1925314093542263
76080,-0.00638023051849518
76088,-0.00277811500492033
76089,0.1705399384337236
76108,0.1765831794190515
76117,-0.1951277567697642
76123,-0.00691078948280164
76130,0.15893018388398322
76131,0.0657293790944461
76132,-0.11093558838888366
76137,0.1568047113216915
76138,-0.06323613265700567
76156,-0.5466822505048572
76157,0.13368370767509213
76161,0.31767715961338167
76166,0.13421330180935517
76167,-0.16272326604916457
76178,0.2664940161305928
76179,0.23573080361233545
76183,-0.00312667808645099
76184,0.2229024386381931
76187,0.22294675089184057
76192,-0.1851531370940002
76205,0.09042173535562156
76217,0.29304508650899685
76223,-0.19437295529572457
76233,0.02817850107782292
76238,-0.15930611854199234
76246,0.48498629604847526
76251,-0.04348647875783901
76252,-0.22925177232506275
76260,0.4869263971997906
76261,0.26017160281302637
76263,-0.01713509315431644
76265,-0.10227459624543038
76267,0.3676424440493627
76273,-0.4648489983941119
76281,-0.06118024399690915
76282,-0.05704580848858515
76293,-0.2337769026925925
76294,0.13836946079649273
76295,-0.02519252281624712
76299,-0.2363230835517815
76302,-0.13092856696482424
76303,0.3971128542208624
76306,0.14654061180208683
76308,0.0223688636772368
76332,0.08759022034440833
76338,0.04777306746242396
76355,0.2653018400071835
76357,-0.3001166336877336
76365,-0.13099003584365393
76366,-0.12767806019658673
76375,-0.08396691744727416
76376,-0.10053363034938469
76378,0.7416976830843258
76380,-0.0028481329719117
76405,0.26180892613337586
76406,0.17667063672745476
76407,-0.2615274781961777
76408,0.1802476603952166
76411,-0.4499493945732638
76421,-0.10053972341977292
76425,-0.06247626085357151
76429,0.2551678050659436
76438,0.00250761409689621
76441,-0.13824270612255968
76444,0.26418019588803465
76448,0.0778830225217595
76453,0.06569353806327793
76454,-0.03348167440504195
76457,-0.15783001699099333
76459,-0.7186300040047042
76464,0.13446532322319188
76467,0.09027742868323135
76469,-0.258281668951879
76477,-0.43934064820883006
76478,-0.10131602583567806
76479,0.1847462243292317
76482,0.22984552265640565
76483,-0.05206705166141234
76484,0.28493025540702843
76485,-0.08388048374360275
76487,-0.12804735418727203
76491,0.3514836150025785
76497,-0.02781757955898708
76498,0.10812125899961812
76499,-0.12072525860814642
76500,0.17893686756317315
76507,-0.09759500283818516
76510,0.22146989494556263
76522,-0.20173555656251071
76524,0.03048532339560376
76527,-0.4873835374624661
76539,0.0224514983678618
76547,-0.1440815579626739
76551,0.07232346236268498
76560,0.0943823592768175
76561,-0.31992509133216784
76563,-0.13842620324624877
76566,0.06079323768652051
76568,-0.01047540557360707
76571,-0.4209622500511398
76572,0.7082586440739933
76573,0.2881842009917716
76574,-0.03926135071600464
76577,-0.2599631575278166
76580,-0.02393032808370562
76582,0.06074853234113635
76594,-0.23943878862726345
76606,0.6396068721858779
76608,0.08757499459044182
76612,0.10500452265557482
76614,-1.7421862047698605e-4
76615,-0.7799492733950151
76626,0.0515663099401292
76627,0.2997267319972778
76629,0.16398853340538389
76630,0.04181410694408254
76633,-0.01236238651569609
76640,0.6684043570771049
76645,0.2996176896053626
76646,0.464749798318268
76650,0.12678052815956065
76652,-0.4277109441987832
76654,-0.01762473196683262
76668,0.2514706825586863
76670,-0.12233009252878484
76686,-0.19857537521526217
76687,0.03094112976129349
76688,-0.11845684685962864
76701,0.07049506351252932
76707,-0.04901924690623495
76709,0.055887201125753
76719,0.29528503225112
76722,0.12438623220191616
76737,-0.06824276839879631
76740,0.11702962862290042
76742,0.06602523410234964
76747,-0.08352604910370488
76757,0.47413240932053674
76763,-0.2941542614825805
76768,-0.16417821764668306
76773,-0.2949789210912451
76775,0.13617611689278752
76779,-0.1343124833537765
76781,-0.2178294304717539
76784,0.08946806315039085
76787,0.03732237243988354
76788,0.00148182510417526
76789,-0.01118094512075705
76792,-0.4708489121091997
76793,-0.11671201778980109
76795,-0.01072083830426465
76799,8.759455333469928e-4
76800,-0.07447261483032648
76804,-0.11944118142180388
76808,0.8910929379281962
76809,-0.1647464913313077
76813,0.11566647607820844
76816,0.12433230435349853
76820,0.00343399100890622
76824,-0.01402199999255724
76826,0.06747777738083251
76829,-0.5842589201846349
76832,-0.22185940943476504
76843,0.28268873606010925
76846,0.04225560693723209
76850,0.18118280951385865
76854,-0.1268967691572906
76856,-0.3588487357465978
76857,-0.6995559423842919
76858,0.0152107522286491
76863,-0.23567712188341625
76866,0.21388936564533825
76872,-0.504688380443613
76877,-1.3103878600055745
76884,-0.08348862581007857
76886,-0.04784715447904904
76889,0.07269441138285046
76890,-0.01340797933005869
76892,-0.2252216543778223
76893,0.05635817938461794
76894,0.18797802772157024
76895,0.268234185914615
76897,-0.2673896173964646
76898,0.5596436074180882
76899,-0.022614726716799972
76900,0.06953787904954674
76901,0.12680861646195613
76905,0.40439578136103493
76915,-0.2779700964732457
76916,-0.30509190280183585
76917,-0.13729240416478838
76920,0.00410973416207741
76925,0.2791201973717114
76927,-0.044297856309312
76932,-0.03551808176037371
76933,-0.08586940741323593
76936,0.06327030681221384
76938,0.06768950866289886
76942,0.11940943204218936
76943,-0.25030892907919666
76947,-0.20305370649895693
76952,0.23534216500370517
76954,0.44461267067693055
76959,0.00955099546082463
76960,-0.20851505124289132
76964,0.02438746106925622
76965,0.14690077977326288
76967,0.01520174919935207
76969,-0.5882621002695639
76980,0.14274542765030038
76982,0.3422441673115738
76983,-0.00176106581687548
76987,-0.26710818176546935
77006,-0.07501433810690167
77011,-0.01785354528906391
77015,0.0785568428338894
77018,-0.06911071710274816
77031,0.01805495163460596
77034,-0.10644827544808312
77035,0.09099667922433698
77037,0.2333486400152145
77038,-0.12112821457302606
77040,0.08495184478679198
77041,-0.2269652472289984
77042,0.257021719748629
77044,-0.0974310954716726
77045,-0.276363389006566
77048,-0.00491447392750529
77053,-0.01366372006189755
77055,0.0600286822820312
77056,-0.14900960879153297
77057,0.22859715602428177
77058,0.239949430451665
77065,0.10039495071754644
77087,-0.0147126881046453
77090,0.0291341506482425
77097,-0.3773552020730519
77106,-0.11840157737762257
77110,-0.07956406485406874
77116,-0.15959918408607185
77125,0.3614723821343243
77128,0.14638525891885326
77134,-0.15850145380961844
77219,-0.15980546167834417
77220,-0.5698788138681047
77254,-0.11608651161250338
77264,0.02780733432650121
77286,-0.09272614170811332
77296,-0.1991317675820508
77300,0.00961735789162956
77305,0.1019758362890168
77318,0.260208387012004
77371,-0.43583741405335547
77407,0.0484175431385433
77411,-0.10036390735235295
77422,-0.5322840042657933
77446,-0.5070445071018752
77462,0.5153875814352019
77480,0.49477055236672535
77485,-0.09000401067505506
77519,-0.5004299834690797
77521,-0.1943510611519789
77522,0.3540733622340712
77531,0.358113018600985
77532,0.0235663785948323
77552,0.2428750256553204
77559,0.23881622061931057
77569,-0.2769099140971839
77573,-0.08286214811343282
77574,0.2523308798034759
77577,-0.23169218835857147
77578,0.11653286296991466
77579,0.05299761990419124
77582,0.2308535578680665
77583,-0.0876223990214911
77590,0.1360130149865901
77591,-0.12239485998365612
77593,0.08133840542040989
77595,0.06525906107870354
77596,0.02043216982547528
77609,0.5372949643757975
77613,-0.02827969593464309
77619,-0.0594660030712672
77622,0.2775590051129145
77626,-0.14082270977144373
77627,0.02774734480672185
77629,-0.23785238740413467
77630,0.16971476888720632
77634,-0.3008707150840578
77644,0.00380252786094015
77647,-0.02927551925609847
77683,-0.18793505907914668
77697,-0.8270110480956274
77701,0.05126442536580376
77704,-0.6576734702014739
77706,0.03295859258341099
77721,-0.09293038459996109
77727,0.26792617822372866
77733,0.1867362884467606
77739,0.48326029546843513
77744,-0.31861318171685726
77766,-0.00493070353005568
77767,-0.1526011576794769
77771,0.2874345851085934
77772,-0.4341642743667686
77777,0.14956976331416555
77781,-0.3126002318012478
77782,0.07600217765316516
77794,0.47757029415445496
77799,-0.1631420031109045
77803,1.0457433466996469
77805,0.0279050031416821
77809,-0.08663014906762445
77827,-0.20621566803698535
77832,0.09502109733306978
77836,0.13287772367834466
77853,0.12047017601610711
77862,-0.11041130212300282
77864,0.6813474215980388
77877,-0.1459824704913698
77889,-0.13782860642270162
77891,-0.08200733723609133
77914,-0.10996212444925176
77929,-0.44757670787658105
77938,-0.01332650217249167
77945,0.05717046670178192
77951,0.20308918051136635
77963,0.34927615134167056
77974,-0.2074854206069587
77975,-0.11323038255033405
77976,0.5762528457717975
77980,-0.03474436685736291
77987,0.0424035190151387
78004,-0.1738016954762731
78016,0.20981022535299068
78038,-0.09860960223436982
78052,0.34876162177741415
78070,-0.14565994093825377
78076,0.3362460671522067
78081,0.4316107960606914
78088,0.2225580616508137
78100,-0.195625105657678
78118,0.449793844820331
78134,0.2174703822067
78177,0.45027328990667775
78232,-0.0404998188287532
78239,0.4704906284666091
78240,0.25372683978129795
78244,0.1935365660149848
78245,-0.47727671686085527
78246,-0.011868824571456
78248,0.07927034155520096
78249,0.46116350851315785
78250,-0.07172492848553581
78251,-0.5014200218897653
78255,-0.0215021911822702
78258,-0.16742185460340803
78266,-0.07469857154779486
78267,0.02870324038130101
78283,-0.05270314080163166
78284,0.21233642072339864
78286,-0.03897950272509346
78287,-0.03738296239252758
78304,-0.1198267329216288
78306,-0.18129470940328937
78308,-0.05104026989966918
78309,0.5781549692691955
78317,0.05787120193997128
78321,-0.01756583229031581
78323,-0.07433038950560575
78330,-0.02889636608005561
78334,-0.01130700453536013
78339,0.02198330646736124
78369,0.15359215668159576
78372,-0.01899132304745335
78373,0.1329459423896815
78388,0.25500218406420494
78390,-0.36886526351825183
78394,-0.1858655911176061
78405,-0.2702925887061992
78408,0.20742338787850084
78412,0.1830758003358288
78416,-0.1444737264150749
78444,0.46057661168632213
78455,-0.07119919498310337
78465,0.1250086017095047
78469,0.26912088865892353
78473,-0.07479655927895885
78506,-0.18662565184340835
78521,0.03577682340675189
78523,-0.1846550817555561
78541,-0.01678317477926141
78558,-0.10597387791395509
78560,0.0995095018080998
78581,-0.16629728558798915
78586,0.20944695409212277
78593,0.3806829024210034
78600,0.1040403016152112
78610,-0.0970408733036102
78618,-0.11453317386581724
78619,0.04256450777249064
78634,0.2700762843363956
78651,-0.0132323458739983
78653,0.07039423954221478
78656,0.0976731519714698
78658,-0.14644085538351645
78670,-0.08923389301653349
78688,-0.07285692070321459
78689,0.01865192246409223
78697,-0.04164046079169103
78709,0.24300300180431117
78733,-0.11078057904866828
78749,-0.09999277011086943
78751,-0.14757925384144488
78752,-0.11053277236049935
78753,0.16914279825390233
78754,0.5107707155789554
78755,-0.18645764544207735
78757,0.14082518036673983
78767,-0.05828442899828722
78771,0.3176805225664858
78772,-0.05001283601060027
78777,-0.03492460643343731
78779,-0.31616730003135984
78781,-0.0630177473821151
78783,0.09957335993149576
78785,-0.1910484512139912
78787,0.15085545293567754
78795,0.03668669503847651
78796,-0.11759720579092636
78797,0.01044717846684252
78798,0.14365480978079015
78801,-0.12150184191060714
78802,-0.4705226830909347
78803,-0.3512705449300164
78806,-0.24861039244744496
78808,-0.07765525009984416
78809,0.00223374662522296
78816,0.0680934795406079
78825,-0.17319772383683002
78826,-0.20643402571643707
78829,0.1230273884970484
78830,0.00598955130580925
78832,0.07192005495248627
78833,-0.09999725639088432
78834,-0.2755487784873522
78887,0.13397431009824276
78889,-0.11657327691961866
78890,-0.29540265591919473
78891,0.02778307954225801
78892,0.681070617835428
78893,0.24913821471987016
78894,0.13232186661236373
78895,-0.04303769321634039
78896,-0.47299987390343673
78903,-0.1324606546422916
78906,0.14887432265955436
78908,-0.4035282420973947
78910,1.1668868435542588
78911,0.26994672362204
78912,3.894979715787783e-4
78913,0.25682650253299844
78914,-0.18837857518079604
78919,0.1744864055445707
78920,0.0951804068680838
78923,-0.8196180321554132
78925,-0.2766627895274472
78926,0.12771906052556178
78928,0.0667184834397779
78929,-0.15485391162351306
78933,0.7156704037302889
78935,-0.1318480495019433
78937,-0.13802335447050815
78938,-0.11422190272224324
78943,0.3046910712612435
78977,0.6788889297418065
79043,-0.07300351659153523
79044,-0.04132703475487256
79059,-0.0780656143199912
79196,0.04897235102382644
79233,-0.4671935287249283
79235,0.08161084621575704
79263,0.05498450343830399
79264,-0.42778711255769375
79362,0.3291727115745028
79401,-0.4448249047349151
79455,0.5036426901174904
79456,0.3709453939296863
79464,-0.00185934483688516
79554,-0.20059786659802176
79555,0.17317645668207535
79560,-0.14146135760748793
79565,0.08642285003050301
79566,-0.03428850237590622
80280,-0.0014313180583564
80281,0.6575396332302527
80283,0.08126228144825792
80284,-0.0871065036415779
80285,-0.04843914460378491
80286,-0.24054801104607065
80287,-0.09194092693929928
80288,0.11823839904314576
80289,0.07301649459887438
80290,-0.08452538829852005
80291,-0.14060956470780614
80292,0.38731268909516336
80294,-0.5345429401599844
80297,-0.08328229863187976
80334,-0.24572538492985335
80385,-0.05429634810666233
80509,-0.08810624106479761
80517,0.04420418628886949
80707,0.4113514700697186
80708,-1.3075282001532866
80718,0.09130262812685938
80719,-0.00626329288187497
80720,0.280725757712878
80732,-0.05995011424068462
80743,0.02252034580789947
80744,-0.03415674897701035
80748,-0.02865140056697744
80749,0.05665040563615087
80750,-0.08058193440334904
80751,-0.0313021268988396
80752,0.06804636117778541
80794,-0.168448412747994
80796,0.6335000610248979
80837,0.18457386819078345
80838,0.3779466442179027
80857,0.1925307890324208
80859,0.18053443650294831
80860,-0.2799762265312114
80861,-0.05447495867559817
80877,-0.11681549548221382
80879,0.14441653774993896
80880,-0.2475674627025049
80883,0.13458402009029283
80884,0.25979214922232496
80885,-0.24544324190639785
80886,0.12499542079858722
80888,-0.5448982060348538
80889,-0.3454405063354081
80890,-0.18092646887743064
80892,0.46225349848888975
80898,0.3337434103164208
80901,-0.13556246428072205
80902,-0.4939638421853043
80904,0.08719174156364567
80905,0.08443670382370796
80907,-0.13568616642328638
80908,0.0939175843196433
80909,0.06716028587540257
80910,0.5506126320424413
80911,0.0993546010891386
80912,0.08766707885863831
80913,0.09220386348838476
80914,-0.07228346374666086
80915,-0.16771625172881635
80976,0.10526754571963286
80979,0.2950469393294741
80981,0.1870891526994894
80982,-0.06558915605410012
80985,-0.00342185280464557
80986,0.2770963337814888
80987,-0.27923004630507353
81000,0.265634496093907
81003,0.15908334720827202
81004,0.22903296137410695
81006,0.4373960795664412
81018,0.03340432702045238
81489,-0.01038643988141017
81500,0.02278720930219003
81535,-0.19864665192535683
81600,0.27844479628764585
81601,-0.0252497265690896
81630,-0.07198696828818477
81702,0.05275801276949266
81703,0.11630797225301943
81799,-0.2033113566178474
81840,0.24671353022746273
81845,-0.13359263245748498
81877,-0.07552025445090019
81879,-0.16506499815473435
81896,-0.0255357421099522
81897,0.13600648002782464
81898,-0.13678401708803706
81904,0.31069720258991107
81905,0.8198001221501621
81906,-0.16335659128720864
81907,0.17327565461042832
81909,-0.04023638845971571
83379,-0.20276332119300788
83382,-0.09788522232639682
83383,0.2344424862457835
83395,-0.16437839458568182
83396,-0.03305840175821188
83397,-0.1621902125712859
83398,0.3991258421847866
83408,-0.00769617725950583
83409,0.01243334208529934
83410,-0.06167131212780394
83428,0.3360245438669558
83429,-0.232925152152284
83430,-0.4371211258634186
83431,-0.07413594373063638
83433,0.06402083633909439
83434,0.03808562044551208
83435,-0.29194695352253264
83436,0.06168232506303788
83453,0.12569948867246772
83456,-0.3591866906667456
83485,-0.07796739183854438
83486,-0.02615144762577919
83490,0.02978074339450154
83493,-0.05001387473167878
83553,-0.16362621215797574
83554,-0.5614010111678275
83555,0.20754077638269083
83558,-0.5133848808001955
83560,-0.8843272837995804
83561,0.7055447606438918
83602,0.06089968491416974
83603,-0.27463123867255557
83669,0.08991054567098447
83671,-0.12005217130763192
83672,0.15679624294146338
83674,0.5021396369928961
83675,-0.7778105884939601
83679,0.05024394390751455
83691,-0.2803413185603496
83702,0.0415760881941903
83703,-0.1181843153008566
83704,-0.26945346116634916
83762,-0.18812765487529823
83766,-0.5890676146341067
83767,-0.25404776844279653
83770,-0.234709623078783
83771,0.34478285343698717
83796,0.10891293705722836
83813,0.14118260531281093
83814,-0.25681022861691494
83815,-0.12511493638658808
83922,-0.05732440536702916
83924,-0.07939910770043752
83925,0.15224263221561732
83945,9.269318524461022e-4
83946,-0.4981796919341462
83961,0.12988603818362968
83962,0.00562113287311947
83964,-0.20299512026831384
83965,-0.15244497712770494
83984,-0.25052074046546857
83993,-0.00698573488502309
83995,0.3486605988262288
83997,0.202990867689896
84004,-0.08146261895231591
84035,-0.3721894721564397
84036,0.3697057241636854
84092,-0.41579316008946743
84094,-0.15710565723054032
84095,0.05118120047698101
84111,-0.26071800318077004
84112,0.02739077395177386
84113,0.0698363167179535
84505,-0.1718836556300599
84544,-0.04594925673503489
84585,0.18375901469128805
84652,0.10965326974513342
84653,0.11397278090471018
84682,-0.10054756580774432
85030,-0.17775612978564842
85031,0.6405577129964819
85305,4.374642698498814e-4
85308,-0.1031936265118476
89867,-0.4357528758910869
93671,0.2580906583736577
93672,0.28009633474398915
93677,0.2722150601255616
93679,0.18688472323092825
93681,-0.17326219168307375
93683,-0.3948846310068723
93685,-0.1641209161864789
93686,-1.1259996284336546
93687,-0.06181496938885057
93688,0.08130631105114891
93689,-0.13147556996712104
93690,0.07272853804948717
93691,0.07986981396167486
93692,0.1424854331266115
93695,-0.47999361280604824
93696,-0.22495347951809605
93697,0.12582532717771955
93703,0.4159722201455175
93707,0.4159722201455175
93708,0.4159722201455175
93711,0.4159722201455175
93716,0.4159722201455175
93717,0.4159722201455175
93721,0.00867447846568905
93723,0.4159722201455175
93724,0.4159722201455175
93726,-0.09533908477666558
93728,0.275803163139251
93730,-0.2940871082145754
93732,-0.206907338300612
93734,0.11764518852167812
93735,0.23714578695521543
93736,-0.5682718615986051
93737,-0.06570733018783213
93739,0.0824747766430852
93742,-0.33420568559331143
93746,0.6462798130166285
93747,-0.16445838515068764
93757,-0.09555845899776476
93759,-0.10623669264287908
93760,0.06710442092158816
93761,0.2921170815026112
93762,-0.13876824129606302
93790,0.02842733579327967
93834,0.1231239614702258
93835,-0.09243071217525368
93836,-0.07264046657554556
93837,-0.7623493929416962
93838,0.3103912024724331
93840,0.18475066033581528
93842,-0.01449436269925072
93843,-0.07397786084536392
93871,0.00375288499182301
93872,-0.2039295524360393
93873,0.36589474922975174
93876,-0.5911107409697399
93881,0.4194209889810731
93884,0.6142414175193165
93886,0.3391812459433022
93887,0.12791098564665682
93888,0.01964421792893722
93889,0.02753730725769111
93890,0.5877418584117875
93891,0.1959715187072687
93893,0.24291219578734033
93896,0.8654533599669023
93897,-0.2516051432182561
93898,-0.143689754355081
93960,-0.3954992180236666
93961,0.0308216838073124
93966,0.02022942222873156
94041,0.04810659025289611
94043,-0.1927331768218833
94044,0.10637462776073944
94047,0.03967811642833679
94061,-0.20934753392733427
94062,-0.14928284293782573
94063,-0.1455327648893805
94064,-0.1986474110455533
94065,-0.11406460966219216
94066,-0.13764737038955624
94067,-0.03881813851833821
94088,0.0967447842979456
94089,0.0073470487569773
94090,0.3289867927522151
94091,-0.11603460456491849
94092,-0.8772743051086387
94093,-0.208605518969099
94109,0.31103274649407475
94111,0.2787760885060612
94112,0.0624216537163146
94175,0.2159928046562294
94176,0.1258403329018854
94178,0.09233021760623394
94179,-0.0145835147740766
94180,-0.2609443549408508
94181,-0.02767606246641211
94184,-0.02384117135016113
94185,0.06176560901612801
94186,-0.0816066400724926
94187,-0.40227465320195055
94190,0.43490812171714355
94191,-0.5216207175208125
94212,0.48239668271880054
94213,0.1723961714649699
94214,0.20876490501578224
94215,-0.1598175678349518
94216,0.6265098484745749
94218,0.03792998564860379
94219,0.24638645253694869
94220,-0.1828638418839325
94221,-0.22158927431697753
94222,0.13265429646562296
94223,0.12413463387283737
94226,0.16174746917816268
94227,0.34104411446033106
94229,0.02373896083659973
94230,0.158464332755196
94242,0.3320803682848963
94244,-0.8765088654838329
94245,-0.1287181430598667
94246,0.02225132417995494
94249,0.3293361764038159
94253,-0.03468891049327673
94254,-0.725398752981507
94275,-0.8411069979997158
94279,-0.00685852280196629
94280,0.0598672829553801
94282,0.1836753861947039
94315,0.04947966409830718
94332,0.21513606533775995
94346,0.11383116063963206
94352,0.03841886721796218
96875,-0.13310345999195883
96935,-0.9082397350661124
96957,-0.23124459068888617
96979,-0.08899342942523275
97031,0.2752634111742468
97064,0.12311140120131848
97086,-0.10104355092571646
97130,-0.2350985362725639
97159,-0.1547316013236571
97165,-0.04687127352352971
97212,0.48970883685375866
97287,0.11585987704336911
97387,0.12550941286624354
97440,0.04171665348027856
97476,0.6019928724593441
97484,-0.13000801526432976
97487,-0.36425763965318114
97541,-0.1072402806668874
97761,-0.20001381607483928
97820,0.13060355347404357
97827,0.05629346971061199
97863,-0.20518312552784015
97884,0.03014162580770954
97998,0.03654538999201057
98053,0.01779921513353136
98170,-0.40315254536866374
98193,0.04840207803527228
98221,-0.16433064220797303
98238,0.01733142230791773
98256,-0.02466385156917051
98258,-0.13791369111615276
98303,-0.42968967680608705
98314,0.5894400241464806
98363,0.19968583771583487
98365,-0.1990348536834442
98366,0.06743427770066762
98376,-0.7874672075306476
98386,0.03190737057959138
98388,0.2190011564659714
98396,-0.21220465375568853
98403,-0.10694461627723575
98404,0.03277252850256814
98415,0.28063018585727295
98417,-0.03594401222164608
98432,-0.11136079562731008
98488,-0.10294642956320438
98496,0.09245942841490148
98558,-0.03238691743416536
98660,0.08233632974620977
98682,0.2704005566281197
98685,0.0048643556016165
98710,-0.16702239592559823
98711,-0.09476512670212552
98732,0.22476162727729948
98733,-0.4169493644733145
98741,-0.289266148803763
98752,-0.24571488439451752
98758,0.03866035010096688
98828,0.09940778128221178
98845,-0.9059809477929828
98878,0.24635219517884896
98910,0.0999210657003074
98932,0.1348869886880314
98952,0.02537411395183578
98956,0.1428823208788168
98970,-0.6087904869244961
98999,0.12490533823917536
99003,0.05806746095374865
99010,-0.7134687148008015
99011,0.02646430662093558
99031,0.15633268870799935
99035,-0.00919002992415098
99045,-0.06900234519394088
99100,-0.15253138488412282
99138,0.017714204774603
99151,0.34021046435669433
99152,0.05378051911735564
99167,0.5326566162661002
99237,0.05218407960916493
99296,0.07989470038622015
99311,-0.01854273594625556
99326,-0.13991175415659954
99334,-0.10948533535917251
99349,-0.17099763305776863
99371,-0.10276566122783316
99375,0.2514705688418121
99377,0.0978243429719117
99382,0.09562310879907948
99412,0.07500661007508987
99439,-0.04398638850550885
99470,0.05334325525409719
99480,-0.06683588515544905
99512,-0.4853554689873273
99526,0.1412181788890048
99543,-0.27160904706242195
99571,-0.1672444353258282
99586,0.20981981132791425
99633,-0.14596904390997323
99650,-0.0986690703894324
99662,0.2675630414283713
99681,-0.5160805757355563
99683,0.09237589639541809
99712,-0.02706036165568386
99738,-0.1871963165278817
99887,0.5957941493593769
99889,-0.1231446142414013
99890,-0.6280656163378037
99899,0.03433892804325244
99929,-0.04117670051321698
99982,0.08450344082222899
100017,0.18132659171108045
100019,0.5592342376496784
100061,0.03114654411796997
100072,-0.12893127795789783
100087,-0.2135639253387202
100088,-0.02799473600516186
100102,0.10930064959980627
100121,0.15218250734875893
100129,0.527483598006465
100155,-0.3391796104373006
100163,0.09944111333607523
100169,-0.02049198182122926
100177,-0.3430184694763078
100198,0.18883790901398023
100201,0.1261208482318426
100206,-0.07582151555436059
100210,-0.04961232479961866
100213,-0.18648220415753536
100226,-0.2252349854177273
100273,0.01419078498186028
100317,-0.10552039195627072
100336,-0.1404391190110368
100340,0.5840746489175017
100342,0.2155859850704634
100383,0.1051558203320818
100434,0.308456339474819
100465,-0.08391839534625783
100494,-0.1424665401390202
100515,0.24786722507797448
100532,0.02611817870417832
100561,-0.136229551987828
100604,0.362706056606834
100608,0.04436326778114007
100609,0.13637624493449202
100637,-0.555848046798689
100647,0.8015358468799771
100678,-0.16180696295441985
100683,0.01097976766230932
100689,-0.4420635143958519
100705,0.15674676012965802
100710,-0.17642107855492353
100715,-0.12579350998057973
100727,0.08955780424402285
100732,-0.05676009549139284
100737,0.090978234467609
100756,-0.05357513531205121
100763,-0.1392928665507432
100764,0.49878826923138775
100855,-0.02605312374769369
100900,0.02625161555911374
100910,0.00265368235996558
100929,-0.1166194433922388
100952,-0.18039874161882785
100972,-0.18099113295746416
100978,-0.22273905754419449
100986,-0.00750751176484633
101023,-0.17137078001400993
101095,-0.04728488124215784
101100,0.03079785025203492
101113,-0.13016314323427824
101118,-0.5538797434834779
101122,-0.10848236442764464
101142,-0.01324376638422936
101148,-0.08352332919297172
101185,-0.27986830968465726
101187,-0.5869516990040429
101202,-0.06928381046935823
101206,-0.11517678277311708
101214,-0.22285282520337313
101240,-0.06613194756470894
101314,0.07999962110424949
101320,-0.16260286520189726
101359,0.08826655596047718
101401,-0.15810441466590955
101437,0.03981904892726274
101471,0.096437965953975
101476,-0.0834819266351639
101488,0.4348773241631522
101489,-0.03704579833107977
101490,-0.0656825370092334
101497,0.03787987680352642
101502,0.07566844043925963
101513,0.05069026051286365
101533,-0.11593195837231138
101540,0.13943711158481242
101543,-0.16896150663741327
101544,-0.19433918366655528
101565,-0.5439570465892282
101568,-0.02181848134126345
101592,0.09657393966970217
101602,-0.2171336335336232
101612,0.02033743712163523
101613,0.20921332628064737
101631,-0.11774651832663864
101685,0.0236322233294678
101700,-0.19863379204430456
101706,0.14730291163418244
101739,-0.05113680287873319
101772,-1.277603744794089
101809,-0.2511468682303739
101831,-0.5877631019563487
101861,-0.04957081512349876
101867,-0.01628183755993324
101869,0.03300188580019601
101883,-0.00790539479904097
101943,0.02277702788530228
101985,-0.1302358906715299
101994,-0.2711486152205974
102032,-0.12696458420399998
102058,-0.16875153447496724
102060,-0.03249347003756606
102075,0.2505979523018221
102093,-0.397694813467681
102098,0.1671799549218866
102103,0.30612755482005294
102122,0.11791613568421708
102124,0.20577605502132856
102141,-0.20845486105658684
102182,-0.06833474131981482
102193,-0.05097361345878355
102209,-0.10018536787401663
102247,0.00218015421490356
102278,0.16576563141763911
102294,0.11790525496427312
102323,-0.16481921954242587
102334,-0.14669761264048392
102339,0.0765672792618658
102371,0.05791741729560511
102414,-0.00429545946680269
102423,-0.1944183626478619
102436,0.12866116942317207
102442,-0.07477140674727947
102462,-0.14701563912769294
102502,0.4245953800717397
102545,-0.09016536357890163
102566,-0.29167561767310374
102570,0.05904845849692809
102580,0.18305288527436425
102595,0.09858481835120336
102607,-0.18553660096352032
102614,0.4093187373178905
102626,-0.12614873892512504
102632,0.0577734531418034
102644,-0.23519162510699348
102680,0.01633682150709205
102693,-1.0679333810457532
102747,0.4943544718281781
102774,-0.01924118549037062
102791,-0.23064746080548257
102857,-0.3693940809124258
102866,-0.35269546429401294
102871,-0.0961694634772022
102920,0.06250603251491525
103080,-0.04046757164274905
103098,0.6312829094982895
103135,0.11209568728507092
103136,0.0688880183906105
103149,-0.13654249666478616
103161,-0.06116680162253672
103172,-0.00827324190526298
103199,8.794850843728969e-4
103213,-0.03132425434032085
103236,0.01193774693221062
103266,-0.12814129519144302
103268,-0.38200094492756
103284,-0.11602926235074984
103406,-0.4122140326090628
103425,-0.07851565869492683
103466,-0.10017303286848672
103468,-0.04881556336242936
103511,0.3947813112230724
103534,-0.05217979740471862
103537,-0.03620333481236339
103551,-0.0582223764474159
103554,0.33776653516066674
103573,-0.23689679060942637
103583,0.02717701196469547
103655,-1.1812576359771811
103677,0.03624264360782198
103694,-0.0094117433469728
103710,-0.0239280449938199
103711,0.13490858785940787
103724,-0.16949749686287052
103733,0.03660177198829973
103737,-0.1299528595088865
103742,0.01250701903419128
103743,0.09456573694974144
103765,-0.32415121803568236
103768,0.04666814287481344
103775,0.2080731326861893
103806,0.0057915022927195
103836,-0.04128448472429044
103841,0.19811900127639964
103844,0.606841671628012
103850,0.04945762875975876
103889,0.13228862118497586
103963,-0.03417400994952198
103967,0.4352968497385743
103968,0.5783728583671854
103978,0.2318537101594517
103988,-0.15187682412383283
104001,0.03379057086996601
104009,0.18520730169434296
104010,0.06743856793470139
104015,-0.02485517896161592
104027,-0.22378488975558727
104069,0.3994135842124642
104079,0.45868235565409543
104080,0.04298254710190158
104082,-0.00770541264046478
104086,-0.41027406940183614
104099,0.3974807886600811
104110,-0.02506929505258977
104111,-0.08211801532074323
104112,0.04869196795859148
104130,-0.06065931664959251
104156,-0.04233303918925015
104174,-0.01527974746750973
104175,-0.207658914734232
104215,-0.07690106700170914
104245,0.36063160403446176
104248,0.05720198657021862
104252,0.01920598707309274
104263,-0.19864873829561183
104271,0.5095171310121155
104303,-0.1046882629428806
104318,-0.00734234691101194
104346,-0.0479904682825151
104360,-0.09221205748806388
104382,0.23640525953854133
104383,-0.1897153697380905
104394,-0.41704952861735534
104401,-0.08033516939708267
104416,-0.08005751741777452
104418,0.0936276941584287
104443,-0.27788635944148005
104444,0.05330518479233641
104445,0.14095413209290164
104458,0.06195755345848834
104479,-0.02596998739755691
104570,-0.08594514546938985
104582,0.12608869851018972
104601,0.08019054915429347
104625,0.03833127575278648
104681,0.08180265362552412
104709,-0.026455135370995
104718,-0.00203871983878497
104721,-0.00916975385822485
104725,-0.19324692196506177
104732,0.6385913319338703
104759,0.01371760808968661
104771,-0.08105438417089417
104776,-0.03763061666742121
104799,0.07518056883363218
104806,0.04996446116275183
104816,0.20760638869466363
104831,0.1847618697223688
104836,0.19198850652903465
104859,0.209900257781982
104871,-0.3515978026721726
104884,-0.00918679391947243
104885,-0.04898763297200387
104910,0.1047380482543654
104923,0.12646167814127762
104943,0.27273112156816703
105000,-0.43802525706688666
105005,-0.375525594288136
105014,-0.2856241316885729
105083,-0.10053938203948082
105148,-0.01859513866575102
105171,-0.00768501336596419
105193,-0.23370518133483417
105203,-0.19825926275322123
105239,-0.15758501480821976
105243,1.0256142985477457
105245,0.01900089054161095
105278,-0.0140777365638313
105298,-0.23163418521299867
105348,0.00789662631986309
105349,0.03090121479442701
105351,-0.167494192867929
105352,0.08058802045000538
105355,0.14876690498927567
105372,-0.2207353804963037
105377,0.1971800969957762
105428,-0.35840642588814553
105439,0.01224108543340618
105440,0.02409530604072091
105445,0.26643108202296967
105446,-0.07828898599369612
105450,0.26266172731533893
105501,0.15604544764343195
105504,-0.04981277662237678
105511,0.5053360826804207
105513,0.02891122889249146
105522,0.09441860309150318
105559,0.21871205875473737
105638,0.06493672345797828
105653,0.09402208207833627
105663,0.00856674371119395
105670,-0.03773751746477331
105675,0.23617598576931875
105689,0.14082699495357265
105722,0.17852107096141331
105727,0.00706305602211665
105732,-0.40937605122508103
105782,-0.05611855039413407
105785,-0.14406891562269208
105787,-0.00456146765983146
105833,0.24100097750591692
105835,0.00172669110065348
105837,-0.22266113395447895
105844,0.2730560502781422
105847,-3.701008960922472e-4
105853,-0.5336039236831907
105855,0.07384196695513531
105859,0.41899943989277066
105866,-0.3912799215466425
105988,-0.2669997200364242
106014,-0.678678534536774
106021,-0.13595865637402318
106025,-0.05690981160478979
106042,0.29702468408452753
106052,-0.04334744836692086
106064,0.1862836942994253
106068,-0.20173164202218527
106073,0.01830136939420175
106143,-0.10829714686251636
106200,-0.05143515752940441
106248,-0.8732195265276432
106298,-0.10433621028059197
106326,-0.07031313140343515
106338,-0.01680735999741989
106344,-0.155232049985341
106347,-0.27972054323747864
106369,-0.1858753037178657
106389,0.2154850811449912
106393,-0.6091638474244238
106407,-0.4382433327238838
106489,-0.29526010924151586
106504,0.05883826958702158
106512,-0.04100738422135509
106522,-0.3363520267334823
106529,0.04589826250688808
106564,-0.19851481822803485
106565,0.07422379516056836
106572,0.1566073176383148
106581,0.10147464682113316
106582,-0.11692290668535624
106583,-0.0681341263986041
106585,0.08979919230640909
106618,0.06153830994816228
106628,-0.09930085935794496
106633,0.2270351386737492
106639,-0.150319604586682
106707,-0.1412492142614209
106722,0.35187972393538625
106757,-0.16346474053254503
106759,0.06194764729851275
106763,0.3665489202136909
106766,0.04213587042856141
106794,-0.3329867690091573
106821,-0.06548385221090178
106840,-0.1842071265401012
106861,0.2688797418560983
106877,0.3691169785916488
106878,0.03407465170960781
106894,-0.06932475937488064
106931,0.0735759010340879
106947,-0.08064033234269344
106952,0.12070293258024192
106957,0.07890316157122972
107022,-0.1584025118490175
107029,0.0835138673974326
107045,0.1120556234744923
107047,-0.2477267640433019
107065,-0.4086721079473409
107071,-0.11605941921058184
107094,0.2633017144670038
107146,-0.5466346419426913
107173,-0.00140466647106658
107182,-0.07802774863659447
107197,-0.07957264502546649
107221,-0.2477720919534176
107227,-0.02283616045858934
107239,-0.01472549905472988
107250,-0.14148945181504716
107260,0.05014841956279832
107271,-0.1931597448308412
107272,-0.11147075513588722
107305,-0.11663007712414092
107321,-0.1623323747123846
107328,-8.117183884882861e-5
107338,0.2717710380526255
107351,-0.7635820236320523
107358,0.01096712385202016
107368,-0.0533597161865028
107371,0.11154758332532994
107373,0.02212951670888541
107375,-0.04147538660906325
107392,0.02649346647714275
107435,-0.30197054022534286
107448,0.1926345423844845
107449,-0.41293189901442656
107476,0.18170097679720304
107477,0.1023846654022584
107503,0.04175460197857556
107508,-0.19639063889031408
107513,0.01409560002983696
107515,0.52131186219622
107522,0.25089696999243727
107526,-0.06509953373609334
107527,0.09039387334075176
107528,0.0963759910472156
107566,0.13668516264043928
107568,-0.02026041772291686
107569,0.14658587109545312
107581,-0.32103797283587565
107585,0.17148040048740498
107586,-0.07441134046881333
107587,-0.13230945261211047
107589,0.470588332843883
107607,0.03797712934976396
107650,0.1169113018031018
107652,-0.03325996367194175
107656,-0.3565096865999565
107684,0.3066662435965374
107686,-0.02734886409252171
107701,0.07880615946463894
107702,-0.08938526056225692
107723,-0.08693114242164282
107732,0.05844456749536736
107733,-0.09366519436542588
107746,-0.12208804986977224
107747,0.2406866911892871
107753,-0.2796844433963487
107765,-0.1813765177124581
107766,-0.08650956064288436
107767,0.4209618261694982
107769,0.00309839930984224
107770,-0.09062771200762228
107815,0.5339572669278776
107817,-0.0345722966796015
107823,0.4128098216584763
107829,0.07480869266557263
107831,-0.5019202075658775
107868,-0.103363339701148
107869,1.1574651819362014
107895,0.03705844921954499
107932,0.1746627897588199
107934,-0.08034135414402391
107951,-0.05206126769373923
107971,0.1971199217567766
107975,-0.01915838372854861
107976,0.05623817857184739
107986,-0.2524125845861076
107995,0.10883552682439888
107999,-0.08909634711849482
108000,0.09946809433023612
108011,0.00902438911347379
108012,0.1206866369186628
108013,0.11101263359792782
108014,-0.07127200009749927
108015,-0.24264660449815584
108017,0.15519042309664416
108030,0.3727764935666504
108043,-0.27486292419028036
108052,0.03266134077372128
108058,0.07902326545202706
108062,0.18097186009483857
108067,-0.17384155731646073
108068,0.2662062156105034
108069,0.5804466845233627
108071,0.36034378535008127
108072,0.2185893887378433
108073,-0.4055176472412339
108075,0.14783962204793755
108077,0.09148661012752396
108078,-0.5269419238448739
108079,0.8636886925239423
108083,0.04987736388800726
108086,-0.0381322484761537
108089,0.10518972608035708
108096,-0.8793292227100766
108097,0.25948973368300693
108098,-0.06892815102977709
108099,0.0327896432177848
108100,0.3348167490527049
108101,0.29276572291368963
108105,-0.1816817513386284
108112,0.23752880291416845
108114,0.35504278380329246
108115,-0.28069875884074275
108116,0.15406106317757218
108121,-0.07145732131777698
108123,0.05759735303075996
108124,0.03472297867347184
108138,-0.21027478065236016
108143,-0.23314199260341223
108147,0.08050232773942101
108148,0.07315443640862683
108150,0.04874653171499592
108151,-0.6022201912324668
108153,0.26986479390727613
108154,0.01867475107761373
108155,0.06473001500444725
108156,-0.02391667337340698
108160,-0.00781264688842618
108161,-0.01090709666068838
108645,-0.10551105756266098
108652,-0.0809579947126263
108653,0.6504647736647688
108654,0.19477982089465012
108655,0.04863903080089862
108657,0.0252165419376024
108660,0.00947454927564595
108664,-0.03955040243051658
108671,-0.07918402074457498
108672,-0.30863923572934016
108673,0.02782430887213438
108682,-0.00757565936638193
108686,-0.06637297005460197
108687,-0.13575547563784618
108689,0.02073057439099868
108699,0.28112112509192055
108705,0.11159012028088272
108707,-0.09770283234548476
108723,0.05289464961348441
108735,0.02733822564593292
108737,0.04014000174780865
108755,-0.14733594069575023
108760,-0.44348699609527703
108767,-0.03995853078813333
108797,-0.622371413681612
108800,0.5236808647568426
108803,-0.4244409853395757
108811,0.17480768728645685
108812,0.4276480430257359
108829,-0.05366552074259714
108832,0.27001042855211016
108837,-0.01389886325254302
108841,-0.7083333594180303
108853,-0.2547916180124592
108897,0.00149308492889241
108900,-0.14882169741845314
108903,-0.17686899938051384
108907,0.14702641037304703
108909,0.08939484175269702
108911,-0.02192818687276508
108912,0.3517989920474654
108927,0.30771861529913386
108934,0.01653333230217738
108937,0.1359272495597839
108943,-0.41094776945972344
108946,-0.1296119354615735
108954,0.11175520185981004
108958,-0.11621901586028688
108960,-0.01858425462729563
108961,0.2220911174584055
108989,-0.2701195155962304
108995,-0.04620084467104939
109006,-0.06110900485181854
109019,-0.3188878083161045
109032,-0.06629209265500392
109042,-0.6195201709110832
109050,-0.1964422516203076
109052,-0.01800189488662937
109054,-0.7055493611316666
109065,-0.32025232054572994
109075,-0.05031679920754606
109077,0.09184146145151478
109079,-0.37068406338114446
109093,-0.08960355575066367
109095,-0.14377005638904616
109108,-0.07664117013188015
109113,-0.06911836864125241
109115,0.05161342214100762
109129,-0.13403800593711554
109135,-0.1645448679569545
109136,-0.1605668150910642
109145,-0.1340401110766011
109151,0.24615095981571816
109154,-0.31217009623218134
109161,0.0402574244897921
109168,-0.1979291093579857
109181,0.23290578712824633
109205,-0.304594471607308
109212,-0.3618617147073609
109218,0.4588475585086573
109222,-0.15165729314554144
109225,-0.13040192060465575
109229,-0.15478726827860098
109232,-0.12743418406636098
109242,0.2171790943694581
109245,0.02790572275980822
109246,-0.07006243408436837
109254,0.11655181048224068
109263,0.01552527501168444
109264,0.09909358110897508
109267,-0.06297083707440092
109270,-0.08607894418310026
109272,-0.1750251572403403
109275,0.02703491382489964
109284,0.41569782479952744
109294,-0.2181211810898527
109305,0.24795325853551323
109314,-0.07152188144962035
109323,0.22560649828045232
109331,0.12188038117810776
109332,0.4190475702918366
109333,0.18457468937909488
109342,-0.31888583893602185
109346,-0.21550622246684029
109349,0.00388887545857714
109359,-0.0080093639652254
109552,-0.02503470020445462
109575,0.02674629737182471
109593,0.36617658761932215
109594,-0.4213847150454809
109620,0.3183228287229166
109637,-0.2058589740583817
109648,0.0859995050727891
109658,0.1456886541688666
109660,0.16742333701006454
109672,-0.01376920472159882
109674,0.01324922535364575
109685,0.13107677951949526
109689,0.2513667171689341
109697,-0.5490130921995162
109700,-0.3397190425110544
109731,0.0902009691106622
109754,0.06833206679692508
109778,0.04313202662691826
109785,0.0719567238816721
109791,-0.0968360660417414
109815,-0.02821423943661051
109820,0.1951111806458596
109821,-0.09447613484321896
109828,-0.3118818901622646
109857,0.13026596748302222
109880,0.15566742966119743
109889,-0.02167002196924253
109900,0.02049864009917459
109901,-0.24103187025559747
109904,-1.5428813560118495
109910,-0.11812344925684032
109929,-0.04827786083397494
109934,-0.1484901044499403
109978,0.03613307956218973
109979,0.24381361349273067
110006,0.06294135131160265
110012,0.252191787034814
110033,-0.2056094752502521
110058,0.12413701163683973
110074,-0.24647920751248553
110075,1.0717365246089232
110078,0.279181536089821
110082,-0.9049115822365216
110083,0.3165230025294412
110084,0.4256214526258893
110094,-0.02085140402017652
110095,0.1843924374673519
110109,0.0221518074545208
110115,-0.04964013492061495
110119,-0.19175811234810264
110135,0.1607664996219481
110147,-0.00263654665155516
110157,-0.08853952229594277
110168,-0.11592085087303154
110172,0.1216729090321318
110173,0.02870766771123342
110175,-0.13940518264125218
110196,0.07301957845866608
110197,0.36430852918590384
110198,-0.05348694734879858
110208,0.01222193182091643
110213,0.128451834880511
110253,-0.05636600707920421
110265,0.01231596348224152
110279,0.2580084297128041
110304,-0.1556473262150679
110308,-0.03941660182648775
110310,-0.4196760000177866
110312,-0.3714804215789103
110323,-0.13430212731100327
110326,0.3838105278680029
110350,-0.13610758624339137
110351,-0.11924538577274374
110355,-0.0727510613421264
110379,-0.01134519446122477
110380,0.3704788132730352
110382,0.3756458389494207
110385,-0.16255067657428104
110391,-0.12507825862601182
110417,-0.20193722050366797
110446,-0.07446065179293801
110521,0.4036492007300221
110524,-0.20799734211721932
110532,0.33312298752011765
110542,-0.565335079768231
110593,0.04529827182500925
110595,-0.7800082005953083
110596,0.10404877510345165
110606,-0.14365186262966942
110611,0.28749604407506224
110616,0.5062467083004365
110637,0.11979397679374498
110639,-0.4415592110569534
110648,-0.4887517742861667
110651,0.11786176379290764
110695,-0.1961880880746863
110749,-0.00685908195353584
110750,-0.03256835680471696
110751,-0.37310758320441384
110784,-1.001423194119714
110789,-0.0300107712219446
110794,-0.12461600325459248
110796,-0.04798438223166319
110805,0.14695412216574244
110809,0.06238276348897952
110816,-0.02502552833649881
110821,0.04416984315288849
110826,-0.04849953135600304
110829,0.14257542192526934
110834,0.23277028504108127
110835,0.06333586323046483
110842,-0.00351921699900945
110854,-0.01724243710483478
110855,0.1514997284463814
110862,0.38651413189326106
110876,0.05725235683955899
110877,-0.1566805357847194
110880,-0.00389510711453601
110886,0.1211193803820547
110891,-0.41226066306542625
110893,0.04475540780395909
110895,0.6151983869017081
110902,-0.20991589565501848
110911,0.225921020931916
110920,-0.00726569968496793
110935,0.2228576714026843
110948,0.4091758505940964
110957,-8.571247419520284e-4
110958,-0.03731135551004409
110960,-0.05790732437796352
110962,0.01063617148793052
111173,0.04717366254859641
111174,0.03952506393746631
111175,-0.06820501261393985
111241,-0.06693504926919552
112403,-0.05820534624356909
112406,-0.0747437404437485
112407,-0.29848597291216866
112418,-0.00151966252933336
113868,0.00165878415301897
114128,0.11536171161615888
114141,-0.2821482374676085
114142,-0.1570024597999901
114143,0.01310931109293313
114229,0.05349485947052058
114230,-0.6163183497772579
114249,-0.3182520463597083
114255,-0.6708135590521711
114301,0.5195531490413294
114304,-0.3210582878444569
114332,0.5962277758340311
114565,-0.01535372180391845
114566,0.29407174745491327
114570,-0.04042507590034967
114584,4.431254627285438e-4
114585,0.04145092176927625
114601,0.0870541673192512
114602,0.4238540253057921
114604,0.02617773195831867
114606,-0.356831334597005
114615,-0.00751456719001239
114640,-0.22708817663754033
114641,-0.2805828271919361
114642,-0.12227434720030486
114644,0.42096640834584625
114652,-0.4098985816014176
114654,0.14422539959684544
114663,-0.05743349817321706
114664,-0.07244332858145144
114674,-0.02672967264993568
114712,0.01244311807401049
114713,-0.10254056988564786
114714,-0.11115050199938828
114715,0.08655673032723177
114716,0.3880977770804178
114741,0.4672539051509308
114774,-0.5018688951347368
114863,-0.1895085658130938
114873,0.39449091617464815
114874,-0.21429009286979195
114875,0.1701248965217264
114886,-1.6083452402730836
114889,-0.30817827554037747
114893,0.1809875172392747
116701,0.2094061778514329
116731,0.06875253441997184
116732,0.25122212044590153
116748,-0.07257370008065972
116810,1.0228736533282328
116838,0.09433291424458476
116847,0.6469407288232509
116848,0.17138320612942054
116870,-0.01742666540839886
116871,0.18581323705320713
116872,-0.2920084930990767
116873,-0.06333436674068921
116891,-0.11421024961441031
116904,0.7464102933192925
116905,-0.10406942181051988
116914,-0.7646585365599445
116939,-0.41179722738199265
116940,-0.0909652534794262
116972,0.10430192083292145
117004,-0.2318243748505688
117109,-0.08162398606420435
117146,0.23283677177872947
117147,0.19717806678869057
117148,0.17680930581995388
117149,0.1759637882300757
117150,0.00790783622160352
117158,-0.2871731970795072
117160,0.00864444520151561
117167,0.16637626573127431
117171,-0.07302002308284361
117197,-0.17193865011708817
117198,-0.05076854464843166
117229,-0.06359554061209886
117586,-0.12984677141557127
117589,0.29178291280251223
117591,-0.12958358368542588
117599,0.01969638776094572
117600,0.02945880703734775
117606,-0.0916707866299346
118445,0.18953105042512533
118446,-0.2043520668076597
118449,0.48590142468597897
118451,0.11625586207331665
118453,0.686153472199968
118454,-0.07026808257116622
121021,-0.65583069099484
121022,-0.12108880415465816
140474,0.8587030995213735
140475,0.3586790013733693
140476,-0.01500453808301949
140477,0.5876394771730649
140481,-0.0682900540880988
140482,-0.2302939426303468
140483,-0.04770940183536609
140484,-0.03528855410966766
140486,0.26115601248780446
140488,-0.346039350035429
140489,0.02279271927148635
140491,0.43180495173974953
140492,-0.10165143931093444
140493,0.19631656288204272
140494,0.29660830243525926
140498,-0.2765187696778436
140499,-0.08482909391384788
140500,0.12934896388927292
140546,-0.22977482717413253
140557,-0.9937630972333787
140559,-0.04495915237068691
140570,0.08843891354755522
140571,0.4425640524252853
140577,0.4204098068494943
140579,0.02534795948800429
140580,0.2754874642692636
140629,-2.5841203071364297e-4
140630,0.24596170200702472
140703,-0.14751739928707863
140709,-0.3984345978873036
140721,-0.2082636205132439
140723,0.48839524786146093
140740,0.01225538926830682
140741,0.27013826811062197
140742,0.0419659731372549
140765,-0.16739978375208625
140780,0.34796046345536397
140781,-0.502948494994196
140792,-0.37314099992904326
140795,-0.2526511551935833
140806,-0.10504640252035397
140810,0.15226567848391936
140858,-0.14534036798805963
140859,-0.12587792184651037
140887,0.1330594058382691
140904,0.03288018363365215
140917,-0.8484778494563889
140919,0.3809324517089148
142681,-0.24317741941251309
142682,0.5483400347784517
142687,0.05666398270163464
142688,-0.350121207697178
142980,0.2525768040362518
170439,0.1975350878976461
170441,0.05032235819163605
170442,0.7700731909662696
170458,0.17861746014786423
170459,0.09871173517956074
170460,-0.4180281255333539
170461,0.510453023510405
170472,0.06364740818475939
170483,0.0645015770974345
170484,0.18707729267719456
170571,1.0098108018741678
170574,-0.08437055286427292
170625,0.03052997384811566
170638,-0.111297945317011
170639,0.1780011806824556
170643,0.3560103165855245
170644,0.05921098592190421
170654,0.10594830049806445
170676,0.40837711531819176
170677,-0.18576002470762704
170706,0.06960083916337635
170707,-0.1067268669744319
170711,0.03500483634071169
170716,-0.03675052600386612
170718,-0.11004093841961586
170719,-0.16840766137067087
170720,-0.24594199193357097
170721,-0.3743186550219528
170725,0.07740715116910975
170728,0.4129594086385529
170729,0.387508212813106
170731,0.09161129919427184
170734,0.45793117719838583
170735,0.5522971847457372
170736,0.4751837125887639
170737,-0.08942390154797233
170738,-0.09695766651858646
170740,0.0810610581894142
170742,-0.05573990149516172
170743,-0.0787653555992427
170744,0.7220805878007683
170745,0.33718469288763797
170748,-0.20409004828628552
170749,-0.015510527354055611
170750,0.1116674630386331
170752,-0.5788440730881134
170753,0.166025360825853
170756,-0.8760856732109982
170758,0.07004943488163819
170759,0.00111319380787087
170760,-0.01130165047710033
170761,0.7104711484577353
170762,-0.07251938937250983
170765,0.2544853679945544
170767,0.00972581730931285
170768,0.1121458260355124
170771,0.4634928196197032
170772,0.13374674325482094
170779,-0.05455231883852209
170780,-0.2727308865962495
170787,-0.07629807860058486
170788,0.5732718213535899
170789,-0.18017285322919707
170790,-0.5348354867936087
170791,-0.11714664011582346
170799,-0.68418861106833
170813,0.2312908222749464
170822,-0.10418437925328622
170823,-0.2401801146574815
170826,-0.7139208835397218
170828,0.178780894466636
170829,0.03449187591478403
170833,0.1044041811066377
170835,-0.12431785286176043
170935,-0.4322600940726707
170947,0.01447493011033519
170952,0.2857950733276849
171095,-0.14017160209604335
171166,-0.2644217207987189
171167,-0.017861262593835
171168,0.0179584456431794
171170,-0.02245665355146196
171171,0.246733277630045
171180,0.00890282429817401
171207,0.02565361936440862
171209,0.1906299306350573
171210,-0.118649678276943
171211,0.13723674916834708
171212,-0.02885565635988476
171234,0.5968559474321803
171281,-0.0628682408801931
171282,-0.6316425845808723
171283,0.07958396396345524
171285,0.20417044489804245
171286,-0.18986438916307655
171382,0.20640830959033907
171388,0.10625564308342891
171395,0.6198600075976386
171463,0.10081932736469812
171469,0.2347279498710494
171486,0.08590594490960303
171504,0.2857617876214434
171506,-0.03078454691515901
171508,-0.03575654172201912
171530,0.40655598042311214
171531,1.0312770971634275
171543,-0.06904514051430276
171567,-0.25595272068378017
171580,0.07431763419079875
191578,-0.18737517438553575
192113,-0.6933149459238579
192119,0.141298472436653
192120,-0.30078710679330156
192136,0.1298194292976249
192140,-0.02220015217736555
192156,0.05900362466102602
192157,0.10627264399524884
192159,0.05044743466530484
192160,-6.874875993227135e-4
192161,0.4385345200885612
192164,0.10750534565968974
192166,-0.21123446247858504
192167,0.1109772396492076
192169,-0.055749070255733973
192170,-0.12658055321495174
192173,-0.06502369764552211
192174,-0.12007042956372156
192176,0.1615583874030877
192185,-0.04439537028767228
192187,0.30154413680639613
192188,-0.05522569230867258
192190,-0.1256405253352219
192192,0.07224811246052323
192195,-0.06109338590726983
192197,0.31998283080191703
192198,0.00879258915124669
192199,0.1256465887698556
192212,-0.5815367084707745
192231,0.07614836136277348
192232,0.08346757942941727
192236,0.12211189913962918
192285,-0.02468006272312645
192287,0.07171580469018506
192292,-0.04991146119723348
192650,0.6180445635679362
192651,-0.39302768276225014
192652,-0.01239230833503527
192653,0.6131880226656719
192654,0.20255556461640825
192656,0.4486356197179705
192657,0.33991317789177977
192662,0.1003458740978352
192663,-0.08579701080729789
192734,0.13153443978478044
192775,-0.8254397666954096
192786,0.04755708938176571
192897,0.49980549588182377
192950,-0.04957105737319527
192970,0.17946656464199431
192976,-0.16388863197272333
192986,-0.03048111020634274
193003,-0.3712144197749804
193034,-0.5291645181081671
193043,-0.1382256409331216
193116,0.02052026541714565
193385,0.08579417469675443
193452,-0.01932697233370317
193670,-0.03030734610192809
193736,-0.09874706762420846
193742,-0.2759326811596392
193796,0.0581722494647545
193813,-0.103139004952939
194126,0.12374626954344375
194219,0.5278869061738507
194231,0.8994890737147632
194237,-0.07155634834545972
194309,-0.05391778116305702
194352,-0.1859165219753776
194388,-0.06040716013375477
194401,0.12458483078221558
194590,-0.30061817525538326
194597,0.3471684146758492
194655,0.4715635205005454
194744,0.178322177191451
194908,-0.08740598334528005
194952,-0.20659810885262828
194974,-0.2498108256761911
195018,-0.05454029549624252
195040,-0.02993640416813347
195208,-0.2499819872457411
195209,-0.90896627847952
195236,0.20844031020024784
195333,-0.34661850132863636
195359,-0.4560009386734619
195522,-0.01619766858122816
195646,-0.4047164697809698
195727,-0.03061606597272667
195733,0.5186987156385554
207151,0.18912013667702585
207165,0.08566974590034956
207181,-0.2751224530488205
207182,0.13247004834730333
207209,0.34743763526566857
207212,0.13329926823106908
207214,-0.15228108095425263
207215,-0.02499040026335681
207227,0.20510836322090373
207259,-0.6777412810805024
207278,0.08718377112490613
207304,0.09970483726916166
207352,0.16166182139807067
207375,0.44524474584299567
207393,0.05420507149296973
207425,0.2072234326544536
207495,-0.19488234849691535
207521,-0.12289373334527948
207565,0.0237670808529239
207592,0.08318060630747456
207596,-0.551463768490345
207607,0.34246479894552695
207615,-0.18647332749202297
207683,0.3801737379366368
207686,-0.01585745430184144
207704,0.01490848458549993
207728,0.07500286260872294
207742,-0.08445474909184289
207777,0.520481807110564
207781,-0.0310667440455797
207785,-0.15858154181211595
207792,-0.7259278048638432
207806,-0.01180626368711945
207818,0.01832688207183981
207839,-0.0739582230024877
207854,-0.686213404932366
207911,-0.04151337618302367
207920,0.21341460265939063
207921,-0.04442600291829041
207932,0.19974506642173695
207952,-0.0935134583337516
207958,-0.1821359212653484
207965,-0.16446013839112833
208076,-0.4014291795317544
208080,0.489712010184541
208084,-0.01933856531384541
208092,-0.22968046114652552
208098,0.07391189790184183
208104,0.26861540350075713
208117,-0.2390173297435124
208144,-0.01807049653894458
208146,-0.00247594028010368
208151,0.07309394003540017
208154,-0.1752522334397291
208158,-0.06822603198517575
208164,0.16485002821426337
208169,0.14642734637379337
208171,0.3626060561110166
208177,-0.24484559048742788
208188,-0.12939763458710293
208194,-0.05528675669896978
208198,0.02179723666663708
208211,-0.2505165027440029
208213,-0.4619317930865462
208228,0.01641132434756081
208258,0.3435504951289735
208266,-0.02049487772614629
208366,-0.28395574373163435
208372,0.5024070853703928
208426,0.5013149385471076
208431,-0.31882668223979127
208439,0.09280844034461914
208440,-0.1285414882121222
208449,0.1422313244480548
208501,-0.957693178300331
208518,-0.2153478748005772
208583,-0.6274116962212686
208606,-0.01873756407279642
208613,0.39034605492104785
208618,0.3680233063369736
208624,0.1744669319957714
208628,-0.49089329535717496
208634,-0.2690386679283795
208638,-0.103616143207097
208643,0.2985232131368206
208647,0.03592524619377212
208650,0.19291859166364267
208659,0.6362854175550722
208665,0.1650808102738208
208666,0.2846101605495277
208677,-0.14253895602396957
208691,-0.11640270500910792
208715,0.02206656432462687
208718,0.00782198384583822
208727,0.37329685227185294
208748,0.11902132901767765
208768,-0.08374486391226393
208777,0.05939203079478709
208795,0.14798605113703747
208820,0.53928106656264585
208836,-0.1384963098244416
208846,0.7265547098800484
208869,-0.19992251101814143
208884,0.03212540554288419
208890,0.4028440164761023
208898,-0.21773526388490735
208908,-0.06704448655758498
208922,0.3649157143292564
208936,-0.34541299535348435
208943,0.13621264525288931
208967,-0.2075052961056134
208982,0.570384097018428
208990,-0.08673934189712447
208994,0.6330833311025533
209003,0.00816340495476449
209011,-0.04687468076912721
209012,-0.27424038332901396
209018,0.08410854607162242
209027,-0.6289151256428953
209032,0.32219347872477955
209039,0.06181463673370831
209047,-0.1680514562651612
209086,-0.2011404789911114
209131,0.03078634345261888
209176,-0.14332865027538694
209195,0.0272601088084155
209200,0.309698321526501
209212,-0.13380889663300155
209224,-0.03211168701871897
209225,0.15355943425592058
209232,-0.05881720421968815
209239,0.5861261107114714
209268,0.4083269850717455
209318,-0.1293895310867044
209334,0.2387498546598652
209354,-0.15903561731560456
209357,-0.04374893222692986
209361,0.05006643658504504
209378,-0.12755665283438694
209416,-0.08807231866848411
209446,0.05203812603950725
209448,0.14006719335174594
209456,-0.3875433746207368
209462,0.02356942476518538
209478,0.12172497581690224
209488,-0.12793578315940685
209497,0.05532212264024971
209512,-0.21096274118077532
209540,-0.8138422164117325
209550,-0.7333695483239976
209558,-0.02345903883439493
209584,-0.39432762465082016
209586,0.08270414479723559
209588,0.05198148326420571
209590,-0.06423947287599968
209601,0.43676886127735126
209630,0.08616164374004931
209645,0.00221035447512601
209692,0.30164483891900157
209707,-0.8232780588591485
209737,0.35527839284194973
209743,-0.0943389679496239
209760,0.08886969939401074
209776,0.19898235163864184
209815,-0.06182787798526191
209837,0.15309725582125455
210004,-0.2752659452553265
210009,-0.16487060399512396
210027,0.3290234014994059
210029,0.11358210370672608
210035,0.09487662388132637
210044,0.20425396761534945
210094,-0.16344209923937017
210106,-0.13327791801275565
210108,0.04111620855091477
210126,0.3218183111054539
210135,-0.04806934064344074
210145,-0.1410814643219914
210146,0.04559179595258762
210148,0.09651636834129544
210162,0.20957131379910404
210172,-0.07999441217075609
210198,0.35335563474264386
210274,-0.2683357114611873
210293,0.14608264339066185
210297,-0.10413379939286822
210356,-0.6922095403810389
210376,0.00918844317222528
210417,0.5705577194603111
210503,-0.3994059956997076
210510,0.16747765062117426
210529,-0.07318471049250426
210530,0.1392634797462452
210544,0.08580022067895794
210554,0.48501362720880337
210573,0.5448899354605545
210582,0.08301208721999973
210622,0.24578316505402145
210673,-0.2727132453462589
210711,0.00622331826789546
210719,-0.1903921083941723
210741,0.08360807816488533
210757,-0.0347229665219796
210762,-0.4165198183956395
210766,0.04038890982510995
210789,-0.00797324850243116
210801,-0.1836074826594872
210808,-0.24261459390055456
210925,0.04872555945186131
210933,-0.34034642346331334
210973,0.01090296713731012
210982,0.0992538307348048
210992,0.09515719835463482
210998,-0.09700846682007028
211006,-0.352065992083888
211007,-0.07086992025818387
211064,-0.15156342395978903
211134,0.06754148049606157
211147,0.6606134671159123
211151,-0.14365186262966942
211187,-0.30648762963665266
211228,0.28851085644695307
211232,-0.27635810478685796
211255,-0.2159929629102389
211286,-0.05380127908754856
211329,0.407046063124428
211347,0.11882124194529604
211383,0.5945038890278511
211389,-0.2335228695607879
211401,0.02742917689376459
211446,0.3614049538371939
211468,0.59854309216186
211480,-0.3155173340616467
211482,0.27128263728173335
211484,-0.2852707722119451
211488,-0.26920771942079136
211499,0.1274961934072796
211535,-0.10645112224816115
211550,-0.10840338538557412
211556,0.374908769122157
211577,0.4657797085149801
211578,0.5911385073726939
211586,0.09648532052291414
211612,0.6163107125861181
211651,0.4088973235463187
211652,0.06265106843498622
211660,-0.5236741867702489
211666,-0.18823434970292208
211673,0.10421240347550824
211712,-0.1501431727188478
211739,0.08502531227018957
211770,0.2238816197403264
211798,0.2267231381915477
211896,0.0686873506514256
211914,0.6911817393414375
211922,0.04482690535969298
211936,-0.3658397509276222
211945,0.15789813497714533
211948,0.14953322280290135
211949,0.09179902611129057
211961,-0.1701549891354216
211978,0.09555372959239358
211986,-0.1454648611909998
212032,0.2887467994667628
212070,0.3690369530714442
212073,0.9463621642301944
212090,-0.08976067416509714
212108,-0.39663902482607494
212111,0.3656066773748512
212114,-0.21977879763203367
212123,-0.04732036952236392
212127,0.11489664663158378
212139,0.10756172168522007
212153,-0.1813296042504181
212163,-0.17532872367242927
212167,0.2673427302284012
212168,-0.03518912349963668
212190,-0.261677382315217
212198,-0.4183649404669875
212285,0.12448153956517778
212307,0.32358258860593414
212326,-0.1634367463576209
212377,-0.05499906221557668
212390,0.31092256858623557
212391,0.10324387691823708
212392,-0.34387939953361274
212398,-0.04038234653389238
212439,0.22505605175365703
212442,-0.10060854795344004
212503,-0.1985020624543935
212508,-0.15960846838312487
212514,-0.13399568779629217
212516,0.0491974214710929
212517,-0.4768601597033944
212518,0.3181402742697074
212528,-0.10298715755398048
212531,0.1777399249879512
212541,0.12799771082184447
212547,0.11559141496192624
212632,0.2995710038450603
212670,0.04143805469553056
212679,-0.4293330940226311
212706,-0.08009360012694114
212712,0.18224057764530535
212733,0.07527006467638661
212772,-0.09968413159101436
212862,-0.2540759742224121
212880,-0.01716968339844211
212892,-0.29561753373544514
212898,-0.06906402953618387
212919,0.1540251123377138
212933,0.788513348842951
212937,0.04529871057031158
212943,0.0870511954804786
212974,0.11064500156655248
212980,-0.2052393945124566
212986,0.01208043807084501
212989,0.24135136127685555
212996,-0.2239999632075884
212998,-0.6831857361505453
212999,0.25237964246140976
213006,0.1892070188273695
213011,-0.3583739479052166
213012,-0.144596606501579
213019,-0.13383411601460343
213053,-0.2608705448808422
213054,0.03814558939081165
213056,0.06124670283191184
213068,-0.21109266368300597
213081,-0.13420823424894254
213084,0.08217404955613469
213109,0.15261585270454958
213119,0.02795770680580488
213121,0.24190292600745297
213171,-0.2594454018295173
213208,-0.17007442700182016
213211,-6.447509242755167e-4
213233,-0.10033656244720088
213234,1.070075862804354
213236,-0.232579800235916
213248,-0.15417827791251254
213262,0.815794620348043
213272,0.31168797673919874
213311,0.6088643421295293
213326,0.15720729260272664
213350,0.04458560995404061
213389,-0.1378864889694684
213391,0.2436396982716164
213393,-0.1891525132595653
213402,0.23149507071447323
213417,-0.5586127203646846
213435,0.4611804436360577
213436,-0.43576735552627377
213439,-0.3685420087310778
213449,-0.18401636207027627
213452,0.17747525379867118
213464,-0.01394673576534741
213469,0.7369116593127487
213491,-0.3824090973879928
213498,-0.02498710178914784
213499,-0.04259723629988404
213522,-0.05550749778556646
213527,0.7248665772364922
213539,0.14649153873640014
213541,-0.01097004680324718
213550,-0.13785316231606928
213575,-0.21230027976078483
213582,-0.06227922809031749
213603,-0.23715162297242917
213649,-0.08816626087895629
213673,-0.09908883795917964
213696,-0.8173981061897155
213753,-0.27172332001238986
213760,0.17805569593040457
213765,-0.4516201714797592
213773,-0.30402143821586025
213783,0.4677333710423192
213788,0.2658942161086254
213819,-0.02163818071708714
213827,-0.08472091739112939
213945,0.3125117842167071
213948,0.1577452832562376
213956,0.221462093040021
213980,-0.1569218178663226
213988,0.5396968008222381
213989,-0.1427848135247728
213990,-0.03499780225075508
213993,-0.00878321260821364
214058,0.3013808014240975
214063,0.11747077012472766
214084,0.2886905585276477
214105,0.30639725892071706
214106,0.2911555032188003
214111,0.16385451636705065
214112,0.3250885438519804
214133,-0.05507933710254667
214137,0.258003675065702
214150,0.3952835292227945
214158,0.12279272492770474
214162,0.26500850318683294
214189,0.3415443887911228
214191,0.5367446684964726
214230,-0.33608139180430796
214239,-0.2936958547340931
214240,0.2555582589857398
214253,-0.05969106111454634
214254,-0.21635142191595796
214290,0.05072487946434004
214301,0.4221168406440665
214305,-0.21394612945508543
214345,-0.2370424204167428
214359,-0.04559220513134029
214384,-0.2676617017600591
214424,0.2017314888656584
214425,0.5021554404769514
214444,0.16157625243802315
214459,-0.3050129654592428
214469,-0.02735076119840915
214489,-0.19340982154081063
214498,0.03933366587369156
214505,-0.03212216212654277
214523,0.2657357345030921
214531,0.2178309203187676
214547,-0.04857935762103285
214552,0.15524041510787415
214568,-0.11605853219325953
214572,-0.00436726578236184
214575,0.25399500205834563
214579,0.42676280520637994
214580,-0.0304718018218689
214593,-0.0304454626702712
214597,0.01743648585144074
214601,-0.14234144937810364
214627,0.10304281607816854
214642,0.07185735102734944
214663,-0.1130147463277954
214669,0.04783732768701047
214685,0.2668411474834634
214704,0.3128412408597588
214742,-0.01297001356093742
214763,0.04071051705531722
214764,-0.05395806747970437
214766,0.47296795749768894
214779,0.11495598274392088
214791,-0.08429538617054344
214804,0.04257182373736622
214812,-0.24068301483617976
214855,-0.00212120685890132
214895,0.07583811797771955
214897,-0.19125178166872708
214899,0.09930645909162876
214901,-0.035693045092462
214917,-0.03710156051129747
214922,0.21570905830919612
214931,0.33803324189015815
214932,-0.3397565316754099
214944,0.04544807242630322
214951,0.1663031226207958
214952,-0.00814309940007574
214968,-0.04062094893478826
214987,-0.173248296588327
215001,-0.39107912753278634
215008,0.3065645535234818
215015,-0.09932738635585224
215031,-0.02611695331873387
215051,0.3185950247710563
215061,0.38987570328962673
215085,0.3166478831662496
215090,-0.3804698732741027
215095,0.18453496506081987
215113,-0.14639070401240772
215114,0.29007382785939456
215160,-0.2368971321323361
215193,0.02080852331826548
215194,0.10033158696979756
215201,-0.22792493296900496
215210,0.13314671329642885
215243,-0.01617548216740268
215257,0.3897792311416551
215274,0.19088286169482643
215280,0.03416359889882019
215303,-0.1994264082891525
215332,0.0936094214857488
215335,-0.02809394712752917
215351,-0.6071402901755736
215378,-0.05582909037398902
215384,0.2521315007153449
215387,0.23014858365359764
215418,-0.04051030331076739
215436,-0.22914583387967513
215445,0.1084582594826485
215446,0.3316917315796124
215449,-0.00108751914302944
215456,-0.36277002919194695
215474,0.21309243748040368
215476,0.09043068934129188
215494,-0.282260826830187
215512,0.22704601659429316
215627,-0.36865951727364055
215632,0.09102094314591291
215641,0.7519030386083123
215653,0.0826968153683974
215654,-0.21464776111550557
215690,0.6648521699964158
215693,-0.09718734514240972
215705,-0.09713006317407952
215707,0.23489169718172392
215708,-0.2635881481065304
215723,0.6255655769989863
215748,4.0942300134869103e-4
215751,-0.4616450537704646
215772,0.1845265494526853
215789,0.155035552215083
215798,-0.7729104095522326
215814,-0.17026857278347146
215819,0.20852347154831055
215821,-0.2606844341557927
215854,-0.7444603710515811
215855,-0.21495369378018067
215890,-0.21802388209124507
215900,-0.1880487883697692
215929,0.7001823176988312
215951,-0.2599300312876013
215999,-0.14882197244120665
216001,0.04729414598019073
216011,0.05789273531880819
216019,-0.2677722837358828
216021,0.6059650141294147
216028,-0.10997647693744872
216033,0.5373391831610943
216049,-0.26068702611780104
216080,0.5980392429474746
216119,-0.479944983776587
216131,-0.2168984933251398
216134,0.06213006742215611
216136,-0.11287861227602256
216148,-0.1515572135594497
216150,-0.10746954934477591
216151,-0.03114408960842566
216154,-0.02465428866715263
216156,-0.11038733379864932
216157,-0.19606105757167416
216161,0.3757885826078662
216169,-0.24805293543741608
216188,0.09409612055165528
216197,-0.710886788613759
216198,-0.0229116112178594
216227,-0.14724500049057887
216233,0.22462763587523016
216238,0.12145670913977134
216274,0.2138274889046372
216285,0.07890833958440015
216292,-0.02894887914903431
216343,0.5132509939454463
216344,0.2645239066814956
216345,-0.02038765395866186
216350,0.22362600519546977
216363,-0.08186564351648287
216393,0.243063396638022
216395,-0.11190463314224804
216438,-4.219501137494516e-4
216439,-0.02613334455050047
216440,0.0721187244756234
216443,0.14599206705083523
216445,-0.05002327599153336
216456,0.2740049035259381
216459,-0.14878819262266518
216505,-0.06523383533087515
216516,-0.06795235675581218
216527,-0.05183915170291797
216543,-0.1899051877047067
216549,-0.02221672620677776
216551,0.2990253205256964
216558,0.04054533323936901
216560,-0.03759471506098399
216565,-0.20531902636795415
216578,-0.3216277432815988
216613,0.03563134251571823
216618,-0.0953237617315334
216643,-0.04266790616146414
216705,-0.01618794769760283
216724,0.04803366430703454
216725,-0.25885934416881795
216739,-0.05162219278322528
216742,-0.11393714767004826
216749,-0.1412252376780816
216760,-0.13349086523279655
216766,0.04013349226228894
216767,-0.21918672703822492
216781,0.4839128228141275
216792,0.07540781417185996
216795,-0.5768500321809484
216797,0.40648678723157233
216799,0.1489245147269906
216805,-0.18513182798700076
216810,0.21318344735182787
216820,-0.3270785503048858
216821,-0.12481410995196268
216825,-0.0547389315187035
216831,0.8017625331545416
216835,-0.18194737678073855
216846,0.05159201777390854
216848,0.03362886800069352
216850,0.24156450398512327
216853,-0.03994810412947581
216856,-0.36788432073737853
216858,0.0501053071325031
216859,0.0501053071325031
216860,0.10157285277874542
216867,-0.02876342076128747
216869,0.12773060707305636
216871,0.2738845457007764
216873,-0.05262698078077089
216874,0.02419443467333996
216877,-0.05164445406573208
216881,-0.2397649415450828
216892,-0.2783986208957803
216961,1.293025920167254
216963,-0.12758138805442276
216964,-0.16295389615334746
216965,0.05042562143330022
216971,-0.12974649624156512
216974,0.43173437255426805
216987,-0.07939364978228833
216991,-0.6273637062179055
217011,0.02438293045799655
217012,0.04540561321896728
217026,-0.10711477386346974
217031,-0.3404253538237516
217038,-0.19882008712293373
217039,-0.02951127956541134
217057,-0.24864191696473376
217069,0.04755861935113536
217082,-0.00119377813996171
217109,-0.2966754595106157
217116,0.3842899167546277
217119,-0.1430206960961692
217124,0.14476276795901347
217125,0.25037094890284217
217127,0.08080148640254518
217138,0.10129726646517606
217140,-0.1477650311821593
217143,0.20837053288270185
217149,0.16033521539214518
217151,-0.2190701798563922
217154,0.1577341383963934
217166,-0.7314129824967501
217169,0.18250332999333563
217194,-0.07666906380032912
217198,-0.35156378518573494
217201,-0.14759588423566403
217203,0.13762925204010978
217207,0.1642804876492149
217212,-0.23235863449330912
217214,-0.2555423765704529
217216,0.16268799772975692
217217,-0.08180076356788635
217218,-0.26971799129390295
217219,0.17357102605344954
217232,0.16586173850461444
217262,-0.19103001854884796
217265,0.303946241906755
217302,-0.7486174319543204
217303,-0.31093962831181715
217304,-0.13183229389598444
217306,-0.11718702156131008
217310,-0.01301870471392883
217316,-0.27593906255407485
217325,-0.18822195051113613
217331,-0.12998972588508745
217333,-0.39243044685017586
217335,0.14034995584748772
217337,-0.02555177934504753
217340,0.09240253489379165
217342,0.2267059631320505
217344,0.16318305696216698
217351,0.10396117624400932
217353,0.0787952116586321
217356,0.09808522693618316
217364,-0.00545522875766056
217365,0.04441239673500805
217366,-0.0573200925931958
217369,-0.1517345260581949
217370,-0.22941444674399167
217371,0.22426564398987525
217378,0.00737625794922255
217379,0.19998207728333584
217410,-0.04762906908176496
217430,0.02105368935434898
217431,0.0262410903283895
217449,0.00221361850039678
217463,0.02966356098448693
217473,0.4800231280033471
217480,-0.09767165925288862
217517,-0.4461965426036987
217558,0.01363076394420082
217578,0.01319004957633247
217588,-0.41260292078218247
217593,0.13477759079939736
217648,-0.899312336370979
217653,-0.0183460808644447
217664,-0.17929680965851938
217666,0.09873818654337718
217682,-0.24475229103428603
217684,0.03960328442317074
217692,0.08947454418582934
217695,0.3038545543640784
217705,-0.1059299033605283
217707,-0.4496521123633675
217708,-0.00680429661214239
217715,-7.60329499789306e-4
217716,-0.1678397443233806
217718,0.07773058455937522
217721,0.11186476825808594
217732,-0.4046606185684337
217733,0.10288235593911008
217734,0.31819311002889483
217737,0.04431629948616085
217738,-0.6903604719037801
217779,-0.1193676222032441
217826,0.00197809575651777
217827,0.06341259628282946
217830,0.09723506492514296
217835,-0.1812643624628472
217837,0.06372851537265539
217843,-0.03193867783170347
217847,0.02796957170622412
217864,0.1819474301246417
217866,0.3928297382076749
217869,0.1461970878404551
217882,-0.00349785048756944
217887,0.14672812686400155
217893,0.21161127703838944
217935,-0.00665841713750004
217944,-0.1890753395402197
217946,-0.07768179547908924
217951,-0.3451827110349347
217980,0.1911620176185932
218030,0.02745691376580875
218035,0.13496518411551714
218038,-0.20278835472126297
218066,0.05379859251197837
218100,-0.0703153062028962
218103,-0.18651704032379143
218121,-0.1313789920688464
218138,-0.4451143242902902
218165,-0.35139212692970534
218194,0.24783278110716445
218203,-0.05334959294850975
218210,-0.069649920381687
218215,0.2862600600475856
218232,-0.06882107513090915
218236,0.07414316286758596
218268,0.4717678931782993
218271,-0.13363757914208343
218294,0.06927263122594396
218314,-0.4201871377604304
218333,-0.1004462597396691
218335,-0.0599632231111651
218341,-0.22269269455379292
218343,0.12065167729324018
218397,-0.967197199389912
218440,0.32672486945121926
218441,-0.3704231636668938
218442,-0.18299270289962277
218454,-0.04143933526013128
218460,0.1406468552920031
218461,0.2042245129110384
218476,0.3815653445024733
218490,-0.05550021375187856
218503,0.21487786498248368
218506,-0.2112370978528854
218518,0.4347453319432213
218543,0.0423601140489275
218544,0.3627368673901746
218581,0.06069174751479975
218613,-0.05339425326276054
218624,0.172662851636269
218629,-0.02957848325843558
218630,0.37076893944753114
218639,0.19357986913082792
218699,0.00788273958741888
218734,-0.12841979270980078
218739,-0.2040346522983999
218756,-0.10798993654735677
218763,-0.346877109404476
218772,-0.7050410886855747
218793,-0.1984553028095267
218811,0.05516556140213
218820,-0.3276808632561351
218832,0.05274269119506189
218850,0.07918585398025668
218865,0.02702627750873396
218877,-0.2129887338794517
218885,-0.12907389410353567
218914,0.22912262193277536
218952,-0.14773675363802397
218973,0.3248162228411146
218975,-0.2755656565645185
218977,0.5541982636388263
218989,-0.31000196422861875
219022,-0.09234940800883493
219024,-0.4382273432177322
219026,-0.1759120561308622
219038,-0.20927724657664967
219072,-0.10699313076035656
219094,0.14569586731122436
219103,-0.2249301340524587
219105,0.01130518385332778
219114,-0.3221034458008225
219132,-0.05695052193529831
219134,-0.35042181811921674
219135,-0.08647863109294557
219140,-0.02631620453814466
219144,-0.45715044250800263
219148,-0.2594925216284396
219149,0.2015872691150378
219150,-0.1555278136139418
219158,-0.07424675568035172
219170,0.489419221239733
219181,-0.07882006145912318
219189,0.2330868228061247
219228,0.5715162058261308
219249,-0.28127619291703054
219257,-0.693775897632172
223227,0.3759423261551604
223254,-0.8810446554709508
223255,0.02178843473632154
223267,-0.17015630541690546
223272,-0.38212850633215567
223332,0.5104570962437865
223433,-0.36619344151268296
223435,0.3117418846222132
223455,0.2528911631105237
223473,0.20343561720355616
223499,-0.01032479107386512
223513,-1.2526477244946617
223527,-0.16857522430912197
223593,-0.05101369661316125
223601,0.23104087858632336
223604,0.141506294383763
223626,-0.1379989773390883
223646,0.06499878902444368
223648,-0.13729906258064054
223658,-0.4444810600678911
223664,-0.1897406976552249
223665,0.0897100186925689
223666,0.0897100186925689
223669,-0.11229497875195338
223691,-0.00776804917298756
223693,-0.00676288987303278
223696,-0.10498418786097964
223697,0.07752592198928493
223701,0.0258460055052992
223722,-0.03903041116077817
223723,0.0564754069248649
223726,0.3112279804301452
223732,0.1496856008635668
223739,0.12199450265002897
223752,0.01508867279666459
223753,0.03454338675462527
223754,-0.0237389529817644
223770,-0.13543632892402463
223774,-0.2801290306075621
223775,-0.053363809640117
223780,-0.16948605003295758
223825,0.13681146863155225
223827,-0.06523806111253556
223828,-0.1009393218481962
223838,1.1216953058942924
223843,-0.08177291218595824
223864,-0.40600021437255346
223881,0.20687778477933907
223915,0.10955947087450048
223917,-0.0404587167326921
223918,0.22064156942711516
223920,0.14156642904810254
223921,0.1402835151222887
223970,0.176607639320203
223978,0.11128513893873672
223989,-0.02246258002564064
224008,-0.09753836783172752
224014,0.21815933087806832
224020,0.06004119756142852
224022,-0.5588099836468771
224023,0.24055900090832497
224024,-0.25414760110175355
224045,0.00159353009386128
224055,0.04761180849152553
224065,-0.1617668966617385
224079,-0.3709061102042286
224088,0.29403874731804613
224090,-0.6723674431588325
224092,0.06243383438279618
224093,-0.2744647155743672
224105,0.2079772204940239
224109,-0.01923583501619687
224111,0.04464387858875671
224116,0.24861338945477013
224129,-0.7123450293972536
224132,0.3686594124076331
224139,0.04401444751002116
224143,-0.17399041747347335
224171,0.47344213005282815
224224,-0.1909026313125353
224250,-0.03499290552374583
224344,0.1535215465259781
224405,0.5033607127903599
224419,0.3901040544478966
224440,-0.00723018699378156
224480,-0.03878407319804784
224481,-0.16963526358686282
224585,0.03795510055535256
224613,-0.05541695123421794
224617,-1.528685954728464
224619,0.02297762798444846
224624,-0.12354804303526434
224630,-0.10476854123248044
224640,-0.0529650676968964
224647,0.14885150415794823
224648,0.06322939702370914
224650,-0.0275166624459712
224656,-0.2983797820121761
224661,-0.6719262239701745
224671,0.1612099814053914
224674,-0.12603691163516031
224697,-0.36201650626272713
224703,0.05328385003475626
224705,-0.01858523623684649
224727,0.16035485400754468
224742,0.09038799093318496
224762,-0.30446366211171644
224792,0.3707901609027829
224794,-0.00570209895510058
224796,0.09149690835526872
224805,0.21593731049126264
224807,0.04568771584644834
224813,-0.17970411276060178
224814,-0.2534963672416757
224823,-0.02224881867673916
224824,-0.08293440905263506
224826,-0.3489010791552427
224829,-0.02768730123221777
224833,-0.13633718873595974
224836,0.03569820076984725
224840,0.11203709040713553
224860,0.00859815445222932
224897,-0.28357010385944226
224902,0.0263891922949362
224903,0.06898941274885227
224904,-0.11330155355762236
224907,-0.05428081047261395
224912,-0.6033761720901122
224938,0.07759269917309936
224997,0.18906812367887285
225004,-0.14748691548499837
225010,-0.06267787924216102
225020,0.1506168277634134
225027,-0.2698154900685995
225028,-0.18096357413012204
225030,-0.00622398101951742
225049,-0.03969764716177626
225055,0.03951840985720498
225115,0.22816497494313911
225131,-0.00218635231816653
225152,-0.04734210063590158
225160,-0.3863830377031992
225164,0.05934957618111001
225182,0.07238588444204229
225187,-0.4487366801295646
225192,0.03059494087849704
225207,-0.39739180523700385
225215,0.03247512205750081
225266,-0.3871934349425239
225283,0.03402102142599887
225289,0.4312535403715379
225326,0.04716407858704895
225339,0.03860787651974023
225341,-0.3720951354585426
225348,-0.12809569230070647
225358,0.2463784994843317
225362,0.6117974782417086
225363,0.09143176149289832
225372,-0.1382089020984265
225392,-0.2070232797065541
225432,0.12706644394349384
225443,-0.8092946137964823
225467,-0.14718910274166425
225497,-0.3663870067229681
225518,0.03224473384967724
225523,0.08556993453716441
225579,-0.02690633399976658
225600,-0.03931391198476297
225608,-0.18074965637539145
225631,0.22692038672792
225638,-0.07958433509941706
225642,0.5908786158642517
225644,0.2426531630314711
225651,0.07204659044460543
225655,0.20710190380460763
225659,0.1330281750488892
225724,-0.5511973937562236
225742,0.21621044081346008
225743,0.10140137713305115
225745,-0.20463827943273924
225791,-0.10935996388883998
225825,0.04297545864999477
225845,0.03509921691319498
225849,0.16514951643728387
225861,0.1361225215191563
225865,0.01073432981634232
225870,-0.6252577362053797
225872,-0.1086943593139644
225875,-0.2154765386514597
225876,0.4863002449291928
225888,-0.19835500218091065
225895,0.14992771251695688
225896,-0.01063265778133184
225898,-0.00316950151919634
225908,-0.23521360178421508
225912,-0.01728530518229966
225913,0.0912529895093061
225922,0.21806130996872233
225929,-0.13271745557233058
225994,-0.4530157571511155
225995,-0.1494714681673157
225997,-0.3501864075197959
225998,-0.04599765975065351
226016,-0.18575733794128296
226025,0.24320530613206132
226026,0.05128200735916621
226040,0.5615330615691029
226041,0.3698139436060925
226049,0.08770228729922949
226075,0.2062413508694048
226089,-8.643588981206082e-4
226090,0.17228262216339946
226098,-0.2623850239537411
226101,0.25148178183967596
226115,-0.7101515878582937
226122,0.14581035075450113
226123,-0.01016997106321774
226139,-0.19011074972838193
226144,-0.17030464625037692
226151,-0.15354061730686314
226153,-0.02018550746392922
226154,-0.11112258220277066
226162,-0.13524283001885945
226169,-0.22855468906672027
226178,-0.01161817261439661
226180,-0.05025695168966321
226182,-0.11828861954236174
226243,-0.02888469478933274
226245,-0.3546929279288724
226250,0.24562667655436887
226251,0.1724783297659793
226252,0.0317661550307484
226255,0.5715517911341492
226265,-0.0105382919485473
226278,-0.11236993442234644
226304,-0.02539765358156349
226352,0.2175668159458368
226359,0.8472419274976144
226407,-0.02793878819394641
226409,0.03094997572786481
226412,0.21406716671549753
226413,0.09581452422829344
226414,0.03410859583819867
226418,0.3812779454404918
226419,0.06381448328786567
226422,-0.13342596058731632
226438,0.5011833640269087
226442,-0.1256564044406157
226470,-0.10856482242613978
226499,-0.19068282747546833
226517,0.04568380138400901
226518,0.255189871089214
226519,0.0962605210440844
226525,0.10667582086218684
226539,0.12518557428261673
226541,0.306677035201815
226548,0.11435734134448236
226551,-0.6596349056215072
226562,-0.03478921370357481
226564,0.26000226555460193
226591,-0.16285526056264604
226594,-0.03658883078409962
226610,-0.04233882763661534
226641,0.32129200916445694
226646,-0.22989527302321672
226652,0.01409002274766088
226654,0.03285431854718019
226744,0.3047221481895278
226747,-5.22623868692465e-4
226751,0.11829158331206724
226757,0.2731385445292056
226777,0.08606812852144702
226778,-0.30622746281458113
226781,-0.32861434007399004
226791,0.4680175208938588
226823,-0.22519877514888
226841,0.30175590013998416
226844,-0.29557399229797043
226849,-0.09679018824569538
226856,-0.0679232806327529
226861,0.4510185711298602
226866,0.43158753413050416
226896,0.3177811862128934
226922,-0.02715428668313075
226970,-0.31370808746231427
226971,-0.00540555909668889
226976,0.13385030379744647
226977,0.11550663994081466
226982,0.17555120511015726
226999,0.1107603836072582
227059,-0.15151569862150116
227094,-0.00232255626563823
227095,-0.1103643329958538
227099,0.01205371369342198
227102,-0.17345316001305572
227120,-0.28048985087282896
227154,0.05792434412864296
227157,0.07816527973423687
227195,-0.04262348358009277
227197,0.01517236810936479
227210,0.19305125534549655
227231,-0.16157409330356762
227288,-0.0231331146914354
227289,0.0974380741766988
227290,0.04075981716703196
227292,0.01836905944006377
227298,-0.08281227161889233
227325,-0.25751211520013323
227326,-0.19676336534335911
227327,0.4231181398055003
227331,0.22556024239387384
227333,-0.04899123886846764
227334,0.05013261291712347
227357,0.02787864362232545
227358,-0.22398359533047071
227377,0.2103857785516843
227394,-0.28275499393203285
227399,-0.07482627620236873
227449,0.19576105934523513
227485,-0.21005247680018632
227522,-0.0492324538266688
227525,0.00201131037653238
227526,0.34832645347067004
227541,0.06427032433021435
227545,0.35985051348779873
227606,0.22340658955631149
227612,-0.14268802162137612
227615,-0.18181053995043148
227618,0.3169609566809036
227619,-0.04805681567800975
227620,-0.09695047574178343
227622,-0.1048497638626005
227624,0.03828830492524642
227631,0.02775263697463132
227632,-0.0288856561758662
227634,-0.02343720571774864
227638,0.15378470334996952
227644,-0.02582514514619559
227648,0.05651788677941876
227656,-0.07758065132022826
227659,0.0843899510724102
227674,-0.06896922046410085
227682,-0.12011762821648173
227683,-0.2827324597229574
227693,0.05752468507729615
227695,0.00138419791117108
227696,-0.08941388848188166
227697,-0.2278880774070605
227699,-0.03206694527587203
227700,0.02065460204104192
227707,-0.10576276794605197
227715,0.01329912902168866
227717,-0.196270281235008
227720,0.2803479235298815
227721,-0.2212049563463784
227723,0.2338384091936204
227731,0.0368180471948735
227733,-0.1522378865872756
227736,0.0181507997845763
227737,0.06660786899264827
227738,-0.14825302447705038
227743,0.17508712802311371
227746,-0.08061433237801127
227753,0.21132758980546568
227800,-0.54973164169083
227801,0.15902548697885074
227835,-0.13691209532087348
227867,-0.02195270008934639
227929,-0.02445767142267831
227933,0.1520048080005338
227937,-0.3144884826638921
227960,-0.3323974555784267
228003,-0.4454690406941488
228005,-0.3969392569363467
228012,0.05323716139425268
228019,-0.1653813739956506
228026,-0.31006551044670244
228033,-0.12541644634435173
228061,0.05874568279987666
228071,-0.01745664491998255
228094,-0.5253590596668263
228136,0.13108801093938346
228140,0.36614914315600766
228355,-0.01025287811441897
228356,0.407588498379116
228357,0.3156819525053503
228359,-0.02885729996527805
228361,0.00462934139745396
228366,-0.08154583452157659
228368,-0.01445040040195095
228410,-0.20575516167272337
228413,-0.0730731784465849
228421,-0.13384607183667352
228432,0.21459830270482555
228482,-0.30845472928477957
228491,-0.5113282033538326
228536,-0.08089876723954476
228543,-0.13633701189539443
228545,-0.05890929434824163
228550,0.01211979080425811
228564,-0.4862931569305011
228576,0.36044768407578065
228598,0.3419150087642394
228602,-0.00532601244321111
228607,0.08458005934393309
228608,0.12408021164600874
228662,0.03213912867025116
228677,-0.0182003006567219
228714,0.04108183944120987
228731,-0.04513059140643347
228756,-0.40836200530703193
228765,-0.04476910075736842
228769,0.2070517042105159
228770,0.30678342281804516
228775,-0.2314877500071412
228777,0.02514270348841297
228778,0.11933366523618164
228785,0.08155726421934723
228787,-1.0381307876353496
228788,0.27360683917884593
228790,0.06518218417170371
228796,-0.12900767302240454
228801,-0.16537142698041768
228807,-0.05422086012414387
228812,0.11214151306962744
228829,-0.1321601756204231
228836,0.06166710318692628
228839,0.2452743860525991
228846,-0.1600575567577951
228850,0.1601568871284365
228852,-0.1191773299925595
228858,0.20334396647861908
228859,0.01042063806674853
228866,-0.04213085934216673
228869,-0.07772545823173335
228875,-3.012118905105915e-4
228876,-0.04293161237378679
228880,0.26098744176724636
228911,-0.4597079440000774
228913,0.03466981422284301
228942,-0.6710162887974976
228960,-0.17336379005310748
228961,-0.17734349911890063
228966,0.2058462711251336
228980,-0.16947771410245505
228983,0.03828328984868179
228993,-0.07026243865017412
228994,-0.02667914459604885
228998,-0.14298558647688897
229003,0.09104773200877528
229004,-0.08683074796000331
229007,-0.05166962168223506
229011,-0.04702302982369444
229055,-0.3912008192141752
229096,-0.20291435857741677
229211,-0.06107728358284317
229214,0.14700121103671232
229227,-0.478298756480694
229228,-0.18570795353196223
229277,0.10505000069237658
229279,0.00214580920508849
229285,0.09023382768612176
229302,-0.0349390161611821
229317,-0.1136367416365322
229320,-0.10429659896466248
229323,-0.05234087071667286
229357,0.02611661210029461
229363,0.04818087828794158
229389,-0.04235196819306208
229445,0.14652247574986463
229473,0.00647831364124437
229474,0.3748395102066069
229487,-0.10603799936257924
229488,-0.10012432860576875
229499,-0.3760250056596427
229503,-0.15750217139694345
229504,0.0645103267223199
229512,0.02613704535232769
229517,-0.38009622568775336
229521,0.20238571891154808
229524,-0.01649395807634547
229534,0.02840936832044357
229541,0.05092761438527705
229542,0.5884118027472903
229543,-0.30693637733717943
229562,0.00441991076486896
229574,0.24107523571576367
229584,0.01283824851919549
229588,-0.1630546117634168
229589,0.126251020822375
229593,-0.06182765737104111
229595,-0.13687531509003217
229599,0.6219257074157716
229600,-0.00921737368937198
229603,0.599976066762415
229615,0.5137432374215999
229644,-0.24396698154702015
229658,0.08905030032052075
229663,-0.01518485830436657
229665,0.04269130143465077
229672,-0.27422807986234227
229675,-0.24863770565228177
229681,-0.19550394787990133
229699,0.5887367252526556
229700,-0.1452741626539962
229706,0.3771855295294257
229707,-0.0565750013433853
229709,0.13149488213076482
229714,-0.2504748016302427
229715,-0.25581869476893504
229722,0.210608714009545
229725,-0.12398845720804798
229731,-0.01904317512131679
229759,-0.5330506605551926
229776,-0.3292137214449616
229780,0.06537343615508
229782,-0.04234478445693131
229801,0.6549495239253297
229841,0.3035299651619076
229898,0.11956017038375794
229900,0.3180609739835483
229905,-0.02181357422464047
229906,-0.17589187813556256
229933,0.16921687374746658
229937,0.00567839027512334
229949,-0.4139996184641576
230025,-0.2417289718378809
230027,0.098816522783102545
230073,0.08595140323505542
230075,-0.14051122547990233
230082,0.07469067542579974
230085,-0.11474560153634876
230088,0.2477551161770248
230098,0.1617366464201119
230099,-0.3499007057092509
230101,-0.01475640523032196
230103,0.01680768063892987
230119,-0.12960697881302655
230125,0.11543580282796634
230126,-0.16235210338412878
230145,0.01185322804287526
230157,-0.2578168925309175
230162,0.06699292473873825
230163,0.5294572255510815
230234,-0.08370270698102668
230235,-0.3914658852647472
230249,0.2279455635177822
230257,0.1592749044251643
230259,0.21472585872971672
230279,-0.03246183051605809
230316,-0.3923260895549886
230376,0.00988426289536097
230379,0.3048657803579252
230393,-0.14032715608884735
230405,0.17949966773248813
230484,-0.07757205615095408
230558,-0.5399824602442891
230576,-0.07757445117178162
230577,-0.1463424410059006
230579,-0.04153279541692151
230582,0.0966044739752831
230584,0.04289668422712397
230587,-0.1598894679000145
230590,0.3105603389659441
230594,0.01891065217116058
230596,-0.14030459941594267
230597,0.4633074237530341
230598,-0.00878670168106159
230603,0.12111735265145208
230612,-0.4029996110698494
230648,0.04082189707059321
230649,-0.4378928499760352
230654,0.0980701489426582
230657,-0.1176281056269021
230661,-0.1928252473435843
230673,0.06574034771588624
230674,0.16209261452533436
230676,-0.02640797740004995
230678,-0.3882666909197987
230696,-0.12990804649569
230700,0.01965254959676558
230709,-0.05937975343614616
230718,-0.2419019503362798
230721,0.15579099990268266
230726,-0.700921301447659
230734,-0.13659005991542855
230735,-0.25985078028600067
230737,0.12172491486451006
230738,-0.4125926052572455
230751,-0.4472075338740763
230752,-0.13334438791237185
230753,0.02870028105141632
230757,0.08128995408927678
230761,-0.03756786620103115
230766,0.02465934787257773
230767,-0.2196024924700392
230770,0.01241532452590388
230775,-0.28762613773614004
230777,0.05623523191012579
230779,0.30585080194109177
230784,0.013061573631098
230787,0.06045214938615444
230789,0.04798365885974966
230793,0.15177730648277382
230796,0.3241262716069162
230801,-0.04203206349100481
230806,0.00599731088490419
230809,-0.04292050735949333
230815,-0.19570483949270367
230822,-0.04692522891282034
230824,0.19614187366720043
230828,0.07756732570738567
230837,-0.14709214057961079
230848,0.01011289971573048
230857,0.2874652568221199
230861,0.2966633967919805
230863,0.162021900868749
230866,0.19972229850539264
230868,-0.04416433908731825
230872,0.0957476067880309
230883,-0.1989587000354839
230895,0.1282706851276481
230899,-0.11407676809081572
230903,0.3609177258432892
230904,0.09409670813971184
230908,0.02890511338395689
230909,-0.09215877545099913
230917,-0.1142758209300108
230935,-0.27234110278382134
230936,0.07588761665674731
230959,-0.09959868678420386
230967,0.438618704419849
230971,0.5806493706602249
230972,-0.769404909986031
230979,-0.10635959888932728
230991,-0.06627663395025023
230996,-0.16411361180115036
231002,-0.02635396702289214
231003,-0.02635396702289214
231004,0.2843679022928125
231014,-0.1995182077219983
231042,-0.24180299043367265
231044,-0.0862456837120722
231050,-0.8056520448964999
231051,-0.17182818751445972
231070,-0.09094175352726742
231086,0.0610818653948602
231093,0.2922366265864904
231098,0.2433562855667636
231103,0.6496066853690721
231123,-0.1658490968185748
231125,-0.13965035072929133
231128,0.19275285872056108
231130,0.09877478451408878
231134,0.07462572984085113
231147,-0.05842851273669614
231148,0.30650199052718347
231151,-0.4174669695889416
231162,-0.8454595954221039
231207,0.15342386587600265
231214,0.11968822894953524
231225,-0.00153203603833949
231238,0.4596628203899329
231252,-0.1191830095774412
231279,-0.26687476526332615
231290,0.01904509113257561
231293,-0.5083441574040644
231296,-0.5067185334784308
231326,-0.22863270215418427
231327,0.01008182223923237
231329,0.06750205089170809
231380,0.08304543747912058
231382,0.944769289900316
231386,-0.02629760900669435
231413,-0.00790588773431523
231430,-0.4414042804593067
231440,0.394915440901737
231452,-0.04268784871864639
231464,0.04232547867230448
231470,-0.32935328190970087
231474,0.47537924176816215
231503,0.17957265841707143
231506,-0.28337888085078977
231507,-0.0616507823768209
231510,-0.13008886269785683
231532,0.7731372010809086
231549,0.07491906793753525
231571,-0.08615314112300326
231580,0.027042222450488
231583,-0.4961102345158014
231600,-0.03623267892218406
231602,0.07890871546139949
231605,-0.1881613244857406
231630,-0.4414081974023973
231633,0.6131337927127068
231637,-0.13811249327796044
231642,-0.19118516993558068
231646,-0.3005983463772775
231655,0.06105687396570004
231659,-0.03566522707292181
231668,-0.5389413263155525
231670,-0.08884280334374055
231672,0.11011802097738914
231691,-0.4966738110828616
231712,-0.06278256388465228
231713,-0.13226668749580744
231717,-0.21707374381580105
231724,-0.7687622393413291
231727,-0.33526091081027826
231760,-0.31154990949880335
231769,0.12538342993188628
231798,0.1155629747905138
231801,-0.03713103639240409
231803,-0.06108684662471803
231805,0.06515576213949949
231807,-0.12968816113094006
231821,-0.02910572818321591
231830,0.3475738775340549
231832,-0.14766195273616853
231834,-0.07913590926197131
231841,0.01522287942507935
231842,-0.02760772346806263
231855,0.06526046888746415
231858,0.15850829818404924
231861,0.08832011436935615
231863,-0.661080721692738
231866,0.404782597152456
231868,0.03291307457334173
231871,0.09495161185706671
231872,-0.0559331697847808
231876,-0.4015159737696543
231887,-0.17278403030973
231903,-0.00158272688998224
231912,-0.13322646659584372
231915,-0.00235820925281275
231931,-0.029913753440176
231932,-0.06124217806506324
231946,0.3808013384711873
231986,-0.12129273092432308
231997,0.065273275915905
231999,0.10470060830451654
232016,0.6002419581775239
232023,0.1351043055683879
232035,0.2858599321108697
232086,-0.3793426722329706
232087,-0.00674337444543784
232089,-0.08518930083518832
232146,0.2938344126919568
232156,0.13159975007096297
232157,0.02978982088869286
232164,-0.11160043343024728
232174,0.01127390429674584
232187,-0.01348781656026142
232196,-0.06029297517421667
232201,-0.00645128842675069
232210,-0.15701456972790423
232223,-0.13242761855128557
232227,0.1425314197675059
232232,-0.3519128198899803
232236,-0.06901667486940208
232237,0.13047946181376163
232286,0.05883399292902955
232288,0.3583245891499028
232313,-0.2026558794538605
232314,0.04096799754478537
232333,0.2833435197476073
232334,-0.0653737884609965
232337,-0.12480304309989564
232339,0.2016315785467621
232341,0.3371838400390891
232345,0.23841972500017752
232370,0.02286939252026685
232371,0.5527853684534438
232413,-0.16526972061046044
232414,0.31139360920290615
232430,-0.036867849963435
232440,0.08540963446048833
232441,-0.4967316025022982
232491,-0.2131021837798107
232493,-0.19150507235692607
232533,0.19219843926314184
232536,-0.16527071111085626
232539,0.16019669944282708
232560,-0.11105313373194804
232566,0.08302460613621546
232585,0.8958612193425671
232664,-0.19833066674010597
232670,0.15207208891877524
232679,0.0979771522118412
232680,0.00557922011825965
232714,0.531012366277755
232717,-0.0872753602221076
232748,-0.10828359724835394
232784,-0.0860221704348497
232790,0.09105671505618324
232798,-0.01978177271533579
232801,-0.04973676985210344
232807,0.11794657461391528
232811,-0.07602871482828019
232813,-0.47317784049221506
232816,0.00793052047935849
232821,-1.1519172219530232
232827,-0.2727607007147452
232836,0.05653571858362415
232854,-0.08568455619557895
232875,-0.1412109351519754
232878,-0.22052367090286396
232879,0.0777231243627999
232889,0.10721093841906668
232906,-0.02296001268039347
232910,-0.03091093496244189
232925,0.2692307473027479
232934,0.04996401534962633
232941,0.10485463016950364
232943,0.05546828465820915
232944,0.17144177432180774
232946,0.5943351573206573
232947,-0.01703567174234393
232969,-0.2758379444405817
232970,-0.06958336998736206
232973,0.05724866296633416
232975,0.201975038964715
232976,0.14018607373459013
232984,-0.15721139435977372
232987,-0.1097383227888063
232989,0.27028385619487827
233011,0.07110440421542662
233016,-0.00538928983233378
233020,0.19095571055234525
233033,0.02636178172425584
233038,-0.05017470303829217
233040,-0.3633777598322909
233046,0.4979281104386487
233056,0.22419587249816103
233058,0.01614382950933583
233060,0.14933317818385722
233064,-0.10272393058502116
233065,1.164625433675813e-4
233066,0.24626012235390027
233067,-0.4336990012229857
233071,-0.17303576833972045
233073,-0.09482876958130054
233079,0.3496881730326521
233080,0.2105320051337084
233081,0.2105320051337084
233103,-0.05117834727106103
233107,0.05025915372501093
233115,0.06892279761521442
233187,0.2984262779026168
233189,0.3120625858661042
233199,0.00212724058124159
233204,0.07932730903108273
233208,-0.10521870055542298
233210,0.5402837255785073
233246,-0.03147082963549161
233271,0.2715505097142591
233276,-0.2330907565617319
233280,0.1812969491207823
233315,-0.10438048787913252
233328,0.13050236221725672
233332,-0.16247951397556815
233335,0.02076118972191422
233405,-0.1118850521563365
233406,0.04850659481680477
233410,0.05698420378944856
233424,0.18103098041596585
233489,0.10738951980165834
233490,-0.10374881615933625
233529,0.00577376356178379
233532,-0.02574275303015391
233537,-0.03847763753674867
233545,0.00962438784558018
233549,-0.16526578742170933
233571,0.0726949815643909
233649,-0.2451336805200756
233651,0.25991984287889724
233724,-0.2366161472678431
233726,0.12965442342909975
233733,-3.552733739652786e-4
233744,0.14240652756523453
233752,-0.05520953281414562
233765,-0.255298886177197
233781,0.02765259776864044
233789,0.05005042552707758
233799,-0.04473588140564166
233801,-0.1536483998623724
233802,-0.13664688406528236
233805,-0.28157403263347447
233806,0.13220992695091155
233812,0.04934416322199204
233824,-0.02634273196848755
233826,-0.2667039796365014
233833,0.01792165651069198
233836,0.07980121487767747
233863,-0.06150056418477864
233865,0.0947298287381806
233870,0.023670494553379
233871,0.05112059939207476
233875,0.7467943896724067
233876,0.1528736018674453
233877,-0.182956424889113
233878,0.07878295758793782
233887,-0.15288828238996344
233890,-0.14076021519733545
233893,-0.08775089696734727
233895,-0.02094849777631118
233899,0.2847446517127732
233900,0.06501501199764975
233902,0.12385897706700516
233904,-0.02188404019640521
233905,0.07695350363843392
233908,0.07318193582898486
233912,0.05513925400460177
233913,-0.02494654156906095
233918,-0.28900199316777
233919,0.15790769845173205
233977,0.18593944787370936
233979,-1.1266866988641513
233987,-0.3992823654341152
234023,-0.03155755946281877
234072,0.10681651671831814
234076,-0.264031959614499
234086,0.09002636048350514
234094,0.15957903002683926
234129,1.439322423661478
234130,-0.1639174937989818
234135,0.1752690258882463
234138,-0.1372669126016444
234155,-0.4534103243204412
234199,-0.8737905302368635
234219,0.48269165503532935
234258,-0.4772939647941482
234267,-0.21521747997215135
234309,-0.11453317389085728
234311,-0.19975178953890788
234329,-0.04208971366897895
234344,-0.1138335864468329
234353,-0.07686133147131663
234356,0.26422266228024116
234365,0.4998441778036915
234366,0.12044372332624292
234371,-0.14889978269140794
234374,-0.07898491807333222
234378,-0.11321513733412462
234384,-0.02915701505725161
234395,-0.09377646038737188
234396,-0.2431665483863147
234404,-0.3504070244441123
234407,-0.06256558331726252
234421,0.12967659644154364
234463,-0.16643787863194004
234515,0.06071378892428351
234542,0.23517540572069304
234549,0.09589859282464802
234577,-0.09224344545475233
234582,0.0402577616677118
234593,-0.19203881924182825
234594,0.07979523734237237
234595,0.13646032689999088
234663,0.07351271251704126
234664,0.03680237847436669
234677,0.16877198095267648
234678,-0.02413404747360455
234683,0.03059014074053603
234686,0.13146077624375846
234699,0.02136533547760926
234700,0.1337559585924164
234723,0.05744393546620374
234724,0.24342081442081248
234725,-0.472955011250283
234728,-0.2156524425253977
234729,-0.09969112996208286
234730,-0.05310254832535244
234733,-0.1151196691754233
234734,-0.10641019528422507
234736,0.01230782979069086
234740,-0.0126089295583289
234776,-0.0312689723430876
234788,0.20350725297787636
234796,-0.03347362246809994
234797,0.14836276635151668
234814,-0.3731442624563277
234825,-0.06464969867096874
234836,0.24786675421969007
234839,0.02183469922124683
234847,-0.06032699676883242
234852,0.00667184940737124
234854,-8.471283090724403e-4
234857,0.30502816699120544
234875,-0.0729411215029459
234911,0.7125001346436622
234912,-0.2926543736804479
234915,0.20632124332878948
234959,-0.20807001079025672
234967,-0.00410569481932945
235028,-0.04691397362862225
235033,0.03258524577528336
235040,-0.06945091275646299
235041,-0.314505396265195
235043,-0.09262797360181713
235050,-0.31593350304518764
235072,-0.07626271517466895
235086,0.408048077074314
235106,1.098147707163193
235130,-0.3017993677442078
235132,-0.09061279872653136
235134,-0.10005777284469614
235135,-0.331968679681223
235169,-0.03731478501070558
235184,-0.41986671471011544
235281,-0.3733196431066272
235283,0.03412425768228405
235293,0.086455230306334993
235300,0.3392278510736697
235315,-0.03916361830487316
235320,0.23361094035648236
235323,-0.02302901280363914
235330,0.05773295330171965
235339,0.03524470617824738
235344,0.03758518746617224
235345,-0.10732389438507114
235379,-1.1614784308467163
235380,0.05353661176800242
235386,0.19015532259083567
235402,-0.6104285982997444
235406,0.31250369416041457
235415,-0.1065863760790332
235416,0.17867316995161617
235431,-0.02751959475412151
235435,-0.0808516078638805
235439,-0.04530841566674443
235441,-0.04769859274724065
235442,0.09068640799053376
235459,-0.2321352239606141
235461,0.09025838908779749
235469,0.05531452381920644
235472,0.10855077151949892
235493,-0.3465085496626298
235497,0.00362558547824792
235504,0.04310388235443763
235505,-0.8414131179292919
235527,-0.19137850236636297
235533,-0.02077971071984915
235534,-0.14600504846900508
235542,0.07708741658271898
235567,0.23635947300790183
235574,0.17829208963433155
235582,-0.19244170899378765
235584,0.13547846373487288
235587,0.00350123742046012
235599,0.13807874839402423
235604,0.48621746088800544
235606,0.05196463616462089
235611,-0.9807743608745384
235623,0.07014661454474316
235626,-0.04598243092548501
235627,0.19603368793273543
235628,-0.00781701714068136
235631,0.16716231269149784
235633,-0.07137161823495485
235636,-0.1181201530116237
235661,0.10038395351587612
235682,0.05017383143410643
235907,-0.15030266385119442
236193,-0.5325395894242395
236266,0.4620429856941793
236285,0.5438480662761734
236511,0.02549743690670887
236539,0.1359261670256803
236643,-0.3075075287620458
236690,0.9335593081409884
236727,-0.25408501006205897
236732,-0.01529303468307465
236781,-0.34898328281949
236790,0.13464302648412843
236798,-0.07618468270537421
236848,-0.1808827064726103
236852,-0.24148399847866855
236899,0.18917548377856205
236900,0.07273369302105832
236904,-0.2955301583865857
236915,-0.26283982827912644
236920,0.25692553430331677
236930,0.1795050688004738
237010,-0.5721049573956908
237038,0.30591779404203145
237052,0.24831540238147604
237073,-0.5116570849201363
237082,-0.07460121194961586
237091,0.37046467496957114
237107,0.4318741855930509
237175,0.7750184220015548
237178,-0.05299224947362162
237211,-0.05175136241576626
237213,-0.8328512990159775
237221,-0.04087407980074253
237222,-0.12875237943170256
237253,-0.15884916457367357
237256,0.11045240775442318
237310,-0.6244454340997976
237313,0.38168465513610833
237336,-0.02755154124653454
237339,0.03625480661508685
237353,0.509078940151972
237360,0.07088720789137576
237362,-0.13196415489529936
237387,-0.47434094974931695
237397,0.3052403367549135
237400,-0.6004353221000718
237403,-0.2209307547424184
237422,-0.10432403481100665
237436,0.4815464502716623
237459,0.09899836028329076
237465,-0.829255223271389
237500,0.06594394572731704
237504,-0.5546873019735503
237542,-0.3328938212044698
237553,-0.2781571309028856
237560,-0.38541350473949526
237611,-0.25154422037192953
237615,-0.00517016210450447
237625,-0.32618121252232857
237636,0.17010511221634045
237711,0.34363647179214774
237716,-0.5684805029479056
237754,0.6254795486766981
237758,-0.01375397148986906
237759,-0.44555485089920766
237761,0.6364824481673059
237775,-0.5122838021476002
237781,-0.18601932009583871
237782,0.07503013702036815
237806,0.2568206435252682
237823,0.3021931713145583
237831,-0.449913046823516
237847,0.01375917160229339
237858,0.22423114407837505
237859,0.3929605995452396
237860,0.2142180328288782
237868,0.29617107654474306
237877,-0.2795461891347389
237890,0.4195975645402859
237891,0.22000562938596657
237911,0.1281269492661598
237926,-0.01225752940630608
237928,0.35807455648920705
237930,-0.13305590659768746
237934,-0.5367090159258263
237940,-0.09544637943190318
237943,0.1612129047309487
237958,-0.38400052700281745
237979,0.17064446701087377
237987,0.09620028268368493
237988,0.23814454864286624
238011,0.13737928001596875
238021,0.4921120586984463
238023,0.27982281665608333
238024,0.2315378481754242
238037,-0.10432616103397437
238055,0.04910289110540909
238057,-0.10617499268952207
238076,-0.7369528960767899
238130,0.11297016928109375
238161,0.07609234421728715
238205,0.0943851349231706
238217,0.202908965697412
238247,0.00586383537759071
238252,-0.19992069150859404
238257,-0.25404088315045553
238266,0.07401723751249568
238271,-0.04137366619288139
238276,-0.2067056977466056
238317,-0.07450857043560379
238323,0.5272097275338943
238328,0.07367752652451622
238330,0.16376192177258397
238331,-0.02987514537295859
238333,0.06953638770049338
238377,0.00292481489268755
238384,-0.00886378699032883
238386,-0.181014954579596
238455,0.26424379384862595
238463,0.02582928473036924
238505,0.00114779033000501
238555,-0.12081876835289627
238564,0.26188169042181986
238673,0.4199879563354872
238725,1.0853342346414867
238799,0.06396524409054519
238803,-0.1890417908779169
238831,0.1949225028347276
238875,-0.1293211325476914
238880,-0.01661848931613737
238896,0.4301861312073656
238988,0.2329824868382726
239017,0.08790332798219591
239027,-0.01238852052861146
239037,0.01947967208373384
239038,-0.1581831961408834
239083,0.06183952794477354
239096,-0.03512628340870721
239099,0.0698960480275526
239102,-0.1448766926063642
239114,0.01785268251526947
239122,-0.5040527702848542
239126,-0.11598943866897778
239133,0.08621918624572661
239157,-0.30817627062609576
239167,-0.08559704077810269
239170,-0.04494005666148576
239188,-0.2341988787619212
239250,0.5252443328963229
239273,-0.09362438527562028
239283,0.4297106273907669
239318,0.367447248230301
239319,-0.09013769784166813
239336,-0.4321859458410283
239337,-0.04681358823864413
239364,-0.01939339050834485
239368,-0.00546049943591558
239393,-0.1554560392075638
239405,-0.3471594694980771
239408,4.502971860162325e-4
239420,-0.9293589121059352
239435,-0.8979499053019208
239436,-0.5452635389056901
239447,-0.9177718451553948
239463,-0.05378041236960762
239510,0.01625398422603933
239528,0.15281040703311605
239530,0.13319473032096274
239546,0.16467433806605947
239552,0.33719715649675097
239554,-0.7765726820111121
239555,-0.09542631316224376
239556,0.01018787506515407
239570,0.00895684358063614
239606,-0.16660073033038547
239618,0.17425501039914282
239647,0.04873699910731128
239652,0.32282133044719763
239659,0.2935085177315153
239667,0.09100604683348933
239691,0.16111755514524131
239706,-0.3520406874675054
239719,0.05808656700686779
239739,-0.02863267217308199
239743,0.03611251384552459
239759,-0.11378472737933198
239766,0.177258342134477
239789,-0.03122959968344225
239790,0.4095990123858736
239796,-0.06519202814632596
239827,0.5846756526181376
239833,-0.3366425227103845
239839,0.32081310397138457
239845,-0.03998085255621518
239852,0.4836555536027246
239853,-0.19559941757349367
239857,0.19096817134349847
239931,-0.7527679420391349
239932,0.27367213945766034
239985,0.12865621543936603
240023,0.00871414444350551
240025,-0.45110331767999967
240028,0.07129334740006046
240041,-0.17330674952521816
240047,0.6087292319016102
240055,-0.00746023379967426
240057,0.2048920308722081
240058,0.03168357529071951
240064,0.09090689167538116
240068,-0.09761386771145676
240084,-0.04870776372975648
240087,0.01444891495742329
240119,-0.4159563956763635
240121,-0.32169055124351015
240131,0.1791157966477632
240168,-0.03800885365937467
240174,-0.033958672454252443
240185,0.08188887375693665
240186,-0.299792381162553
240215,0.31619629434983887
240239,-0.06038815311311833
240255,-0.25212552145395717
240261,0.56452289290876
240263,-0.08021595550296155
240283,-0.27722314054824554
240322,-0.14497191983150826
240332,1.433945150385333
240354,-0.10913306989171212
240396,-0.22953669396296963
240411,0.31449367429064845
240427,-0.05841827142191139
240442,0.3137258092793582
240444,-0.14332076177045897
240476,0.07380062489337658
240479,0.17745297890690176
240505,0.19859292639944973
240514,-0.0698254091765451
240518,0.12670468556010372
240590,-0.32190294036188544
240595,0.2073775575651081
240613,-0.0078277842975209
240614,0.23471256601249557
240633,0.15230095951902783
240638,0.14081845190371398
240641,-0.0861290570026101
240660,-0.2778358612855256
240665,-0.1150689477998834
240667,-0.07182185021673232
240672,-0.16155302877115152
240675,0.01994600432806543
240690,0.06343341349507373
240697,-0.5583752298261648
240725,0.4956041273515643
240726,-0.5552693721243752
240752,0.13704024136592668
240753,-0.14393152398850229
240754,-0.0669694442907727
240756,-0.03690996379261415
240776,0.02156722763444665
240816,-0.04578783576669327
240832,-0.00813090310282466
240843,0.173398829459361
240869,0.2827265262077603
240873,-0.05324293569220012
240879,-0.03116092191250743
240880,-0.20745040671934728
240888,0.5200373511637332
240892,0.4464258329793079
240899,0.05384080796157572
240913,-0.19141716236255765
240916,-0.5771862759410836
240960,-0.8563151667134665
241035,-0.02463814485160225
241062,-0.3854938205857212
241066,-0.4113471569388818
241070,0.06804738804709765
241073,-0.4057269448304155
241075,0.052860725054161783
241112,0.12611594297394826
241113,0.39511618974273416
241116,0.3238295542259788
241118,0.09790973066149294
241128,0.2190169023229349
241134,0.20859641494177172
241159,0.33579098854573086
241196,-0.05705319993322282
241197,-0.14082617875805015
241201,-0.00812532652573402
241226,0.3493441710554727
241230,0.02310274461923948
241263,-0.36875233835510474
241274,0.01297395957883222
241275,0.4034055296863951
241289,0.0762693770354692
241296,-0.1346584471020707
241303,0.04491266121052079
241308,-0.04427803596588055
241322,-0.04957121585300616
241324,0.1744269060571575
241327,0.13017148144654783
241391,-0.05208918090770538
241431,-0.01457945381002838
241447,-0.06278108038913639
241452,0.5241522351954779
241489,0.03711634487025743
241490,-0.16953243097085424
241494,0.5633203524244008
241514,-0.5154096515580384
241516,0.28563918178887665
241520,-0.3992507335424425
241525,0.05304102857196452
241528,0.08647415882254428
241547,-0.09235193359028276
241556,0.11948366757168603
241568,0.17929573483427835
241576,8.566769358812204e-4
241589,-0.01145789987126305
241612,-0.6577294146600343
241624,0.25930794794371437
241627,-0.10430698201773766
241633,0.06666154171252908
241636,0.7270340951952288
241639,2.3133200901447049e-4
241656,-0.00858662491139491
241688,0.3348707057426134
241694,0.11034145427460015
241727,0.28371579102983024
241764,-0.08988026830918897
241769,-0.27151666551798753
241770,0.07322207682114883
241794,-0.8633610894568595
241846,0.2095368804338194
241850,-0.04163227893086026
241877,-0.11085058147754406
241915,-0.03478981900862125
241919,-0.07352954600552354
241950,-0.6105095003304767
241989,0.4781370085289649
242022,0.3149345549322749
242037,0.08481853406224951
242050,-0.27536975564821875
242083,0.16399521830776603
242093,-0.00267631132004042
242100,0.04357213729756287
242109,0.01242168074156531
242122,0.022529767780963
242125,-0.05570402772957935
242126,-0.5816100462119062
242151,-0.20131895165594815
242202,0.15962754126854498
242235,0.21644749144029343
242248,-0.10201813689850048
242253,-0.21849527410700115
242259,-0.41673206307275834
242274,-0.06160347439149186
242285,0.28687895146629583
242291,-0.23242327728309284
242297,0.32285156620206074
242316,0.6030020550815502
242341,-0.11739210054159097
242362,-0.4275153156466191
242377,0.2966202070637983
242384,-0.251180804481689
242406,0.10125140039635935
242408,-0.12906805746731506
242409,-0.2702876624019533
242418,0.2454383252082402
242425,-0.21170118163909213
242443,0.14105937058164272
242466,-0.00730133534016842
242474,0.12858770036119166
242484,0.15811453680997525
242505,-0.5514339249233408
242506,-0.763264280116151
242509,0.11382775334775055
242521,-0.09969394839991504
242523,0.3144655094426937
242553,0.03426682122353078
242557,-0.3980019508141569
242570,-0.25791351308222354
242584,0.08655056372647872
242585,0.06267685476154865
242594,-0.02744413059206436
242602,0.08810748690088768
242603,0.27543788201873265
242607,0.37173722568805995
242608,-0.5478698866100888
242620,-0.03456831496204119
242642,-0.2366570154298425
242646,0.25318984185565774
242653,-0.06685436803347031
242662,-0.02973823039634728
242667,-0.06237552317828572
242669,0.3319558154647293
242681,1.0186975384416088
242687,0.1577727599851309
242691,-0.13223637182145248
242700,-0.33705592986090305
242702,-0.17044336829339302
242711,0.2673540952808473
242721,-0.08431080984783461
242735,-0.25550802701782077
242748,1.450198696516575
242773,0.07201883439722057
242785,-0.04403755229185665
242805,0.2910554682589478
242819,-0.12094187861304512
242838,-0.18884023713773856
242851,-0.6219823153715823
242860,0.16543525084304217
242864,0.0630593854238774
242891,-0.10639080199687
242894,-0.12866214199740078
242915,0.03341962759092481
242939,-0.00463398661458126
242960,0.26240696907717265
243025,0.02686299207043743
243043,0.6683533203876156
243078,0.0601369293067616
243083,0.5328081047486131
243084,0.860539160236043
243168,-0.8724359968667451
243197,-0.11427741809140536
243270,0.34463295569514824
243272,0.02645134922075353
243274,-0.38569668507330146
243277,1.4092801024521615
243300,-0.3718517545664883
243312,-0.5282120263379392
243328,0.04200839995505495
243339,0.1876632785963177
243362,-0.11613791045091028
243371,0.03229297846620357
243372,-0.5186461912348936
243374,-0.10899300197960755
243382,-0.0649435367592424
243385,-0.3591491409596142
243499,0.2700050359695095
243510,0.4360952155399485
243529,0.7222382429416385
243535,0.3858810218822617
243537,0.03105284966891381
243538,0.39102906973021057
243548,-0.17741957094589833
243574,-0.1454002065086157
243612,0.04756164794649432
243616,-0.9858899185570232
243621,-0.49433728278368594
243634,-0.02232260577390085
243653,0.4201484691675956
243659,-0.01245399303388038
243725,-0.1851571216062075
243743,0.5827676836525887
243755,-0.36426067991122646
243764,-0.8356892962263331
243771,0.09790673428673864
243780,-0.02067454553287455
243813,0.01115294188386829
243816,0.24504061704001107
243819,-0.06455026579990267
243822,0.08191829852861135
243834,-0.6184554787717261
243842,0.6146034781777221
243846,0.04265882750983938
243853,0.0973322690113236
243864,0.6064689528208452
243867,-0.02560734973177478
243874,-0.28567733190449845
243897,0.18719042065121047
243906,-0.02014822155252583
243910,-0.08363711469263804
243911,0.15207692294555283
243912,0.17863750987401697
243914,-0.033969772267816833
243923,0.1349835213958482
243931,-0.2277274342133835
243937,0.04865166895278748
243958,-0.01343514769680493
243961,0.02720490006317474
243963,-0.05267999540586096
243967,0.3189246872103265
243979,-1.0092942367132745
243983,-0.21232745825785723
244049,-0.0336464185136883
244058,-0.241359264178953
244059,0.2395888482465253
244071,0.06421616242961581
244141,-0.00647587814811274
244144,-0.5238044922938304
244178,0.04988419718629404
244179,-0.02471041457551415
244187,0.8900361696433938
244198,-0.06247634374223113
244199,0.08502117230517654
244202,-1.0679125000838914
244209,-0.01748912020912186
244216,-0.09854296675345892
244219,0.00861779132111166
244238,-0.18200732751256152
244281,0.1018200028716186
244310,-0.05439890266569937
244329,-0.1431110251782955
244349,0.10665408448376391
244373,-0.1133908622104565
244416,-0.24410490439629365
244421,-0.05811505902070913
244431,0.21318593858967663
244448,0.1649061744386956
244484,-0.15815394027090457
244486,-0.5537838249840639
244548,-0.1920623114338949
244550,0.04112417311700522
244551,-0.00904957879479589
244556,-0.13950965865027967
244562,0.45143721952047744
244579,-0.152963109053639
244585,-0.1092817491541467
244608,0.0083061185079947
244631,-0.38354211965843854
244650,0.10238531272213186
244654,0.8170768270508013
244666,-0.02713847285198581
244667,0.3119779918734103
244668,-0.04899768333247192
244672,-0.6337232994572333
244682,0.6426858064331524
244694,-0.37121266730304714
244698,0.03109412800931687
244701,0.16318796259785065
244713,-0.3357791312845225
244721,0.27793762347588347
244745,-0.11707288451521296
244757,0.15597931635043338
244813,-0.480893829394001
244853,-0.15712816876594035
244859,0.3568962413739063
244864,-0.01613599133125972
244867,-0.20394022195999328
244871,0.0962575403373472
244879,0.12905157878810794
244882,-0.46489360543055713
244885,-0.2000654478597448
244886,-0.17676422847970769
244891,0.02065726514034614
244895,0.23034117625982037
244911,0.20911739022950324
244923,-0.1391716955314253
244954,0.9545198169734624
244958,0.08246671090670858
244962,0.02469778118502293
245000,-0.09375298343296223
245007,0.1806183088905114
245020,-0.27146195400162887
245026,-0.4554940465492197
245038,-0.19886055938381875
245049,-0.3580065922378034
245050,0.1502622414330067
245126,0.8084656141187625
245195,-0.07983559229622325
245308,1.7676128878066413
245368,0.18964552305904864
245381,0.2956630320863197
245386,0.3454933974873237
245403,-0.23923540325410192
245424,0.2209360574908608
245446,-0.3695237852425873
245450,-0.47032449609999494
245468,0.4933424261984486
245469,0.48952331121654735
245474,-0.00666170538365712
245522,-0.5237598678672117
245527,0.14061652851464312
245532,-0.13779715869173256
245533,-0.43778443417148705
245536,-0.3704471316862504
245537,-0.05406677542625889
245555,0.16086422336676226
245572,-0.4130195174803489
245595,0.00826999619101497
245596,0.38487370092997686
245610,0.5163943226395113
245622,-0.01182776501011246
245631,0.10323330726949707
245638,-0.3585851828224993
245650,0.4150183474521877
245666,0.261087211228949
245670,0.0162872314719164
245671,-0.19522808019446947
245683,-0.2608976251743095
245684,-0.1631443734882631
245688,-0.02917797242664903
245695,0.04516238095598837
245827,0.1260428787727813
245828,0.00522692060541946
245841,-0.08119175229283186
245847,0.01932118501474667
245857,-0.29381636119428234
245860,-0.07478470105949983
245866,-0.0242822603676669
245867,-0.11142435116258056
245877,0.05470371096245123
245880,-0.11578773331217912
245884,-0.3521726932753012
245886,-0.2588406022507505
245902,0.09352337639728887
245944,0.06724183025532378
245945,0.7258236133949505
246048,0.4951385519874939
246049,-0.24234012812450748
246086,0.03664153909302363
246102,0.2588376794422274
246103,0.01284835834642668
246104,0.298127478640436
246133,-0.07703635666061202
246154,-0.1713783273393824
246177,-0.02908141344601959
246179,-0.01715160335523255
246190,-0.13413547938283957
246196,-0.08113508335711972
246198,0.16033521539214518
246221,0.20553698027368936
246228,-0.2061151621802568
246229,0.16821259783420972
246257,-0.10406942181051988
246277,0.10665328796565554
246293,-0.09333656187385073
246313,0.17615470309291323
246316,0.47513417508127065
246317,0.6289564438065873
246691,0.2076065257940996
246694,-0.0469572775589021
246696,-0.05253514522512166
246700,0.4130425657195452
246703,-0.07376635031144693
246707,0.3036862007412185
246709,-0.03828973888555035
246710,-1.5825615713882784e-4
246727,0.3519432437642489
246728,0.0387707587593946
246738,-0.6043750555682985
246746,0.07026077825876599
246747,-0.0536168595691245
246779,0.29719707541564666
246782,-0.02088771573161576
246787,0.1852333071029927
246788,0.2634887237482918
252837,-0.1444744808956035
252838,-0.0107587379339728
252864,-0.4310592310551088
252868,-0.0355022158574584
252870,0.07642455962710644
252875,-0.32473985291556895
252876,0.04680792423379983
252903,-0.02300147608126377
252966,0.04950459204930612
252967,-0.4664042851013287
252972,0.11508479712653888
252973,0.5920940833007027
252974,0.1820633851843716
257630,-0.35989557264082744
257632,0.07963203524737232
257633,-0.0708829215800329
257635,-0.08699794714485035
257883,-0.30536922559844154
257884,0.4442696795045067
257909,0.11084856189110148
257916,-0.19078002559728352
257917,0.47937363175346137
257958,1.113646358661984
257962,0.23495732874707384
258016,-0.00333498676377685
258025,0.7842581402118073
258036,-0.04909831171555447
258039,0.15397707810212952
258097,-0.2591097266839701
258098,-0.07898038585461442
258105,0.681659567832492
258121,0.2082673459985639
258153,0.02409181230281229
258155,-0.4291239441235377
258160,0.19518292634850215
258178,0.642212835557149
258196,-0.28317789934045745
258207,0.2730705631737266
258238,-0.2839302386345046
258246,-0.3095933505782726
258248,0.5120979276894233
258267,-0.17687002318179407
258270,-0.2502826667453136
258271,-0.3488228474773313
258281,-0.2911586044871727
258287,0.05123827467481628
258292,-0.5964319427809496
258296,0.6445570367924418
258302,0.3916648940247777
258303,0.17970450419140702
258305,-0.10314946758788882
258310,0.20606395301021177
258316,-0.37800566500267785
258318,-0.12137790488878254
258319,0.49870432911347917
258321,0.2945548328961169
258322,-0.15781678804871258
258334,-0.01165064329717252
258336,0.5124077550297739
258347,-0.09814964654936996
258350,0.20879012909670147
258352,0.4833337910860572
258355,1.2436296708643113
258358,-0.259670192317242
258362,7.245155732544528e-4
258363,0.3503370456289724
258371,-0.02263620341861175
258373,0.21526595671822651
258381,-0.2601403856163785
258387,0.4838609417260079
258405,0.5174903914103948
258407,0.12621905685802293
258408,-1.372219740210845
258424,-0.27206022474294483
258427,-0.20979153368991144
258439,0.13641158795737185
258443,-0.00230951914899936
258450,0.314286034068566
258458,0.5157908958860576
258469,-0.3242784977794627
258470,-0.5583152544467256
258478,0.08305979447652571
258486,0.07813872181217138
258487,0.3565415187553942
258506,0.16312004381787856
258507,-0.26980049790886385
258515,0.08159598992391665
258531,0.11150969685282286
258544,-0.29858289122999876
258562,0.16532184899746877
258563,0.2258009153884928
258568,0.32453348824282563
258569,0.2178239518554659
258573,0.04428090995293756
258575,0.19506786129592824
258580,0.4081689009140491
258582,-0.06066138519433338
258585,0.4874779344595678
258586,-0.4439706043660354
258587,0.4508094159460363
258598,-0.08593517724114097
258600,0.18772493232138351
258601,0.2972838089535202
258608,0.3455849686970427
258614,0.0325511931597499
258616,1.0210177470190231
258618,0.6483967450123711
258620,0.15394966809576976
258631,-0.0499630648559782
258636,-0.1912494393185612
258640,-0.5279891348174627
258656,-0.2433930882038326
258658,0.45334394577319503
258659,0.15310221961861728
258673,-0.08679093462429303
258675,0.3551183389596314
258676,0.41180956065365104
258677,-0.5930982533946905
258680,0.13837837951395016
258690,-0.05505027474617134
258696,0.36692931255739303
258697,0.4836918657097048
258703,0.07649109913181888
258704,0.06370694047587591
258710,0.2512804764479533
258713,-0.1317529862416176
258717,-0.00770103426968069
258720,0.22707538812272157
258734,0.11061688959267112
258736,0.3624169157233629
258746,-0.8116336615607707
258749,-0.08702300008073707
258756,-0.08727734355502152
258763,-0.09684951333555623
258764,-0.8854843453737723
258769,0.34184263478665183
258772,-0.04386655301989214
258775,-0.31967989729182483
258786,0.3356157685268321
258794,-0.10683322852500476
258804,1.0988120910049832
258814,-0.741360904754191
258819,-0.1429987063493548
258821,0.3358730441193577
258832,0.14382754043988208
258836,-0.03728613233249718
258853,-0.6150284987210912
258854,-0.5475917363794541
258857,0.29531323307665414
258866,-0.10272715054547206
258881,0.242405486776214
258882,0.05792818588411269
258896,0.09647900944607753
258908,-0.4647036222937037
258912,0.35093177493360705
258914,0.02375110233912588
258924,0.5705359080086322
258925,4.955169431318657e-4
258933,-0.12572757275932173
258934,0.5789221257184833
258935,0.16844596661880262
258937,0.1629303772742532
258939,-0.09475795894743072
258941,-0.15808844220804524
258944,0.29270082301304723
258946,-0.15674433352050743
258961,0.2324306414921079
258972,0.49180868031393776
258979,0.4250700232216083
258980,-0.0493334196727149
258984,-0.3744501482887961
258990,0.3030113111490791
258991,0.156409355554623
258992,-0.4739896809826447
259000,-0.01843294992810117
259004,0.5984078430622441
259012,0.04351370127135337
259013,-0.267598842557612
259014,0.796377837878689
259017,0.288481719447762
259019,0.44607812470817354
259034,-0.3069577381737952
259036,0.08917673560678548
259045,-0.01196589624804933
259049,-1.3559423781745057
259051,0.01107094029136249
259053,0.2118750016137592
259058,0.1775764911353876
259063,2.1103170398471427
259066,0.23143632181805027
259067,0.6414949982930507
259071,-0.08797141270824178
259075,-0.4544866090289243
259083,-0.3215100916524736
259089,-0.12441016959658632
259092,0.5856150187565392
259095,0.24582623469217812
259097,1.1083658650009598
259100,1.2209575199684528
259106,0.02750011097894856
259109,0.5601310764795242
259110,0.4045732390516406
259112,0.8683990915676849
259113,-0.10675095311022369
259119,0.7318796915868853
259126,0.03496791685877
259277,-0.19919546981245287
259279,-0.1769200660215506
259300,0.2726399410574831
259301,-0.23242733319663433
259302,0.3387874173965475
260297,0.2657221554662619
260298,-0.330939259180576
260299,0.01631206305379722
260301,0.09834665980768267
260302,-0.0015048608579591
260305,0.1892378121841312
260315,-0.6135878053961155
260408,0.08998577422261161
260409,-0.00238855515941198
263406,-0.03753227080786429
263764,-0.0040373430172495
263803,-0.7547390134457208
263876,-0.10179876135749076
264064,-0.11166149017035576
264134,-0.31768609281463084
264895,0.05495173474361625
266614,0.33011938193470797
266620,0.07928922816430486
266632,0.09935128186005523
266645,0.2574530080752695
266690,-0.2595080830314871
266692,-0.14750173668536726
266744,0.7180113846656628
266781,0.01441912314847238
267019,0.2612468165368441
268281,-0.3887297964981151
268288,-0.10009399629279196
268291,0.400045660415888
268294,-0.208792310450662
268297,-0.00271424693913606
268301,-0.08560974285092382
268345,-0.4167538062639482
268354,-0.3811979701470504
268373,-0.00759044378182062
268379,-0.3822098510799007
268395,-0.08054650983692006
268396,0.16875126981896285
268417,0.0084731771213788
268420,0.08240522933710889
268445,-0.03976272408758988
268448,-0.1119152801304097
268449,-0.00961756658686272
268451,-0.01738176924835682
268465,0.02728800179301777
268469,0.15896861949721022
268481,0.04438223377046284
268482,-0.04935354639865377
268490,0.19707354546236833
268491,0.18186088219171231
268510,0.06897197740284276
268512,-0.2274019495817074
268527,-0.04063979810005239
268534,-0.09858912373177137
268564,0.3163195254879003
268566,0.08265390483462434
268567,0.01983517938375559
268591,0.08951160752835734
268656,-0.2076980242529104
268663,-0.1830417175799987
268686,-0.04723018342125935
268706,-0.00648372932583615
268709,0.01086822486491098
268721,0.06015845292738716
268739,0.10002317421630488
268741,-0.3208327069775887
268747,0.2781552227859369
268749,0.08008975575528145
268752,0.18445501323742988
268759,-0.14153466015134397
268780,0.3440001635123243
268782,0.08890378277778295
268783,-0.10557373553543618
268807,-0.13115712288997383
268822,-0.0885713583169475
268857,0.05567362093062197
268859,0.2859224876138794
268860,-0.5011859477925961
268878,-0.04194092760848877
268880,-0.03352607835610517
268882,0.01462685172293359
268890,0.23558988966319053
268902,0.20227269608929488
268903,0.18383508612875593
268905,-0.20064962806093073
268930,-0.07259606315657731
268932,0.0673929068775959
268933,-0.08124824466363076
268934,0.10934231785395834
268935,-0.20221205525631092
268936,0.30386228900947637
268958,-0.25414321000228923
268970,0.17379882750921977
268973,-0.2939219419379489
268977,0.36152690751998456
268980,0.2350242200817907
268996,0.01919860301680653
269003,0.15004066433231705
269016,0.3990428309434197
269019,-0.3023198175974521
269037,0.5981825982259423
269053,0.1403652510504459
269060,-0.2184202335023442
269061,0.08050656910600405
269063,-0.5288014578426061
269109,0.2127136247922944
269113,-0.00585946543380891
269116,-0.01700727082997445
269120,0.09219479618113371
269132,-0.14209708088151837
269152,0.4817069369370656
269180,0.34858627319370133
269181,0.06335893239746682
269198,-0.00992197633837657
269209,-0.1441186086260744
269224,0.449091162990117
269233,-0.07257064934652425
269252,-0.039673956709274
269254,-0.01200327367027589
269261,1.8052186880084496e-4
269275,-0.0467821497725298
269295,0.18019076474291756
269328,0.07060513805061847
269336,-0.17172302407398926
269338,-0.02985828516792481
269344,-0.27427810455940016
269356,-0.44648237923738754
269378,-0.1303090917311269
269389,0.08466412250716444
269397,-0.0823033852140781
269400,-0.0933528303669951
269401,-0.06598808086928208
269423,0.0125559823145851
269424,-0.02965134270972583
269437,0.00139228736784149
269470,0.04352316782306637
269473,0.11073133935011056
269513,0.3988273602615938
269514,-0.09289631889096545
269523,0.14475833877660724
269529,-0.3426349895298486
269536,6.137787888763693e-4
269582,0.1432586307364768
269585,0.12535816639073608
269587,0.1890137792180825
269589,-0.09805207678121086
269593,0.0543678326254738
269604,0.18770412859563773
269608,0.07142237668776119
269610,0.6716708552345501
269614,-0.1258422128613483
269615,0.12173683919462933
269623,0.07473056138423258
269633,0.599636696081586
269639,0.10669784064441558
269642,-0.15268229855286883
269643,0.1883525991800393
269682,0.11873249369136069
269693,0.6496521288477555
269695,-0.1680781535796347
269700,0.2398576880844907
269701,-0.26999753091166706
269702,-0.14462600416563787
269704,0.10323545101437737
269713,0.3560166699376428
269717,-0.04054869591954885
269774,0.19774260575914265
269784,-0.17449871032910008
269788,-0.03848767538477948
269800,0.26300258633888896
269823,-0.20147560669343265
269831,0.15084012615377432
269854,0.15865179045652908
269855,-0.29576858429490926
269870,-0.02039301250213413
269878,-0.8963858271079295
269881,0.04204903259521196
269941,0.12249014988511996
269951,-0.09484168388688692
269952,-0.06774525203916519
269954,-0.05404649166604319
269955,-0.5157324432852204
269959,0.4908028249298898
269994,-0.04262272348926932
269999,0.0110195037066917
270004,0.08275861407904812
270028,0.1895960504587312
270035,-0.1107166561018104
270049,-0.10773549976188108
270058,0.07261529970277728
270066,0.04064507043352704
270076,-0.1903143276732895
270084,0.2827409613669615
270086,-0.10152806055254958
270091,-0.2995242229920621
270096,0.0926792514937862
270097,0.3281438920982298
270109,0.20823890430581063
270110,0.06611118262830672
270118,0.07440138680921488
270120,-0.24738483456562252
270150,0.3020125452777905
270151,0.389261625602925
270152,0.0712745508416937
270156,-0.29245053386651737
270160,-0.6648958493133124
270162,-1.151971350037933
270163,-0.04051913396968306
270166,-0.09598096897559552
270190,0.5957269041821013
270192,0.5571246277671941
270198,0.05600982069777071
270201,0.01712074443011705
270210,-0.4700153994868031
270624,-0.16735897420935653
270669,-0.3723968042534256
270672,-0.13005709867918558
270685,0.11089786288870657
270757,0.06827210264479217
270802,0.07767990394950232
270893,-0.20938130342230357
270906,0.1637084961042165
271005,-0.01036101083201521
271036,-0.04257989563065362
271127,-0.09633865583467374
271209,0.4855628045900624
271221,-0.3747843684834736
271305,-0.2995785372007166
271377,-0.01510427475831616
271424,-0.5248320723271359
271457,-0.02659197023534241
271564,0.2050185019813544
271639,0.15034312988728324
271697,0.06592185651420178
271786,0.09116933980265012
271813,0.26613011786554736
271842,0.14554317157052923
271844,0.43812977940937303
271849,-0.1758799794569106
271887,-0.06271677719970359
271944,0.8512529131525167
271970,-0.6051979131328755
271981,-0.07891772918293888
272027,-0.237246811524028
272322,-0.1260913029556522
272347,-0.01577527322526747
272359,0.12145152514293066
272381,0.4134533093101451
272382,-0.18721812004758523
272396,-0.00655686373954331
272411,-0.25795497520074695
272428,0.4185059909440087
272465,0.09499995547276864
272538,0.23941382830352187
272551,0.43864511650299126
272589,0.1396045042743659
272636,-0.6457359225372455
276770,-0.01187231423912297
276829,-0.06037510188890328
276846,-0.03438907117057799
276852,-0.05888554686668242
276891,0.128246891553834
276905,0.2592934358487722
276919,-0.23129461791583455
276920,-0.10207370996385312
276952,0.13933774248156203
277010,-0.15479406127087098
277154,0.20417151589092855
277203,0.1335802599406123
277250,-0.27854671717926227
277328,0.3766313996278052
277343,0.08274704828449632
277353,0.5585529286251577
277360,0.0408542908600412
277414,-0.04477890959072721
277432,0.3120718368790689
277463,0.00171071406189428
277468,-0.2202348860002956
277496,0.10926898345388524
277743,-0.38922026578849295
277854,0.20593611094782688
277898,-0.15763125311119752
277939,0.14269346305996808
277973,0.33802016680871383
277978,-0.6111704843720559
278097,0.1361028510738033
278180,0.4821093326389666
278279,-0.25782496521063136
278507,-0.12317541318089
278795,0.39532338597243655
279028,0.897283037592252
279029,-0.02032759610891529
279499,0.05145992562163096
279653,-0.396775618516953
279766,-0.2194258904971602
280287,-0.15034244552939183
280408,0.16919118695290306
280411,0.1874926275400388
280635,-0.13405384205675802
280645,-0.19137002277345197
280662,-0.2833102455110085
286940,0.2671446805013473
286942,0.02648669232134627
317652,-0.52327671510299
317653,-0.1475835273360527
317717,0.01348659233870198
317750,0.592740441912142
317755,0.3821376452772569
317757,-0.12986411425327804
319162,0.00753681204623642
319163,-0.00550394438601054
319169,0.02964910088823238
319176,0.04862997870778906
319178,0.5982302642187043
319186,0.16943079217785256
319188,0.2821389928885613
319189,0.19008020588993785
319196,0.6215994499719464
319197,-1.1475731084145775
319200,0.2568518354533061
319207,-0.17014761049053895
319229,0.02138237350211987
319239,-0.4843808858498543
319259,0.689246647222468
319262,0.10527021266531485
319263,-0.18105462677070827
319266,-0.22358465058039545
319277,-0.05036378491386901
319278,0.10613459663926564
319322,0.08528010024557763
319352,-0.00818967771662754
319370,0.02628124658150774
319387,0.2292787996848017
319415,0.15600701045311482
319430,0.21356415562960393
319446,-0.17628452279347437
319448,-0.13202484112007873
319455,0.2024886139605266
319468,-0.03202304397833698
319475,-0.2620382647557009
319476,0.08288121510286163
319477,-0.1038604564257682
319478,0.04482488737857816
319481,-0.06144862584384797
319504,0.0071528475327648
319508,0.4102510700973486
319513,-0.0941606746106024
319518,0.16459097926999583
319520,-0.24013889461881335
319530,-0.657642509113966
319535,-0.30398573866944567
319554,-0.13304255161979045
319555,0.37522877259703824
319565,-0.1585390790723296
319579,0.36698651153293155
319582,0.8059844349492027
319583,-0.0370067451675162
319586,-0.04402875938853295
319594,-0.07524199099699733
319601,-0.11269721255549003
319604,-0.0168764640140265
319613,-0.5927501935040398
319618,-0.05688785715843603
319622,-0.23673507469828936
319625,-0.08680337140022949
319634,-0.15864021130852152
319636,-0.16190583132689967
319638,-0.11507225174270502
319642,-0.04084231327864085
319651,-0.5826129023347674
319653,-0.42276752062753864
319655,0.6048410450919062
319660,0.12136719246053404
319670,-0.04939699948133008
319675,0.05408412658506623
319695,0.3095168332367644
319701,0.11007304257217256
319710,-0.5152854994798508
319713,-0.27890059776484544
319719,0.1804459091509404
319734,-0.09789040988347028
319740,-0.13340755806543692
319742,0.22688948266509587
319748,-0.08123680806536199
319757,-0.07996465609347728
319758,-0.5374762237478826
319765,0.0223101344386077
319767,-0.17361861155357433
319776,-0.8030117474512611
319801,-0.1663518244505982
319804,0.8078073842082201
319807,0.15552360233892193
319817,0.19988997245815404
319822,-0.1630862540963453
319832,-0.26495513411901617
319845,-0.19480335548094563
319848,0.23443047180716445
319876,-0.05894682210763263
319880,0.09252619452633055
319885,-0.0497913314408778
319899,0.02351276452793935
319901,-0.08455252472751301
319909,-0.3895534008855193
319922,0.826386437406567
319924,-0.12339370508882425
319930,0.37587108560906346
319934,0.7199882396463938
319939,0.2720517178909327
319942,-0.2872138763408929
319944,-0.03811492219884806
319945,-0.06301991059426675
319953,0.1955222895776979
319965,0.03362381226687969
319974,-0.12609614870243716
319984,-0.02049911758003563
319991,0.3828853819425848
319996,0.0085109527858225
319998,-0.08273067553027864
320007,0.13498363986769035
320011,0.04390826145070634
320022,0.00133264446505382
320024,-0.09491991826503396
320027,-0.4405706212313405
320040,0.3014842087621732
320051,0.4998708909738007
320078,-0.28997462690057235
320080,-0.14001277705379384
320091,0.4396449815681127
320095,0.01206444254275506
320100,0.03217417576350024
320106,-0.07893085608385246
320111,-0.0097749306291482
320116,0.3005755221565981
320118,0.2046079998193918
320119,0.20214658421141732
320127,-0.00655470285583604
320129,-0.17509821922913665
320135,0.24811306644399828
320139,-0.6216004501850734
320145,-0.1061604212206158
320150,0.17514239478063862
320158,0.03508265363514969
320159,0.18574025764530372
320162,-0.167091835865611
320165,0.04054971432632348
320181,0.12776854765533516
320183,-0.064779926711853425
320184,0.00244208966786499
320191,0.10076887628565397
320202,0.3874045113634544
320204,-0.19308050573531368
320208,0.10137971320578544
320213,-0.08980227860372468
320214,0.46268506176857704
320226,0.4783547318347602
320234,-0.03927361487071958
320244,-0.04520432056440972
320253,0.1599311338183399
320256,0.11829346554458917
320265,0.16873230569033149
320267,-0.13124459941145375
320271,-0.3213530471959165
320277,-0.27128134725428543
320292,-0.02659219469186859
320299,-0.20647880788109896
320311,0.24816977417528543
320343,0.6045034238744262
320351,-0.16884862563712205
320355,0.06128879167788009
320360,0.4935164943248261
320365,-0.0219397660995043
320376,0.30465544106971537
320394,0.02436166230013332
320398,-0.2328472332628305
320404,-0.16361886417690255
320405,-0.08921702292613343
320415,0.08481825521845063
320429,0.18826355166119685
320435,-0.01787118719764579
320438,-0.07185114293755274
320452,-0.08644530442022164
320460,-0.5565699518972987
320472,-0.6367493276978573
320473,0.11748393757186926
320484,0.1153837535047859
320487,0.00972347266071305
320492,0.06678046164528835
320495,0.17354618018649612
320500,-0.02948492633785725
320502,0.2603405604802006
320506,0.3291107751595606
320508,0.10335557192084396
320522,-0.5327258593725844
320528,0.503458813739656
320534,-0.08307610268066923
320538,0.17272476082216034
320554,-0.3418933691812278
320557,-0.39202828870618367
320558,-0.2257518600786617
320560,-0.00284332918489292
320563,-0.3476432621685229
320587,0.17137998778125857
320590,0.0960140046488262
320595,0.2216580637853316
320604,-0.4408740354954001
320609,0.4560699815444931
320615,0.10205382314601576
320632,0.0687088511481501
320633,-0.03127460277527249
320634,0.03820412335395701
320635,-0.02406796837074593
320655,-0.08726017075044233
320661,0.14283746524498026
320662,-0.2398859417976455
320664,0.344143381725065
320678,0.15485656279312496
320679,0.4507469350136844
320683,-0.13021940807562166
320685,-0.3122804432271247
320696,0.17066980935205023
320701,0.4016345731896141
320705,0.07585052883504921
320706,-0.02754948733054552
320707,-0.28303102881766945
320709,0.11532858902059272
320712,-0.3285905784801111
320713,-0.3372825214583538
320714,0.10703920279261712
320717,0.04253485677451205
320718,-0.25713003164019116
320720,-0.20277016838450457
320722,-0.14868629905059874
320727,-0.09684769913708532
320736,0.48940048607711745
320747,-0.0328858666770087
320752,0.2864715138089492
320782,-0.25573770756991737
320790,-0.01837336407727145
320795,-0.12399109465204317
320799,-0.143247749357402
320806,0.10450080447177151
320808,0.322508131171917
320816,-0.20751110096625092
320817,0.08492672323870532
320825,-0.1313497127983785
320827,0.4877377566887593
320840,0.04421094350847966
320858,0.00103140882481714
320864,0.09926677241491016
320865,-0.3165139846357567
320869,-0.32966260135920333
320873,0.2392312819213942
320878,0.16180407904154018
320910,-0.20711310668916205
320916,-0.02191141845721657
320923,0.11810347115681072
320924,-0.06314646296903983
320938,-0.0735942104668628
320940,-0.18788012094097503
320951,-0.01998592918927046
320974,0.3149746449697802
320981,-0.16576538420572878
320982,-0.19186023266567712
320995,0.05320852658551317
320997,0.7676336029752269
321000,-0.4441405349236864
321006,0.13590712363048044
321007,-0.04629597609485011
321008,0.10876060222867456
321019,-0.11261102808971456
326622,0.1978817869011974
326623,0.30163640868851926
327655,0.2000387267916767
327743,0.23302177823476783
327747,-0.07513466815659205
327762,-0.2849847135870699
327766,-0.3733412872119304
327799,-0.8039627071735509
327814,-0.26600189145428915
327826,-0.06949777789600581
327942,-0.07444551434314105
327951,-0.431627143866014
327954,-0.13673441336498657
327956,-0.29737097206393914
327957,-0.1444883346312761
327958,-0.541640213081779
327959,-0.00207245619142836
327978,0.14180081636386413
327987,-0.06867449423990758
328019,-0.18825309571045273
328035,0.05307512676037477
328092,0.25626640244802945
328108,-0.3056878968458958
328110,-0.05317720062847736
328162,-0.1287122199750288
328232,0.2766873143083637
328234,-0.11133727161835884
328258,0.18333133943550436
328329,0.31061097873574445
328365,0.08789696307785676
328370,-0.11218212694818314
328381,-0.06603470477981807
328401,0.4767156250014265
328417,-0.03051986662067757
328424,-0.11364121789063038
328572,0.19010399784425075
328580,-0.2370999610177345
328643,0.05844927862051879
328778,0.6315425781179753
328779,0.11610019846360962
328788,0.2902821971581636
328789,0.23122925776286865
328795,-0.02452952578522493
328801,0.01129525294472808
328833,0.2399386543757461
328845,0.03006191973254403
328949,0.31336051456623115
328967,-0.03205832788753482
329002,-0.02119269855806279
329003,0.3838646989789187
329015,0.08618746766120512
329064,0.04908596536288019
329093,-0.6057659375512044
329152,0.5824602003198792
329154,-0.01580183640970114
329178,0.39815763119137937
329207,0.8898251995822546
329244,0.37827702604491287
329251,0.19305406465182784
329252,0.7406162682744096
329260,-0.192418272893796
329274,-0.1118023790410425
329278,-0.7848094961404348
329324,0.7675729009247538
329360,-0.236625185783913
329375,0.23328163456470088
329384,-0.2950405401225783
329416,0.12605480919583098
329421,-0.2338547062701412
329460,-0.5786085268715183
329470,-0.05356162271435817
329502,0.433160834822076
329504,-0.13065474663055554
329506,0.2801630876019614
329540,0.500453498575308
329547,0.20188657600682008
329559,-0.37084724767112703
329581,0.3306341741130011
329628,0.29790198836577997
329641,0.47218317177850727
329650,-0.00212702764700043
329659,0.3416424464461553
329679,0.3197105301068343
329693,-0.05941245906110359
329727,0.7193237514565031
329731,-0.6123414295999523
329738,0.1647802679260044
329739,-0.02952813396381794
329777,0.18361080227188137
329795,0.10641744666148772
329828,-0.3983896787640193
329831,0.44726176789255934
329872,-0.4489947905037711
329877,0.3250689474927702
329908,0.02687257508748061
329910,0.18663918052881193
329934,-0.7186659205526295
329941,0.5282902300512599
329954,-0.5736126556770611
329972,0.14360802050256774
329977,-0.13622049811683512
330010,0.26353397454024713
330050,-0.2155770635619398
330064,-0.16509792622486852
330096,0.04220752599387892
330119,-0.3796203482927035
330122,0.13123077709717323
330149,-0.18608772915796196
330171,-0.07606161476620638
330177,0.3859421631995804
330188,-0.6952728461050197
330189,-0.01482840184632182
330192,-0.00201806218691428
330216,0.12134327517093202
330217,-0.5651070364900164
330222,-0.14320853833207428
330230,0.1882176405600672
330260,0.05277683963635058
330267,-0.22445435216362783
330277,0.8801575182417123
330286,-0.00721470858813341
330301,-1.378217089615374
330319,0.5894573212028057
330323,0.2202754122226165
330355,-0.4229371819511662
330361,-0.3897186179231351
330369,0.01916426978637829
330401,0.1449348888358983
330406,-0.19952466629980853
330409,0.0261006210053989
330428,-0.121690061413819
330450,-0.26094857774775193
330460,0.10406823585604102
330463,-0.22551738444903952
330470,0.5910217086551967
330474,0.10014432462609626
330483,-0.00355876375040668
330485,0.30028816176713624
330502,-0.27457666703502726
330554,0.15651066743810366
330577,0.1710559806064663
330627,0.4360501112079615
330657,0.03503611028735772
330660,-0.05098736331091313
330662,0.5835349441524458
330671,-1.232686088794465
330695,0.03835072608200356
330721,0.3611717455221336
330723,-0.285889743261728
330790,0.70606888356599
330812,0.4265246582504766
330814,-0.18270973349501152
330817,-0.1059963482300856
330820,0.07407297005352634
330830,-0.07710606593063303
330836,-0.5318118118510115
330863,0.04217834469264603
330890,-0.2526227093800842
330908,-0.08054430748086273
330914,1.460822735566754
330921,0.0850149732103096
330938,-0.5891736137526232
330941,0.15934252909788302
330953,0.8115451445442718
330959,-0.09314347828267944
330962,0.4375784950214732
330998,0.6306889671254914
331004,0.1779260150112015
331026,0.09757163205758693
331046,0.6686416515814932
331401,-0.08651971038813547
331461,-0.3688770467946809
331474,-0.35345806425723164
331487,-0.21518868891628737
331524,-0.1367717475346391
331532,0.00722865953269042
331535,-0.4704362815565857
331623,0.19211841613270364
332110,0.7096588157266355
332131,-0.33149942709632507
332175,-0.1580885209166113
332221,0.25332252474860384
332309,-0.20693937912196889
332359,0.7301235955977693
332396,0.38771910620370065
332397,0.39108787048507015
332427,0.1875832066535446
332578,0.4691128582359632
332579,0.5429144680022812
332713,-0.2852853359596458
332934,-0.03863324083507256
332937,-0.35381475757097164
333048,0.4118645817074795
333050,0.0081575353711279
333182,0.08191829852861135
333193,0.03180836029023831
333315,-0.14096004191061445
333329,0.0972438243025692
333424,-0.26740862306230423
333433,0.08389237644091502
333605,0.3883965612226837
333639,0.01298544161513785
333654,-0.07029101527547564
333789,0.10116677132707508
333883,0.14849380496835662
338320,-0.19312204730115284
338337,-0.03719469069925555
338346,0.0106660445340439
338348,0.04205827371886572
338349,0.13073117651900923
338352,0.36245484809383816
338354,-0.02650748875642594
338355,-0.00800238852938124
338359,-0.05528128209252007
338362,-0.09411182682998492
338363,0.07934548499824265
338364,-0.00760590736925852
338365,-0.11464996653257972
338366,0.02859025474110493
338367,0.3444716133617998
338368,0.02667611255085018
338369,-0.0365287729569768
338370,-0.17220444399968904
338371,-0.03607774353731652
338372,-0.02019416879839633
338375,-0.37296461613929993
338403,1.0954099224113143
338417,0.2825955880311581
338467,-0.29242414939096084
338521,-0.03072250421348577
338523,0.3823672643507468
347722,-0.301526385436967
353025,0.19457824906103455
353047,-0.03003372394690813
353130,-0.26071584339954024
353148,-0.4340105870332558
353155,-0.344563926453571
353156,-0.8030612365075819
353165,-0.2814535253032434
353169,-0.06807447240368503
353170,-0.06245874986277432
353172,0.02720775082136674
353187,-0.24429910416674017
353188,-0.1382744999521519
353190,0.22129892142040905
353211,0.5554379377515499
353236,0.3233674248047154
353237,0.06875253441997184
353242,-0.08472276053003827
353258,-0.1214139012440575
353282,0.24291481284679564
353283,-0.02864113672195442
353310,0.14757834712719764
353326,-6.267486746012463e-4
353328,-0.24996106974102267
353344,-0.4921387248711756
353346,-0.31081429393706905
353499,0.08314428923137024
353502,-0.0178329612089328
360013,0.2028297628628645
360213,-0.5679230309650097
360216,-0.02480466842298862
368202,-0.03393357323231372
373864,0.11223451063413573
378425,0.3844022564076276
378430,-0.05944085334637423
378431,0.18830426646288337
378435,0.13672282389240847
378460,0.35271678556776703
378462,-0.01919898802500021
378700,-0.17312181501702112
378702,0.09259231479184817
378937,0.06626168205026134
380601,-0.05141832811095064
380614,-0.5108996370348668
380629,-0.06299961393968403
380660,-0.35229985474540637
380664,-0.33229624384571815
380669,0.6062349451715853
380683,-0.10891023029326366
380684,0.2412777255491673
380686,-0.7273883459060456
380698,0.45958379595864074
380702,0.5750524643120478
380705,0.06340938140373638
380709,0.12012058297963812
380711,-0.00635769820627107
380712,-0.103403492491131
380713,0.17272745162163172
380714,0.12433726682658842
380718,0.01632374210754211
380728,-0.02509955781039358
380752,0.0733652179618199
380753,0.3452255276574737
380755,0.2941578939714908
380773,-0.13389724192935118
380780,0.01114870101435856
380785,0.0391778551459207
380836,0.1565400021662857
380840,0.06332856620428426
380842,-0.03426145307918955
380863,-0.6227603238221382
380912,-0.05178939184166223
380916,-0.21141303087515795
380918,0.2159424438040275
380921,0.23147598157966232
380924,0.18008596507355623
380928,-0.4351922594162868
380967,0.13661731505200567
380969,-0.08080439983521437
380975,-0.1804900649961874
380993,0.27972647417668106
381022,0.16523003794729105
381038,0.04952387091488583
381062,-0.1393098271637298
381073,0.5388889613566807
381077,-0.42580863583712714
381085,-0.0154385458213781
381101,-0.04491489148662167
381104,-0.09433911880783032
381107,0.04461281605991391
381110,-0.29754363893875724
381112,-0.4213623221934453
381113,-0.17218934690666843
381122,-0.21507663470722868
381126,-0.13384814227027086
381142,-0.10082734401066826
381157,-0.385795515669094
381175,0.32158602493249067
381199,0.11000748158854425
381201,0.03494481941693464
381204,0.4240025960443317
381217,0.03679658749562684
381229,0.2156269730043709
381246,-0.6032872801700127
381259,-0.4019148800425787
381269,0.373343688038803
381270,-0.10221817174791106
381280,0.04742019818363631
381290,0.07597687352356344
381293,0.3252826022530242
381305,-0.0605168314869122
381306,0.03005568651670478
381310,0.32211555427475125
381314,-0.13519642968619006
381318,-0.08734614751660728
381319,0.05586331029651977
381337,-0.09563930915585817
381338,0.1605505384824448
381339,-0.0757610474218505
381350,0.3908791673503108
381352,-0.16516654581075227
381353,-0.03494541697721176
381356,-0.12931240350812173
381359,0.27424689221015547
381373,0.07538439945539609
381375,-0.03150441543704768
381379,0.12325938699795068
381399,0.3795753775610029
381404,-0.02489632077822116
381409,-0.05241731255546716
381410,0.0044948773854519
381411,0.33802688953329507
381413,0.01763672201542437
381418,-0.39809977421371945
381457,0.5350992551893534
381476,-0.328069077645068
381485,0.03511972833644006
381489,0.11280743723138124
381510,0.02044050414180176
381511,-0.47300731241424954
381522,0.5579113501159404
381534,-0.3656754721787856
381538,0.8462561266789399
381544,0.38954155370599486
381546,0.154596795859091
381549,-0.26510356711066557
381560,-0.08074041378312317
381580,-0.05880712786314035
381582,-0.1421661250435592
381591,-0.10988193519651251
381605,0.0748498862617772
381626,0.22393769721673912
381628,-0.4515580059064824
381629,-0.20899174735569315
381633,-0.2059915137107312
381644,-0.23222403129783123
381651,-0.5318884970955736
381668,0.0118624717668786
381677,0.30191868204555644
381678,-0.10982108024825628
381686,0.2211210462472675
381694,-0.01458108370166465
381695,-0.2340166655709051
381738,-0.13920464493556092
381741,0.7802693806107853
381760,-0.16739799186560023
381798,0.07664732477782821
381801,0.6835947693451638
381810,0.8416113308164086
381812,0.11710789572580016
381813,0.20010433834485247
381823,0.2201420174638371
381835,0.47124708015836136
381853,0.02855243210794728
381884,0.29962576573155103
381903,-0.10579025166770702
381921,0.1838827359160222
381924,0.0894835780121774
381925,0.2417800143584233
381974,-0.821469775651142
381979,-0.02749032544104298
381983,-0.7137595487291374
381990,0.03348490759609558
382010,0.14888699242697212
382014,-0.3198039184044964
382018,0.3203915273411219
382030,-0.07940332962678079
382034,0.08125797021556619
382038,-0.04685829859815536
382045,0.08464238356320951
382051,0.11536710461455338
382056,-0.0527413795466751
382062,-0.01892795652281619
382066,-0.07298228946368021
382073,0.16468377583372729
382074,-0.03413319056925008
382075,0.38844766866361213
382077,-0.43968552257585514
382083,0.17805995406402322
382089,0.1982740512047066
382090,-0.03699635930865513
382111,-0.1789094087470352
382113,-0.24131049863727727
382117,-0.27895122867860944
382118,-0.4954321333938187
382137,-0.33884557247633695
382207,-0.24256557802394352
382236,-0.3299596979720164
382239,-0.00441592561271734
382252,-0.33170930047542974
382253,0.6341637828337876
382384,-0.05762072253426967
382406,-0.13298564895576967
382423,0.05810672205434467
382427,-0.01861324076330783
382543,0.05708085082357781
382562,-0.6454379263956926
382571,-0.03869144186602132
382620,0.02756043081970659
382639,0.4095491550048378
382793,-0.32561690102533847
382864,-0.1920622055085323
382867,0.16667925856914684
382913,0.12340601805577564
382985,-0.6088724931769465
383075,-0.2693018994758035
383103,-0.22863861262350288
383348,0.2318789482246314
383491,-0.29448718680588154
383563,-0.26833904862632174
383619,-0.01733834571124985
383766,0.26616268647962277
383787,-0.4266808449052576
384009,0.12982297690882272
384061,0.2699442106131748
384071,-0.1427848135247728
384185,0.40465823619150815
384214,-0.43631775295551806
384309,0.1033076416056335
384763,0.0961091020311884
384783,0.06661317156082383
384997,0.3019333120716243
385354,0.02337082485948155
385377,0.4933424261984486
385658,-0.02514974023328559
385668,-0.07192123569038436
385674,-0.03573222467246104
386454,-0.0895883620912643
386463,-0.52149811661128
386611,-0.25501867156988034
386612,-0.152667708805242
386649,-0.04485576545500024
386655,-0.4451127472414586
386750,0.2964530135605774
387285,-0.20270082504671175
387314,0.47015041626461807
387346,0.17064277152167345
387347,-0.3970955783306127
387348,-0.8024628697921131
387349,-0.13437143937241186
387353,0.1867917357807409
387355,-0.30162301121108703
387356,-0.05968765756711976
387510,-0.1306436610456053
387512,0.10944876064840152
387513,-1.032063213747349
387515,-0.394875813914904
387524,-0.2392567967733405
387609,0.04467920751374568
387616,0.14660581184314797
394252,0.2913452636834008
394433,0.1090530219344681
396184,-0.07828527011305209
399510,0.03845854848307105
399548,0.3503943555745757
399558,0.2979548694775006
399568,-0.24134256449666677
399603,-0.6687142098301506
403171,0.00369993063679555
403174,0.04771628384486998
403175,-0.13427242900084607
403178,-0.21939011779286743
403180,0.6298941493809539
403187,-0.04077058154779001
403205,0.5317314983025523
403395,0.1689798728811607
404194,-0.20701055756771644
404222,-0.12931253212838686
404242,0.29592943356119805
404317,-0.01746635064586429
404319,0.3706306668079117
404346,-0.2559195009743787
404545,-0.3466979894275062
404710,0.6507339287028898
406217,1.1556024662464908
406218,0.14875762320160268
406219,0.5346394835879533
406220,0.05802835540578778
406221,-0.01472926614901823
407243,-0.8088285655527414
407786,-0.11599047588731344
407790,-1.1905007394855471
407800,0.19471189417924784
407819,0.01592061182610731
407821,0.0737049924639855
407831,-0.21139387544247323
408022,0.15926305805799768
408068,-0.23326084876973352
408190,-0.12292655491595247
408193,0.24067673265377873
408198,-0.1063342827953461
414069,0.13223179856966633
414077,-0.0711224766583794
414084,-0.33794819062796966
414801,0.11719813250949494
414872,0.1275773221027271
415115,-0.09717119674341818
431706,-0.310492760728872
432442,-0.07617219197453878
432467,-0.06235253404730181
432478,-0.9344684570333612
432486,-0.02507789844612154
432508,0.16448649741129798
432516,-0.07558069595347765
432552,-0.358985049132182
432572,0.2398688873236871
432611,0.4181391912900748
432628,-0.03145433577091387
432677,-0.23498021814721748
432763,-0.1597040133475423
432779,0.5885480486332637
432839,0.03708067316118706
432879,-0.5570592857527803
432940,-0.0845949593451181
433022,-0.2767461044269431
433091,0.4065424144721962
433178,0.07883210430807985
433256,-0.02904916474174309
433292,-0.00879799902467966
433294,-0.19953590629348916
433323,-0.33248554482136927
433375,0.07017402572496823
433386,-0.10900493743751526
433470,0.143384032368133
433485,0.0079081035089223
433586,0.12000382106445606
433619,0.3743995284756174
433638,0.16783385560253097
433667,-0.03711278262688911
433693,0.01038661488429713
433700,0.1576009996518767
433702,0.04796409036586005
433759,-0.05704052210750569
433766,0.28131463439130006
433771,-0.08220181009066406
433809,-0.43369310948342665
433813,0.08467184082172799
433864,0.1219465679618962
433899,-0.1902059090861835
433904,0.1170641137525158
433926,0.32271711289348165
433931,0.13198244588553973
433938,-0.02872324925663979
433940,-0.4033362962392897
433956,0.02785397968548839
434008,-0.6952544529921801
434128,0.22252826513736865
434130,0.28687911998664084
434156,-0.7276356220187968
434203,0.00168489012797736
434204,0.08358450189249886
434215,0.2040669225624321
434232,-0.13268210372017783
434246,0.24869235694310105
434325,-0.1848944204380351
434341,0.09568058089418
434377,-1.0683358302185528
434402,-0.04935305654404762
434423,-0.09688634421390048
434437,0.15861842710580035
434438,0.16872981603833576
434439,0.21096779953659855
434484,-0.0695258001856291
434756,0.5969351123496323
434778,-0.07084148474485945
434784,-0.04754874854852958
434903,0.06964538459410742
435145,-0.6787165207714031
435285,-0.05549755684664968
435286,-0.1456726164172163
435391,-0.2179988352770487
435528,-0.15434528576025633
435529,0.39923954416885393
435626,0.4735921709023526
435653,-0.3590069387096116
435684,-0.19765880211145853
435811,-0.1070545513121936
435815,0.258030294682961
435818,0.22640424736897344
435965,-0.08003110514491275
436022,0.25524835094994214
436059,-0.01194006459527895
436062,-0.3579001356768648
436240,0.4793288001376961
442801,-0.04769592429286158
442829,0.25194724779892336
445007,-0.18264641846952867
446101,-0.02373059012416676
448850,-0.2146138532844853
448987,0.01986878499199985
449521,-0.180233910310035
474156,-0.22172626028039424
494448,-0.09979619139753754
494468,-0.21675785144972137
494504,0.6738085434862578
497071,0.0586317731170162
497097,0.15151108629567894
497106,-0.6006876042433498
497113,0.15024702628935482
497652,-0.1794235585218451
503558,0.07965512672830888
503610,-0.02810997496182432
503847,0.25784932758259366
504186,-0.7035294151954443
544678,-0.09423967494367257
544696,-0.4338975962887161
544763,0.1419070171495998
544791,0.9445615483215088
544817,0.07944603892441246
544963,0.2079345755472957
544971,-0.05409271814290489
545030,0.1260620798042975
545085,0.12500987866116267
545091,-0.14950753417638568
545136,-0.0897509635099085
545156,0.39775030006308154
545192,-0.02192517767935939
545260,0.34862690682343966
545276,-0.15693107595159414
545279,0.06510353296880193
545291,0.3834245509514293
545370,-0.5638916672813004
545389,0.3130345158518231
545428,-0.03311546615885005
545474,-0.00143638631131841
545481,-0.4154884709413634
545486,0.4148712278038226
545527,-0.0782222864760561
545554,0.13862021041801617
545622,-0.2896155255081997
545667,0.05967836786547557
545798,0.04690405717265798
545817,-0.04992400817486293
545824,0.25023987440742207
545893,-0.5609102979486172
545902,0.4772707613173356
545975,0.11006675439480432
546071,-0.10654283795747715
546134,-0.2642273307720285
546143,-0.10253728909035492
546144,0.2913261959786682
546336,0.03835945291256727
546519,0.3053023027176734
546611,-0.10996419006400976
546648,0.25117076671671723
546726,0.34067931471004675
546729,0.07555944380649363
546747,0.17106869719422524
546840,1.0516922740696812
546886,0.0648583918397902
547176,1.1596021578460685
547253,0.09829184564827605
547431,0.1623606513872239
550619,-0.3823282864891784
552899,-0.1598175678349518
574402,-0.12325977873782264
574403,0.8977492173024617
574417,-0.2081301508856128
574428,-0.00237583377431741
595136,-0.08437544961764037
606496,0.03797170572481399
619287,0.7343787794979744
619288,-0.27548652742107604
619289,-0.15787353633147053
619301,0.1175947037151614
619310,-0.23251034111186847
619331,-0.10620120971106248
619605,-0.01303423747881753
619665,-0.04488060497587223
620235,-0.2543764803652238
620393,-0.49178266656045466
620592,0.1661994212244612
620709,-0.1116691401770113
620779,0.3223468536057559
621080,-0.24372598487487687
621239,0.0887400936622501
621628,0.21643623779271237
621893,-0.18527031619222672
621976,0.27842161465466153
622117,0.02792136051263849
622320,-0.21557167605634145
622404,-0.09573197389606217
622408,0.02056443474155615
622434,0.4158561550264731
622473,0.2914388071800367
622554,0.17134656556158626
622645,-0.7622005542648393
622665,0.04497172894633682
622675,-0.4058371487117812
622935,0.1070119335895242
623046,0.30271582933792024
623131,0.09565271107631236
623230,0.05595979269493442
623279,-0.14611742944537948
623474,0.21424983426501032
623503,-0.00623954213138069
623661,0.01634276083605606
623781,-0.06135135141791174
624219,-0.08259153192759602
624224,0.8921349745601148
624866,-0.2288613048652099
624910,0.32380798435392
625098,0.25959869659719903
625249,0.07911459506586735
625286,-0.13405212109427905
625638,0.5006456544324551
626359,0.34576942231458563
626596,0.04585683858480358
626834,0.01034693215292763
626870,-0.01509343958857067
627049,-0.4771212666384997
627191,0.20042398320945015
627214,-0.08031943715241002
627607,0.19027082287482136
627626,0.1040607841175904
628100,-0.18522818936133847
628779,0.2377014473019136
628813,0.01630739098050129
628870,0.6477829316501347
629059,0.43865606198426854
629114,-0.26777479674888255
629147,0.1793488605840452
629303,0.942936019746862
629378,0.2776743349866462
629499,-0.33211066661835686
629524,-0.13043325125260216
629747,0.04423431176819203
629754,-0.5569722305525626
629761,-0.01199592963817543
629873,-0.11661553967540132
630146,0.11274127544942517
631304,0.7027752122008266
631584,0.05907124698016475
631784,0.719204323216869
631797,0.2966921822694118
632126,1.205329988983371
632687,0.4823090090114272
632778,0.400355820169802
632971,-0.2219656575266034
633285,-0.439005951804498
633640,0.2012610941612954
633979,0.23341273056535516
634731,-0.00858024321055825
635169,0.04143968640507549
635253,-0.2441204371748455
636104,0.27205916059800306
636808,-0.3312234022105801
636931,0.05871797574192911
639634,0.3953302436521413
640524,0.5776927918676014
640543,0.12611077335097418
641340,-0.10742114966730036
641376,0.11821242413412324
654459,-0.1719381399515082
654460,0.5466905040178351
654470,-0.04475154473105604
654498,0.5781554397135391
654795,-0.11171652331898346
654801,-0.6584394019246064
654812,0.22981942992973256
654818,0.1585600721853361
654821,0.2173714050026305
654824,-0.3937545603095919
664799,-0.04756965728274508
664805,-0.281230466791881
664883,0.2310688315260082
664968,-0.49210825377466527
664994,0.4896680742738239
665033,0.7506380920960809
665113,0.527080916857559
665119,-0.1468455647590896
665180,0.0356082797071915
665270,-0.5283039769527103
665525,-0.46217375566565433
665563,0.05401483885616529
665574,0.35457954789668195
665775,0.0953108565897378
666048,-0.06859969806035253
666060,-0.05538385757543054
666173,-0.1335323449564567
666279,-0.06003052785705923
666311,1.1258275423830866
666339,0.04862796677993994
666468,0.5195164416597331
666528,0.6916573356582516
666794,0.00619297953284578
666938,0.3213134135475969
667118,0.01632712683139785
667663,0.35429811625658547
667742,0.34232025398102905
667772,-0.06627338852098719
668110,0.3649989151072141
668158,0.17162590877110614
668166,-0.2800843367674105
668173,-0.1880095505113508
668212,0.28567151946386354
668257,0.2774620206086905
668303,0.9282797813607936
668433,0.05919725546704051
668501,-0.13766546993371984
668929,0.4587135128888542
668940,0.27622510119272536
671232,0.39424914924585747
671535,-0.02502504356167047
671564,0.40651170657803454
675812,0.04396190885619246
677296,0.3091387199361237
692132,1.1724046112188338
751865,0.05178495612450781
791260,-0.43814455864194635
100009600,-0.04923516041277226
100037258,0.08625898524121908
100037278,-0.2970522752336342
100038347,0.2000726365587806
100038417,0.2187040926995062
100038725,0.8070020109182503
100038882,0.1606719106301581
100039139,0.5654995357443457
100039596,0.07896349280861041
100039672,-0.22982704916918292
100039781,-0.5835488349991753
100039795,0.08504095525787408
100039801,0.35699493958523587
100039968,-0.04007889853558278
100040591,-0.536292706524491
100040608,-0.3776802378245625
100040766,0.2066398337746068
100040972,0.14241306255039238
100041096,0.07399217208820157
100041581,0.4411102394033823
100042150,-0.34176648316121094
100042450,-0.5233157292467934
100042480,0.08167093176766259
100043057,0.2046028286542645
100043254,-0.4018036176665292
100043314,0.05186426385381459
100043332,0.20583426746890435
100043474,-0.0058823713983011
100043597,0.2606401744205909
100043757,0.3012583451535481
100043861,0.0194128692537511
100043899,-0.2301683132620413
100045792,0.27483245585702726
100048534,0.2873706488245806
100048658,-0.4009708695822484
100073351,-0.3723968042534256
100113398,0.06134636833718122
100126824,-0.27987199828188547
100216474,-0.01898062800579864
100233175,-0.05422797259406638
100233207,-0.03731279853401156
100416706,-0.37312547947137414
100502698,-0.04868412253680115
100502841,0.02281920707820264
100502861,-0.10911685066197573
100502876,0.6045261460826351
100503041,0.3565755263996423
100503185,-0.06520398749695343
100503311,0.06378073822814856
100503361,0.4856058042026999
100503572,0.21345046571253373
100503879,0.190739457961608
100503884,0.007568307337947
100503991,0.4830226718095793
100504156,0.12825429945643604
100504164,0.4365222572239977
100504183,0.2326155883657886
100504234,0.05336773028522826
100504285,0.3912287773087136
100504446,0.6607941048890702
100504491,0.04007496396691958
100504518,0.18036471080664343
100504608,0.0783857745461376
100504663,-0.01757256080686019
100504689,-1.1460171793394696
100505386,0.03706544796278371
