MM.Entrez,EffectSize
11298,0.48207466843049185
11302,-0.13887721843428283
11303,-0.1343111822741099
11304,0.11457082370067566
11305,-0.14087079034553518
11306,0.27289014602644185
11307,-0.00970561209589668
11308,0.0938457667948871
11350,0.02660603056868679
11352,-0.17232149148489595
11363,0.13170688153345134
11364,-0.02983037747943678
11370,-0.100735459239756
11409,-0.16643123715834246
11416,-0.08637862389010724
11419,0.6882775442273616
11421,0.2576535181495843
11423,0.6269749635396581
11428,-0.25456296441791065
11429,0.05388064716299361
11430,-0.05485894620263869
11431,0.12575094795891958
11432,-0.01223759628408102
11433,-0.14114363315737835
11434,-0.3294035360192408
11435,-0.24116412302000848
11438,0.4275660131790683
11440,0.22102282379409488
11441,-0.25772835069804556
11443,-0.19225603185712165
11444,-0.3206556572479674
11447,0.4209151663452452
11448,0.2486631768044303
11449,0.3784220453346126
11450,-0.46617999606257265
11464,0.29252933902995004
11465,0.09444091069438412
11468,-0.19016331349377505
11470,1.1629776788966255
11471,0.14216508771321118
11472,0.03778922658556498
11475,-0.25784120080172557
11477,-0.05660055685773373
11479,-0.04685011176879331
11480,-0.7785831443091199
11481,0.352841752098801
11482,-0.14330092172389836
11484,0.2023722250657519
11486,-0.1660298903949884
11487,0.11309835357036324
11488,0.01009411524572534
11489,0.11199361906235349
11490,-0.02716029069605816
11491,-0.43759694423547174
11492,0.3746937012313787
11495,-0.14007055902681034
11496,0.4774697168022421
11500,-0.44567957779323825
11501,-0.11143962788156649
11502,-0.06357849345832078
11504,0.2452011685335007
11513,-0.06394496307850506
11514,0.5223357754973328
11515,0.5736462482460039
11516,-0.17837519786708883
11517,0.4306464112142788
11518,0.05621528706362743
11519,0.413647203277142
11520,-0.08958385738287501
11522,-0.2404476719597761
11529,0.20010811798933537
11532,-0.8794523661958604
11534,0.09098918950882008
11535,-0.38957360137268165
11536,0.70068533976354
11537,-0.8832539575312226
11538,-0.0858046300490763
11539,-0.7103950729786643
11540,-6.957556106049895e-4
11541,0.02967356785343794
11542,-0.33655592440951454
11545,0.02186970235867026
11546,-0.2895087897356349
11548,0.12388141881910655
11549,0.21574434791207936
11550,0.39018609389056547
11551,0.0504195344902857
11552,-0.7718522516988344
11553,0.23626936778958993
11554,-0.2135109965915984
11555,-0.19321055285552413
11556,0.9622201135065968
11564,-0.1573936881763302
11565,0.0067286149593727
11566,-0.00196331716780787
11567,0.4573964006255909
11568,-0.9230434005966538
11569,0.22853991975961505
11571,-0.11835435646094948
11576,-0.2624858939011793
11593,-0.3433401446382124
11596,0.5613060090644044
11600,0.15611004868939632
11601,-0.37335389545351705
11602,0.15123385497739594
11603,-0.20299323745182624
11604,-0.23964206951582
11605,-0.04871806011422847
11607,-0.0774099168589612
11609,-0.3980839894359075
11610,0.1352051417632949
11614,0.22409651109822984
11622,-0.09101916207810014
11624,-0.44969725176254893
11625,0.42875522735939103
11628,0.12095381123956002
11629,-0.1056121437213388
11630,0.06037839659816284
11632,0.03684693425334912
11634,-0.10143653062640616
11636,0.19300882747220463
11637,-0.08896009143270339
11639,1.0266859758477014
11640,-0.4641698603401849
11642,-0.2985118653302288
11643,0.5010122344652639
11648,0.1336911451528522
11650,0.09144691055773378
11651,-0.12220699021110834
11652,-0.01881703548282205
11655,0.30322665414968936
11656,0.03593172918356115
11657,0.09935433683767408
11658,0.07276493117220764
11666,-6.33416194628228e-5
11668,0.1855793310159262
11669,0.12056370810971886
11670,-0.11388663723634398
11671,0.07025302886039064
11674,0.06230936247825672
11676,-0.07659719502779311
11677,-0.0666731505338212
11682,0.44212791917847694
11684,0.1765844353780111
11686,-0.24478287942277677
11687,-0.38773146183660023
11688,0.13562090951620384
11689,-0.11505575598592484
11692,-0.2334117543503945
11694,0.1958559821028188
11698,-0.00375326623937179
11699,0.9020566436432976
11704,-0.5649101918951951
11705,0.6368689273883202
11717,0.5463534399945766
11720,0.1478724022793328
11727,-0.3410658487249883
11732,0.3830723327656469
11733,0.6601305390200067
11735,0.04909240043270985
11736,0.2929574400145671
11737,-0.36523983769033264
11739,-0.21652619228902664
11744,0.05398833689293765
11745,-0.07940273522689696
11746,-0.04050501439949304
11747,0.10512347296364025
11749,0.01578125877445805
11750,-0.1076286046119253
11754,-0.02082000884355452
11757,0.08735892056216059
11758,0.05119334215767629
11761,0.2563474403921916
11764,0.0079677305337556
11765,-0.00849733911178924
11767,-0.05714077661706396
11768,0.09655468012153674
11769,-0.1549160799242128
11770,-0.2832929154525639
11771,0.02686447079416808
11772,0.3424616947489242
11773,0.1118917505550254
11774,0.0808230633462715
11775,0.10581450742459853
11776,0.11287100075989676
11777,0.04582232045178752
11778,-0.02547885895675044
11781,-0.17755049091640934
11782,-0.0924559888943666
11783,0.04926905296355957
11784,0.3817951415802884
11787,-0.06575526847182037
11789,0.08926975628254571
11790,0.3467471243068887
11792,-0.19024743509032452
11793,-0.20560213164891175
11796,0.03883337546053418
11797,-0.07944288115420722
11798,-0.16539874920859363
11799,0.11239910237826133
11801,-0.09389253220038368
11803,0.3777864230954267
11804,0.06085284200818371
11806,-0.20671400366795928
11807,-0.0294400736661505
11810,-0.06958508969287751
11811,2.1049340040787703
11812,-0.364144158259625
11814,0.12130261283364982
11815,-0.06451186234283511
11816,0.04800550580518738
11818,0.13565223863980722
11819,-0.2168774306511604
11820,-0.0573859288288477
11826,0.13148199195035476
11827,0.16157849636343813
11828,0.11430293404878349
11829,0.33002850872761025
11830,0.2674624993077349
11831,0.8579071831336222
11832,0.13946209151893446
11833,-0.10045482825529932
11834,0.10316058914014103
11835,0.5895806391979753
11836,-0.0624681191726639
11837,-0.03096629337614786
11838,-0.5788800128027007
11841,0.01277351988747279
11842,0.10535563485030888
11843,-0.01025800874784683
11844,0.04899703810523611
11845,-0.07612170206844049
11846,-0.08303017212426912
11847,-0.49773547623469194
11848,0.18289499050642205
11852,-0.06130581725314834
11853,0.25190846856759486
11855,0.125274783716448
11856,0.09461212695925109
11857,-0.06537191090909636
11858,-0.6566606263655883
11859,-0.37089443064733696
11861,0.08546150808803267
11863,0.06116182427198364
11864,0.37804277079652426
11865,-0.05591901210013536
11867,-0.06158752989394397
11870,-0.23075858678675115
11875,0.707517086065384
11876,0.27157262224005596
11877,0.17784351485575697
11878,-0.7483324785183221
11881,-0.2910811758499516
11883,0.06324346581402057
11886,-0.1993361136336137
11889,-0.9024142543905528
11890,0.32331331797112184
11891,0.1284516104156585
11898,0.17859155516327982
11905,-0.5332596451477799
11906,-0.2513096624680633
11907,-0.05304333101277221
11909,-0.16679241447315507
11910,-0.04626309503925707
11911,-0.02132883544376519
11920,0.02567230647958668
11921,-1.18725765468621
11922,-0.21557290245341504
11923,-0.02879480481237703
11924,-0.4220310914267095
11925,0.1463905333419776
11927,0.03272013803428675
11928,-0.16704577327673292
11931,0.01684270246515178
11932,-0.18464824683180603
11933,-0.08814397585228353
11936,-0.1808934875047582
11937,-0.42357422543867207
11938,-0.38501756911286966
11941,-0.10812068768324344
11944,0.4930097283838165
11945,-0.1905775120207558
11946,0.01448492737863673
11947,0.08865330692866939
11950,-0.10987997039029018
11951,-0.03711545292319195
11957,0.543200043043391
11958,-0.0162698728706142
11964,0.20845233433432409
11966,-0.39731634550807626
11972,0.11435468294350629
11973,0.04920254106228072
11974,-0.09590660240387762
11975,-0.02755012335541728
11977,0.17177582084565624
11979,0.467367850935951
11980,-0.14946067973088412
11981,0.3794597735380053
11983,0.09342097473740366
11984,0.13987082159463626
11987,0.16769036145461336
11988,0.02588071560291163
11989,-0.20634323366282453
11990,-0.28788348523260615
11991,-0.02535471681175765
11992,0.08305011355317395
11993,-0.03197378631155868
11998,1.0341926287651884
12000,0.1730400189285516
12005,0.13275503037357447
12006,-0.5200363704652038
12009,0.24866586980722427
12010,0.01325524696014045
12012,-0.11008904405090948
12014,-0.00711947299439981
12015,-0.20059580823626072
12017,0.06334846031109335
12020,0.10374511639398608
12021,0.06005361899676201
12022,0.29978196403915575
12023,0.4609878499504848
12028,-0.140310462578224
12029,-0.1058718569143337
12032,0.6343297820375775
12033,-0.35371497582383593
12034,-0.10084698947676576
12035,-0.17558993876394452
12036,0.19879010059751
12038,-0.13492529636523962
12039,-0.1050415567156636
12040,-0.08812419320147163
12041,0.02076434289025301
12042,0.0038059180961337
12043,0.1793771430757189
12048,0.14216617233484707
12049,0.17799037440091137
12051,-0.12377625021367994
12053,-0.04089834450761214
12054,-0.15643877416495172
12055,-0.239124029422678
12057,-0.06933927935118436
12061,1.332992467462596
12062,-0.03220650837847387
12064,0.4854831029984544
12068,-0.05499998464265603
12069,-0.3199646117282953
12070,0.13904039631264276
12075,0.6736632485588194
12091,-0.04752896819503503
12111,0.40794659529966326
12116,0.2853143412328718
12121,-0.01402368368698447
12122,-0.01466521326298958
12123,0.41364989576317635
12124,-0.2020679378104313
12125,0.11874626641173246
12140,0.16829660731080362
12142,-0.23643550274728475
12143,-0.21786925166287344
12144,0.12330113214883388
12145,-0.05631544181367969
12151,-0.18657047038929236
12153,0.3856244379914047
12154,-0.12775401744805273
12155,-0.1594844185108475
12156,0.04542193391687338
12159,0.10990265556181476
12160,-0.5055472032338293
12161,0.4506750738212586
12162,-0.38281935810500234
12163,0.12094851638357376
12166,-0.07305559669979302
12167,0.01676029123829008
12168,9.785768109321566e-4
12169,-0.02944906861977073
12173,-0.21187786297914463
12175,-0.03533026145784433
12176,-0.13850086696869568
12180,0.40676138821829866
12181,-0.00623361090572339
12182,-0.27324404267788677
12183,0.14316892143542315
12190,-0.5639477865466804
12192,-0.04943337655241427
12193,-0.00295417716359439
12209,0.29069515795538603
12211,-0.03612481759300907
12212,0.07053375249899532
12215,0.1146930036366616
12217,0.24004708964394955
12223,0.5999984918969686
12224,0.27978969614291904
12226,-0.0447983437891551
12227,0.00690485805029245
12228,0.10694772105896602
12229,0.16461696072192294
12231,0.03037553854741167
12234,0.22734616443631697
12235,-0.16186718073061043
12236,0.2702564164822766
12237,-0.07240575489250986
12238,-0.14717192322246708
12257,-0.05832322545058018
12258,0.5558999971318337
12259,0.24373449467646088
12260,0.5505664252436245
12261,-0.1770007058755173
12262,-0.1166694859483876
12263,-0.1170214779877722
12265,-0.5670093201627318
12266,0.2476714794155186
12267,0.03399919951513
12273,0.4463110381357264
12274,-0.13545860510949467
12279,1.4154977973077385
12282,0.6917738663729753
12283,0.09081682563515923
12286,0.105091135409047
12287,-0.05331215936722296
12288,-0.02011836264310333
12289,-0.21526312557131813
12290,-0.01891303130275799
12291,0.283865106493642
12292,-0.06098803185047286
12293,0.3899959196898557
12294,0.1868751122833095
12295,-0.03437607519124005
12296,0.13420969259019436
12298,0.04680801112383291
12299,-0.5268666022236399
12300,-0.00754579920694549
12301,-0.1122351741803091
12304,0.1443215914951574
12305,-0.467912752950468
12306,0.00441064895825618
12307,-0.18912802313757385
12308,-0.02234972001368335
12309,0.6666544428928384
12310,0.29760115054816794
12311,0.28247584673366477
12316,-0.15407919064647485
12317,0.14952686949670208
12319,-0.5834927741582284
12321,-0.4981303638301292
12322,-0.06458077791270506
12325,-0.14265522386892288
12326,-0.2985943541924543
12328,-0.1882233147959523
12330,0.03391170287366735
12331,0.04243330101466816
12332,0.01176838526431266
12334,0.15025207917267713
12335,0.15608937098333903
12336,0.08000704578410928
12337,0.48635628116951973
12338,0.15723869026736406
12339,-0.06536840635609743
12340,-0.00497948184630985
12343,0.0785703113547813
12344,0.05785897503584181
12345,0.06590411158953227
12346,0.1340038940157171
12348,0.7377056331065313
12349,0.205815100810414
12350,-1.2937620870502735
12351,-0.14691737583453862
12352,0.20217735515544533
12353,-0.16190148640860924
12354,0.21512572032644445
12355,-0.3016365451114986
12359,0.18354291372000375
12361,-0.0942192192313924
12362,0.03800888667613091
12363,-0.19700466920508275
12364,-0.1875803821505987
12365,-0.3539322996966926
12366,-0.05028411219792412
12367,0.07798958195576534
12368,-0.0241413231986902
12369,-0.23823904486405703
12370,-0.13385675351790033
12371,0.00435480474063404
12374,-0.17219676265215392
12380,0.03812531624233541
12385,0.13057838812111044
12386,-0.30153486957691117
12387,-0.12690039215827445
12388,0.5700553403185964
12389,-0.3669470353684592
12391,0.936760370379066
12393,0.43034065683171424
12394,0.1983377223426141
12395,0.5919696173673704
12396,-0.06684056910701716
12398,0.2887434942333218
12399,-0.10700157938008006
12400,-0.23003993193223532
12401,0.2655789097979853
12402,0.42426610908462303
12404,0.1302107590523543
12405,0.00575116890677807
12408,0.09881459853684868
12411,-0.1577920026270645
12412,0.18436583174225907
12416,-0.2153163441675338
12418,-0.0252812575616147
12419,0.3222679405380514
12421,-0.3149253495224153
12424,-1.002581026747344
12425,-0.15347508341071997
12426,-0.03585407421348879
12428,0.30862941038986463
12443,-0.17012731664709269
12444,0.09063252489741294
12445,0.03655363858566905
12447,-0.17541668150522477
12448,0.03737362022674762
12449,0.06303333434266667
12450,-0.13894719022093013
12452,-0.34329653023127654
12453,0.05468710711175712
12454,0.10132223180370456
12455,0.32980148790488395
12457,-0.03136294847844193
12458,0.04556209668206066
12460,-0.02807447301296589
12461,-0.08455548577358539
12462,0.00185489678531684
12464,-0.15733020942575876
12465,-0.04682030509692321
12466,0.11328078700516658
12467,-0.20349866206319195
12468,0.04604108151007911
12469,0.12621465870410312
12475,0.5729284133600998
12476,-0.18363346730516095
12477,0.08896507581824378
12478,-0.10696249444460032
12479,-0.20985784371394944
12481,-0.08988702218632023
12482,-0.09543979295381518
12483,-0.01790212002268268
12487,-0.1739440892964627
12488,-0.06671538290313195
12490,0.18360426822980713
12491,0.42775998008927296
12492,-0.11194271109075868
12493,-0.01623124249892844
12494,0.07975324708704093
12495,-0.2592313866095144
12496,-0.5857893256810988
12497,-0.36440383886978894
12499,-0.08669489786161434
12500,-0.05610159776562505
12501,-0.00979958164019718
12502,-0.15456705084351363
12503,-0.4407566290916811
12504,0.02194973867509385
12505,0.09533867825322624
12506,-0.16599421978345885
12507,-0.10328910612109336
12508,-0.07719874229006021
12511,-0.1008191790734325
12512,-0.1924975238639413
12514,0.07218591958049203
12516,-0.06308396566340616
12517,-0.1854395941742167
12518,0.30334517382826093
12519,0.28613602508670877
12520,0.10767249452571306
12521,0.07642635101405285
12522,-0.16825860831954834
12523,0.05640217285023171
12524,-0.2147966410498422
12525,-0.19583801482218563
12527,0.1421087206884977
12531,0.1574509133598235
12532,-0.17605567666154048
12534,-0.3775952513195826
12539,0.00190198649242427
12540,0.00924928024050457
12544,-0.2691354355340107
12545,-0.35470382774466674
12549,0.4498704783569534
12550,-0.03446498009864551
12552,0.47542978861267166
12554,0.22700074912304585
12555,0.3356915039475393
12556,-0.05037873219568314
12557,-0.5013829781866352
12558,-0.2081666349510277
12560,-0.0888984782360804
12561,-0.8305314515731104
12562,0.1471111063220571
12563,0.6846007149973199
12564,0.3934599439798502
12565,-0.14490916942819004
12566,0.11665209436275764
12567,0.07979793611426078
12568,-0.1607572403059316
12569,-0.24570132003191175
12570,0.37716161512367485
12571,1.7436259679459
12572,-0.1488111979013827
12575,0.14400150944563317
12576,-0.1294782730983242
12577,-0.14196072666636783
12578,0.3839218390164828
12579,0.30123878577931856
12580,0.22914273979240263
12581,-0.13011296045535162
12583,0.14271663198309986
12585,0.1614965939471662
12587,0.5977279829203366
12589,-0.4954462322662817
12590,-0.1714031110879291
12591,0.44587839673990143
12592,0.05371042957378956
12593,-0.03270977925301537
12606,0.17520400542899575
12607,0.1203946637841582
12608,0.07176741952967744
12611,-0.07480514905886855
12613,0.12150936211336195
12614,0.05803936214638212
12615,-0.14821579305732363
12616,0.05383772865642243
12617,0.1175646422066292
12622,-0.3806899527653617
12623,0.20452769717943836
12626,-0.36419324703972367
12628,0.11604969465696097
12630,-0.5730658644882605
12631,-0.04235912467248925
12632,-0.09581315869894816
12633,-0.02942506864642993
12638,-0.1928548133684297
12640,0.2850552073195792
12642,-0.13394806818242497
12643,0.5566488924735294
12647,-0.8421634179399431
12648,0.36657985672447674
12649,0.20704077029066092
12651,-0.0699672308167048
12652,-0.4056430060123063
12653,0.07251074166708138
12654,0.08605616156630466
12659,-0.2509373195753267
12660,-0.3065951523649743
12661,-0.33619141099927646
12662,-0.2865807185516625
12663,-0.2131336145928492
12667,0.2878057404305972
12669,0.0443534692728828
12671,-0.07705770238936732
12672,-0.37203598558052703
12675,-0.07359748796555005
12677,0.25858160882441816
12683,-0.6257866813665123
12684,0.4269284218703712
12686,0.08181776455417693
12695,-0.0727260275360157
12696,-0.14682636400414542
12700,-0.21930933507886435
12702,-0.06597827318311504
12703,-0.20226086198746035
12704,0.8181113471254168
12705,-0.38707141154620994
12709,0.09623208371427142
12715,-0.7485999655735134
12721,-0.08979176430553724
12723,0.5517946553496842
12724,-0.22677592902396343
12725,0.16742067864241858
12727,-0.0794720286659951
12728,0.8816509018155465
12729,-0.06996878318824432
12733,0.8234887729244642
12737,1.656153872583038
12738,-0.3036614078948777
12740,0.4321809432584217
12741,0.06855054420449531
12747,-0.21527663989593976
12748,0.01828391540535459
12750,-0.19286992273643624
12751,0.13232425158230082
12752,0.0786634704128768
12753,0.3941722039757175
12757,-0.02549101732493228
12764,0.27346724382979515
12765,0.07448402071342847
12766,0.00974130790307271
12767,-0.10114467998568193
12768,0.18323637151736455
12769,-0.2267590598435626
12771,-0.4422390381293023
12773,-0.25996865602539143
12774,0.05448652991886243
12775,-0.03494019429737437
12776,0.2103013306041755
12777,-0.15181604248244462
12778,-0.5438535783869024
12780,0.06302860347450343
12785,0.02954259806878912
12788,-0.4673657231187168
12789,0.189967947949766
12790,-0.41872605879209046
12793,-0.02956167464757185
12794,-0.17869392875369475
12795,-0.04381068921468415
12796,0.4043114362699925
12797,-0.6151035884484172
12798,0.0232203729958923
12799,0.10330535124672031
12801,0.1819844033870205
12802,-0.11054419997430544
12803,0.05461423551683536
12804,-0.0950468105037936
12805,-0.08102896207671918
12807,-0.03621392077637234
12808,0.758493182585935
12810,0.3272221600713052
12812,-0.4414470083695937
12813,-0.37686562246176225
12814,-0.9057542658376868
12815,-0.18066597391785533
12816,0.4551839217796164
12817,0.30645271846486033
12818,0.03049684607282871
12819,0.5221758096484101
12821,-0.529541070167757
12822,-0.5417107714763375
12823,-0.4339021450012087
12824,-1.3646368454546496
12825,0.19146996435867888
12826,-0.2945661695406345
12827,-0.7419558443356347
12828,-0.17938072186026918
12829,-0.13688718723482782
12830,-0.2071113100777547
12831,0.664123162514417
12832,-0.4876591203441656
12833,-0.8214409570767585
12834,1.2978549451413184
12835,-0.6648380364786968
12836,-0.00402168326376829
12837,0.2474327644637603
12839,0.06308840424337263
12840,0.3249205686387878
12841,-0.0213325772677983
12842,-1.0694111219138285
12843,0.18541818127136692
12845,-0.08173896810644238
12846,-0.1330351728091679
12847,0.08864886839230303
12848,0.0825539551153021
12850,0.23566798561496796
12854,0.07798934249550572
12856,-0.19583464551734184
12857,0.03539073220106125
12859,-0.1322277065181045
12861,0.06795803346036428
12862,-0.10360843317340032
12865,0.48428780579015634
12866,0.02275547652773724
12867,-0.1822134642781223
12868,0.01714384321199897
12870,0.18717670778014037
12873,-0.23653702261848591
12874,0.40325406309673945
12876,-0.4657834895957356
12877,0.05085509720802311
12879,0.23326543053651677
12889,0.16388628906699818
12890,-0.09716034948435184
12891,-0.6394803515702796
12892,-0.6493782468562953
12894,0.01390717956157549
12895,0.21979801037736504
12896,-2.436853293954662e-4
12902,0.06614959940719495
12903,0.48696850833433614
12904,-0.02644046248606733
12905,-0.25992691958957204
12908,0.6476920047272684
12909,-0.02121579308690831
12912,0.3899627126815052
12913,-0.06654676549362074
12914,-2.7216900882200655e-4
12915,-0.24894048694977133
12916,0.16134954945428806
12918,-0.7248883590068
12921,0.14586795033016914
12922,0.5550776342822556
12925,0.02659229582313562
12927,0.07260663226967355
12928,0.05584448309239652
12929,0.1724008459053301
12931,-0.6574567335192874
12933,-0.18638614710516635
12934,-0.05573640673947659
12936,0.13098432030069251
12944,-0.5867579210935576
12945,-0.45270882085249936
12951,0.6614740202229079
12952,-0.6052308557526789
12953,-0.26898808829230936
12954,0.28555926680834903
12955,0.17884531877727752
12957,-0.24788014387964924
12958,0.21435432568599455
12959,-0.17330763370486396
12960,-0.06367067837383533
12961,-0.2414231567790928
12962,0.06915084814294731
12964,0.5424344760298272
12966,-0.02981296655983095
12967,0.09543102348393807
12970,0.2994658734936628
12971,0.6388118348523628
12974,0.0427738773271544
12977,0.4149095423032972
12978,0.03013829769542067
12982,0.03500007741790369
12985,0.17212526761919597
12986,0.10322552065770954
12988,-0.1901871530841825
12991,0.6785094725236208
12994,0.8402572833917346
12995,0.08973759595098402
13000,0.20826689231189532
13001,-0.13422121236291018
13002,-0.02016935316607914
13003,0.31178186612971587
13004,0.11196630118162249
13006,8.401705940515782e-4
13007,0.00952349597446448
13008,-0.2465716945559609
13009,-0.3438058757782583
13010,-0.06450097792785235
13011,0.0174402460358098
13012,0.2022511576251485
13013,0.16312075678089563
13014,-0.17574659504315046
13016,-0.06879745622721799
13017,0.25571069350507836
13019,-0.04697217127155266
13026,0.08670569795675415
13030,0.20722235893290664
13032,0.03947469632411804
13033,0.07565806189073429
13034,0.1411691042867548
13035,-0.2001284795177729
13036,-0.04816765534133996
13038,-0.33363022113059804
13039,-0.28317618028482905
13040,-0.03894757711524133
13041,0.04488802980708283
13043,0.3909785375630961
13046,0.10949391867329487
13047,0.27050805068106265
13048,0.18534321407572377
13051,0.11937701349674588
13052,0.21254016440302023
13056,-0.4640303926971011
13057,-0.06098402127351556
13058,0.1949437699454432
13070,-0.2463369827013236
13072,0.36635908535464
13074,0.2303052828682377
13075,0.4336200318559891
13076,-0.6901504651986154
13077,0.9052925428499404
13078,-0.23969498026228497
13079,0.3996229189645271
13081,0.19034711277370947
13082,-0.2960631800497366
13088,0.22696292949810792
13106,0.6314087063463228
13107,-0.09375051764307006
13110,-0.30932112258424366
13115,0.4639374816684572
13116,0.6190173844522968
13120,-0.06769882133156989
13121,-0.01930011740038065
13122,0.369747206834832
13123,-0.5270335210303877
13124,-0.8069790568773857
13131,-0.04807298022339057
13132,0.12709845701782718
13134,-0.29498970162045873
13135,-0.07963918217153033
13138,-0.04702481671217112
13139,-0.02701458091153802
13142,-0.422928310118482
13144,-0.13954115741429893
13162,0.43603003408079855
13163,0.01101513764814782
13166,0.134262288562297
13167,-0.08440270524246138
13169,-0.14615042720168775
13170,-0.21677282119000807
13171,0.24971062633787575
13172,-0.946195624747634
13175,0.5291669347540843
13176,-0.24142862017321523
13177,-0.05457739206834711
13178,-0.4246391404468607
13179,-0.7625335793725891
13180,0.2579167479942628
13185,-0.12205276037761192
13190,-0.01390003961595542
13191,0.09826182350415671
13193,0.312040546888232
13194,0.04172125801962528
13195,-0.22826130426382105
13196,0.2178577803397352
13197,0.14494009938065922
13198,0.22639500331313525
13199,0.2977673964102751
13202,-0.06696561410076277
13204,-0.04054239033319032
13205,-0.21216953403425837
13206,-0.49874541815823126
13207,0.00736221560585717
13209,0.20149292361332663
13244,-0.07714714063150474
13340,0.47520026136782306
13346,0.11683404776133414
13347,-0.0276682753840782
13349,0.28673073076330313
13350,-0.35583391714980056
13353,-0.39931428117181167
13356,0.05482034402152262
13358,0.14300921170273284
13360,-0.2689753136907945
13361,0.05389513167468646
13363,0.05688755527104371
13367,0.12790561017923757
13368,-0.9804398037438612
13370,0.43637411547300886
13371,-0.12931703793662536
13380,1.2002284922244053
13382,-0.08028202645640677
13383,0.17097189686014658
13384,0.1510955230339529
13385,0.00152300655861174
13386,0.5301850281809986
13388,-0.3130641661589993
13389,-0.2066031636132925
13390,-0.393349466857825
13392,0.5746834025461174
13394,0.08336220561649382
13395,-0.18107372287155607
13396,0.6733637786856117
13400,0.8621842385259668
13401,0.3578805255426226
13404,0.09296350393468614
13405,0.02952300665805223
13409,-0.22229968035379957
13411,0.14355434062769945
13417,-0.05580750671188199
13418,-0.05047684179709908
13419,0.02436266870183915
13421,-0.28611282766222484
13423,-0.07821408427626222
13424,0.07138882377694254
13426,-0.1442428394837568
13427,-0.06184286148315196
13429,-0.2959618648199484
13430,-0.03233118370769528
13433,0.4356901107652372
13434,-0.4356889760902457
13435,-0.04224523841978717
13436,-0.08001168581085417
13437,-0.08159794821759112
13445,-0.08276673735086296
13446,0.8696316439253531
13447,-0.02988931210075121
13448,-0.02116609522081833
13449,-0.10446789269295782
13476,-0.16197806389597832
13478,-0.0713554190706169
13480,-0.0390360994960813
13481,-0.12365839611855522
13482,-0.05012033905326824
13483,0.7887066525392011
13486,0.10953458959496834
13487,0.1852332998746759
13488,-0.11973703816512346
13489,0.5098059186351741
13490,-0.17865965915935572
13491,0.5865142021740735
13492,-0.04372160645031293
13494,-0.03254397948287267
13495,-0.205368499029289
13496,-0.0319773768933892
13497,-0.14409760497904592
13498,0.23222275047345428
13505,-0.06983926086869538
13506,-0.12509912040780397
13507,0.668622874783624
13508,-0.5406494225240313
13511,-0.2573367178230726
13512,0.6653691053567108
13516,-0.1829899104905417
13521,-0.5281439596490725
13522,-0.28603177315220357
13527,0.46388044144356144
13528,0.2835497194240404
13537,-0.18607303906808764
13542,-0.17242294258226087
13543,0.03404072395637109
13544,0.23400546466021943
13548,0.2558316220025596
13549,-0.05958275820578621
13555,0.04990994304632386
13557,-0.0150329908687694
13559,-0.2291820128052647
13560,-0.03328417484065205
13589,-0.03689820679667272
13591,0.0727947008211896
13592,-0.02043838124807315
13593,-0.13996587885696476
13595,-0.1408463676306217
13599,-1.213847367523203
13601,0.19480280123421956
13602,-0.06408029923356506
13603,-0.4790455193292552
13605,-0.44423099728003446
13607,0.3366606581502979
13608,-0.05709192748907127
13609,-0.04786620149221874
13610,0.07427416830493702
13611,-0.20993068991604855
13612,-0.08515802762464875
13614,0.07814287494327697
13615,0.14446557747743716
13616,0.29661399415379314
13617,-0.8239290883304013
13618,0.12017700168878488
13619,0.370515120062512
13626,-0.10532582925681368
13628,0.261885129939904
13629,0.02751636187015329
13631,0.00792328812427751
13636,-0.7498225527987085
13637,-0.20305584487689168
13638,0.9620820655532508
13639,0.427769976297483
13640,0.29042043911791804
13641,0.0410564019586658
13642,0.2803073707106209
13643,0.08973663678044017
13644,0.8204684469042346
13645,0.06698843996892799
13649,0.5993118475316798
13650,-0.06781715885410648
13653,-0.0987191165496312
13654,-0.2088266217149996
13655,0.4952599530618548
13656,-0.17841204519742948
13660,0.03793843246151034
13661,0.6234940415206125
13663,0.00442486713351782
13664,-0.09908023957248048
13665,-0.08609756968940421
13666,-0.23308812888171604
13667,-0.09738058444568878
13669,-0.02489664589632359
13680,-0.4032673715735732
13681,-0.1849274428935288
13682,-0.13987877325584733
13684,-0.20968645285244664
13685,0.07743422719321917
13688,0.08195952008804536
13706,0.44717912258447967
13709,-0.10990241578274426
13710,0.3876064774797935
13711,0.08723776561876478
13712,0.5325630159435484
13713,-0.07990360660527616
13714,0.4077991514729221
13716,-0.10754141068314352
13717,0.26789583232173275
13722,-0.2356868849725332
13723,-0.07355122189262428
13726,-0.0893637515274123
13728,0.3398622425931488
13730,-0.3587361400951884
13731,0.02360597939091575
13732,-0.06821992781355378
13733,-0.10635582220700636
13796,0.11720504935054744
13797,-0.5679584167359882
13801,0.4308523491511663
13803,0.2177121288409873
13804,0.20923169902687896
13805,0.16005075860271548
13807,-0.06130590198705658
13808,0.07267265100193679
13809,0.56130911472528
13813,0.1851559543623298
13819,0.02315112929034988
13821,0.1898691415184734
13822,0.4911553973299342
13823,0.5558507068242391
13824,-0.5537525601699433
13828,0.3645228056012621
13829,0.02070843239517653
13830,0.2716337633031015
13831,0.02641719744110704
13835,-0.10027456134576228
13836,-0.04895283265534914
13837,0.07302136918632678
13838,-0.17552929706274703
13839,0.04021368476589374
13840,0.6115158042597355
13841,0.24296293142066952
13842,0.4941543784629667
13844,0.5527101140514095
13845,0.02546870096308257
13846,-0.5178989251425823
13848,-0.1027224009660724
13849,-0.1395349901011267
13850,-0.577643160694465
13852,0.16601411987148204
13853,0.3421577230497771
13854,0.07066645064822986
13855,-0.26319497865621116
13856,0.4276185181534799
13857,0.4620966467111395
13858,0.33067494871460246
13859,-0.04608933252992196
13860,-0.05395295411025747
13864,-0.08064286030075776
13865,-0.39970738635947134
13866,0.8495793228774706
13867,-1.2927100506951343
13869,0.05191804985579829
13870,0.3246432075971079
13871,-0.01017536188677743
13872,0.02424974604520079
13874,0.06430571797453667
13875,-0.15442044061099883
13876,0.3204495944109286
13877,-0.10870741653083686
13885,-0.02588765167280819
13982,0.2721754174637721
13983,0.08121620407838685
13984,0.6924654810550245
13990,-0.5219905993819565
13992,0.0933568319744347
13998,-0.09643826603651544
14000,0.15336012476517663
14007,5.866554068045724e-4
14008,0.23188909325989748
14009,0.7222923812552491
14011,-0.07919183134171273
14012,-0.2024354903023848
14013,0.21762371210292825
14017,-0.1736237991925101
14020,-0.2181523664362225
14025,-0.03171775787888391
14026,-0.07196637433898669
14027,-0.3984738277462296
14028,-0.08664039528109033
14029,0.13503862465649288
14030,-0.00852896403033914
14042,-0.1193085377227174
14043,-0.6375488149261176
14048,0.03110788290167377
14049,-0.06380151717412848
14050,0.09514756768873472
14051,-0.5147743458235545
14055,-0.0096893666134752
14056,-0.37811534072958686
14057,0.15226875712224677
14058,0.07728046169698523
14060,0.27880294235269365
14061,-0.09449892713640244
14062,0.02112844650365103
14063,-0.26477087012483347
14065,-0.1299126585541767
14066,-0.522734694472507
14067,0.36505362167692934
14068,0.9297114387241838
14069,1.4985483122115633
14071,0.646836475653971
14073,0.9570988173261372
14077,-0.04101303034657752
14079,0.1327309808218782
14080,0.05285004110510698
14081,0.25611698894806256
14083,-0.04357546527324581
14084,-0.07163114687832696
14085,0.3170171885580003
14086,0.6590237062704436
14087,-0.3040749510202773
14088,-0.1494663561850717
14089,0.5468100791477426
14103,0.1851503620155123
14104,0.3131106445459984
14105,-0.4880835145481656
14106,0.1003813750581305
14107,-0.7153727374296176
14109,-0.04125993622307747
14113,-0.05958275820578621
14114,0.5738377454945651
14115,-1.2477314672675626
14118,-0.81902531326735
14119,0.0779151239879575
14121,0.09566100123264595
14123,0.0427478999609829
14125,-0.26382544447160594
14126,0.18832208948774184
14127,0.06885556723931179
14128,-0.0757101080663316
14130,-0.073535971407293
14131,-0.05574860551420893
14134,-0.20600181342912344
14137,0.7683586740642013
14148,-0.2519097002477184
14149,-0.07630533884546814
14151,0.07089095625010902
14154,-0.01418277705938088
14155,3.7117961074756463e-4
14156,-0.09103355744220412
14158,0.5097646318751032
14159,-0.01469463472083598
14160,-0.5105731560503431
14161,-0.3640883405549998
14163,0.0837647290047934
14164,0.5316210457472899
14165,-0.26675976439018817
14166,0.02522059033293357
14167,0.26506706258522394
14168,0.3411853463262831
14169,0.30500954875738073
14170,-0.3715706111322769
14171,0.12616532946941855
14172,-0.6659975783074882
14173,-0.05433305673914992
14174,0.5758383822724462
14175,0.3536293539025745
14176,0.4164978019951836
14177,0.5302418975400242
14178,0.07400603864656548
14179,0.5108739763395288
14180,0.20173506554442783
14182,-0.1899912319765058
14183,0.35391582170472335
14184,0.8120043702513726
14186,-0.33376744007175857
14187,0.21425132068790376
14190,-0.16958510058933016
14191,0.13860016309992604
14198,-0.25794660861786095
14199,0.3060139808119676
14201,0.4422491340754856
14205,0.0467683129879074
14208,0.125388222134238
14211,-7.598821825052782e-4
14218,0.3098713980249447
14219,-0.37972608848178
14221,-0.3149043564246646
14225,-0.00473020862093318
14226,-0.13219155111953668
14227,-0.00130830397369172
14228,-0.17475260564618905
14232,-0.02212527294498669
14233,-0.6753662491643768
14234,-0.12118620934792054
14235,0.315489158063631
14236,-0.2434191945543804
14237,-0.3234928621952888
14238,0.20854039376354716
14239,1.0790457398915865
14240,0.47639300128753614
14241,0.3922453177793462
14245,-0.03727248123661814
14247,-0.04363515524523555
14248,0.13343689464258093
14252,0.10558285011495912
14254,0.16125956150964904
14255,-0.0481001492589856
14256,-0.05396392052873117
14257,0.34815173793951654
14261,0.8650577532411449
14262,1.2139663681858792
14263,0.07473541883772583
14264,-0.5458444001937524
14265,-0.4423259327685272
14266,-0.6313913766758645
14268,0.00723744210639997
14269,0.03413157059384431
14270,0.23743247095355052
14272,-0.06562305294868072
14275,0.1161722715904952
14281,0.4703525156338637
14282,0.06670758125923806
14283,0.2527715447228864
14284,0.07808394632943823
14287,-0.04141970197763445
14289,-0.08613420474134767
14293,0.14244545474796785
14297,-0.18666118993070577
14299,0.2540750349672506
14302,0.04694012442425943
14308,-0.3198731364807643
14309,0.5816373584593886
14311,-0.3411781991454761
14312,-0.2338606168102373
14313,0.03909583149147669
14314,-0.23841786141120885
14317,0.1376828323820383
14319,0.0257023986533461
14339,-0.3357097740907758
14343,-0.4727248825113626
14344,0.22434950485834476
14345,-0.10222360086997888
14347,-0.05604051848369008
14348,0.21581066786016095
14356,-0.07003237365742199
14357,0.0390798470922603
14359,-0.02033350589823293
14360,0.12129413616548146
14362,0.3692751617323435
14365,0.1851970261791967
14366,0.43193680984485144
14367,0.0143155638939431
14368,-0.9671782897253562
14369,-0.4765150243955332
14370,0.18738417113843844
14371,-0.0841052372515716
14373,-0.4431183292681443
14375,-0.08987422649941765
14376,-0.0976393246582619
14378,0.2717222119399229
14381,0.11069766778173554
14387,-1.794150045675673e-4
14388,0.6148619291637143
14389,0.10165149797505564
14390,-0.4097552114184176
14391,-0.09495624088285032
14394,-0.3777706343634108
14395,-0.04177352805551922
14396,-1.089603625348761
14397,-0.2647853133475997
14399,-0.637869983833739
14400,0.5074163280512503
14402,0.9514733911661954
14404,0.42087114068663056
14405,0.5304439713472368
14406,0.08774123615035455
14407,-0.2871853735558764
14409,0.15964223893081367
14411,-0.6256256980872328
14412,-0.17242655749488398
14415,0.00806451754597916
14417,0.7614857714494584
14419,0.05613580385656352
14420,0.05709402986272999
14421,0.04700959419248069
14423,0.28341070913543015
14425,-0.7963361502333866
14426,-0.29243433383999895
14427,0.2882655761586115
14428,-0.00667967913964577
14429,0.29360518939212465
14430,0.46959914539534153
14431,0.04411365162443205
14432,-0.08446575290538154
14447,0.5318464418504234
14450,0.15532899376268575
14451,0.13721785720367086
14453,-0.5163507588552695
14456,-0.4456971041756861
14457,-0.25187722782949296
14459,0.21762980716868024
14460,0.12221196455898166
14461,0.14499418309947495
14462,-0.04667386521584555
14463,0.5657079146474759
14464,0.10513136535414828
14466,-0.00985801421156362
14467,-0.05703345157785669
14468,0.0980046722541348
14470,-0.05752764133655812
14472,-0.42574169097087056
14473,-0.2303348985379094
14479,0.1835441593733225
14489,0.1455371698215602
14525,0.168681495227763
14526,-0.14213994341611308
14527,0.09034385284148665
14528,0.15304698062735997
14531,-0.23992500092529576
14533,-0.15845424098272706
14534,0.04851895867020833
14536,0.21532484161839863
14537,-0.2421083113862307
14538,0.13989620724341018
14539,-0.0599627262703261
14544,0.1581552844369732
14545,0.2761996303932647
14547,-0.20600054241964985
14548,-0.15071973290079155
14555,0.9551300725974048
14560,-0.01270903688806866
14561,0.2266406430080637
14562,0.33641891235096777
14563,-0.3989792024117566
14566,-0.07805622009816042
14567,0.10911815156491451
14569,-0.0222795572812841
14570,-0.34050505654305635
14571,0.12244267659335348
14573,0.16505091096281715
14579,-0.19206026030230963
14580,0.08291310927449129
14581,-0.16411910604241037
14582,0.16010655096295642
14583,-0.14861150653616328
14584,-0.38634466072996904
14585,0.4214887472966956
14586,0.231779466082512
14587,0.2185937113182109
14588,0.03896701658735094
14590,-0.2047156064819619
14593,0.1458736367091605
14595,0.0077414855754423
14598,-0.6415827440091912
14600,-0.06977757813079229
14601,0.01553528548485168
14602,0.3753118656231826
14603,-0.1584426787037306
14605,0.00523148671732548
14607,0.1368053052040831
14608,-0.3797945790167945
14609,0.05275322953835084
14610,-0.4657910990516483
14611,0.1632568736837896
14612,0.19960231304959897
14613,0.04359055893928237
14615,0.36816680312133165
14616,0.3433280502474182
14617,-0.09405193534427628
14618,0.10381778720858514
14619,0.4435961675537147
14620,0.08866320816230594
14621,0.25145208348343334
14622,0.11612631127381134
14623,0.21774053399215665
14625,-0.4321697470425099
14628,0.02130185200104226
14629,0.04584803304029714
14630,-0.01996446987474798
14632,-0.4896952800167826
14633,0.3670161838672028
14634,-0.5311754918899454
14635,0.05422905773897886
14645,0.12793238027393986
14651,0.08883901285081107
14652,0.13746000014045937
14654,-0.47018558590646464
14657,0.02464857940891623
14658,-0.3038677835254161
14660,-0.01592197870585861
14661,-0.01113619637166159
14664,0.36328630683116614
14667,0.067387208995157
14670,-0.15628253697887645
14672,-0.31134416080458643
14673,-0.05980619848419152
14674,0.1072109215800675
14675,0.2892550810779692
14676,0.24571724406624612
14677,0.27759627395505737
14678,-0.04256462019089056
14679,0.03040892450974844
14680,-0.41961132352941305
14681,0.4329760593381111
14682,0.1269446806192801
14685,-0.07663289779035443
14686,-0.0081577066921356
14687,0.29222064950260995
14688,0.05926341524538976
14693,-0.00635146000648085
14694,-0.05755142650253404
14695,-0.09919129468152518
14696,-0.6417845868158834
14697,-0.04906850430103923
14699,-0.5133970588161719
14700,-0.00458912736505693
14701,-0.01149691916851138
14702,-0.02382003897239534
14704,0.3219250078975615
14705,-0.12338524687256427
14706,-0.1895594281082442
14708,0.22599939299234748
14709,0.7861716937157346
14710,-0.12234135376213368
14711,-0.13354671710064892
14712,-0.08060547355183158
14714,-0.19911463746997823
14715,-0.04825981887893379
14718,-0.02960923192969774
14719,0.1361464087656973
14723,0.2628885432195184
14725,0.00719992320966149
14726,-0.12567095795811634
14729,0.3477921928457618
14731,0.3523497474800307
14732,0.3988909991929873
14733,-0.08032959053716905
14734,-0.03335418022641337
14735,0.06162184351609347
14738,0.08147846617192013
14739,-0.2639452755063949
14744,-0.2854977222411219
14745,-0.05580956813213552
14748,0.1811513253357744
14751,-0.03604969335418034
14755,0.13345216805958987
14756,0.8359890254576461
14758,-0.21978358814083485
14760,-0.3083092972242446
14761,-0.05108217064104504
14763,0.7456158810490423
14764,-0.17997665124637827
14765,1.9014128037088949
14766,0.2298714346235509
14767,0.2427429806484366
14768,-0.22392790742591068
14772,-0.05413954222980904
14773,0.23120340644825177
14775,0.07867547663404825
14776,-0.0440170514559986
14778,-0.39207982379418704
14780,-0.05728398968849008
14782,0.04189356819320269
14783,0.28632034473556545
14784,0.19654227086355977
14787,0.380413139683528
14788,0.02194973867509385
14789,-0.245003139638146
14790,-0.00356185454721569
14792,-0.08543880659573197
14793,0.08656739800077551
14794,-0.19444258326517072
14797,0.06801233047665452
14799,-0.2899420028630656
14800,0.3551647388161473
14802,0.5452134905735913
14803,1.0021266103659154
14804,0.0924324764970188
14805,-0.383080466247123
14806,-0.5740495357964084
14807,1.1886304542303503
14809,0.27783975819035345
14810,0.07060762707253622
14811,0.00819326885217858
14812,0.4469737972372346
14813,-0.0682750087653483
14814,-0.4330377200249727
14815,0.03157741468921751
14816,0.3021514180222439
14823,0.13759427359217474
14824,0.1793056949278083
14825,-0.2434585805877712
14827,0.13777688010135763
14828,0.01763725956328112
14829,0.02028489266441319
14836,0.125649362155431
14840,0.04717184896297436
14841,-0.09335511860964624
14842,-0.802762881928918
14843,0.40995145686731704
14852,-0.11137409984044667
14853,0.6502625261395176
14854,-0.2652214666392654
14859,-0.15109672496877263
14862,0.00917274716823199
14863,-0.767358716003433
14865,-0.30543090268703255
14866,0.10115959679389548
14871,0.33955473726867047
14874,-0.14095062801562272
14884,0.1914338363802955
14885,-0.20488606147189925
14886,-0.05573100235186763
14894,-0.03289952050692913
14897,-0.06580473274076414
14904,0.00915291928897919
14911,-0.08907439740411935
14912,1.0817531602429886
14915,0.49055568744635614
14916,0.2433552263960534
14919,-0.44708003226679816
14923,-0.1855997373223225
14924,-0.07857123771562652
14933,-0.00548308611579075
14936,0.0036925829443964
14938,0.01829484119194202
14939,0.2638841580593392
14940,-0.07159034652810951
14945,-1.1145518826448408
14950,-0.13134655884377316
14957,-0.16240068469961727
14958,0.2892042491733895
14960,-0.10681269672915572
14961,-0.05185011788683434
14962,-0.1170214779877722
14969,-0.08014822348066106
14977,-0.06294769505969268
14979,-0.12181084410010048
14991,-0.18749421538907984
14998,-0.12445872064379244
15001,-0.20965873647604627
15002,-0.1930051919338142
15007,-0.15936671332206162
15040,-0.0789158969949216
15064,-0.42159117150792086
15107,-0.02888071834357795
15108,0.04056355027295645
15109,0.3022330976816132
15110,0.01230978798624203
15111,0.535552979726512
15112,-0.3254091323889723
15114,0.41456758640670766
15115,0.1092772600913038
15116,0.13433696146821816
15117,0.2209620558475888
15118,-0.05606448995210424
15126,0.7167773799930139
15132,0.28552731041614776
15135,0.07626918105646888
15139,-0.02389631451395653
15159,0.04646469907251778
15160,-0.770476569782379
15161,0.27694329612750634
15162,-0.05533963423860649
15163,0.07096815214278607
15165,0.03972692524596211
15166,0.09868778476353368
15168,-0.18221327666876608
15170,0.07464328725052823
15171,-0.5724508469945346
15182,-0.08693925646895878
15183,-0.00881497696698209
15184,-0.02687422982160477
15185,-0.03506417786647234
15186,0.01108830236032623
15191,0.10146587795682792
15194,0.073768143337146
15199,0.08876097929166234
15200,4.504686126503704e-4
15201,-0.26788244702239583
15203,-0.08327940890358351
15204,-0.21877023495163367
15205,-0.10253606582054818
15206,0.19701453870270613
15207,0.29878537538822914
15208,-0.2539146078027315
15209,-0.3394193558723119
15211,-0.04556049875899251
15212,-0.02626845922572097
15213,-0.2502668393983795
15214,-0.14510590274882143
15216,-0.10288121016784714
15218,0.14351241230360054
15220,0.2611470099117333
15221,-0.8579977446155365
15223,-0.22049701499205915
15227,0.5187766358246593
15228,-0.4464367941705924
15229,1.284964481325913
15233,-0.3611576901694124
15234,0.21268812961194297
15235,0.1434651195840218
15239,-0.04181726997251718
15242,-0.12155454373504147
15245,-0.06932832423638091
15247,-0.14745803177404915
15248,-0.2771304339200463
15251,-0.26300508295251385
15254,-0.06647288330571931
15257,0.3985960384564258
15258,0.35303946899751193
15259,-0.10380052513679948
15260,0.17434904303185808
15273,-0.02248676460328291
15275,0.1809429096395929
15277,0.09081493561870714
15278,-0.22166929882227204
15284,0.6799267667437828
15285,-0.4510338498229729
15288,0.2337634530341567
15289,-0.03863611709542767
15353,-0.0907494299355674
15354,-0.01544059945357129
15356,-0.10440901104950633
15357,0.03536614884244347
15360,0.3875991073374254
15364,0.39799614015635554
15366,0.05134588266730942
15368,0.27221504818080333
15369,-0.00388593554714639
15370,0.04476577595744196
15371,0.973983179096753
15372,-0.4649972901185
15373,-0.10763692554207996
15374,-0.046653396114992
15375,-0.29016390531086267
15376,-0.3615686573604173
15377,-0.01213668726552388
15378,-0.4800527360682756
15379,0.12357124237529916
15381,-0.0132796444089441
15384,0.01842825349796401
15387,0.12810977487368336
15388,0.29322328205536385
15394,0.2314081705409543
15395,-0.5617516541065624
15396,-0.0028888438656737
15398,0.02685205656719098
15399,-0.5487437439200868
15400,-0.7254695413222301
15401,1.0524247080815008
15402,0.2338453871793039
15403,0.08082308805474783
15404,-0.09155262591764124
15405,0.288535721345892
15408,0.07501011644029391
15410,0.5869385361524722
15412,-0.00619716963813266
15413,0.00872343393992492
15414,0.48825978451827434
15415,-0.24889307476606745
15416,-0.2306294519149059
15417,0.4233232363430367
15421,0.1998415383839953
15422,-0.0124743489082551
15423,0.0061489372635494
15424,-0.40311061287105743
15425,0.1481783224213401
15426,-0.02532418572486267
15429,0.32692430794597566
15430,0.1214942871584364
15431,0.04152041836679752
15432,1.029418998578268
15433,0.18674413351251296
15434,0.3309116805491027
15437,0.6149717586604606
15438,0.33032268688551764
15439,-0.040410663574605
15441,-0.00859715679593039
15442,0.074397691035424
15444,-0.3090014657396901
15445,0.5059003285475921
15446,-0.16595248833527182
15451,0.34013790716552966
15452,-0.2860379564669137
15458,0.33448777357240583
15460,-0.3378443174201852
15461,-0.0770222461770399
15463,-0.06638624918717313
15464,0.3665987634830023
15465,0.2658632041783246
15466,0.9518238154720262
15467,0.3085544607680374
15468,0.01711066139843046
15469,-0.00140149233250676
15473,0.04307679470228446
15476,0.20568654234383577
15478,0.00512869093517653
15481,-0.00254985829104765
15483,-0.02807703452034553
15485,-0.5539094278259696
15486,-0.06368647435839486
15487,0.7124775778238873
15488,0.00767601907497783
15490,0.6924976697163144
15492,-0.1217826404988708
15499,-0.17347984088166857
15500,-0.08413427621208494
15502,0.15036734676183044
15505,0.2092715827553084
15507,-0.8155297984107841
15510,-0.0640989301210098
15512,-0.2323510806325513
15516,0.0675821604298768
15519,0.20249228262709523
15525,-0.01013265384213268
15526,-0.02878037776342291
15529,-0.09163910822958551
15530,-0.07650168546299586
15531,0.32257072898084815
15547,-0.12287480952936368
15550,0.05581915552215055
15551,-0.03929064631110111
15552,0.7391543227547611
15557,-0.05120512047056244
15558,-0.09331996004134174
15559,0.0919070341725442
15560,0.2049745718521616
15561,0.5919901962069143
15562,-0.28839331769323573
15563,0.3285807679984836
15565,1.66195475035575
15566,-0.3120533134449799
15567,0.22794415202485024
15568,0.09120899694353776
15569,0.23404105108745657
15571,-0.44694837953291433
15572,-0.4842608920347905
15574,-0.02749087771042738
15586,-0.1017288038138862
15587,0.13178601404027096
15874,0.36130871580429247
15891,0.0966346753663098
15893,0.14315836093447204
15894,-0.2920361335751707
15896,-0.10743926749363587
15898,0.16160961178181885
15900,-0.02401268357431215
15901,-0.6860167274776792
15902,-0.08930634302102605
15903,-0.382240779255438
15904,-0.5174960696922053
15925,-0.16104689865603114
15926,0.01393134419993597
15929,0.00230447571446119
15930,-0.5938670753755636
15931,-0.38017177122594537
15932,0.03265713138608232
15936,-0.0305142331618119
15937,-0.11677804215099433
15939,-0.2109103114565057
15944,-0.09790939080556514
15945,-0.4416152225630501
15958,0.2822003540112005
15967,0.6018561973758376
15975,0.08982877267855009
15976,0.102339813889568
15977,-0.5364398794840955
15978,-0.00449675623430551
15979,0.02269260317740756
15980,-0.10158646124898804
15982,-0.04390589625386016
15983,0.15514288459041525
15985,0.02153894700668887
16000,0.13580632190038955
16002,0.0825930078218482
16005,0.7492956522475578
16006,-0.11202225453288234
16007,-0.5911817814186177
16008,0.7424130524984465
16009,-0.33402584962165405
16010,-0.30861062905873987
16011,0.2434396204312972
16012,-0.08039146730520644
16068,-0.15712217393638017
16069,0.17912947943500873
16147,-0.02823613156195376
16150,0.07320295590747772
16151,0.13717912386261916
16153,0.2502288076913103
16154,-0.1107733052706844
16155,-0.15779476264713344
16156,-0.8560975114780629
16159,-0.4055128899430532
16161,-0.03072521142342217
16162,1.0476061093206752
16163,-0.289495335440073
16164,-0.5133429195602028
16165,0.2176755331630935
16168,-0.5119560942244765
16169,0.00424576971439759
16171,-0.7745780817521521
16172,-0.0748299074252173
16173,-0.1522330172294471
16174,0.16400845044299325
16175,0.2770287249136794
16177,-0.21830851220086428
16178,0.04876181303724766
16179,0.09006759898808592
16180,0.1862285124086215
16181,-0.4882268870349323
16182,-0.02798341791695743
16183,-0.08896509474233523
16184,-0.3142493269943316
16185,0.05696798348228746
16186,0.05434873309473915
16188,-0.08915617624577281
16189,-0.6774600811490092
16190,-0.02870462948166893
16191,0.6207539450517483
16192,-0.0713690212642276
16193,-0.8468013088934643
16194,0.05588643111611093
16195,0.04793255822084678
16196,-0.11221929324101047
16197,-0.19370936441464404
16198,-0.14489029890376026
16199,-0.19906360302914472
16201,-0.0416379366682996
16202,0.02652679305496639
16204,-1.015635441002123
16205,-0.0190038603286454
16206,0.03399130277676832
16210,-0.17287960839707545
16211,0.2408888014056728
16319,0.14690901994537903
16322,-0.09086502262333518
16323,-0.1448040568121048
16324,-0.11676384379007962
16326,0.1552714381026876
16328,0.16035588649019109
16330,-0.11727057213134416
16331,0.12054862112762652
16332,0.06579059698655144
16334,0.22419144907283897
16336,0.04594895932120498
16337,-0.03965775820920057
16341,-0.04093893421085582
16348,0.03891298922835631
16351,-0.18384992213479529
16362,-0.02792323642085169
16363,0.07013391422782875
16364,0.04319408002362512
16367,-0.13420568296008778
16370,0.3564722568701144
16371,-0.31471238307081606
16372,-0.5616944035782703
16373,-0.2249397246220076
16391,-0.04414105434867569
16392,-0.5865036383622069
16396,-0.00601566770523932
16398,0.3523479527497146
16399,0.1240173604278432
16400,-0.08437739574879483
16401,0.03225138578203621
16402,-0.21928300030308623
16403,0.2404394434560609
16404,-0.1320850078283882
16407,-0.48840996592354313
16408,0.08528050665784379
16409,0.02642720239348521
16410,0.23415276013948372
16411,0.2684954115327526
16412,0.36241230866421714
16413,-0.20698454953969375
16414,0.14254891057165853
16416,0.2553829628634301
16418,-0.06798205737636846
16419,0.17569043919785743
16420,0.5340104856279659
16421,0.00952977424080105
16423,0.06728441693874683
16424,0.10660306201164942
16425,-0.3626630309600739
16426,0.713100080070445
16427,-0.06143238450490387
16428,-0.12556413866020844
16429,-0.0968034091902654
16430,0.35420238668578885
16431,-0.2950167293493429
16432,0.02870858925733216
16433,0.3001315250061599
16434,-0.36012462134038004
16438,-0.03605284790364644
16439,0.1232253377806086
16440,-0.12616003267884615
16443,-0.02711219571055577
16447,-0.8879508227522891
16449,0.7283432428750716
16450,0.1977025664171359
16451,-0.00180131647875431
16452,-0.01685640160857856
16453,-0.0081452417278857
16467,0.7123684598229191
16468,0.2740869578217197
16470,-0.11656013621234876
16475,0.00164745945576755
16476,-0.09212633235438844
16477,0.8907487516826552
16478,0.2207396788603932
16490,-0.2097317266635324
16491,0.26683044073309314
16492,-0.12983833661050803
16493,0.641538152693457
16494,-0.6274694407005545
16495,0.06015471632828255
16497,-0.29302854429912895
16498,-0.11087562573316788
16499,0.08966127535395595
16500,-1.0734737628351
16502,0.2755965080589462
16504,-0.46021005081115907
16506,-0.02917835858723882
16508,0.2335505319270764
16509,0.3800854968748283
16510,0.5831124879347777
16511,-0.0750109963880945
16512,-0.1490070740246242
16513,0.22639176801397037
16514,0.23768635087425105
16515,0.22766860913798376
16516,-0.176410852079304
16517,-0.5245087354938266
16518,0.20625167042213197
16519,0.4609556869503561
16521,0.1085607555810648
16522,0.2528939401389192
16523,-0.03214380127585298
16524,-0.5678541271488484
16525,-0.5959024801572225
16526,-0.4414731477847645
16527,0.13431226828120646
16528,0.3635016608782712
16529,-0.2863324101808833
16531,-0.09534631754694786
16532,0.09122566624337088
16533,0.3560551043572412
16534,0.01812680316215065
16535,0.6038968456064135
16536,0.266305481591227
16538,0.0266885520556146
16539,-0.25380296717486606
16541,-0.08304291007870995
16542,0.1932160211037034
16543,-0.00251530665410111
16545,0.0798569538095828
16548,-0.09589471067974709
16549,0.03343236494434224
16551,-0.31467816655675374
16552,0.3592693250327021
16553,0.13246442146268006
16554,0.47317033077963305
16558,-0.1643767282841357
16559,0.16738265410937386
16560,0.3802298880680292
16561,0.03105129786530115
16562,-0.00863959720239467
16563,0.32595366801876147
16564,-0.31516767453529193
16565,0.02780034201066176
16568,-0.08312950315215402
16569,0.3575001719196915
16570,-0.36893122435575054
16572,0.09537023535221098
16573,-0.07232377612851257
16574,-0.5589094726338755
16576,-0.11101400812881472
16578,0.01731843089418201
16579,-0.0463592388421634
16581,-0.08452063527596304
16582,0.0462600577556451
16588,-0.16669593253071768
16589,0.16136942863635503
16590,-0.6534880501760718
16591,-0.4011967868817041
16592,-0.26051276540865487
16593,0.222796763868918
16594,-0.11466571155345166
16597,0.18192529029338816
16598,0.02087730964599574
16599,0.0607752838672219
16600,0.0440747416011789
16601,0.15268105243327967
16621,0.05958173774376796
16641,-0.3674484867251807
16643,-0.18644365854972356
16646,0.3886295596852848
16647,-0.06377145907387557
16648,-0.03683092816800089
16649,-0.2452551973034715
16650,0.342168918087648
16651,-0.40290771919494894
16653,-0.33871154351339616
16656,-0.00933974506803453
16658,-0.0974154807945514
16660,0.18752257037009856
16661,-0.873422428888497
16663,-0.2757900029725622
16664,0.4102003668612739
16665,-0.38027420017330726
16666,0.08218824974108917
16667,-0.7437011446086482
16668,-0.7226647996513595
16669,-1.2435053720043343
16671,0.04400787659341643
16672,-0.24511338394680277
16673,0.6274781705132282
16675,-0.35786217599263787
16678,-0.28704405167351177
16679,0.02309017746819729
16680,0.1603737689985216
16681,0.3711528363866954
16693,0.4330794245332919
16703,0.5676889215250116
16706,0.9602892176905288
16709,-0.2439560463130847
16716,0.776560729644179
16728,0.6585095028003441
16763,-0.4037518179436
16764,-0.15764056614426236
16765,0.02434387319055891
16768,0.1759520517285413
16769,-0.31877153662212027
16770,0.07229020011463201
16772,0.2793113290944763
16773,0.08676701526012845
16774,0.39939006499167906
16775,-0.6056516078999394
16776,-0.2388852083716468
16777,0.06518784122412735
16779,0.2069422711385996
16780,-0.7092014875967594
16782,0.1261647432943363
16783,-3.659020886607571e-4
16784,0.24561710686924257
16785,-0.0771758208503406
16790,0.01790018825194037
16792,0.09010986405833143
16795,0.1007865795428794
16796,0.01602623570696824
16798,0.14346494752566083
16800,0.02583084637583288
16801,-0.02352145971060719
16803,0.23210471945505257
16814,0.31861970026541236
16815,-0.0270757318578998
16816,-0.14797857704920098
16819,0.3029486519586833
16822,0.2995598457704214
16825,0.09905665953915256
16826,0.43819193154554614
16828,-0.1202832222760339
16832,-0.2189083193309433
16833,-0.7118434692661224
16834,-0.01371979367018144
16835,0.15911827309632046
16841,-0.12198468674930892
16842,-0.08202808601916764
16846,0.1581714392117847
16847,0.3017512854207822
16848,0.0218218212140786
16852,0.01089239248499832
16854,-0.2169036726108937
16855,-0.02559933492593417
16859,0.05692018871361688
16865,0.03164439246417534
16867,-0.0391135427722563
16869,0.6975243783474092
16870,0.1468620590091839
16871,0.887150796716619
16872,-0.07976932455839339
16873,-0.6362386783378704
16874,0.06378179498943953
16875,0.02151551625508568
16876,0.13678904644342255
16878,-0.14944795943457995
16880,-0.8248984815105547
16882,-0.411646883782254
16885,0.02658876276815933
16886,-0.2067569618243839
16889,0.10886879009647374
16890,-0.23368888732292767
16891,-0.4426748993415358
16897,-0.3432183769641114
16904,-0.17202068175832733
16905,0.18986284665862743
16906,0.22718751052297265
16907,-0.12247997013775916
16909,0.07411132701482193
16911,-0.02245612302987155
16912,-0.1316878970940477
16913,-0.07213058104467657
16917,0.2806333871214472
16918,-0.02071780080040777
16923,0.04905771456819999
16924,0.7689229125295483
16939,-0.03651070632082634
16948,0.10172914754469208
16949,0.3129973592267261
16950,0.22568309178535004
16952,-0.1516040019945269
16956,0.3813224085468817
16963,-0.01425790627894452
16969,0.29638130221524916
16971,0.1717413117150973
16973,0.2274284975569848
16974,0.19780197113177797
16975,-0.5190505934619815
16976,-0.03079548939406505
16977,-0.06130590198705658
16978,-0.19087802953916555
16979,-0.16826073364687244
16980,-0.7497727382162586
16981,0.18344053100001784
16985,-0.03541628366589848
16987,0.1495470201272262
16992,-0.1717094064630228
16993,-0.01770243646733004
16994,-0.03833708796984281
16995,-0.01247442168777816
16997,0.3948324572810338
16998,0.12542088170724164
17001,0.03536637695784442
17002,1.0879185678485073
17005,-0.35580582174625314
17022,-0.5485457395370541
17025,0.12249095646024288
17035,-0.3942354067311089
17060,-0.02559353422380356
17063,0.4030758858232774
17064,0.24073592458714396
17068,-0.14132555973228902
17069,0.05183319001049517
17075,0.14109373685046855
17079,0.1704644473165128
17082,-0.21829958245776115
17083,-0.3805943718773293
17084,-0.09750521465102678
17085,0.22232678377296153
17086,-0.26918277605599583
17087,-0.2961437640042517
17089,0.7160008080871844
17095,-0.04979359531406095
17096,0.11912103332448552
17101,0.10375311533879474
17112,0.29765312019953644
17113,-0.0872824419259872
17116,-0.10906818996659672
17118,-0.05141528021758412
17119,0.20856043689380876
17120,-0.20898418387863116
17122,-0.1554890848479592
17123,0.8161282424494128
17125,0.40919647214350574
17126,-0.06736412302344313
17127,0.21170587618397296
17128,0.04839787927332772
17129,-0.08405207823215685
17131,-0.20593209523457065
17132,-0.22100854603383396
17133,-0.2909661373612449
17134,0.19385256578357665
17135,-0.04570326421256254
17136,-0.19589598540316744
17149,-0.22153973896160703
17150,0.25577394530616526
17151,0.13464023777273476
17152,-0.6995605827203031
17153,-0.43951079520003133
17155,0.00675975554376698
17156,-0.11176168181408512
17158,0.15251279887033345
17159,0.06054168718182409
17160,0.20310455759719895
17161,0.18253952582789815
17164,0.07885759766692749
17165,-0.05847400992663017
17168,0.0685540061696448
17169,0.3034965907705356
17171,-0.06990323061791276
17172,0.04638739114542462
17173,-0.5556409216561287
17175,-0.1270765830298611
17179,0.00790293671385573
17180,0.05054418221028436
17181,-0.33061369857883094
17182,0.19229464607384192
17183,-0.5952274752341566
17184,-0.07926748103426275
17187,0.07812998815676098
17188,-0.5989310629871276
17189,-0.8567379251351306
17190,-0.1207488250534458
17191,0.01297215187006333
17192,0.08751905960915118
17193,-0.06857779847397562
17195,-0.2687033905451617
17196,0.0062844102691977
17199,0.17084536782192938
17200,-0.7531860229428305
17201,0.5555816820884354
17202,0.7342712222640387
17203,0.24722798918872532
17207,0.2559679960846808
17210,0.04889625822545049
17215,-0.06291002121860967
17217,-0.01881952880779541
17219,0.00119245867641989
17220,-0.00394466682723869
17221,-0.7965355477838095
17222,0.09222630714227248
17228,-0.23316501508823936
17235,0.32010872851896494
17237,0.0122792096235746
17240,-0.6139757354424547
17242,-0.02129500963011593
17245,-0.1453202573605532
17246,-0.12138012760190148
17248,0.26191602548512005
17250,-0.02855002579727019
17252,-0.20093845647628217
17254,0.11711963881491214
17256,-0.06840896548942231
17257,-0.00837150538253116
17258,-0.1346100941667146
17259,0.1732756539119741
17260,0.3766304364481995
17261,0.09275322248220765
17268,0.08242156530729644
17274,0.02092451698656099
17279,-0.08683022749539662
17281,0.09276625507923349
17283,0.07117282339575534
17285,-0.5007321546469934
17286,0.6720655753007878
17287,-1.2725293075503818
17288,-0.03737425171165304
17292,-0.12441727518359236
17293,0.1856483884469788
17294,0.11041516110864363
17299,0.01505460220141498
17300,-0.3607409240311553
17301,-0.17588012415147328
17304,-0.07818730295589968
17305,-0.19056055531552668
17306,0.3157967050883249
17308,-0.13446661903593493
17311,0.23633577694645783
17314,0.0056545484589336
17318,-0.37543422192617393
17319,-0.07423868054395508
17329,-0.22605705431813944
17330,-0.05682238098006806
17339,0.3970118555764043
17341,0.01886492003369248
17342,-0.07550567451142459
17344,-0.2739328687326401
17345,0.418445573331763
17346,-0.194147800641495
17347,0.0387067639377742
17349,-0.09918963378841886
17350,-0.13900299002619276
17354,0.10244144800889994
17355,0.07732892032952184
17356,-0.6969909597026774
17364,-0.5848580126104523
17380,0.6320001066006059
17381,3.4243061056158687e-4
17384,0.04657360791218597
17385,-0.7057753574776733
17386,0.4074149917084382
17387,0.06368340368345214
17388,0.5986727299880666
17390,0.41509099838856145
17391,0.19352382692654468
17392,-0.03370689601647102
17393,0.09047154924084436
17394,0.05015063571756036
17395,-0.02952020742552244
17423,-0.14265522386892288
17425,0.15289680411928463
17427,0.12041537005560948
17428,-0.0096716515254182
17433,0.09825625141052148
17434,-0.12793352815590608
17436,-0.5540498322272381
17441,-0.03572956294218415
17444,0.1818216316527892
17448,-0.03528583927803001
17449,-0.18592958975517648
17450,0.297212039452748
17451,0.3811493534400011
17454,0.04457572420618302
17463,0.06692059006284529
17470,-0.3602568420032282
17474,-0.0322855460428822
17475,-1.162823293541298
17476,0.09408068895877326
17480,-0.02731216124546429
17523,-0.20002663369960372
17524,0.23705935701715872
17527,0.09594748789301431
17528,-0.07319385669906933
17532,0.15788579232707134
17533,0.16694722825460595
17534,1.227415279826284
17535,-0.06259085691963352
17536,-0.3435463280674191
17537,0.706142417543308
17540,0.32364632964733653
17681,0.1482144618570216
17684,-0.02293751502477833
17685,-0.1123263374091121
17686,-0.183794204074823
17687,-0.23138040548668137
17688,-0.02176298785382363
17690,0.04217828041974333
17691,-0.12684721449214756
17692,-0.16056389198293822
17695,0.09684782672594314
17698,0.00882894191084929
17700,0.39017562429772545
17701,0.28239284888724125
17702,0.14350961504478432
17705,-0.06921367096070313
17708,0.01371862023222618
17709,0.01371862023222618
17710,-0.06921367096070313
17711,-0.02116920051516568
17713,-0.0735363038742414
17714,-0.00572232294447501
17716,-0.03443149405763163
17717,-0.03443149405763163
17718,-0.15940880039365998
17719,0.00978323374760658
17720,-0.15940880039365998
17721,0.04313761692713822
17722,0.04371884071387794
17748,0.05543547600674874
17749,-0.26942012997904774
17750,-0.22420704812278996
17751,0.04997991069264475
17752,0.3441932430451597
17754,0.1414455498522054
17755,-0.0284882892289231
17758,-0.04873879380219857
17760,0.4077550049305993
17761,0.10272960486679936
17762,0.33369356016592217
17763,0.3670451379839412
17764,0.03433689887159134
17765,-0.33402346845458775
17766,-0.00699995175139497
17768,-0.07479775868343928
17769,-0.00229271970813115
17771,0.09109240781500848
17772,0.7754891468415614
17773,0.4085247436023206
17775,0.08249258775069632
17776,0.31308282881698435
17777,0.09246668344718705
17826,-0.07397641730792341
17827,-0.0745829106681497
17828,-0.1589569511538187
17829,0.4550216391685344
17846,-0.15375074996958232
17847,0.02374363625127546
17850,0.00483556143420033
17855,-0.2579191788409396
17859,-0.15407164646780871
17863,-0.6103265529336717
17864,0.07751605573367834
17865,0.00692400726420179
17868,0.03544425073127651
17869,-0.02063117307373108
17872,0.03762040787567278
17873,-0.03258555522606508
17874,-0.06897037922529402
17876,0.09429890262859152
17877,-0.1325170644175484
17878,0.5046248313239764
17879,-0.09750157677255626
17880,-0.05959681069955176
17882,-0.1464403388699113
17883,0.1893315465725342
17884,0.7519120715286354
17885,-0.2219796111739242
17886,0.2205433159350647
17888,-0.26608230394409
17896,-0.14186196336560683
17897,0.1530079538773077
17898,-0.4503302517898468
17901,-0.6493574600897101
17904,-0.2451964388976333
17906,-0.25002861971731144
17907,-0.11544985459096375
17909,0.0817178420919994
17910,-0.3095284434135639
17912,0.1281886663132988
17913,0.05672047237007845
17916,0.13088654393377314
17918,-0.12517220771533563
17919,-0.2016675103031873
17920,-0.02594875019478765
17921,-0.40675202076341654
17922,-0.47870415769357866
17925,0.08766616127831724
17926,-0.01300459853396559
17927,-0.2856907285284522
17928,-0.5389623032457288
17929,0.611505471973552
17930,0.4335851394436357
17931,0.19468204518735163
17932,0.12035142753367102
17933,-0.00521519703219885
17936,0.11748270178664132
17937,-0.2583858630108377
17939,0.1707942653778958
17954,-0.16631513685146498
17955,-0.09669099883702945
17957,0.01868324497731564
17960,0.5739953988899424
17961,-0.4545562614193328
17966,0.22014079836547945
17967,0.19729390749801956
17968,-0.1491485879332685
17969,0.12048506965191562
17970,-0.30408002573242054
17972,-0.02904720038210655
17973,-0.15776246079704628
17975,0.07786710212699333
17977,0.2772074373757713
17978,0.02058184569868041
17979,0.04161826234683154
17984,0.3204760135075777
17986,0.2449935576675908
17988,0.14904732128953968
17991,-0.01807335903658296
17992,0.01979487331177632
17993,-0.09135909637034334
17995,-0.07806723235497004
17999,0.04089975765706653
18000,-0.04358384777192918
18002,0.00541893668406538
18003,0.04908722974220086
18004,-0.54851963072762
18005,-0.05698494334323581
18007,-0.4011085862300288
18008,0.6939691575705536
18010,-0.03057816199350711
18011,-0.0557737115916368
18012,0.13507659912280034
18013,-0.735921542480455
18014,0.5066885462866089
18015,0.04771080980299485
18016,0.03450140920508849
18018,0.02853244118655052
18019,0.12590425220208956
18020,-0.01521313329024802
18021,0.09009445642317786
18022,0.10226585458179303
18023,-0.1363957164852651
18024,0.03036492759946685
18025,0.4933899499458029
18027,-0.1896530960642316
18028,0.4555085155460339
18029,0.5383859007815341
18030,-0.01504591026293513
18032,0.5183795540041235
18033,-0.02741983183580101
18034,0.09883602876356834
18035,5.492537967092363e-4
18036,-0.02827776638671354
18037,-0.03397906669834219
18038,-0.01872560458772052
18040,-0.420173373625548
18041,-0.21294649982607744
18044,-0.00200147265102951
18045,-0.05024194754912371
18046,-0.01741089779957897
18049,-0.0325019887175606
18053,-6.662613488952612e-4
18071,-0.34735882973661636
18072,0.2824909531742271
18073,0.19679610243762163
18080,-0.03525727797857266
18081,-0.01497159160879088
18082,-0.3118690858401448
18087,0.02106096277436144
18088,0.11128243842166533
18091,0.533457124028636
18092,0.5725877777514863
18094,0.6279871614630019
18095,0.5159604126335006
18096,-0.155356573092658
18099,0.150694175313502
18100,-0.16852669105937954
18101,-0.02022867773512418
18102,-0.1307759050140114
18104,0.6659669714034037
18105,-0.13936425258984142
18106,-0.1551518035729757
18107,-0.07316676593722
18108,-0.04132145009552798
18109,1.0528232177728214
18111,0.06703930926461808
18113,-0.04195629975106946
18114,-0.0011770139147364
18117,-0.6011678970353358
18119,0.25927224630783263
18120,-0.16530177604814392
18121,0.49307980787083294
18124,-0.17802730501852992
18125,0.2136113841506887
18126,-0.31026345766890057
18127,-0.09886583507624816
18128,-0.42856251925698313
18129,-0.05047579058940624
18130,-0.01854374518589521
18131,0.592955163328093
18132,-0.4057436745849701
18133,0.1850252938015352
18139,-0.26186568792885173
18141,-0.06419336096076206
18142,-0.17938654825877098
18143,0.3766584090803848
18146,-0.6993795710681205
18148,-0.12845019246278933
18150,-0.488521145340313
18159,0.1867274375094351
18160,0.5032161791310183
18163,-0.32683410983114647
18164,-0.04042005284927614
18166,0.16524312375517403
18167,0.10643756093384316
18171,-0.4564156248458882
18173,-0.02769942789766059
18174,-0.19610747640105208
18175,-0.1347940528283616
18176,0.04788300747284575
18181,-0.027304372382079
18185,-0.2737201341146391
18186,0.4743279011310983
18187,-0.3900224208951558
18188,0.2469565535287737
18189,-0.19381036897852347
18190,0.533376229178138
18193,-0.07906766643748722
18194,-0.14772648890240753
18195,-0.08831564559184063
18198,0.504359845921773
18201,-0.07000092174490141
18203,-0.08896509474233523
18205,-0.03478655930002608
18208,1.2924464772635418
18209,-0.11044050811056512
18211,0.05943770143802593
18212,0.10902313319610392
18213,0.3150231792083523
18214,-0.00693663158094173
18216,0.4018671461300817
18217,1.781597027406923
18218,0.6035578592137839
18220,0.19434018916241377
18221,-0.12104484964984236
18222,-0.08250952584734132
18223,-0.2672780738277658
18226,0.08028908876994194
18227,0.6945277785771062
18230,0.6365462477150442
18231,-0.5825241187001473
18232,0.2554776700118516
18241,0.1591710265733732
18242,-0.03485198185804761
18245,0.00646286903198356
18247,0.05522171458736096
18256,0.30004851213396866
18260,-0.28383327857933077
18261,0.22566680246484977
18263,0.03309509284640785
18285,-0.4290347218074064
18286,0.08594257474409485
18291,0.20493350368386837
18293,0.16250436106098332
18295,0.437572757371304
18300,0.3095028097413844
18301,0.00380027997005158
18302,0.06433709151839541
18312,-0.32796300873751155
18313,-0.5343421054102127
18314,-0.06220192788029577
18315,-0.3819889927593439
18316,0.35573539092300177
18317,0.1965299403341126
18322,-0.4005855589018412
18328,0.02256402337743669
18330,2.1701033020088207
18341,0.32525787318868027
18343,0.2533603350423758
18357,0.02182440685066006
18365,0.1807423062517016
18366,0.03023512779400045
18370,-0.10367414061463438
18377,0.25192714955264073
18378,-0.17564959021061813
18383,-1.1037169589702875
18386,0.311992587164741
18387,0.07640588613309109
18389,0.01182639727614443
18390,0.05934945296982867
18391,-0.06043765657754717
18392,0.30753837842032195
18393,-0.34949569499323385
18399,0.8625133047125121
18400,-0.11909710156879684
18408,-0.5882762364982012
18412,0.1770899823074668
18413,0.3178898339831653
18414,-0.2004909142511061
18415,0.12702970743200467
18416,-0.3412464255605755
18417,1.3825649084193068
18420,0.2883987473639871
18423,0.9562399815143
18424,0.04366667972336827
18426,0.22968569220881763
18429,0.9181642415327556
18430,0.03055524827897974
18431,0.32074007374975694
18432,-0.03027221920105047
18436,0.2289133477713763
18438,-0.14459462129422013
18439,0.1724802138468549
18440,0.17034352655152207
18441,0.23017513453427976
18442,-0.3981700436277876
18451,-0.0965560169305428
18452,-0.29970596787703785
18457,-0.20426706587185517
18458,0.10960883604261965
18472,0.01919487356592784
18475,0.01953021527600865
18476,-0.11309636630701392
18477,-0.04846221222721401
18479,-0.14655081189249783
18481,-0.10842785947313048
18483,0.150889767361006
18484,0.6108889581923568
18488,0.30384028438117777
18489,-0.05851744258475827
18491,-0.2215928027914566
18503,0.05399315376484528
18504,-0.22001046254334009
18505,-0.31870942594333657
18506,-0.8264442505207561
18507,0.1614976240721705
18508,-0.5784663081149403
18509,0.6494318505518346
18510,0.8831880151501299
18511,-0.4247314891781856
18514,0.13922244432722403
18515,-0.07314579136576739
18516,0.17377778226439888
18518,-0.16115439823545488
18519,0.07002805303912793
18521,0.04979609892100649
18526,0.1624462284693003
18530,-0.24428958062755796
18534,-0.08011711628868706
18536,-0.33692150443157864
18537,0.08325367867517523
18541,0.05991754601655649
18542,-0.8370081627847364
18545,-0.08223994303867015
18546,-0.34981243901187253
18548,-0.24211721604470365
18549,-0.3857267677275883
18550,0.0147458664249251
18551,0.02927618038371007
18552,0.3398000294835164
18553,-0.0907191600951689
18554,0.065302099931302
18555,-0.1932547947924379
18557,-0.7677405852595326
18559,-0.7655167950935786
18563,0.34375207033399346
18566,-0.1034843850240304
18567,-0.04537161171720071
18569,0.05495333608794283
18570,-0.11590120039426212
18571,0.0729241368232188
18572,0.08386129833739481
18573,-0.01088843473553099
18574,-9.835252937090942e-5
18575,0.02537561745379527
18576,-0.28108700911144235
18577,0.05471094323242822
18578,-0.11325827393392848
18582,-0.15976625869318675
18583,-0.05044224319715722
18584,-0.06645089941786286
18587,0.7803401202773321
18588,0.1188382113097113
18590,0.2391647302406178
18591,0.01560015296104514
18595,0.05823647287244293
18596,0.15175747864219002
18597,-0.10413468718173564
18598,0.624489576759082
18600,0.16072673718447905
18601,-0.05272632909438129
18602,-0.0369347310564007
18605,0.3974604639440968
18606,-0.6922378206846167
18607,-0.08704575783028078
18609,0.6633974109582892
18610,0.00546842491463403
18611,-0.29338597342268524
18612,0.33978467335796736
18613,-0.02709365725193168
18618,-0.05139139294850352
18619,-0.0814473794603443
18624,0.19113147258449104
18626,0.00516892788726295
18627,0.07162207331808147
18628,-0.3623744560769475
18631,-0.05487592922199459
18632,-0.3515350313273484
18633,-0.20031734945170748
18634,-0.2274442422113233
18636,0.00376251199109354
18637,0.00792137399211559
18639,0.0329538841546102
18640,-0.5656930688078967
18641,0.21251833089918593
18642,-0.34790600018968176
18643,0.02151000532260728
18646,0.06747060031697227
18647,0.28069034972256457
18648,-0.08174583013435718
18654,0.12616073108946238
18655,-0.05316390486750572
18663,0.4365643509089888
18667,0.01865967129420775
18670,0.1429911379844319
18671,0.5524171159533751
18673,-0.26915930647942443
18674,-0.21046594787204165
18675,1.3834524280278555
18676,-0.06129739240954781
18679,0.05181855369589232
18685,-0.17481375157506657
18693,-0.07328485994234041
18700,-0.01337029799228015
18701,-0.13049567210598914
18703,0.6119275713184029
18704,0.16232773705647274
18705,0.06739117382275878
18706,0.23212752083465144
18707,-0.1473870813891804
18708,0.4152805212014716
18710,0.14019504331455457
18711,-0.5752843115838118
18712,0.08324023330478485
18715,-0.3899601290375313
18716,0.4087916660809795
18717,0.2223458751305711
18718,0.2718158809693686
18720,-0.10120652688856394
18736,0.2201945729647928
18738,-0.05016136054422521
18739,-0.0144492571112194
18740,-0.1218235407172958
18741,0.2719549032009867
18742,-0.35044555143101974
18744,0.02693355316762088
18746,0.05366953693950137
18747,0.7777425468332311
18749,-0.00738972399279399
18750,0.14572098580694548
18751,0.00390629591439833
18752,0.4424947579901944
18753,0.101312567305806
18754,0.33151309013387675
18755,-0.01331382496124418
18759,-0.2013330177071469
18760,-1.2149717376319955
18761,0.04524705689816458
18762,0.2387514202426514
18763,0.04162586531210165
18764,-0.01905268904732053
18766,-0.04767712904256569
18767,0.4349200419035319
18768,0.05213559669953399
18769,2.913845465649517e-4
18770,0.5600900746652009
18771,0.01679577752816147
18772,-0.2108813753701394
18777,-0.37893180327104
18778,0.1400078219007823
18779,0.09836046716093762
18781,-0.8492453175819594
18782,-0.21931809347844067
18783,-0.11712991508726528
18784,-0.05934331367011996
18786,-0.1785720519130607
18787,0.36062535495978915
18788,-0.22202253256572185
18789,-0.07180369775315988
18791,0.666810743407727
18792,0.8996166781832682
18793,-0.19403411989157193
18795,0.00594322940385975
18796,0.8629158532464707
18797,0.29126081174665663
18798,-0.2544613953879141
18799,0.07805912505045734
18802,-0.06327687064860815
18803,0.11937925704990988
18805,-0.6023060387982491
18806,0.1150725667349736
18807,0.08913026993963619
18810,0.03785767355265299
18813,-0.11338186153665004
18815,0.13434195851832295
18816,-0.5196833030633159
18817,-1.205825116381669
18821,-0.0601821615143978
18822,0.4353145422359624
18823,0.1319581676561718
18824,-0.06092311379329578
18826,0.0841673659060834
18830,0.05177755387542808
18843,-0.21471678918299603
18845,0.40244290746291533
18854,-0.01688609993965888
18857,0.12332804673866012
18858,0.02797188478192132
18861,-0.11877703569353332
18933,0.3398383622648156
18935,0.4179250546977886
18938,-0.2091708732761571
18946,1.258047109776606
18948,0.48448352235952685
18949,-0.30165526451374697
18951,0.04268959386802584
18952,0.12311853729827184
18968,-0.36791186095689365
18969,0.01396005633373073
18970,-0.24750904439866112
18971,0.00140355661073889
18972,-0.07391551660514267
18973,0.24710306718180652
18974,-0.13824542549871072
18975,0.00622499309145279
18976,-0.5314242570728996
18979,0.02224485678992884
18983,-0.04986729627762135
18984,-0.14944996952594009
18985,-0.01368093715847933
18986,0.01667671599005067
18987,0.05186012974577518
18991,0.547758476721719
18992,0.15074278937077565
18993,0.20555987221822303
18994,0.4809860881702347
18996,-0.19523694669813196
18997,-0.6632279657160589
18998,0.17332721489446093
19009,0.1158870909948182
19011,-0.2850372816749468
19012,0.5865560097727269
19013,0.15217309029945564
19014,0.07636574225571878
19015,0.08579445812389892
19016,0.00396161789450897
19017,-0.04009433312836093
19018,-0.05437710933002147
19023,0.35311786694892633
19024,0.02568655876031404
19025,-0.00294986826535611
19027,-0.19340058435421223
19035,-0.11483081513709335
19038,-0.3162815395166419
19039,0.14764727122432103
19042,0.03868971314764214
19043,0.02536223610225194
19045,-0.03845490439654829
19046,0.16134458339161908
19047,-0.14827849881077773
19049,-0.1713360699684069
19051,-0.00273307430081881
19052,-0.14880767962122826
19055,0.11459342469391924
19056,-0.18733269117218665
19057,-0.26686924110122134
19058,-0.13703274322903763
19059,0.4141632853042089
19060,-0.5600776892579323
19062,-0.01870443283040729
19063,-0.03497341679234053
19064,-0.4979366668207728
19069,-0.22394534040120903
19072,0.08279234998260886
19073,-0.0057503215765303
19074,0.19688437011993004
19075,-0.122525625910813
19079,0.3346752393203993
19082,-0.28864967969410416
19084,-0.0107401592590724
19085,-0.7763508347749037
19087,0.8722140952233229
19088,0.12030570840929336
19089,-0.00577801291270756
19090,-0.07068460999449823
19091,0.15288606693415485
19092,0.04074657029352084
19094,0.06935262911436563
19099,0.27658439579335103
19106,-0.08640559091212036
19108,0.27360861910562095
19109,-0.6427173854368874
19116,-0.919938403831632
19119,0.25006445545107786
19120,-0.273336182818457
19122,0.5353084707281943
19123,0.11651791635105124
19124,-0.09248978565746677
19126,-0.0386938979116162
19127,-0.21729794352179113
19128,0.3227803475973693
19130,-0.3726501461222997
19132,0.08651510651087788
19133,0.2381674799989995
19134,0.21640873080609416
19139,0.0711461299917876
19141,0.12616867681090568
19142,0.10661602252523232
19143,0.07124188926477634
19144,0.24197921213599843
19146,0.4875251174658215
19152,-0.0581202548697013
19153,-0.20352314194208407
19155,0.10894029855496892
19156,0.14617069303284624
19157,-0.02241824423566696
19158,-0.02809709987680539
19159,0.10823103302385616
19164,-0.14273146195271386
19165,-0.04581461821440231
19167,-0.11063398382988324
19170,-0.11629354107033536
19171,-0.03378047318482814
19172,-0.10621030205404476
19173,-0.03493195894767261
19175,-0.08223639276423216
19177,-0.17840912574969095
19179,-0.006616998811152
19181,-0.20689899620307783
19182,-0.02736050022773573
19183,-0.21882151156780943
19184,-0.08995925957256315
19185,0.0956499668328697
19186,-0.02970250794094923
19188,0.00976031263596197
19192,0.2597270659296968
19193,-0.0674490857641949
19194,0.23628748856550016
19197,-0.00556360562513048
19201,0.2242213699427152
19204,-0.19830039949357117
19206,0.05188937831226888
19207,-0.06179167171428724
19208,0.01676149143001335
19210,-0.09345371635996996
19211,0.1738168866761416
19212,0.283037278687909
19213,-0.00147134103287973
19214,-0.1555837006805677
19215,-0.07050793321805326
19216,0.07219594683624551
19218,-0.30073140003193166
19219,-0.03805445213934329
19220,-0.8831985467948782
19221,0.11093951488212904
19222,0.18148482767794555
19223,0.4909041350207389
19224,0.11267731450058328
19225,0.2349764091719968
19226,0.20217264440282529
19227,-0.09695202135686588
19228,-0.3744600944916456
19229,-0.00542519041200545
19230,0.2478972382938087
19242,-1.437466885195025
19243,-0.09949816943713471
19244,0.07166576866244201
19245,0.1595174238875941
19246,0.03319003613673767
19247,0.10949974336892884
19248,0.2229589572079321
19249,-0.9759333547982684
19250,0.30428371347461525
19252,0.45726482604651386
19253,-0.01972522431668147
19255,-0.24685794286481233
19258,0.27572043942459745
19259,0.2799642511813258
19260,-0.21143364753961943
19261,-0.00517198228469639
19262,-0.07181042663117873
19263,-0.28165570432711573
19264,-0.01640795414903883
19265,-0.1127587584711548
19267,0.02917492934913245
19268,-0.930870623966242
19270,0.11003886415614252
19271,0.3481289261018179
19272,0.14050410831181015
19273,-0.4451196609742338
19274,0.45643966341244346
19276,0.5059009647988149
19277,0.1052566307500985
19279,-0.3674238579438358
19280,-0.01268348313463013
19281,-0.4112927195707222
19283,0.2171389682907867
19285,0.1210323247551327
19286,-0.24005071021717728
19288,1.445876462308171
19289,0.08141543710962895
19290,-0.03906848894840574
19291,0.0136827475881081
19293,0.6830715449333921
19294,0.2857748965342142
19298,0.09487389303959202
19299,-0.18504092093937188
19300,-0.0823873113105862
19302,-0.10092550560739606
19303,0.22857961453154765
19305,-0.10344578226429824
19309,0.5765457706514471
19317,0.1546419742420245
19324,-0.09023337599274923
19325,0.04737902927333226
19326,0.0276852484517038
19328,-0.05428444096217955
19329,-0.01305509699880091
19330,0.00381014799273686
19331,-0.11354944958664198
19332,0.0752941900702079
19334,0.22284868536356917
19335,-0.02104930211600637
19336,0.22110536053209431
19337,-0.6593820435740827
19338,-0.1791964065411371
19339,-0.1376390736469743
19340,-0.14922326838163918
19341,-0.23361300506512064
19344,-0.09987771383237508
19345,0.01132135710100113
19346,0.17088016267453504
19347,0.14754571784843623
19348,-0.7838248271053551
19349,0.14113345013241643
19352,-0.36597055910102294
19353,0.01944716752742101
19354,-0.032271176043126903
19355,-0.1381922087812164
19356,-0.34991026418905613
19357,0.01425079007806214
19358,0.3241371046290769
19359,-0.4476923242932702
19360,0.11959169695623162
19361,0.13407929188245027
19362,-0.49033032139554145
19363,0.10703192244686488
19364,-0.4732942581658335
19365,-0.26095644237933435
19366,0.1628133557459799
19367,-0.03925442190600195
19373,-0.0235745801172207
19374,0.3300751992479037
19376,-0.07386933224612999
19377,-0.16811944266077844
19378,0.7066034139672162
19383,0.1430933049859393
19384,-0.06277331016367976
19385,-0.1663010606595305
19386,0.03271049029915057
19387,0.16797281565994376
19395,0.11417144321594912
19400,-0.11711130874943418
19401,0.01867938039355357
19411,-0.05665562250959834
19414,0.01110512896252046
19416,-0.27183291550454647
19417,-0.17056790965897017
19419,-0.1261595778569063
19434,0.33117299803180444
19645,0.18792986068794684
19646,-0.03075381317793351
19647,-0.09612112550054018
19649,0.23193646144366417
19650,-0.13405851637474708
19651,-0.14562440009490796
19652,-0.18389254613932715
19653,-0.03310946660320001
19654,-0.01322058727403171
19655,-0.03333537785050813
19656,-0.14384972092194503
19659,0.9603814422699926
19660,-0.5482140976626807
19661,-0.1561509948591227
19662,-1.3470384875965498
19663,-0.07072575542353343
19664,0.19172523264582028
19668,0.4265565638857033
19671,-0.08261265593327222
19672,0.01966031435386528
19674,0.11987784263532852
19679,0.15178598208638827
19684,0.08089661006422116
19687,-0.03865689301081878
19691,-0.12867958550537467
19692,0.0548922103669124
19693,0.4674834255357613
19694,0.23686526699522584
19696,0.06588707660662566
19697,0.00100444052676548
19698,-0.02102143333196387
19699,0.16841402143088563
19700,0.6391698522583784
19701,0.0818420589083028
19703,0.01641424512332906
19707,0.14040388199249915
19708,-0.02730161058181145
19711,0.23979422353923208
19712,0.06976526093622656
19713,-0.2874975308498158
19714,-0.10465214482539302
19718,-0.10695581958411304
19719,-0.1478560889681216
19720,-0.09555130531721157
19724,0.01261510233084634
19725,1.0114596739782389
19726,0.1040134083794788
19727,-0.1045758380160452
19729,-0.16841293344350966
19730,-0.06434633031360501
19731,0.0240598212605665
19732,-0.0927780708259652
19733,0.10236659735228108
19734,0.5090487192215446
19735,-0.06583869408229616
19736,-0.14665037362504085
19737,0.601103602499065
19739,-0.3119659735809015
19743,0.18132015064383253
19744,-0.39769952485316473
19752,0.09573652560683812
19762,0.4353580420623379
19763,-0.26512452361936767
19765,0.17348988704292345
19766,-0.05317507271400409
19769,-0.0741293726160436
19771,-0.18677684178941645
19773,-0.4225068646565054
19775,0.03327601566513483
19777,-0.02870935126615986
19820,0.24915302388246363
19821,-0.16224973258285522
19822,0.08198736268290496
19823,-0.03311906441718693
19824,0.2582902942256528
19826,0.03854497466390612
19876,0.5371596015696879
19877,0.09628144643089274
19878,0.01938295472967668
19879,-0.4100773679205995
19881,-0.11201601124948912
19882,-0.19704728128544427
19883,-0.04170788678315686
19885,-0.1770162082374161
19886,-0.2265698214877482
19888,0.4415826756812624
19889,0.15156491080230847
19891,-0.11876993139101684
19892,0.320222398975554
19893,-0.5223609862445309
19894,0.1193518497529262
19895,-0.1910579982023246
19896,-0.0570582368473103
19933,-0.00759888492174729
19934,-0.07398242113668055
19935,-0.1635390884175817
19942,-0.02400094856542047
19943,-0.0274630505809915
19946,0.1205831667179828
19951,-0.05652217028851572
19981,-0.04443659312080211
20014,-0.07605985992028033
20016,-0.14025231683673728
20017,0.05324075145264757
20018,-0.17461559770491647
20019,0.00169240365253986
20020,0.2565449919689256
20021,-0.05602376589079104
20024,-0.10127524152548424
20028,-0.4024655076472448
20042,0.02765728678634216
20044,-0.05998901542545984
20055,-0.06741999781159808
20103,-0.06913835943954436
20111,-0.02936081323916347
20112,0.0914044205388832
20129,-0.5896137764972551
20130,-0.05437450705455986
20132,-0.2538287695829314
20147,-0.0820060994169702
20148,0.06739821179110009
20163,0.12375585492418568
20166,-0.08763630287029225
20167,0.5088162655987992
20168,0.21881075761226457
20170,-0.02088061991175743
20174,-0.01767977956546872
20181,0.18207054254747856
20182,-0.1193357668794358
20183,-0.0769211229197428
20184,0.5730673025944637
20185,0.17833362865434432
20186,-0.04854951209294766
20190,-0.2761812336694522
20191,0.5116397592254753
20192,-0.12192930478096337
20193,0.00941454679068504
20194,0.08162861586160741
20196,0.09605337194532484
20197,-0.16035191448542774
20198,-0.11860474580502996
20199,0.12408362013462944
20200,-0.04451572434248718
20201,-0.06024549433669071
20202,-0.04662123901786242
20203,-1.5329168772935762
20204,-0.1776076624674594
20211,0.07341844250431323
20215,0.21022416952713008
20216,-0.17199567415149702
20218,0.01174573538731002
20222,-0.00683574041012385
20224,-0.09876093894693087
20226,-0.00805776193034976
20227,0.08570290792167745
20230,0.07378324433908261
20231,0.0650654764018363
20238,0.32303328587422087
20239,-0.0181560875642642
20248,0.2904740817772139
20249,0.04384784262331782
20254,-0.2460768553659814
20255,0.27841801777762326
20256,0.10354299817236616
20257,-0.06101973962085223
20259,-0.1886245035852361
20262,-0.18857137888662104
20264,0.10385411328224316
20265,0.10160687049285198
20266,0.16503811074574123
20269,-0.11032804757622114
20271,0.13242451774271816
20272,0.4274813287591577
20273,-0.13290953869131666
20274,0.06649161775010898
20276,0.2026651810498874
20277,-0.349761418221589
20278,0.07340561931901414
20280,-0.08768907602196581
20284,-0.497325083219575
20286,0.11053220611945944
20287,0.655645099713954
20288,0.4482052387557355
20290,0.4598733343385118
20292,0.433746586789948
20293,-0.4112069218249278
20296,-0.18307230007671088
20297,-0.28868517782356573
20299,0.15100318282741143
20300,0.00477986100136657
20303,0.1270720864223168
20306,0.18302613756500283
20311,-0.42111311693331177
20316,0.01739194720131684
20317,-0.01296597107065042
20318,-0.07926514498768215
20319,0.35319931888563405
20321,-0.15144195194819993
20322,0.08310482496745544
20324,0.06142255758258529
20334,0.07884274854250431
20336,0.3388140339303749
20338,-0.0264534630553448
20339,-1.245295631829183
20340,0.05655579363643036
20343,-0.11262379756495224
20344,0.04578634709202985
20345,-0.15108861352428
20346,0.22094434113402384
20347,-0.5328808245415684
20348,-0.5419793152405692
20350,0.4914818765686741
20351,-0.0405782131015493
20352,-0.15187229508602618
20353,-0.05439926529162949
20354,-0.03769500499526927
20355,0.25814360847619616
20356,-0.0407451019934702
20357,0.5656425132251843
20358,0.28920433195085665
20359,0.1683084620144601
20360,0.3955383770537777
20361,-0.1931166768432801
20362,0.5376793354269244
20363,0.00752457394565236
20364,0.02434719395002611
20370,1.033655510388476
20371,-0.0249146696595201
20377,0.3800610426948052
20378,0.658140147230197
20379,0.7651285071769561
20382,0.07479052806139494
20383,-0.07115175712514848
20384,0.03599661644491084
20387,-0.03181247941551084
20388,-0.42571016350563146
20389,-0.22272086158590385
20390,0.06095686214213704
20391,-0.00252513875974147
20392,0.09038050551820356
20393,-0.2087640078186333
20397,-0.03688849939772793
20399,0.1969438157967404
20400,-0.2995955689695765
20401,0.3226973428864387
20402,0.06647329989120074
20403,-0.04328111679340085
20404,-0.00657047545825843
20405,-0.00593888213975804
20408,0.4647910962963413
20409,-0.11895481022234822
20410,-0.17209604487156746
20415,0.299657687082756
20416,-0.0013020458819083
20418,0.0706209350654157
20419,-0.48716545865906946
20422,-0.05904263525835274
20423,0.07104345200767535
20425,0.6275305837613618
20429,-0.1815023967141874
20430,0.02924680692498732
20437,-0.0739763428822266
20439,-0.4060046555325965
20440,-0.09282223683018764
20441,0.05611184751539972
20442,0.17118655605415678
20443,0.01514046114560609
20444,0.2640171524218084
20445,-0.268257053795178
20447,-0.13699698082451126
20448,0.07568272299436066
20449,-0.04921714796771156
20450,0.06965419327412434
20451,0.46087144752589826
20452,-0.16148233024894149
20460,0.7723520890055741
20462,-0.3341487543984988
20463,-0.05171807303814275
20464,-0.6128342688047086
20465,-0.04432505798234459
20466,0.03370690598533125
20467,0.08169168471570225
20469,-0.06150030039773528
20471,-0.09376959130772106
20472,0.7454074357867109
20473,0.24978787724591067
20474,-0.05706778976879129
20475,0.4564526456184221
20476,0.16500845286530355
20479,-0.00833636938758789
20480,-0.05009362888539882
20481,0.45916991862897755
20482,-0.22232317474396393
20491,-0.10590739863409188
20492,0.04230767922136064
20493,-0.11345327391021127
20494,-0.20156350475298157
20495,-0.232738978168082
20496,-0.15989394879464633
20497,-0.05272814033031302
20498,-0.23060420787199412
20499,-0.02131051756568189
20500,0.39565742712425034
20501,-0.3623154217766144
20502,-0.03885355278008094
20503,-0.00651547752960419
20504,-0.07767167665408901
20505,0.44997549050231306
20509,-0.00664718241463165
20510,0.139955434664456
20511,-0.4869331600747846
20512,0.172808573276689
20513,0.0068946202903215
20514,-0.02712306690609435
20515,-0.1021739650144294
20516,-0.33888108690097596
20517,-0.04103641603944087
20518,-0.2339507075920888
20520,0.01223404859445353
20521,-0.1530802854521734
20522,-0.04434797554086026
20523,-0.29605658342576435
20524,-0.1346335288741133
20525,-0.17376690484667895
20526,0.8035967051229131
20527,0.19839543749865035
20528,0.299431060443313
20529,0.36636428800551674
20530,0.2416423622666537
20532,-0.23034371053398373
20533,0.3531025374232003
20534,-0.03490377030743667
20535,0.01765077423669196
20536,-0.7688229565925392
20537,0.32329056657095756
20538,-0.7703167416891921
20539,0.5678242776132946
20540,0.2171951344165649
20541,0.03097281014282053
20544,0.01611028286656719
20562,0.07093066344956558
20563,-0.256205896303097
20564,-0.2754688253494709
20568,-0.05499014044756215
20583,0.07152909381107167
20585,-0.11312065946454088
20586,0.01112509752191568
20587,-0.15488894254605726
20588,0.08237158031624495
20589,-0.22032431749072975
20591,0.11815659030929944
20592,0.7051304473909806
20597,0.02671622964838329
20598,-0.5339355928831626
20602,0.3027758491888089
20604,0.26637760153031076
20605,0.47960002947020264
20606,0.402124769238575
20607,-0.15962729505770992
20609,-0.06655446459585003
20612,0.07128276357190495
20613,-0.5356252783081137
20614,0.02262534807130407
20615,-0.15182063157925535
20616,-0.34905313181317243
20617,0.06508232504146881
20618,-0.10053063840924424
20619,0.08045928273836511
20620,-0.16473842554013968
20621,-0.03077830352573082
20623,0.06421675138254423
20624,0.04705518924520077
20630,-0.20299739742214015
20637,0.09630341663543315
20638,0.07611048944908214
20639,-0.08272035919742889
20641,-0.15833378716893842
20643,-0.1643681634119843
20646,-0.16199072160557076
20648,0.05104210328463044
20649,-0.07459345950567527
20650,0.2934952052135871
20652,0.3367950588409559
20655,0.01620720014784951
20656,0.06231871289885269
20657,-0.5949833100947035
20658,-0.11700511424101552
20660,-0.03645008321996232
20661,0.3770387323147356
20662,0.37497222292866184
20663,-0.09109019994947468
20664,0.05754535540617526
20665,0.05318586918999797
20666,0.5265595410805756
20667,-0.6819744828680846
20668,-0.19864500291111176
20669,0.15660977613458965
20670,0.1868169436375342
20671,-1.6618449277542788e-4
20672,-0.6009481705447313
20674,-0.7785049318357886
20675,-0.21989992276821577
20677,0.34835254775367774
20678,0.08325987104885241
20679,1.1886073573355564
20680,-0.240110567679549
20681,0.9409305486749936
20682,-0.2747802389637881
20683,0.19566052336137685
20686,-0.1307665682299688
20687,-0.7210719263988034
20688,-0.04037275197222988
20689,0.355652518603731
20692,-0.5775131440515808
20698,0.0857936739222442
20713,-0.47639295513400726
20719,0.08195265235204593
20723,-0.1442495301788135
20724,0.1463626871610134
20725,0.14467502074139496
20728,0.03752757158567815
20729,-0.20684748620746385
20731,-0.4479416203061597
20732,0.16360734769676313
20733,-0.07983158756504224
20737,0.04546961586517596
20739,0.2913616542135768
20740,0.11258022624918508
20741,0.8337024928787296
20742,0.1031434686479404
20743,-0.14837248456343763
20744,-0.01409424864547936
20745,0.8471550671350324
20747,0.15550032539871125
20750,-0.7805665381376492
20751,-0.03840833596486266
20754,0.04549677483099014
20768,0.6452577961022004
20773,-0.01038289500605393
20775,0.15657896227408985
20776,-0.21810016724368153
20778,0.01654672487577459
20779,-0.23140828674853345
20787,0.19160479657618495
20788,-0.1713411855749512
20807,-0.10748231174522184
20810,0.00874309132474962
20811,0.06464316631140231
20813,0.03759538693198747
20815,-0.02429748917114341
20817,-0.11721248786346086
20818,-0.4360100823063384
20821,-0.10897296514963942
20822,0.25789739425631936
20823,-0.11017112194072529
20826,0.1245603561974775
20832,-0.05490129141760751
20833,-0.00379565730268882
20834,0.5176044847415194
20840,-0.08624200993696401
20841,0.04863933486282276
20842,-0.03906957088474229
20843,-0.15446409449316936
20844,0.01651192330112936
20845,-0.12816786973099023
20846,0.2593141836380769
20847,0.07408890426615003
20848,0.1306742694486511
20849,-0.0667122729359029
20850,0.1108702774746136
20851,-0.08170617900832225
20852,0.08030191155480684
20853,-0.17334233446624644
20855,0.03800436203630172
20860,0.11673207004154612
20866,-0.03168796248509503
20867,0.3240584450108286
20869,0.25049522657108214
20872,-0.21171208570684408
20873,-0.05214619650272345
20874,0.17795587535757218
20877,1.4486359738757026
20878,-0.2626003941236628
20888,-0.22483740563207427
20890,0.10966421433733543
20892,-0.20731210938738764
20897,0.8313967286885546
20899,0.1881200685882871
20901,-0.11954776518177176
20907,-0.3842373806009722
20908,-0.28433637943194306
20909,-0.05762347046109467
20910,-0.5302575725867027
20911,-0.05713443188511556
20912,-0.15668532134357296
20913,0.5473535569788863
20916,-0.2086339985855401
20917,-0.24763587227055872
20922,0.05998050519304449
20924,0.072951671004399
20926,0.2049693811188308
20927,0.09044792094644812
20928,0.2955201787154206
20930,-0.05702444126524231
20931,0.02285222057392055
20932,-0.1294591121140866
20935,-0.10556246728774256
20937,-0.17433272978843964
20947,0.10514692595716248
20957,0.1504049362989448
20962,0.05377166883812624
20963,-0.05775235684503339
20964,0.43577734668895673
20969,-0.6121944852963276
20970,-0.02391455957126891
20971,-0.4325129547730109
20972,0.04361175458407857
20973,-0.03453458247806596
20974,-0.47289996354018615
20975,-0.07858689356552936
20977,0.0055159999911523
20979,-0.2072019930923692
20980,-0.143318785430228
20981,0.2329609953548586
20983,0.5906996147773234
20997,-1.1174133368607455
21333,0.14606384459388186
21334,0.6525826872634357
21335,-0.07138844247535951
21336,-0.2523573754367435
21337,0.04161325623860412
21338,0.06662511634409482
21339,-0.02834164776175127
21340,-0.0129935280372789
21343,-0.15018221303218415
21345,0.1093834083268043
21346,0.0798412373357851
21349,0.08836007649587267
21350,0.6054722108474252
21351,0.09132136219313768
21353,0.09835031195953936
21355,0.09539162916629355
21356,0.08207634959114699
21357,-0.1145944299200501
21366,0.09039090671553504
21367,0.34523623345825216
21371,-0.28385752445898393
21372,0.01285201067887758
21374,-0.24992071104106756
21375,-0.7180627969846238
21376,-0.13063212553970455
21379,-0.2118584968298223
21380,-0.10776518067618568
21384,0.779164236064537
21385,-0.2104132217235274
21386,0.6379755783603336
21387,0.5564801336885447
21388,-0.3583470356208299
21389,0.10590569740704844
21390,-0.18579054458791203
21391,0.16226278504056818
21393,0.21996267455135035
21399,0.12512444286501676
21400,0.06093060042231804
21401,-0.299710120701015
21402,0.1209490438433926
21405,-0.35096437614414067
21406,-0.0075964836768621
21407,0.02512154078624189
21408,-0.30798788303348656
21410,-0.01876992010764377
21411,0.05636264424557338
21412,0.7583760956756956
21413,0.24179539635608477
21414,0.04867182689826799
21415,-0.0217749470602689
21416,-0.17129345289363518
21417,0.06029290967483008
21418,0.7386864340257113
21419,-0.6375937611438214
21420,0.17834857834411444
21422,0.4559233218421169
21423,-0.03509826782944864
21425,-0.03908832366060715
21426,-0.6250179199799604
21427,-0.1060827412496462
21428,-0.2371079947412468
21429,-0.00905700451997361
21432,-0.3635317689927637
21452,0.12381095278423102
21453,0.04202833754047594
21454,0.01295610841302368
21463,0.01172206688695709
21645,0.7307899027730194
21652,-0.15225628298146093
21664,-0.7052502126830678
21667,-0.4466879788952526
21672,0.0706289437043365
21673,-0.21982240667053515
21676,0.6915110735913825
21677,-0.16504219723890562
21678,0.17730153302350313
21679,0.30207331279756455
21681,-0.13042245488205595
21682,-0.13427062508853133
21683,-0.34788109819384244
21684,0.6622841303703721
21685,-0.12726087537480055
21687,-0.39220664154383744
21689,0.392332036062967
21744,0.7089335522592825
21745,-0.0923653214044342
21749,-0.2467912208443968
21750,-0.1084626816126324
21752,0.36961110243898543
21753,-0.13655480281991578
21754,-0.07042971151856496
21761,-0.02222418091892515
21762,-0.0727922738045845
21763,0.1262554039651312
21766,-0.12778933617644692
21767,-0.09104109551409456
21769,0.10413665665332984
21770,-0.04453299448743532
21771,-0.00880524258023668
21778,-0.4965208718679307
21780,-0.03846324208269948
21781,-0.29315721869726363
21784,0.0792693091244491
21785,-0.2869492178287484
21786,0.5130354329759138
21787,-0.11143029259337404
21788,0.206279221871792
21789,-0.17066616178504418
21802,-0.2525221182100012
21803,-0.15958510202283976
21804,0.1918993397287353
21807,-0.00731472984647529
21808,-0.5867756487046207
21809,-0.27854061530821234
21810,0.05583129520788613
21812,-0.2279579059599888
21813,-0.0095768167863986
21814,0.01214429274568989
21815,-0.03384057686583242
21816,0.08686665835658308
21817,0.25505578589017375
21818,-0.03038279933648854
21819,0.25161674439877857
21821,-0.25158611894766103
21823,0.1354655405526672
21824,-0.306005784715805
21825,0.21649025314251513
21826,-0.1511353330770237
21827,0.03594103205203827
21828,-0.49696744816212535
21830,0.2467627535041117
21832,0.6146787870980288
21833,-0.3451716828426058
21834,0.31764032446432017
21835,-0.05967543780659263
21838,-0.03782765476996531
21841,-0.3230909495145299
21843,0.0382299916232848
21844,-0.23648575628449095
21846,-0.38095119403074906
21847,0.04405082624697725
21848,0.04135691223816953
21849,0.16139157598823853
21853,-0.1386855515543024
21854,-0.20649037164057948
21855,0.01470694526535845
21856,-0.12629737608079475
21857,-0.0680574195649112
21858,-0.2483475968477336
21859,-0.6425569553599909
21869,0.12769113096665907
21871,0.07352064412068006
21872,-0.03241636545407779
21873,0.5474527967495729
21877,-0.3965959474797543
21881,0.00175544001507325
21884,0.19953531184012513
21885,0.07240129894849938
21886,-0.09176119147160848
21887,0.0624717441419117
21888,-0.3237424006443774
21892,0.5909906668483588
21894,0.17324336892550404
21897,-0.01174776036320879
21898,-0.24226822576388865
21899,-0.18856043051698304
21906,0.23424138596272495
21907,0.19927400510393947
21909,0.4326578176603916
21912,-0.5757807455072178
21915,-0.11720964260219024
21917,-0.20016127303680803
21923,-0.22990843135541375
21925,0.38651414798677286
21926,-0.7422888439957547
21927,-0.09708165232722796
21928,-2.1146592954301036e-4
21929,-0.0492461230659235
21930,0.5761947286286719
21933,-0.6015184152885187
21934,0.4996373575799439
21935,0.08872873836556555
21936,-0.23580602742560275
21937,-0.07290412006879118
21938,0.34767658066178964
21939,-0.2935712213079532
21940,0.19518060198080828
21941,0.28225347851494065
21942,0.10273417873967808
21943,-0.3073987074101872
21944,0.2927444480270095
21945,-0.02764457846832273
21946,-0.05438448849986886
21947,-0.17934381735714974
21948,-0.1033239924088869
21949,0.07945903284599751
21951,0.08259533534389726
21952,0.47674669911999
21953,-0.14193573430863274
21954,0.12343975913690254
21955,0.05216903756404179
21956,0.06277748158564961
21957,-0.03889062436586862
21958,0.1675312278410644
21959,1.3829759960185617
21960,0.10424567697623112
21961,0.30790303826430565
21968,0.45810286744101386
21969,0.072509091112607
21973,0.5184151244269953
21974,-0.06161767552441565
21975,0.08597811786312652
21976,-0.09612304235184202
21981,0.0804172296404052
21982,-0.19768462416650104
21983,0.15563434053410835
21985,-0.09727839067853838
21987,-0.6107903361157938
21990,0.03420910203777412
21991,-0.03507639181923035
22004,0.3204475383284616
22017,-0.6913601676686636
22018,0.16706222840446475
22019,-0.06970578220858914
22021,-0.7269109515124956
22022,0.02534721433810875
22024,-0.601729830337955
22025,-0.2265806464854272
22026,-0.01682216780463905
22027,-0.06717237679928713
22029,0.15424338703656074
22030,-0.04641950580917209
22031,-0.05709409316840391
22032,-0.26847440070246475
22034,0.09406222798758276
22035,-0.3476494721967055
22038,-0.05985732704292049
22040,-0.00468193061146999
22041,0.12480611993935777
22042,0.06394833415208014
22044,0.45491917630845913
22045,-0.12330119669161448
22051,-0.12593852805227335
22057,-0.1612594573608237
22059,0.4541030101995327
22061,0.06728051657566286
22062,0.21172387121592817
22063,0.22082970992903697
22065,0.35306322334402795
22066,0.5830804813003182
22068,0.2472122652007469
22070,0.01266134347932133
22083,0.1005292968443459
22084,0.10941753733283792
22088,0.06877240363351043
22092,0.43994784504047185
22094,0.5205371582466675
22095,0.15118301163020698
22099,0.00578145903555878
22110,0.14677533207434065
22113,0.20109470551908748
22114,0.3851643842032827
22116,-0.07662862922009067
22117,0.616971123827605
22121,-0.25552194050697485
22122,-0.17849236216240622
22123,-0.02567419896478826
22129,-0.03818219149119609
22130,-0.399085689827438
22134,0.06226712981890586
22137,0.6557338812209667
22138,-0.08735433045953805
22141,0.7322251483682156
22143,-0.05049443699734562
22145,0.12273644048770868
22146,0.0822389176482909
22152,-0.4628411532930571
22153,-0.1127261121942476
22154,-0.07575985004577632
22156,-0.15856361259780016
22157,0.11996140638487114
22160,0.10176819732476064
22163,0.2008051801138691
22165,-0.09047635657902985
22166,-0.18725875389653668
22169,0.0926413122797986
22171,-0.5164967364221871
22173,-0.37464587885194855
22174,-0.5073397132231146
22177,-0.06373704448679332
22178,0.0218678709180176
22184,0.2896225075864409
22185,-0.2751590263913042
22186,0.00187806224728612
22190,0.05897441245602326
22192,0.19393543234991745
22193,0.06537312868407766
22194,-0.1416597577725261
22195,-0.03582903566026677
22196,-0.1019663824341832
22200,0.05619437526810618
22201,0.11409558163383592
22209,-0.3913454166239379
22210,0.02208927036591389
22213,0.32448587991586325
22214,0.5203042302794249
22215,0.06791755783765932
22217,-0.06183811368842594
22218,-0.14555877406587356
22221,0.32562909693799513
22222,-0.5360412997474301
22223,-0.07654102920206476
22224,-0.04300093565011637
22225,-0.00137044936741339
22226,0.26448473692677416
22228,0.22110493685041208
22229,0.17010474995530703
22230,0.02646335987592233
22232,-0.13184292464561964
22234,0.09955117585281252
22235,-0.04152902768337484
22239,0.5182391201689821
22241,-0.07874166993240378
22242,0.2643196211031297
22245,-0.19987176561653572
22247,-0.1693323828591866
22248,-0.14442244483588174
22249,-0.5094955556799224
22253,0.12633520087196076
22255,0.00929652568679113
22256,0.03955910123385332
22258,0.17887808632568838
22259,-0.24264062854415325
22260,0.14318249648570258
22268,0.21618351640595335
22269,-0.13629951852825078
22270,-0.03166756231616706
22271,0.00744189449998579
22272,0.00777726573791396
22273,0.01660284591535915
22275,0.13691865501532408
22276,0.0399564775546977
22278,-0.07303075799264007
22282,-0.16729860119231404
22283,0.5102564822467365
22284,-0.05353743475115023
22286,-0.13246108017745695
22287,0.5785145011866053
22288,0.2531751976597624
22289,0.18716721190450797
22293,0.2057275778828583
22294,-0.0607289572240157
22295,0.3231323527159501
22317,-0.04387226244039646
22318,-0.0692318933260732
22319,0.11108352144632068
22320,-0.11780672345925404
22321,0.07923109334213713
22323,0.04011414717674443
22324,0.00238929713338109
22325,-0.12095753452791144
22326,-0.7235317598729605
22327,0.1623560704780484
22329,0.46418805885399345
22330,0.40310225695660534
22334,0.00277017296466776
22335,-0.00984493967945084
22337,0.2170937220126773
22339,-0.4554892648640406
22341,0.292528989059763
22342,-0.2896029307463448
22343,-0.34791516685782337
22344,0.02708302254535052
22346,-0.02060109496445219
22348,0.5987417695810339
22349,-0.20703152612534195
22350,0.0434851787748767
22351,-0.2356429638162373
22352,-0.06584933646966964
22353,0.15565651360235477
22354,-0.17318983258607967
22355,0.14076680781844553
22359,-0.2665463992354922
22360,-0.06514887031507169
22364,-0.1529033596425366
22365,-0.33247880315027156
22367,0.13995574049196396
22368,-0.01552517084796533
22371,0.3029241388167161
22375,-0.06468936612224507
22376,0.01855017187241973
22377,0.01747112910643434
22378,0.16892764801836252
22379,-0.16761362930595936
22380,-0.1972314467556425
22381,-0.26609789075942003
22384,-0.08248415056046354
22385,-0.3766374145209238
22388,0.00125852582814103
22390,0.2670754979856422
22401,-0.02168628419352161
22403,-0.19133004706124737
22408,0.07408044597313652
22409,-0.553148002793493
22410,-0.1566394949832878
22412,0.11697927886935332
22413,0.34426152210681416
22414,0.2083961303776522
22415,-0.02376944441990042
22416,0.12158346322431884
22417,-0.13868464066926178
22418,0.18261956403088897
22419,-0.0834720357586639
22420,-0.5002900220023674
22421,0.19753323052637448
22422,0.24793851511566395
22423,-0.2500493043574453
22427,0.1421169411531843
22428,-0.04646010005687757
22431,0.02338090594600539
22433,-0.07883832262090074
22436,-0.3575980781360293
22437,-0.24928288366250245
22439,0.20563992770122055
22589,0.02442466280914781
22590,-0.04633230887559769
22591,-0.16780111761669075
22592,-0.04750393015612408
22594,-0.05544177443260824
22598,-0.5660252560070045
22601,0.25862459425373463
22608,0.03972036115510351
22619,0.1154427942683925
22625,0.0462556813867508
22626,-0.06194805526928149
22627,0.02162172475012012
22628,0.10880291795663996
22629,0.11757422766717152
22630,-0.02943853503181177
22631,0.3230273453518122
22632,-0.2279228023468594
22634,-0.5983399191670702
22635,-0.1033856856165594
22637,-0.04388780769106502
22640,-0.11933036128773114
22642,-0.5855150381340196
22648,0.2966633915035091
22652,-0.4273339980049224
22654,-0.02468697110893458
22658,0.11217282464479764
22661,-0.02724993766260316
22666,-0.06339318130100995
22668,0.14919768889461832
22670,0.01297887887263686
22671,0.16227558829911126
22673,0.18676602784501303
22678,0.29678843435450375
22680,-0.05226286004529215
22682,-0.04634275243976429
22685,-0.13601934028241375
22687,-0.01564707842295363
22688,0.09704945610636774
22689,-0.30272200184618364
22690,-0.41272857638853744
22691,-0.19688607736366837
22693,-0.5617906981698382
22695,-1.087661177023363
22697,-0.19846189514533896
22700,-0.7643436265616949
22701,-0.3718084090679537
22704,-0.1411062071253351
22709,-0.39865222050957694
22715,-0.19182728050684433
22720,-0.14217516041989348
22750,0.2452223245843108
22751,-0.1618877602754618
22754,0.33632730946536105
22757,-0.1642803953881787
22758,-0.12317027535784202
22761,0.2055580007741863
22762,0.17666192367164926
22764,-0.2826708793184336
22770,0.16065545864842115
22771,0.55974653267719
22772,-0.0589836371645413
22773,0.0668310744834657
22774,0.11805202489617014
22775,-0.3642365904705151
22778,0.05791756730967663
22779,-0.1668017412181262
22780,0.42170553186357335
22781,-0.09604292969487505
22782,-0.00327109143775584
22784,0.7413718886564974
22785,-0.34117437787592814
22786,-0.3154886803342862
22787,-0.17896861767889077
22788,-0.14689560412940325
22791,-0.05048478391468291
22793,0.11990568361442228
23789,0.01676078775454297
23790,0.11378318646818487
23792,0.07476532238300375
23794,0.09625140703076517
23795,-0.406625911486192
23796,-0.1450726950617796
23797,0.19795137038610028
23801,-0.13409941147739515
23802,-0.07211400801889994
23805,0.13804695611933204
23806,0.10108618684833116
23807,-0.07725901801248496
23808,-0.03217629686459449
23821,0.1480850109866061
23825,-0.03913142504137289
23827,-0.6754348534432381
23828,0.7138800516497221
23829,-0.04356908997551659
23830,-0.30680868105190845
23831,0.3564479403242503
23832,0.1186949457528913
23834,0.6604054466827952
23836,0.5605805201693619
23837,-0.04352337984727929
23844,-0.4323999743130221
23845,0.397722227157558
23849,6.563412268693475e-4
23850,0.39350062541575614
23853,-0.09156304757482124
23854,-0.06329093575422019
23856,-0.04729246250803531
23857,0.08873700324418128
23859,0.5793797103337607
23863,-0.01837471972796575
23871,0.06228204083548655
23872,0.03940572120409118
23873,-0.16749072741633567
23874,0.10492574333828264
23876,0.04651800010435088
23877,-0.26285424414935854
23879,-0.11887358211973784
23880,0.22129023152952423
23881,0.2156026103307296
23882,-0.0647388842981435
23885,-0.1965098024068614
23886,-0.8127641609281342
23887,0.16154498253164226
23888,0.5764638588595263
23890,-0.3562663450938759
23892,0.38256522872861
23893,-0.1414010671267713
23894,-0.19744192751166775
23897,-0.07394676575795905
23900,-0.05796647312034228
23908,-0.6793116930060601
23912,0.05145479531386236
23917,-0.15598241776010996
23919,-0.2548934955060588
23920,-0.11358356373609138
23921,0.11501562880715298
23922,-0.09476170432249802
23923,-0.15299769137442568
23924,-1.3006072778597166e-4
23925,0.2819778675326018
23928,-0.04877271629533406
23934,0.365250498606104
23936,-0.17470344404119714
23937,-0.33031191340898525
23938,-0.07037552150538989
23939,-0.16719553674118065
23942,0.04842321409739023
23943,0.0107757814507934
23945,0.01722832392432248
23947,0.2189634799336968
23948,0.3268563048245428
23950,0.2106965965127696
23954,0.04777433695984014
23956,-0.01301641431213553
23957,-0.06727893422166031
23959,-0.0868910705696916
23963,-0.6281609670772942
23964,0.30995394981725155
23965,0.12665682540229675
23966,-0.04649325019388527
23967,0.5222879117615051
23968,0.6392637916668324
23969,-0.05801570595766026
23970,0.1308333892729778
23971,-0.21259875821837987
23972,0.0291255412063104
23980,-0.0792696736785484
23983,-0.05095357310619669
23984,0.4027011304563281
23985,-0.4843997357884413
23986,-0.09882429357091012
23988,-0.19275060050197465
23989,-6.989048637655419e-4
23991,-0.13695605224824584
23992,-0.290565240208788
23993,-0.09381508856179138
23994,0.08782975793495204
23996,-0.06242518119815704
23997,-0.06543676023101173
23999,-0.05846219687437336
24000,-0.23620483010815463
24001,0.04278868984758549
24004,0.2729577897902223
24010,-0.0092185559340675
24012,-0.6143313801688505
24013,0.17738957495628738
24014,0.4039387610570384
24017,-0.18370113508753116
24018,0.209884920542729
24030,-0.1007643453791591
24044,0.01660905792485259
24045,-0.02844931626972396
24046,-0.2207134515987948
24050,0.0551556982463398
24051,-0.286577271765992
24052,-0.17455734972111037
24053,-0.6673809440878486
24055,0.01884391884630365
24056,-0.03649336273482981
24057,0.24470581636467945
24058,-0.07643914241253813
24059,0.12000279561475562
24060,-0.33338508066372613
24063,-0.2647159028143323
24064,-0.3337556567749256
24066,0.02792627495169166
24068,-0.11000588387763796
24069,-0.10684455499912644
24070,-0.1664588128895572
24071,-0.08426702416515672
24074,0.24316550837327663
24075,-0.05404011292751552
24083,-0.09898657077637568
24084,0.04181326006614801
24086,0.23063784208534613
24087,-0.26282404201268467
24088,-0.05409487396551493
24099,-0.2483542760088633
24100,0.3022203057944164
24102,0.334814024177634
24105,-1.5933124000744748e-4
24108,-0.1630113321006954
24111,0.6077418793316656
24113,-0.5176079603695337
24115,0.5405229331569406
24116,-0.12744548119448665
24117,-0.6956604335461385
24127,0.5912856060638547
24128,-0.1593215791831544
24132,-0.06542888751949931
24136,-0.02182822572234703
26356,-0.07656105825308011
26357,0.16459104462566862
26359,0.318666032212403
26361,-0.2028093839039728
26362,-0.5166384478698498
26363,-0.1584295706528942
26364,0.04736174255939912
26370,-0.01153807828892877
26371,-0.1703033180484404
26372,0.22360221258340107
26373,-0.3915381599006254
26374,-0.1362798079663772
26377,0.0255959946886181
26378,-0.31081541591329204
26379,-0.15684137187813002
26380,0.23803128498738807
26381,0.02901210306837942
26382,-0.101447114379527
26384,-0.2401092199606468
26385,-0.07946101122464418
26386,-0.00338399664380471
26394,-0.08387760866350286
26395,-0.11299141268501232
26396,0.12452162059822576
26397,0.1210041886010551
26398,-0.35767848122135826
26399,-0.05891100425344831
26400,-0.3298341726853623
26401,-0.09896111649539184
26403,-0.05861890952856367
26404,-0.21374317470828913
26405,0.30915436146977493
26406,-0.06221529061070348
26407,-0.01899840343704804
26408,0.06535085533351198
26409,-0.16552587172737782
26410,-0.39951052122359665
26411,-0.07321008893106606
26412,-0.11199266320704045
26413,-0.02127570860438385
26414,0.05195468286169773
26415,-0.31253324148557327
26416,0.11486912444904586
26417,0.07900386625813344
26419,0.33318996357971364
26420,-0.10274637337051346
26422,0.17878039998513626
26423,0.09041260094672124
26424,-0.2565929297630975
26425,-0.1803033162462207
26426,-0.12717566720624812
26427,0.2630080839966197
26428,-0.06075435874050275
26429,0.3694533789740351
26431,0.04639190741218714
26432,-0.27846908387749897
26433,0.02930366590338157
26440,-0.06869039111571122
26441,-0.1134079473982904
26442,-0.09038066989925292
26444,-0.105026266000887
26445,-0.2124784219614703
26446,-0.09225991244734302
26447,-0.1983175314989933
26448,-0.08644656664182179
26450,-0.28287585131424486
26451,-0.04990472338331635
26456,-0.6459814735416358
26457,0.1366738244720314
26458,0.1031843425954018
26459,-0.42763466124786575
26462,0.11925983471492078
26465,0.04186573075426
26466,-0.3334686354466726
26549,0.31464359706890177
26554,0.08710115381164489
26556,-0.15272970030278493
26557,-0.04978364781074188
26558,0.02336389723800683
26559,0.7638860638994658
26561,0.1149044268123151
26562,-0.03598106113469108
26563,0.8088640999834624
26564,-0.5118950396072242
26565,0.10946988342069304
26568,-0.48317288460486774
26569,0.3726137111223083
26570,0.05856240521427712
26572,-0.22842021574773436
26611,-0.3755986964904617
26754,-0.15800309085825698
26757,0.42392067276370216
26875,-0.3153833076125944
26876,-0.02451251675625577
26877,0.20332383223975972
26878,-0.8938634254254236
26879,-0.10193472289738308
26886,0.00958058543834403
26887,0.01303611622656057
26889,0.02154409254578775
26891,-0.14309042011034767
26893,-0.10782543384255266
26894,-0.02672034929730388
26895,0.07582047241790968
26896,-0.2896101683339195
26901,-0.3676866259146968
26903,0.01348096375481908
26908,-0.5160319159594764
26909,0.11984405562496656
26910,0.33626720399089005
26912,-0.2663172225804656
26913,-0.23118807849633544
26914,-0.1588562936979927
26918,-0.3249695598901128
26919,-0.1177389906683615
26920,-0.07523719635361831
26926,-0.1805355637055387
26927,0.19473811496592464
26932,0.02612741051638719
26934,0.3689543940605749
26936,0.17096464280673634
26938,0.5265211686376785
26939,-0.2858611433255257
26940,0.00387370137853041
26941,0.0909401259112404
26942,0.3061020248128458
26943,0.14643843643511617
26944,-0.22011590533179312
26945,-0.8085517810850604
26946,0.22222032603121045
26949,-0.223684213440343
26950,0.14641790512392197
26951,0.04887336675524581
26961,0.00149148903044962
26965,0.03270473839438557
26968,0.4011508021765158
26970,0.10294369394362986
26971,0.2921513732183591
26972,-0.22811888421479548
26987,-0.12282747083962532
26992,-0.13075919346321593
27008,8.670042211682463e-4
27015,-0.16022941824050618
27027,-0.1582548543892506
27028,0.2680947183436453
27029,0.00970687638633623
27041,-0.09785101412252292
27045,-0.13631602584536032
27049,-0.2325886684216718
27050,0.10709253047230408
27052,0.0751932790005728
27053,0.00898007918753177
27054,0.01736512953811517
27055,-0.39228719377398047
27056,0.02253544252220616
27057,0.15582869115619646
27058,-0.15419345917726962
27059,-0.21234395204979056
27060,0.1586265012804602
27061,0.11248388157265218
27062,-0.15991123660111395
27078,-0.5060273191644427
27081,-0.3446627453805963
27096,-0.05444033656886363
27103,-0.2899536449048132
27204,0.8259117205966495
27205,-0.3644185913189523
27215,-0.2003887733699597
27217,0.8486015514884353
27218,0.16671353224484003
27219,0.8410055870476536
27220,0.4750307791774767
27221,-0.4496690654400107
27222,0.32724017988811754
27223,-0.1711077892644689
27224,-0.1578675890350204
27225,-0.01987221504043371
27226,-0.07821402836762137
27260,-0.043893902516217
27261,-0.1177948826754659
27267,-0.03862197669685122
27273,0.4745864201142048
27274,0.1041650188970113
27275,0.04551982639683929
27276,-0.20363511805431808
27277,0.05667032038557486
27278,0.06560181328113343
27279,-0.13217680372222082
27280,0.07897919434570103
27281,0.7879373817511386
27354,-0.5088079536100747
27356,-0.24430973232804
27357,-0.03884244244040853
27359,0.06139120698734329
27360,-0.02240950792939307
27361,-0.10550927861551827
27362,-0.09859833846140724
27364,-0.09310312388461864
27366,-0.11761595706206018
27368,-0.15643877416495172
27371,0.08938622906023136
27373,-0.01983867787959859
27374,0.03533359129609274
27376,0.3565210730575344
27377,-0.33876169081662816
27385,-0.12966467929120554
27386,0.24671572386847615
27387,-0.14014542592472692
27389,0.8267016659202729
27390,0.6736226878051431
27392,-0.07312078678200995
27393,-0.1234923977208936
27395,-0.09144733784197918
27397,-0.2489629839663599
27398,-0.20533918334613077
27399,-0.08348997506173914
27400,0.3331723302973505
27401,0.0826865172365003
27402,-0.7052645812211171
27403,0.04846995148229387
27404,0.29293964628238073
27406,-0.01504181104728321
27407,-0.09291935465833896
27409,-0.19977441644209196
27410,-0.00781108853652118
27411,-0.15711607523672724
27413,-0.45772547084648063
27414,-0.07957942527086048
27416,0.12572628290852614
27418,-0.1042407049922864
27419,-0.13556035034810354
27421,0.4239482519948451
27425,0.03907965174318287
27426,0.16633942388134892
27428,0.31562969213103254
27494,-0.0924569174093933
27528,-0.6891500164290321
27632,-0.2279385345569801
27643,0.0024849670081551
27660,-0.5372754138093108
27681,0.01813602762856428
27756,-0.01552425414782542
27762,0.28389730749971576
27784,-0.33025737342731654
27878,-0.2037643924023084
27883,-0.1305191562142763
27886,-0.12845688883579093
27965,-0.22018623842049667
27966,-0.04821641619608147
27967,0.05692588906274489
27973,-0.05859770568311125
27979,0.06280979390725781
27981,-0.14812394334818052
27984,-0.33057641283825573
27993,-0.11788554533130512
27998,-0.1483045323043552
27999,-0.10630186379651198
28000,0.17750032379739386
28010,-0.04041102947669512
28015,-0.07016234496159969
28018,-0.03405559637830533
28019,-0.22073509892897256
28028,-0.25946206074769
28030,-0.08328180146088182
28035,0.09187887962702648
28036,0.10181737037927335
28040,-0.04041865978729243
28042,-0.2436232896597737
28064,0.08609249332536002
28071,0.04793704570891943
28075,0.124762545580182
28077,-0.22194701746903908
28081,0.12394013157811744
28084,-0.02381497557150098
28088,-0.08070460782056557
28105,0.35406657022737587
28106,-0.09381443185564882
28109,-0.16546004000619885
28113,-0.2762043945979343
28114,-0.07636686923153732
28126,-0.1511691886065595
28135,-0.1719959769387669
28146,-0.10383741746851809
28169,-0.23437335479636073
28185,-0.25777447660802033
28193,0.21729643145480151
28199,0.00742233160718842
28240,0.3491668727522528
28253,-0.02027758289032918
28295,-0.1424324703865538
29805,-0.07670523764356037
29806,0.0223243383394943
29807,0.21295709721185133
29808,0.02122968328967087
29809,-0.14952074508392393
29810,0.20550592806712792
29812,-0.1274972901978086
29813,0.2830563324985686
29815,0.09076441427953234
29816,-0.03105657684389333
29817,0.01238008896047436
29818,0.10552903300188464
29819,0.26462960474348013
29820,-0.1773518882894881
29845,0.26836157212617545
29856,0.3537600893144333
29857,0.2247849245263255
29858,-0.17046908314841797
29859,0.6316600964061354
29861,-0.6582260040676632
29862,-0.14097247432878482
29863,-0.26912778117566305
29864,0.14933220399994868
29865,-0.2031461166938427
29866,0.8568318436309942
29869,-0.05500924319527598
29870,-0.13092270752792182
29871,-0.2927442076038447
29873,0.31288551853108093
29875,0.12353913937548151
29876,0.18260593026090877
30044,0.39541560705521384
30045,-0.10563158688642718
30046,-0.24135128552683136
30050,0.18925423611691433
30051,0.13481055938662928
30052,0.01762677017695313
30054,-0.9263401108833904
30055,-0.12247997013775916
30056,-0.2693311715874816
30057,-0.06739384756745076
30058,-0.19875341054542184
30059,-0.17809676242197728
30785,-0.3305882557599584
30791,-0.01820898901657305
30795,-0.2055002165772541
30800,0.0877397611290049
30805,0.23408924505451037
30806,0.16299497154084322
30839,-0.00501118811460959
30840,0.10621377354403176
30841,-0.10551436581915122
30843,-0.17218128825061985
30853,-0.03112945263883563
30877,-0.2707339837761632
30878,-0.4112466045940826
30923,0.2826675840912877
30924,-0.07850643917114279
30925,-0.21391622787113623
30926,-0.1201489517536017
30927,-0.0581924594844266
30928,-0.2887587177048827
30930,-0.09120527290811718
30931,-0.1916999549142242
30932,0.09484616829469872
30933,-0.03508994498361818
30934,0.02629909644532149
30935,-0.15519926276625085
30936,-0.10170882857329686
30937,-0.07452436905899293
30938,0.0633806067536169
30939,0.04943548102578458
30940,0.2125547753243209
30941,-0.00781193858345861
30942,0.20108296321824437
30944,-0.5016631009952877
30945,-0.07670105568423397
30946,0.2589144913618632
30947,0.01816391903630664
30948,0.08789958552958488
30949,-0.1939428354460162
30951,-1.033708420053998
30952,0.06041406077173834
30954,-0.2241533102627973
30955,0.2861819847518047
30957,-0.05053801576657994
30959,-0.3281228603317973
30960,-0.11957214382725724
30962,0.18790967070932987
30963,-8.784104366479856e-4
50490,0.3139247285259906
50492,0.02653162730188687
50493,0.00312731932930719
50496,-0.2090718963683998
50497,-0.20832070319865847
50498,-0.03684356953691094
50500,-0.0751166387062157
50501,0.4171182565253432
50505,-0.13956881046213002
50518,0.03038240749384899
50523,0.04305465154625822
50524,0.11173761562135937
50527,-0.0926337176352194
50528,0.2400942313525065
50529,-0.11796167499236555
50530,-0.8078145536819659
50701,-0.11488150876332057
50702,-0.3963804059370031
50706,0.42294770996027264
50708,0.06934145760436125
50709,-0.22888574737729328
50721,-0.13453865285976066
50722,0.15410311918742292
50723,-0.10669347359079512
50724,-0.03428810173759206
50753,-0.01368524855080435
50754,0.02202353141550852
50755,-0.1434844446596171
50758,0.05106204933159405
50759,-0.602828880536401
50760,-0.1850759786695369
50762,-0.11117331275552614
50764,0.14942852277634572
50765,-0.6549045035623665
50766,0.21916921591253452
50767,0.10545528878992648
50768,-0.5558963686914435
50769,0.02917654293088301
50770,-0.46087600512394866
50771,0.02941122617093272
50772,0.27239675472149844
50773,-0.04320802401542
50776,-0.25141915574354756
50778,-0.0683462317641984
50779,-0.02633224504776526
50780,-0.13426651024901418
50781,0.0962963092398416
50782,-0.2765778975286024
50784,-0.15118886036309523
50785,0.3500389749916057
50786,0.8737371051034242
50787,-0.28096528666369613
50788,-0.02422443908605032
50789,-0.20018275131287971
50790,-0.13473480908589416
50791,-0.04996568180928737
50793,-0.28013961082101885
50794,0.14148068982052364
50795,0.1408233750490594
50796,-0.10455337734112492
50797,0.06166699870515693
50798,-0.04162411754353514
50799,0.11173228504879304
50817,-0.2810592829400732
50849,0.2722470383622347
50850,0.06976812960683844
50868,-0.0650292240880976
50873,-0.7908822009392897
50874,0.10155343682871472
50875,0.07450839072184874
50876,-0.18165495849982363
50877,-0.3426079528784643
50878,-0.14875905607885576
50880,-0.03230050478268628
50883,-0.11420077040685432
50884,0.14675649277278066
50887,0.1842269121485081
50905,0.5324966260032945
50907,-0.09382755601955364
50911,-0.06194897784489497
50912,-0.1751698880796003
50913,0.00914139174185499
50914,0.2214566541411256
50915,-0.2079683511377382
50916,0.4798915678006098
50917,-0.0058594978988971
50918,0.04972041997834433
50926,-0.094157002180541
50927,-0.10176649301403064
50928,0.04958104438158775
50930,0.0795734413925816
50931,-0.04025298222643575
50932,0.14692033006887883
50933,-0.17020560617349584
50934,-0.08090154471603478
50935,-0.11602854736784864
50995,-0.0865638820191138
50996,-0.09021148889622022
50997,0.4492216870941901
51786,0.01559939617918261
51788,-0.05997741283675774
51789,-0.0659696499499535
51792,0.24097963646010911
51795,0.31529052071160435
51796,0.01051492764509745
51797,-0.11900977535158276
51798,-0.06458700270303475
51799,0.3317774895121749
51801,-0.09562861693563995
51810,0.15042997521463364
51812,-0.12319078967606642
51813,-0.35930881626912736
51869,-0.3367718896315963
51875,-0.07588798193631485
51885,0.05121341873010852
51886,0.26950543125993043
51897,-0.00565848754691033
51902,-0.16506019353556528
51938,-0.32991445283096477
51944,0.08453765961625476
51960,-0.03219322550295667
52004,-0.08336797051175229
52009,-0.35126858231651636
52013,-0.03509558829479288
52014,-0.16071848098542496
52020,-0.21505755549317265
52023,-0.26609350383099384
52024,-0.4341728252484858
52028,0.32124133233881524
52033,0.10382808176685424
52036,0.00539077318076616
52040,-0.17898410446810287
52055,0.05310852943397168
52064,-0.18504222950051896
52065,0.06465037971840473
52076,0.25079977575543033
52123,-0.19298756056505703
52132,0.1464142515659267
52150,0.1221955740404105
52163,-0.2050870931969913
52174,-0.1832671800544504
52184,-0.05133358294870818
52187,-0.14940471532970653
52202,-0.3202721922509105
52231,0.02593355410802559
52245,-0.3562668859265153
52250,-0.16789230103354855
52276,0.25338010554936713
52323,-0.46793634830549624
52331,-0.6652070661293733
52335,-0.3293995614803053
52348,-0.06199170735108204
52357,-0.2745819394955779
52377,-0.03534468599921907
52389,-0.28107093526352644
52392,0.04534415734210672
52398,0.07898684603549312
52428,0.3812448531858766
52430,-0.09080930076067244
52432,-0.13483583610984373
52440,0.2702638487040687
52443,-0.02952037689826223
52463,0.11556865648063472
52466,0.03808855965003734
52468,0.21668498453698767
52469,-0.08179051785909414
52477,-0.1616141732325435
52502,0.00178253576041632
52504,-0.21183067738350145
52513,-0.12976118752627502
52521,-0.08042720649554465
52530,-0.11390092614895324
52535,0.02053250088432767
52538,-0.11939130993670276
52551,-0.02161988542668888
52552,-0.12053224988541313
52563,-0.18938759338314204
52575,-0.4529838471757446
52588,0.07107994972474783
52589,0.8246653030512063
52592,-0.35878984747914433
52609,0.42267014885933474
52615,-0.07289672546033636
52626,-0.1338055859140579
52633,-0.18177322198923396
52635,-0.13000000225009417
52637,-0.2012567569018157
52639,0.4402974865022924
52662,0.2838203537672298
52665,0.0967695669630412
52666,-0.3161170784037346
52668,0.0962842727440737
52670,0.7780298397588539
52679,0.158409402132778
52683,-0.1723456081856169
52685,0.04371314407586949
52686,-0.23543093027915207
52690,0.09419391303932571
52696,0.01916014546459613
52700,-0.10534567047786324
52705,-0.1670624563453685
52708,-0.17745278289698746
52710,-0.04529328981586689
52712,-0.18365492926539576
52713,-0.1888929341580521
52715,0.17674540404032385
52717,-0.00626802146153834
52793,-0.08107705649326444
52808,0.1462115931648474
52815,-0.3775509066097308
52822,0.01707606736197491
52829,0.02339078566199547
52830,-0.17508054522246874
52837,0.3059713189116058
52840,-0.20365713058103752
52846,-0.01201964791379037
52850,-0.04754697596414502
52855,0.4580666579088782
52856,-0.07085081468746138
52857,-0.14329585384982085
52858,-0.06653947383537086
52864,0.03267032375082177
52874,0.17086581524662406
52882,0.37617186077461784
52892,1.0246506538149076
52897,0.05174251562357745
52898,0.02378487828610979
52906,0.03380010864432075
52915,0.00855526396188267
53310,-0.12504120702709243
53311,0.3618661696701705
53312,0.1412236754445219
53313,0.20393319243606411
53317,-0.2199558226169166
53319,-0.06203788665180922
53321,0.5140946086559768
53322,-0.16811199092246482
53323,0.10033617171066046
53324,0.5445597644648217
53325,0.09991016699971152
53330,-0.05547540581026246
53331,-0.0377985576977354
53332,-0.11652063516820944
53333,-0.208876437701626
53334,0.00493076887876137
53356,-8.277438574639459e-4
53357,-0.16725702736839998
53374,-0.07081281684947013
53375,0.07196161832555598
53376,-0.38817946584029633
53378,0.08362134205373191
53379,-0.12810391647114178
53380,-0.05578570745635497
53381,-0.10020482146757569
53382,-0.4410172390370517
53404,0.2169348169245582
53412,-1.8692525833284712
53413,0.29478924632633813
53414,-0.00623477581246547
53415,0.06693428064195159
53416,-0.20849681470015272
53417,0.32608899772354344
53418,-0.07323751283447694
53419,-0.08785477028997452
53420,0.2696190969154426
53421,-0.05960060534562546
53422,0.5316615694787028
53424,-0.13166435499280743
53598,-0.1354930886852671
53599,-0.070467830352239
53600,-0.13555495531671613
53601,0.4097557062006643
53602,-0.03642341083565269
53603,-0.3178349234760133
53604,-0.5653550518614605
53605,-0.15273377100847618
53607,0.05600309950505505
53608,-0.04200645968197303
53609,-0.1114370822246093
53611,0.04758057483911211
53612,-0.1526044245850891
53614,0.5232011273771008
53617,0.18692920434510163
53618,-0.2419557778411257
53619,-0.40533311930807775
53621,-0.131933677375407
53623,0.23094471017434745
53624,0.18218861998173552
53625,-0.2037974016336197
53626,0.28315712286412925
53627,-0.6189333525474722
53761,-0.02064159696388634
53791,0.7647250257822809
53814,-0.00538870714996717
53817,0.00965571250223687
53856,-0.5999219551394094
53857,0.13322968534002613
53858,0.12618407530507336
53861,-0.03122843099789032
53867,0.4962888517821558
53868,0.03897323192110617
53869,0.0708829965056143
53870,0.5494580654964648
53871,0.01998140888510451
53872,0.1659304167524453
53881,0.12372773906235954
53883,-0.110564070288159
53885,0.12358051596858492
53886,0.3912876575544446
53890,-0.03009758776930625
53892,-0.5370998161438372
53893,-0.04174861507083888
53895,-0.38568946255491626
53896,-0.2916653825802398
53897,0.6371056882544277
53902,-0.3942432053970202
53951,-0.0305260280655321
53970,-0.04355590281548265
53972,-2.787568600749585
53975,-0.00835578988838726
53978,-0.1859239318458319
54003,0.7425371229944961
54004,0.4540706620826567
54006,-0.10147474575920772
54120,0.18602116437677224
54122,-0.28274559902268015
54123,0.07338553174447202
54124,-0.08620090256237457
54125,-0.20110216396199815
54126,-0.05715289147844427
54130,0.00274074377240946
54131,-0.05117001796474338
54132,0.14781825205745786
54135,-0.16769485078539142
54137,-0.00449070792895114
54139,0.0870034696003065
54140,-0.1507308895909766
54141,-0.37835694365288336
54150,0.07471116057932414
54151,-0.2203232712711596
54152,-0.2449040952052806
54153,-0.0105503781789088
54156,0.19162450053561583
54160,0.33079109489720376
54161,0.2458080238416059
54167,-0.14905396287502054
54169,0.03351303733817312
54170,-0.01083707575565078
54188,0.08120759830526106
54189,-0.00829404109482076
54194,0.03892385065453899
54195,0.16583120995839618
54196,-0.05537152929517397
54197,-0.01576761804150777
54198,0.14294287352550347
54199,0.8024429263956219
54200,-0.23124049756041237
54204,0.01023100563316478
54208,0.07975728786319232
54214,-0.03140802632114861
54215,-0.6785616620565396
54216,-0.1990032172514292
54218,-0.2072514573282811
54219,-0.07823386046699765
54324,-0.00619674621606872
54325,-0.03069820841353895
54326,-0.5690443134110479
54338,0.2249367142119007
54342,-0.34902103338460366
54343,0.14200028446581173
54351,-0.250392268529341
54352,0.04412777499310336
54353,0.12859968969501245
54354,-0.04645312912964909
54357,0.6117025959960573
54364,-0.02531743309748861
54366,0.13093938580626455
54367,0.1177783419716493
54368,0.1041225226656194
54369,-0.2387542113385847
54371,0.2821481215789561
54373,-0.0106955622323735
54375,0.1973354602927423
54376,-0.04522273305818203
54377,0.6917071610947393
54380,-0.12078030118924768
54381,-0.1628247488456533
54383,-0.10479666940180377
54384,-1.1566891929209806
54390,-0.04639743136913581
54391,0.222987555492227
54392,-0.14232329516344783
54393,0.31724193278009755
54394,-0.02268020164044854
54397,-0.03841332758121765
54399,-0.02221283204592645
54401,0.19866371592390397
54402,-0.06299557649733503
54403,0.3728053688377744
54405,0.00747009314730113
54409,-0.02381497557150098
54411,0.1206575521322644
54418,0.14465505184953076
54419,-0.01270741545850215
54422,0.18159197637133512
54426,-0.305712311399599
54427,0.355762215575798
54445,-1.2250063209370138e-5
54446,0.13943256444560054
54447,0.02368883630354781
54448,0.09737071205167216
54450,0.1371766313827686
54473,0.17991036776752334
54483,-0.0374372139064758
54484,0.03399804030734191
54485,0.26459705797961075
54486,-0.1797472517505008
54519,0.03628773956258851
54524,0.02541077781165294
54525,0.32220300772654814
54526,-0.6706993332685925
54561,0.4072665170860369
54563,0.04752229268830381
54598,0.22157861654454583
54601,0.5725111076535375
54604,-0.12142485611789106
54607,-0.32778961857704103
54608,-0.3536020448588268
54609,0.03944025076932803
54610,0.5135144195988968
54611,0.1939836524211489
54613,-0.1081711159632856
54614,-0.7421579643542129
54615,0.09103375718443812
54616,0.05351689094136815
54624,0.11346760101636816
54630,-0.1441750537966342
54632,-0.12165922760115357
54633,-0.05100439949805778
54634,0.5367808909583676
54635,-0.12353539911988226
54636,0.12016593692899837
54637,0.0090534383703462
54644,0.16104697041912786
54645,0.11414965649628156
54646,-0.44182983104682094
54648,-0.5027856756058648
54650,0.25016970938108013
54651,-0.2206569628757248
54652,0.06414940148754197
54667,-0.25046806592156373
54670,0.2887751365237469
54672,-0.10008391116150422
54673,0.2029652533738106
54683,-0.04405882606338196
54709,-0.1978318757203112
54710,-0.04293156932297583
54711,0.09393153615992487
54712,-0.04223302727806898
54720,-0.1822314437408052
54721,-0.2027272607249676
54722,-0.17419157921352116
54723,0.05067363425886337
54725,0.14516056933069327
55925,0.2741805372668386
55927,-0.16983164102124965
55932,-0.09419412901875047
55934,-0.0290344786810003
55935,-0.641844534239747
55936,-0.11028865299134472
55938,0.9748723837568204
55942,0.05858932454767858
55943,-0.15803544364144084
55944,-0.06651419084678986
55946,0.2588576823291022
55947,0.19069814043201677
55950,-0.22870755053690345
55951,-0.22144471480955744
55960,-0.20499807445716264
55961,0.27845535412463346
55963,-0.0519022025470981
55979,0.02225569345025735
55980,-0.27645227023013286
55981,-0.19362538372878368
55982,-0.12371814802497696
55983,0.0997484951868143
55984,-0.11035306449376592
55985,0.8840106916168113
55987,-0.339027306896275
55988,-0.03252573143111836
55990,-0.3759801552642783
55991,-0.02719741602605657
55992,-0.11807243423189158
55993,-0.05375785878144262
55994,-0.094477248716961
56012,-0.3734488243222761
56013,-0.4906069270118913
56015,0.19490499896341112
56016,0.23697579808173588
56017,-0.1528012460442519
56018,-0.1768564156633846
56030,0.05391534988652505
56031,-0.5305187299491366
56032,-0.03962808993160421
56036,-0.1435911039375488
56041,-0.00459410073133166
56043,-0.5670577342628875
56044,-0.02632409420510345
56045,0.07419446446587986
56046,-0.31744346184825767
56047,-0.5416671192113409
56048,-0.1200572136718925
56050,-0.09422671565627228
56055,0.10650778099810204
56057,-0.4777520762167272
56068,0.29831898455940564
56069,0.2183603058107648
56070,-0.1722439167027649
56072,0.2545130005365907
56075,-0.20828041816429593
56077,-1.1798387867137894
56078,-0.02007656845639658
56079,0.22984093285118945
56085,0.1406990291883132
56086,-0.07243662990327915
56087,-0.3460759321833863
56088,-0.17986560617982
56089,-0.3784497104808694
56095,-0.0220580425901422
56096,0.4761707643078673
56149,0.17431662454837066
56150,-0.3761807029692453
56174,-0.30777723962657166
56175,0.1995636571459778
56176,-0.2393528541208774
56177,0.06244003005187868
56183,-0.3802553363307752
56184,0.9760031827105649
56185,0.04289935778680059
56187,-0.09229881974550438
56188,-0.01271073526858793
56189,0.6564862026349647
56190,0.05614259540943883
56191,-0.00479232371395199
56193,0.07514172830773125
56194,0.05614197341489065
56195,-0.16559291052234626
56196,-0.35482567404074894
56198,-0.28080503731294404
56199,0.03114831546601028
56200,-0.17439223810468354
56205,-0.1949644220029486
56207,-0.13629585866050062
56208,0.3465699041955628
56209,-0.23379960389041368
56210,-0.7282848312845185
56212,0.07532258363903158
56214,-0.08791452388212595
56215,-0.12786267537183307
56216,0.02641525137522633
56217,0.2773468858630972
56218,-0.24035481958022864
56220,-0.2538630754963442
56221,0.6370240798895471
56222,0.3363694392897713
56223,-0.06141254150014653
56224,-0.11209175761823928
56226,0.12615410598839127
56228,0.02768063771871268
56229,0.1498189575603832
56233,-0.06411211472962927
56248,-0.00296215986023596
56249,-0.08583691941139149
56258,0.04545317071821476
56264,-0.1285380819177011
56273,-0.4143608223634592
56274,0.05918651630726199
56275,0.09684213777504594
56277,0.07164514340223652
56278,-0.30360212131361053
56279,0.1476677708254469
56280,-0.4060120057837965
56282,-0.13833294867103288
56284,-0.2159242047596719
56289,-0.08477396005230131
56291,-0.10198665412225204
56292,-0.06442043028017189
56294,-0.30832986878201024
56296,0.15328659685863466
56297,-0.12508524766291262
56298,-0.10633200561370224
56299,-0.1937614802904676
56305,-0.3096712270896844
56306,0.15685917996779447
56309,-0.11452087740826009
56310,0.04686648417809144
56312,-0.02921863320615753
56314,0.0187971272732537
56315,0.5992825416502451
56316,-0.16313075238247643
56317,-0.1278107284950823
56318,-0.09150550519321676
56321,-0.02949333489209989
56322,0.182622789701218
56323,-0.26785023478009856
56324,0.55882358786529
56325,-0.13045052539754814
56327,-0.1995694275789101
56334,-0.04604481311211031
56335,0.01775017243657777
56336,0.0372758474632222
56338,-0.03696867365051601
56348,-0.09920176202689976
56349,-0.21631899505237503
56350,-0.0870064187286606
56351,-0.00774046583654572
56354,-0.03514039506323603
56356,-0.02828729862017608
56357,-0.13914962166605666
56358,0.34279561245932877
56361,-0.09453729920882208
56362,0.3758459169020027
56363,-0.2375137311783812
56364,0.17586195706247723
56365,0.25499241956535845
56367,0.27798133780239415
56368,-0.11866335576727638
56369,-0.3918456581553471
56370,0.0033154513273389
56371,0.2699840258256715
56372,-0.00703418897257989
56373,0.4781499497214845
56374,-0.16458439337383274
56375,0.00595270484674158
56376,0.09872108259655804
56378,0.08427399469206268
56379,-0.7498599699445994
56380,-0.07553134243312852
56381,0.16244449719105886
56382,-0.2699499071764591
56384,0.05018621852331836
56386,-0.05030255512439624
56389,-0.04427439630125036
56390,-0.21703346524624365
56395,-0.20296825830191445
56397,-0.09927798520696324
56398,0.1824031067350972
56399,-0.2644155833863916
56401,0.02508663901329554
56403,-0.3656096262223534
56404,-0.06310403461193233
56405,0.09427142674747506
56406,-0.07255812098097766
56407,-0.00693948316179909
56409,0.00257764046755539
56410,-0.2110784167453756
56412,-0.31800140613986905
56417,-0.14618413906871688
56418,0.03060568248185025
56419,0.1343954574833748
56420,-0.00848962169040481
56421,0.03215874375890603
56422,-0.1395509883097702
56424,-0.00898547137450761
56426,-0.2613493832165244
56427,-0.23755660835815773
56428,-0.4319319221304084
56429,-1.407383069066473e-4
56430,0.076312480460685575
56431,0.2446397577388743
56433,-0.26873912343580314
56434,-0.45774006851774607
56436,-0.12849462449457594
56437,0.4257634848596386
56440,-0.08103183806225345
56441,-0.08216685357873003
56443,0.19598383811226425
56444,-0.100714413213233
56445,-0.1946709524592116
56447,0.12341488775909508
56449,0.13449950605177569
56451,-0.0362350233301471
56452,-0.27625761899880585
56453,-0.15825197089266907
56455,-0.04187743111986621
56456,-0.04567283552562837
56457,-0.05371502913435219
56458,0.04951959111342331
56459,-0.17896702475693615
56460,0.1031788085092846
56461,-0.04808813291816576
56462,-0.10886983341583024
56463,0.31119870050125403
56464,0.1032132494494712
56468,-0.2624895048867187
56469,0.09615703908935665
56470,-0.13987516777771794
56471,0.5134216804368602
56473,0.4742293841523296
56480,-0.03234336496377171
56484,0.17127309650719336
56485,-0.42581893419652594
56486,0.08136056955565057
56488,-0.2284383939826405
56489,-0.11841923256542494
56490,0.21651025099352592
56491,0.06167747630901867
56492,0.01464910908894305
56494,-0.04865601247034359
56496,-0.297634150521819
56501,1.082138632443023
56503,-0.3254742335105084
56504,-0.181182503070962
56505,-0.07726369200618818
56506,-0.03700570455819628
56508,-0.1269350997435285
56513,-0.31632588466962636
56515,0.00395760853922276
56520,-0.2709994672186668
56522,-0.15998753514065442
56523,0.3589633549575945
56524,-0.07059430270236267
56525,-0.8170498450021376
56526,-0.05264119363767447
56527,0.11741654908120938
56529,-0.11394958918628204
56530,-0.1829463237518614
56531,-0.177977610675823
56532,-0.1239880669283219
56533,0.1958409701290338
56534,-0.4157207837230292
56535,-0.2271373704721094
56538,-1.0374152669818404
56541,-0.34905605297191505
56542,-0.2845715249159855
56543,0.13210739114740225
56550,-0.0823414002173969
56551,0.00582911213133958
56612,0.0103383963237295
56613,-0.09558423793517933
56615,-0.13656636836078634
56619,-0.09835607505694675
56620,-0.16218699673857506
56622,-0.14555338170124957
56626,-0.02645800189905901
56629,-0.8245407316211723
56631,0.3024585412670324
56632,-0.10625547100771864
56636,-0.9687352067756164
56637,0.19470626790017717
56640,0.3497953916774373
56642,-0.1222305164122418
56643,0.10684873795966374
56644,-0.12540227937022597
56690,-0.1304641074400076
56691,0.01950167651429192
56692,-0.14783998580484592
56693,-0.232568606230446
56695,-0.3774154272457083
56696,-0.09457570027612187
56697,0.05026666174950555
56698,-0.30354715147806255
56699,0.00779597108296872
56700,-0.07489310295909224
56702,0.1947736583439894
56703,-0.1615234658949454
56705,-0.05062331518389606
56706,0.12041091535837636
56707,-0.5395297138205183
56708,-0.1819018455729148
56709,-0.01886175050029203
56710,1.1317605120965957
56711,0.4589636723187528
56716,-0.1158389079990936
56717,-0.24104157929020792
56720,0.5161111503828096
56722,0.17792573414085125
56726,-0.00578159643717031
56727,-0.00270885420150407
56734,0.335424879340982
56735,0.8361158511220546
56736,0.12444277119943468
56737,-0.1563923338301747
56739,-0.11388340785430542
56741,-0.17162306176116732
56742,-0.4944811229674369
56743,-0.20191890214631655
56744,0.03792617445390655
56745,0.02286596656138788
56746,-0.44521234697171186
56747,0.4446626222624712
56748,-0.2448281311308969
56749,-0.10398773317989074
56752,0.04177675567268919
56753,-0.3471730016202288
56758,-0.05089822355044016
56760,0.07883529546825721
56771,-0.12698268629088544
56772,-0.12771049926734956
56773,-0.44496082510872953
56774,-0.07470078202421561
56784,-0.23903794059891204
56786,-0.06879074439056782
56787,-0.3837215664293144
56788,0.24483658829349075
56790,0.03488901692781316
56791,0.10156058253896488
56792,0.02112102103512228
56794,-0.2558688071958042
56795,0.7872476257713812
56805,-0.26193401660098986
56807,0.04686525316726649
56808,0.400895403120156
56809,-0.08933699185341377
56812,0.17768500246354885
56838,-2.293277818366576
56839,-0.3221849959133809
56844,0.02217081366565917
56846,-0.127125361604864
56847,0.3138741760785776
56856,0.4365921596786929
56857,-0.322067728116899
56863,0.31948920104875056
56873,-0.18377952614427057
56874,0.512077944429673
56876,-0.2694937305026679
56878,0.02025496437375823
57014,0.07839341098740711
57028,-0.20777726876688343
57080,0.2123553385875595
57138,-0.1905238654980909
57170,-0.2102800750870009
57230,-0.02028838568512445
57246,0.03930790213617997
57247,0.01527786231345935
57253,0.14463783665045832
57254,-0.397657552820691
57256,-0.2702606439486433
57257,0.1719241307162551
57258,0.1059265206575948
57259,0.16670076170347708
57260,1.175316355473426
57261,0.13235445746031538
57264,-0.4546311406089377
57265,0.6586721704003917
57266,-1.219585222386118
57267,0.02574734558286417
57271,0.4655245316128459
57272,-0.190286049873974
57274,0.36788259321001016
57275,-0.13781134930859004
57276,0.4050920176223732
57277,0.01131416484612437
57278,-0.22095567716589615
57279,-0.01456912169272322
57295,0.00620829639472604
57312,-0.06748706534211221
57314,-0.01775139534979094
57315,0.05127644630432038
57316,-0.2778868588926536
57317,-0.01099551279685297
57319,-0.03920342898097463
57320,0.00885174903670454
57321,0.10071464736990188
57329,-0.1016871013062037
57330,0.20717126162487728
57339,0.1633177727541277
57340,0.3891738597959856
57342,-0.19122853407011284
57344,0.3016120125021192
57354,0.04184520121308886
57355,-0.07949362088769854
57357,-0.21665568721837905
57370,-0.05528412253128623
57373,-0.22008190500762867
57376,0.01115298688000937
57377,-0.0842068443453059
57385,-0.7766320118791923
57390,0.1722055882137657
57394,0.2155620015277857
57423,0.15135768043809714
57431,-0.14230238088200473
57432,-0.121468754681914
57434,-0.4619223946015953
57435,0.6954306161179946
57436,0.10735467850084296
57437,0.10266416021233953
57438,-0.04360004765188906
57439,0.20891054333393955
57441,-0.6228497208193314
57442,-0.324553766551872
57443,0.03998070564412184
57444,0.05950427193894436
57740,0.5466177757238813
57741,0.03594647580353931
57743,-0.0943762316373349
57745,-0.4530491881402272
57746,-0.34296051425068674
57748,-0.11159733695339852
57749,0.4986156194843379
57750,-0.2185119074962496
57751,-0.03746576321753359
57752,-0.471440001792826
57753,0.16432369575601882
57754,1.00813015377499
57755,-1.0935494181483592
57756,0.15468027413252186
57757,-0.1301917438097339
57765,0.10116282570628209
57773,-0.20819554545883528
57775,0.3416449247332855
57776,-0.1871003542348006
57778,0.32956489175912707
57780,0.46776846296659
57781,-0.1608312035377795
57782,-0.3979789131198564
57783,-0.0441999402247223
57784,-0.0919643717479251
57810,-0.37680456978254817
57811,-0.35206287808497627
57814,-1.4328953959193504
57815,-0.07325608079499153
57816,-0.0997694975374449
57837,-0.06364537498798928
57869,-0.2659975780112779
57874,-0.12013674062697348
57875,-0.13903735128226877
57890,-0.5784176702203411
57895,-0.33578066093571074
57896,-0.26610694091691944
57905,-0.17129187929949882
57908,-6.487010352059716e-4
57911,0.3409159751714523
57912,-0.16737206413350214
57913,-0.07462837522127296
57914,-0.0890952468109055
57915,-0.09328075259685822
57916,-0.19331878675929148
58170,0.3086241151628443
58172,0.2203337004417266
58175,0.0829044592749068
58176,0.5996884160011121
58178,-0.3115477992310536
58180,0.16758449785844898
58181,0.13130445739599889
58182,0.3901575685863964
58184,-0.13277790839461528
58185,0.22163444702621607
58186,0.27550253989565066
58188,0.33624093019506357
58193,-0.5291704373364485
58194,0.1801695322262884
58198,-0.13875868632645302
58200,-0.08189081047549225
58202,-0.03758450459994698
58203,-0.08142200122499776
58205,-0.11170269902389891
58206,0.05499698816274653
58207,0.19688514558239636
58208,0.15672308730428475
58212,0.37412164047135793
58214,0.282982328401738
58217,-0.08811078907941614
58220,0.08432608223736025
58222,-0.10482361382256604
58223,0.7057478836759559
58226,-0.1162388360143079
58227,0.5400581485918778
58229,-0.15447641722349745
58231,0.0766354729976978
58233,0.20030597919499687
58235,0.28879034187002967
58237,-0.43303001715392325
58239,-0.2116207980936005
58240,0.38969789604612
58243,-0.33714773921317664
58244,-0.13384500620679882
58246,-0.35836403631816577
58248,-0.21394247124041968
58249,-0.23608102902634143
58250,0.2681695930197131
58520,-0.15840718470759751
58521,-0.02579933205105545
58522,-0.6610775961608555
58523,-0.04723233374997943
58799,-0.35477705431752343
58800,-0.2366723492298816
58802,-0.7268539440217866
58804,0.18492714029979368
58805,0.2985736179126594
58807,0.27427372490943314
58809,-0.0431741435064242
58810,-0.11523425942901236
58859,-0.5390590954669604
58860,-0.19633691025541375
58861,-0.4805690856525253
58864,-0.4417574221213837
58866,0.46474467311471246
58867,0.09727333618582396
58869,-0.627196560688252
58875,0.02330770834136049
58887,0.19767568124594903
58909,-0.5221271863227636
58911,-0.03921588298937485
58916,-0.25162072527160406
58988,0.0923279289055282
58991,0.03077485381012557
58994,-0.5628544799973845
58996,0.2221742626447818
58998,0.8382650650675512
59001,-0.16879530889737293
59002,-0.38706341793273386
59004,-0.16239608607159625
59005,0.00516691051243344
59006,-0.21179832925163505
59007,-0.29597162808388056
59008,-0.05842243247041565
59009,0.4563449081395608
59010,0.00298785919594427
59011,-0.06578611099041651
59013,-0.21171476332822603
59014,-0.28995475736046844
59015,-0.08640424491155105
59016,-0.11622526497018248
59020,-0.12547148406691963
59021,0.05950781571983262
59022,-0.05870121531951818
59025,0.11656770938669288
59026,0.10303825678603508
59027,-0.18997510236670173
59028,0.15241987733339457
59029,-0.11939621388613854
59030,-0.1956582892396826
59031,0.10886628746163088
59032,-0.22773647291613713
59033,-0.692755343289161
59035,0.35114423184727844
59036,-0.05575991317605669
59038,0.16272228765713717
59040,-0.2009657950839775
59041,0.039767261643332
59042,0.01848089594850735
59043,-0.31579887408436863
59044,-0.03444979930537538
59045,-0.09862813017886037
59046,0.05179459847845578
59047,-0.07885603308258986
59048,-0.2620865337572214
59049,-0.05228248347066633
59050,-0.0934395211967654
59054,-0.1690860430763092
59056,0.097927668769828
59057,-0.2042888901547779
59058,0.31573776531265807
59069,0.04908010148657335
59079,-0.00213405375781229
59083,-0.00393408674641204
59090,0.02916819451216642
59091,0.4766128661258444
59092,-0.0744173725392885
59093,0.00750733204298675
59095,-0.9208335997437364
59125,0.07180616142578364
59126,0.04826664431811933
59288,-0.03963793968642157
59289,-0.3742409205900854
59290,0.03105020129205699
59308,-0.08147631139205624
59310,0.3271600203101305
60315,-0.14708240297388722
60321,0.00347011083428829
60322,0.23348652245406268
60344,0.35458997319422614
60345,-0.7445465044995727
60363,-0.17526297412250214
60364,-0.08928604872804978
60365,0.15031738419173282
60367,-0.03004801670081661
60406,-0.15178413818088443
60409,-0.12108578043359874
60411,0.04153438503194642
60441,0.1658564050291356
60455,-0.0518888496744516
60504,-0.09420061109782456
60505,-0.03308953239805584
60507,0.5068090022474612
60510,-0.40504487303439696
60525,-0.07459419837495779
60527,-0.27370363263587283
60530,0.06672783470249005
60531,-0.4525471803366107
60532,-0.1904317196401391
60533,-0.06428505524630354
60534,-0.226310452892238
60594,0.20455347313326144
60595,0.22740817275783015
60596,0.13142849942718587
60597,0.2064274113256358
60599,-0.06625979267344875
60611,-0.18966857364122103
60613,0.18739873881647576
63828,0.1315728043471473
63856,-0.1554118911476235
63857,-0.32091528276177195
63859,0.15430145117718289
63872,-0.1917418272773796
63873,0.30644587166904586
63913,0.12294557301797868
63953,-0.1025984801614344
63954,-0.09994905647420226
63955,-0.6761493137509882
63958,0.2256825215150222
63959,-0.01610564268741833
63985,-0.07302261822736948
63993,0.2666490643695124
64008,0.16050944394756608
64009,-0.1755994623124054
64010,-0.05216902855498454
64011,0.1039093702639822
64050,-0.25884219531222213
64051,-0.8542548772830896
64074,0.9044680862028684
64075,-0.9286289125012908
64082,0.2153159409832341
64085,-0.404918634547664
64095,0.05557135718596558
64099,-0.2073578592439297
64103,0.1211833472863824
64113,-0.17904424982894235
64136,-0.08516265287654608
64138,-0.02043927903476224
64143,-0.04110136564631773
64144,-0.22708206976999903
64176,0.2577098625652678
64177,-0.6357066625903837
64209,-0.1350661827019901
64213,0.14294416631105422
64214,0.06079382983121503
64242,0.29878014682261134
64290,-0.6382705985301768
64291,0.08060351067189744
64292,0.01980954492495568
64293,-0.06946833932206278
64294,-0.00954347369718851
64295,-0.14369970153856387
64296,-0.17931755926651674
64297,-0.10863607449702124
64337,-0.5753489253522048
64339,0.29920329444895
64340,-0.08029642633099723
64378,0.3947682202229107
64381,-0.03765812732306542
64383,0.00979941324055529
64384,-0.04415971194914675
64385,0.09747503316185156
64406,-0.3836217016336856
64424,-0.05234398695709273
64435,0.2125902512363438
64436,-0.0104574562206743
64450,-0.4779406719815564
64451,-0.5154766299343496
64452,0.5467895115358361
64540,-0.02917857922313443
64580,0.49937914991969706
64602,-0.25174310337328387
64654,0.03154149730169481
64656,-0.00748708532497811
64657,0.0992933300274478
64658,-0.01582864477873066
64659,-0.22008791984549875
64660,-0.14645773144878524
64661,-0.2619561694348539
64685,-0.1482221739400027
64704,-0.09137715431961022
64705,0.17661898724215536
64706,-0.571069094282836
64707,-0.11549154053744692
64817,-0.01128184501478666
64818,-0.01794219019723404
64898,0.30960398599156924
64899,-0.07602464813454421
64918,-0.5603425721968032
64930,0.08705276635020369
64931,0.09903416060823766
64933,-0.02010655884335743
64934,-0.22278477269369956
64945,-0.3431076702810384
65019,-0.0637664011723498
65079,0.05543913131876465
65098,0.36279969345662483
65099,0.24477857577801204
65100,-0.31415837217106524
65102,0.03165654787493617
65103,0.07198189880529313
65105,-0.11870348969738176
65106,-0.08031722091381048
65107,-0.02171254846357565
65111,-0.08186426468040266
65112,-0.5115887914449394
65113,-0.08422741098180751
65114,-0.21612135404225105
65115,0.17094266845348816
65116,-0.12875999728226994
65221,-0.13093434643693727
65246,0.2886186384138313
65247,0.3383995494439886
65254,-0.00209382429798424
65255,-0.3338891709469904
65945,-0.43527910858035984
65960,-0.13631842908679026
65961,-0.16868139135337865
65962,0.54666890781297806
65963,0.00445682864195204
65967,-0.0476020238582616
65969,-0.133057070475399
65970,0.10308353206449494
65971,-0.09263677346607484
65972,-0.03541831462200826
65973,-0.03697380524779747
66011,0.819918295367096
66039,-0.12580924887851178
66042,0.5287219892259832
66043,-0.0782504162533505
66044,-0.2539566450035907
66046,-0.25409819654190546
66047,-0.20401920586288935
66048,-0.1864473807112083
66049,-0.16648962859352973
66052,-0.0370947058531714
66053,-0.1204298726264768
66054,-0.02619042999621643
66056,-0.00491804805789282
66058,0.3268064261327991
66059,-0.07199863132790517
66060,0.3504612214784422
66061,-0.17888404889370058
66065,0.05451279841434893
66066,0.02591351647070499
66067,-0.3418272286030333
66069,-0.143412623383336
66070,-0.02946502021189321
66071,0.01201056070504644
66072,-0.12125130757087084
66073,-0.2199166131024076
66074,-0.2056826089452329
66075,0.22690375781900812
66077,-0.06964091289430681
66078,-0.1342571388554773
66079,-0.101467749342327
66082,-0.17501868728801817
66083,-0.07678197001439435
66084,-0.10996752239313434
66085,-0.12614151555709463
66086,-0.07820132368840821
66087,-0.06160498012363132
66089,-0.1333882620210286
66090,0.1209153900134076
66091,0.03841361308817078
66092,0.11943995228927712
66094,-0.13396532265013214
66096,-0.00794867588516917
66098,-0.17282876207124764
66102,-0.28013107753286925
66105,0.01177281909176961
66106,0.7400828202236611
66108,-0.14355273102060556
66109,-0.04486383175147144
66111,-0.19231923860709793
66112,0.20437622632918903
66113,0.14377136845545474
66117,-0.20216251359150136
66118,-0.01944589249848698
66120,0.1821504565425736
66121,-0.1696321185080771
66124,0.06419613771151628
66125,-0.09706421672561902
66126,-0.2168485978518227
66128,-0.01117290268767871
66129,-0.220906142364243
66131,-0.3588434390766857
66132,0.2741215120463063
66136,-0.03822424851971157
66138,-0.01514204977067013
66139,0.11584800400974073
66140,-0.5009069790141407
66141,0.09733113227940976
66142,-0.04574289308255883
66143,-0.32896957159718165
66144,-0.00967258448379073
66146,-0.13780976798143402
66147,0.1669663370173464
66148,-0.06775988721466211
66151,0.08770688322827469
66152,-0.08151654197435126
66153,-0.00778117178406895
66154,0.00392332075461537
66155,-0.09672878519895896
66156,-0.154501315124544
66161,-0.2657156710121445
66163,-0.05246927055364842
66164,-0.26961437323970605
66165,-0.06106890989275802
66166,-0.05122780273086157
66167,-0.09575048205136336
66168,0.15812860174824364
66169,-0.11506351931084272
66170,-0.16471517364253274
66171,-1.0132083107808307
66172,-0.2391994949622671
66174,-0.29362620536331613
66175,0.383418964077259
66177,0.05777666640455851
66179,-0.04443518229243232
66180,-0.7287599531943634
66181,-0.07529208358148295
66183,-0.14713880434954824
66185,0.14474963746855715
66190,-0.05267564861193408
66191,-0.1067365133622199
66193,0.17400440510436962
66194,0.1854949158457369
66196,-0.2442432331470189
66197,-0.7026612777352075
66198,-0.00402029499208354
66199,-0.09981215154998828
66201,-0.11178245187571044
66202,-0.1273170829715557
66204,-0.8001592183172351
66206,-0.28391821551805685
66208,-0.19705895795892123
66209,-0.10328480546557246
66211,0.3359187927966064
66212,-0.10212639769905764
66213,0.07886908847603435
66218,-0.02702572313982934
66220,0.2674243216513832
66222,-0.14886237741826794
66223,-0.3851258656902026
66229,-0.2868194895641393
66230,-0.08580831298410949
66231,-0.2415228843862517
66233,-0.14885202298071645
66234,-0.04748937462094704
66235,-0.07960414204658427
66237,0.3649968131754596
66240,0.5431643461806864
66241,-0.33450797826038875
66242,-0.13747842313808767
66244,-0.13628117989493865
66245,-0.13277480882948042
66248,-0.16654949501016927
66249,-0.1309951617064731
66251,9.564425326356944e-4
66253,0.18991162273619228
66254,-0.09228265367708956
66255,0.17703273352789833
66256,-0.0764622989543526
66257,-0.01444172385683252
66258,-0.09896638995741848
66259,0.17327730006602687
66260,0.8340170663934838
66262,-0.02700935944025286
66264,-0.2289487522618151
66266,-0.08189318413038235
66269,0.4226499837318165
66270,-0.00252800086689125
66271,-0.2025437699188729
66272,-0.06138033056511852
66273,-0.05527507891990482
66274,-0.4481534837933673
66277,0.08847569563127772
66278,-0.04166134190524318
66279,-0.6836326357008282
66282,-0.3869199246988944
66283,-0.6145469906649098
66284,0.12678423991534962
66286,-0.08333659663276646
66290,0.03367956649788094
66291,-0.3413122627884547
66292,-0.01336943144045664
66294,-0.08804415691102238
66296,-0.3012901671665175
66300,-0.05539618084406543
66302,-0.2839892456778327
66306,0.12606418148524534
66307,-0.11468419206374876
66308,0.13587296938734827
66309,-0.1381760284750386
66310,-0.2776261386448387
66311,-0.31487665384539465
66313,0.11824244717666887
66314,-0.0903685935607578
66315,0.2549524324432988
66317,-0.14138189972991205
66320,-0.10563892147651271
66326,0.2912212342557893
66329,-0.24040290553274796
66330,-0.01817342488434039
66333,1.0203907771228171
66335,-0.06096607408785988
66336,0.39556507059865686
66337,0.12541224375198726
66338,-0.17054577502181578
66340,0.00103068235399321
66343,-0.26153276964972966
66344,0.37421299401152225
66349,-0.2050935705979967
66350,0.2474807472473348
66352,0.01589508235773572
66353,0.08351754999206584
66354,-0.07391477598161127
66355,0.16929073261488298
66356,0.08710696503139777
66357,-0.1180852614165092
66358,-0.13092523974225445
66359,-0.07503774043539896
66361,-0.23414856879306783
66362,-0.24334958277232255
66365,-0.125451243362358
66366,0.2503144584969822
66369,-0.11929857364317473
66371,0.3097762674889696
66373,-0.37100806475492265
66374,-0.15581907647230064
66375,-0.06125636563361242
66377,-0.11359066741258064
66379,-0.11383205508459646
66383,0.10394625780065014
66385,-0.01069587983141191
66388,-0.20626771368339544
66390,-0.11176164151081872
66394,-0.20323420281572344
66395,0.16557261299187737
66396,-0.25443047970259786
66397,-0.2657127974680672
66398,-0.28622099678030855
66399,-0.21506254952583703
66400,-0.09314352493683647
66401,-0.4767465448861733
66403,-0.6960747043764829
66404,0.0525772617084117
66406,-0.06544271567329638
66407,-0.00463502896341009
66408,-0.26663619553030776
66409,-0.19422512177663684
66410,-9.11247912215897e-4
66411,-0.09366974179377598
66412,-0.2158509636439256
66413,-0.03921189535650656
66416,-0.02417519072235699
66420,-0.10487342814490368
66421,-0.44092093958576345
66422,-0.13375542486404984
66423,0.8129332280078498
66425,0.07240693401787679
66427,-0.03640088113283914
66431,-0.387764378256459
66432,-0.08555042883136768
66433,-0.058409121700448
66435,0.5292760317146494
66437,0.06945172026288975
66440,0.1764352909061914
66442,-0.2187644776778892
66443,-0.10922553245955476
66445,-0.181802844788972
66446,-0.1773764375806659
66447,0.2962204705994748
66448,-0.11131111666836388
66449,-0.08571287643875801
66451,0.18020445373627017
66454,0.316218733335906
66455,-0.1496527065848934
66462,0.2336608696708044
66464,-0.2390245371182356
66467,-0.2213289533675011
66468,-0.1608796756399842
66469,-0.19692869936115617
66471,0.4798058108024222
66473,0.6040750600056894
66480,-0.10024250821041956
66482,-0.12474084524474947
66489,-0.05488211642689456
66491,-0.06003648195325264
66492,-0.08448770493142255
66493,-0.1067857984821426
66494,-0.06691621347214823
66495,-0.10470287584279396
66496,-0.1346228845312524
66497,-0.1251703396883216
66498,-0.04232006977119241
66500,-0.09820783152677295
66505,-0.04654049737084725
66506,-0.08584948325588562
66508,-0.10826297841883126
66510,-0.12382131103179037
66511,-0.1128009345481787
66513,-0.10694727788428322
66514,0.15637395632991755
66515,-0.20533918334613077
66521,-0.06046305556322934
66522,-0.06590655818420502
66523,-0.0816526432860595
66525,-0.3480538556900782
66526,-0.10455234694657942
66528,-0.1976524923135806
66530,-0.04145744199362349
66532,0.4645074114559684
66533,0.3263425064556932
66536,-0.39181304874565087
66537,-0.2361786654287556
66538,0.0790100895149733
66540,-0.0059209582901105
66541,-0.3004951834198626
66548,0.674408194535943
66549,-0.05771156911745334
66552,0.04976731467922161
66556,-0.0983156517870429
66557,0.3891517926883222
66559,-0.4296085899302011
66566,-0.2688167029528327
66568,-0.2831576678227188
66569,-0.16887709038462062
66570,0.2648110549424606
66573,-0.3735992251729419
66576,0.00288291936200406
66578,-0.27548247486493943
66580,-0.19431762798785784
66583,-0.18197618885642425
66585,-0.31516860503026983
66586,-0.25580834390396523
66587,-0.21306768448639385
66590,-0.11030510650853736
66592,0.0425092073169508
66593,-0.21686804043538105
66594,-0.0341581301287883
66595,-0.1314956577350446
66596,-0.03464472120455789
66597,-0.2563626742770574
66599,-0.06838836208661486
66601,-0.21397525541696585
66603,-0.4773399432503711
66605,-0.13927462233720372
66606,-0.3034083965521579
66609,0.08717470689266404
66610,0.3224470730535391
66611,0.3974098807414472
66612,0.04595515012700599
66614,-0.03574764962007826
66615,-0.04545632183914082
66616,0.23727064538985224
66617,-0.1713009547938549
66618,-0.09214105983547212
66622,-0.10971504413766174
66624,0.4222123438648984
66625,0.15777358060897523
66626,-0.14750145010008503
66627,-0.08620910965155067
66628,-0.2578069400157971
66629,0.08666270323231647
66631,-0.14028890098739144
66632,-0.1856531784172663
66634,0.3313602076343459
66637,-0.06671713939137996
66641,-0.26317783796739835
66642,-0.07099536502306732
66643,-0.1716101739000569
66645,-0.2830568689147232
66646,-0.2370711049882386
66647,-0.194598832457129
66648,-0.16645793841029316
66653,0.34806537389371306
66654,0.3031043042315553
66656,0.16054155100159895
66658,-0.3484347841227107
66659,-0.09565642845589883
66660,-0.01087503821688464
66661,-0.04749006998003339
66663,-0.0986737134991488
66664,0.01470986524008393
66665,-0.6167771679138867
66667,0.13617511687671868
66671,-0.7460948465735097
66673,0.5443522007965952
66674,0.00185276792778027
66676,-0.03146381939308
66679,0.01643179569220352
66680,0.15245106842127304
66681,-0.3433908196841297
66682,-0.17231811882814618
66684,0.24186745834939943
66686,0.03921830144553143
66687,-0.17129418591771814
66689,0.2020532257090724
66690,-0.4183376901238879
66691,0.29974005033918527
66694,-0.15708155438722315
66695,0.26664882468538403
66696,0.03053899556874909
66701,-0.3397831065075499
66704,-0.06529489580007408
66705,0.00698264337241242
66706,-0.1087415843823486
66707,0.7385758179088394
66711,-0.15025098211024518
66712,0.5869558284315396
66714,-0.9274901150914564
66715,-0.1716776042647676
66716,0.2938237306154391
66717,0.1321851116295587
66720,0.00339596803612618
66722,-0.43773244809472567
66724,0.2887060163788313
66725,-0.14747177865394365
66727,-0.05375647280879071
66733,0.9520666246963874
66734,-0.167688374090434
66736,-0.29226367838351175
66743,-0.1703381118051834
66745,-0.02276193068268016
66748,0.12392877450979944
66753,-0.16206040613680672
66756,-0.10012534644527234
66757,-0.14477712066356352
66758,0.00205186982857741
66761,-0.5709614154243792
66765,0.4604543401865826
66766,0.03964826164862761
66768,0.06962419339979553
66771,0.02330445807561611
66775,0.19462052239866945
66787,-0.07232927888557825
66789,0.4095690705116264
66790,0.2894565495452809
66793,0.19886057949483932
66795,-0.0789354012917382
66797,0.22955745680555703
66799,-0.4896314279964946
66801,0.01380436614357194
66805,-0.9391426709824244
66809,-1.1084821986670566
66810,-0.4408428248122761
66811,0.76363577762271
66812,-0.2297826679673507
66813,-0.5864691654619912
66815,-0.2926859562930103
66816,-0.7296303336868435
66817,0.5616636129175433
66818,-0.05984053379308957
66821,0.01526594803197966
66822,-0.08284728180159456
66824,-0.17491095067749438
66825,0.8213970453365322
66826,-0.12396718742193973
66827,-0.17356698732707004
66830,-0.09240002172145848
66834,-0.09175313596184494
66836,-0.13926312130057605
66839,-0.2478432491125672
66840,-0.1782369095040387
66841,-0.11502803508392996
66844,-0.236621613290052
66847,-0.23161679117880635
66848,-0.5921748285424515
66849,0.4663647828596641
66853,0.1623534608255872
66854,-0.15380095523512038
66855,-0.06855540467818408
66857,0.03795704944793018
66859,0.5240350579780121
66860,0.26622735478309334
66861,-0.08155654988157106
66863,-0.1572874560318162
66864,0.06221485354947723
66865,-0.06167924154135334
66866,-0.05672517128441377
66867,-0.1161541654060446
66868,-0.19377920892020345
66870,0.03508714580849211
66871,0.01832258414401368
66874,-0.416635207424758
66875,-0.02145770517416984
66877,0.01513919729051581
66878,0.192302349619626
66880,0.0034079215059454
66881,0.08272605712549429
66882,-0.0284862036368826
66884,0.04371313048141544
66885,0.45442736081474017
66887,-0.13087195932972842
66889,-0.0286717247638439
66890,-0.16855873015614586
66892,-0.104352811178205
66894,0.06831153966660629
66895,-0.8144357215250507
66897,-0.49247624644499144
66898,-0.18046427617946553
66899,0.11646829209724942
66901,0.18828482529298593
66902,-0.0941194764087346
66904,0.02013582236452384
66905,-0.01289664937048532
66910,0.5717571132825017
66911,-0.13138422378835865
66912,-0.1327904670993127
66913,-0.2695438072667733
66914,-0.10466015737312412
66915,-0.10785111257673824
66916,-0.02719738186992568
66917,-0.09289044944017068
66921,0.2395698243810841
66922,-0.28380008520758954
66923,0.13054481569318377
66925,-0.16398638320875614
66926,-0.04084280257169715
66928,-0.0929214190131669
66929,-0.03207499351051984
66930,0.35397397128799524
66931,-0.4488779713848595
66932,0.05340364881803355
66934,-0.4395826814034121
66935,0.14981262885154173
66938,0.06912139064613915
66940,-0.04922248236831303
66943,0.13535599928697903
66945,0.00455105172799136
66948,-0.6439283961656939
66949,-0.11651017965526422
66950,-0.2195270229725583
66957,0.0906956506996664
66958,-0.11598034329444622
66959,0.11677293971903852
66960,-0.1420331391476643
66962,0.05146256273251103
66964,-0.26168693014042044
66965,-0.15671873729248387
66966,-0.15685724790781871
66967,-0.9429756348895856
66968,-0.8123592018671191
66970,0.06953200430723447
66971,0.14138847399310844
66972,-0.4303539527418993
66973,-0.07072160813238944
66975,-0.2501860623635899
66977,0.28182282456307145
66978,0.1308957079217536
66980,0.20065645387127945
66983,-0.4424742190175168
66985,-0.14106300187764248
66988,-0.1928027513835326
66989,0.2063935289528608
66994,-0.2650446394927132
66995,-0.23289352021497456
66997,-0.03592213216557961
66998,-0.08176051958954385
66999,-0.1323786375624529
67003,-0.05184276741520895
67005,-0.14020824986707747
67006,-0.18569113527790068
67008,-0.07595532686741517
67010,-0.0738824059909768
67011,-0.25728280283524924
67013,-0.2156943545175336
67014,-0.16042134544460213
67015,0.03794665209689055
67016,-0.04986103809346424
67017,0.36911603345295246
67019,-0.4805583832964693
67020,-0.24543582727324012
67023,-0.04479014365034753
67025,-0.18151669474312945
67026,-0.00503671025261531
67027,-0.1626985608008291
67030,-0.0754735211480318
67031,-0.0223956189330396
67035,0.39251208473718946
67036,-0.07988326141382798
67037,0.1963879388199155
67039,-0.10354839162468264
67040,0.01266353284619412
67041,0.08682131545573527
67042,0.02833026925832801
67043,-0.16959989970775602
67044,-0.0646506199333637
67045,-0.10013512105831608
67046,0.21592045793815048
67048,-0.08381812641458444
67049,-0.25916212463970933
67050,-0.4634349943120284
67052,-0.19586983053574047
67053,-0.09010020140384048
67057,-0.10737264660045844
67059,-0.07347806743768523
67062,-0.8010629832884837
67063,0.09604734231032476
67064,-0.01003194732296601
67065,-0.8216728746979272
67067,-0.12824200028888252
67068,-0.0230963713762219
67070,-0.06025600196768106
67071,0.8387094873022085
67072,-0.2200102127181142
67073,0.2671636378234407
67074,0.06854472231024356
67075,0.12211777706690984
67077,0.17625207780733348
67078,-0.2048919769945257
67080,0.6941575706581756
67082,-0.7497018562127138
67085,0.4376272319349527
67087,-0.2712779762524232
67088,-0.08691703974336862
67089,-0.3483979785959666
67091,-0.12468727541133456
67092,-0.06052329694982967
67095,-0.01515115549602082
67096,0.01019408914602033
67097,-0.20623091785109393
67099,-0.2681316114721714
67102,0.08447713896403908
67103,-0.3301564298308647
67105,-0.3964107061988294
67106,-0.23349978376838665
67109,-0.2389744005165008
67111,-0.1536777711683076
67112,-0.13509978040034398
67115,-0.06183437010597606
67117,-0.091624419441091
67118,0.05633805888048884
67119,0.1825370304224827
67120,0.06127934805935683
67121,0.06250770919068352
67122,-0.2098387864692805
67123,0.01467349094384423
67128,-0.5667751571113598
67130,-0.1076143131096249
67133,0.01912141230468424
67134,-0.0817723223908303
67136,-0.12972735774346555
67138,-0.00147743015353549
67139,0.13355521752446825
67141,-0.18433656290701503
67143,0.0531378296939729
67145,-0.04573827370775187
67149,0.16805712946826226
67150,-0.04013490366758267
67151,-0.06917288437005122
67153,-0.16108628344070777
67154,0.07343789296357141
67155,-0.25000588450190414
67157,-0.6438256922395018
67160,-0.16181340373838252
67161,-0.4083748343593928
67163,0.01709465286890447
67164,-0.29896152827341216
67166,0.04188330004502735
67171,0.03820695785909579
67177,-0.08231364345865208
67178,-0.23027996678789872
67180,-0.11606352010410956
67181,0.115004677635732
67182,0.0658427514839882
67184,-0.04729462061641277
67186,-0.02556968706691532
67187,0.25250056644025726
67196,0.1661539276945396
67197,-0.27487646817338457
67198,1.3149554970497703
67199,-0.1814967522913067
67200,-0.17309437405982475
67201,-0.23952772881135165
67203,-0.03217167676516014
67204,-0.09704681316117544
67205,-0.24129987413833567
67207,-0.16556086584783164
67210,0.07339551758294244
67211,-0.16930797478770446
67212,-0.13976784326798725
67213,-0.0147901961338628
67216,0.07918329267051324
67217,-0.6213041094537965
67219,0.0871509541736379
67220,-0.04689140568265097
67222,-0.12192442203754247
67223,-0.2985670449188241
67224,-0.15699195741828267
67225,-0.1358228529097826
67226,-0.00483818383808056
67228,0.09075586002404357
67229,-0.11340535497180752
67230,-0.04197049610892072
67231,0.0406175279205915
67235,-0.0475839838077791
67236,0.16143740790275832
67238,-0.01670539392094616
67239,-0.2102469717615486
67241,-0.0729610684763248
67245,-0.15143460253227017
67246,0.09272521492922484
67247,-0.06568613511428051
67248,-0.00559410482122633
67249,-0.41071847794292976
67252,0.03566130123117453
67254,-0.2936234886508038
67255,-0.4295708322274784
67263,-0.1206939748859076
67264,-0.03900004739842435
67266,-0.16261164150550625
67267,-0.08018869841422444
67268,0.02554815898907566
67269,-0.01004789207727818
67270,-0.092452303373645
67272,0.1796987103307844
67273,-0.06173038186147762
67276,-0.2298450940803365
67278,-0.10066198854928252
67279,-0.23001102429732273
67282,-0.2416669689314304
67283,-0.12457912400238597
67285,0.20712738268907285
67287,-0.1788999572824992
67288,0.0904250577182981
67290,-0.32863677355726617
67291,-0.06937036035527
67292,-0.10175650404416524
67295,0.03943027677854742
67296,0.01709351633633969
67298,0.00229312355130125
67299,0.22903131681293917
67300,0.02229782135753258
67302,0.2406376483141387
67305,-0.41047003141436433
67306,-0.00486701162352367
67308,-0.09282420922821222
67311,-0.38126713628784703
67313,0.7709512127393842
67317,0.9822879253210386
67326,0.12445599959864628
67328,0.1306614944802965
67331,1.372729559200855
67332,0.02594897037358656
67333,-0.2941127186474579
67337,-0.11007472567713451
67338,0.14097002952617185
67341,-0.5520035558361065
67343,0.56194442769422
67344,-0.0189021469415342
67345,-0.12135734732663844
67356,0.38591915771237784
67358,0.4889152065362826
67365,0.34759307827354513
67367,-0.20228959901039828
67369,-0.06403329020170803
67370,-0.5760991904461772
67371,-0.08769853113110795
67373,-0.27225178800005356
67374,-0.00576509471771053
67375,-0.03865158758292639
67378,-0.7254290624460175
67379,-0.04271521658476952
67381,0.0158307290290596
67382,0.19645103915378387
67383,-0.13360513923152414
67384,-0.2653405614177164
67387,-0.11309724095344756
67388,-0.04750777376480339
67389,-0.2541968728147316
67390,-0.18294735853462127
67391,0.02735970362044031
67392,-0.10736036445836898
67393,-0.10116702809862128
67397,-0.13615058477141312
67398,-0.04004490634735397
67399,0.13098982214633742
67402,-0.3115337299718918
67414,-0.0349409121968013
67416,-0.12394322712715536
67417,-0.4511920797588844
67418,0.03155317388287734
67419,0.3084720151928427
67420,-0.4665052406812238
67422,0.12613451269055728
67425,0.747965743723477
67426,-0.03185546126705049
67429,-0.03316681959402769
67430,0.726085323091844
67432,0.2973010392183072
67433,-0.15359102486080894
67434,-0.06610446501675483
67437,-0.01751047514878281
67439,0.031722364788976
67440,-0.02797898134059974
67443,-0.03401942761002513
67444,-0.0959436183155178
67445,0.14787692961808677
67446,-0.20386201363150147
67448,-0.6278636849785002
67451,-0.31037552548542346
67452,0.01951598007223862
67453,-0.09644874592608008
67454,-0.21984856534979297
67455,0.4162388077372831
67456,-0.1024844774394839
67457,0.01817804710607361
67458,0.17175233383890995
67459,0.45749373100596424
67460,-0.182989237459876
67463,0.05498055453029735
67465,0.01964775436163679
67466,-0.12836662633069107
67467,-0.00713702346088194
67468,0.07458460438751807
67469,-0.15314323427323728
67470,-0.30008469595875864
67471,0.12198640470764475
67472,-0.17638232856148667
67473,-0.1799121459733868
67474,0.1867834826751721
67475,-0.04770901218255401
67477,-0.8524214191087819
67480,-0.0238083012521041
67483,0.35923012935047527
67484,0.8728978147944195
67486,-0.06432490771828087
67487,-0.05569378106936427
67489,-0.16121347037641856
67490,0.02704525352540298
67492,0.10736990920191966
67493,-0.02162717102538759
67495,0.1557578672229819
67498,0.3537406938841507
67500,-0.1425365372936256
67504,-0.15254337006154728
67507,-0.39301505623602295
67509,-0.6697908343902521
67510,-0.7690703395754562
67511,0.03758784148402792
67512,-0.1861289939388075
67513,-0.0340982721942279
67515,0.06949683248630112
67516,-0.2721826360577888
67525,0.30564464292497184
67526,0.16297364116978658
67528,-0.15091701388396525
67529,0.07230449704813777
67530,-0.19408714145750708
67533,0.4645074114559684
67534,0.2542656289151165
67537,-0.721236993015613
67538,-0.2211777089976466
67544,-0.4898490308845686
67547,-0.31676583795293656
67553,0.6075162811227965
67554,0.4641109634662294
67556,-0.12499491725002712
67561,-0.00961433467343293
67563,-0.07434734997727999
67564,-0.528717890368436
67568,0.3954359192574199
67569,-0.0638442510952194
67573,0.2648734803880604
67578,0.32804283997323175
67579,0.9016050433969732
67580,0.2198043282990256
67586,-0.13734833394625487
67588,-0.35618265684498945
67590,-0.2783791450091308
67591,-0.02821545209842336
67592,-0.22449492591749123
67596,0.00345396386064587
67602,-0.5101604341013178
67603,-0.0323691615790732
67604,-0.2601695154813446
67605,-0.6559094937184559
67606,-1.3962383825389424
67608,0.00778351489468991
67609,0.08481844347583584
67610,0.05591980490387498
67615,0.13514101045766372
67618,-0.08706285902835337
67619,-0.3817733563243541
67620,-0.11966192219318111
67621,-0.16197776809307834
67622,3.124023493044498e-5
67623,0.11350166165143474
67628,0.02751419772679186
67629,-0.21193441054581105
67630,0.5372354740167339
67634,0.13376481903924478
67636,-0.30937285955673965
67645,-0.475359555252649
67646,-0.2633189194038226
67647,0.31845754108854274
67652,-0.6091662372236438
67655,-0.1291704341511977
67657,-0.2506666260144309
67661,0.4676797378603019
67663,0.05406164730496637
67665,-0.01668912149713197
67666,0.4358470304905815
67667,0.1599760963769587
67669,-0.05619770644356775
67671,0.01092968576157201
67673,0.09843226093330489
67674,-0.09790932507314398
67675,-0.03205671723172265
67676,-0.06986523098417369
67678,-0.08215247608405554
67680,-0.13772136637723426
67681,-0.3019547592006825
67683,-0.08057830300043291
67684,0.06375738021038771
67685,-0.2642276400126672
67687,0.4205534258510571
67689,-0.05566193176663635
67690,0.02305873170316785
67694,0.24122530495613229
67698,-0.32326825570344153
67701,-0.0793176761984754
67702,-0.07392556220418625
67703,0.5421269473442492
67706,-0.05257474424057555
67707,-0.08719298562525045
67709,0.22702020146592172
67710,-0.11814390751414924
67711,-0.2027749028995298
67712,0.1525330036803151
67717,0.4843512622568707
67719,0.19121677440806903
67724,-0.14254339912510874
67725,-0.17087658872165082
67726,-0.08383443257523278
67727,-0.04204986032347396
67728,-0.03422644048978082
67729,-0.31766458616306853
67731,-0.16605380490921565
67732,0.0375511336898387
67733,-0.23786008460954197
67736,0.1592809789002274
67738,-0.194730622371634
67739,0.09769397445245188
67742,-0.19372318084189888
67747,-0.33571984658115417
67749,-1.0907367497880944
67750,0.09103384235218284
67752,-0.0317599244850294
67753,0.5356820766323154
67755,-0.2270443082509402
67758,-0.24160811288361628
67759,-0.00686577010988918
67760,0.03490485782468172
67763,0.00134832672201534
67767,-0.1262680083220369
67768,0.06638098075168627
67769,-0.3369077615341758
67770,-0.10946726258317398
67771,0.01595832095401496
67772,7.466524006941172e-4
67773,-0.10328583202471152
67774,-0.1735693437139452
67775,-0.17599560547581888
67776,0.347207501020395
67778,-0.13297032450134744
67781,-0.1381499323982878
67784,0.05923196613849615
67785,0.056499760302624553
67789,-0.32925371932646297
67790,0.3356847506613173
67792,-0.04613675505681182
67795,-0.15130328047799502
67800,-0.0899224583105488
67801,-0.7086370800383114
67803,-0.03650596216557271
67804,-0.09600529289472966
67808,0.02128387421810376
67809,-0.4610605991470268
67811,0.00267112160394644
67812,-0.2539443141546796
67815,-0.05416428778830039
67819,0.09343873936956262
67821,0.10679798004793736
67824,-0.14357470763945085
67826,-0.09032937106199498
67830,-0.11954766073895384
67832,-0.0928545085329669
67834,-0.0562442536125351
67836,-0.4405943144350144
67838,-0.02742154312255583
67839,-0.0461172652040924
67840,-0.09981017427056846
67841,-0.17933284199398175
67842,0.10516522234240092
67843,-0.07992315435159478
67844,-0.0983684569874281
67845,0.08692559008263383
67846,-0.5676639845659894
67848,-0.08810764364926016
67849,-0.14856204296021894
67851,-0.12933444502126543
67854,0.25847555625164315
67855,-0.15320448179171595
67856,-0.3345233502057883
67857,-0.04025296091445718
67859,0.5206642134900594
67860,0.0301046148556299
67862,0.21485424158274635
67863,-0.10989859368464516
67864,0.1584015395434092
67865,0.02341665821657573
67866,-0.2721831247277405
67867,-0.03165898781251252
67868,0.24711023599740553
67869,-0.00967366877403189
67870,-0.282724363908486
67871,-0.01915565063765615
67872,-0.19242813449485344
67873,-0.03800991517711337
67874,-0.33722687300709603
67876,0.06650972658070993
67877,-0.3229620477664218
67878,-0.4178165583761262
67880,-0.1359915590980815
67881,-0.34668591898839485
67883,-0.10263091317784674
67884,-0.3724639741113867
67886,0.3141444948741179
67887,-0.03506444739754864
67888,0.3318204872968457
67889,0.0797902433523198
67890,-0.23777443509925825
67892,-0.4898168709728093
67893,-0.13118932672188788
67894,0.00831597337645502
67895,-0.03135783451419691
67896,-0.5632317156894254
67897,0.09624488137377796
67898,-0.06719007389734563
67899,-0.24564673992493236
67900,0.2887722184741736
67902,-0.29921697930772984
67903,0.2285698923545631
67905,-0.16265414159664943
67909,-0.357487650566815
67911,-0.3087260557738618
67912,-0.21356246917031965
67914,-0.672654766083839
67916,-0.03574848880543767
67917,-0.7206398080499028
67920,0.0171755663969847
67921,0.147809137638306
67922,0.02359123046084646
67923,0.02117256339571853
67926,0.7210008117460285
67929,-0.05508687455883158
67933,-0.3749189811447504
67935,0.4039991072290959
67936,-0.17292467249505697
67937,-0.00976789657830511
67938,0.05865427910135418
67941,-0.1987306914047203
67942,-0.1376300644327048
67943,-0.13491994725709347
67944,0.12364920243197387
67946,-0.26095392502047
67948,0.14931010067552403
67949,-0.05320301996935992
67951,-0.04654605928885141
67952,-0.2030995601260867
67955,-0.07210912845414662
67956,0.26117734317046587
67958,-0.31251128088399427
67959,0.04807823392462791
67963,-0.20976125104836052
67966,-0.498225649842041
67967,-0.01789317233209175
67968,-0.39268844941689934
67971,-0.01985055024053042
67972,0.20936337402444496
67973,-0.0450689775110329
67974,0.7422350491761949
67976,-0.03782120218986626
67978,-0.48918718510725134
67979,-0.16916132364419137
67980,-0.17161259345658347
67981,0.7118092420009048
67983,0.03132727496643599
67988,-0.1064205029436787
67991,0.3008407855503835
67993,0.09301423683059616
67994,-0.48150601148960515
67996,-0.1333656268593268
67997,-0.1969551671077917
67998,0.2947689060083333
68001,-0.17569147872295723
68002,-0.2635250029129142
68011,-0.06504597281615554
68014,0.15150694365971362
68015,-0.22524032159802151
68016,-0.34074442561264306
68017,-0.5319660818378653
68018,0.46518413905700967
68020,-0.04163029822878617
68021,-0.11046460541031596
68023,-0.1840394668702147
68026,0.11419141650217011
68027,0.06056651265255787
68028,-0.22282445130342865
68031,0.1765347560119376
68032,-0.2250018443138203
68033,-0.05155301291029239
68034,-0.05081215926109437
68035,0.00657899258629778
68036,-0.10457724902578924
68038,-0.03432387312797146
68039,-0.15205816758155744
68040,-0.16462406716767475
68041,0.1422847017458231
68043,-0.13470367364006625
68044,0.04721843705333924
68045,-0.0373462102980174
68047,-0.09037114887296056
68048,-0.1297192006900117
68050,0.03979559909337261
68052,-0.05850207498442881
68053,-0.4916272855101348
68054,0.09816813251195453
68055,-0.06283808512423086
68058,0.00440285534571821
68059,-0.06400723717490271
68066,0.12376136698255424
68067,-0.05061584052436585
68070,-0.5625936524221907
68073,-0.1647238373591835
68075,-0.21955911641794787
68077,-0.19809633157209644
68079,-0.21405902750821937
68080,-0.3608385839444752
68082,0.3474584355422051
68090,-0.2253405124818192
68092,0.31038484756312834
68094,0.46088920259278143
68097,0.18558494500447745
68098,-0.06577343149293871
68099,-0.6336833461496292
68106,-0.3187806949382769
68107,0.22674542689481617
68112,0.05094727634255402
68114,-0.15015612942394255
68115,-0.2461247108273216
68117,-0.43909569442607016
68118,-0.10309698876543608
68119,-0.14813048065420242
68121,-0.0236726434803159
68126,-0.1314435791118035
68133,-0.17021797290851015
68134,-0.24898843485491923
68135,-0.08760490071837959
68137,0.05348724799037842
68140,-0.06999466060786969
68142,-0.05896578663571984
68145,-0.3948456836528736
68146,-0.09472728949451108
68147,0.05210514028093213
68149,0.08035785686025335
68151,-0.18577760414394637
68152,0.07128524076683934
68153,0.1132457294793077
68159,0.00130304858877877
68165,-0.09743104909009262
68166,0.4760401706311389
68169,0.266798887563288
68170,-0.3284122966292112
68172,-0.5076705883659691
68176,0.9932289087475732
68177,-0.13616059959505022
68178,0.01177549609396701
68183,0.02587925132718492
68184,-0.01893554144061508
68185,-0.1294929763194332
68187,-0.35904747528033987
68188,0.02910683540987332
68192,0.2060054292390879
68196,0.0557489873764358
68198,-0.15263370715408697
68201,-0.2551224551426871
68202,-0.11862583012687354
68203,0.21868550727296449
68205,-0.1491530630718389
68209,-0.10422664077151428
68212,-0.09603053441656063
68214,-0.2856736379428886
68215,-0.3919648457412944
68219,-0.11227933656886104
68222,-0.5186370510598345
68223,-0.26525299674510705
68226,-0.3841224903311419
68229,-0.17012909341315774
68233,0.15565158258051331
68236,0.0088821365741279
68240,-0.3848127973629936
68241,-0.2593840745227153
68243,0.553654387294017
68250,-0.09684108919257668
68251,-0.02987191980327182
68255,-0.1222796246006538
68259,-0.16969542194183218
68260,-0.32265073934541366
68262,-0.03782174818294415
68263,-0.203945909175124
68267,-0.07462837522127296
68268,0.01177399150432584
68270,0.1333040473958814
68273,-0.23112152049881513
68275,-0.137099093804312
68276,-0.42206368581630566
68277,-0.21204804003517724
68278,-0.07677047920072251
68279,-0.07353339360860817
68281,-0.2568876713567386
68283,0.11791165964591084
68291,-0.1210116194943143
68292,0.08406110054351179
68294,-0.15970022064291362
68295,-0.08657078436892868
68299,-0.2625218772619712
68303,-0.5734430140204885
68304,-0.1689708153591582
68307,0.11027885874650382
68310,-0.0251223813961012
68311,0.35439489214227304
68312,0.03528971324208903
68316,0.5002922090351136
68323,-0.27595596390459504
68327,-0.08805209522532226
68328,0.5775113197045048
68332,-0.2594456914096691
68337,0.04887373321460258
68338,-0.40068056608752656
68339,0.13801663566851263
68342,-0.08172408017565089
68344,0.047936988887943587
68346,-0.34634472361575175
68347,-0.15983509879288044
68349,-0.06001928300504729
68350,-0.20284158006971276
68352,0.06499144887820364
68364,0.0174692346821505
68365,-0.1520270129184659
68366,-0.175099781872828
68375,-0.2674960175256542
68379,0.13242828711602156
68385,0.31218991085550596
68393,0.41492971916787136
68396,0.14684036168108208
68401,-0.07735308756812471
68404,-0.32809982145678585
68416,0.20652505473620195
68420,0.09778877225813912
68421,0.124085480882747
68423,0.24524964149921405
68427,-0.19998647491558785
68428,0.29001848988774714
68431,0.06690136070318098
68440,0.0914036427339486
68441,0.48980434410022466
68453,0.6316250159024235
68460,0.5193877874026566
68463,-0.0587144420894707
68465,-0.01269162253516704
68468,0.06517078811009613
68472,-0.5093713760244873
68473,-0.3848042684784147
68475,-0.12924000982163564
68477,0.499792773826344
68479,0.0263372053749946
68480,0.0596981051824019
68481,-0.03118003052659507
68487,0.07768923046796128
68490,0.0318204173254
68493,-0.22756497150286345
68497,-0.00200677830569732
68498,-0.4306292872247705
68499,-0.2791154892237453
68501,-0.10783946014729476
68505,0.324935651178586
68509,-0.2931222850230465
68510,0.0029298968848809
68515,0.02481419425727613
68519,-0.4163088019293376
68520,-0.11991055779918831
68521,-0.02844931626972396
68523,-0.08214370216192059
68524,0.13778991184503395
68525,-0.27967526590553643
68526,0.1381557669665548
68527,-0.03626552237784183
68533,0.04630473910117505
68537,-0.13941287418201867
68539,-0.07233202976290735
68544,0.1130447347497668
68545,-0.4562008208212503
68550,-0.8273191987091353
68552,-0.14382944061243702
68556,-0.15622824916808187
68558,-0.18858549824850415
68559,-0.11164526379340378
68563,-0.14489957223580985
68564,0.12363661837412
68565,-0.02722296430381548
68566,0.3552811612427548
68567,0.1363377601248995
68572,-0.09240898430011107
68576,-0.08513536704786986
68585,0.13129453200976687
68588,-0.0772739774009309
68591,0.04709183751882156
68592,-0.01195854079202418
68597,0.11789468330867205
68598,-0.03883830962694872
68603,-0.1159816542507549
68606,-0.04024037816861987
68607,-0.33086371229880457
68611,-0.06892206156892774
68612,0.2286554561534123
68614,-0.07791549583019272
68616,-0.4718797657119065
68617,-0.01047634809486677
68625,0.29024077555082173
68626,-0.02419259714454537
68628,0.03841482396801364
68631,-0.05560467003495568
68632,0.28381183444549124
68634,-0.25841827929001004
68636,0.29061591735910264
68642,0.0786068368725999
68644,-0.13076360277120974
68646,0.08030327418548824
68652,0.08472877596472285
68653,0.14208369269267687
68655,0.33573871694916657
68659,0.04932950115882038
68662,-0.14548017309456596
68666,0.05580683248120362
68667,0.02580098253722067
68668,0.16801650896977727
68671,-0.03789086707417967
68675,0.02048513244654417
68678,0.4253607908266012
68680,0.3221817763479086
68682,-0.04142501368018869
68691,-0.1254284097674794
68693,-0.01940143338095697
68701,0.6137281711094071
68703,0.7079541412318209
68705,-0.20333868044962244
68709,0.17660082146772418
68713,-0.11254843602900996
68718,-0.1850402662673068
68721,0.1810822423163604
68723,1.2382048592717445
68724,-0.03712199305911108
68725,-0.5657928359269312
68728,0.09312723549325767
68729,0.5016168594563607
68730,-0.08935397178372137
68731,-0.268693549179631
68732,-0.14680654414589084
68734,-0.26608543839957544
68735,-0.19012136511672773
68736,-0.5518752135656797
68737,-0.1301539758552372
68738,-0.07194190038273265
68742,-0.23722740494499076
68743,-0.19729281457130932
68750,-0.06386401430806249
68753,-0.20653001583552325
68755,-0.3100805308750317
68758,-0.094788305052302
68760,0.03409534825024626
68764,0.2113343906307661
68770,0.0428976795682483
68774,-0.2533125819342858
68776,-0.23569843718036676
68778,-0.0353235005028041
68792,0.03388035099669066
68794,0.19973755073203325
68795,-0.3104895071604956
68796,-0.08134291997217565
68797,0.5371991413409067
68799,-0.00930128124240799
68800,0.24843316276604896
68801,-0.09262762476951004
68802,-0.22405033357528192
68810,0.1844318495420648
68813,0.230713532801406
68815,-0.20179837523219513
68816,-0.44757747812917736
68818,-0.1102523606825804
68828,-0.43791543312862136
68832,0.01596728789919051
68833,-0.46136145445925864
68836,-0.1248638235311099
68837,-0.05354857999342435
68839,-0.2719912137498966
68842,-0.11718625790068024
68845,-0.15959102226812066
68846,0.07504573223069058
68854,-0.1973194307608434
68857,0.1419649376686117
68859,0.24105945924048544
68861,-0.30286118444360055
68865,-0.39467411951546894
68867,-0.305893555333439
68874,-0.44202013878893454
68875,0.3948026809386352
68876,-0.2117281044038091
68877,-0.03012488362391969
68879,0.0551700943522669
68889,-0.04483759748254248
68891,0.01267597917995651
68895,0.544436470114386
68897,-0.311741830229799
68904,-0.3317702169196207
68910,0.00818444797723579
68911,-0.02942149204642743
68915,0.02859105432079374
68916,0.02355818458066061
68917,-0.26742150594921293
68918,0.0236149431840893
68922,0.12168143233457154
68925,-0.03963467025855376
68926,0.01425796037829033
68929,0.05471730188742856
68938,-0.05291689142967541
68939,-0.4086850079600111
68942,-0.10140054212899768
68943,0.07161502976961046
68944,-0.0999888138222648
68947,0.4859148518090232
68948,-0.3095011342777366
68952,-0.12521366760557862
68953,0.04147629660400093
68955,0.09046341010805951
68957,0.15106020466445508
68961,-0.07006553895520559
68964,-0.10973901815864362
68966,-0.07151821504171076
68968,0.07726518161835838
68969,-0.05354174163153241
68970,0.21620583847202096
68971,0.9461735453482308
68972,-0.05831332843066997
68975,-0.24543100734121984
68977,-0.03814610482628889
68979,-0.07851272724312988
68980,-0.03474013914956213
68981,-0.22399216251112936
68988,-0.06678707093275224
68991,-0.14008034705444225
68992,-0.07329452623591205
68995,-0.19811089523883216
69008,-0.17845805729485864
69009,-0.2172409486767367
69010,0.0934824441535708
69017,-0.06102548906044672
69019,-0.06820613114948619
69020,-0.08242570796280915
69024,0.23696603745757375
69028,-0.18823387639192535
69029,0.03621338073055873
69032,0.25798829960799524
69034,-0.0633760612866116
69035,-0.11632988972218236
69038,-0.07907153837649389
69046,0.05928014937418466
69047,0.9830904598838734
69048,-0.3143540802603201
69051,-0.11011919840339712
69053,0.24491380415446443
69060,0.2224543726017731
69064,0.3822697024707819
69065,-0.04011014232091155
69068,-0.27468661272594586
69069,-0.2404910151027481
69071,-0.0740617180574096
69072,-0.1210709466188796
69073,0.08258040290489607
69076,0.00563624820490873
69077,0.01558137598271743
69080,-0.13281093603610128
69082,0.07907014614514785
69083,0.5245091951635764
69085,0.02082035853334729
69089,-0.14687224331024376
69090,-0.4340137386415587
69091,-0.03101824672940129
69094,-0.161844095148972
69097,-0.7199036827181261
69101,-0.04839489480062339
69104,0.21613127971207777
69106,-0.220795724855892
69109,-0.22641687589990367
69113,-0.04847614423795714
69116,0.2268477838975616
69121,0.7166539726005836
69125,0.0386429301479588
69126,-0.15230802024596996
69129,0.30157729335886163
69131,0.21162684360307293
69136,0.00208648447695231
69137,0.06082459588603725
69146,-0.11358371839022116
69149,-0.11816228913926027
69151,-0.6602281942804813
69155,0.03149166561735743
69156,-0.03197674350569998
69159,-0.15241354840387802
69161,-0.1406023049528889
69162,0.05497943794934776
69163,-0.2316965865450274
69168,-0.23233338475296603
69171,0.01771898010935067
69178,-0.1100166428061891
69181,-0.05214034681545503
69185,-0.12105516625876124
69186,0.06786813344144982
69187,0.02957070108064748
69188,0.10352245437111993
69189,-0.2027616638568131
69190,0.2506083009462371
69191,0.5662683432768926
69195,-0.2873435996747461
69202,-0.06257094401515063
69207,0.0659090824567162
69215,-0.3756121255539265
69216,-0.05746591742815485
69217,0.395711451756909
69219,0.11268963023212958
69225,-0.03115299334167558
69226,0.8290712816731949
69228,-0.06247420363498476
69232,0.05933011639994567
69234,-0.06331480895360313
69237,-0.1696410168564756
69241,0.01393149659949298
69253,-0.2389089763410624
69256,-0.3385762060058781
69257,-0.05358247911850657
69259,-0.3259484420864675
69260,-0.3836268126225495
69263,-0.5153996608457925
69270,-0.40003413747115024
69274,0.5722497082071774
69276,0.00784187065126295
69281,0.6296185613162844
69287,0.5067525354945124
69288,0.03921305952290457
69297,0.35944132109046795
69299,0.5272287644076228
69305,-0.17572702843882676
69306,-0.1645071189652577
69309,-0.2875714160706847
69310,-0.24168294628350764
69312,-0.09487671481066046
69317,-0.7360534293686073
69327,0.23595534676751947
69329,-0.6765890156279928
69332,0.4071039206766703
69339,-0.3680780508028203
69349,0.04372046666575618
69351,0.2917011584264937
69352,0.5222486421996531
69354,-0.137467371290653
69363,0.2501949886052987
69364,-0.16145185035447926
69367,-0.28201091043773446
69368,-0.12034586153454709
69371,-0.10496615615501916
69376,-0.49467128754199
69379,0.1199995539214219
69384,-0.03787568722463578
69387,-0.8491764900164128
69389,-0.1917189539510465
69398,0.2325748488706838
69399,0.06086405840729527
69401,-0.2261363012380859
69428,0.13702019458775458
69440,-0.3656488318926683
69444,-0.27244764267462734
69453,-0.40013050203821
69454,0.7672859798791072
69456,0.11195037056489116
69459,0.27136855412252703
69469,-0.36219399581492295
69470,-0.01027139246528394
69473,0.5874713749093922
69478,-0.26184284447783396
69479,0.5613769803842178
69480,-0.01941313680318036
69481,0.3213107641123123
69482,-0.13587530589028804
69487,0.12098267809203923
69496,0.17344466661072766
69499,-0.4501863372899887
69511,0.5077781372427861
69519,0.3095581156655005
69527,-0.21300351294647685
69528,0.293769251902186
69533,0.7288412789476932
69534,-0.15274149535307757
69535,-0.2026510069299204
69536,0.4829321199574851
69537,-0.06067952222392154
69538,-0.22766324506544283
69539,0.04213612134335636
69540,-0.5354258627260171
69541,-0.42750567209260265
69542,-0.21650462923619973
69543,0.4639875269998312
69544,-0.3538204678608111
69547,0.7644685177192793
69549,-0.32908608366227265
69550,-0.03544236852810448
69551,0.6271037636046062
69553,0.7123035011014283
69554,-0.06472610230554197
69556,-0.11943378132255636
69562,-0.08173429292459627
69564,-0.1812378556545255
69568,0.138570481075613
69572,-0.21874630894019753
69573,-0.5347958379894617
69574,-0.6886593562745947
69576,0.3145565742645043
69577,-0.3954300291947383
69582,-0.08052952603515902
69583,-0.04660921855412002
69587,-0.3891430042860392
69590,-0.2253935403010668
69592,0.40252470873810664
69596,-0.03084246827989843
69597,0.01435977986135181
69601,0.01700169615431656
69602,0.3127765728493052
69605,-0.14117750195370218
69606,-0.2956975812272744
69608,-0.42951992602276345
69612,-0.23777780072751437
69617,0.05561988613393624
69627,-0.2861074732185941
69632,0.5891032361676996
69634,-0.4836568529786005
69635,0.3058036777365576
69638,-0.00980050144979566
69639,-0.08923205611064546
69640,0.4388666648123229
69641,-0.11115410736887445
69642,-0.05137516241603365
69654,-0.05321602063786711
69655,0.28801885298268626
69656,0.5649149430721525
69660,0.2915175037629396
69662,0.20079776074161776
69663,-0.00990481276537987
69666,-0.06177088759454552
69671,0.15191928767657034
69672,-0.09408361761263376
69674,-0.12714694281002695
69675,-0.4715072021850024
69677,0.0735993048624416
69683,-0.2952043677679588
69692,-0.16350643091153366
69693,-0.10292903343345328
69694,-0.08342398827341761
69697,0.11035450089782708
69698,-0.24041282487364057
69700,-0.16340453224557783
69702,-0.00830872271326189
69706,0.02755243984523187
69707,0.14495170037986427
69710,0.08087048604373495
69714,-0.1254629333766545
69716,-0.4951556269246424
69718,-0.01149125709737901
69719,-0.2099102372584502
69721,0.22915073156986368
69723,-0.21943077312412823
69724,0.01033351890742786
69726,0.2050155929235436
69727,0.07897715695235794
69731,-0.03817865896402507
69736,-0.234728490707486
69737,-0.06421399906552866
69740,-0.17304856051566278
69742,0.4100176002651197
69743,-0.2674916600736956
69745,-0.2883375786675655
69747,-0.3076918315010535
69748,-0.09340516321898606
69752,-0.21881310642668125
69754,0.0448525864287732
69757,-0.0358025471335779
69769,-0.06086568427812933
69770,0.0234279057341837
69772,-0.8787959166304213
69773,-0.29579124358739134
69780,0.093022926234142
69784,-0.4496715714857802
69786,0.04334553447318446
69790,-0.17353528884775585
69792,-0.1803886227302754
69802,-0.2325015814133948
69804,-0.06954192382767019
69806,-0.1640789601879104
69807,-0.2872215284642416
69809,0.07804316265316288
69815,-0.3396895239485417
69816,-0.16611341580010386
69821,-0.1459604514202716
69823,0.03780979210370714
69824,-0.2831280549502281
69826,0.9958973738019116
69833,-0.104603046028804
69834,-0.06191261093520633
69836,1.0205327825695565
69837,-0.19431295364699663
69847,0.461478637669789
69852,0.07004321397565054
69860,-0.07062948845443612
69861,0.8376326605366782
69863,0.01190004332868296
69865,0.6216110536796412
69870,-0.13745310176723993
69876,0.00602572029974924
69878,-0.13583343521892824
69882,0.04085118958760132
69885,1.1302551819794535
69890,0.04951337549789883
69893,-0.7445089562157743
69900,-0.26500651976918516
69906,0.33011312886518285
69908,-0.19837745324947703
69912,-0.25804430266893263
69917,-0.08720196090824239
69920,-0.07781019880319608
69922,0.10818688290249492
69923,-0.551850433771601
69926,0.2935710893322993
69928,0.8430031970293725
69934,-0.24278844540906477
69938,-0.7624252050484251
69940,-0.08984525330442984
69942,-0.4910796897657022
69955,0.05846852586877456
69956,-0.04981864194910527
69957,-0.14397297035441892
69961,-0.1206673187330842
69962,-0.00592897375789992
69976,-0.2345706534591357
69981,-0.2274791138135746
69982,-0.16246011428943286
69983,-0.2319519994902932
69987,-0.10669540708484988
69993,-0.16707481976138708
70008,0.00727052375674877
70012,-0.15517461973506272
70020,-0.28677393283949926
70024,-0.04316291830793101
70026,0.1247625121770681
70028,0.25992626101974997
70031,-0.34161493599675996
70044,-0.18033280217053185
70047,-0.1849021831478699
70052,-0.01260389702825891
70054,-0.5259424759248975
70059,-0.23794949567245072
70060,0.44962468860796045
70061,-0.09957749223022055
70069,-0.3947861668759528
70078,-0.4067936022414379
70080,-0.2021941559599214
70082,-0.3224851228113601
70083,-0.27656322241762415
70086,0.2727810247675396
70088,-0.07576612303690267
70093,-0.0911557383099612
70097,0.2398599668889401
70099,-0.10321000910175408
70103,-0.01209695806338308
70110,-0.15075656320723138
70113,-0.5765663598374111
70118,-0.17918330134599347
70120,-0.18816373611610976
70122,0.3015978965726736
70127,0.5981976415428116
70129,-0.4783803306168488
70144,-0.5269916897608271
70152,0.15999166397832087
70153,-0.2693962614266275
70155,0.09219704970714956
70160,-0.08789611565058664
70166,-0.14692037476034697
70178,-0.02967525985659926
70186,-0.2256161156354581
70207,-0.2755910170290995
70208,-0.25597561146909514
70209,0.019112916013114042
70223,0.17140760625588683
70225,-0.01615730567489831
70231,0.33513592450420737
70233,-0.06723284846547584
70235,-0.28213043223009937
70237,-0.05478641198176578
70238,-0.05167190810030871
70239,-0.068236669535499
70240,0.3037930960373739
70248,0.00524639132451219
70257,-0.02468731938172779
70266,-0.09643289845112615
70285,-0.11338964783598345
70291,-1.2176663838736008
70294,0.00227630502552986
70296,-0.08058507724992155
70297,-0.11313192699831531
70300,0.01624451916686617
70310,0.21744575563636032
70312,-0.07737088855597735
70314,-0.05071062570509327
70315,-0.16330683551681857
70316,-0.24348081861234175
70317,-0.26282638692231974
70325,-0.4824610697584252
70333,0.04202967396403914
70335,0.33838729191069145
70348,-0.06256429695591618
70349,-0.03250354684993893
70350,0.2579153199596163
70351,-0.05428636875827158
70354,0.19864514359902535
70355,0.1744431953421412
70356,0.08764728636615753
70357,-0.1871537560488164
70358,-0.02917285329580604
70359,0.05982433262747434
70361,0.05379533562883829
70362,0.8071451352066299
70363,0.987960812691969
70369,-0.18970884904143875
70370,0.00256694812389292
70373,-0.21496382086996307
70375,0.25390727780471267
70380,0.1933334567626215
70382,-0.14128848605921668
70383,-0.04173571054564373
70385,0.26507100422463936
70387,0.13964040420474577
70394,-0.09251277749979228
70396,-0.06422441643744903
70397,-0.2048718948298952
70405,-0.3497711138540938
70408,-0.35350891219729896
70417,0.01780822523866049
70422,-0.3912652234508598
70423,0.00342382625657861
70425,-0.16421402244012362
70426,-0.2649442672371676
70427,-0.31844713246807804
70428,0.15645704530917037
70430,-0.3384476075094057
70432,-0.16890639231886573
70433,0.1976624079068162
70435,0.18311046763470865
70439,0.15462066951790146
70445,-0.8381331921837851
70450,-0.01079007945543742
70451,-0.1025879024999514
70454,-0.09107344837668133
70456,0.09740509731354496
70461,0.05023341402970181
70465,-0.1778144194061043
70466,0.34559239652342777
70470,0.199389542070188
70472,-0.01166600289087994
70478,0.32625929586340063
70481,0.6006315295086457
70484,0.07847896518221623
70495,-0.02714593299593202
70497,-0.00538548459460114
70503,1.623173189404248
70508,0.09576611216757712
70510,-0.09800959557873216
70511,-0.16082118949599605
70527,-0.20546216306783743
70530,0.06968990405049245
70533,-0.5007140117560294
70536,-0.14879366195090415
70544,-0.24921263699000823
70546,-0.07482610183952576
70549,0.1336566149145246
70551,-0.4970622170906931
70552,-0.09432069440031766
70556,-0.30726862437143954
70560,-0.11851724864103463
70561,-0.17067640678056886
70564,0.19559085621793493
70567,-0.15062536824614092
70568,0.03516898117696761
70571,0.10659722367254776
70572,-0.15601794529793833
70573,-0.2387447826026653
70574,-0.12268353227786738
70575,-0.24684558039461824
70579,0.00272355359425599
70584,0.01601867345874611
70591,-0.16948574180137155
70598,0.07676850586321912
70599,-0.3665010387876215
70601,0.04207342243620315
70603,-0.21423985694844985
70604,0.3066729871626367
70605,-0.13848949844810915
70611,0.03859464043936997
70612,-0.26183780073066465
70615,0.1827282873054862
70616,0.0136264574481899
70617,-0.09789951997282607
70625,-0.06238795370131993
70638,0.142800324379405
70640,0.32071831948250484
70645,0.4007502696771897
70650,-0.24694754590545423
70652,-0.08436384279795157
70661,0.09497890462264973
70673,0.02781206332040877
70675,-0.02848609272571585
70681,-0.01751093059406103
70683,0.09520272966658726
70686,0.2739958796415145
70693,-0.04019009768080117
70699,-0.05338439800180075
70701,-0.3859672157077916
70713,-0.3865411496285701
70717,-0.02082611450388014
70719,0.01256603797831048
70726,-0.31356268375932733
70727,0.08701699201840835
70729,0.2483003334824193
70747,0.19625132024369352
70750,-0.126259881835131
70757,-0.0219635125956516
70762,0.01989229438694768
70767,-0.06314886734616483
70769,0.09395636300748292
70771,0.16491936953854608
70779,-0.05766089747493116
70784,-0.04953296130566396
70785,-0.0297872334083567
70788,-0.351640569167062
70789,-0.00497430599254164
70790,0.08326042862893943
70791,-0.04815476251498755
70796,-0.3907805913652762
70797,0.04125897424415038
70799,-0.2364250825382045
70802,-0.1801058178948736
70804,-0.18118392830030616
70807,0.08877596811450375
70810,0.06005040662636046
70821,-0.15852733109136227
70823,-0.24174222347275792
70827,0.585526904762171
70829,0.08027398490125015
70834,-0.3495142891366785
70835,-0.02936651279034307
70840,-1.0495787949716555
70843,-0.2884653687199016
70859,-0.15029536433697094
70864,0.11649485155036277
70873,-0.4457628011811155
70881,-0.4753140821291979
70882,-0.2648284144534637
70884,0.0713896717717627
70885,-0.09958699319871309
70891,0.3792523693124551
70892,-0.1362894133474438
70893,-0.3881464558421383
70894,0.35879328833543056
70897,-0.853154253642036
70911,0.3538346814339802
70918,-0.15017402672708902
70920,0.2836606515901954
70925,-0.2787860731076538
70928,0.358783739209848
70930,-0.1563367395490691
70941,0.3142281289643535
70945,0.17836224634711556
70950,0.2724975916131751
70967,0.06434079297959776
70974,0.06141468770851536
70976,0.5514478841783368
70977,0.02912460309350986
70979,0.2430334421403716
70984,0.14583705570533995
70989,-0.2486119074837191
70993,-0.4862811003081653
70997,-0.04448234854463388
70998,-0.15346418464620804
70999,-0.26551031803174174
71007,0.10319134990583936
71020,-0.13397294383754743
71037,0.2438465777473797
71041,-0.22780625681468247
71046,0.5286212403236749
71059,0.0398480051835842
71063,-0.00685108324231648
71069,0.2609099460251979
71078,0.24963381698218712
71089,-0.2807752984113537
71091,0.16651112385411423
71093,0.5282036025702764
71096,-0.4114432680937418
71099,-0.20420084484042791
71101,-0.0363099963365359
71103,-0.22728070191993371
71111,-0.06202677315995341
71116,-0.07175008314994817
71130,0.06404823756819322
71131,-0.04748831840279668
71132,0.6542092614090839
71137,-0.3759471469659428
71138,0.10095370782316046
71145,0.5282257641458512
71146,-0.28978965843960647
71147,-0.18270740178682393
71148,0.25044563737488706
71151,-0.30953451464329096
71156,0.16289787516091642
71164,0.02680489842970936
71169,0.14487564317093798
71175,0.21594660327803095
71176,-0.15359423403777622
71183,-0.3737604932391486
71198,-0.21548224813219763
71200,-0.9559586187290564
71206,-0.5112436709056669
71207,-0.169741069493411
71213,-0.5156991348998603
71223,-0.39372915102438955
71228,-0.3361626078904475
71233,0.15414470312309952
71236,1.079179053156626
71238,-0.7861112702597374
71240,-0.09147412426032624
71241,-0.6309188450323641
71254,-0.44976305945663586
71263,0.0861589776226358
71275,-0.1174828455251867
71276,0.258404511147747
71279,-0.08617558991900258
71281,-0.2896793754067672
71287,0.02972810946919057
71300,0.0902730724988158
71302,-0.14484049449049813
71306,0.14747489798484217
71310,-0.242739752944023
71313,-0.33166310495722184
71323,0.18127115251828185
71325,-0.15753246088300704
71326,0.15238168529502044
71330,-0.19759185067733817
71336,-0.1512712952240225
71338,-0.6351706512003188
71340,0.16356822970863333
71345,0.08770296266365722
71354,0.10652837356133742
71355,0.3818296930507626
71361,0.6317510066007351
71365,0.3302314960237448
71367,0.4238256010740379
71371,-0.00490620558796324
71373,0.22689611263671075
71375,0.03420910203777412
71382,-0.8209314327944447
71389,0.2172412048792477
71393,-1.266390968946678
71398,-0.4603855055991697
71405,0.4135936540574159
71409,-0.25170504931719023
71421,0.24349489009546535
71435,-0.2361476886175344
71436,-0.11481840101856083
71446,0.6412263040203069
71448,-0.01724378909314897
71449,-0.03392258711490574
71452,-0.07726402992812063
71458,-0.19405560384311565
71461,0.4606086215990792
71472,0.10645043188305511
71474,-0.1224797831160221
71481,0.19258481349793768
71492,-0.13519334432970442
71514,-0.05452293561710578
71517,0.09209088623309215
71519,-0.01854449485146153
71520,-0.10508527138138687
71521,0.29712577401893003
71522,0.6696671719624285
71529,-0.323023917871778
71532,-0.1859348810722885
71538,0.27442725052310535
71544,0.1839110569665856
71562,0.13870365662880815
71564,0.14451621400895978
71566,0.04356355553420323
71567,-0.3942860541578101
71583,-0.5162004858154163
71584,0.2092442346610231
71586,0.07441397091893427
71591,-0.2695853703725577
71592,-0.16021916036575623
71597,-0.18500210516119853
71599,0.2871731894310122
71602,0.12041803061110104
71607,-0.12323598747612376
71609,-0.1673234502724142
71617,0.17976933655167027
71619,0.28425557759272657
71643,0.2440727280644547
71648,0.4853551518306306
71653,0.6767041730787691
71660,0.1557759392601608
71664,0.1424711285841292
71665,-0.1577968100688178
71667,0.15089936645013627
71670,0.5547690362411323
71673,-0.2220912704643825
71675,-0.28750906183558744
71682,-0.3655221157027098
71683,0.01646922136265946
71684,-0.10155792420482282
71685,-0.113527460881006
71687,0.585359348420444
71690,-0.2206666356715301
71691,0.3509458459059863
71693,-0.47854900560769487
71699,-0.06244751601173827
71701,-0.23043562323602765
71702,-0.252149254554412
71703,-0.3970174926401827
71704,0.01177736560367304
71706,-0.02931806782084113
71707,-0.2400417506904132
71709,-0.18607919039116264
71710,0.08020658931182904
71711,-0.23384463869859
71712,0.09363661261766323
71713,-6.681621288626011e-4
71715,-0.17559000374339018
71718,-0.05132358665267389
71720,0.32494280922850427
71721,0.32147945673360095
71722,0.12946255976395007
71723,0.03779518290855155
71726,-0.3280316476889987
71728,0.525955575133725
71729,0.2839249350674552
71732,0.0362404512763843
71733,-0.17050080043365246
71735,-0.04418091607629199
71738,-0.46165975202998755
71740,0.07145296088222676
71742,-0.1500932678757702
71743,-0.14470934214545975
71745,0.07738558857084776
71746,-0.7079218896938908
71750,0.12192957068571386
71751,0.01067185502975918
71752,0.00997581056318578
71753,0.836191633648101
71755,-0.21711136667641537
71756,0.5941854406397676
71760,0.05549736068427627
71761,-0.418205501322028
71764,-0.0823427889184252
71765,-0.01675549302858469
71766,-0.11100425020843112
71767,0.12283574795540823
71768,0.00544869860420042
71769,-0.4669659775091616
71770,1.2497017401320505
71772,-0.19724480570951725
71773,-0.6418015011296078
71774,0.09373929395221624
71777,-0.08670997509565226
71778,-0.0776652673912742
71779,0.294090329182914
71780,0.03987221883071634
71781,-0.2724921434947891
71782,-0.08400282880622909
71785,-0.21025468498260608
71787,-0.18615008315915552
71790,-0.2004799204048281
71791,0.33836093169161985
71793,0.0287925762790223
71795,0.1247101002471685
71797,0.5352571236443135
71801,0.05581052536887593
71803,-0.35270784865608756
71804,0.05590148563679513
71805,-0.08831542506837364
71807,-0.02764809205009918
71810,-0.2880167250492678
71816,0.10138607912977868
71817,-6.420303443782811e-4
71819,-0.4858491137543632
71820,0.06194227298031909
71827,-0.12561032960555335
71829,-0.24725280618429413
71830,-0.3683752322342805
71833,0.3206502295398781
71834,-0.03756706589452292
71835,-0.09631865639380204
71836,-0.28992432970947046
71837,-1.0788001591500005
71838,-0.04797267393784776
71839,0.05341450783665473
71840,0.3023686095190773
71843,-0.27455659635804086
71844,-0.13426942732637834
71846,-0.0720997791015971
71853,-0.0286672959590854
71854,0.6153496181589417
71860,-0.09291965802550405
71861,0.5311710122304812
71862,-0.1765207391046068
71863,0.09081057984642608
71864,-0.19133532532212097
71865,0.17463164164889725
71869,-0.02712142682868406
71870,0.4311381605871437
71874,-0.6420045050074816
71876,-0.3377185311979139
71877,0.23458459717634456
71878,-4.074546060321427e-4
71881,0.00609571107077346
71883,-0.1572381974714835
71884,-0.00510711145118562
71885,-0.23576988641750657
71887,-0.19379628617518677
71888,-0.3002774471238433
71889,0.1246505370129757
71890,-0.17612805390301503
71891,-0.118154749809631
71893,0.00565259830563749
71897,-0.43088435786975454
71900,-0.1300228578062125
71901,-0.4472272205698946
71902,-0.00950309078506072
71904,-0.31681946598070176
71907,0.04888786453189784
71908,-0.17521682762610594
71909,-0.07354602021757699
71910,-0.2281564181343138
71911,-0.12558874921507546
71912,0.36675143862839554
71913,0.2669595907302013
71914,-0.08235730973289954
71916,-0.36027833616319677
71918,0.12584320733640814
71919,-0.07256937724571505
71923,-0.09277668082726252
71924,-0.909787765675967
71927,-0.11118002305555238
71929,0.00976695406519271
71932,0.016990516691534
71934,0.6023102371112801
71939,0.24560628544306817
71941,-0.2389948340250155
71943,-0.01884591797907038
71946,0.367768254126526
71947,-0.22198321627043135
71949,-0.2028980452022402
71950,0.1204196379796448
71951,0.30804712137069923
71954,0.1253003067679792
71955,-0.06987131910914231
71956,-0.1888249730629572
71957,-0.06000733883209714
71960,0.0415391869351209
71962,-0.2662294223107755
71963,-0.3046849033127557
71966,0.05970080897146858
71967,0.5493936686579229
71968,-0.12372567344638076
71970,0.04424324140085965
71971,-0.02730369557192492
71972,-0.08371011076602873
71973,0.2096803804490659
71974,-0.2861437826128824
71978,-0.01040636777583321
71981,-0.5355104349738057
71982,0.08227305215307673
71983,-0.03491508376940431
71984,0.05437635941016023
71985,-8.800675433544569e-4
71986,0.323458247282987
71988,0.17103014295434096
71989,-0.00706339162662589
71990,0.06878332557383468
71991,-0.4899809024790334
71994,-0.11206098924395516
71997,-0.16691430313344546
71998,-0.21592725661163137
71999,-0.11818177235611892
72000,0.25732293107058324
72002,0.914403362782429
72003,-0.4695604239175246
72007,-0.2543408375681543
72008,-0.2205016090527734
72016,-0.9268351248126598
72017,0.2226762581990061
72020,0.1138271894981486
72022,-0.42701780897707375
72023,-0.0738584526070709
72026,-0.10856871435721464
72027,0.0608210684421282
72029,-0.13793368464272643
72033,-0.31854589873120526
72039,-0.09685990652172088
72040,0.2968500401388882
72041,-0.1352766043659446
72042,-0.08985940529623243
72043,0.03337106206241101
72046,-0.04364861407105513
72049,-0.13244294186137817
72050,-0.30673249519491746
72053,0.04553103237950619
72054,-0.05299273328551054
72055,0.5164781986611723
72056,-0.5668584209720693
72058,-0.5717807347510659
72065,-0.06608159197962282
72068,-0.198468792362059
72074,-0.08992873864303767
72075,-0.02435783698909674
72077,0.28621039169332607
72080,0.19213699384537145
72082,-0.5915713763004407
72084,-0.2288845051226469
72085,-0.32856039637530704
72088,0.10623020606239394
72090,0.29645711001161434
72094,-0.08746614124871784
72096,-0.25334945867597797
72098,-0.1904931127488755
72102,-0.4797517409465657
72103,0.01431206078947965
72107,-0.47583966598056177
72108,-0.22296833853115364
72112,0.2636994236127431
72113,-0.3123417083279185
72114,0.32025526201585447
72117,-0.19199279944366027
72119,-0.7690768186675015
72121,-0.11951620950426849
72123,-0.02338023933019211
72124,0.1511445368754727
72125,-0.38514556087356056
72129,-0.2766283200222421
72133,0.3992826851577804
72136,-0.2805215486987672
72137,0.29186743034082496
72140,-0.07936120747977099
72141,-0.330724691639278
72144,-0.32097018402496935
72145,0.341483607642435
72147,0.4794051169615056
72148,-0.20250842217273216
72149,-0.1962803302771176
72151,-0.02134328071338206
72155,0.1567008347158253
72157,-0.1235852492540162
72160,-0.24961711187087623
72162,-0.14782120736355048
72167,-0.2059219234896768
72168,0.7162674613510926
72170,-0.19436639662371147
72171,-0.4892570539931652
72175,0.12283864461643484
72179,0.1517025705574958
72180,-0.33885667687129195
72181,0.2850749914629346
72183,-0.11722704240830872
72184,-0.46163177275202233
72185,-0.6185987259004754
72190,0.4433548319445838
72193,-0.16388191670306165
72194,0.07365079843729498
72195,0.5168896940848822
72198,-0.0190740383743882
72199,0.3469422940522604
72201,-0.828255040693901
72205,0.34681634055877103
72215,0.05126026958000734
72221,1.2185687529490037
72230,0.6843280791366009
72236,-0.2661039414960783
72238,0.0961169775994102
72244,-0.4544153816914717
72254,-0.24592613506736283
72258,0.33946536004246036
72265,0.04338688757509559
72267,0.24115994652536077
72269,0.00473611560136873
72273,0.07103926672031453
72275,-0.1185321795199996
72278,0.05570062010716638
72281,0.1464273482730495
72284,-0.2284344434869043
72290,-0.34575574288779437
72293,0.08682622314548195
72297,-0.4016998870179869
72301,0.6219418338781841
72306,-0.17369650732747116
72307,-0.27272280791003245
72308,-0.04718218952292657
72309,0.04363292309168239
72310,-0.02097631314171658
72313,-0.11134797091395927
72318,-0.05930585682894752
72320,0.10962380185209572
72322,-0.11748442059805002
72323,-0.07133626397033863
72324,-0.33766201427062237
72325,-0.13617465084207583
72330,0.7643286774951072
72338,-0.02556968706691532
72341,-0.3741403310429458
72344,0.3904588604526934
72345,0.05580728370451952
72349,0.094900637488897
72351,-0.11387388901952084
72354,-0.08337804282459238
72355,-0.259827953824667
72357,-0.20848976360107951
72371,0.10548997712008958
72373,1.3663668449912842
72383,1.135753074611157
72388,0.5197182726027891
72391,0.0116450635995593
72392,-0.2899756309283992
72393,0.17042355130686787
72399,0.11365622668437676
72400,-0.4264939394874527
72401,0.28995573697812016
72404,0.21017602220164783
72413,-0.5311411401113183
72415,-0.4277961617944782
72416,0.00896826014922123
72421,0.1927487631916804
72425,-0.21234957923983044
72429,-0.2048851539860051
72431,-0.10119740891940748
72432,-0.5871528368210612
72433,0.7384750020871695
72434,-0.40005474296726057
72446,0.04173015053398671
72454,0.2902023209211825
72459,0.04860058962087512
72461,-0.05502536408143004
72462,-0.13194637330675746
72465,-0.3292721393875356
72469,-0.886480945697419
72472,0.13554427332384814
72475,0.29405581419108734
72477,-0.05538159861606823
72479,0.13969436906786767
72480,-0.22890955359370813
72482,-0.1806827029000568
72486,-0.9649462661535309
72500,-0.6779835716653738
72502,0.01830964090663624
72503,0.14255390194125628
72504,0.6557193234154071
72507,-0.36024248423467575
72508,-0.00613793641949558
72512,-0.0720563254600017
72514,0.48566973687548226
72515,-0.07592995936558627
72519,-0.23873782001487936
72522,-0.03021587765766417
72535,-0.3365077154700461
72536,0.01688007714593137
72542,-0.05604885234150801
72543,0.02942006556728264
72549,0.00409921349479827
72552,-0.03793389927195532
72554,-0.20480361868255637
72555,0.2472442050376128
72556,-0.3196584152157031
72560,0.12772418234167449
72562,-0.01267583401174969
72565,-0.5229796377442357
72567,-0.1761802009268741
72568,-0.4820305321178208
72569,0.4551185714111178
72572,0.5952020587641887
72580,-0.27699462198675884
72584,0.07578331687881268
72585,0.7537085350445927
72587,0.01807304738354538
72590,-0.168602621380047
72599,-0.28188130083504104
72605,-0.15097808244452737
72607,-0.5907387786377808
72611,-0.08362131249091592
72612,-0.13566638466693362
72614,0.3570847398748741
72615,-0.7509071075083833
72621,0.18932535498097677
72630,-0.02638948196600034
72634,0.19607495081432796
72635,0.01888404021270228
72640,0.1348066717440132
72649,-0.14069416425072323
72650,0.04215287473688982
72654,-0.0245429931689492
72656,-0.03651603172613036
72657,-0.19110216883792153
72661,-0.359515230995909
72662,-0.10430441650401744
72667,0.14160996449880064
72668,0.3855596001863608
72672,-0.17176217033926117
72674,0.1042330842400702
72685,0.08017630691672456
72692,-0.05726763506978267
72693,-0.5760386601712035
72699,-0.1044531730406352
72701,-0.25442728965532074
72713,-0.7236809877440591
72720,0.22941700654809055
72722,-0.00120968171472043
72723,-0.1556316786100332
72726,-0.08994173551584081
72727,-0.25522518027199953
72729,-0.06403661345382988
72736,0.01244222987542513
72739,-0.05384398487039446
72745,-0.2316980342736822
72747,-0.5110023835099049
72748,0.19202750034729155
72749,0.06323492126122224
72750,0.05072921306574307
72754,0.22088747912328421
72759,0.1111091895277876
72772,-0.12341597155005286
72774,-0.13640655404113708
72775,-0.22429054604880244
72778,-0.4667849607487691
72780,-0.2505410333255877
72787,-0.1815100606343333
72789,-0.5189018805081385
72792,-0.31365672626501395
72795,-0.07490145052167721
72805,0.03552654734700899
72821,0.8335721783027468
72823,0.2098806401743999
72825,0.2175431510300077
72826,-0.27596275541936005
72828,0.14262818477041658
72831,-0.06907399825027769
72832,0.36469097361233754
72843,-0.27941277625578953
72844,-0.1844668076160019
72852,-0.70189096500142
72865,0.12356551305893296
72873,-0.00260311187670349
72881,-0.07781357443129092
72886,0.18230251980124684
72895,0.04171146864273466
72898,-0.1708075054895808
72899,0.16986826919423115
72900,-0.1490842837203891
72902,-0.11874178836108264
72925,-0.0166147679001257
72927,-0.6685327975010403
72930,-0.2188222710053372
72931,-0.0570523037747865
72938,-0.43268885788318256
72946,0.0157126438626528
72947,-0.03512219839908246
72948,-0.02583303655275536
72949,-0.29701557473618895
72960,-0.19553549562175945
72961,-0.4866096587249006
72962,-0.39274231616107935
72972,-0.05435950983620947
72973,0.835821109839761
72978,-0.0677177840953807
72981,-0.08956455650190531
72982,-0.09139827649817876
72993,-0.1587135094421856
72999,-0.3886281263874816
73010,-0.4854366481319971
73016,-0.11459361793908632
73024,-0.08941440995517819
73032,-0.14799371085448654
73046,0.1735508527492037
73047,-0.4673255147900646
73062,-0.05554561931384608
73067,-0.17124402479074857
73068,0.02140064375566683
73075,0.4921388694397142
73078,-0.10574948187124018
73086,-0.5287553099127267
73090,0.5169057303194121
73094,0.3540357330428817
73095,-0.15857881708352084
73102,0.4165542923615059
73103,-0.02570750467011397
73106,-0.3453205724474767
73112,-0.27104232865790023
73122,-0.1110490924323284
73124,-0.43186974209244566
73130,0.07618393275466534
73132,-0.4288181074298595
73137,0.14597803998939704
73139,-0.01212100424080685
73158,0.12029549958555127
73162,0.2367896988828206
73166,0.324935651178586
73172,-0.0859096575201261
73173,0.06316753959817767
73174,-0.07452072466518832
73178,0.02131705948516972
73181,0.3390561361096718
73182,0.24577071597136751
73191,-0.2221262708623392
73192,0.7579424416821212
73205,-0.13631225087940255
73212,0.41703896995286366
73225,0.12180560957496156
73230,0.27316221928364226
73234,-1.5455753479954413
73242,-0.8169955682692737
73246,0.0626235561103555
73247,0.2544733183670373
73251,-0.09615956351861583
73254,-0.03986796469788767
73259,-0.04488063974495469
73261,-0.4287338496999154
73274,0.1020715911845317
73284,-0.5149143583993194
73287,0.2804865277934625
73296,-0.2581053395854132
73301,-0.163768774510212
73314,-0.3961075060117428
73316,0.02929281490406027
73324,-0.5149726878712169
73327,-0.2396267928087326
73332,0.6889948292769508
73338,-0.23577180410228948
73340,-0.30774674963096066
73341,-0.050778971724872
73344,-0.25710359540357924
73353,0.2605791694377889
73360,-0.6271463836702628
73368,0.6689460456206164
73373,-0.2699654165539127
73376,0.2786082433085304
73379,-0.0561266069486117
73388,-0.5609577691655107
73389,-0.1376253368151125
73398,0.445886773226999
73407,0.06538208975112811
73412,0.42011189546468264
73419,-0.3463690973068275
73420,0.02646643660003841
73435,0.04180713771131712
73447,0.1306670329005632
73453,0.8955921641596201
73456,-0.23983280732106277
73463,-0.25284806053634523
73466,0.11119299603981314
73467,-0.1650485532338421
73469,0.10842753832720024
73472,-0.1228391236351591
73473,-0.5241295243420736
73490,0.14799720226507354
73503,-0.05028610797061496
73545,-0.03237847668019106
73569,0.1413436949431744
73582,-0.01943668257933352
73598,-0.2732718041644321
73634,-0.34147869735738734
73647,-0.5263512755801232
73649,-0.39458612072842975
73658,-0.1883496016781289
73660,-0.19252222793868728
73666,-0.15108073147540274
73667,-0.34678227089454844
73668,-0.3029651051300277
73671,1.0756039948622935
73673,0.16604031657680102
73674,-0.04562836262940868
73677,-0.00158129077616359
73680,0.09802872026215556
73681,-0.1967749861308256
73683,-0.22150156668847223
73689,-0.13094397264594476
73690,-0.08114166316963027
73692,0.31468468182861087
73693,0.15539618668345656
73694,0.11394296531383484
73699,-0.4515596017034771
73703,0.5479173594160599
73710,-0.19674288107861657
73711,-0.18772424439103727
73713,0.8180395979773141
73720,-0.01058733261815664
73721,0.5880578392574176
73723,0.06440904138239993
73724,-0.5376973995227632
73728,0.07142687134121554
73737,-0.06221100143458466
73738,-0.07044326549649106
73739,0.3338685012865629
73744,0.00799776010532897
73747,0.00600627306305378
73748,0.44092469336670154
73750,-0.1006543084129944
73754,-0.3932032580045107
73779,0.641088191139612
73804,0.2008831231802461
73808,0.02020918589455351
73809,0.6188545326704875
73813,0.23282086157283657
73822,-0.16807762186823805
73825,-0.00470910185879332
73826,-0.01074285050236066
73828,-0.17773401013326848
73830,-0.02208346332462853
73833,-0.09037349994982533
73834,-0.07037329283320572
73835,0.32849965368942546
73836,-0.19302819933723217
73844,0.38658216243774074
73845,0.3147173215964027
73847,0.06707428794949216
73852,0.10856682662683276
73862,-0.4310878563013624
73873,-0.6987626300495529
73884,0.8419189586022895
73893,-0.25839832675342234
73902,0.13209404030546162
73910,0.32910888903902347
73914,-0.04780517659493365
73916,0.17533253055863302
73919,-0.44960321442670337
73936,-0.11635915432036066
73940,0.4077936894379809
73942,0.19926334436816415
73945,-0.1621148072154457
73991,-0.24610808309176793
73998,-0.34926978802922926
74002,-0.8571022260859483
74004,0.19947912433813705
74006,-0.10026938454819516
74007,0.00896202043436133
74008,-0.3584421593154806
74011,-0.2663883352973709
74012,0.22595723140317736
74013,-0.08161540309465216
74015,0.00116212078924082
74018,0.00795067260506943
74019,-0.10927552152756484
74020,-0.01271580342134359
74022,-0.00802016940746066
74023,-0.28220474281601793
74025,-0.1281167402230683
74026,0.1352205298260236
74030,0.18171017072606135
74032,-0.2522493491355947
74035,0.20317419399879472
74039,-0.03629593060853305
74043,-0.06352019272079393
74044,-0.355210703469819
74048,-0.2088276240363125
74051,-0.04251808490144096
74052,-0.2522954527543596
74053,0.4429646671601244
74055,-0.19925459942121448
74068,0.0932101288664186
74071,0.07521668439091318
74075,0.6528421222956834
74080,0.1568359782810576
74081,-0.06752921269557184
74087,0.1567082871289016
74090,0.1176534597040175
74091,0.1264207613614904
74094,-0.1796118117013077
74096,0.01644241262480059
74097,-0.18139853465435227
74098,0.0634540650256126
74100,-0.06389093527150777
74102,0.2893813469975437
74104,0.21764358845266457
74105,0.1143809879504727
74106,0.5523586197680191
74107,-0.04446653679960914
74108,-0.21511232677555817
74111,0.07138511901346853
74112,-0.13707081207482794
74114,-0.08946314195520327
74116,0.03060737407142769
74117,-0.09859842622056988
74120,-0.0406993696952482
74121,-0.4039482312599565
74123,0.02333477333351302
74126,-0.12655467725847672
74127,0.4086047945919484
74129,-0.4797002670071044
74131,0.0068117090119914
74132,-0.00296028019907799
74133,-0.20653278649440837
74134,-0.1325410623449258
74136,0.0840896887869666
74137,0.03134011637228408
74140,-0.16347721098974646
74142,-0.0773880679130907
74143,-0.01252280451123417
74144,-0.06805329278058025
74145,0.14092555453675346
74147,-0.2264853182640306
74148,0.08094589550773292
74150,-0.1894797899714953
74153,0.02234844504108284
74154,0.28424051941542483
74155,-0.2585968781466346
74156,0.43525083404121206
74157,-0.02451985922080593
74159,-0.08507213089833654
74164,0.07352718858801738
74167,-0.02339241363888894
74174,0.01516300302703384
74175,-0.41692801777246347
74176,0.48193653897262345
74178,0.07452945434506611
74182,0.03264173556321671
74185,-0.1677588031142298
74186,0.11803253815308078
74187,-0.1566427620018142
74189,0.11707409456074956
74190,0.4647701735214118
74191,0.07194813318281329
74192,-0.16181620701762664
74194,0.0768322997437909
74196,-0.13356093967547775
74197,-0.15764789887238312
74198,-0.09148872374346778
74200,-0.2185476861453988
74201,0.01520040563651119
74202,-0.2707312057488346
74203,-0.13294682344363606
74204,-0.05012028490403109
74205,-0.7020317834358348
74206,0.07170208888275037
74211,0.08951001055365271
74213,-0.25558528922372203
74218,0.25610438734369484
74221,0.3758529592529272
74222,-0.1409468598102716
74229,0.14226086213362027
74230,0.2408476499097722
74237,-0.02623369068314827
74238,-0.4968433399176275
74239,0.07518529274988153
74241,-0.01167622909300123
74243,-0.02866965789321458
74244,0.02116106756462345
74245,-0.065613136182665
74246,-0.19342755115887011
74249,0.2767901906175333
74251,0.1822929593687722
74252,0.00361027752878664
74253,0.4315982711389202
74254,-0.00716461668646833
74255,-0.18288068351799275
74256,0.0175280360867391
74257,0.11816867915598613
74267,0.24422978710106663
74268,-0.07009515021434813
74270,-0.12106521071992318
74276,0.727826930193288
74277,-0.02989041122614491
74281,0.16463160498534646
74286,0.44861651580606465
74287,0.02999641136382294
74288,0.01225000852526205
74302,0.13910117656953663
74306,0.4968401685460287
74309,-0.31152299749663015
74315,-0.00143899273470572
74316,0.05438777630665047
74318,-0.06527153047474477
74320,-0.04927423243536711
74322,-0.02390837259778644
74325,-0.10710298538931558
74326,-0.12791573590152927
74330,-0.04461414668656884
74334,0.38104003244398704
74335,-0.2597032504511319
74337,0.3433872646444964
74338,-0.4675159689742946
74340,0.1544012800463765
74342,0.04034479887946979
74343,0.07113095712797153
74347,0.06040573492860877
74349,-0.1571282279991147
74351,-0.17321978679344188
74352,-0.28619501389416724
74354,-0.7172338161073804
74355,-0.08633906023356946
74356,-0.3402877284557081
74359,0.39659386292227583
74360,-0.29935180376039416
74362,-0.5093972860761615
74365,-0.3604880870952424
74369,0.2124034367877739
74370,-0.06684539181303423
74374,0.14496948333113496
74375,-0.24443750889082727
74376,-0.08716510787095806
74377,0.23981382075159377
74383,0.3456453765318625
74385,-0.16251526526843038
74386,-0.23559248078623912
74387,0.5076568480292154
74388,0.2312486549900144
74392,0.04806808720044594
74393,-0.4640670676879208
74401,0.5555049497461666
74405,-0.02441758343519325
74407,0.01238570600360775
74410,0.05049726585159829
74411,-0.307572623020159
74412,-0.16092205266791795
74413,-0.34077116035503074
74414,0.0374943552760696
74419,0.44867754581694985
74424,0.2813869703671767
74427,0.04225114486543005
74430,0.6854980049827992
74434,0.11937166238163528
74435,-0.10820498208133196
74438,-0.00567800104992019
74440,0.18627406397998963
74442,0.10436825572486652
74443,0.6660160631938183
74446,-0.07052602245273526
74448,0.9452249279326286
74450,-0.24183258565107377
74451,-0.05047862934730404
74453,-0.06437319278634943
74455,-0.7157282184812919
74463,0.523103567714524
74464,0.1210686979689458
74467,-0.24995275844064213
74468,0.4695563221326751
74469,-0.0455466700525476
74470,-0.3180679695593267
74472,0.00256288643066038
74477,-0.04198282296224685
74479,-0.15828344950912732
74480,-0.571672210803601
74485,-0.2560295684793962
74486,0.616517564939974
74488,-0.1293073468257282
74490,0.2651340903970395
74492,0.25067328338298495
74493,-0.01509179071455449
74498,-0.9054136394107776
74499,-0.14459117172255212
74504,-0.1526202527515255
74511,0.5119900159898694
74513,0.8882478621703088
74521,0.8686863157938386
74522,0.05348176176103485
74525,-0.24540835715554132
74528,-0.24005766514620971
74549,0.06658371824428377
74551,0.06017062693143997
74552,0.1560715353532786
74559,0.11072978085124
74563,0.1987206228857168
74568,0.3751375359891407
74569,0.12566489206810402
74570,-0.2622128862871773
74571,-0.5987502747018654
74577,-0.16287143742067745
74580,0.3633362510410781
74585,-0.00383468518865316
74589,0.6654725767850446
74591,0.06984094569549969
74596,0.2705718205501674
74600,-0.22110423205908317
74610,-0.295472654140414
74614,0.06036982125526759
74616,0.09413904534298338
74626,0.03929525034089767
74637,-0.10063945389779456
74645,0.2462688885291426
74646,0.15361663514752127
74648,0.17265684210612442
74649,-0.08498009366523103
74653,-0.06954114072387893
74663,-0.1920924051814744
74665,0.0765023319227584
74666,0.24628119692793457
74673,0.03792468191701079
74675,0.5000662641835874
74682,-0.15320151960973247
74691,-0.0567159842770597
74694,-0.00363128509845765
74703,-0.6680161388164795
74711,-0.24165935246010756
74716,0.3286124321475546
74717,0.7140587643459817
74718,-0.26243604366300116
74720,0.00491385981346356
74732,-0.02562428040544319
74734,-0.17768476777620168
74735,0.05622347322202476
74737,-0.02713883394826746
74741,0.4013664746832577
74747,-0.1825132776502541
74748,-0.21367057244718124
74753,-0.5017044522908558
74754,0.3125348479171073
74760,0.23827516995787873
74761,-0.02617206298691124
74762,0.377880127414577
74763,-0.00707801526916029
74764,-0.07717692329531582
74766,-0.26679357477591353
74769,0.03640645585130327
74770,0.4567098544571615
74772,-0.08152333814738659
74775,0.02339929099917002
74776,-0.15167900483298952
74777,-0.01080152467878494
74778,0.22840553050503115
74781,-0.09116644429500298
74782,0.35450230484868583
74840,-0.03077223438367884
74841,-0.14472094113192974
74843,-0.06645579920971124
74868,0.03818629878421605
74890,0.18896680714658656
74895,5.818727929133211e-4
74901,0.11182910285663
74914,-0.0202931229868658
74915,0.8831636949194772
74918,-0.08736711105062833
74919,0.19937318487954064
74934,-1.0070478163989067
74978,0.2753956248667705
74996,0.11166977462076733
74998,0.2203659180763354
75002,0.6291680760247318
75007,0.05247333100003458
75013,0.5916899085379946
75019,-0.2050335889074885
75029,-0.1780190809524191
75050,-0.5292656396147986
75062,-0.06583541681431128
75079,-0.17907565567133854
75083,-0.06003648195325264
75087,0.22567927810623872
75089,0.10142352590550184
75097,0.24361626862582733
75099,-0.7681450431231773
75104,0.4697874501156385
75122,0.04741832314822306
75124,0.4353815950186415
75137,0.1624564706393805
75141,0.083477563317596
75146,-0.3720279460382616
75172,0.36323161835497575
75173,0.13265781069561408
75178,0.5873592010420906
75180,-0.8167294834421306
75196,-0.06119588290103364
75209,1.324203343125444
75210,-0.18714963597288187
75212,-0.15712217393638017
75216,0.470252506031286
75219,-0.5568949678034051
75221,-0.01118085504949253
75234,0.0463588420438734
75266,0.2229136403308997
75273,0.16007657498193684
75276,-0.6698475854256952
75284,-0.2449547991013807
75288,0.11403089758509778
75291,0.03233520715830236
75292,0.01303160473565332
75296,-0.17451791431737074
75302,0.17673321084273444
75305,0.6665797463119812
75311,0.25623501892870376
75316,-0.21850212041223757
75317,0.02989986049626752
75320,0.10200292944721516
75329,0.2497604326821307
75338,-0.7185888279135498
75339,-0.113490930871196
75345,0.05886210468617937
75368,-0.08251137242427042
75387,-0.09898264568848386
75388,0.44489065942724104
75396,0.08420248096566246
75398,0.10609456742176776
75400,0.13357449970961957
75404,0.7727932009465655
75406,-0.0972176819271804
75409,-0.24921803827244296
75415,-0.32142977628345537
75416,-0.13960348816515344
75420,-0.03141849021203418
75422,-0.22780223488134327
75423,0.12165655541382606
75425,-0.05719129855859814
75426,0.12836346399525503
75430,-0.06351903357117998
75434,0.1430578514169836
75437,0.26455099723326037
75452,0.27773433153693616
75454,-0.1960331227724107
75456,-0.5143686958185728
75458,-0.2564883441329055
75459,-0.18895505939248677
75465,0.47876631181797014
75467,0.6183313261810705
75469,0.09029999525457837
75470,0.09302260329181264
75472,-0.1918608515658145
75475,-0.05548918754672311
75477,-0.2439126917098421
75480,0.1122771866821137
75482,0.0858932170863542
75495,-0.14666951219650176
75497,-0.16258397732875984
75502,0.08252077581928759
75504,-0.08371579779219414
75507,0.05118620804413183
75510,-0.35589565322807265
75512,-0.10969828532105748
75516,-0.12027870666540648
75528,-0.4234484345500087
75530,-0.01864851153573617
75533,-0.19262216490891937
75538,0.4422865273205292
75540,0.03761838478914547
75547,0.05953596429910533
75552,0.2574640125255228
75553,0.00775559136872891
75556,0.4774007605967112
75558,0.6664122729241253
75560,-0.07356611772257654
75563,-0.14663525558167748
75564,0.2952458289026137
75565,-0.104597153201721
75568,0.1331783564383739
75570,-0.15104899422715767
75571,0.6159840012808796
75572,-0.14082559372594847
75578,0.6274082244995418
75580,-0.04469902222202629
75581,-0.9539785226982468
75590,0.4943567490935228
75593,-0.15261235972743084
75597,-0.06012685138089134
75599,-0.01375650499432784
75600,0.12316391366637322
75604,-0.33718351479108305
75605,0.02253481371065825
75607,0.3192111218904209
75608,0.1377861527014569
75612,0.03829785670855614
75613,-0.05697013952849289
75616,-0.27504662393024515
75617,-0.2095369118687596
75619,-0.33396244610908493
75620,0.00187806224728612
75622,-0.01704368813887498
75623,-0.494895856035447
75624,-0.3288078586999711
75625,0.0556200444620288
75627,-0.04791177219495843
75641,0.05012316008579479
75642,0.5662539701860286
75645,0.00954049079010498
75646,-0.3659968984640862
75647,-0.00520503502719482
75656,0.3268005411120292
75659,0.20929238741659392
75660,-0.05164589804961267
75665,-0.19986633812024773
75667,0.35401815690573957
75668,-0.6498179208742846
75669,-0.0938261027069799
75671,1.1412950796003007
75678,-0.2655728462429736
75686,-0.05201915713146526
75687,0.1067450073842496
75689,0.1448558310726597
75690,-0.1409549219292227
75691,0.13709924692638092
75692,-0.1814086438869519
75695,-0.4824556301887179
75697,1.4820882826729425
75698,0.14356576214102576
75705,-0.05206205216353253
75706,-0.17696142627733177
75710,-0.08484906681241611
75712,-0.1159640580806128
75717,-0.0752913280545007
75718,0.3644562438226011
75723,0.9156260651165972
75725,0.07408225859625625
75729,-0.4833814890201096
75731,-0.09883460586681302
75734,0.13375324245789802
75735,-0.03997653302372202
75736,-0.2381050872877792
75739,0.125247156890842
75744,0.28097892406662317
75746,-0.1434337791816281
75750,0.14143079691931396
75751,0.09448287806680888
75753,-0.00349953675871161
75758,-0.10865793704150924
75763,-0.17592268982911832
75766,-0.03832402860512025
75767,-0.02202422712813156
75770,0.2799292796314563
75772,-0.18925135936557608
75773,-0.4170984136959641
75777,0.5074083897648074
75778,-0.07881099587471427
75782,0.06338205799694581
75784,-0.30935578488747645
75785,-0.28602100999137026
75786,0.06196651351366187
75788,0.7269517698321595
75796,-0.18691166520884575
75801,-0.13979485701991526
75805,-0.17196570374020226
75811,0.2988236849586682
75812,-0.6264233346457727
75820,-0.16247433347132806
75823,1.4390259177524498
75826,0.05003558749527286
75828,0.72908692834591
75841,-0.28604649487296807
75847,-0.7428259765449488
75860,0.4929648181951056
75863,0.1226688266600824
75869,-0.10055599372318293
75871,-0.2047709177154188
75894,-0.14473723175663442
75901,-0.01534460484615394
75905,-0.18959381249869792
75909,-0.11176912633848018
75914,0.01124912895917794
75939,-0.7147978663122618
75953,-0.02144817998027481
75956,0.22620382061198252
75964,-0.31976284245820474
75965,0.05530652730898268
75974,-0.05058903316326454
75985,-0.14796273524363704
75986,-0.04589877339788142
75991,0.14672123427594913
76007,-0.10606577001631926
76014,0.1097322318989338
76022,0.10851005893818376
76025,-0.2023009046019119
76041,-0.2729433404304995
76051,0.07137429466068208
76055,0.4187903375094097
76071,0.05474823673475568
76072,-0.24468516195537096
76073,0.3716352608905958
76080,-0.00449522028260511
76088,-0.01486310780356298
76089,0.06415590101720928
76108,0.10064544239013062
76117,-0.24484425245507505
76123,0.0939073741171144
76130,0.2202895842166445
76131,0.09759421129488284
76132,0.02589078368175365
76137,0.11105521092179305
76138,-0.02401711097887896
76156,-0.5875284621122201
76157,-0.2274442422113233
76161,0.29417992449068825
76166,0.19446367274746837
76167,-0.2568384075996591
76178,0.21947575364476493
76179,0.20346901979486332
76183,0.06032084635417282
76184,-0.01608366876369782
76187,0.10489419713098096
76192,-0.1409950837861507
76205,0.10997239148280474
76217,0.17664342255536836
76223,-0.2627188093072065
76233,0.0052838108380453
76238,-0.1855009741273472
76246,0.593847836569548
76251,0.06567067678949742
76252,-0.13105950987313836
76260,0.26322055977545716
76261,-0.33432621186159145
76263,0.01602246717720511
76265,-0.21579294330824844
76267,0.8481525992779797
76273,-0.542313025009075
76281,-0.1125911000915376
76282,-0.1037700670580791
76293,-0.21761447536807513
76294,0.24638083862640175
76295,-0.10426682993935972
76299,-0.27202646073063175
76302,-0.14491653112637826
76303,0.4325553617681419
76306,-0.06315454485761271
76308,0.06095639195173925
76332,0.16905437544783317
76338,0.00878688218249994
76355,0.22754733375658867
76357,-0.4009994141795317
76365,-0.16539883005677108
76366,-0.23888632680155852
76375,-0.18938365853367944
76376,0.02506604288008435
76378,0.45562403979767785
76380,0.07743172823258059
76405,0.3724610541326001
76406,0.4143238144833642
76407,-0.2266762778411518
76408,0.38987292709010407
76411,-0.2690065333841729
76421,-0.158874121869942
76425,-0.04764165518031875
76429,0.1787119563445799
76438,-0.00876360212574326
76441,-0.3631933613145761
76444,0.4629489189680344
76448,0.0115272400229566
76453,0.05530327415610941
76454,0.02862150827224766
76457,-0.15834640841644798
76459,-0.5511587971510221
76464,0.10491390131952431
76467,0.03547266575572237
76469,-0.4992696799576926
76477,-0.7208823710262644
76478,-0.14066130903882085
76479,-0.1372348843864446
76482,0.34928175215450014
76483,0.00106330514992827
76484,0.32448181988641267
76485,-0.18574653126934207
76487,0.10365655648223628
76491,0.16576951331162132
76497,-0.0494224196351887
76498,0.03660095779213518
76499,-0.02857167599722749
76500,0.08002637101154447
76507,-0.2597924740298378
76510,0.27608983868270337
76522,-0.2086760241655687
76524,-0.0561933523773948
76527,-0.2838217316461546
76539,0.2105662301867693
76547,-0.24628339816040196
76551,0.16338723491814797
76560,0.3295757283988576
76561,0.05595399311891461
76563,-0.09310961477049114
76566,-0.09492395861667294
76568,-0.0453628736759018
76571,0.12590696559675502
76572,0.4119123821586886
76573,0.4790447776798864
76574,-0.6266984500817798
76577,-0.29976636372327786
76580,-0.02696227520182775
76582,0.01843538098526168
76594,-0.37540332972260376
76606,1.1875811486102748
76608,0.04513927078140235
76612,0.1651226382306606
76614,-0.05688161069678654
76615,-0.22774385805875907
76626,-0.01930428762291524
76627,0.14805449130735965
76629,0.3085773336932001
76630,-0.02616385492667784
76633,-0.14767508625037395
76640,0.8249616747388315
76645,0.4928151528170753
76646,1.091169878070689
76650,0.06895254420328034
76652,-0.34048056914011493
76654,0.10043878396685296
76668,0.4531778803413357
76670,0.01536620432357148
76686,-0.2855985411638319
76687,0.04381915935550383
76688,-0.13463276280577213
76701,0.12901018103856085
76707,-0.02183385136975344
76709,0.02165608035249964
76719,0.1752916165217905
76722,-0.11547488409477516
76737,-0.1432644081495675
76740,0.13196343027530094
76742,0.0586821252411594
76747,-0.12855814646373806
76757,0.28422173711460386
76763,-0.1925271825617511
76768,0.03094400047523907
76773,-0.14270272249207894
76775,0.33542932563275596
76779,-0.184746982566394
76781,-0.22280539301502555
76784,0.1058591217769354
76787,0.11442424830783758
76788,-0.0694511541506157
76789,0.04420901476964248
76792,-0.5064399235521142
76793,-0.0944716872539369
76795,-0.06389244007292622
76799,-0.02447675333546165
76800,-0.0358280241364864
76804,-0.19636198553103296
76808,0.7422185823971958
76809,-0.1547319861604887
76813,0.12909877021636565
76816,0.13517317185759914
76820,-0.01898070671654008
76824,-0.04701806363078413
76826,-0.07206095913207286
76829,-0.604078173164363
76832,-0.08894304601348091
76843,0.08442034545510847
76846,0.04441155891211607
76850,0.11077042805748431
76854,-0.22497024136635563
76856,-0.251646263036609
76857,-0.8586127276428971
76858,0.135471838101221
76863,-0.23208053351483504
76866,0.1259424546460698
76872,-0.3933914805661193
76877,-1.4869667923726124
76884,-0.12290974806578064
76886,0.1252567166170401
76889,-0.07161419693677593
76890,0.04659875621316509
76892,-0.17258294170591867
76893,0.01346241543501217
76894,0.25915401314779224
76895,0.20707610588398567
76897,-0.40428859324177713
76898,0.7927889390249485
76899,-0.08266891029030662
76900,0.01222596093012508
76901,0.08407505492337938
76905,-0.02507872944162861
76915,-0.40313901173973377
76916,-0.1702154441533802
76917,-0.6388060994032492
76920,0.3928239778469376
76925,0.11487007711467848
76927,0.14479591492039093
76932,-0.2066605998746726
76933,-0.16930675733120337
76936,0.02803526498688573
76938,0.04910836979217234
76942,0.1137278459397678
76943,-0.05727162399654321
76947,-0.3235125004777409
76952,0.13405232074801113
76954,0.36676942860370854
76959,-0.01221817321706872
76960,-0.34209910434528545
76964,0.01167241947212366
76965,0.6851545340956902
76967,-0.1188901469671522
76969,-0.3484832591997345
76980,-0.00525961366734477
76982,0.5278210013227571
76983,-0.00405179383365094
76987,-0.1932365627391132
77006,-0.14982234995718635
77011,0.14839563055492228
77015,0.3408807065438408
77018,-0.04297059196588794
77031,-0.04416255133196585
77034,-0.1265788380869143
77035,-0.07143619906331808
77037,0.02877301229410595
77038,-0.13059915750457518
77040,-0.09978921237416796
77041,-0.2365037668978567
77042,0.1022343602500157
77044,-0.05432971200952381
77045,-0.37230905017278226
77048,-0.03085288198848097
77053,-0.2873107778394678
77055,0.2976560563844375
77056,-0.17920929998009127
77057,0.5321780665734317
77058,0.14366697833365316
77065,-0.08349604630784925
77087,-0.08753990790279292
77090,0.09657876300772704
77097,-0.21080869944553624
77106,-0.1583737917030179
77110,-0.1596734919497707
77116,-0.2394664254254549
77125,0.07058994466268403
77128,0.26178479721037273
77134,-0.20415239645037384
77219,-0.25236658159829173
77220,-0.4040424244665203
77254,-0.14670728310616435
77264,-0.3615308606896245
77286,-0.25836751836423266
77296,0.09700043310027928
77300,-0.07684190302672324
77305,0.04624539246195314
77318,0.4272981652560656
77371,-0.594611043194031
77407,0.00729878401726835
77411,0.1511440563163058
77422,-0.5836844430619492
77446,-0.16776565720826034
77462,0.9420551350833616
77480,0.6952385868396758
77485,-0.5544301456167454
77519,-0.8186512543821975
77521,-0.4320640352316282
77522,0.22565983368875497
77531,0.3422139433856331
77532,0.2790043961811315
77552,0.05423409382431379
77559,0.04221077177071232
77569,-0.6498708172103216
77573,-0.22522166565534407
77574,0.4622973761272984
77577,-0.4171547899346074
77578,0.3358397598077996
77579,-0.28772014619294833
77582,0.15387952989458992
77583,-0.05963184712780525
77590,-0.02841268924197108
77591,-0.16240209075103648
77593,0.16786066625665683
77595,0.2714182935774608
77596,-0.17833828457243947
77609,0.4987824282575475
77613,-0.2619074595424337
77619,-0.1177148683380116
77622,0.29591964044432095
77626,-0.13549588529840836
77627,0.00660640856606385
77629,-0.4825164649836253
77630,0.224263843318654
77634,-0.2672704880914752
77644,-0.00559410482122633
77647,-0.02514934561917936
77683,-0.1319686084907521
77697,-0.6354323946200744
77701,0.10304930841207768
77704,-0.6953905130568596
77706,-0.07090194258294852
77721,-0.21266901979848224
77727,0.2529955818112174
77733,0.3385075179208687
77739,0.03809176929771838
77744,-0.19401723301118207
77766,0.08995361396483104
77767,-0.15707524818675217
77771,0.4921341719236232
77772,-0.19405309214035027
77777,-0.1213469632694612
77781,-0.35050399758322026
77782,0.02376099880220993
77794,0.7778724208625363
77799,-0.27288728415445346
77803,0.2971471512439886
77805,0.00956797758001608
77809,0.07561795869155406
77827,-0.2939414433588269
77832,-0.01831121339458458
77836,0.2851124273940866
77853,0.1203359889077839
77862,-0.18507550746028756
77864,0.5903183738575656
77877,-0.051587618410812
77889,-0.17178786092603382
77891,-0.032054305903601
77914,0.01908310427934295
77929,-0.5880869087159136
77938,-0.04573402893412508
77945,0.1443591793271004
77951,0.4044151987450264
77963,0.575402666209409
77974,-0.23474675421469043
77975,-0.15377427854624096
77976,0.8504130074792509
77980,-0.06928414682327848
77987,0.00630415397544769
78004,-0.185156916897829
78016,0.18204814066384384
78038,-0.19241409386293692
78052,-0.06888062864606828
78070,-0.20914494843992343
78076,0.00964246356767423
78081,0.8922100934289185
78088,0.20434994059730063
78100,-0.16191129987689418
78118,0.99516921062526
78134,0.7227567532791765
78177,0.497836035017286
78232,0.00981118130491515
78239,0.44489427416282
78240,-0.07090562128313681
78244,0.17000977633972014
78245,-0.16477876230488625
78246,-0.0813751554650427
78248,0.08268471394280108
78249,-0.0249694215410812
78250,-0.2864507368685247
78251,-0.726599778358951
78255,-0.02509426744717595
78258,-0.8279438874580151
78266,-0.10487112241895936
78267,0.4321448451546358
78283,0.088284883271647
78284,0.05790600895198224
78286,-0.20565330706955717
78287,-0.21192706659325225
78304,-0.13259708439907525
78306,0.07308461751810137
78308,-0.15841691369659897
78309,0.11421709691515988
78317,1.1851981511351714e-4
78321,5.691636279669607e-5
78323,-0.20343837209317467
78330,-0.06129518453552374
78334,-0.05018008212943505
78339,-0.03056607726260012
78369,0.3668807563412344
78372,0.05186478120732681
78373,0.3516162998839602
78388,0.1483385848934629
78390,-0.2527994776990129
78394,-0.2653887052450811
78405,-0.1802293476594775
78408,0.0938366574638692
78412,0.19246914408834667
78416,-0.15326707350810115
78444,0.21496929957596023
78455,-0.07590552447280427
78465,0.35987637521379423
78469,0.5037986989055456
78473,-0.0951107441040686
78506,-0.27467675240451633
78521,0.05709140010967765
78523,-0.24491749938969903
78541,-0.00424420024529625
78558,0.5198275771223514
78560,-0.09003323804807556
78581,-0.1319400488019246
78586,0.24061195422903103
78593,0.457318692865218
78600,-0.06274318850114025
78610,-0.0861995489764133
78618,-0.17429612355460083
78619,0.15800975218197255
78634,0.13739185859781433
78651,0.03086874331092453
78653,0.10414008338241088
78656,0.03003685712042828
78658,-0.06848030682440666
78670,-0.08782616311019688
78688,-0.00338399664380471
78689,-0.02094062508163811
78697,-0.15326422606181686
78709,0.21135436333548713
78733,0.03252486058664035
78749,-0.0885018490231213
78751,-0.1257652345904223
78752,-0.1320954655942072
78753,0.06800036169451967
78754,0.16214869094701226
78755,-0.2299600302420678
78757,0.1286002069529254
78767,-0.1009619278174152
78771,0.2249864613870926
78772,0.21513814474427723
78777,-0.1143189506687149
78779,-0.21819040064723305
78781,-0.0766496190222459
78783,0.04443581136876063
78785,-0.22432882470360732
78787,0.255862416915932
78795,-0.11151267438484848
78796,0.07304889576339323
78797,0.00992710835426529
78798,0.11890606070996684
78801,-0.15129652576561392
78802,-0.6501551368330797
78803,-0.6275680760012635
78806,-0.03036551236107931
78808,-0.14554825163638277
78809,-0.13040393008861156
78816,-0.02781909511892412
78825,-0.25937614471878684
78826,-0.1827903675388148
78829,0.06017492474260674
78830,-0.06109911790376194
78832,-0.22986989856224735
78833,-0.04246627452570199
78834,-0.3053161710217222
78887,0.21336062591313615
78889,-0.01383621237520782
78890,-0.4767045132746722
78891,-0.06446386646317423
78892,-0.01581198971721948
78893,0.29385826853197644
78894,-0.03719319412973827
78895,-0.34709039202747705
78896,-0.8974973727830895
78903,-0.2018358053320365
78906,0.150889767361006
78908,-0.2684666755889603
78910,0.728785316737686
78911,0.2502813103920015
78912,-0.11395441792651637
78913,0.1105773114924106
78914,-0.27420359185567506
78919,0.15546689433814315
78920,0.05124852155138768
78923,-0.8418737924672116
78925,0.03584284863490923
78926,0.07500980394545594
78928,-0.05212152779313661
78929,0.16486296178942897
78933,1.320926274580852
78935,-0.19071569757681484
78937,-0.24516616219470327
78938,-0.13377203748206015
78943,0.2458919354369869
78977,0.49624287721248983
79043,-0.06461074857456234
79044,-0.08255835653516334
79059,-0.1242093847995622
79196,0.00672990085728097
79233,-0.5215105262047693
79235,0.33065653600710676
79263,-0.02017275794564188
79264,-0.5362525170456159
79362,0.02662107417031904
79401,-0.12914152851585492
79455,0.38829666066085466
79456,0.2534728017165843
79464,-0.0357703497882384
79554,-0.21453802121189347
79555,0.22035459154698708
79560,-0.20242708991160832
79565,0.1974008054436948
79566,-0.07873291880949518
80280,-0.06301889675322485
80281,0.22206293813433892
80283,0.07989779121182922
80284,-0.13892586023789072
80285,-0.03309182288508452
80286,-0.27999045013971846
80287,-0.0540647852099658
80288,0.06850065381286596
80289,0.04263169279070664
80290,-0.22287921456942705
80291,-0.17221562061248696
80292,0.3039858928726562
80294,-0.611153999611839
80297,-0.33049775244405444
80334,-0.2595455543742576
80385,-0.09194552606642896
80509,-0.14827097582884938
80517,-0.04289395245352373
80707,0.42217335724457433
80708,-1.4146317758455709
80718,0.03156691258934109
80719,-0.0434026596801708
80720,0.4409832275124276
80732,-0.12337809157278178
80743,-0.01556836297245502
80744,-0.1675028536924223
80748,-0.01690974945073056
80749,0.08973341342940148
80750,0.00844226814506812
80751,-0.13925972878033163
80752,-0.02524009535917792
80794,0.01129166198831785
80796,-0.01043332879279852
80837,0.14501033448123163
80838,0.5684277325785927
80857,0.3355559563227808
80859,0.2609010939262158
80860,-0.45933388161890265
80861,-0.14698896013886634
80877,-0.11980949843167638
80879,-0.07022186950014847
80880,-0.34803767298042076
80883,0.16138607319558693
80884,0.12905005408857395
80885,-0.31211569145123785
80886,0.22565873067086556
80888,-0.5099993508631219
80889,-0.4074630104190208
80890,-0.17117633270015872
80892,0.31680883242156355
80898,0.29182889006839974
80901,-0.17340011914353387
80902,-0.5503670507252267
80904,0.20508980876444843
80905,0.01865032566094224
80907,-0.1674012823771879
80908,0.26222881153792027
80909,0.06939127636920991
80910,0.6416345643684072
80911,0.20838078103717944
80912,0.06315443827102629
80913,0.01964983106238336
80914,-0.16640423315266492
80915,-0.21986976695077193
80976,0.09215783883150634
80979,0.4459089178301846
80981,0.25924060615692895
80982,0.1601931623414974
80985,-0.05803616119104666
80986,0.3849496522532543
80987,-0.3316907285673362
81000,0.225967343951135
81003,0.08651388259533378
81004,0.1612102251106718
81006,0.2178420228591131
81018,0.08298919757352057
81489,-0.0055107659352397
81500,0.02198822284421108
81535,-0.21544771539469204
81600,0.3004745069791963
81601,-0.05073243103844355
81630,-0.2798064499526359
81702,-0.01433196212524315
81703,-0.17982852851529602
81799,-0.04938207080453949
81840,0.11308053634634824
81845,-0.14223906640886658
81877,-0.055617356009357057
81879,0.0833289086627916
81896,0.06153286745334836
81897,0.19532308788263775
81898,-0.29448974763247976
81904,0.6945381961648889
81905,0.8176702721381827
81906,-0.32098957374353687
81907,0.4575745958325076
81909,-0.1291533968641019
83379,0.43822022120924686
83382,-0.07682583079184582
83383,0.26266061453717704
83395,-0.0599265638298864
83396,-0.15021756291066535
83397,-0.17166201596101088
83398,0.10247212617538937
83408,-0.018283791330131
83409,-0.02230691541264022
83410,-0.11573756199528344
83428,-0.02018169229020841
83429,-0.2642718204057621
83430,-0.09084316934985552
83431,-0.1380676645008614
83433,-0.06178417873691286
83434,-0.23241891050554753
83435,-0.16413359898834268
83436,0.03238494953967309
83453,-0.14771163591144065
83456,-0.3998645511957381
83485,-0.09940702837831895
83486,-0.09036148366247806
83490,0.17744050258746427
83493,-0.12672553911507506
83553,0.09649045282148568
83554,-0.5859810011914037
83555,-0.0022141002201791
83558,-0.7881172312239082
83560,-0.6896824574095881
83561,0.8368186780552951
83602,0.04378541632290877
83603,-0.4265399749866387
83669,0.05134825069991575
83671,-0.17037790007125175
83672,0.1610193193594082
83674,0.12118109645691671
83675,-0.9501409534498472
83679,0.06417199981150387
83691,0.27949884016909426
83702,0.12010868466004264
83703,-0.3179996926943468
83704,-0.47800996376519767
83762,-0.08529828890018551
83766,-0.2514269945539635
83767,-0.2515992180870812
83770,-0.32220201247323726
83771,0.4609818570541267
83796,0.05974698557386661
83813,0.3109173073363088
83814,-0.3194291570242201
83815,-0.01650421484938216
83922,-0.05545303610870411
83924,-0.2892165680968008
83925,0.06667084625726705
83945,-0.04564843765245582
83946,-0.6457760839438623
83961,0.1849696771895429
83962,0.00471361509858261
83964,-0.3550818248668577
83965,-0.30565106630899536
83984,-0.13005206072486392
83993,0.12655511904932829
83995,0.4365263315685961
83997,0.12842321625224745
84004,-0.02522404498215078
84035,-0.2779180706824851
84036,0.2304780420608869
84092,-0.5298418496099573
84094,-0.1382765032358006
84095,0.1433257565290217
84111,-0.5305987624459084
84112,0.34184697081514104
84113,-0.120493722762334
84505,-0.23302154869412212
84544,-0.04542359324108424
84585,0.2930903266584517
84652,0.2399221446825094
84653,0.3099453360985314
84682,0.13627152494304262
85030,-0.2348235876822857
85031,0.6127856508987113
85305,-0.07008070556618934
85308,-0.08823599826378142
89867,-0.2878141295482317
93671,0.5527406081304023
93672,0.2198233421478149
93677,0.07644826477306847
93679,0.1406594571580244
93681,-0.3666698049680435
93683,-0.371601440494902
93685,-0.3412783315101399
93686,-0.5960861445567385
93687,-0.05777617220892937
93688,-0.02151133253289526
93689,-0.11161830419779575
93690,0.40635618139431906
93691,0.0087774000112523
93692,0.17719750111128474
93695,-0.6240266485357406
93696,-0.3206368952518973
93697,0.28564748303745996
93703,0.4810396310158944
93707,0.4810396310158944
93708,0.4810396310158944
93711,0.4810396310158944
93716,0.4810396310158944
93717,0.4810396310158944
93721,0.09552196450680162
93723,0.4810396310158944
93724,0.4810396310158944
93726,-0.12585116169032246
93728,0.7416635231079232
93730,-0.3291852673422748
93732,0.09487985845355015
93734,0.1744954850113717
93735,0.11675600283051
93736,-0.3425556232112594
93737,-0.12978340452432666
93739,0.09685027841305166
93742,-0.4972018881260062
93746,0.9148616541153866
93747,-0.24540206145726448
93757,-0.01315835257745035
93759,-0.14345045062699868
93760,0.05635078333717407
93761,0.10339088896126818
93762,-0.158365512386496
93790,0.03944024278895193
93834,0.06879089515629322
93835,-0.09761602538691425
93836,-0.12949490066465894
93837,-0.53991902425564
93838,0.5987409102458058
93840,0.2523550941567736
93842,0.05258393419858803
93843,-0.06502913779787994
93871,-0.08116858429478044
93872,0.2530654779729633
93873,0.31853493269093675
93876,-0.39375145054271254
93881,0.2555898806578709
93884,0.7198002816832796
93886,0.23106376012386004
93887,0.00725482030570372
93888,0.05472143124171119
93889,0.8714783656135754
93890,0.09590192193451023
93891,0.7321713446294529
93893,0.13544030680880864
93896,1.371963021739789
93897,-0.29945266538159054
93898,-0.21847435905563817
93960,-0.426699464948768
93961,0.2129978919190234
93966,0.05839859954193585
94041,-0.03558635905204013
94043,-0.2553865920035213
94044,-0.00818147759986699
94047,-0.1269574797696457
94061,-0.31719823685581405
94062,-0.18465691905130643
94063,-0.12184466767332486
94064,-0.27946003166042555
94065,-0.1505477194826187
94066,-0.14357966654381324
94067,-0.05193905149999717
94088,-0.09434688361886596
94089,0.00220711960541729
94090,0.19338427465976243
94091,-0.1536124202603575
94092,-1.2107768615904946
94093,-0.2859326670050727
94109,0.13520807053657166
94111,0.2547408771294683
94112,0.082984204994106
94175,0.5937933462084287
94176,0.21074072811847083
94178,0.10545528878992648
94179,0.0065215134027718
94180,-0.3071256547150478
94181,-0.02872653128375229
94184,0.10876094335692284
94185,-0.00852620399496103
94186,-0.14940435156735135
94187,-0.428421433582252
94190,0.11206864900786792
94191,-0.5784304646016396
94212,0.11006889377296222
94213,0.251708591311956
94214,0.23565770722873944
94215,-0.22371818683084663
94216,0.6437823560026975
94218,0.0714147598614791
94219,0.3969119528098422
94220,-0.2463037120112036
94221,-0.2768338320675432
94222,-0.08734196743349315
94223,0.09466255641941013
94226,0.20060770998880925
94227,0.4717440283534545
94229,0.4193997396970423
94230,0.05243508315642014
94242,0.6938768674896775
94244,-0.9010525185201383
94245,-0.17109757336090264
94246,0.03009010860232419
94249,0.2662791945764482
94253,0.03088346056031691
94254,-0.9397397307550024
94275,-1.2553830530837846
94279,0.03211282410481825
94280,0.04118167926668996
94282,-0.10995138179054348
94315,-0.00365024808823932
94332,0.28673073076330313
94346,0.03154805528793318
94352,0.11069806116184427
96875,-0.2811120951240055
96935,-0.9615598338478356
96957,-0.22010948231577693
96979,-0.3068107596903615
97031,0.3481248705170106
97064,0.17128586618445346
97086,-0.22202905881131224
97130,-0.3363354601042236
97159,-0.19154427447832095
97165,-0.08838571059882148
97212,0.4720786638502156
97287,0.0934685849676612
97387,0.09087244568983624
97440,-0.09842206602710284
97476,0.9728590713069618
97484,-0.1840394668702147
97487,-0.3546951433683755
97541,-0.14538209382260167
97761,-0.20464162426375537
97820,0.19373670940915663
97827,-0.02405736778887744
97863,-0.134364082039646
97884,0.02355149316355379
97998,-0.2115154735083806
98053,-0.0344981403241956
98170,-0.21186415421860377
98193,0.02496507358750107
98221,-0.14595260441428298
98238,-0.01219608699980235
98256,-0.05629070307221168
98258,-0.10398346304522114
98303,-0.6584469244168646
98314,0.8747946484378554
98363,0.16049219252922153
98365,-0.1872071787746109
98366,0.15840301537945328
98376,-0.773117371261024
98386,-0.06623758243219577
98388,0.2321898109093547
98396,-0.440550190312664
98403,-0.3019027299608326
98404,0.0292070021322947
98415,0.23968855164132488
98417,-0.05398704091459073
98432,-0.14293915396843773
98488,-0.00743318895189036
98496,0.08944714275281751
98558,-0.24182559164672737
98660,-0.1368161275825247
98682,0.14321042563420827
98685,-0.04257562691375877
98710,-0.20257979846815932
98711,-0.07677021706811216
98732,0.1292622366355583
98733,-0.12000788790801062
98741,-0.5064282625648435
98752,-0.2182615497960377
98758,0.00986833247733591
98828,0.09230933526364088
98845,-1.073267286323983
98878,0.17957264438504578
98910,-0.1625065171802734
98932,0.09520976996704292
98952,-0.0318835211500062
98956,0.10099592760868832
98970,-0.0521334548119122
98999,0.12146976307109825
99003,-0.02450312457289779
99010,-1.0596443355843543
99011,-0.02955924116671029
99031,0.0946999820991273
99035,-0.17889599258397904
99045,-0.12417712221814838
99100,-0.26857452911082413
99138,-0.0287163523008224
99151,0.4137730118881565
99152,0.07094840990711876
99167,0.4509852445600151
99237,0.00721595867134777
99296,-0.08495239165486508
99311,-0.05932543298806526
99326,-0.19261051178406724
99334,-0.18385572592211807
99349,-0.15531298062435797
99371,-0.00487322908659516
99375,0.36652904158066535
99377,0.10176693477147838
99382,-0.0785081548719041
99412,0.05583779718168593
99439,-0.05938955745346382
99470,0.04498678531225181
99480,-0.07330637974184359
99512,-0.6051794707878486
99526,-0.0082421793640298
99543,-0.20605703489383329
99571,0.00764872016139459
99586,0.21062605073086715
99633,0.0362398720702299
99650,-0.1372032290767787
99662,0.2794442504959925
99681,-0.443606607424364
99683,0.02160013420296848
99712,-0.09181397961051364
99738,0.19931953036038452
99887,0.42705694142325046
99889,0.05555924454981514
99890,-0.6700416684700863
99899,-0.02398336822381988
99929,-0.14137652724241645
99982,0.08500810993584806
100017,0.08432178028263156
100019,0.5859348462895649
100061,0.05147015054512549
100072,-0.4249079416984446
100087,-0.23962918458009255
100088,-0.06102091064560491
100102,0.35142807565696865
100121,0.18972304671705692
100129,0.5803746058318773
100155,-0.6419933176227957
100163,0.18199314331908367
100169,-0.04342648549780936
100177,-0.3831079441630734
100198,0.14469625222958157
100201,0.06461954420922299
100206,-0.14758251345926915
100210,-0.09081651542225529
100213,-0.270489674848531
100226,-0.24162195206588255
100273,-3.263021345903481e-4
100317,-0.11603514917387817
100336,-0.19057356063145856
100340,0.6419392319537438
100342,0.5711382463559049
100383,0.17073445120297115
100434,0.23727359327905295
100465,-0.16470027869225848
100494,-0.20849939218278463
100515,0.1285084379593243
100532,-0.0561178544265042
100561,-0.11250747830051142
100604,0.33868592080822013
100608,0.0648775349719823
100609,0.04831843926857501
100637,-0.8232143672033236
100647,0.7997862104468607
100678,-0.1933226694076035
100683,-0.05951640558458018
100689,-0.31421441439489484
100705,-0.07054086376640938
100710,-0.1369769514347295
100715,-0.18658419466351317
100727,0.15209802510804116
100732,-0.12909039251181487
100737,-0.20042846877607265
100756,-0.14736475879295707
100763,-0.16058591765714433
100764,0.5822940901432243
100855,-0.09114066921663393
100900,0.0914084280055953
100910,-0.07861527393547926
100929,-0.22260536189505525
100952,-0.22706709240046077
100972,-0.2732800391171698
100978,-0.27666937995699464
100986,-0.04634995783930004
101023,-0.22480273984522164
101095,0.11413259543171264
101100,-0.0307930603901556
101113,-0.09276476321246854
101118,-0.5485357885548131
101122,-0.14171458323950015
101142,-0.30084842737635703
101148,-0.13592923637115392
101185,-0.15645901683754548
101187,-0.5236147856823636
101202,-0.07220178956561624
101206,-0.15484125673854113
101214,-0.24552742256041715
101240,-0.11202891021625935
101314,0.13215734450088604
101320,-0.16633575124343683
101359,-0.02816925675532158
101401,0.02389490539622591
101437,-0.08850376652019384
101471,0.04918365892480394
101476,-0.13851679427150082
101488,0.2736206471187701
101489,-0.05042126307584408
101490,-0.08917019054649164
101497,-0.04207779173107336
101502,-0.01181399686467865
101513,0.03272588820473981
101533,-0.1170025914144876
101540,0.08130966550395376
101543,-0.46053881211416087
101544,0.06896781718334268
101565,-0.463503853822142
101568,-0.04919422378177588
101592,0.03379686481511573
101602,-0.22343256758362817
101612,0.22397831208601812
101613,0.11984937013504418
101631,-0.203224326831584
101685,-0.10081843950815858
101700,-0.2831192711240887
101706,0.11188122134708686
101739,-0.1249329111631238
101772,-1.1381086681574613
101809,-0.30453080245208386
101831,-0.5079530863092566
101861,-0.12517142469680004
101867,0.04248343772214721
101869,-0.02798573384755804
101883,-0.06519104180285175
101943,-0.02631254586297428
101985,-0.03899800324387595
101994,-0.18221838883606611
102032,-0.09788372651275276
102058,-0.3042114811812435
102060,-0.06109823506291946
102075,1.009578127146072
102093,-0.25645460494834255
102098,0.17497236179744893
102103,0.40166228179711194
102122,0.07779467513040028
102124,0.10691588197837013
102141,-0.22171125744217132
102182,-0.07789752885345028
102193,-0.12852625590747277
102209,-0.19158236360145836
102247,-0.01061707185123875
102278,0.17508085074957147
102294,0.09272058360517998
102323,-0.16511926682578842
102334,-0.2176047064040797
102339,-0.04736395725007741
102371,0.14065275482993808
102414,-0.00366354046644814
102423,0.02651956585789716
102436,0.07393002772278567
102442,0.1331973240630461
102462,-0.16432079822629003
102502,0.6300435576989805
102545,-0.11963311880881962
102566,-0.45500764844967834
102570,0.1579731186004516
102580,0.49351851930398183
102595,0.06858481607899321
102607,-0.3113505028874938
102614,0.13986077274793857
102626,-0.2035382510708406
102632,-0.04093609427829819
102644,-0.7791862537104371
102680,0.01587809316364857
102693,-1.0392853838486822
102747,0.2576319529296304
102774,0.07966107149167936
102791,-0.16048524861733507
102857,-0.3582681922099852
102866,-0.3676229832352149
102871,-0.15218147265672796
102920,-0.41591327096090336
103080,0.5543555370580056
103098,0.8441965509692977
103135,0.01155684027203872
103136,0.3085734506495379
103149,-0.10654020486430515
103161,-0.10629775411537028
103172,0.01215523280545458
103199,-0.01646601582435986
103213,-0.1380970173860655
103236,-0.02776126736621763
103266,-0.23870883394199216
103268,-0.6637048031726556
103284,-0.19476422157897316
103406,-0.5053785323566435
103425,-0.1227737139719682
103466,-0.022676113059603
103468,-0.0982117679534642
103511,0.3747562173265714
103534,-0.01677712439934414
103537,-0.01031140938066783
103551,-0.07479592862366058
103554,0.5081448100982078
103573,-0.27578329172533955
103583,-0.01059546653280765
103655,-1.3301828802058535
103677,-0.01171594065568657
103694,-0.00585728506581293
103710,0.0578449747348182
103711,0.1832593798524146
103724,-0.2396537283047792
103733,-0.03271126737310395
103737,-0.2443877247718176
103742,-0.02539853728265058
103743,-0.2360149366258656
103765,-0.1921455786440204
103768,0.20165706827277727
103775,-0.2403078714524322
103806,-0.04740677429662188
103836,-0.24204915792663267
103841,0.33565470568932076
103844,0.644804491154175
103850,-0.06015155516703191
103889,-0.05764168857846144
103963,-0.01530226078188565
103967,0.7009253176851533
103968,0.5932258112824154
103978,0.6845503938414157
103988,-0.06771582001948744
104001,0.08476131231542028
104009,0.10511583805158373
104010,0.27583159600120577
104015,-0.10923191505332666
104027,-0.15242314707486476
104069,0.5060638395030221
104079,0.3337895295812892
104080,0.3255982067429722
104082,-0.00649210563341232
104086,-0.21185175339119844
104099,0.06718971866786473
104110,0.23484988653912667
104111,-0.3579259297747426
104112,-0.0191777715700287
104130,-0.03846160038206234
104156,-0.03358729952766884
104174,0.34771164415727446
104175,-0.2383718780547051
104215,-0.05573653157034151
104245,0.1900327891210358
104248,0.22438698295857296
104252,-0.02194992167996794
104263,-0.20167834946522836
104271,0.10698750055558408
104303,-0.11485622208573926
104318,-0.05415464168482867
104346,-0.13036684684866606
104360,0.129047750027596
104382,-0.36013691075063947
104383,-0.41208879186048425
104394,-0.2582081060981735
104401,-0.12369173998382516
104416,0.0549189059841926
104418,0.05509340961282187
104443,-0.2128809324873387
104444,0.1612755895491691
104445,0.16196467091515424
104458,0.00751400683487268
104479,-0.04223115308111126
104570,-0.10165580604889198
104582,0.2022956753461777
104601,-0.08882116790043965
104625,-0.00522378868131508
104681,0.01277691309232774
104709,-0.1313905554976842
104718,-0.08142915641129875
104721,-0.1556292054787689
104725,-0.17998855298851288
104732,1.117978969273086
104759,-0.0034748628990323
104771,-0.11016058924364916
104776,-0.07434807134884881
104799,0.00830650427007807
104806,0.11806095434963608
104816,0.5160726786130001
104831,0.13125538081544663
104836,0.23138313477260197
104859,0.34985932389758423
104871,-0.27684852453970576
104884,-0.10187910151163838
104885,-0.0541172029556856
104910,0.1777085696258875
104923,0.07573567379397161
104943,0.3345735396495081
105000,-0.45478851097275
105005,-0.7180481901182061
105014,-0.33520880227929534
105083,-0.07117581988785823
105148,-0.03678488353785513
105171,-0.02349389263619909
105193,-0.3990642095698846
105203,-0.23918041963358855
105239,-0.2071902061793776
105243,0.43497703684590994
105245,-0.05315643463700005
105278,-0.317151903063537
105298,0.01067913084482663
105348,0.11115218723422826
105349,0.08930383807929448
105351,-0.16177873214379834
105352,-0.01552382062656002
105355,-0.06372979718853454
105372,-0.4685546098209637
105377,0.14047430595864688
105428,-0.48785552002253463
105439,-0.06029408871191373
105440,-0.04595475634746735
105445,0.2187886694042583
105446,-0.20227369420665883
105450,0.00525310925650035
105501,0.21241434714583857
105504,-0.10774991032902058
105511,0.8049661396197368
105513,-0.08733067813960856
105522,0.00604074177344638
105559,0.17261700853130424
105638,-0.15369469396898527
105653,0.21575019311295288
105663,-0.12153921776081078
105670,-0.11493515270765065
105675,0.10378826814371124
105689,0.11417142834897116
105722,0.1473160601207984
105727,-5.99297852871078e-4
105732,-0.2764686831651658
105782,-0.08588093937129268
105785,0.07733215542709468
105787,-0.04221956104355579
105833,0.7224397735127847
105835,0.0471248858540808
105837,-0.4359173530963733
105844,0.23329148213004905
105847,-0.10893285255205816
105853,-0.5674185535222618
105855,0.03570156670634129
105859,0.5150322902095098
105866,-0.836142203689124
105988,-0.10765744881658236
106014,-0.6694177463747857
106021,-0.24581521560499384
106025,-0.0673091981617811
106042,0.11545065679406744
106052,-0.08608089792664349
106064,0.24258112668312143
106068,-0.27363638517633415
106073,-0.0149610285317918
106143,-0.16090387300734477
106200,-0.0669608876784066
106248,-1.0369937249878696
106298,-0.108960743568926
106326,-0.05167471046938689
106338,-0.03913336410106848
106344,-0.22160504022100924
106347,-0.5358073238319915
106369,0.417885882370489
106389,0.208311935163719
106393,-0.7177259225921915
106407,-0.07933247651052813
106489,-0.29233471688026125
106504,0.05765037339318224
106512,-0.0651367750503994
106522,-0.2495687406237741
106529,0.00768612485130519
106564,-0.23066501768403092
106565,0.20373646491037428
106572,0.0092471828327513
106581,0.04140780866229672
106582,-0.12181533256323088
106583,0.11083011411983736
106585,0.04898046807349619
106618,0.01662977775822441
106628,-0.15962883943008202
106633,0.5668770588793248
106639,-0.2663843164820146
106707,0.02196623841531635
106722,0.3102931635784011
106757,-0.08252428471537465
106759,-0.07579179094709713
106763,0.4271821032931963
106766,0.03633716436914573
106794,-0.30707003577568986
106821,-0.0774564373840547
106840,-0.10704436435831788
106861,-0.03699846450353955
106877,0.3826548424920155
106878,-0.01653209764953487
106894,-0.11310580202122512
106931,-0.2051233151937822
106947,-0.16269745685453185
106952,-0.01556587021339505
106957,0.01796537016635902
107022,-0.1869560843442421
107029,0.04004464875390572
107045,0.07761525133362937
107047,-0.21582564240274932
107065,-0.4723691390653402
107071,-0.16374724493483042
107094,0.32727790065635504
107146,-0.5082003213809416
107173,-0.05979924337735048
107182,-0.08964886229059238
107197,-0.1399228859510121
107221,-0.3080512353516532
107227,-0.0723463278453971
107239,-0.08441387974999967
107250,-0.18685338067513457
107260,0.03144378956426129
107271,-0.31141586926713594
107272,-0.1937685595303167
107305,-0.27255719918355653
107321,-0.16776223364299786
107328,-0.16207933413837314
107338,0.3140827921967563
107351,-0.8338593679823616
107358,-0.01907225179160699
107368,-0.10944349695149488
107371,0.07460660105636281
107373,0.0152309117162928
107375,-0.17112536186077082
107392,-0.01466118772979889
107435,-0.09290060163548156
107448,-0.025148331040348
107449,-0.6758801416990352
107476,0.12571850249921063
107477,0.2828878342113378
107503,-0.01788725487615426
107508,-0.25697157446189073
107513,-0.04431166999177386
107515,0.6280956748885482
107522,0.4152363817928083
107526,-0.08850717995051598
107527,0.13623341258063668
107528,0.08852657911602348
107566,0.1700763348422546
107568,-0.2562493762200391
107569,0.24574136042300396
107581,-0.30476657835649523
107585,0.10036185899260286
107586,-0.0398762558713055
107587,-0.05835131132408464
107589,0.41659977669650194
107607,-0.01246037559801907
107650,0.06187653143011978
107652,-0.02409372285122297
107656,-0.2789764755657819
107684,0.3799166833226796
107686,-0.04270226763556023
107701,0.02107485982608372
107702,-0.19472624869615449
107723,-0.1383775886305127
107732,-0.00599681993193016
107733,-0.11436860854918976
107746,-0.09885821918866622
107747,0.2605222882239261
107753,-0.43139026175848394
107765,-0.11708220488268269
107766,-0.11551909406728746
107767,0.35078131139310276
107769,-0.03224510773335309
107770,-0.12472666906865328
107815,0.6095892118875276
107817,-0.00287613049607623
107823,1.0872705487830576
107829,0.02937561382874213
107831,-0.7857638723251172
107868,-0.2718235557251902
107869,1.145595942704222
107895,0.3058387758971309
107932,0.18258520434141132
107934,-0.222234653475464
107951,-0.09432045548370574
107971,-0.2535816842409376
107975,-0.06961243945997812
107976,0.04729132814671836
107986,-0.3254961376297997
107995,0.02720405869340261
107999,-0.10668014491115076
108000,-0.14418949711485585
108011,-0.1623406032673193
108012,0.21833854675822917
108013,0.11957008043247444
108014,-0.07395264515395926
108015,-0.2294984133954167
108017,0.04095813687462585
108030,0.4420223092541696
108043,-0.0569206497117876
108052,0.06775079886681983
108058,-0.00136902894002564
108062,0.1319708291758163
108067,-0.28757641167291365
108068,0.3899003388413147
108069,0.2978838874800451
108071,0.428263578852744
108072,-0.08443770678004986
108073,-0.14893635500130684
108075,0.1753185380931521
108077,0.119748901797354
108078,-0.6248233277231277
108079,1.0483396555805344
108083,-0.01047001114035855
108086,-0.00128631751023353
108089,-0.09267584043909335
108096,-0.23892936876494145
108097,0.21910569115483736
108098,-0.11337355857837758
108099,-0.01475907057857297
108100,0.42072996629753273
108101,0.21878717394467564
108105,-0.14858909567223175
108112,0.15573519006781192
108114,0.576434313979284
108115,-0.4209696967485867
108116,0.0675701198847327
108121,-0.0881025692001032
108123,-0.11218108176810644
108124,0.06791511843008041
108138,-0.15557925094433683
108143,-0.24984313065778785
108147,0.0494442137327771
108148,0.00158924001273632
108150,0.11845738977417376
108151,-0.5520526039175793
108153,0.07984228079888807
108154,0.06222452874169061
108155,0.1566085317528147
108156,-0.12097559885750142
108160,0.0431098796538848
108161,-0.04137660924722369
108645,-0.07216484844449866
108652,-0.15311989830081182
108653,0.7564327502311121
108654,0.09793171920134867
108655,0.06978275752474726
108657,-0.00961260871686486
108660,0.01176675900920273
108664,-0.05028978284017561
108671,-0.09642491157823292
108672,-0.2620594427235352
108673,-0.05566071557779192
108682,-0.01729803382753286
108686,0.2924876971157914
108687,-0.1736372628200074
108689,-0.08293563909404704
108699,0.4440061068311491
108705,0.0773760941226878
108707,-0.13576663910022033
108723,0.00719252768301206
108735,-0.03847598564827208
108737,-0.01287623405248029
108755,-0.16892464900077883
108760,-0.3518737928709463
108767,-0.02494511161218297
108797,-0.5520758139129268
108800,0.21385944110905697
108803,-0.3161382396643462
108811,0.20587270335843716
108812,0.26334654694722237
108829,-0.11612873764516927
108832,0.38775223672842674
108837,-0.05818440874887568
108841,-0.9892026804719788
108853,-0.2826618063849575
108897,0.6965050027897617
108900,0.07351223804898105
108903,0.00902826625181556
108907,0.22473066094945837
108909,0.0471391911148382
108911,-0.04539937009153434
108912,0.08216752355501403
108927,0.23894139823778304
108934,0.00623051735944467
108937,0.10572614388367688
108943,-0.4445556677585326
108946,-0.20675063098598784
108954,0.03796071294316618
108958,-0.14111476637011056
108960,-0.0619218592978293
108961,-0.09224612466260662
108989,-0.16527331195760317
108995,-0.10104106173849724
109006,-0.11060895092958269
109019,-0.3018103320962342
109032,-0.05052164742446674
109042,-0.3774931836459249
109050,-0.5999861275915654
109052,0.2282790333494556
109054,-0.6820101612983898
109065,-0.10915011865125744
109075,-0.1646152617687035
109077,-0.03061985395750525
109079,-0.22780000975291512
109093,-0.19564962432666852
109095,-0.1609528997614247
109108,-0.13353935607062656
109113,-0.0637619780656527
109115,0.2547833171931259
109129,-0.13396223802167198
109135,0.12695322328891712
109136,-0.2407437624196297
109145,-0.1236796414779282
109151,0.14499757739623592
109154,-0.1239895710276667
109161,-0.04499851375138973
109168,-0.18062341837940157
109181,0.21810414646029827
109205,-0.6301300595266432
109212,-0.6876839092339859
109218,0.10852926878076812
109222,-0.16213409108810695
109225,-0.1539268958956601
109229,-0.15081854988133836
109232,-0.02733599251417795
109242,0.28438757161057704
109245,-0.06357040085998208
109246,-0.02434339399145188
109254,0.09265654823800087
109263,-0.10627683252162962
109264,-0.10953573001490909
109267,0.0358076621789859
109270,-0.081933878522997175
109272,-0.22255203393614592
109275,-0.04960631013627593
109284,0.3381258014281705
109294,-0.5322453681854018
109305,0.1431138863676822
109314,-0.13836834208560853
109323,0.3059538530578245
109331,0.13482438310789885
109332,0.22368263578513128
109333,0.20512666056900705
109342,-0.17753202164956533
109346,-0.31505682268824553
109349,0.10120057792136047
109359,-0.07350810734710236
109552,-0.04426111222720628
109575,0.12091471388721196
109593,0.35568600623302554
109594,-0.26183454280368335
109620,-0.1737813701353847
109637,-0.28695531531090723
109648,-0.00930372277321583
109658,0.09768174171622954
109660,0.558112382060571
109672,-0.00377790688323311
109674,0.09047681004283764
109685,0.10585151190900222
109689,0.22214575395963024
109697,-0.6863519946631438
109700,-0.2967002908140868
109731,-0.07265303130073066
109754,0.07499865492543067
109778,-0.03623044730327867
109785,0.1226705234240584
109791,0.06355407204533575
109815,-0.07558725483705978
109820,0.7042350949720357
109821,-0.375884284896385
109828,-0.333939359685795
109857,0.07763471325004134
109880,0.11986504076165672
109889,-0.16090107848474708
109900,-0.01468561469244362
109901,-0.2521443421329559
109904,-1.8487465577953353
109910,-0.06748015811675248
109929,-0.07538658487824487
109934,-0.20362142833786465
109978,0.10466119667251766
109979,0.4609843490474488
110006,0.04611493865144716
110012,0.4425506053490722
110033,-0.2726380909349455
110058,-0.162039357268552
110074,-0.26249467075325883
110075,1.2773897812739756
110078,0.22359503676821185
110082,-0.5371756221067125
110083,0.3498490755139294
110084,0.28162372814944997
110094,-0.08224709540111212
110095,0.03262657337276362
110109,-0.01163948410299956
110115,-0.0791801759282932
110119,-0.08751076845669566
110135,0.7910645263000051
110147,-0.02025417687797594
110157,-0.16200296042827558
110168,-0.11812761264706158
110172,0.14613968903429714
110173,0.02992610821162451
110175,-0.12920474484208466
110196,0.04970647734895964
110197,-0.05502617768203694
110198,-0.03520969786065416
110208,-0.12482547095217096
110213,0.07981670639366847
110253,0.01556058651618039
110265,-0.11384523749293736
110279,0.2176074108743357
110304,0.0854130362895563
110308,-0.4443227415980718
110310,-0.4227800590587815
110312,-0.37114128823604464
110323,-0.18686193627222972
110326,0.5254634389243726
110350,-0.37453861185321485
110351,-0.07601313391418572
110355,-0.07916976738131123
110379,-0.01315307166778074
110380,0.2765600742419274
110382,0.39796757858469495
110385,-0.09270864954059949
110391,-0.1465611463861026
110417,-0.25562779819211345
110446,-0.13416071848754046
110521,0.4448214989077117
110524,-0.29833731039592526
110532,0.1736026671701326
110542,-0.5421412776985476
110593,-0.0439684852585251
110595,-0.472555145764874
110596,-0.05347204845675781
110606,-0.16365752078469142
110611,0.2120196924878865
110616,0.6628203134445401
110637,0.05455657845720327
110639,-0.42052043741228534
110648,-0.6157306646718431
110651,0.03023759321122676
110695,-0.26388802452800797
110749,-0.05840254659956023
110750,-0.02994044865495495
110751,-0.2180917625434324
110784,-1.0375931264647535
110789,0.09118555111712329
110794,-0.2618551578109105
110796,-0.09544659198685757
110805,0.13048240563352906
110809,0.06075270413237521
110816,-0.07457006202807193
110821,-0.12255779432733518
110826,-0.10698821202269006
110829,0.15290182779058856
110834,0.0902068653282321
110835,0.14261668890960774
110842,0.00145162580894735
110854,0.00355575994604687
110855,0.19784796686264697
110862,0.24576077622705828
110876,-0.07202184271043151
110877,-0.4696250901510768
110880,0.05227609956376604
110886,-0.04260358128222857
110891,-0.5425253775954328
110893,0.09705914815835212
110895,0.6206250784281062
110902,-0.14449281571469605
110911,0.1411406832662444
110920,-0.233364964531296
110935,0.2041804761610172
110948,0.3793394617814589
110957,-0.14093302059249627
110958,0.11371187642721955
110960,-0.09646260965560842
110962,-0.04358534978476319
111173,0.06871374986184263
111174,-0.4852944472009349
111175,-0.16411281442080294
111241,-0.06968133986661275
112403,-0.2304690088182384
112406,-0.13010480439733502
112407,-0.4939841067411211
112418,-0.05613982910885436
113868,-0.06654897504069597
114128,0.19253117780072895
114141,-0.3817978236834885
114142,0.26696418611541184
114143,-0.01326122380569425
114229,-0.11488274424668264
114230,-0.3941937026905929
114249,-0.2644776872786945
114255,-0.5693422938039792
114301,0.3041797391540506
114304,0.01503058276974458
114332,0.8213718606268869
114565,0.09814272351582158
114566,0.05478406610322975
114570,0.10267654735442854
114584,-0.03137241122102226
114585,-0.01374849716893683
114601,-0.02119083445524369
114602,0.1821476552939708
114604,0.17418628035342434
114606,-0.05714966565977666
114615,-0.07415454532446855
114640,-0.08628173598333976
114641,-0.2194327652603273
114642,-0.10383227592257475
114644,0.26048993981338775
114652,-0.46982447643915776
114654,-0.01617446164863825
114663,-0.11327161259930688
114664,-0.1303372347151923
114674,-0.05489002324201713
114712,0.27011891099270946
114713,-0.2735921376218567
114714,-0.08083145906234121
114715,-0.07369759776862374
114716,0.5070749993359256
114741,0.5209030249521223
114774,-0.4587353481858736
114863,-0.20499250373604985
114873,-0.1734737513809015
114874,-0.1074230359952881
114875,0.2917863701038765
114886,-0.7753997123347602
114889,-0.1370776352735548
114893,0.28462201386469177
116701,0.34181169497876085
116731,0.06716732185121932
116732,-0.09007238583202253
116748,-0.11828161202614998
116810,0.9898635510277468
116838,0.16457844771181623
116847,0.5303047192936503
116848,0.1847143411565459
116870,-0.06917949496550553
116871,0.28407625331822933
116872,-0.32010964908942646
116873,-0.10721682409163397
116891,-0.17243749657341406
116904,0.6896048645884404
116905,-0.19820015396194404
116914,-1.0914133315177337
116939,0.15832449174573887
116940,-0.16136401475117773
116972,0.3953380286728384
117004,0.15611897187460377
117109,-0.03526260596724524
117146,0.2611383145199811
117147,-0.13556312256043915
117148,0.4229305278586424
117149,0.0095564438371042
117150,-0.05663940152607615
117158,-0.768877840670922
117160,0.15481685148051005
117167,-0.43586163544238354
117171,-0.09569418829958327
117197,-0.1068815745241968
117198,-0.09769408591987389
117229,0.01832465581711636
117586,-0.03499626862008222
117589,0.08585412258856633
117591,-0.10136845195799452
117599,-0.03476705333693754
117600,0.16621367359909206
117606,-0.4933641924400418
118445,0.01720667474911928
118446,0.06352285180089809
118449,0.32289521887602374
118451,-1.468467333102519e-4
118453,0.5876077759849182
118454,-0.03344019521558068
121021,-0.5302544195585
121022,-0.10712898760850847
140474,1.087805679032931
140475,0.31043122271345935
140476,0.4085186112769068
140477,1.109889813699668
140481,-0.08497331955941032
140482,-0.2131721471522057
140483,-0.3770321229922891
140484,-0.06456134212149982
140486,-0.35248806854768633
140488,-0.31820833227862966
140489,-0.08409336885120333
140491,0.20044811499229823
140492,0.08353715599189401
140493,0.37450822080869567
140494,-0.11466357738797224
140498,0.02055944958775359
140499,-0.09925616982215402
140500,0.29952086313575166
140546,-0.2894644357132342
140557,-0.9618904208870838
140559,-0.07908088236034706
140570,0.11520122551201664
140571,0.27812630699088325
140577,0.328603647787285
140579,-0.2111804124957967
140580,0.20132644173958175
140629,-0.03581230641430474
140630,0.24892567614619604
140703,-0.14253138982021032
140709,-0.7165431803253475
140721,-0.49471762309004574
140723,0.5159924984143711
140740,-0.07024113695275783
140741,0.4724056535274734
140742,-0.00941311280185778
140765,0.03194740711998355
140780,0.4428688490829336
140781,-0.17175594786277995
140792,-0.36690689984378955
140795,-0.5290121397798107
140806,-0.23943077139817373
140810,-0.02790349221123438
140858,-0.18283328276135952
140859,-0.11999835364833816
140887,0.07645187793524971
140904,0.06960714061324558
140917,-0.6231866128954291
140919,0.39204433013325746
142681,-0.3124387219941642
142682,0.49478034602083304
142687,-0.1593376441460127
142688,-0.3527444729285765
142980,-0.16170127594655984
170439,0.09925148515092518
170441,-0.3456180539113696
170442,0.5998810794389666
170458,0.6594281931699053
170459,0.1574133213744123
170460,-0.46613857129764547
170461,0.435550713905187
170472,0.37428437384433494
170483,-0.43781561468325986
170484,0.6489131941713482
170571,0.8509654562620177
170574,0.13860482419066633
170625,-0.07362645398130876
170638,0.13822036498721776
170639,0.1092561998845441
170643,0.44632431932559624
170644,0.06362111473153018
170654,0.16092009073154007
170676,0.6138077880398556
170677,-0.6615327217278778
170706,-0.01629369946594307
170707,-0.13113045228197337
170711,-0.06946898025142839
170716,-0.13905625268066604
170718,-0.12954964059223073
170719,-0.21796488222223848
170720,-0.16557333542680766
170721,-0.07038791091645234
170725,0.7719677695948097
170728,0.25467320732562576
170729,-0.04698914129810787
170731,0.08755011453479497
170734,0.3968764625400256
170735,0.7635167637948239
170736,0.3960703484855942
170737,-0.08752336545229236
170738,-0.38199627855351787
170740,-0.02422611642512981
170742,-0.12516856218807978
170743,-9.824643201815431e-4
170744,1.134997404893444
170745,0.5078721723298192
170748,-0.3186089402581603
170749,0.04212751280119551
170750,0.03009682430789356
170752,-0.5046215506527332
170753,0.12189837750887288
170756,-0.5393597543018226
170758,0.06903695518655541
170759,-0.07587081269251739
170760,-0.07357241861379804
170761,0.02591555257296615
170762,0.09897929956196828
170765,-0.19637400732297425
170767,-0.22081202886765497
170768,0.06523751470563535
170771,-0.10906029111242564
170772,0.07209740691673591
170779,0.01337915291296667
170780,-0.12979056265875297
170787,-0.07653091257304151
170788,0.40938134785185
170789,-0.1501509853059832
170790,-0.2236079754895124
170791,-0.1516788744069512
170799,-0.6040063141705447
170813,0.08518327250045746
170822,-0.1878724556516557
170823,-0.2597701945973237
170826,-0.5190086046809118
170828,0.30108035926106536
170829,0.09621775710931396
170833,-0.02620997157534543
170835,-0.21446890207033267
170935,-0.7257757056092344
170947,0.25394025357465133
170952,-0.00430223093626556
171095,-0.01129754047176986
171166,-0.36021168710824286
171167,-0.00187939815551626
171168,-0.00932123579947676
171170,-0.1458930076196529
171171,0.4525877064108269
171180,0.38201625596144495
171207,-0.02097162711347423
171209,0.34690861441643095
171210,-0.2027863757199161
171211,0.0158649070116693
171212,-0.02306631547590046
171234,0.7355058591044807
171281,0.10239609369286638
171282,-1.6279557185087303
171283,0.2653999499772748
171285,0.3365214393810666
171286,-0.4516572971032212
171382,0.15730815902846382
171388,-0.0746584620231999
171395,0.6519842720830866
171463,-0.03242360043553673
171469,0.26854954690320326
171486,0.05587910909933191
171504,0.11944327962954868
171506,0.33423849566222086
171508,-0.15877313683387956
171530,0.28992576876200904
171531,0.5981462557496185
171543,-0.0050125725766387
171567,-0.24603295040287865
171580,0.011634379341777
191578,-0.3747977295704006
192113,-0.5593260386286854
192119,0.10538477773056698
192120,-0.10653809487629112
192136,0.06102678758309242
192140,0.5430852457822195
192156,0.13067323818732868
192157,0.1782492318643769
192159,0.01177453793786693
192160,-0.02452729006323812
192161,0.37150964525307495
192164,0.0791954342763861
192166,-0.31022020601428685
192167,-0.4123584226609432
192169,-0.13180365103133784
192170,-0.20303045125990749
192173,-0.1149770933188566
192174,-0.08017450690126456
192176,0.11518429587219615
192185,-0.12285410878551442
192187,0.10366925220327602
192188,-0.06874370798188519
192190,-0.16180132512028414
192192,0.03325156435833325
192195,-0.12244526548374672
192197,0.285253326468399
192198,-0.2646377314601609
192199,-0.23252739465580577
192212,2.5916348917916915e-4
192231,0.01268919219019557
192232,0.04632982469886673
192236,-0.1250135075305758
192285,-0.06665982882779133
192287,-0.06076662708873694
192292,-0.11834301143102244
192650,0.26237045412133736
192651,-0.04805925700763681
192652,0.04034692998350403
192653,0.6168084896445344
192654,0.03956812591351547
192656,-0.00296330541146019
192657,0.4464564790517612
192662,0.05630010188345124
192663,0.03848498238598737
192734,-0.47021498906816295
192775,-0.5277739819833727
192786,-0.0087655902812653
192897,0.3222093934167884
192950,0.20226738089490812
192970,0.22801533074994007
192976,-0.17963536007032338
192986,-0.11956184331749016
193003,-0.44393086050461594
193034,-0.6988942363580067
193043,-0.3542382809748871
193116,-0.09777459590883072
193385,0.08160279089724433
193452,0.03010445250111631
193670,-0.10379505527443944
193736,-0.20137942294931976
193742,-0.32160570971448016
193796,0.03250928053825912
193813,-0.1575493654668937
194126,0.06931700763417913
194219,0.5305989903734413
194231,0.7682560338874798
194237,0.1466512461035477
194309,-0.03247124173643889
194352,0.16675682235018516
194388,-0.03154238563869774
194401,0.39693333313842183
194590,-0.6487834355310742
194597,0.16754251384954058
194655,0.08660097358861193
194744,0.01983290539624956
194908,0.09730269085517838
194952,-0.16003485314448573
194974,-0.3272604128894705
195018,-0.11703629539352564
195040,-0.1569045770989945
195208,-0.2421342367267356
195209,-0.9693121064084638
195236,0.18444726882419576
195333,-0.10890199952240856
195359,-0.4571861702819231
195522,0.04170059427134016
195646,-0.5938043083138973
195727,-0.12927441332627335
195733,0.4364793765978041
207151,0.04712620957755102
207165,0.07559556247609212
207181,0.205696586692902
207182,0.1453473325851286
207209,0.37358581290107007
207212,-0.06298052108129423
207214,-0.17329416557779598
207215,0.0436408430529052
207227,0.2364792960327285
207259,-0.33618582543416275
207278,0.10212505087160267
207304,0.07008188877843588
207352,0.07769125363456053
207375,0.13497217914922954
207393,0.4453082874971831
207425,0.09262636861611236
207495,-0.21600589176790533
207521,-0.2397793420575264
207565,0.03110536500362301
207592,0.19986474612536015
207596,-0.30130918221121733
207607,0.11112967171619648
207615,-0.3230583215138447
207683,0.5736827597312688
207686,0.08112350517161045
207704,-0.01017179730189558
207728,0.02331508175012148
207742,-0.1499951990257795
207777,0.9244471019336568
207781,0.00154651745822168
207785,-0.1957639127587617
207792,-0.7765014224160733
207806,-0.00103971203377754
207818,-0.00373514637355237
207839,-0.09270907064148004
207854,-0.9489231124528228
207911,-0.27654746866659535
207920,0.4599952677572483
207921,-0.2330939969422009
207932,0.20818232481862203
207952,-0.05040070094438396
207958,-0.15486650925077586
207965,-0.2135115077876617
208076,-0.4560718077412622
208080,0.34957374061025037
208084,0.04523211151533492
208092,-0.0886188432135877
208098,-0.1388588302725214
208104,0.15702767991229505
208117,-0.3693390907377392
208144,0.05394435683150529
208146,0.02795340024596134
208151,0.04110706820593561
208154,-0.23076828340609615
208158,-0.02031879916690559
208164,0.3812859778154425
208169,-0.11058738198134764
208171,0.5476567066027536
208177,-0.2300154365543197
208188,-0.1027047670276816
208194,-0.01151874885050319
208198,-0.07165746486820235
208211,-0.3341904972872071
208213,-0.71420366014575
208228,-0.0644804290146243
208258,0.5958094566112653
208266,-0.04422985961894536
208366,-0.1374972983753223
208372,0.4648830228788339
208426,0.5720381701495411
208431,-0.19471395930150853
208439,0.1498849844524099
208440,-0.2590082814799811
208449,0.09950366604476324
208501,-0.8574870025323367
208518,-0.09588825484576946
208583,-0.7221390321964156
208606,0.04358307305590934
208613,0.30968522271670607
208618,0.4325644621901722
208624,1.2125529667966067e-4
208628,-0.18464519829160228
208634,0.2982801363641181
208638,-0.09392378037144336
208643,0.26176800024511204
208647,-0.20273249167550927
208650,0.04801472992380398
208659,0.8019113098702376
208665,0.2083801752768049
208666,0.5167509951407272
208677,-0.10781124881343832
208691,-0.06961106447198026
208715,-0.01462579847377798
208718,-0.0323756974612798
208727,0.3166173052978697
208748,0.16505930770489702
208768,-0.2278272519080441
208777,-0.10957809711725355
208795,0.06941172551358114
208820,0.3145420375731419
208836,-0.331205607069544
208846,0.5067907213198146
208869,-0.158194613041877
208884,0.00895476253285018
208890,0.2792181166566911
208898,-0.5513490620993777
208908,-0.09481351084660895
208922,0.3087788842279301
208936,-0.34333457475272694
208943,0.11755789691018116
208967,-0.36533304762554497
208982,0.43759501443326704
208990,-0.16772502487359048
208994,0.3059483800316762
209003,0.04815728031062474
209011,-0.06519985315278537
209012,-0.42756540972427864
209018,-0.00468999688270994
209027,-0.27242935058039264
209032,0.05527971337237947
209039,-0.04997089186525307
209047,-0.04060630018749656
209086,-0.23427869776615823
209131,0.10510526705085747
209176,-0.6287646015929744
209195,0.09377824991873128
209200,0.31770925121622906
209212,-0.08750797558524723
209224,-0.12869588478669614
209225,0.14044081054635668
209232,-0.04343099452404901
209239,0.8149789909891528
209268,0.5237424303379115
209318,-0.11191404716484878
209334,0.08443051583968046
209354,0.07999007235150894
209357,-0.25699264620022266
209361,-0.08252798745278199
209378,-0.30831703812948225
209416,-0.1456153557775793
209446,0.05534311023303194
209448,0.00670685681638715
209456,-0.6656538296447145
209462,0.12513621575642067
209478,0.07279334458566805
209488,-0.2161701801041468
209497,-0.00217148521932235
209512,-0.33337156721386907
209540,-0.5596386746927243
209550,-0.42228411824457435
209558,-0.0481676507600294
209584,-0.29701235731178033
209586,0.10006285600763824
209588,0.14034533011462105
209590,-0.15507504560566254
209601,0.3651641849019564
209630,0.02005296447589393
209645,-0.09788136847164444
209692,0.2966781373085391
209707,-0.9034884493292512
209737,0.36096018685588105
209743,-0.1331879083926972
209760,0.4523565099992537
209776,0.3419343237731999
209815,-0.10997376400667194
209837,0.18063045259045576
210004,-0.0314617473071795
210009,-0.5493160237314372
210027,0.5021735660139057
210029,0.04577033111415964
210035,-0.02542303160335831
210044,-0.08689602952146777
210094,-0.06167665495426533
210106,-0.04478831796396654
210108,0.15486783195079087
210126,0.2620622761704253
210135,0.01542071906295504
210145,-0.04542276033784397
210146,0.0386245993309733
210148,-0.01573071051900734
210162,0.4708354507619982
210172,-0.17783484717673653
210198,0.3124310829910428
210274,-0.3508299325688217
210293,0.1976380148919068
210297,-0.38451083048254775
210356,-0.5061199393722331
210376,-0.01033737438544838
210417,0.7068224574428861
210503,-0.4003997014628591
210510,0.21260470876995435
210529,-0.2088801395683357
210530,0.3680647995591419
210544,-0.00655069882647554
210554,0.7248183435457816
210573,0.3934951177564394
210582,0.0913236742862751
210622,0.18133803875433752
210673,0.01863869440254139
210711,-0.00476252534428292
210719,0.1230596097775854
210741,0.03386379004324966
210757,-0.14519572516770815
210762,-0.3999460554249309
210766,0.1276695784798358
210789,-0.0926602127174544
210801,-0.4178619791896413
210808,-0.14654587609705952
210925,-0.01715743975510635
210933,-0.31159364461681616
210973,-0.0496089879715261
210982,0.2433940974725188
210992,0.13242289541187569
210998,-0.16341980258629293
211006,-0.3505333111599003
211007,-0.03203234196808609
211064,-0.09961095705062951
211134,0.0688105266310485
211147,0.5115653393016453
211151,-0.16365752078469142
211187,-0.3957498783855865
211228,0.13950027332754789
211232,0.03320509355436377
211255,-0.10707954983863358
211286,-0.10245278422143722
211329,0.5321291237305894
211347,0.1847444417205483
211383,0.8046027514385201
211389,-0.28184849352617813
211401,0.05854791613854653
211446,0.3727878089314768
211468,0.6233086839371688
211480,-0.3478248339544497
211482,0.20391272113127168
211484,0.08076039432043523
211488,-0.3633575983248169
211499,0.12398756682711072
211535,-0.06924727257935778
211550,-0.00671255791149857
211556,0.2181977486756651
211577,0.73356174904034
211578,0.8731194845309648
211586,0.15307315694098217
211612,0.7318507024455423
211651,0.4206430041678193
211652,0.3756890037952431
211660,-0.38022117322686017
211666,-0.187471558422584
211673,0.09578657285178174
211712,-0.4111595525303462
211739,0.1756177771430642
211770,0.02600210053792491
211798,0.20757791899330713
211896,-0.1314885428524412
211914,0.7323584146648734
211922,0.03699776313685185
211936,-0.3606632332143148
211945,0.24556518603998256
211948,0.03759679330775658
211949,-0.02139738443960222
211961,-0.2819457408879424
211978,-0.01918671418940441
211986,-0.18044178864628604
212032,-0.0183129256389142
212070,0.18023153047239693
212073,1.05663990467752
212090,-0.08876658595633755
212108,-0.03277216597462032
212111,0.2356068152296047
212114,-0.2565766804593988
212123,-0.14094476757668573
212127,-0.07359754815591969
212139,0.09741892596739064
212153,-0.26399821646722826
212163,-0.341302888183332
212167,0.12621686131296117
212168,-0.22560155691553213
212190,-0.2305493344748442
212198,-0.5259468138118635
212285,0.08749492374393193
212307,0.3462014729468536
212326,-0.06658423598284388
212377,-0.01140399599129272
212390,0.6187225454750626
212391,0.22242662355710513
212392,-0.6618210757283512
212398,-0.13505312188352497
212439,0.3083102814174628
212442,-0.2133450355874766
212503,-0.3243971132474182
212508,-0.26013809500711066
212514,-0.16658522409620213
212516,-0.18162441274483132
212517,-0.34665689182574577
212518,0.5691755390495137
212528,-0.15719655873235897
212531,0.11874620317881876
212541,0.2606347746090404
212547,0.3681584112067067
212632,0.2725912808673171
212670,6.160165349838806e-4
212679,-0.07881817343214678
212706,-0.09845529221844002
212712,0.10811109062219185
212733,0.3847374210759024
212772,-0.2359655965719444
212862,-0.24664897465816457
212880,0.00334257217403987
212892,-0.4744254656100398
212898,0.12028821107719814
212919,0.3003268399250117
212933,0.5972250704607007
212937,0.3118008735354639
212943,0.1123480630704602
212974,0.01945977538706556
212980,-0.1617926629146443
212986,-0.01642614480940914
212989,0.299871144320903
212996,-0.3639743449728237
212998,-0.9215685878168294
212999,0.2616607691946159
213006,0.09645045206286797
213011,-0.45240481301802993
213012,-0.01758583018910445
213019,-0.1934171131966327
213053,-0.11132927339878355
213054,0.0190821798898579
213056,0.1446427845127852
213068,-0.5394433614370268
213081,0.00110956459297292
213084,-0.00279198163466568
213109,0.12710277815877677
213119,-0.09994861244170536
213121,0.06657504674322401
213171,-0.15259254788353646
213208,-0.15075357271062384
213211,-0.0896398656131073
213233,-0.1616051879470836
213234,0.7192116512286464
213236,-0.22590064534785537
213248,-0.0853969774518766
213262,1.0214357464511086
213272,0.3012936286081742
213311,1.1079913254223843
213326,0.00637858761267633
213350,-0.08821802492090158
213389,-0.29930147051951084
213391,0.19100817436956
213393,-0.2861335179853637
213402,0.2830402931178002
213417,-0.37917927393411865
213435,0.8449348714831127
213436,-0.30697699688592284
213439,-0.4230144729074019
213449,-0.2645362418533175
213452,0.387722229320114
213464,-0.03026280950894412
213469,0.9890544101576464
213491,-0.3732405306668204
213498,-0.01647422066475118
213499,-0.11406255944510447
213522,0.5410915798310115
213527,0.28016113221182637
213539,0.3577775300759136
213541,0.01080903825617947
213550,-0.12580748923895163
213575,0.07189354523428548
213582,-0.00605757539602523
213603,-0.2788434316615953
213649,0.263526547584437
213673,-0.1316262141911033
213696,-0.6270042197730532
213753,-0.20297096622900465
213760,0.2684846649051367
213765,-0.24819279901285224
213773,-0.4997358849101957
213783,0.4590129706805426
213788,-0.19845234878135443
213819,-0.04964540056519241
213827,-0.13124703486136613
213945,0.260498574988023
213948,-0.292811630066483
213956,0.3039300323780033
213980,-0.29109783462078903
213988,0.7172602191797512
213989,-0.33647506473607536
213990,-0.01206311826236978
213993,-0.06649084726767683
214058,0.40580375800418345
214063,0.09766735922474568
214084,0.1783245484025613
214105,0.5280654035795784
214106,0.6631449282156603
214111,0.03332911446049361
214112,-0.2838809445333324
214133,-0.1715746998220925
214137,0.17206784517856327
214150,0.04181326006614801
214158,0.11604543923184596
214162,0.3968253072827279
214189,0.3020150436168686
214191,0.7244544868081368
214230,-0.3946884771293036
214239,-0.22586756515208972
214240,0.125145456295144
214253,-0.26129327047569323
214254,-0.09239992169391402
214290,0.05402049102035226
214301,0.6115087309792839
214305,0.03496754254110191
214345,-0.11085319229281404
214359,-0.07905561874593404
214384,-0.3496843258862311
214424,0.2781817763783385
214425,0.2029374873229239
214444,0.21107174235557688
214459,-0.7212503647004186
214469,-0.0200143733505044
214489,-0.2505371465309257
214498,0.05772038707913948
214505,-0.10913073918005378
214523,0.9554532654319304
214531,-0.08277383683710732
214547,-0.1851784919251575
214552,0.07247174947279816
214568,-0.3387769709772964
214572,-0.01940093708426045
214575,0.30632304699412416
214579,0.5791857611304609
214580,-0.07295416199306173
214593,0.2063332833076912
214597,-0.01255318547736782
214601,-0.16535933033450703
214627,0.03757253485442335
214642,0.08302795578984887
214663,-0.11470204980210016
214669,-0.03367476626693967
214685,0.45892352742854703
214704,-0.228936521378764
214742,-0.0349224450956723
214763,-0.06153084445688392
214764,-0.2660292391247563
214766,0.6776912689769783
214779,-0.26397276786422375
214791,-0.02517801808339763
214804,-0.04054721643132499
214812,-0.19857686314263612
214855,-0.0965525606864907
214895,0.04844000716295532
214897,-0.22140876235774487
214899,0.1085133136009552
214901,-0.15350181132909968
214917,-0.09186529938481948
214922,0.2944709215105694
214931,0.30819898370404314
214932,-0.24083153154421688
214944,0.23520807552347683
214951,0.24894118227581763
214952,-0.05654679465361335
214968,0.0679698011090787
214987,-0.28903554708747176
215001,-0.1825643168625539
215008,0.19931098045648363
215015,-0.05837494874007487
215031,-0.22436459029065184
215051,0.06101613693301802
215061,0.4005056582173171
215085,0.35561079578900795
215090,-0.5238057139230645
215095,0.361613902637846
215113,-0.11145283852522891
215114,0.2281756766768877
215160,-0.26284920456579075
215193,0.03065573046633558
215194,0.0055315625323451
215201,-0.2475178595169316
215210,-0.06529824701318203
215243,-0.05422184523657421
215257,-0.1091732212045413
215274,0.3261785138730779
215280,-0.04749336140250521
215303,-0.21057618837014055
215332,-0.14504340555278084
215335,0.1037167197424449
215351,-0.6262282946791562
215378,-0.3642845843905453
215384,0.11660148092602209
215387,0.08029010825306712
215418,-0.19221783121278307
215436,-0.05841226873937441
215445,0.13640546054402758
215446,-0.21693768802413477
215449,-0.04082086218582423
215456,-0.32943868129436005
215474,-0.00170420165208012
215476,0.09619256024388398
215494,-0.05949586142826296
215512,0.29255443889123833
215627,-0.33446359706491746
215632,0.02770156530933912
215641,0.5863373211246272
215653,0.04070586581350419
215654,-0.17691894831336305
215690,0.5575730300030745
215693,-0.26733806883933553
215705,-0.14339222386732747
215707,0.1569419107751111
215708,-0.34073008146687245
215723,0.8828702013580563
215748,0.10404701371986616
215751,-0.1122413758310162
215772,0.3478527991510085
215789,0.0258121315030493
215798,-0.9289937091964312
215814,-0.24427117167980317
215819,-0.1596586097081417
215821,-0.23991372736052707
215854,-0.6270126557815459
215855,-0.4671751756252744
215890,-0.32218864118144125
215900,-0.23303699783503645
215929,0.510657918290834
215951,-0.13824478796745074
215999,-0.17092626978444556
216001,0.00851327782277951
216011,0.05135906134771516
216019,-0.0249354650006708
216021,0.43045092551585024
216028,-0.11465740032677878
216033,0.4357120435735977
216049,-0.291092706258214
216080,0.673385217362487
216119,-0.29221467075577723
216131,-0.23886313062387152
216134,0.02568443033386842
216136,-0.21960077096392353
216148,0.04722477250952836
216150,-0.14569124012887452
216151,-0.07210454559355849
216154,-0.06170499142164487
216156,-0.25486248914894066
216157,-0.21365719120716797
216161,0.15428614709459643
216169,-0.29088053082042636
216188,-0.01220285702863786
216197,-0.8942680267240641
216198,0.03160862883468066
216227,0.01139799426860073
216233,-0.03693674718072917
216238,-0.06106383343450557
216274,0.20329596375587897
216285,0.2722492515187294
216292,-0.08101946490072258
216343,0.3803971158022604
216344,0.3503816456567568
216345,0.004898816252948
216350,0.44931025130011915
216363,-0.13962404773517378
216393,0.4549527283434984
216395,-0.14849709015988183
216438,-6.158778280392074e-5
216439,-0.0422662031379047
216440,0.01182634342446788
216443,-0.00327783206628226
216445,-0.0811632104958696
216456,0.28204442227682713
216459,-0.2451964388976333
216505,-0.13054928438541596
216516,-0.11690456604785858
216527,-0.08241140727479766
216543,-0.1846388028442525
216549,-0.06630929785178469
216551,0.2380450779967523
216558,-0.0693354468845569
216560,-0.03409438783048657
216565,0.14959517922707094
216578,-0.3740057224011445
216613,-0.2057075157578237
216618,-0.13958399338887778
216643,0.02609958920193841
216705,-0.07172689993653056
216724,-0.05137377194784511
216725,-0.39924524813013174
216739,-0.03744676431016854
216742,-0.2225855103386537
216749,-0.24267151102747267
216760,-0.15207916111295866
216766,-0.07843983895341838
216767,-0.27699003749759565
216781,0.492934838101858
216792,0.04446797038786203
216795,-0.7477179705237174
216797,0.0092881845718743
216799,0.2903836948680918
216805,-0.23944365464196599
216810,0.31883553845229146
216820,-0.35232489975551046
216821,-0.13114117177802745
216825,-0.04287749592169435
216831,0.4688188734093056
216835,-0.25022096195289345
216846,0.05077330358509972
216848,-0.02164321672874982
216850,0.0896297083604958
216853,-0.09973681996627942
216856,-0.7216586608170343
216858,-0.02866555897831558
216859,-0.02866555897831558
216860,0.05414637414452153
216867,0.4450211509570397
216869,0.08463637120630768
216871,-0.04067549126880019
216873,-0.03856183750396629
216874,-0.01249080670621911
216877,-0.07844065708812555
216881,0.08560735538898817
216892,-0.2480737285834303
216961,1.0997839471539923
216963,-0.13679364753456652
216964,-0.19393280169293595
216965,0.01121441332063193
216971,-0.4580905967630853
216974,0.10195808276538576
216987,-0.05179015243046741
216991,-0.8521502160105423
217011,-0.21977206735335983
217012,0.39173999920341374
217026,-0.13390370917168434
217031,-0.4672249235494289
217038,-0.16975271319711438
217039,-0.08134012059208261
217057,-0.2782303781715446
217069,0.0163877910172854
217082,0.19311394764588435
217109,-0.1814587066868662
217116,0.48631264893572707
217119,-0.15190129015396292
217124,0.16463590103691517
217125,0.19740808086241096
217127,0.02102968357713629
217138,0.1457689295447763
217140,-0.26305984312969033
217143,0.01931311714288475
217149,0.19587602693566192
217151,-0.1929335935790824
217154,-0.18809649215069144
217166,-0.6343398209927207
217169,0.26465943822449084
217194,0.06832070287365292
217198,-0.220415762722483
217201,-0.3003156141131634
217203,0.16385687388440617
217207,0.2662150059181993
217212,-0.18902194791347332
217214,-0.39318582099992794
217216,0.3899512231312659
217217,-0.23070522787688544
217218,-0.250716229588508
217219,0.14371227793355437
217232,0.35991762200735117
217262,-0.05776657238292743
217265,0.18442340244323976
217302,-1.0704536589776366
217303,-0.22266081093079268
217304,-0.1942360702125848
217306,-0.02905990432812753
217310,-0.07048240848112675
217316,-0.30891008265126496
217325,-0.17132420898456469
217331,0.10308170117104304
217333,-0.6060617263900069
217335,-1.369196440240833e-4
217337,-0.03189951849445596
217340,0.2037738097454736
217342,0.23536468456623905
217344,0.08257352911030254
217351,0.06177718392803997
217353,0.2473097082677712
217356,0.2169778972073176
217364,-0.11936101783080529
217365,0.01002150800849848
217366,-0.16890397828245995
217369,-0.16619278085361436
217370,-0.22927891575486808
217371,0.0850293047092528
217378,0.3695113499276196
217379,0.29490160516687614
217410,-0.16569259908106096
217430,-0.08646320389562336
217431,0.17294658416026093
217449,-0.08505516955238054
217463,-0.02893060463643774
217473,0.359935040987996
217480,-0.06674995947042402
217517,-0.43446228695892714
217558,-0.06498552312583286
217578,-0.03368487873589453
217588,-0.5185835891876864
217593,0.30521866596800556
217648,-0.9226983513998774
217653,0.03661511235634
217664,-0.320804090173603
217666,0.01279139372029467
217682,-0.22411362011726824
217684,-0.00703416278928743
217692,0.03868307908554645
217695,0.48778888034338974
217705,-0.06049758902458413
217707,-0.5221586899577866
217708,0.25741268985489174
217715,-0.03573953484113854
217716,-0.23235476346745015
217718,0.03335072609913911
217721,0.5784185859469587
217732,-0.43344541943393466
217733,0.2071609482823128
217734,0.4395658942827695
217737,0.0426931465352325
217738,-0.6403809738300784
217779,-0.17175065852127808
217826,0.01832662724589244
217827,-0.09753158277774827
217830,0.03981035448928934
217835,-0.14268850386932014
217837,-0.0955114191887918
217843,-0.10453997254772598
217847,0.02052962742422578
217864,0.16891984631226467
217866,0.36135368880782426
217869,0.21200644102557095
217882,0.02281084973310776
217887,-0.15358818048640327
217893,0.4375383423642907
217935,-0.06917793150001589
217944,-0.27223207948849276
217946,-0.08585752433356461
217951,-0.1196892138605189
217980,0.16457449131374277
218030,0.15368484487203649
218035,0.09039761532174428
218038,0.6161348126557777
218066,-0.14447689810128192
218100,-0.08926291747939162
218103,0.0279719084948969
218121,-0.1733191905041996
218138,-0.31599423131177184
218165,-0.26106863789648665
218194,-0.07662215082147829
218203,0.01067950075636112
218210,-0.16650689433021626
218215,1.4347219992898175e-4
218232,-0.1262703518658857
218236,0.11679454529237786
218268,0.7115414393648224
218271,-0.18363786839683532
218294,0.05610853238289845
218314,-0.312747306719705
218333,-0.12840769806456365
218335,-0.1547062692702747
218341,-0.4912303265871555
218343,-0.04743350703967684
218397,-0.9806562549638204
218440,0.5298809609403539
218441,-0.40509145358668697
218442,-0.30134770099279
218454,0.0480682518179943
218460,-0.08964631489351457
218461,0.15689424533920582
218476,0.45342401701971335
218490,-0.02999711062192765
218503,0.13885105710249548
218506,-0.17055734083026702
218518,0.3623559251481968
218543,0.09087941713227037
218544,0.03806917541572006
218581,-0.01180029319162956
218613,-0.06244579848096332
218624,0.16676279966110302
218629,-0.2231709991069943
218630,-0.4015249994100127
218639,0.05534680219803839
218699,0.1650286254626928
218734,-0.2039523555358525
218739,0.08111522953600017
218756,0.03157398238062507
218763,-0.34079314363985647
218772,-0.7105014845982156
218793,-0.3665423139752698
218811,0.02140064375566683
218820,-0.3240629167598138
218832,0.00795268221088383
218850,0.14048484399879768
218865,0.05170450595684545
218877,0.11068903763540049
218885,-0.20861025105012587
218914,0.27609630069701424
218952,0.08083210318716098
218973,0.3686537013309792
218975,-0.2214051344243716
218977,0.4896978700543731
218989,-0.27467675997031415
219022,-0.19281185569739648
219024,-0.4951055385847517
219026,-0.02242683971089801
219038,0.02314886249576235
219072,-0.10372983493461704
219094,-0.01969973389738768
219103,-0.4621438663195803
219105,0.01396675357139072
219114,-0.3685462288269839
219132,-0.1186234815599446
219134,-0.3490988920910841
219135,-0.14079162931761544
219140,-0.03511992526752344
219144,-0.6844543564900223
219148,-0.4139463930804075
219149,0.06652760000641249
219150,-0.04167663286120053
219158,-0.1230840365447694
219170,1.1127521366370066
219181,0.09189758472556882
219189,0.38172899786864023
219228,0.5675480639541748
219249,-0.2762648378112893
219257,-1.2677724730936064
223227,0.6801893979174664
223254,-0.928668506860421
223255,-0.01935067896884258
223267,-0.20802660840345916
223272,-0.2439838215390829
223332,0.5180521060508756
223433,-0.39924887159847977
223435,0.4315999232004515
223455,0.19436547179112537
223473,0.3308195665457402
223499,-0.02994245820687654
223513,-1.1897224713705414
223527,-0.18927416649802625
223593,-0.1106164699751234
223601,0.06226036036394472
223604,0.5459291232406152
223626,0.03854723207815663
223646,0.03830700110342125
223648,-0.3541910944431566
223658,-0.3788645132511043
223664,-0.28881314853336304
223665,0.02703755731303973
223666,0.02703755731303973
223669,-0.15207049387770932
223691,-0.00905311771690106
223693,-0.05132181860392544
223696,-0.13654993698079668
223697,0.03535006430565645
223701,0.02405623025485293
223722,-0.09107528247781344
223723,0.00636627407477868
223726,0.22754585931860685
223732,0.40867153672759304
223739,0.4021521312372597
223752,0.02909905744374334
223753,0.04071168976147212
223754,-0.03243366137494172
223770,-0.15770596999772055
223774,-0.4845873963395166
223775,-0.1664067658482443
223780,-0.00639400214345506
223825,0.4752349412692649
223827,-0.06352087589945395
223828,-0.16639609413594142
223838,1.0495316037487243
223843,-0.20847849749691444
223864,-0.21461655482668668
223881,0.12325416214348071
223915,0.0807657520688344
223917,-0.07251287563649954
223918,0.2830987569067738
223920,0.03602899765626183
223921,0.00395664540339803
223970,0.32142105318392744
223978,0.04611360963094747
223989,0.29989054809060156
224008,-0.2525965719921151
224014,0.09480727156542992
224020,0.02171811373157407
224022,-0.7499628755456332
224023,0.5097819555644036
224024,-0.2843377482491977
224045,-0.05598560195525221
224055,0.14907000626182348
224065,0.0961602862953128
224079,-0.3882011841183924
224088,0.2284855638153601
224090,-0.43638961181681135
224092,0.03820821866304934
224093,-0.2787994915776898
224105,0.13855295850709007
224109,-0.08009906905732997
224111,0.24296567582153125
224116,0.35477666237864924
224129,-0.6797819124868191
224132,0.5325168923229604
224139,0.06586546588541575
224143,-0.37419711499869607
224171,0.45137637094611627
224224,-0.4872378592129959
224250,-0.04476856934087012
224344,0.21360558889993833
224405,0.19984476129521447
224419,0.4251505778252216
224440,-0.10027401056506208
224480,0.10386842680985166
224481,-0.26318550180625055
224585,-0.08064353264200833
224613,0.05187799838761553
224617,-0.2832233785259791
224619,0.00270185124248791
224624,-0.18023139317712705
224630,-0.2021727040904552
224640,-0.07832262013985013
224647,0.21915982961610148
224648,-0.09617428638334584
224650,-0.12102914425310336
224656,-0.2734774658102156
224661,-0.14525361015997282
224671,0.1361690971534958
224674,-0.17496201275491846
224697,-0.39500113697084505
224703,0.08793983714176096
224705,-0.08755881410190594
224727,0.17076608658131087
224742,0.04589382426864157
224762,-0.2291754956017036
224792,0.6950988274949409
224794,-0.07354190311688028
224796,-0.0453237560202582
224805,0.00526972353515013
224807,0.03163761948400692
224813,-0.08984588353923313
224814,-0.3951901007899734
224823,-0.10201183556329502
224824,-0.1834512327989063
224826,-0.399497546011182
224829,0.09003522407121237
224833,0.06295583389760072
224836,0.03026291770167069
224840,0.1982618075130429
224860,6.57592337669103e-4
224897,-0.16535000507179365
224902,-0.01881814780632718
224903,0.05778548189030828
224904,-0.1644742625441096
224907,-0.11625543618767172
224912,-0.28457319949233245
224938,0.02893180109663028
224997,-0.2793364595798331
225004,0.0985644389854924
225010,-0.2230824728511619
225020,0.09304608248017408
225027,-0.2948879121680875
225028,-0.30863672232043343
225030,-0.15881209670178703
225049,-0.107621749932808
225055,-0.01587546716925776
225115,0.1184657874034013
225131,-0.01308096559544918
225152,0.17493943313807703
225160,-0.45520106283759415
225164,0.09759774137487538
225182,-0.04259577880947429
225187,-0.3638969651964743
225192,0.2040871993089202
225207,-0.2528362696784435
225215,-0.06436089332067421
225266,-0.4756802118286976
225283,-0.01379263299893601
225289,0.3653835046025245
225326,0.04532648893368175
225339,0.04839758648313104
225341,-0.15899353428881663
225348,-0.18091447702418945
225358,0.1882086638426288
225362,0.35753934564268236
225363,0.02452890398672048
225372,-0.19130821656588912
225392,-0.17272920889661603
225432,0.10818240712309504
225443,-0.799500770207953
225467,-0.15555062523585703
225497,-0.6694595766549427
225518,0.0295041641870721
225523,0.0882187186153633
225579,-0.35159026619190353
225600,-0.5265926036444668
225608,0.03147411113496615
225631,0.4563612145809266
225638,0.2958990267236024
225642,0.15703190829766706
225644,0.5357146652001814
225651,-0.09646584064144575
225655,0.17732307900182864
225659,0.358353601861941
225724,-0.3677964054965843
225742,0.2363097732806621
225743,0.1538893589937505
225745,-0.1850328422544674
225791,-0.07392035866040392
225825,-0.04822539691843903
225845,0.03420910203777412
225849,0.2982215977654413
225861,0.2140635815674107
225865,0.13503896306408636
225870,-0.6215608205306697
225872,0.03821846713907589
225875,-0.09881574387226784
225876,0.5477825513715231
225888,-0.33254277877326155
225895,0.3786364111645833
225896,-0.02347557300852457
225898,-0.00900354497660965
225908,-0.12375837147518388
225912,-0.07436094269224819
225913,0.30440429171845496
225922,-0.49820696231507594
225929,-0.2597803747648456
225994,-0.47000139109056993
225995,-0.15305404586714727
225997,-0.10977507155154424
225998,-0.06610013150101282
226016,-0.18287646088136733
226025,-0.2863707155166767
226026,-0.12519545714198416
226040,-0.2357171750550549
226041,0.20360963194234505
226049,-0.6669040134998727
226075,0.3236892186138484
226089,0.07418817544800695
226090,0.10023949217648462
226098,-0.01235555408678693
226101,0.01527315565457608
226115,-0.24832523394725173
226122,0.2354080068118037
226123,-0.2091005699774968
226139,-0.15651713496831354
226144,-0.2664524240538916
226151,0.0077168208742543
226153,-0.15823672519911
226154,-0.16648193554190213
226162,-0.1403493596488312
226169,-0.270864112658655
226178,-0.04872618985019231
226180,-0.11784319599237678
226182,-0.16838493433499804
226243,0.0358570247688097
226245,-0.16104058851344694
226250,-0.01279619727959117
226251,0.19175317067312356
226252,0.066808691576206225
226255,0.6401894410919484
226265,-0.03536400705914679
226278,0.3192708784995039
226304,0.13534053100004467
226352,0.1046263512344194
226359,1.24663939095905
226407,-0.01711446602271562
226409,-0.07880848912538925
226412,0.17272805755116555
226413,0.29845871665381635
226414,-0.03585915520634493
226418,0.6121095154579832
226419,0.34200510719956206
226422,-0.1953192697113763
226438,1.013401823758709
226442,-0.1881547637317144
226470,-0.1353701949096156
226499,-0.3326218774397351
226517,0.0548120556870897
226518,0.1995583427040587
226519,0.02992605619094279
226525,0.22092096219825663
226539,0.1100221193485108
226541,0.2661184142801836
226548,0.298122799469131
226551,-0.4455565543886102
226562,-0.00771795069342171
226564,0.4343077422104116
226591,-0.2640302314411265
226594,-0.1059747968022984
226610,-0.15670094193623577
226641,0.03396278049450253
226646,-0.27109201439597014
226652,-0.08516032657515171
226654,-0.04588942618098854
226744,0.24349688903445887
226747,-0.13095974709714384
226751,0.3562131933823908
226757,0.3861895362922973
226777,0.05947112032750032
226778,-0.4010553622893247
226781,-0.6505490829448644
226791,0.6067487561379199
226823,-0.325408283889477
226841,-0.2417983171074009
226844,-0.422516809692983
226849,-0.10333753513013712
226856,-0.08969864327412214
226861,0.6947837335158256
226866,0.2503421563274531
226896,0.6605943874699991
226922,0.00837425756803171
226970,-0.3002525728848311
226971,-0.01926926408024032
226976,0.13871724836905952
226977,0.08104336859693574
226982,0.09591985896321364
226999,-0.1787279231100939
227059,-0.3354139781986279
227094,-0.11004010571552612
227095,-0.11241240613350618
227099,-0.18623547782318084
227102,-0.1964492778098504
227120,-0.6615749380465972
227154,0.1376902297207096
227157,0.00795067260506943
227195,-0.02640061324137069
227197,0.01970502815918664
227210,-0.09641891170458776
227231,-0.32051706930905977
227288,-0.3150706304695558
227289,0.07321558366538349
227290,-0.03284097583912243
227292,0.0364585268065532
227298,0.08145094352790057
227325,-0.6368237924748344
227326,0.04788129367995748
227327,0.38401173156759766
227331,0.2057845061519704
227333,-0.04529396373876718
227334,0.06565949661921336
227357,0.06923675000420147
227358,-0.0218390766860309
227377,0.4102151759160555
227394,-0.25399758266653766
227399,-0.18611771722751505
227449,0.10557070040289424
227485,-0.3613901111241312
227522,-0.18025829572688656
227525,-0.0447094467100481
227526,0.05234964363342611
227541,-0.01466846401751485
227545,0.21564562339168164
227606,-0.3625936900508394
227612,-0.17669697063985962
227615,-0.10477391761082366
227618,0.4417347431536013
227619,-0.09330029145988544
227620,-0.2234095056865378
227622,-0.14932527828196024
227624,0.00464085362299101
227631,0.04918795806642893
227632,0.2680252902474093
227634,-0.01025064369075154
227638,0.311014410773514
227644,-0.08047844136988178
227648,-0.0104574562206743
227656,-0.09026032530797014
227659,-0.08109949948686443
227674,-0.15324174634729487
227682,-0.16888328325777122
227683,-0.5638167368746893
227693,0.01423427990072101
227695,-0.07941763103896396
227696,-0.09122120827055456
227697,-0.27463193711626727
227699,-0.17188307594465876
227700,0.00777307639980283
227707,-0.105477121731619
227715,0.00885046810578526
227717,-0.34185306014421685
227720,0.8406437889789056
227721,-0.16894359499600564
227723,0.20866624320931151
227731,-0.05015157176508202
227733,-0.2227109073833747
227736,0.17786590868833965
227737,-0.00488056172106405
227738,-0.11122713088034115
227743,0.09556257533262104
227746,0.00110023178877997
227753,0.18842748268381537
227800,-0.5216715200410348
227801,-0.0149909117718228
227835,-0.10175942820370944
227867,-0.0046539824141767
227929,-0.05506261068505277
227933,0.16908378438106147
227937,-0.00736440973305395
227960,-0.32000438643625
228003,-0.4466085125851766
228005,-0.4976424343598306
228012,0.00416882514773166
228019,-0.00175158230040745
228026,-0.4092702792287207
228033,-0.14946107054524255
228061,0.02905110600646898
228071,-0.22923454556734893
228094,-0.6141998438211574
228136,0.11624035185714111
228140,0.37540207014027394
228355,0.02136159651469264
228356,0.5627584681529783
228357,0.25090997081592087
228359,0.00628898650631067
228361,-0.0657701676905093
228366,-0.12552527638676703
228368,-0.05220783042840258
228410,-0.27604949991724004
228413,0.1985661210855176
228421,0.04141124734714434
228432,0.26353439084746116
228482,-0.27766738396836416
228491,-0.5162083271881744
228536,-0.31028022756652013
228543,-0.5591675348306624
228545,-0.10146749952806688
228550,-0.0901006107430818
228564,-0.49430689833900743
228576,0.37391652538837394
228598,0.5425071816309834
228602,0.01768009656579309
228607,0.1381572511312579
228608,0.16358200116493235
228662,-0.07648212281939015
228677,0.1904734972059758
228714,0.02109694815308303
228731,-0.02487191518583054
228756,-0.05933902614914903
228765,-0.2475714276590539
228769,0.2723378194899152
228770,0.38070723570244613
228775,-0.05457895424943217
228777,0.06180330851293107
228778,0.8261517294171554
228785,0.724640297800767
228787,-1.5575665298090715
228788,0.01054694009719385
228790,0.00640361809975504
228796,-0.1974319607963722
228801,-0.11092931300780016
228807,-0.05982630717001168
228812,-0.00495106464278889
228829,-0.19262055565097505
228836,0.05282505076055144
228839,0.17688313636597003
228846,0.09322764526849324
228850,0.11653573588889717
228852,-0.25053653289210187
228858,0.39438200955705993
228859,-0.05124651846729711
228866,-0.08919084199696718
228869,-0.1187633418465137
228875,-0.03700296992754079
228876,0.18949924074424895
228880,0.24681087419336223
228911,-0.8605394986565983
228913,-0.02261184848530788
228942,-0.4143554217292766
228960,-0.34829702029364173
228961,-0.28495682464032324
228966,-0.04352515665086135
228980,-0.2656471258630052
228983,-0.01621784990036686
228993,-0.09377903458261204
228994,-0.07817746628970355
228998,-0.17068496541954306
229003,0.05068416850730264
229004,-0.20766650274175047
229007,-0.1044531730406352
229011,0.00698280392118056
229055,-0.0674983591467591
229096,-0.2595499838443345
229211,-0.16533760105102208
229214,-0.16489134510577402
229227,-0.6905605768311437
229228,-0.2234590286380478
229277,0.02577802873378415
229279,-0.03815085819810974
229285,-0.01374774453534835
229302,0.01860853914584449
229317,-0.03209295574655123
229320,-0.21822136889348223
229323,-0.04627255088794597
229357,-0.03069741551887175
229363,0.01668360311778637
229389,-0.1659825711093942
229445,0.1495490713223604
229473,0.0027770737126903
229474,0.49254321962449354
229487,-0.04757242238053512
229488,-0.05395652474616111
229499,-0.3448814773089636
229503,-0.31389372994544845
229504,0.03057613102158313
229512,-0.01972939928152286
229517,-0.465569939209646
229521,0.02544693678731301
229524,-0.1140509289480708
229534,-0.0393060677249685
229541,0.01161461513736172
229542,0.426019771857041
229543,-0.24474904342170625
229562,-0.0581168044430873
229574,-0.10790709130743184
229584,-0.00873401743446211
229588,-0.170557481468879
229589,-0.10823632557703486
229593,-0.05141841844843158
229595,-0.12667041196410286
229599,0.5227762488560818
229600,-0.0348134529307642
229603,0.62315904162025
229615,0.5500970717135539
229644,-0.3635209893433326
229658,0.181331576857544
229663,0.04788300747284575
229665,-0.02950616543743299
229672,-0.3940221971910911
229675,-0.2755321888563166
229681,-0.25074159604268587
229699,0.5413498007557189
229700,-0.01158224362668661
229706,-0.02207374403975026
229707,-0.06047220109830611
229709,0.16435954473010894
229714,-0.30520022685975284
229715,-0.1548920602045177
229722,0.20006763030772456
229725,-0.16822843522769249
229731,-0.14857471096614794
229759,-0.4381503007536213
229776,-0.3803134014976551
229780,0.05574825288229265
229782,-0.08114286955003887
229801,0.493821513724772
229841,0.526105074756532
229898,0.17803990000265707
229900,0.2054693479491937
229905,0.11515845430207258
229906,-0.10565890332873698
229933,-0.10983837612419292
229937,0.07618549201996783
229949,-0.47081009948861285
230025,-0.25107118349490865
230027,-0.05263061713760582
230073,0.04144914207308181
230075,-0.13014462583696657
230082,0.01580448031370583
230085,-0.0634078565697684
230088,0.3116406538490285
230098,0.25818184566136043
230099,-0.4757675674293869
230101,0.01793748363326394
230103,0.10904529940223805
230119,-0.1266382342028393
230125,0.2455684994065221
230126,-0.38221032926100473
230145,0.02082628353363873
230157,-0.5924669772522378
230162,0.10538267766998012
230163,0.31466850391994383
230234,-0.1189264853132811
230235,-0.08566139259006782
230249,0.23700921298789185
230257,0.1955936767583798
230259,0.2900235560026272
230279,-0.21890200769180296
230316,-0.4995078888189942
230376,-0.06873264965795872
230379,0.3663631860233834
230393,-0.10521144021685593
230405,-0.2581013543033621
230484,-0.12500877320620107
230558,-0.07539319922607818
230576,0.04126863472132908
230577,-0.2051444549102627
230579,-0.4737774555048986
230582,0.02323244585527883
230584,-0.00656044005486294
230587,-0.06720569406478497
230590,0.17159805845844342
230594,0.04632648956620194
230596,-0.1870624951746072
230597,0.21909172092224544
230598,0.18134360127276156
230603,0.2140686747156285
230612,-0.7943279266202198
230648,-0.07729255799330571
230649,-0.423671356727904
230654,-0.07834962649802352
230657,-0.11303414255150854
230661,-0.317713484129463
230673,0.04642424677475446
230674,0.1213440369539164
230676,-0.05241842060881847
230678,-1.2060579443233517
230696,-0.14868235862657622
230700,-0.01262038134778669
230709,-0.12161823161307626
230718,-0.17705251692280832
230721,0.22730777993908077
230726,-0.32107255315852423
230734,-0.160607023639104
230735,-0.2698990045666964
230737,0.298872815599656
230738,-0.5342947241898917
230751,-0.38119093914452273
230752,-0.1636909311639256
230753,0.01800819679150923
230757,0.1764291141378882
230761,-0.17131507847252284
230766,0.04334932703652103
230767,-0.15948609498348393
230770,-0.09881022961220476
230775,-0.3738926481874303
230777,0.4141445384608591
230779,0.6209803610624642
230784,0.02480449432142449
230787,-0.04400424899114869
230789,0.07536892680376486
230793,0.06198150517653814
230796,0.3051602454506701
230801,-0.10720080322088364
230806,0.18070794622882208
230809,0.02018990959621724
230815,-0.44851895202539993
230822,-0.19339711828179212
230824,0.10642177518023072
230828,-0.1296915122793316
230837,-0.21033075284362304
230848,-0.02597179363298366
230857,-0.00779516546089502
230861,0.29726175865228455
230863,0.2725732313070794
230866,0.07861469764695021
230868,0.04554863355850103
230872,0.02441388287707463
230883,0.02891135769669618
230895,-0.00465206016992829
230899,0.10995545780193255
230903,0.3640669813974592
230904,0.10311880492967634
230908,-0.00257402620621997
230909,1.4108024454748125e-4
230917,-0.06268548666047644
230935,-0.2700388022107551
230936,-0.0217206893524052
230959,-0.21716245851502117
230967,0.1330332387049291
230971,0.6255469700744734
230972,-0.41991585632361994
230979,0.05900553719425566
230991,-0.18450929446591335
230996,0.03286748703442547
231002,-0.09024578192743538
231003,-0.09024578192743538
231004,0.3265839144055603
231014,0.09233376187832072
231042,-0.4459820353781633
231044,-0.2178399727857356
231050,-0.7811161029019589
231051,-0.26368643387897384
231070,-0.17484386765331456
231086,0.13072460001053354
231093,0.166097126125628
231098,-0.08730425075166379
231103,0.814237278951315
231123,-0.1552182120480684
231125,-0.31208009804112863
231128,0.09898591083955192
231130,0.03935301247986619
231134,0.7232023010465591
231147,-0.13874014234765158
231148,0.5359924655586668
231151,-0.16126269917204633
231162,-0.7655522847851637
231207,-0.03906996128103525
231214,0.15042942167446585
231225,-0.00945270895509855
231238,0.4684793813178082
231252,-0.12297890644889088
231279,-0.3261201325372691
231290,0.2065281704833148
231293,-0.29521335055754516
231296,-0.3526504396333473
231326,-0.27724341947115205
231327,-0.0564866458419893
231329,0.04274905085888311
231380,0.08793231860975126
231382,0.24340024299916865
231386,-0.05791615042430129
231413,-0.02589655745214879
231430,-0.4348632446872289
231440,0.582879535885994
231452,-0.07441889794585337
231464,0.04979436320726459
231470,-0.2348102858597628
231474,0.5254458310158936
231503,0.06235897344694068
231506,-0.4287419832610895
231507,-0.10781520375931142
231510,-0.2360996520837176
231532,0.6311502473429104
231549,0.02388530493825583
231571,-0.1299764078985607
231580,0.00866279118667966
231583,-0.6510965705382876
231600,-0.05360532260978563
231602,0.13363038568170238
231605,-0.19836127101159515
231630,-0.5521134331635358
231633,0.8771254447024666
231637,0.01102152905899687
231642,-0.25855303085161074
231646,0.1419386156235043
231655,0.00447630576909969
231659,-0.06433225993931437
231668,-0.03813159027235342
231670,-0.13687696126119064
231672,-0.05095892588394922
231691,-0.26680235179737904
231712,-0.08776818794976596
231713,-0.22931099908002953
231717,-0.24409420445128335
231724,-0.6763859826954404
231727,-0.3973038945149093
231760,0.3290829315482467
231769,-2.959536031042209e-4
231798,0.01069900222783148
231801,-0.13115567155623475
231803,-0.07009735573434156
231805,-0.04971649635680479
231807,-0.16648414433716238
231821,9.004565480157274e-4
231830,0.5512440157626229
231832,-0.2352289924184665
231834,-0.07797865909445335
231841,-3.635137358888353e-4
231842,0.05306910864859533
231855,0.13274391418978848
231858,0.186554245690344
231861,0.05776745151689268
231863,-0.555267780655086
231866,0.6736156881670412
231868,0.09362201689030676
231871,0.00614225624451535
231872,-0.11771019071138936
231876,-0.328553239971488
231887,-0.14478216069017502
231903,0.23969294715148068
231912,-0.19093721788183057
231915,-0.01825393838375967
231931,-0.02464349629117868
231932,-0.04991416547036176
231946,0.33449608837659073
231986,-0.3270629506140612
231997,0.06059782530834649
231999,-0.04705164493529502
232016,0.30787461676513
232023,0.17667198352001243
232035,0.3634294229349251
232086,0.14049333460636582
232087,-0.03530396440325301
232089,-0.13376124898448283
232146,0.5537125252035275
232156,0.1952214832168664
232157,0.0381793773019881
232164,-0.04258916694117246
232174,0.2327334420684116
232187,-0.155582003954421
232196,-0.07671340539076874
232201,-0.0039282187381233
232210,-0.12088206603388744
232223,-0.05846623269978493
232227,0.06097371087864274
232232,0.04503434797613961
232236,-0.1488671920928075
232237,0.28358818658131085
232286,0.08362908604145802
232288,0.5589007952649877
232313,-0.1088285729071273
232314,-0.00476950961848501
232333,0.4553603411090792
232334,0.04159910141673834
232337,-0.15607817713443176
232339,0.08168920871075563
232341,0.3831622902479196
232345,0.21649573658859056
232370,-0.03754120072100445
232371,0.44865089034805106
232413,0.06376093099999129
232414,0.1829019745960982
232430,-0.05269648181343653
232440,0.07067815872896532
232441,-0.264623361732648
232491,-0.4831839814582173
232493,-0.456549672554021
232533,0.52820890521259
232536,-0.2616919103440367
232539,0.15436134721693137
232560,-0.11664944332434402
232566,0.01866573879550509
232585,0.4913264746482416
232664,-0.302089143816561
232670,0.2323775375480184
232679,0.16262766672193074
232680,-0.06680577903471682
232714,0.3831677382999333
232717,-0.20179823748823816
232748,-0.32224221195041897
232784,-0.09409425697945606
232790,0.23568996201968723
232798,-0.11860988144856528
232801,0.2569233581423121
232807,0.0941206754369698
232811,-0.10563726391426294
232813,-0.5102165199374771
232816,0.01975549505009976
232821,-1.447212778357702
232827,-0.1380467509700664
232836,0.13741445072868064
232854,0.16028774346059954
232875,-0.22395684277163136
232878,-0.210737234472134
232879,0.08769967421669048
232889,0.06350004144615215
232906,-0.11953167693410104
232910,-0.06806207316966746
232925,0.09319713917894969
232934,0.8404386692665732
232941,0.21710244532077283
232943,0.02988539841002754
232944,0.10167316195497408
232946,0.8047659690993303
232947,-4.220166727165369e-4
232969,0.5068142278464558
232970,-0.01278089760689949
232973,-0.09148885211229316
232975,0.1308366508036501
232976,0.10817388156812856
232984,-0.24072803804120504
232987,-0.15958510202283976
232989,0.3373272656885699
233011,0.03840975856939727
233016,0.10082143701430316
233020,0.3893841509888578
233033,0.02897551871710481
233038,-0.08335407777520598
233040,-0.45248699028882455
233046,0.23017711087859283
233056,0.40209263652211313
233058,0.141962858983023
233060,0.07209462781603018
233064,-0.11094714859267052
233065,-0.0770597495404762
233066,0.3835829932355124
233067,-0.1832256260448915
233071,0.14862529498093335
233073,-0.09254609630477104
233079,0.2024641579143
233080,0.49494978431331743
233081,0.49494978431331743
233103,-0.0891099515261122
233107,0.11413478952618444
233115,0.07473568961981086
233187,0.27513360755323046
233189,0.34228827863650596
233199,-0.01314134008164631
233204,0.06344160244751605
233208,-0.10921993201444496
233210,0.6797184489745887
233246,-0.4183208828486043
233271,0.2955560572293477
233276,-0.28963731507861673
233280,0.2491396111063791
233315,-0.3488326322238612
233328,0.14295707661141732
233332,-0.01643454848846409
233335,0.26647610433367974
233405,-0.10677112608749502
233406,-0.07864090769762963
233410,0.06292190358066291
233424,0.5229098744923396
233489,0.09080300821726572
233490,-0.13483956296451438
233529,0.00238955614610033
233532,-0.07021187293738718
233537,-0.17100376844081994
233545,-0.02611147167375032
233549,-0.16175890658458664
233571,0.01222861996206953
233649,-0.10893563159369345
233651,0.18013802840829335
233724,-0.36172414810358094
233726,-0.00636839138989801
233733,0.07851288798888582
233744,0.08451619523397788
233752,-0.12444201706124836
233765,-0.2217403651136562
233781,-0.02659921068789052
233789,-0.03666514179177943
233799,-0.02595656914391425
233801,0.2458332255407455
233802,-0.14360774688357802
233805,-0.45413142239050297
233806,-0.3771677785507595
233812,-0.00996142433895699
233824,-0.2569792388231067
233826,-0.03782968146766508
233833,-0.0789155306645152
233836,-0.13624009400560155
233863,-0.22435126600174732
233865,0.13077342401620284
233870,0.01172348165432328
233871,6.228554263936429e-4
233875,1.0925355924245457
233876,-0.01110022265585233
233877,-0.21343163967106857
233878,-0.04734697052536793
233887,-0.2381911887406172
233890,-0.12481535573302602
233893,-0.10396596673911268
233895,-0.05511924784470065
233899,0.382385863935845
233900,0.12167156783014844
233902,0.11450775622324576
233904,-0.0983492799939008
233905,0.08265118559709209
233908,0.02494722887627365
233912,0.01857920408104284
233913,-0.06429548513231745
233918,-0.3843585845540688
233919,0.33578362981374044
233977,0.08226127549771604
233979,-0.9132585157406656
233987,-0.3967847418227649
234023,-0.06166829105855209
234072,0.19096295128095891
234076,-0.3686806392421082
234086,0.03498988480002205
234094,-0.06343328653095325
234129,1.28205047831882
234130,0.08995433934099346
234135,0.20516270163999603
234138,-0.23805625442111025
234155,-0.3034536454869377
234199,-0.46862412451243696
234219,0.8328521527989268
234258,-0.20108082426215737
234267,-0.4430123286285166
234309,-0.2023539543791232
234311,-0.2027629521790325
234329,0.3240418219151938
234344,-0.24755252128844887
234353,-0.14363122356733005
234356,0.20383248847301083
234365,0.5813671304896706
234366,0.13594720060995527
234371,-0.12773149774056888
234374,-0.13971420303005103
234378,-0.2800887763717475
234384,-0.17952461186465565
234395,-0.11548042607161038
234396,-0.32656842450298174
234404,-0.23534695575279907
234407,0.02171406003518836
234421,0.08845134016847206
234463,-0.22400691597936737
234515,0.05785762574037307
234542,0.3976480555883196
234549,0.17651086861522566
234577,-0.0924769905917571
234582,-0.03974926077057766
234593,-0.7949266376445097
234594,0.05437869521501107
234595,0.09596063689753775
234663,0.02192435148167641
234664,0.04447272401166512
234677,0.18589911842285223
234678,-0.14203108950161553
234683,-0.02320326995644921
234686,0.04560488413623408
234699,0.01299357155647796
234700,-0.08217919877764451
234723,-0.03601328443214463
234724,0.34304065627720076
234725,-0.4154070555138551
234728,-0.34417635144914255
234729,-0.20205060247278953
234730,-0.15753152809298476
234733,-0.3048588490783201
234734,-0.15457832531777538
234736,0.01116591786746273
234740,0.4977073633337581
234776,-0.02292150547411699
234788,0.26627560610768075
234796,-0.15400914734468582
234797,0.1517665391712374
234814,-0.5206774154466993
234825,-0.11870087943490944
234836,0.9287358581389124
234839,0.00428183339462045
234847,-0.0552929848679794
234852,-0.05042143638565136
234854,-0.12685698398187656
234857,0.25844240107819383
234875,-0.08557291064054248
234911,0.5789447114283616
234912,-0.20475375579556537
234915,0.01878071184276886
234959,-0.35379874396514566
234967,-0.07075819869433461
235028,-0.05362988819995239
235033,-0.1354775737115108
235040,-0.1118440086206518
235041,-0.1958647474096999
235043,-0.18533932889197977
235050,-0.4383907405619507
235072,-0.12266294037384588
235086,0.6578354970002032
235106,0.8814539908295997
235130,-0.29503693900889466
235132,-0.2473884228834335
235134,-0.2287210928427659
235135,-0.45073609759666416
235169,-0.09810638868080224
235184,-0.3320602674464265
235281,-0.39287256266756654
235283,-0.01114590543885513
235293,-0.06562174030742822
235300,0.1611939921699161
235315,-0.09967743122646598
235320,0.1800938660115416
235323,-0.11408721673945356
235330,0.24099873614949333
235339,0.02428600914959827
235344,-0.09514807445996253
235345,-0.06911270631505105
235379,-1.020677938465941
235380,-0.1852408543422877
235386,0.18201144923000423
235402,-0.755153966732842
235406,0.3896684105934729
235415,-0.07614483397282572
235416,0.1688233148301956
235431,0.08645990197995637
235435,0.02293001020468645
235439,-0.09789883685080356
235441,-0.08261944969208618
235442,0.02189675608668146
235459,-0.2156673707780488
235461,0.03245709807697919
235469,0.05182613631867301
235472,0.07647386593354169
235493,-0.4060939384440504
235497,-0.02781256335502173
235504,0.07172262742801372
235505,-1.7050207261731225
235527,-0.02029453087560193
235533,-0.2745262961686889
235534,-0.1672351238093493
235542,-0.00762146040782044
235567,0.22062999218208956
235574,0.09275014629031687
235582,-0.3226931640550598
235584,0.05948611737805134
235587,-0.06447759877836089
235599,-0.01216049903906876
235604,0.6365442083622121
235606,0.03696695236583879
235611,-0.8315764745816668
235623,0.08935822281541463
235626,-0.08985523321028607
235627,0.07303349558874082
235628,-0.00596489480397704
235631,0.2658559578637637
235633,-0.15747327380916637
235636,0.2560724762793335
235661,0.08779550761516489
235682,-0.03575201251447001
235907,-0.2585724908373227
236193,-0.6857345966609971
236266,0.43720190740721654
236285,0.5515555618409969
236511,0.04959727333746563
236539,0.1097811460970854
236643,-0.01635705288987059
236690,0.7253132889665632
236727,-0.08919601417689908
236732,-0.06949865166251293
236781,-0.487357139407108
236790,0.08047727109301377
236798,-0.32259645661202496
236848,-0.06228928314290662
236852,-0.8085169626461997
236899,0.19103816716207211
236900,0.18172418913306732
236904,-0.4995857345196705
236915,-0.14030762280664943
236920,0.29304345754539873
236930,0.24652250606281867
237010,-0.4351897474163135
237038,0.7343155339658062
237052,0.6304936760168927
237073,-0.5458689787947684
237082,-0.07065751686480762
237091,0.3137916797700711
237107,0.6199544463120026
237175,0.4849816089962997
237178,0.07477142832166715
237211,-0.16876552986585827
237213,-0.48762951596270054
237221,-0.08662183927314826
237222,-0.27211780736047864
237253,-0.4815827448982789
237256,0.03623357120292518
237310,-0.4706791567964665
237313,0.5067102181760924
237336,-0.12410271507826875
237339,0.01704517835747974
237353,0.5385732449839434
237360,0.02712926253530643
237362,-0.08927183516488806
237387,-0.00543001325626069
237397,0.5761432554407045
237400,-0.8836067097091229
237403,-0.18664950751360004
237422,-0.2434468374651037
237436,0.3616252073403197
237459,0.238014026538247
237465,-0.45720034882278304
237500,0.244808237163656
237504,-0.2985868984905433
237542,-0.4669659775091616
237553,0.3071826062861651
237560,-0.6159502660560159
237611,-0.3459089842457188
237615,-0.0514838066907951
237625,-0.35146008912394777
237636,0.3024973284561539
237711,0.3139666899886171
237716,-0.6609325700244953
237754,1.0776655098121646
237758,0.8196028828017881
237759,-0.4274584266756255
237761,1.2200414408071112
237775,-0.7156047397122753
237781,-0.18520259805619724
237782,-0.03973219719753843
237806,0.11394277438271684
237823,0.660321220323719
237831,-0.23069530310290237
237847,-0.03681578763447823
237858,0.3644945258827376
237859,0.25149806446976164
237860,0.1817492315829327
237868,-0.03036771487031242
237877,-0.8024326841396335
237890,0.6783039949619063
237891,0.20854657385743455
237911,0.21480216418039064
237926,-0.2944228653017825
237928,0.3882264182060504
237930,-0.09554699856750032
237934,-0.07563140948647296
237940,-0.04658316888435487
237943,0.44637519927030433
237958,-0.03813601737156391
237979,0.2548947068599826
237987,-0.06425094775445458
237988,0.2942508902064378
238011,0.44747556592794546
238021,0.5727429336885994
238023,0.09041652262683578
238024,0.5359785577980307
238037,-0.22995870469551905
238055,-0.07426336836704303
238057,-0.06162377620492401
238076,-0.9184074220307784
238130,0.1782993677627271
238161,0.02526383155072649
238205,-0.0249014619088088
238217,0.14394615655559628
238247,0.0317534176039044
238252,-0.1670517060801478
238257,-0.2309041461854421
238266,0.35968726954788816
238271,0.08506140052760142
238276,0.21520979271807325
238317,-0.16871361100990057
238323,0.9208846229187776
238328,0.20856228284128964
238330,0.11104317633078244
238331,-0.0223768811000003
238333,0.9946806726599674
238377,0.02093369872106656
238384,0.19773640901053097
238386,-0.12472925233421894
238455,0.3340407380489028
238463,0.15908547893431474
238505,0.04724007101949036
238555,-0.3329419161343425
238564,0.21929249014851804
238673,0.8227039965093443
238725,1.182945345876047
238799,0.06680158115972634
238803,0.09483793966406688
238831,0.0546989224355343
238875,-0.2257379205113414
238880,-0.3927375635753817
238896,0.51684399332714
238988,0.2989955378694937
239017,-0.0259818640781153
239027,-0.06832424022222208
239037,-0.5301013230182403
239038,-0.25233101414227105
239083,-0.2403658263297541
239096,-0.6575487769573525
239099,-0.07081460179243793
239102,-0.5162246040326893
239114,0.17143803175234767
239122,-0.5150298114402263
239126,-0.3077692878307569
239133,-0.2124337701920251
239157,-0.4083942374646484
239167,-0.04949516133456343
239170,-0.02356741076487536
239188,-0.38480067174642074
239250,0.6711463219383575
239273,-0.13938890296756593
239283,0.8940277378468247
239318,0.2784633485059202
239319,-0.07217553760047687
239336,-0.5494901625232866
239337,-0.37188869355827714
239364,-0.4611393238081888
239368,0.11146157111380184
239393,-0.37587824380998625
239405,-0.6715065351386984
239408,-0.1912399194449002
239420,-1.1077584765922288
239435,-0.834586188048269
239436,-0.26464767907610115
239447,-0.5978655195706313
239463,-0.22734762729667465
239510,-0.12085194792270552
239528,0.34020893994450335
239530,-0.00623805680918802
239546,-0.07650485164428852
239552,0.4017393073782331
239554,-0.9028774560280878
239555,-0.13493790596213645
239556,0.00829879601532224
239570,0.00305604129426294
239606,-0.15045718662394758
239618,0.03220483086691012
239647,-0.00844073226482648
239652,0.6145331989628782
239659,0.2191347176848031
239667,0.05091417820859442
239691,0.5381560696290544
239706,-0.5891362183452794
239719,-0.02599075301193681
239739,-0.03451292064538987
239743,-0.02365525478502207
239759,-0.14046351973964566
239766,0.4753264558070256
239789,0.23496261121705583
239790,0.4924964145890526
239796,0.23950991681895303
239827,1.0751591622857506
239833,-0.10165528277068596
239839,0.11782801051318464
239845,-0.2543584760988781
239852,0.7333282653296352
239853,-0.6739333552009363
239857,-0.23170293605804443
239931,-0.9040087124098584
239932,0.3219896328408226
239985,0.09432762737548088
240023,0.01129302655199763
240025,0.0343354314567932
240028,0.0745092401798872
240041,-0.17666672859779947
240047,0.29177024863023493
240055,0.0498698625912749
240057,0.3202833729007044
240058,0.07817651739427513
240064,0.1461400811035776
240068,-0.2091447501359349
240084,-0.12841301715838505
240087,-0.04103978342690111
240119,-0.10295086603622244
240121,-0.1299744081147057
240131,0.00358943393914903
240168,-0.02683576458673875
240174,-0.19522760096856936
240185,-0.05574885624084613
240186,-0.3723138543929551
240215,0.35924742375831814
240239,-0.04048013215310503
240255,-0.4594068576341287
240261,0.4959222150897245
240263,-0.2059653969709717
240283,-0.3402498968481691
240322,-0.03589314458513813
240332,1.751691685590091
240354,-0.1492545369489467
240396,-0.28459635644368186
240411,0.4784606059399076
240427,0.2183165288935173
240442,0.3193687583278997
240444,0.22727242330273176
240476,-0.00354164306858335
240479,0.27438724613070786
240505,0.2764442971827415
240514,0.4250121472636479
240518,0.13220326318028686
240590,-0.1568175847891126
240595,0.4543175248453374
240613,0.00859683428217784
240614,0.09617223194001707
240633,-0.13874189198967204
240638,0.4890457502142732
240641,-0.17905994770447714
240660,-0.4685815452485059
240665,-0.09939000388683344
240667,-0.11509707515922168
240672,0.08775379587780151
240675,0.16301881814355082
240690,-0.25758380084834054
240697,-0.40008382896757666
240725,0.5006954092315812
240726,-0.8307372178926373
240752,0.00300779735063642
240753,-0.26742066715938717
240754,-0.18806287842320749
240756,-0.04720840627641823
240776,0.2274355002712157
240816,-0.12358247128463724
240832,-0.00879621906427374
240843,0.6559328117075546
240869,0.18791221142382009
240873,-0.24087761123430745
240879,-0.05402400426021615
240880,-0.19731200519405576
240888,0.5390422641761972
240892,0.21861741512117017
240899,0.3448938954576839
240913,-0.3500572071257001
240916,-0.4174699230514477
240960,-0.7112179361430605
241035,-0.03947391696967207
241062,-0.4363548831853781
241066,-0.2270851288084791
241070,-0.1199790940075408
241073,-0.3745330798447888
241075,0.08955212952245149
241112,0.3282127224691581
241113,0.4330869106575287
241116,0.5175189123692677
241118,-0.09765252634018512
241128,0.36168738482826046
241134,-0.1186179015025825
241159,0.4486334308797277
241196,-0.18921136897387603
241197,-0.07031829538167181
241201,0.2864525419534259
241226,0.35523293187373994
241230,-0.038524459881337333
241263,0.00361310620025828
241274,-0.01469673954279779
241275,0.2696895259683768
241289,0.03969934087435756
241296,-0.1280702430446484
241303,0.0512765519445544
241308,0.07842570058302015
241322,-0.2190569186995332
241324,0.12750782842914024
241327,-0.01562131110170528
241391,-0.3412140880377228
241431,-0.2946955907500456
241447,-0.13687627194422208
241452,0.25210430933457006
241489,0.3555832825382193
241490,-0.25081080660406013
241494,0.5607784801401168
241514,-0.21379325415233943
241516,0.25545842632628263
241520,-0.5849406107272594
241525,0.341375077758048
241528,-0.0942216920966682
241547,-0.13377967510294642
241556,0.00894576087852945
241568,-0.19677650162586532
241576,0.04916074179510021
241589,0.01014745453141111
241612,-0.5010470714924249
241624,0.5716852934865732
241627,-0.11750938432690604
241633,-0.0357385099936595
241636,0.8128582229418635
241639,-0.21338572626335325
241656,0.02315575942306973
241688,0.14371278076343574
241694,0.0198379439525451
241727,0.21364378416073695
241764,0.06029748914914814
241769,-0.10229620538946337
241770,0.33434109509989196
241794,-0.9677546350693622
241846,0.07302662505664975
241850,0.22989209226441895
241877,0.04066251005434475
241915,0.0036057887531732802
241919,0.4281279384256602
241950,-0.7194739408841255
241989,0.4874477556128925
242022,0.3331354195725538
242037,0.222602661811044
242050,0.05011559479248512
242083,0.12063597825260608
242093,0.2568781348013006
242100,0.1330405869940123
242109,0.11077809445930302
242122,0.3799879029285935
242125,-0.09878936086817512
242126,-0.814405209562979
242151,-0.6058392939983549
242202,0.2138901058434991
242235,0.3308316418604316
242248,-0.0707530826743917
242253,-0.27416064927075756
242259,-0.4021665837811816
242274,0.29313605328643527
242285,0.0621572117174784
242291,-0.23345411447841236
242297,0.1726454192254697
242316,0.32853560038329954
242341,-0.11717842657991384
242362,-0.7456592450737438
242377,0.6848523211126483
242384,-0.3708263933223035
242406,0.14450079835780913
242408,-0.03208676249838912
242409,-0.40001765971739345
242418,0.22301079372804583
242425,0.04885598398325636
242443,0.7678907030731432
242466,-0.19326872232897704
242474,-0.09528764634827136
242484,-0.06637998961802596
242505,-0.5644586508364184
242506,-0.9503452502817908
242509,0.24323528486848303
242521,-0.18245847159041956
242523,0.5546678750571432
242553,0.07195824685142628
242557,-0.5098947589971707
242570,-0.27642249330959323
242584,-0.04454627370967699
242585,-0.03382377478280583
242594,0.01814233475212346
242602,0.03801110311085347
242603,1.1466501112757177
242607,0.46770143864839026
242608,-0.14235695938630089
242620,0.09435780313527628
242642,-0.15898345037658562
242646,0.12075043099568056
242653,0.08652883585011764
242662,0.05633605093760932
242667,-0.1285065770045397
242669,0.7695158844584499
242681,1.08083878028333
242687,0.15902961529448092
242691,-0.17456925265873716
242700,-0.7645912027086003
242702,0.2031692078017946
242711,0.3469929894541985
242721,-0.0673550133059121
242735,-0.23869781370679324
242748,1.2876381329759634
242773,0.16634640354472618
242785,-0.10652025436870564
242805,0.5193906399623861
242819,-0.13381841054924465
242838,-0.17848880231545072
242851,-0.8202062468484079
242860,-0.05986316590420298
242864,0.08322342586697665
242891,0.6947852876213509
242894,-0.24592599295599105
242915,-0.4279893711469379
242939,0.0511648593211282
242960,0.02287706991313202
243025,0.00909450303714595
243043,0.6410372902762929
243078,-0.04412999315926152
243083,1.279730817355844
243084,0.7199329349176942
243168,-0.3096148540397871
243197,-0.32003591402648607
243270,-0.04605554988142271
243272,-0.00772605944762681
243274,0.00134337921091209
243277,1.2298956232240832
243300,-0.13794066354148898
243312,-0.7199647672694776
243328,0.11526364564321293
243339,0.4595183603801658
243362,-0.19451057549995932
243371,-0.04697730305269237
243372,-1.08716045825333
243374,-0.1439326590779119
243382,-0.05306407964162149
243385,-0.48538602866625713
243499,0.1977242522545185
243510,0.8439886354546747
243529,1.3802576750115456
243535,0.8965705261126413
243537,0.17461219587404853
243538,0.5374496548733119
243548,-0.23596261863493423
243574,-0.2513698947458415
243612,-0.14886595329365945
243616,-0.8838753814963486
243621,-0.4505593255844963
243634,-0.5136407053783569
243653,-0.06213788761064663
243659,0.01627258069625065
243725,-0.32861196238287477
243743,0.5181166090983721
243755,-0.207697691084059
243764,-0.4985296047072879
243771,0.15474101939972493
243780,-0.35671641875693316
243813,-0.04450344420031096
243816,0.1926399265073024
243819,-0.1222796246006538
243822,0.1314708109231582
243834,-0.8891030672587907
243842,0.6444796151100349
243846,-0.05094317267489339
243853,0.07587752605620168
243864,0.7403025883665693
243867,-0.06338230692357298
243874,-0.2843931602463874
243897,0.16364960245772614
243906,-0.14659214786455094
243910,-0.12117677014547516
243911,0.1587505966400539
243912,0.17616729509293377
243914,-0.05442539220254223
243923,0.12329580900635866
243931,0.08071095034200339
243937,0.05454649278837906
243958,-0.04696876119687065
243961,0.08077263156913467
243963,-0.10560282391601744
243967,0.40385139818687665
243979,-1.35610453614585
243983,-0.25218684535231245
244049,-0.22207247981448683
244058,-0.1352348883103906
244059,0.2657189370885008
244071,0.18555960367857216
244141,-0.03217448943359909
244144,-0.4964141555741497
244178,3.358055358340904e-4
244179,0.07067489011166012
244187,-0.00510294935049839
244198,0.3811134024672326
244199,0.24755686770869129
244202,-1.162288190223804
244209,0.08249310592406024
244216,-0.08169610406789035
244219,-0.0623368282022539
244238,-0.16407958690686436
244281,0.41764822867769064
244310,-0.00571241901443846
244329,0.17256831978034537
244349,0.08336347864252334
244373,-0.13721938655647803
244416,-0.2150416513108952
244421,-0.06992170882686999
244431,0.6419090875919417
244448,0.03298128242250273
244484,-0.6042851238289123
244486,-0.2128289328043184
244548,-0.18814445088696305
244550,0.1674759326330537
244551,-0.00290302706520887
244556,-0.09015665497235564
244562,0.6356004038110701
244579,-0.11951644637150648
244585,0.12910189634388777
244608,0.1951132928563153
244631,-0.21898498486481952
244650,0.09603250583771424
244654,0.676578869682271
244666,0.2527959902201532
244667,0.24508583149657623
244668,-0.1470540053858243
244672,-0.7554059591957162
244682,0.5260428934476897
244694,-0.24018839997710495
244698,0.06864134174934716
244701,0.17101028155653897
244713,-0.2914655724808268
244721,0.683430556075932
244745,-0.11638134078325336
244757,-0.02584702467223204
244813,-0.4627415185943371
244853,0.11223646521480754
244859,0.8106097347129784
244864,0.04358025237773817
244867,-0.16980061886420006
244871,0.15822158673413367
244879,-0.28002088242546685
244882,-0.48065264805754626
244885,-0.13396199115547291
244886,-0.1440867544981258
244891,-0.03531531733561954
244895,0.18713565585692515
244911,0.41424479452978047
244923,0.06043198658146637
244954,0.8597023510504787
244958,0.1535107459026864
244962,-0.04694095034545968
245000,-0.1508957270301544
245007,0.3179912191687485
245020,-0.3828369179735128
245026,-0.41360722683671386
245038,-0.2180839983720076
245049,-0.2042490398766611
245050,0.6198457835037022
245126,0.6966112795611814
245195,-0.22275928351325705
245308,1.641431445586458
245368,0.29205748162571843
245381,0.22912186221656972
245386,0.3780472039618836
245403,-0.2606650857079188
245424,0.01392090455448505
245446,0.5614354134225449
245450,-0.4451882647052921
245468,0.6452473473914561
245469,0.2809305441535066
245474,0.0344202581430608
245522,-0.5137237882272483
245527,-0.02064419510612028
245532,0.10716213553026682
245533,-0.21930562618743968
245536,-0.4113426282792194
245537,0.05312800602829816
245555,0.46072391941098345
245572,-0.3790977324495672
245595,0.04542918874500844
245596,0.6265003637312547
245610,0.8726488569075207
245622,0.11518849748318126
245631,0.07855375928165662
245638,-0.37290971855059113
245650,0.4737801184041719
245666,0.3359980088520898
245670,0.20748147134604597
245671,-0.14676344047034412
245683,-0.3332089487407111
245684,-0.29134617263984885
245688,-0.04558300759463357
245695,-0.1748362466961028
245827,0.6231474186886594
245828,-0.02909964768690851
245841,-0.13256314215083087
245847,-0.07545102035577145
245857,-0.4295396663033152
245860,-0.0917721268007894
245866,-0.00531192671634683
245867,-0.128561450594586
245877,-0.0036558118143601
245880,-0.1777954447738932
245884,-0.6346860669639123
245886,-0.24103318842749244
245902,-0.00631438555263677
245944,0.05189910992343963
245945,0.4458527921390559
246048,0.23032457463500983
246049,-0.1306994668309599
246086,0.07450241307382488
246102,0.07157448280113762
246103,0.06766773016449
246104,0.7768778730354525
246133,-0.05474649454174933
246154,-0.5814970943001837
246177,-0.05249224976208926
246179,0.04753778073658736
246190,-0.3552928251895327
246196,-0.11473154835819543
246198,0.19587602693566192
246221,0.2250614703972876
246228,4.392019447293366e-5
246229,0.10430900032265351
246257,-0.19820015396194404
246277,-0.06546147515474113
246293,0.46097252265943833
246313,-0.13648411865985433
246316,0.37483426177285806
246317,0.9339958017672324
246691,0.4891755639792589
246694,-0.08149429319103087
246696,-0.1273109170840334
246700,0.5488339613892741
246703,-0.10942360831910136
246707,0.18659858197282456
246709,-0.14616464012138847
246710,-0.04828390027003089
246727,0.4768295291597407
246728,-0.12103528853963474
246738,-0.7314528234895036
246746,-0.14756021572049977
246747,-0.0150643679728461
246779,0.47839558952899014
246782,-0.08350938075496385
246787,0.30747492629796336
246788,0.3589771803739683
252837,-0.6086058288899572
252838,-0.18769331730871763
252864,-0.11053996382884318
252868,-0.383280550473694
252870,0.05570336710823204
252875,-0.28529989664694794
252876,0.12753231692781153
252903,-0.03388302293900541
252966,-0.07058288629049789
252967,-0.3044676920090422
252972,0.14628613068855656
252973,0.5873568067480783
252974,-0.03253504287264428
257630,-0.21122867831292907
257632,-0.1301951432013154
257633,-0.10631705463690336
257635,0.04444393629023961
257883,-0.2820837721816062
257884,0.19981475022023956
257909,-0.01007535041443778
257916,-0.2372332174051551
257917,0.44011284585004407
257958,0.8633717327677273
257962,0.35286171589947624
258016,0.23075001214586177
258025,1.0051049892750492
258036,0.0846451693943725
258039,-0.06527162003626022
258097,-0.4817793442516684
258098,-0.07224447875009431
258105,0.216427985952158
258121,-0.01424566801798395
258153,-0.01366368702953339
258155,-0.777033677372649
258160,0.28228215085387864
258178,0.3758417913950728
258196,-0.6242723383883007
258207,0.46946813259888026
258238,0.00917987201956721
258246,0.13106721408056451
258248,0.7580658929263064
258267,0.09656262761544858
258270,0.0713882253318143
258271,-0.2856678878533423
258281,-0.21880756830586093
258287,0.00264476063343851
258292,-0.27608364108108036
258296,0.8738896166561866
258302,-0.16697362774628963
258303,0.4144554784044119
258305,0.03345103232443525
258310,-0.18816027506425392
258316,0.00441303780167952
258318,0.07635457421931383
258319,0.20555764739146623
258321,-0.1884926585887987
258322,-0.1119612503530307
258334,-0.2628083173315518
258336,0.4032699371385144
258347,0.6686242444661719
258350,0.6872658829659037
258352,0.4224446577007581
258355,0.9574700570787638
258358,-0.19601811851276787
258362,0.11143775013001986
258363,0.22070037926061492
258371,-0.05534686453307067
258373,0.1913933508873916
258381,-0.00861938272084641
258387,0.4465951088411389
258405,-0.14291739734589817
258407,0.01104520074774764
258408,-0.13372508875317873
258424,-0.01147755558949727
258427,-0.05944363021402096
258439,-0.19340001042224025
258443,0.41214422428628583
258450,0.31813941381329736
258458,0.17013716771996484
258469,0.03728249646949366
258470,-0.24443037883333532
258478,-0.5284234081782273
258486,0.21926551847693243
258487,0.1806174799985179
258506,0.15671610749626913
258507,-0.3856265668895782
258515,-0.3204762221962725
258531,0.17540279164638867
258544,-0.38871537400118816
258562,0.5114246304009366
258563,0.20353539678817545
258568,0.49234732142013377
258569,-0.07054927703134865
258573,0.03842438568705073
258575,-0.1582211520382595
258580,0.5818062940243525
258582,-0.2364481656908208
258585,-0.11986616008596164
258586,-0.34342712419219035
258587,0.23477446061568072
258598,0.08045654225464824
258600,-0.20997363095362007
258601,0.05347831656914215
258608,0.15552807455122342
258614,0.39545593657085776
258616,0.6697933153250497
258618,0.3565287493033992
258620,-0.22351322052008105
258631,-0.2718235525536702
258636,-0.5506568652920444
258640,0.00136004026282449
258656,0.34923987963231845
258658,0.5811439310621992
258659,-0.00704292240242299
258673,0.15624708537065685
258675,0.02620911831857474
258676,0.36243523472769823
258677,-0.8196191266193915
258680,0.11368936769771766
258690,0.15023217475261708
258696,0.20477448094950967
258697,0.27952241324398386
258703,0.02313980741978016
258704,0.06845328251448218
258710,0.4689818335292515
258713,-0.12974607647211714
258717,0.3137621747591918
258720,-0.04387517638236103
258734,-0.112128535731498
258736,0.01064600982605296
258746,-0.7411547579637237
258749,-0.18583294281470636
258756,0.12025455645155014
258763,-0.22257610619979293
258764,-0.5554190931030628
258769,0.16533300953996286
258772,0.25880505889975175
258775,-0.3957293352896013
258786,0.15004330323291185
258794,-0.4039651157346503
258804,0.48018550782475267
258814,-0.8256138442265736
258819,-0.5781474456715636
258821,0.03892029622517196
258832,-0.02638982325757832
258836,0.02712230121724328
258853,-0.3156888701636664
258854,-0.8442040407451346
258857,0.08702960004329653
258866,-0.06639911451799926
258881,0.2470948765746655
258882,0.23886258653884404
258896,-0.2789543567542652
258908,-0.4778148132897091
258912,0.42247662424684346
258914,-0.30407259106247475
258924,0.4014091979511907
258925,-0.01633003347720033
258933,-0.17586164682914815
258934,-0.15015927142760302
258935,0.09184900962772286
258937,0.19793680706641364
258939,-0.06371038217672934
258941,0.05702022567771031
258944,-0.02429855533603318
258946,-0.2794177881916538
258961,0.5959528022268866
258972,0.5214557692681374
258979,0.15313455621567526
258980,-0.44706109048232184
258984,-0.20257335160915496
258990,0.16608533288014551
258991,0.24633047344002207
258992,-0.4211036302596427
259000,-0.29664599899248423
259004,0.5127205703790098
259012,-0.18886119778206417
259013,-0.03436886126732161
259014,0.36462322797374
259017,0.2293511852535643
259019,0.19226754939439897
259034,-0.01299099100434952
259036,0.10924601743452902
259045,-0.1717945575066065
259049,-1.529358869467063
259051,-0.1823273660357322
259053,0.31928332282017785
259058,0.1436326339723182
259063,2.2698212280059176
259066,0.2999456702348105
259067,0.9577186950506824
259071,0.5496595520145469
259075,-0.8479662429586914
259083,-0.39303547893196344
259089,-0.3426944217934298
259092,0.129048266018408
259095,-0.22264107623741217
259097,0.6478917686289547
259100,1.6194739397554745
259106,0.12048357292085808
259109,0.3090577801167752
259110,0.26642455351208566
259112,0.908327278972002
259113,0.04029503278938216
259119,0.9827854691629884
259126,-0.1929181802353067
259277,-0.2594952159051352
259279,-0.23722740254279723
259300,0.3396052867105531
259301,-0.29427797184706345
259302,0.5856280812364123
260297,0.247561153975123
260298,-0.26212497420484887
260299,-0.10839208703415804
260301,0.3909302324396439
260302,-0.01132301604757713
260305,0.2199142664511593
260315,-0.3393162615024853
260408,0.6652234911853998
260409,-0.1027013076288922
263406,0.01842814393749328
263764,-0.26678716285095483
263803,-1.0509262666990566
263876,-0.13921091986954187
264064,-0.05393365295983725
264134,-0.00525406310169587
264895,0.0911051252441967
266614,0.3021008642988774
266620,0.12898820142887396
266632,-0.04487543283535474
266645,0.36945592328176446
266690,-0.303259851353036
266692,-0.21088836388340537
266744,0.6254023427429798
266781,-0.01704827515025223
267019,0.3165986018205015
268281,-0.6376612057850646
268288,-0.07671579520943146
268291,0.34936856847555825
268294,-0.30280019082314
268297,-0.00457156935581594
268301,-0.0876990629493373
268345,-0.8890162216760849
268354,-0.5098405397804542
268373,-0.01996446987474798
268379,-0.38050126212190793
268395,-0.09236635378573416
268396,0.23503190098536092
268417,0.00437094502106506
268420,0.1289829345708528
268445,-0.07787227856041067
268448,-0.2621850336495846
268449,0.00135924527615018
268451,0.20653589804752925
268465,0.1984342658723713
268469,0.06743840613537663
268481,0.0823898141859715
268482,-0.08575474046630242
268490,0.1954765229139272
268491,-0.02143025150605713
268510,0.20565803491548024
268512,-0.32726300139997894
268527,-0.04855916241431199
268534,-0.03932939942214537
268564,0.6633511660573951
268566,-0.05414538494680325
268567,0.04648773398052992
268591,0.00873784140141424
268656,-0.18515554020264455
268663,-0.10151641902556732
268686,0.00767077738442633
268706,-0.01065301135893485
268709,0.10032373395499997
268721,0.0101582112107454
268739,-0.5818450044518768
268741,-0.2770842706936156
268747,0.33805760716762223
268749,0.01443172424129285
268752,0.12860817229142518
268759,-0.19108531653381153
268780,0.20138967316623924
268782,0.3074861722097365
268783,-0.11370963505971472
268807,0.08956816758072003
268822,-0.11493258623707445
268857,0.14059323112097433
268859,0.05145617133271973
268860,-0.34818795723501117
268878,-0.07199844513319914
268880,-0.06866734187133898
268882,-0.3254030259817979
268890,0.4557759660769908
268902,0.07337227349563169
268903,0.24723913997123367
268905,-0.38738922103432727
268930,-0.04173330035524195
268932,-0.07847239291259253
268933,-0.1806975867533264
268934,0.5433085322930673
268935,-0.43967047687373095
268936,0.47191557522990624
268958,-0.20521366924332943
268970,0.46456450723714215
268973,-0.2932596080903247
268977,0.2976448135531773
268980,0.35264427933068115
268996,-0.00312648306009808
269003,0.08810787624825629
269016,0.45599232758359853
269019,-0.2773236290185894
269037,0.487107869130211
269053,0.10584087931863728
269060,-0.2841441604324172
269061,0.05739469607086419
269063,-0.1839698212494308
269109,0.44767733548787125
269113,-0.10854366820200828
269116,0.13682260605638658
269120,-0.1915699728201535
269132,-0.3337447108230145
269152,0.2888354968686493
269180,0.2342645553528112
269181,0.11702599258472993
269198,0.28022208773075796
269209,-0.1220829306924453
269224,0.3748547440866329
269233,-0.06719534493608648
269252,-0.21559360368576316
269254,-0.02870280443008069
269261,-0.0437682470093763
269275,0.01961116962967885
269295,0.06455669262159458
269328,0.35379119746101495
269336,-0.17584521201090886
269338,-0.00235245130994691
269344,-0.2622906342993956
269356,-0.3203290486548005
269378,-0.19077777164213977
269389,0.02833310008983983
269397,-0.05559874488783117
269400,-0.15434134001538463
269401,-0.14806178299877845
269423,-0.00680174917176035
269424,-0.0101282637794246
269437,-0.04962183435417225
269470,0.02090386578045623
269473,0.3383128209409274
269513,-0.03537595398624393
269514,-0.11749054539321542
269523,0.17559856374899604
269529,-0.3187588259932095
269536,-0.0683093010066915
269582,-0.12752038486822084
269585,0.04699377741426393
269587,0.19296424088666855
269589,-0.2001890903099831
269593,0.06573610633829226
269604,0.24948339655230264
269608,-0.02986086440497802
269610,0.46667220125902936
269614,-0.22849146612718824
269615,0.2122940018902598
269623,0.1046717524565767
269633,0.5969347405652425
269639,0.08459423806514443
269642,0.03300653940631478
269643,0.3017467591200582
269682,0.08599866507892896
269693,0.8404168809699717
269695,-0.120230780864276
269700,0.3510379964349574
269701,-0.3748517046978001
269702,-0.06222175077493543
269704,0.10588660614071924
269713,0.3997561384927847
269717,-0.0314427252928962
269774,0.1999151293636897
269784,-0.24766060440269472
269788,-0.05899850977658333
269800,0.40360181804191064
269823,-0.21637408301441644
269831,0.2125736971794
269854,0.1221691831700939
269855,-0.02284642042182094
269870,-0.12915090792467698
269878,-1.128458736113151
269881,-0.2308764789414265
269941,0.03564567108095341
269951,-0.1194467918665297
269952,-0.07154191186127876
269954,-0.02654824967331139
269955,-0.7066898065880249
269959,0.21080637949853623
269994,0.136211669606686
269999,-0.00457048048711087
270004,0.28814084507441967
270028,-0.31887918058728065
270035,0.15024956118633492
270049,-0.3580969757130046
270058,0.01499328985696506
270066,0.12880117697895113
270076,-0.19203299872240168
270084,0.0724630771565051
270086,-0.06215094704882641
270091,-0.49671534967002445
270096,0.11573299386729928
270097,0.1593974608450435
270109,0.3593260981040528
270110,0.00982306092264476
270118,0.10101860923151298
270120,-0.3092140365450384
270150,0.8588371579607595
270151,0.26983466935988304
270152,-0.06789778823275147
270156,-0.30078305570067837
270160,-0.4717465406198681
270162,-1.101071000982457
270163,0.02248387180931048
270166,-0.09919652128488927
270190,0.6429858323520304
270192,0.3244107618242972
270198,-0.07088983310265336
270201,0.02940391844990395
270210,-0.3819136144518752
270624,-0.30992126991897584
270669,-0.1636699531133432
270672,-0.08501562437247244
270685,0.12696937691594223
270757,0.05928533034239106
270802,-0.07581345685566493
270893,-0.5166166204969217
270906,-0.3444991444636157
271005,0.09575082410578356
271036,-0.4226039392102163
271127,0.12065073173632894
271209,0.18806239178470424
271221,-0.20299103170005312
271305,-0.0955751503143111
271377,-0.05304668354181507
271424,-0.32943400804830997
271457,-0.07899963157965073
271564,0.21255918327177076
271639,-0.02322396690204908
271697,-0.4847040899890242
271786,-0.1580505525461556
271813,0.4360443554516811
271842,-0.34911319885886494
271844,0.6589220537061886
271849,-0.20880471296526193
271887,-0.1368209210852782
271944,1.196474751268349
271970,-0.8851575236118989
271981,-0.3790843728513172
272027,-0.2782433675314322
272322,-0.2200742047410842
272347,-0.07683830696716597
272359,0.04495494351629622
272381,0.5793902404729298
272382,-0.1341831611023393
272396,0.07541447922135272
272411,-0.26540703710172575
272428,0.4154205894274661
272465,0.5040863127519964
272538,0.340846766513051
272551,0.6523578997456183
272589,0.214427054464565
272636,-0.1934941338019387
276770,-0.01977832157969511
276829,-0.4256989898956148
276846,-0.05049864120483492
276852,-0.159959061926797
276891,0.32591914012596335
276905,0.14497956413796087
276919,-0.22906291347325988
276920,0.0529773100590651
276952,0.30233313677254164
277010,-0.06527941079156803
277154,0.01928290515205545
277203,0.09280076634579797
277250,-0.25039156240563987
277328,0.12993791184291
277343,0.11557978282790908
277353,0.8026169655639686
277360,-0.00363196176739414
277414,-0.03366015775610594
277432,0.14273950845221892
277463,-0.04367932112823718
277468,0.05997133880848308
277496,0.12120046435764135
277743,-0.5914987121457074
277854,0.3565170318264446
277898,-0.44448642800168414
277939,0.08692530686460233
277973,0.3859371348143064
277978,-0.42563327031716536
278097,0.05408264610468785
278180,0.6226989885357294
278279,-0.5154241571129877
278507,-0.4302215415727235
278795,0.4720466902240241
279028,1.3707868315944582
279029,-0.27845010413020393
279499,-0.2126384069162445
279653,-0.23224159431341032
279766,-0.2519442916575417
280287,-0.06099732516887786
280408,0.1453203932992108
280411,0.5772608343926233
280635,0.11517124049374622
280645,-0.41509624472811846
280662,-0.3637917715485636
286940,0.1572499521290859
286942,0.03364115429558245
317652,-0.10923744042324894
317653,-0.0852852044444268
317717,-0.02881104882834363
317750,0.6305220028803906
317755,0.4552396930824535
317757,-0.15860265659368977
319162,-0.00653487623497539
319163,0.6364402520184882
319169,0.00760218434373334
319176,0.0159042127922388
319178,0.6391343380282981
319186,0.1270203695384101
319188,0.4132122378261669
319189,0.15633005123184962
319196,0.10844058176658564
319197,-0.7127693202643012
319200,-0.04698411917742358
319207,-0.1247237020183982
319229,0.06971019559369904
319239,-0.4705901791291369
319259,0.5809212510460742
319262,0.23378365707418705
319263,-0.15745666879546627
319266,-0.18047712377272732
319277,-0.16546004000619885
319278,0.16514135311269704
319322,0.05727236065160232
319352,0.08285832116296635
319370,0.01846319825513052
319387,0.00594546052849529
319415,0.13784607683371797
319430,-0.05025115107106384
319446,-0.28515213199556405
319448,-0.1956440986012191
319455,0.1872182607110235
319468,-0.1157974082847998
319475,-0.12149324341423168
319476,0.2969465030492853
319477,-0.14795119803428036
319478,0.1082817613318096
319481,0.00470073708735646
319504,0.15756371026564156
319508,-0.1709139674084071
319513,-0.1145866064667743
319518,0.19117137738696335
319520,-0.2342616566065685
319530,-0.5669898029351862
319535,-0.4487390631559112
319554,-0.20416987733140457
319555,0.920901629740146
319565,-0.28927777500020746
319579,0.7207605401141715
319582,0.4679249489634231
319583,-0.15359333085192786
319586,-0.416020734015346
319594,-0.16828683203708095
319601,-0.1419104642174355
319604,-0.08741456455403898
319613,-0.4290897960600615
319618,-0.08673661807820669
319622,0.01409324883841947
319625,-0.27154649250538454
319634,-0.2731375280757218
319636,0.2579115438832803
319638,-0.2554040758935572
319642,0.19378565166882472
319651,-0.48255451377181025
319653,-0.25685859318221244
319655,0.7254874999255303
319660,-0.3806282650265798
319670,-0.05487660379312348
319675,0.01374664991618802
319695,0.7488051633218613
319701,0.06290332777073214
319710,-0.19969850046941912
319713,-0.27628797220844015
319719,4.41939109094e-4
319734,-0.3187012155237629
319740,-0.20283419432500735
319742,0.23609804169226065
319748,-0.05215879194426848
319757,-0.19164515871666205
319758,-0.45307937295794576
319765,-0.06770954551582198
319767,0.1478263438693624
319776,-0.7949164571579154
319801,-0.39790165080167
319804,0.6063669813741197
319807,0.08980317369299853
319817,0.22896887219496756
319822,-0.05518870837950961
319832,-0.4596748383898276
319845,-0.1904935155525861
319848,0.3271810255783827
319876,-0.03456041269660889
319880,-0.04249310588636483
319885,-0.07384958138204217
319899,0.12801639581103627
319901,-0.2538197074164339
319909,-0.28729087406439346
319922,0.5957610284916031
319924,-0.22657385139711816
319930,0.11940053278491276
319934,0.5118485594553688
319939,0.10009773913278984
319942,-0.17134452423339916
319944,-0.10606895931364856
319945,-0.15883789481477772
319953,0.1324114354862488
319965,0.01752421004834511
319974,0.3465920555905105
319984,-0.20865504988697112
319991,0.03141200517424418
319996,0.07581809921582561
319998,0.00729792088201827
320007,0.05461955522014169
320011,-0.00690770694858294
320022,0.02194336439252525
320024,-0.14459701428828944
320027,-0.5616680672578194
320040,0.3990686530389932
320051,0.99898404875526
320078,-0.5660131263877687
320080,-0.10551815433629648
320091,0.4308472799563926
320095,0.09562710779333276
320100,-0.20375177939958428
320106,0.15460634137497173
320111,-0.12182153153656466
320116,0.23056852616085305
320118,0.0483783741150539
320119,0.20298623658370557
320127,0.46201120227233994
320129,-0.18863484460340688
320135,0.3920734844881533
320139,-0.676758636833023
320145,-0.06145058579619592
320150,0.3366183144458508
320158,-0.08989373293716198
320159,0.20250728609858043
320162,-0.26213374155168034
320165,0.07388515839563609
320181,0.2876759791487809
320183,-0.6355500522150969
320184,-0.11388149667933438
320191,0.15381913025076477
320202,0.6987995278243908
320204,-0.08603710603428641
320208,0.17539461021484903
320213,-0.05516146485354065
320214,0.4645247709203897
320226,0.4152152943762107
320234,-0.135857576965646
320244,0.00851485051882409
320253,0.3002482240346465
320256,0.11026628157847872
320265,-0.03285996955204749
320267,-0.11269419260931336
320271,-0.15578288499900053
320277,-0.29300257036481625
320292,-0.01504535355773868
320299,-0.09068499718720502
320311,0.3826212941404813
320343,0.6685122354993381
320351,-0.18418182301434513
320355,-0.1552568785422394
320360,0.26416871943669146
320365,0.0567534229712616
320376,0.3840517503585471
320394,0.011003944440038
320398,-0.18073692402467872
320404,-0.283688315979964
320405,-0.3541866298147217
320415,0.04159711782399711
320429,0.5185007576486667
320435,-0.1004269889620883
320438,-0.14180374668644402
320452,0.16875131218538653
320460,-0.1056971315014868
320472,-0.8017169833953122
320473,0.23778684045780044
320484,0.12153133680769526
320487,-0.10296126095124142
320492,0.16093324764243006
320495,0.05388651598427935
320500,-0.01862995798497424
320502,0.35410695540974146
320506,0.27722790470034586
320508,0.2152908605466508
320522,-0.6912322971026715
320528,0.2646876592960742
320534,-0.04780413208271361
320538,0.1497707313574498
320554,-0.16586389016175346
320557,-0.5021191101663125
320558,-0.6242124378829846
320560,0.04541046166658268
320563,-0.10852606008190094
320587,0.3327115341168759
320590,0.25446190690695597
320595,0.26613366841699293
320604,-0.10216461535863952
320609,0.6334401526199454
320615,-0.02734555745554646
320632,0.05392036996942521
320633,0.00349256112348831
320634,-0.08914398369425294
320635,-0.04529850211879152
320655,-0.18122737112230328
320661,0.239287327896235
320662,-0.397035313942282
320664,0.23632024392356243
320678,0.0714813557886102
320679,0.41762200685838025
320683,-0.3066907776911788
320685,-0.43227665844500673
320696,0.0752602261293647
320701,0.26461756205314946
320705,-0.36472559273867633
320706,0.5483137051173843
320707,-0.31955018510597766
320709,0.33356070879729827
320712,-0.5519555124737745
320713,-0.6542064518800458
320714,-0.0090790297925955
320717,0.01727952554048018
320718,-0.6493510990860243
320720,-0.25296720750541596
320722,-0.4082818761383537
320727,-0.12701066727159868
320736,0.5500028173751559
320747,-0.1770162082374161
320752,0.4516620212200314
320782,-0.43661031182129806
320790,-0.01572792296115125
320795,-0.16428334308229658
320799,0.00435691916600752
320806,0.094406567664729
320808,0.1490219221104237
320816,-0.2729120221602104
320817,0.05515406883314019
320825,0.2630899170571979
320827,0.36885000207734464
320840,0.4133523664609
320858,-0.5677602885524377
320864,-0.1307973554051437
320865,-0.01139806522834708
320869,-0.04453516095881382
320873,0.01381684627875007
320878,0.20742385006963276
320910,0.34979077857606655
320916,0.13993034145619915
320923,-0.05965180255254801
320924,0.4542506475627665
320938,-0.11503460500313206
320940,-0.30619425511607684
320951,-0.04194634478255981
320974,0.3951280808091057
320981,-0.34657076182789515
320982,-0.2593012011690286
320995,-0.1687194708296501
320997,1.0889672803883617
321000,-0.5492219105587766
321006,0.1303770607296358
321007,0.00239591229673923
321008,5.48531266271475e-4
321019,-0.0942327400455441
326622,0.2017342815441996
326623,0.07118548178133133
327655,0.21370883102681448
327743,0.01490887085847657
327747,0.03669677942429687
327762,-0.3580008808865055
327766,-0.4515868928765219
327799,-0.3539037416480568
327814,-0.23056323162132453
327826,-0.1319590532593869
327942,-0.2156757139562368
327951,-0.272330672179283
327954,-0.09604347184484574
327956,-0.092313100582624
327957,-0.1426902169232972
327958,-0.400599599178437
327959,0.07268448091524243
327978,0.1838432433600756
327987,-0.04994262004651929
328019,-0.12721645669230394
328035,0.09654881442264952
328092,0.3337255992172833
328108,-0.36004791635833266
328110,-0.1587832342017292
328162,-0.15895211697985642
328232,0.05202008841829066
328234,-0.1877060667498863
328258,0.1284570651551505
328329,0.26379704086196215
328365,0.1218186934233386
328370,-0.12817353871192438
328381,-0.09181418174244034
328401,0.4596663466601586
328417,-0.14190596635673042
328424,-0.19610920383255911
328572,0.17516054209378457
328580,-0.2364443822296489
328643,0.50028861269011
328778,1.0085409776538126
328779,0.3300589679311506
328788,0.4484817655186779
328789,0.5191667245851821
328795,-0.05572500191995314
328801,-0.10359967302935724
328833,0.21045715998065911
328845,0.0884508781621633
328949,0.3813827741971336
328967,0.00644790402110265
329002,-0.0547336589028921
329003,0.4189493373775576
329015,0.00252447578463161
329064,0.08023355704634096
329093,-0.6219352269480358
329152,0.5480510116362305
329154,-0.0822660802882707
329178,0.22812215162538377
329207,0.3207131468355213
329244,0.5563224408147673
329251,0.41907332283279897
329252,1.093441595189873
329260,-0.2925620711676225
329274,-0.3112886212734478
329278,-0.9238453800142492
329324,0.18408211351916157
329360,-0.16632172726341532
329375,0.03079893350177918
329384,-0.4128481772320175
329416,0.2543692543407869
329421,-0.24775733068504907
329460,-0.6240675685837318
329470,-0.10791254851174116
329502,0.8317339286205987
329504,-0.1979148897092256
329506,0.25375191219291954
329540,0.3291328809937101
329547,-0.13231757985179304
329559,-0.4760028025964031
329581,0.908079607793418
329628,0.4035255753117736
329641,0.560928775618107
329650,-0.05860886900728879
329659,0.5991965548730689
329679,0.5814546081135458
329693,-0.034505760633452
329727,0.7710646569049973
329731,-0.1907221647415698
329738,0.4463292012436704
329739,0.03788505363563271
329777,0.17684104896892186
329795,0.17598866482962663
329828,-0.21867023298563695
329831,0.3815626943546454
329872,-0.4311751596461373
329877,0.0143085711996877
329908,0.03067470353100473
329910,0.01983403443182409
329934,-1.0147122853563852
329941,0.3677615845875043
329954,-0.7135003547962249
329972,0.1315125732533764
329977,-0.04934632096986738
330010,0.3261638871196443
330050,-0.4909462109189533
330064,-0.16058889572198587
330096,-0.6115739491724937
330119,-0.2761259479611337
330122,-0.12595425412892644
330149,-0.7652472610630918
330171,-0.2326430620311523
330177,0.40437337830556375
330188,-1.469487048076918
330189,-0.01662728413991077
330192,-0.03809460067603801
330216,-0.1542009333391007
330217,-1.1350686984620737
330222,-0.1106484870061798
330230,-0.07519185903572947
330260,0.07716997112059355
330267,-0.05938409234747824
330277,1.2408807940092892
330286,-0.3008740785616011
330301,-1.3389447680353654
330319,1.1550635980127877
330323,0.3767915526973012
330355,-0.4345449243252696
330361,-0.5612870949164543
330369,-0.00455263380971357
330401,0.0297562304181782
330406,-0.20486279452828848
330409,-5.278193571049833e-4
330428,0.06395332833458889
330450,-0.6129703785033609
330460,0.27147077740105446
330463,-0.308935726882645
330470,0.6961419978489667
330474,0.05374637420804173
330483,0.03160964409453776
330485,0.12670073429831888
330502,-0.27033811588895995
330554,-0.00226455448733707
330577,0.24679169206404267
330627,0.3889747755533916
330657,0.10669444974410744
330660,-0.03420452320588856
330662,0.5634829448269405
330671,-1.208926085575199
330695,0.01598175672865772
330721,0.4837028243380761
330723,0.06145519273475276
330790,0.441334437602791
330812,0.5326085471942497
330814,-0.33640533862689964
330817,-0.10580665975432264
330820,-0.00863783505828992
330830,0.15549175639098756
330836,-0.5340811140585803
330863,-0.1591628947258488
330890,-0.45509514394815465
330908,-0.119511108331656
330914,1.5083874492318958
330921,0.36790401056851146
330938,-0.4237370428619187
330941,0.387192428265853
330953,0.2813143188959353
330959,-0.1463493138742878
330962,0.3209615091713441
330998,0.5742987296385886
331004,0.18569186928559436
331026,0.00967062922988822
331046,0.48362409053767696
331401,-0.15023199088766273
331461,0.0546885822082199
331474,-0.10263926176120834
331487,-0.4259179745127972
331524,-0.11354866419392336
331532,0.37229758671821434
331535,-0.5060755227593469
331623,0.12799882354320455
332110,1.388532631583296
332131,-0.4657916820530134
332175,-0.2119461110862812
332221,0.6507130836449231
332309,0.1908261547461348
332359,0.5377405915784365
332396,0.4561938613059501
332397,0.4441047174716194
332427,-0.03168658660901381
332578,0.8049752801859784
332579,0.25088000373517855
332713,0.06094938881830628
332934,-0.19512801292598855
332937,-6.780365206903449e-4
333048,0.4712175546177987
333050,0.5709723080308535
333182,0.1314708109231582
333193,0.02960523636469412
333315,-0.33105895813705416
333329,0.17455559845773444
333424,-0.3954689566361783
333433,0.03446182194067593
333605,0.3572308881311752
333639,0.24849213302211173
333654,0.08710482690433892
333789,0.12182055080357272
333883,0.25080162449716864
338320,-0.23574101537001563
338337,-0.14732154144466353
338346,-0.16753267229759733
338348,0.09107483465194746
338349,0.08638372879098348
338352,0.22058739274965744
338354,-0.09568754707862796
338355,0.01842867471633386
338359,0.11589315173769438
338362,-0.2423700606027413
338363,0.04624433244166266
338364,-0.26535940082111414
338365,-0.01825610011154971
338366,0.00763677210439276
338367,0.3947696645324937
338368,-0.00889336804848742
338369,-0.09638720444845077
338370,-0.04006602459982771
338371,-0.02797604456850497
338372,-0.32051977272057947
338375,-0.691644335787242
338403,0.954631731187062
338417,0.18901104965090035
338467,-0.30924896440388083
338521,0.13820697458527142
338523,0.47153222105486425
347722,-0.5273402972142323
353025,-0.01050765329793944
353047,-0.03758282786855671
353130,-0.22835825123295225
353148,-0.3863955189150482
353155,-0.06911201178171389
353156,-0.7889651848317623
353165,-0.12361575587765068
353169,-0.10229344960984024
353170,-0.08947061068373982
353172,-0.00256197327645948
353187,-0.3994926478823516
353188,-0.24146511053416755
353190,-0.12532626987732895
353211,0.6054863757237009
353236,0.5691660642312257
353237,0.06716732185121932
353242,-0.12655727918898413
353258,-0.19872621242659724
353282,0.2765056371879149
353283,0.3738072100984736
353310,0.13539676216868107
353326,0.00731276191181453
353328,-0.4404516038306963
353344,-0.37359732515015254
353346,-0.2845321627422767
353499,-0.0358025471335779
353502,-0.03185766387643978
360013,0.3057036653614834
360213,-0.5246956202138233
360216,-0.11251910483448016
368202,0.1591796054603568
373864,0.07154328164023159
378425,0.47490308177120005
378430,0.07498766123733873
378431,-0.1341001302263083
378435,0.16432741848791454
378460,0.01329069768152244
378462,0.15433469643879605
378700,-0.29050704724563886
378702,0.06779489733588473
378937,0.21240571932394364
380601,-0.10738838335843168
380614,-0.2743566944338566
380629,-0.06447005532003458
380660,-0.24705986047169387
380664,-0.4278332774396581
380669,0.8686953591270947
380683,0.0109796191113428
380684,0.15470581472340536
380686,-0.6331520974859639
380698,0.5898371432909202
380702,0.36066237800034245
380705,0.41304546946133824
380709,0.5983807303193459
380711,-0.03250762570315722
380712,-0.23280299456419196
380713,0.5128531784564687
380714,0.2268877186435106
380718,0.01508639818529353
380728,-0.02307626532213858
380752,-0.01233395863126748
380753,0.41244805746920377
380755,0.14643458938236192
380773,-0.1943047412930871
380780,0.04323059839219871
380785,0.12606059123836155
380836,0.38478046551428896
380840,0.04303824374696273
380842,0.39495001674860897
380863,-0.5562442806942318
380912,-0.1252655404954052
380916,-0.31012433984919757
380918,0.4980368307515623
380921,0.3501701292969594
380924,0.00428005552035619
380928,-0.3799183744086206
380967,0.15629258237166688
380969,0.09859256415367856
380975,0.19361539971499583
380993,0.19629234059926692
381022,0.1478367841141464
381038,-0.09652659482813056
381062,-0.2120111264884511
381073,0.6967570061538394
381077,-0.31613270869819754
381085,0.06623545976626401
381101,-0.20430907338702448
381104,-0.06985204247029664
381107,-0.1964755058405495
381110,-0.0478533294257302
381112,-0.2934991595873116
381113,-0.22735072785637844
381122,-0.2706672094128336
381126,8.687848555467559e-4
381142,-0.336061772552105
381157,0.04572621886087363
381175,0.13282288505403814
381199,0.4628826847250079
381201,0.02564245329015145
381204,0.2079749385041696
381217,-0.21446273349805312
381229,0.15260136473748773
381246,-0.8356738208898715
381259,-0.18027543771429663
381269,0.07768127972723797
381270,0.13494199061215575
381280,-0.16226098180835252
381290,0.06766328066614222
381293,0.16494568477991478
381305,-0.08236716192361848
381306,-0.17639266370518325
381310,0.5144083034112812
381314,-0.14703545405219742
381318,0.04802399372456067
381319,0.10806721475725986
381337,0.0532421757104061
381338,0.3258604115410644
381339,-0.322424669090952
381350,0.6059335785795935
381352,-0.146692723138876
381353,0.2440629110195912
381356,-0.16425563326171674
381359,0.15298415186222203
381373,0.28200826092035364
381375,-0.43562539439032305
381379,0.1656383751591318
381399,0.31326488867438934
381404,-0.14705102071310588
381409,0.11183776709365488
381410,0.01748767761652911
381411,0.19376969918887832
381413,0.02348829671781727
381418,-0.38623063520362066
381457,0.6456718453754173
381476,-0.5972285194234199
381485,0.01036208113085879
381489,-0.1796513862748782
381510,-0.07928119356235151
381511,-0.5921107378659101
381522,0.48630278881259614
381534,-0.4633799257814525
381538,1.1515568527297448
381544,0.4360832234969937
381546,-0.07323751283447694
381549,-0.06985959139601089
381560,-0.2449061553176797
381580,0.10960709664347495
381582,-0.11344254153158548
381591,-0.11627117504179477
381605,-0.16661087163393568
381626,0.3657897911763617
381628,-0.5401833445688182
381629,-0.25356608356273713
381633,-0.2677604679820969
381644,-0.3011979716980028
381651,-0.7994872506508063
381668,-0.00872020400160701
381677,0.00800783209068915
381678,0.3447438357190195
381686,0.12468882843846588
381694,-0.14216837540167546
381695,-0.27390084451430075
381738,0.0849873652668456
381741,0.8773825299026276
381760,-0.19674890714850504
381798,-0.01422051941172035
381801,0.6913010730236355
381810,0.8416196592067466
381812,0.1690974503084565
381813,0.04729518847041095
381823,0.30364764981747105
381835,0.31447733363536434
381853,-0.5491693623332674
381884,0.2167982156373101
381903,-0.2657786969383111
381921,0.07360339222897644
381924,0.03239992334263915
381925,0.06731853061064864
381974,-0.7090523015932232
381979,-0.1388128103254263
381983,-0.4885349537717737
381990,0.04183460794873093
382010,0.2029972503186498
382014,-0.33908322167213845
382018,0.2370734615015684
382030,-0.07331503641323583
382034,0.33279694029199053
382038,-0.00220730459228306
382045,0.02871300447193966
382051,0.04723851577888984
382056,-0.11457469432568083
382062,4.184257825945621e-5
382066,-0.2056785568662617
382073,0.08089549085513781
382074,0.04650192980324893
382075,0.44078047774211226
382077,-0.05645438021440999
382083,0.5275647924380231
382089,-0.00601776164886315
382090,-0.21404242454599745
382111,-0.1905610791044428
382113,-0.4510651311512933
382117,-0.4445488250396703
382118,-0.3620375259071597
382137,-0.2003130478339446
382207,-0.2010775976694816
382236,-0.4609221686336188
382239,-0.05309930388155357
382252,-0.3925504742437027
382253,0.7317999011035662
382384,0.0125798267662257
382406,-0.1513515808021318
382423,0.04103582659637281
382427,0.24291170982678376
382543,-0.00340675035435476
382562,-0.3286279653274064
382571,0.03937631451600396
382620,-0.01875023311781534
382639,0.7577774632064618
382793,-0.4263497617302575
382864,-0.2020454533097532
382867,0.3977166370046034
382913,0.18083261359423752
382985,-0.23614843486087583
383075,-0.22847969594280376
383103,-0.2391778855309783
383348,0.2608239885117882
383491,-0.33504242939660334
383563,-0.06712831924557529
383619,-0.01653760871108203
383766,0.6740715486604771
383787,-0.4127508263507487
384009,0.01958648560315595
384061,0.4983471207611466
384071,-0.33647506473607536
384185,0.914819859576814
384214,-0.591540701518467
384309,0.08134951344038815
384763,0.5079691105959232
384783,0.10393271595648916
384997,0.34723565273389057
385354,-0.42361617592060863
385377,0.6452473473914561
385658,-0.04490611364810751
385668,-0.06592964038712583
385674,-0.02952843286306128
386454,0.1839179657900309
386463,-0.427402069206675
386611,-0.5344699290250563
386612,-0.1823501988024968
386649,-0.0505868387769935
386655,-0.46332347954137576
386750,0.3828810737525602
387285,-0.44928387465068315
387314,0.5964462066285017
387346,0.10605308995407668
387347,-0.7712541659975078
387348,-0.52642736669729
387349,-0.13972974766796722
387353,0.02161982733669971
387355,0.02848894078116168
387356,-0.14027624592792037
387510,-0.3591811274919654
387512,0.2141556609436552
387513,-1.2232412348253128
387515,-0.21431721216528016
387524,-0.22959997644785873
387609,-0.05260993699373391
387616,0.2934329376652122
394252,0.4228387789959107
394433,-0.0256159493257299
396184,0.01454168191677837
399510,0.06350255125261971
399548,0.519413938816144
399558,0.4220621107231149
399568,-0.32822967472328535
399603,-0.5897900757456586
403171,0.2482464250652394
403174,-0.12655174414326387
403175,-0.44434273760267173
403178,-0.05969830226456929
403180,0.4911128247238816
403187,-0.1212361607581892
403205,0.39770930008969374
403395,-0.5558837922718163
404194,0.00423291152725613
404222,-0.07339354816713967
404242,0.0109756563231424
404317,-0.4208161193824858
404319,0.2403330325521272
404346,-0.3977103622817969
404545,0.01704380167553632
404710,0.0768844488128588
406217,0.05441089538736056
406218,0.19162237108823615
406219,0.9391119546419378
406220,0.15596054418686944
406221,-0.03657992051327909
407243,-0.5374165756961424
407786,-0.05043521309237756
407790,-1.2943158806375672
407800,0.4411288859514572
407819,-0.03288998053522982
407821,-0.08724835776739727
407831,-0.2740387604666982
408022,0.16084346148511047
408068,-0.2784026611004004
408190,-0.1116635145553731
408193,0.213259313680082
408198,0.05523987051213425
414069,0.19631802232587509
414077,-0.04937906810298313
414084,-0.16201775880598135
414801,0.03880908232365403
414872,0.0966671892102364
415115,-0.1886833527383739
431706,-0.31119124107377094
432442,-0.16344834343103487
432467,0.33217785574674275
432478,-0.9286142142949644
432486,-0.11440757045931647
432508,0.2038959765354313
432516,0.18636980830820885
432552,-0.601490317970368
432572,0.31808676565436195
432611,0.4010297840690769
432628,-0.01846131572955718
432677,-0.651403669279909
432763,-0.4613265963318053
432779,0.6353384305782463
432839,0.3057111139121025
432879,-0.3841392937251935
432940,-0.09383524257960428
433022,-0.3113527405924899
433091,0.266454826082359
433178,-0.14161531212697664
433256,-0.04599694918518463
433292,-0.04426282854426683
433294,-0.17853583757864278
433323,-0.5948243155209828
433375,0.09055311536040996
433386,-0.5921816901228825
433470,-0.2310098803714177
433485,-0.09022884352144564
433586,0.18958552893894468
433619,0.13441310750400887
433638,0.09158772201343236
433667,0.00928926038196868
433693,-0.02095821006276385
433700,0.05585257771287501
433702,0.0185817013770059
433759,-0.08075224516506799
433766,-0.3527411866303006
433771,-0.0854206393161361
433809,-0.18150134499560663
433813,0.08866345400252866
433864,0.21775599583120725
433899,0.12575646206188568
433904,0.461785675424496
433926,0.33095613302032845
433931,-0.00238842647991756
433938,0.086429143941799
433940,-0.2340610802952368
433956,-0.03143852276592383
434008,-0.5414919837524041
434128,0.2426149985900521
434130,0.189720445204059
434156,-0.4255198715967116
434203,0.01415444374710322
434204,0.04335755257235065
434215,0.1029875208382044
434232,-0.07950996370776331
434246,0.33920923381643675
434325,-0.03666067521711862
434341,0.0377681252650115
434377,-0.9873516466117876
434402,-0.03883090585604072
434423,0.02017173784490085
434437,0.31872541177328106
434438,-0.05362930766274138
434439,0.05269292804420072
434484,-0.12544929901159602
434756,0.7874563733841935
434778,-0.6532797985130195
434784,-0.03239354837263915
434903,-0.0226553198297286
435145,-0.82975108386837
435285,-0.0766959705997485
435286,-0.3915915233051126
435391,0.15046568510094274
435528,-0.05890443850308505
435529,0.1066701849360225
435626,-0.08662001734903046
435653,-0.2897528892854059
435684,-0.2428328345267001
435811,-0.25232066582381085
435815,0.5807536290813143
435818,0.11403187107549978
435965,-0.13355235944359495
436022,0.14026587537342144
436059,0.127050210039371
436062,-0.2272325015991368
436240,0.43241049866604375
442801,0.0532835584542613
442829,0.27470065588239406
445007,-0.16507411634427008
446101,0.06733517435562122
448850,-0.4484507676302001
448987,-0.3357881503029273
449521,-0.15988324669933435
474156,-0.24781984255380576
494448,-0.16030282002126273
494468,-0.14410545965480248
494504,0.7529853711987503
497071,0.3849055661948797
497097,-0.16424496865277066
497106,-0.7522563816399933
497113,-0.2653397894829957
497652,-0.15834345757300244
503558,-0.35333388993951653
503610,-0.03832043302543003
503847,0.4335228636504373
504186,-0.678983992681658
544678,-0.13762436968602526
544696,-0.16819293560643328
544763,0.1232447434967134
544791,0.3484045566037535
544817,0.48658318131384154
544963,0.26808616314708755
544971,-0.12283666562164997
545030,0.11069196042794097
545085,0.08228565643526851
545091,-0.1850634240509591
545136,-0.3208616721439455
545156,0.31852577626594336
545192,0.1162014933864558
545260,0.27014938683210704
545276,0.0870618485849195
545279,0.1943980055066364
545291,0.7017884048839799
545370,-0.59152796807479735
545389,0.3293065773215913
545428,-0.2741050703393568
545474,0.08709395782998813
545481,0.16991030742754687
545486,0.35098471473404524
545527,-0.24702403796694425
545554,0.4309917850464175
545622,-0.06009739265960839
545667,0.2427056052631103
545798,-0.0315950318938874
545817,-0.2366981246117445
545824,0.614546994628674
545893,-0.8053665266396497
545902,1.1733538909780488
545975,0.20078496209205568
546071,-0.16852585514026025
546134,0.08828900107258354
546143,-0.09949473133039669
546144,0.46216731321906745
546336,-0.2041126784069658
546519,0.4985170127048938
546611,-0.5773471282814769
546648,0.4753160800452594
546726,0.23291499906980273
546729,0.45282185839338474
546747,0.1479413572537574
546840,0.17475043240687294
546886,0.14614014343551082
547176,1.4123921282967986
547253,0.05974248410773607
547431,0.11979939873779975
550619,-0.0580907715444259
552899,-0.22371818683084663
574402,-0.20627820903278124
574403,0.22456557982136233
574417,0.07097389745899349
574428,-0.06954086076439835
595136,-0.09771241406115912
606496,0.02491578837333642
619287,0.6495286886691234
619288,-0.3152809061164851
619289,0.29248708237514875
619301,0.06366048818428252
619310,0.10582840331708523
619331,-0.3753604919321174
619605,0.01267480001192158
619665,0.00781871732686752
620235,-0.28584102962372027
620393,-0.04337057866543245
620592,0.3028107469587979
620709,-0.1393971751889572
620779,0.4557736317158636
621080,-0.02788460570887067
621239,0.4166401161123251
621628,0.14184811439492595
621893,-0.3859841044420352
621976,0.27747768222543917
622117,-0.01137142021458291
622320,-0.1336825482199927
622404,-0.10415870944040728
622408,0.01641965774372972
622434,0.9668376981193416
622473,0.4678885374414439
622554,0.05051665103193092
622645,-0.6267146269891152
622665,0.0908013698294148
622675,-0.08583715172312559
622935,0.2505996256701212
623046,0.04193388287724334
623131,0.17056832532671598
623230,0.26727966799536756
623279,-0.20385687698189192
623474,-0.0853067267082338
623503,0.05179617917972009
623661,-0.02603608507517894
623781,-0.16173770447005617
624219,-0.2257250354882643
624224,1.090867779831283
624866,-0.04293925593075641
624910,0.6300350534278996
625098,0.44199051741897594
625249,0.04806244733949122
625286,-0.11755473168998729
625638,0.490192193462424
626359,0.7847817469538718
626596,0.01790548008526179
626834,-0.0819016503882922
626870,0.02227389678089156
627049,-0.6366883430811554
627191,0.5526640580320163
627214,-0.4564189889200296
627607,0.03583987893955959
627626,0.2010845838343716
628100,-0.13271818757156728
628779,0.15181158082360677
628813,-0.1029280809052982
628870,0.48294083122363074
629059,0.35654572063187195
629114,-0.2989341511054876
629147,0.05702482605552424
629303,0.32853747587570103
629378,0.511795231991748
629499,-0.03930738394973901
629524,0.08597080220697778
629747,-0.1823511143569519
629754,-0.5893953171061184
629761,-0.12420540344262068
629873,0.10016493679755184
630146,-0.1171266357384622
631304,0.6957638369042254
631584,0.104029286232506
631784,0.43731604044568306
631797,0.5855915639400612
632126,1.22809904782868
632687,0.46501646801477214
632778,0.35840105388983157
632971,-0.5431761064895058
633285,-0.0651764886769235
633640,0.4447204166918075
633979,0.00232002571842354
634731,-0.06571869301516092
635169,0.13069572446359015
635253,-0.2045183915484597
636104,0.18599757569158645
636808,-0.30101548066563955
636931,0.00758394582281191
639634,0.44674835733988993
640524,0.8691515273750319
640543,0.42632341220152
641340,-0.1891113220644968
641376,0.16448549855143108
654459,0.07872882481631877
654460,0.5300539603642769
654470,0.0086809397099514
654498,0.3448027290898785
654795,-0.1527539650330789
654801,-0.7102012786349204
654812,-0.2538000090825143
654818,0.02520387421037952
654821,-0.2199156175520927
654824,-0.2560784623299134
664799,0.2665424043837586
664805,-0.3949111981712573
664883,0.41471362543654633
664968,-0.5104837991003487
664994,0.7512564366022054
665033,0.3731590192098356
665113,0.38537539618282646
665119,0.27190254368220534
665180,0.4428152763970032
665270,-0.4920120881921325
665525,-0.26846038410446527
665563,-0.11256437741937098
665574,0.3926128932295345
665775,-0.00460843590956954
666048,0.03343320920231492
666060,0.3915498616444792
666173,-0.13265095912948274
666279,0.07728578884390148
666311,0.6941933557091557
666339,0.06168486425452119
666468,0.5886719858703329
666528,0.2045229170979569
666794,0.4635481690052776
666938,0.21569708009239744
667118,0.00272355359425599
667663,0.23607771392808796
667742,-0.26336448927668
667772,-0.14670441733022344
668110,0.15003782534446564
668158,0.05683113324473145
668166,-0.362491152828897
668173,-0.12183986226963864
668212,0.2275326688711324
668257,-0.21187386563614105
668303,1.3838813033695598
668433,-0.09533928255727252
668501,-0.15568033346177954
668929,0.05056125112134632
668940,0.3535310056616947
671232,0.3048551502317055
671535,-0.08949399389156627
671564,0.833857751753344
675812,0.08964596103610778
677296,0.4027638430589785
692132,0.5189878248867182
751865,-0.03698283903739773
791260,-0.33547896768564556
100009600,-0.03752220994633837
100037258,0.11720879209181508
100037278,-0.1491690882560635
100038347,0.1140615001863408
100038417,0.3035369524163985
100038725,0.5194860961870789
100038882,0.1863878364809793
100039139,0.24757477786576887
100039596,-0.3703580494211745
100039672,0.11127837965279552
100039781,-0.5084340682031644
100039795,0.32640852107291773
100039801,0.3017225377223065
100039968,-0.11107278018137044
100040591,-0.23992945593501255
100040608,-0.6029629340825817
100040766,0.4350234653184568
100040972,0.8402590737576208
100041096,0.15112234905443117
100041581,-0.05901558626035427
100042150,-0.089153428982828
100042450,-0.7368729361060455
100042480,0.10214003516605284
100043057,0.27294785827622864
100043254,-0.12895467995018595
100043314,-0.24656966770139285
100043332,-0.06135034045655257
100043474,0.11287005087058624
100043597,0.32941815461325485
100043757,0.16132958946539366
100043861,0.32489416542588506
100043899,-0.03701622131568849
100045792,-0.09058321438283752
100048534,0.1428761881725409
100048658,-0.5039465691843307
100073351,-0.1636699531133432
100113398,-0.19688156779644833
100126824,-0.39274231616107935
100216474,-0.26387856697868095
100233175,-0.12743776052196154
100233207,-0.0869484577227385
100416706,-0.4805830272690904
100502698,-0.07833587849934373
100502841,-0.05564617028858786
100502861,0.17017136036952418
100502876,0.7738681862496667
100503041,0.3746883736139175
100503185,0.29906383629240785
100503311,0.35496827704232237
100503361,0.893349558759752
100503572,-0.02045738832609919
100503879,0.26605386648074686
100503884,0.08620467454711733
100503991,0.10276169524364624
100504156,0.31372150633872725
100504164,0.30040372964303347
100504183,-0.3319126689784299
100504234,0.0529753882808207
100504285,0.7230323876785191
100504446,0.8068952879811291
100504491,0.2913774124095764
100504518,0.4587857382365923
100504608,0.04375138631841305
100504663,-0.02498894512749115
100504689,-0.6139936400150274
100505386,-0.0973702274457164
