MM.Entrez,EffectSize
11298,0.2876766780183745
11302,0.03625959627380537
11303,0.01065987464215803
11304,0.03752203650320711
11305,0.05136574101915382
11306,0.18576706015813985
11307,-0.03277961779445049
11308,0.07251096978110415
11350,0.06169085329725537
11352,-0.02754629602171344
11363,0.33646658235683613
11364,-0.01034189732210087
11370,-0.05715455753743236
11409,0.30665436217195824
11416,0.0928213552987688
11419,0.2052059529748669
11421,0.2335525271859596
11423,0.7482215984324028
11428,-0.3457672245911072
11429,0.06062399544408313
11430,-0.05164327425829563
11431,-0.05740767611254985
11432,-0.02217378993338104
11433,-0.10448046541272582
11434,0.07535501989820745
11435,-0.24046069383040397
11438,0.264599316067744
11440,0.07440813032851065
11441,-0.5485085569610666
11443,-0.16443349410835945
11444,-0.1040077110575047
11447,0.5636342850097313
11448,-0.06149526551392569
11449,0.6569636446217353
11450,-0.5691856219516864
11464,0.31856701783427266
11465,0.11328347842927264
11468,-0.278075999211152
11470,0.980512064850039
11471,0.3567866822008549
11472,0.05220991309149013
11475,-0.10829325366774208
11477,-0.20889169000923397
11479,0.03264044543808216
11480,-0.43298555999088384
11481,0.5006551228717805
11482,-0.19774864107718615
11484,0.03756439555344501
11486,-0.16171433206465494
11487,0.04427417472735347
11488,-0.09832556481812318
11489,0.11735802816076946
11490,-5.43194046099621e-4
11491,-0.237469326076226
11492,0.29907009765265496
11495,-0.22878024815569667
11496,0.03985638223516968
11500,-0.7742482820938046
11501,0.03413738267765263
11502,-0.09937964519946296
11504,-0.2063165584858942
11513,-0.00381029249389759
11514,0.20379220780811863
11515,0.46290002817820664
11516,0.01324340832705138
11517,0.27537711071154697
11518,0.01158228786910431
11519,0.11822457171699234
11520,-0.03996265469517926
11522,0.23938007044048032
11529,0.2866601045385346
11532,-0.6674683022212909
11534,0.0124177187320289
11535,0.02536301204118267
11536,0.610275022627133
11537,-1.062869621608321
11538,-0.0197718906448085
11539,-0.7183401904864107
11540,0.35119154659418117
11541,-0.27119898484174887
11542,-0.15033389231416158
11545,0.03225014809337549
11546,-0.0607880111373814
11548,0.06178500395757533
11549,0.2617726900943684
11550,0.1504144408316284
11551,-0.18542104873165055
11552,-0.47163839673087127
11553,0.2568790489324575
11554,-0.32622388824041315
11555,-0.11573209292258645
11556,0.6835957114077342
11564,-0.08079885271783249
11565,0.03977308009213602
11566,0.24555089260246077
11567,0.0513932938624477
11568,-1.316506963732006
11569,0.15086207164148388
11571,-0.3848374287438774
11576,-0.22700115129795548
11593,-0.2069179078066053
11596,0.14674015814002078
11600,0.12030236664638616
11601,-0.4487808994289642
11602,0.2862132976708403
11603,-0.09408366334660924
11604,0.15973956043476048
11605,-0.06329557749683606
11607,0.01984544734765333
11609,-0.5502008692682308
11610,0.396362707528313
11614,0.22145076273557068
11622,0.00114550005814239
11624,-0.6829849855544698
11625,-0.09839711259841603
11628,0.21663648520542572
11629,-0.11040579267275898
11630,0.01510265237318432
11632,-0.03032222334260297
11634,0.3021286047515071
11636,0.17990764037604784
11637,-0.08577244877353275
11639,1.4323149934893027
11640,-0.32707852430989237
11642,-0.18248302138343203
11643,0.3180546655757949
11648,0.3383703981370563
11650,0.3536884754739364
11651,-0.05483450248337217
11652,-0.03354190110913615
11655,0.4748738811952925
11656,0.02854989378809174
11657,0.0924164998767565
11658,0.2606377542170084
11666,0.01806991704457906
11668,0.07706862504637613
11669,0.08316334705926125
11670,-0.15778340945997904
11671,0.12763807204577338
11674,0.07937779036575941
11676,-0.09188315060701954
11677,0.01762225780418505
11682,0.2420877584029937
11684,0.1616015877004195
11686,0.13199239061788817
11687,0.17902017505140344
11688,-0.17673870824248616
11689,0.05078944645249616
11692,-0.1853136649951499
11694,0.5212011460490544
11698,-0.3484822961376292
11699,0.7133714602342345
11704,-0.24898378089882217
11705,0.4598292037981064
11717,0.7750579372535553
11720,0.2860387697947627
11727,0.05185859976466571
11732,0.0976396752194292
11733,0.18483803583489253
11735,0.238025122443324
11736,0.3951956501335618
11737,-0.3207480500221106
11739,-0.13505225486042055
11744,0.1382820303121748
11745,0.2946682933371046
11746,0.05616578542101119
11747,0.16188352232129383
11749,0.06141405636920188
11750,-0.20407297948004155
11754,-0.13265822828834137
11757,0.05890701605647314
11758,0.04957826637605517
11761,-0.1094674877920773
11764,-0.02726453460871777
11765,0.11625452982732512
11767,-0.00288182905968088
11768,-0.06220644328599306
11769,-0.13651114827192598
11770,-0.3685361510430776
11771,0.01541621928096029
11772,0.22613622185103063
11773,0.05680856037502577
11774,0.04865197801507495
11775,-0.23165152830928207
11776,0.1592048946854717
11777,0.00289931503089276
11778,0.02122148589327511
11781,0.1766930868018468
11782,0.0727373755398124
11783,-0.03965002961912446
11784,0.2902670424557525
11787,0.10426639938787352
11789,-0.0891458220983121
11790,-0.03298802041811514
11792,-0.08706423364813731
11793,-0.1252827405102635
11796,0.05894765793590968
11797,-0.1274413696355285
11798,-0.10731999783785984
11799,-0.06781320425867168
11801,-0.23337925911616095
11803,0.2882925148604938
11804,0.09517827218556528
11806,-0.11113524456491453
11807,-0.0768806764251021
11810,-0.04548962447906796
11811,2.1832514506924103
11812,-0.1746072031190155
11814,0.13863096349485157
11815,-0.1397824753289631
11816,0.05052248431549284
11818,-0.02140788757925529
11819,-0.4986374125836653
11820,-0.05707560395043802
11826,0.00180605045873986
11827,0.21969605999030517
11828,0.2626308590849287
11829,-0.01635504124679971
11830,0.05942798221955699
11831,0.7683348491829882
11832,0.3295809686014515
11833,-0.13087202605609197
11834,0.07706432297145159
11835,0.37208477253451006
11836,-0.02033340618646641
11837,-0.03614377855362529
11838,-0.4395128180839308
11841,-0.04196311095862585
11842,0.06055150434077985
11843,0.06815719718591748
11844,-0.02113100580574611
11845,-0.04496013955281072
11846,0.184387950593864
11847,-0.2537584784370527
11848,0.1147691767474505
11852,0.07267442246208228
11853,0.05007143086266853
11855,0.4853640346660328
11856,0.06227736734872419
11857,-0.02871990725126245
11858,-0.23906577136768692
11859,-0.4792714242912964
11861,-0.0393547767987195
11863,0.07828658599139883
11864,0.35095008717950577
11865,-0.03342981994767596
11867,-0.00790656668434574
11870,-0.46111597811877153
11875,0.6932064295461762
11876,0.4016329297036171
11877,-0.05481642131968883
11878,-1.1782187201761207
11881,-0.20718530353023884
11883,0.13055514972139884
11886,-0.03487350693823822
11889,-0.5824944037208708
11890,0.34034315810432825
11891,0.1809827190394159
11898,0.21138776927800493
11905,-0.3842476686504386
11906,-0.11090581993088194
11907,0.02043312209671713
11909,-0.13374490135784228
11910,-0.0806836155865005
11911,-0.02213702291168672
11920,0.2518656232171436
11921,-1.352653827043317
11922,-0.01481041846466857
11923,-0.489620682235175
11924,0.00572690122676483
11925,0.15855016839408623
11927,0.04784856619255764
11928,-0.07549495454444692
11931,0.03189906949778318
11932,-0.7149005250495676
11933,-0.05823162756352396
11936,-0.37442832855740255
11937,-0.36918222682951973
11938,-0.01519661321446352
11941,-0.15500182795158485
11944,0.7796265013611652
11945,-0.2257070937056299
11946,-0.00406972955759811
11947,-0.00165160156153251
11950,-0.08730178729413604
11951,-0.02507053441722572
11957,0.5144639266124497
11958,-0.03625839042757089
11964,0.16535115348383242
11966,-0.15674794225891017
11972,0.03601929655326509
11973,0.02514904552097708
11974,-0.05454961071116719
11975,0.03028260233866226
11977,0.23219088339364383
11979,0.4578838624129328
11980,-0.16259841370321548
11981,0.5171416187884933
11983,0.01925570878673072
11984,0.08038460659291098
11987,0.05304210131398616
11988,0.05798906535596485
11989,-0.5285915238719121
11990,-0.21460001145004537
11991,-0.01002990289315401
11992,-0.06960581453208986
11993,-0.060990751261926227
11998,1.1449789887881627
12000,0.16315364148893208
12005,0.1450344729237928
12006,-0.4498448619013573
12009,0.29251744276309033
12010,0.00996932698758674
12012,0.16185791981762
12014,0.0117408384332907
12015,-0.08954105690423989
12017,-0.01304598637378187
12020,0.3710142877202637
12021,-0.20220811436355335
12022,0.12182772095864486
12023,0.39755226119670606
12028,-0.12907297802543335
12029,0.03911290237330419
12032,0.34738172521056243
12033,-0.2040229795441116
12034,-0.01812043483013758
12035,0.02472066061732474
12036,0.18520571406946143
12038,0.1535474600284892
12039,-0.04809283531919929
12040,-0.07180993939436357
12041,0.1521415327010917
12042,0.01625289931303376
12043,0.1227895191999645
12048,0.01099925928238244
12049,-0.34938698414251157
12051,-0.1259932307939839
12053,-0.02352993553087216
12054,-0.19497764266456763
12055,-0.02139384864826713
12057,-0.05845606235587289
12061,0.9060022844041926
12062,-0.27205091673081766
12064,-0.35354261902349193
12068,0.06789450839317551
12069,-0.19584121135513877
12070,0.07160463110229243
12075,0.38816885661677025
12091,-0.02331925073231391
12111,0.6522393421947743
12116,0.2858119541479029
12121,-0.05977114256789873
12122,-0.00450244695024416
12123,-0.03101153688290658
12124,0.00441432698297393
12125,0.3814807388526548
12140,0.1795058091879383
12142,-0.3504751559051025
12143,-0.08740225624255635
12144,0.2792116149246637
12145,-0.00795757446736496
12151,-0.11158353823688937
12153,0.5788615639385535
12154,0.1649439887353103
12155,-0.14515846201564217
12156,0.12340283180567
12159,-0.01334943896539103
12160,-0.4739460205086532
12161,-0.4217373190059106
12162,-0.3428774795863714
12163,0.19523713992572383
12166,0.3043664068629345
12167,0.2257527553528186
12168,-0.03587885796091172
12169,-0.00657489208514641
12173,0.16077292538145843
12175,-0.03198935799252444
12176,-0.07406644380680923
12180,0.17520072431716854
12181,0.03522232882005459
12182,-0.12664402560232874
12183,0.0579039503913499
12190,-0.32304864976558106
12192,-0.01662864524810942
12193,0.0206336198192203
12209,0.11097630856951328
12211,0.01278754854680061
12212,0.4904962133072107
12215,0.00237731082078864
12217,0.08710496647381723
12223,0.07417701973981089
12224,0.6791213623714278
12226,-0.00231543575593472
12227,0.08277951119808247
12228,-0.01707624124152495
12229,0.19383009571505644
12231,-0.05850575640544713
12234,0.22136763003684043
12235,-0.23617249035872695
12236,-0.0105773995432378
12237,0.01378192584289833
12238,-0.04755252967799885
12257,-0.01653676992959789
12258,0.7062520141924825
12259,0.3950488767535622
12260,0.32648930586780756
12261,-0.09323357479194076
12262,-0.30345149338000993
12263,-0.03236416138351641
12265,-0.5649185189766508
12266,0.318148149630676
12267,0.525436050813074
12273,0.5698176299400064
12274,0.2688457301689952
12279,1.0054596243698006
12282,0.3570411734477207
12283,0.08411619101505448
12286,-0.19857066119665964
12287,-0.30219985860857557
12288,-0.2220129533192373
12289,-0.01597892245398648
12290,0.04706478500347554
12291,0.2416477493206783
12292,0.09736008288554462
12293,0.670829012656291
12294,-0.03530274820515496
12295,0.1659600052310367
12296,0.0465213263855002
12298,0.03332547266378033
12299,-0.4610468033091273
12300,-0.15163839803546592
12301,-0.092617363839004
12304,0.2444776647081893
12305,-0.5035945203678103
12306,0.03855310192021169
12307,-0.00705529264356424
12308,-0.676982956721638
12309,0.31996064413788555
12310,0.29140681774734195
12311,0.41988095100712114
12316,-0.15539035678863353
12317,0.1487073338044269
12319,-0.6354063497056897
12321,-0.15347611101538347
12322,0.07615288694477007
12325,-0.06623890780966041
12326,-0.08500427254859066
12328,-0.08112003672003623
12330,0.0456465812028556
12331,0.10246168223820867
12332,0.06865514039989214
12334,0.1880724892739173
12335,0.13333848738362247
12336,0.06555068108191732
12337,0.3020227329158137
12338,-0.31911285616370466
12339,0.09173518799346468
12340,-0.03834836213024364
12343,0.07047005935518191
12344,-0.03504589551691163
12345,0.11769546866612976
12346,-0.05939834881494474
12348,0.6577004526578296
12349,0.04335773353073991
12350,-1.5046080082668314
12351,-0.16988870230738418
12352,-0.08358727381270527
12353,-0.4903869626542632
12354,0.14358590085792575
12355,-0.39806449952308626
12359,0.07937719600190972
12361,0.03977695456777679
12362,0.09281161876018214
12363,-0.11302695012794328
12364,-0.17899439670169215
12365,-0.297552476440458
12366,-0.06360409770855957
12367,0.17662902510425194
12368,-0.05014405682862581
12369,0.1999574790963423
12370,-0.02214912916890239
12371,0.05499370459325932
12374,-0.06775060710811343
12380,0.0923562004387284
12385,0.12314416696255694
12386,-0.3857686758653802
12387,-0.09062858409294784
12388,0.38823085866828655
12389,-0.791071808761808
12391,0.4667728042854932
12393,0.613473749229754
12394,0.12093669464545732
12395,0.3228433671961651
12396,-0.02072587408677124
12398,0.2104173324561132
12399,-0.28821233846377226
12400,-0.15155824290082934
12401,-0.4121782131393807
12402,0.23775476579644603
12404,-0.1495673423524419
12405,0.14980226971954874
12408,0.03975429824721518
12411,-0.1361550604856331
12412,0.06109787363905305
12416,0.17215264121179052
12418,0.019037866296843
12419,0.2274940066761516
12421,-0.23178250491398977
12424,-1.2055325639571906
12425,-0.40006385461007327
12426,0.15780189643290438
12428,0.04349397772605753
12443,-0.10132836281397876
12444,0.06611159215267874
12445,0.03216208580682294
12447,0.07972173485189712
12448,-0.05379893942291208
12449,0.21328872927623788
12450,-0.08982404514085218
12452,-0.09330651177974209
12453,-6.634348710541915e-4
12454,0.11006224869892868
12455,0.32488603038558134
12457,-0.01445846900271648
12458,0.1029482019994434
12460,-0.07048964379623088
12461,-0.02034535866449988
12462,0.07426658966035335
12464,-0.07807348249326752
12465,0.00915560154319686
12466,0.32412892212794
12467,-0.07519123887878373
12468,-0.0251154658876089
12469,0.04234402564197703
12475,0.7202468568101945
12476,-0.0808427271735156
12477,0.6662050023043447
12478,-0.0457647566607905
12479,0.09048548514529058
12481,-0.05161882887070215
12482,-0.0292332391201128
12483,0.00742173689524578
12487,-0.1314273864797805
12488,-0.00311211093048179
12490,-0.2554565894377037
12491,0.1694455396990518
12492,0.03422333539791148
12493,0.04966388124058464
12494,0.15045783707283392
12495,-0.02382305907867919
12496,-0.4312226706749481
12497,-0.21466156636850564
12499,-0.0579235580850167
12500,-7.551217410715298e-5
12501,0.00627252023964267
12502,-0.10589606198131336
12503,-0.34426671050653257
12504,-0.00350074170864772
12505,0.13174026785717458
12506,-0.09274292246570452
12507,-0.08000418881811758
12508,-0.05856403446643551
12511,-0.08100123351020674
12512,-0.05832367724968618
12514,0.04574855398201823
12516,-0.04380732815455673
12517,-0.15703680734081923
12518,0.2624320865170302
12519,0.2832299730846495
12520,0.12028217976967136
12521,-0.01592248651624699
12522,-0.07478140436604008
12523,0.07801253204431302
12524,-0.16806347523516252
12525,-0.11073721206765393
12527,0.12547611775080875
12531,0.03194691768073593
12532,-0.00877255192213721
12534,-0.28006599599313997
12539,0.00661956166232934
12540,0.04758777573059951
12544,-0.3872688925966114
12545,-0.3688109437163204
12549,0.352614215989973
12550,0.00603399466192839
12552,0.20543808464738697
12554,0.3787433976318815
12555,0.6191253972098635
12556,0.01867324285662457
12557,-0.2596316473092665
12558,-0.29271002646676225
12560,-0.3267833788702569
12561,-0.9897074087382058
12562,0.33657116413434446
12563,0.7597865473213559
12564,0.1848996634484854
12565,0.02284674859965817
12566,0.48209087492066793
12567,-0.01272372333882267
12568,-0.06877178566595397
12569,-0.0225790096659067
12570,0.9966758509475606
12571,1.7261125772488402
12572,0.1120181890091152
12575,0.5587471768150456
12576,-0.104608187511442
12577,0.01467802104044221
12578,-0.03633928164749167
12579,0.4398531641166638
12580,-0.03020364318543534
12581,-0.08842820985384028
12583,-0.32132906275177514
12585,0.04974336609667085
12587,0.303558027123222
12589,-0.493927016819001
12590,-0.09280219059059766
12591,0.5973792864214962
12592,0.03455856639776712
12593,0.03820217090926296
12606,0.11708139932870763
12607,0.13355402351782308
12608,0.06946814872374225
12611,-0.138285573371111
12613,0.06010050761458629
12614,0.15048988188861212
12615,-0.2018755014437743
12616,0.3026697003854295
12617,0.00887807648854482
12622,-0.3934629275533214
12623,-0.3457855527015334
12626,-0.2416539105431488
12628,0.1118516184312619
12630,-0.383632358591931
12631,-0.04698922972784929
12632,-0.04909660156965259
12633,-0.02744911902007047
12638,0.0901654638920726
12640,0.5611736516672509
12642,-0.2820062117454773
12643,0.17415027177652492
12647,-0.9740581752213648
12648,0.411055217172583
12649,0.1357192722190671
12651,-0.0479801719157437
12652,-0.08031095217468417
12653,-0.041318938801171
12654,0.17749976038537302
12659,-0.0123161983511706
12660,-0.13548009937795835
12661,-0.05286614132674099
12662,-0.2659574351054448
12663,-0.23042466975116693
12667,0.5773715042447018
12669,0.40172162073119433
12671,-0.12311293924980776
12672,-0.5953855373342536
12675,-0.02764690358566449
12677,-0.12982580429427715
12683,-0.641746663564867
12684,0.601507899180813
12686,0.01363465994470605
12695,0.12447085170884054
12696,-0.05894810903131022
12700,0.22420782110598184
12702,-0.05783307494336624
12703,-0.0580291401222064
12704,0.8345674905787351
12705,-0.5930006700350502
12709,0.09211452803885033
12715,-0.15913752141585852
12721,-0.03513669915086431
12723,0.19019290962706065
12724,0.0531504380749033
12725,0.08928482980505556
12727,-0.01227213108420809
12728,0.8262732689005146
12729,0.00797641077197334
12733,1.0888816381240094
12737,1.3068129893716962
12738,-0.28475104992928907
12740,0.4385693534620459
12741,-0.20039695621159703
12747,-0.14638629013832716
12748,0.07438186590452778
12750,-0.12624790889590734
12751,0.15336206844048553
12752,0.06158625779415449
12753,0.3475691149514845
12757,0.02460933188658086
12764,0.02466700470560336
12765,0.12157797084148173
12766,0.05436369935543515
12767,-0.18903968116108277
12768,0.00114124803722147
12769,-0.17241440457422855
12771,-0.1425619525433559
12773,-0.08316611578551683
12774,-0.06985562630568942
12775,-0.02293762162225596
12776,-0.04735589985418458
12777,-0.1035736220645979
12778,-0.6964277827263302
12780,0.10347513201045493
12785,0.01086644688222638
12788,-0.2801788245560874
12789,0.0242546794659966
12790,-0.12740974907221037
12793,-0.01913067980822658
12794,-0.4542130018069254
12795,-0.06624035602908744
12796,0.28798681345433386
12797,-0.0407176342756691
12798,0.06029386695606891
12799,0.10333904165901932
12801,-0.2503474837151462
12802,-0.21665087680421413
12803,-0.10843774160529608
12804,-0.156175743353067
12805,-0.2210493880897762
12807,0.04589990605499611
12808,0.4243771989163905
12810,-0.21273330788016015
12812,-0.42068787028254906
12813,-0.35589372447312934
12814,-0.8003238263370389
12815,-0.4203921441263612
12816,0.29624967872376406
12817,0.2147969574768917
12818,0.3964588675126943
12819,0.5920122988536523
12821,-0.4207067515836139
12822,-0.2911088593122554
12823,-0.17191455903767422
12824,-1.4650781523253928
12825,0.26229561212486774
12826,-0.21335967503845657
12827,-0.7679182716274796
12828,-0.16059633007188376
12829,-0.2891772430086556
12830,-0.1720626098669979
12831,0.4096206969797065
12832,-0.48898405058197575
12833,-0.6330009142661317
12834,0.8441062434647677
12835,-1.016268998786146
12836,0.2614230714949053
12837,0.3301236903061161
12839,0.2556489546717995
12840,-0.267389078809379
12841,0.02276398328880595
12842,-1.3049598631707255
12843,0.00129720418547996
12845,0.14651946732226934
12846,-0.14927018694338673
12847,0.07890859325213381
12848,-0.17688699401396513
12850,0.02104676043478117
12854,0.01489514711586561
12856,-0.1655708395623726
12857,0.05610017026252636
12859,-0.07943514893187127
12861,0.02059215824899863
12862,0.01920569315169956
12865,0.2125648681903813
12866,-0.0340869265692476
12867,-0.20698488046853064
12868,0.00160988414376699
12870,-0.1445892476606217
12873,-0.16965431188410063
12874,0.35552382879379996
12876,-0.4357504758410399
12877,0.09951612142877116
12879,-0.14450287696936945
12889,0.4345208533579853
12890,0.04978827350926793
12891,-0.8879971213824012
12892,-0.2020359748732295
12894,0.09633873649479512
12895,0.27125902359091913
12896,-0.01088389177622689
12902,0.08036366788190637
12903,0.407468623336548
12904,-0.07893932817392116
12905,-0.11693494438569088
12908,0.3240170328868751
12909,-0.00845169235972555
12912,0.20606900967032735
12913,0.11584136331260228
12914,-0.00395793761403145
12915,-0.10343473860797708
12916,-0.03146028686690595
12918,-0.7348336639940514
12921,0.14560587120419705
12922,0.5702392127257587
12925,0.06499570198531955
12927,-0.10967390769336292
12928,0.02365294554192591
12929,0.24534515106304017
12931,-0.3437705520601753
12933,-0.12236651746599651
12934,-0.04458557244236595
12936,0.22233985286352737
12944,-1.0826315394148032
12945,-0.4190096413344791
12951,0.3200678908096093
12952,-0.08625703197254832
12953,-0.23627712092295333
12954,-0.12919798891432008
12955,0.2775112844219044
12957,-0.23905705203005276
12958,-0.03637353564073022
12959,-0.23827693630247948
12960,-0.28289320058213224
12961,-0.2999351752617513
12962,0.1693263634550616
12964,0.4605814079922118
12966,-0.4113153035704298
12967,0.4469833776045013
12970,0.4010764959820322
12971,0.42405335773745523
12974,0.06564672988877368
12977,0.39884533575659953
12978,-0.02133845914442091
12982,0.08013633549611293
12985,0.2067173920864291
12986,0.1120627002820226
12988,-0.07890608863109927
12991,0.8901334022349692
12994,0.5015053659103523
12995,0.07928470092249043
13000,0.22147113159822016
13001,-0.11197294130967812
13002,-0.0191816701809451
13003,0.2669349134907384
13004,-0.14659364614231474
13006,-0.00657330647579901
13007,0.02551559583963908
13008,-0.14285733880143325
13009,-0.14506426322827018
13010,-0.02106534207514492
13011,0.11263832291492323
13012,0.12298031672658166
13013,0.24749727425896037
13014,-0.08178809160355993
13016,-0.06191427031391856
13017,0.3962329522848794
13019,-0.1803363287246939
13026,0.00264790237306176
13030,0.08258983580638406
13032,0.10497631663290696
13033,0.10417188138412732
13034,-0.00729963706984081
13035,0.16032475223787002
13036,0.03586600329861168
13038,-0.08662444212922185
13039,-0.1415291428820959
13040,0.01595163690203023
13041,0.09379098510443576
13043,0.25064200456772023
13046,0.04948488103077567
13047,0.15552652367009434
13048,-0.08423690657737806
13051,0.11580906207627537
13052,-0.17843753016095848
13056,-0.39470802029439306
13057,0.0083586085935485
13058,0.2552388506589297
13070,-0.02277619136641643
13072,0.04843757049953702
13074,0.11979523333183847
13075,0.49954612354223304
13076,-0.7834703869471518
13077,0.5390819789050217
13078,0.021706587772561
13079,0.3762315642290115
13081,0.06893723468012679
13082,0.258810053669357
13088,0.1553645809402476
13106,0.35152346349485286
13107,-0.02518418583281534
13110,-0.07630450664787548
13115,0.21230720048813703
13116,0.27909576971015665
13120,-0.43140358303802256
13121,-0.2693311967105239
13122,0.31082335463224003
13123,-0.2741646159537159
13124,-1.0108832602409925
13131,-0.07272872529923988
13132,-0.2827320082259006
13134,0.5808575829825791
13135,-0.03125767834061301
13138,0.00614971032955181
13139,-0.00298222369360137
13142,-0.7047611751318715
13144,0.10991981617497526
13162,0.4980735442919998
13163,0.01804439589758923
13166,0.34265427103175566
13167,-0.0462629000329699
13169,-0.0660235574459854
13170,-0.13228783417923862
13171,0.366672757566012
13172,-1.00112005367462
13175,0.7419773658304952
13176,0.29147762456047754
13177,0.02940272717201647
13178,-0.45217666094441766
13179,-0.6999517926845822
13180,0.4826431480780077
13185,0.0073195849900869504
13190,-0.43013079101852064
13191,0.08834830004754043
13193,-0.06783395418730181
13194,-0.02946132251489175
13195,-0.34851982861311553
13196,0.18869342065996453
13197,-0.00283717634817042
13198,0.11980399761334588
13199,-0.1563236370089408
13202,-0.00185652012799916
13204,0.08082004939242235
13205,-0.16183970636629394
13206,-0.25353688316585843
13207,0.00181096426734834
13209,0.18873850814494825
13244,-0.02728857702271618
13340,0.22797307555634533
13346,0.04075028075868552
13347,-0.11140822376533228
13349,0.07872648463132141
13350,-0.21466363880463923
13353,-0.23275855931803263
13356,0.06862273842626584
13358,0.25049743576724454
13360,-0.08465163040627549
13361,0.10558274744493344
13363,0.0284639505998093
13367,0.03665339877659146
13368,-0.7356763953866046
13370,0.2194270891371332
13371,0.10082953149261344
13380,1.124564185158673
13382,-0.03642045707998627
13383,0.20717461901985135
13384,-0.01590496506803679
13385,0.05445217155590988
13386,0.4552476683929936
13388,-0.49352191717562793
13389,-0.26289175751502686
13390,-0.3921508347629375
13392,0.42333831577243425
13394,0.0446832133006723
13395,0.16984849724283602
13396,0.38270771393629816
13400,0.6417988057095119
13401,0.15288330071563722
13404,-0.12787350234971503
13405,-0.090761562235852
13409,-0.3886861211949724
13411,-0.03296749034518052
13417,0.00180284450985961
13418,-0.02226040192009145
13419,0.09758836536029886
13421,-0.32768390416846627
13423,-0.08116240038755469
13424,0.07142928860932618
13426,-0.3478462581309437
13427,0.02555684297335043
13429,-0.3218358519827954
13430,-0.02149023031562522
13433,0.24456502424997065
13434,-0.3022286464287143
13435,0.10411559261337784
13436,-0.00281394475664653
13437,-0.03102371062685365
13445,-0.05792106395313765
13446,0.6562590909474033
13447,-0.07887203551896588
13448,-0.04185666324963918
13449,-0.02152447924206577
13476,-0.02945488105203048
13478,0.04689282534229658
13480,0.04765381332644913
13481,-0.07449439397356353
13482,0.04435669914412693
13483,0.798662368445497
13486,0.03568685976639214
13487,-0.02518018638445521
13488,-0.12174474244397485
13489,0.4048089671663288
13490,-0.05286843951114479
13491,0.3874244806004751
13492,-0.38079351649885473
13494,0.05404840422006901
13495,8.439936388868335e-4
13496,0.01106114122759895
13497,0.15587808350100874
13498,0.2802587657069295
13505,0.18656929783852597
13506,0.3924682076264474
13507,0.3641295866190848
13508,-0.744410803825833
13511,-0.5080765613645041
13512,0.662182351874895
13516,-0.3952756750826084
13521,-0.4433061964420817
13522,-0.20670309535050935
13527,0.3846558852455316
13528,0.073853245432144915
13537,-0.1688866240032921
13542,-0.14061706139036706
13543,0.13372735257562812
13544,0.19607207149355707
13548,0.18974441829200245
13549,-0.06316006321230012
13555,-0.05694766988095959
13557,0.1655950284966584
13559,0.10250870868510856
13560,-0.17803276673540136
13589,-0.02774772088602592
13591,0.10916944870723476
13592,-0.08577120582761785
13593,-0.15602661545984173
13595,-0.11116721043471794
13599,-1.219954747594164
13601,0.1705900042342865
13602,-0.26747800736065447
13603,-0.29630552407386285
13605,-0.39706299615292406
13607,0.04892936835502653
13608,0.21648846922553316
13609,0.02627626900025419
13610,0.27854699432227625
13611,-0.12882790533897126
13612,0.1061007643517663
13614,-0.01601552409183586
13615,0.35968745596163987
13616,0.20967681386769155
13617,-0.3474645308573962
13618,0.2340316068293855
13619,0.297080916327542
13626,-0.05519711173467817
13628,0.2006436480693868
13629,0.02222833985139089
13631,0.24987233651279703
13636,-0.8746519671635467
13637,-0.21831880934651943
13638,0.9022399240262092
13639,0.06011030014142977
13640,0.5348409800023894
13641,-0.03220936868478759
13642,0.598565977388685
13643,0.4218703103932496
13644,0.32348463998202376
13645,0.03280310751313463
13649,0.3951903412522894
13650,0.13595792486816669
13653,0.01013197334853653
13654,-0.35957565739930664
13655,0.7736845084069579
13656,-0.140959792870012
13660,-0.00644495632396296
13661,0.5841387830641325
13663,0.00964663320676472
13664,-0.00630108938367179
13665,-0.05099675949441647
13666,-0.14799706215987474
13667,-0.01263023373632265
13669,0.06460699880470452
13680,-0.05654989897046496
13681,-0.1354357696374064
13682,-0.06496688584767588
13684,-0.11817472837781676
13685,0.09730882376641714
13688,0.06990038730714776
13706,0.3080707601797623
13709,-0.10703463749270116
13710,0.1266070923630074
13711,-0.6465480200666184
13712,0.5673884325226628
13713,-0.08340194832002326
13714,0.21360907275947244
13716,-0.02781482113536488
13717,0.5258833002990055
13722,-0.12812570169294665
13723,0.01904794671573054
13726,0.01013440212175329
13728,0.3296194956793715
13730,-0.5021921000359659
13731,-0.04360734078567951
13732,-0.00603740032146139
13733,0.06030384054743222
13796,0.05073438761382321
13797,-0.4144201370203669
13801,0.22196980011631623
13803,0.17570541689237087
13804,0.03217244129357356
13805,0.1989387538226993
13807,-0.11417927394591848
13808,-0.03723911296009986
13809,0.22417962966911095
13813,0.07981181966472461
13819,-0.05777941138329433
13821,-0.1456822532188452
13822,0.4734017847323234
13823,0.3899642230289606
13824,-0.00843150621256447
13828,0.00649871148586028
13829,-0.11892016620201316
13830,0.19132943905088512
13831,0.04625537847001116
13835,-0.2912685874786896
13836,-0.5866354707511263
13837,-0.49542297998206813
13838,-0.02224640305769323
13839,-0.06744000453749653
13840,0.6733993649020245
13841,0.21382541505318545
13842,0.6335496834151956
13844,0.32263612091581206
13845,-0.07363950185969571
13846,-0.6257674103817042
13848,-0.11536159112018136
13849,-0.09279255881435952
13850,-0.6656323973767727
13852,-0.02343793602093126
13853,0.8566505039126865
13854,-0.02704517202184426
13855,-0.13078436140433936
13856,0.8228192407737398
13857,0.2085269538227223
13858,0.18360522063499185
13859,-0.0288607372611239
13860,0.05845533009863815
13864,0.01373526778622833
13865,-0.1361078479621514
13866,0.8267663897918451
13867,-1.719984267795854
13869,0.15638791480719574
13870,0.29377989804218274
13871,0.00364793639394724
13872,0.18781014384751263
13874,0.2763912643049666
13875,-0.12882229443128743
13876,0.18311311065646793
13877,-0.01153053946848062
13885,-0.01105004230968923
13982,-0.10887234182862328
13983,0.05254995619978858
13984,0.7071031282874244
13990,0.05849904316300788
13992,-0.12886734148455636
13998,-0.05912561939662623
14000,0.11729454439314756
14007,0.02886525573332903
14008,0.25629248382772124
14009,0.8028574008759815
14011,0.07624095216466696
14012,-0.35574234469352606
14013,-0.06549081358888453
14017,-0.03266766795448622
14020,-0.09532207594562486
14025,-0.01155964182933518
14026,-0.04981889263216739
14027,-0.23178486520128175
14028,-0.0720927209888048
14029,0.11793185040555527
14030,-0.00127059936009872
14042,-0.0678029615637292
14043,-0.4980932465965273
14048,-0.05448575121930267
14049,-0.08869477438393022
14050,0.03025419329076981
14051,-0.47747032264698896
14055,0.03261337267703326
14056,-0.3115688174049239
14057,0.15227272310110243
14058,0.06078493246898345
14060,0.12712544459275557
14061,-0.3135613645951187
14062,0.15872362177693738
14063,-0.3309288065101914
14065,-0.16259031390017528
14066,-0.40670357937743695
14067,0.153099922172568
14068,0.4150652238429643
14069,1.387388699467588
14071,0.3989542239413687
14073,0.4083339086753046
14077,0.15944253450657273
14079,0.15834642418527117
14080,-0.41262904152553914
14081,0.06449973508005222
14083,0.13588557250798317
14084,0.09043445195579324
14085,0.47673595050828144
14086,1.022079558799187
14087,-0.18240453607542612
14088,0.04704901144958791
14089,0.6816379564890902
14103,0.19359373631477303
14104,0.44959818548349734
14105,-0.3556945876788982
14106,0.30935510779900044
14107,-0.45799752497055346
14109,0.02657206959973737
14113,-0.06316006321230012
14114,0.47137831537192953
14115,-1.4705001218330933
14118,-0.8453757812315043
14119,0.18425792065974952
14121,0.33018303708563324
14123,0.08479130330069312
14125,-0.12560925812933382
14126,0.6386265101758773
14127,0.1093664230169643
14128,0.04123011260347827
14130,-0.00236019933355916
14131,0.11845998865266824
14134,-0.3884441614963184
14137,0.28589227964138664
14148,-0.1613678407892179
14149,-0.08633453131610222
14151,0.02719975041220492
14154,0.12729366631829916
14155,0.03113004128144559
14156,-0.0973129127789898
14158,0.8344601856944642
14159,0.07828588625893224
14160,-0.59240456676441
14161,-0.09101873604831257
14163,-0.08163801790278137
14164,0.5732863379829051
14165,-0.26571388326121925
14166,0.27348083442514337
14167,0.17007418742111646
14168,0.21352305584561965
14169,0.4035355710286025
14170,-0.2894440398648187
14171,0.6075330270547584
14172,-0.6005604232522781
14173,-0.10215909066870232
14174,0.4509364436658517
14175,0.2572215834132052
14176,-0.1486168477197252
14177,0.4657943377785906
14178,-0.0516616597269074
14179,0.47113644866658955
14180,-0.46844563700545794
14182,-0.22220850646965856
14183,0.2161894574072311
14184,0.7375604673331096
14186,0.07682893036356529
14187,-0.07717682987810658
14190,-0.03972981081615228
14191,0.13885558125671243
14198,0.04685377356526648
14199,0.13015517535450016
14201,0.2980968796321866
14205,-0.16860141074618998
14208,0.10686048419473368
14211,-0.14401012833815677
14218,0.405702946704086
14219,-0.15413806517102796
14221,-0.5287777153048447
14225,-0.05809914321002953
14226,-0.02413976191121141
14227,0.08540388628367149
14228,-0.13489259386794628
14232,0.00869764482900309
14233,-0.8123026403349437
14234,0.6580688111846313
14235,0.11716081076845992
14236,-0.19127469167260663
14237,-0.48696096891971535
14238,-0.12043832549777882
14239,0.7653378502237695
14240,0.6038499395715287
14241,-0.1774218717890673
14245,0.19591510247244057
14247,-0.02265905150598866
14248,0.10159759419471738
14252,0.01050783759927825
14254,0.2143475314063712
14255,0.15895150227752378
14256,-0.00392269187272625
14257,-0.2500207128596638
14261,0.578181810411946
14262,1.0791209169822435
14263,0.05114979931032232
14264,-0.6956193187171638
14265,-0.2902500453598533
14266,-0.4966666081307115
14268,0.074084782142798275
14269,0.07198615479569336
14270,0.20411739698516057
14272,-0.01556585307204657
14275,0.22795011659927333
14281,0.1812615903311399
14282,0.22911014870365895
14283,0.16278319455633156
14284,0.1274942115688747
14287,-0.06890524706124404
14289,0.07581466503955958
14293,0.10710895136846704
14297,-0.12814871698225633
14299,0.1900616780120675
14302,-0.13074780596421767
14308,0.05082776650288817
14309,0.2744191492597871
14311,0.1061617608929716
14312,-0.24237712841378312
14313,-0.1900168297633592
14314,-0.21638519368606335
14317,0.1674136190983009
14319,0.02866228927671942
14339,-0.06406628097522325
14343,-0.5182665307454688
14344,0.2524049305277255
14345,0.21025829661501297
14347,-0.00211888653033544
14348,0.05191863735611096
14356,-0.01742049393609196
14357,0.07111312542989295
14359,0.00610991379969285
14360,0.22891335690392375
14362,0.37471783917797935
14365,0.05412615401283884
14366,0.3575106176677536
14367,-0.0871781243206912
14368,-0.8536078063574746
14369,-0.6347779601351526
14370,-0.03688928442438963
14371,-0.0899353204030533
14373,-0.10041957919932971
14375,-0.05985976805683692
14376,-0.08709775465637767
14378,-0.2837080736379255
14381,0.11326590583587128
14387,0.00691732715097373
14388,0.6423611714625312
14389,0.3723528893226375
14390,-0.2367799071513763
14391,-0.07553212965429044
14394,-0.4166402835882102
14395,-0.06373505883571086
14396,-1.199848549489426
14397,-0.36969320756394314
14399,-0.49081907205179487
14400,0.3198862120304143
14402,0.6273602155045194
14404,0.13995266062031597
14405,0.6101078262147975
14406,-0.2301538764927261
14407,-0.6800030102781582
14409,0.1783065780361453
14411,-0.4610744543695632
14412,0.1197269886912858
14415,0.03795219807465409
14417,0.7022068448991441
14419,0.03945597302937984
14420,0.39751310320276545
14421,0.12128013476999236
14423,0.1300097269447658
14425,-0.26319863326300463
14426,0.15929942549131632
14427,-0.1323485050816954
14428,-0.14467495874646644
14429,0.23932390720257757
14430,0.22839359573171977
14431,-0.06135112051072032
14432,-0.3848091590283825
14447,0.3754520762632951
14450,0.11829941225124288
14451,0.04140674217487779
14453,-0.23625670210386407
14456,-0.5880054964449466
14457,0.03556872312407348
14459,0.22940112480541483
14460,0.05828467077034147
14461,0.07177851558300029
14462,-0.10540212669883396
14463,0.4978463491078357
14464,-0.01937092135803971
14466,-0.09652784382048708
14467,-0.07314027981180171
14468,0.2572331660666216
14470,-0.00289470572161671
14472,-0.04165667915841915
14473,-0.4731340397883348
14479,0.03698050749795749
14489,0.0802307461755439
14525,0.3209666671219391
14526,-0.11237838489570996
14527,0.04048284930991786
14528,-0.04602239211773283
14531,-0.18325458269672568
14533,-0.09715366128448456
14534,0.03737630493094828
14536,-0.1975636172518409
14537,-0.08118058020396636
14538,0.2010586644424974
14539,-0.4117099519767347
14544,0.08207506000983864
14545,0.20607107037098793
14547,-0.10463134627163875
14548,-0.1267697475451103
14555,0.8695588706786468
14560,-0.347813104841737
14561,-0.00304844086500435
14562,0.19369056323134365
14563,-0.23066746017944856
14566,0.1322711691030365
14567,0.14302809848268894
14569,0.02927872340141707
14570,-0.09077459463646378
14571,0.02374273970563798
14573,0.103612509245891
14579,-0.05448423192581067
14580,-0.20194392841008596
14581,-0.07620838843075958
14582,0.22287981628057105
14583,-0.08699788104117548
14584,-0.597717818970003
14585,0.5665340769898817
14586,0.2851092039528084
14587,0.0968718556607629
14588,-0.01675202195961126
14590,-0.07770405097899773
14593,0.03452830702130885
14595,0.04913870788479051
14598,-0.6349273376291207
14600,-0.4027445676998457
14601,-0.2971950104345117
14602,0.3918134296581902
14603,-0.04411188101328845
14605,-0.02202223888881311
14607,0.2398895412963966
14608,-0.23200023511004345
14609,-0.11163897057277555
14610,-0.6515377922582439
14611,0.18699475371259136
14612,0.2287467178001986
14613,0.32846581878397363
14615,0.360319230637268
14616,0.23365060933980653
14617,-0.8704120467060767
14618,-0.06548869257533424
14619,0.39773912220454327
14620,-0.23779467535051263
14621,-0.0798282072043237
14622,0.33016073408565416
14623,0.09184112939616557
14625,-0.36440280661310726
14628,0.05367462105310609
14629,0.08459868560310756
14630,0.02344269663872182
14632,-0.5460459586234195
14633,0.00621821654606655
14634,-0.5929097066278062
14635,0.0349400722287831
14645,0.07527971631899934
14651,0.1905210521150089
14652,0.12400206460937208
14654,-0.1352797461668011
14657,0.2990324298936021
14658,-0.180625074528109
14660,0.05996859935148656
14661,0.04493621804241352
14664,0.07536015715310841
14667,0.1072398323136545
14670,-0.11903657579896426
14672,-0.011526048790502
14673,0.05701139937403309
14674,0.10148262723491693
14675,0.2359301655547566
14676,0.3473474460570801
14677,0.02544471985933506
14678,-0.01821918182771741
14679,0.08328218221189096
14680,-0.3979454475620877
14681,0.1942293689766084
14682,0.1049815794257031
14685,-0.06660273764525121
14686,-0.0770747138394941
14687,0.2022362648806449
14688,0.06291889334344214
14693,0.00666607443649199
14694,-0.02034283784986573
14695,-0.07322038555938273
14696,-0.3612503129221468
14697,0.2591250391235296
14699,-0.41958643695544495
14700,0.0725929549978684
14701,-0.0159384094418841
14702,0.05240002331377344
14704,0.24582817894517828
14705,0.04198017470903604
14706,-0.23305106193806863
14708,0.01513214613760011
14709,0.8825907068908222
14710,-0.0788027943056677
14711,-0.16197174786537546
14712,-0.02117047937426277
14714,-0.36674738288215514
14715,-0.433099145683698
14718,-0.01347751666735183
14719,0.1681054540875748
14723,0.17519159556402236
14725,0.09518621244971644
14726,0.12763623132686325
14729,0.2873589182000276
14731,0.35393557620258226
14732,0.41977611774522106
14733,0.00649968870801614
14734,-0.6720860096360588
14735,-0.2248157477741259
14738,-0.05785541387164521
14739,-0.15276344741065886
14744,-0.16974821281437244
14745,0.01709771019305948
14748,0.21056273008715612
14751,-0.03646958556008129
14755,0.04878619709107468
14756,0.539029439019933
14758,-0.1364442129370857
14760,-0.13453714020098714
14761,0.17300432810939784
14763,0.7911114983038205
14764,-0.31603478032432286
14765,2.1045238547729785
14766,0.14229133960668586
14767,0.17194590742631574
14768,-0.20971528934967656
14772,0.04778634555049582
14773,0.15894998227761112
14775,0.04494429669556046
14776,-0.06730938214020686
14778,-0.3500616969570395
14780,-0.495899132087148
14782,0.05324059908469317
14783,0.02476571971651411
14784,0.1361090023323289
14787,0.06504315488388412
14788,-0.00350074170864772
14789,0.11139881724255415
14790,0.02674327438521881
14792,-0.01106726476038794
14793,-0.1871591189363229
14794,-0.13466826432460388
14797,0.00365376692660601
14799,-1.0233647847520797
14800,0.3779946991239368
14802,0.28017480289526475
14803,1.036281275832822
14804,-0.19891362242663144
14805,-0.5362018348198272
14806,-0.1927370930220592
14807,0.8408742425476585
14809,0.395765123452445
14810,0.10397934351283453
14811,0.06641969553646193
14812,0.22592006808407977
14813,-0.3363021761186104
14814,-0.4842126241228222
14815,0.057936899522619253
14816,0.10222538244456064
14823,0.01519306109608038
14824,0.1984822016130795
14825,0.0344757827713508
14827,0.14772711068973993
14828,0.0304442792836842
14829,-0.00123660672147769
14836,-0.01974430686993156
14840,0.266313134231368
14841,0.15153498472012392
14842,-0.6286626847309681
14843,0.15328698936301843
14852,-0.06261391166001432
14853,0.7124146419190927
14854,-0.0660778815021744
14859,-0.0903618799589706
14862,0.21889694921826647
14863,-0.7017014584511021
14865,0.4240910745605794
14866,-0.07256323970127583
14871,0.25110004842562117
14874,-0.11637611315592485
14884,0.05252174525876681
14885,-0.16099734144815364
14886,-0.0122695030687275
14894,-0.00435639882798206
14897,0.04136695952417685
14904,0.07316383173218514
14911,-0.01257613995665916
14912,0.7258163879146462
14915,0.24366803904147577
14916,0.6578424408430548
14919,0.2906629974191499
14923,-0.12499274115806734
14924,-0.06676062304831441
14933,0.21335495814722177
14936,0.05753368707457343
14938,0.05878483228927665
14939,0.3555609575804213
14940,0.17913179295661752
14945,-1.254288945355721
14950,-0.10355064332081612
14957,-0.2952902267654222
14958,-0.01194132886423753
14960,-0.03230839099755395
14961,0.00924497503698186
14962,-0.03236416138351641
14969,-0.02881632051448647
14977,-0.03772565740382865
14979,-0.04644847911260682
14991,-0.10567533379927328
14998,-0.0064944876801208
15001,-0.0874994069146618
15002,-0.11520057898528371
15007,-0.0692843002403246
15040,-0.02162496086451272
15064,-0.2408378063517305
15107,0.03090441626521352
15108,0.03195908836341409
15109,0.20520289525585048
15110,0.11815541941463764
15111,0.8694817396437017
15112,-0.13505205726772462
15114,0.21402126562194465
15115,0.02065472940392559
15116,-0.17403795735358954
15117,0.23963730216166937
15118,0.1728742732660618
15126,0.3075143123900821
15132,0.03445290409786131
15135,-0.13542959822359893
15139,-0.3563615861860191
15159,0.03282198444491834
15160,-0.9736780215066404
15161,0.29907474122429833
15162,-7.378748729224987e-4
15163,0.09276740976956256
15165,-0.0736567367764912
15166,0.00754626704315753
15168,-0.16733689359124315
15170,0.10147390891267286
15171,-0.5400671103221747
15182,-0.11251242194271376
15183,-0.03476223888348716
15184,-0.03891301672360069
15185,-0.03316398856488817
15186,0.01518112791157168
15191,0.06101240561409553
15194,-0.00481184289950616
15199,-0.07502743036706015
15200,0.09690763093302632
15201,-0.33550667405950546
15203,-0.3234787515350651
15204,-0.3311500310583344
15205,-0.17426853291412248
15206,-0.03729826966398121
15207,0.33861362939099215
15208,-0.2147422760526713
15209,-0.28008736626903724
15211,-0.00995599065682795
15212,-0.03448596438595367
15213,-0.23872151049214949
15214,-0.42483286589197206
15216,-0.16362658081000986
15218,0.3951545048884354
15220,0.43862531290477114
15221,-0.5588122897381282
15223,0.12962336502433985
15227,0.3965237645643326
15228,-0.42261996763398735
15229,1.1954027786696986
15233,-0.2716846851670739
15234,0.27268384842546095
15235,0.15312767225842944
15239,-0.03288547256952484
15242,-0.06762895676732769
15245,0.07430409247475031
15247,-0.10779295485937736
15248,-0.07761071046296976
15251,-0.5924960958143574
15254,-0.01915736695965445
15257,0.17223370887322542
15258,0.11529516877889504
15259,-0.02745688002935289
15260,0.06707810865572014
15273,0.19629109545537343
15275,0.13907441001633158
15277,0.3159788021302594
15278,-0.1056411343109656
15284,0.7053896043751348
15285,-0.2730735555982914
15288,0.0729246353209817
15289,-0.04832589422821087
15353,-0.10348571023439336
15354,0.16139955755216231
15356,-0.05253317723933585
15357,0.08777435756610413
15360,0.27622851958461236
15364,0.3500366355523582
15366,-0.02355528545341933
15368,0.08325995396402473
15369,0.06620956862069795
15370,-0.04595994028519339
15371,0.9878582777570982
15372,-0.5785979870967081
15373,-0.18292582246774464
15374,-0.04484463291468113
15375,-0.03510153779254091
15376,-0.4017686314958407
15377,-0.7153675001835104
15378,-0.5375868104985974
15379,-0.07333361981641412
15381,0.01796090209671277
15384,0.04449303694008346
15387,0.15709605012475858
15388,0.1943274130599947
15394,0.3288656297972068
15395,0.02486699355803917
15396,-0.05961612578608654
15398,-0.07411173667316148
15399,-0.42270960062738344
15400,-0.8494020115152319
15401,0.5818385687782734
15402,-0.14772970414696546
15403,0.03594805357490485
15404,-0.23216504106154787
15405,0.5286759894853637
15408,0.24675092049799688
15410,0.499112802348817
15412,0.3515021098485314
15413,-0.1450120119592575
15414,0.739839197817466
15415,0.17503445509941828
15416,-0.12280296151872576
15417,0.601387163248908
15421,0.26929408873196503
15422,-0.436438376678472
15423,-0.0233424873460285
15424,-0.6664418168413542
15425,-0.11200930449316568
15426,-0.1673936059679666
15429,0.5256893471093579
15430,0.05100917248579741
15431,-0.2806138621199553
15432,-0.3658414268266005
15433,0.0828586484163818
15434,0.4825533247678728
15437,0.04546133373749048
15438,0.788317482854959
15439,0.01728560472833137
15441,0.01634973304851057
15442,0.02659301154130279
15444,-0.4851217899292756
15445,0.11061618565079204
15446,-0.2916166882730863
15451,0.8308915928397398
15452,-0.21002490076586405
15458,0.7914637935819928
15460,-0.32787180234267643
15461,-0.12980789724017952
15463,-0.01137332054313139
15464,0.19070940380078136
15465,0.41505378460361464
15466,0.5324593133880078
15467,0.15630962029451262
15468,-0.01710121135743387
15469,-0.03825838393615251
15473,-0.02193302640184095
15476,-0.0266440819328097
15478,-0.03491105727522289
15481,-0.00495900388350754
15483,-0.02726230999116892
15485,-0.5203741507998176
15486,0.05588241639411388
15487,0.4618923158371343
15488,0.02106012188389194
15490,0.4604197479133988
15492,-0.1457366174927743
15499,-0.0894009874903433
15500,0.259793912216725
15502,0.05108437261413769
15505,0.12140967947250925
15507,-0.5903499209856172
15510,-0.10909405925568195
15512,-0.05739343851960125
15516,0.0581075066396694
15519,0.16977426440468862
15525,0.04184049226829982
15526,-0.04840076148354906
15529,-0.13697921093590557
15530,-0.0176780353056981
15531,0.2752612870204819
15547,-0.06980095461188826
15550,-0.16913110497010264
15551,0.11352536600537812
15552,0.35264650530259395
15557,-0.10631818231805085
15558,-0.04106334867412508
15559,-0.6116388780984907
15560,-0.2640526064086634
15561,0.5506913302766059
15562,0.23437809720263408
15563,0.4802505496910135
15565,1.394692683337937
15566,-0.00121235162602034
15567,0.16500261264285965
15568,0.06468634722976102
15569,0.0151938281999932
15571,-0.5075352120802655
15572,-0.8833090816250186
15574,-3.8316374869593e-4
15586,-0.04276657331193595
15587,0.16995066080846405
15874,0.03980975418890349
15891,0.05509823461316564
15893,0.04304407006092994
15894,0.0609056618308883
15896,-0.07005139633067436
15898,-0.02518529246395149
15900,0.00920874568794993
15901,-0.36288950407466536
15902,-0.05257198400221004
15903,-0.24456588920415184
15904,-0.16684449861458092
15925,-0.14765640667195798
15926,0.12171134153563794
15929,0.02806610489096392
15930,-0.5349701660434986
15931,-0.4015560687799478
15932,-0.03952045969835669
15936,0.04841001320940229
15937,0.02480683904701635
15939,-0.09756536721347468
15944,-0.1267090511309127
15945,-0.14090402244543143
15958,0.24529819523035817
15967,0.39666338610314794
15975,-0.11367792106211276
15976,-0.02899703028744062
15977,0.11492859839703998
15978,0.12010060121787676
15979,0.04530547302657505
15980,0.01795154394767024
15982,-0.07094790359401572
15983,-0.08785660801358135
15985,0.07055185793531907
16000,0.0880279649931384
16002,-0.12165998382834836
16005,0.6805076165375153
16006,-0.12953249914977916
16007,-0.5525365161048603
16008,0.4212359262836245
16009,-0.4172203172908574
16010,-0.16373254912740068
16011,0.11893410789451037
16012,-0.19114106365854217
16068,-0.04298215043230671
16069,0.20345247220051016
16147,0.3943932739442578
16150,0.09869377354052616
16151,-0.03063995659827069
16153,-0.09591019549702054
16154,-0.04964455747786336
16155,-0.15489161313887206
16156,-1.113086630472516
16159,-0.6855139364038072
16161,0.11099239062298492
16162,0.860753125367034
16163,0.05030296051716995
16164,-0.1574211282796092
16165,0.21119815343339204
16168,-0.3409049081528374
16169,-0.11990070894600369
16171,-1.0024332757471996
16172,-0.0353088916284819
16173,-0.1488177237756223
16174,0.24843615038366945
16175,-0.11560406029849336
16177,-0.26059045770215294
16178,0.19811065987569437
16179,0.07417388640506692
16180,0.2128017839825549
16181,-0.5779864003412287
16182,0.02535174350221208
16183,-0.06029850752146914
16184,-0.21167204843998805
16185,0.08630269210668634
16186,0.10418353989730988
16188,-0.05313057673278833
16189,-0.21591615244410217
16190,-0.03742637694837988
16191,0.6675040143634848
16192,0.08395550100829671
16193,-0.6169345511488669
16194,0.04168778735566592
16195,0.08703135678752198
16196,0.03243154680632139
16197,-0.1264300471084513
16198,-0.4365440947845879
16199,0.11235418758717466
16201,0.00230271696931804
16202,0.02453895112635829
16204,-0.4429102766675595
16205,0.03071088385207692
16206,0.395035590669917
16210,-0.06154973386819933
16211,0.21500690416278917
16319,0.02760113049365942
16322,-0.18863930712752977
16323,-0.17630502510926976
16324,-0.20847064753633088
16326,-0.10239272492442296
16328,0.24112351150508404
16330,-0.093932421291432
16331,0.07379020592349586
16332,0.06169392820832171
16334,0.2133817239246314
16336,0.08598422065709982
16337,0.09880240008860366
16341,0.01993731563760602
16348,0.016820852148472
16351,0.1556187369334383
16362,0.0119120906883488
16363,0.01892502138926175
16364,0.12896180830461426
16367,-0.3174508383915985
16370,0.24718914369868417
16371,-0.36055301077182184
16372,-0.63032033564894685
16373,-0.3811918028293981
16391,-0.0197419519339804
16392,-0.6002909339947569
16396,0.01259016085612041
16398,0.14768733935056935
16399,0.08326142772871276
16400,-0.05597402760808847
16401,0.07003198851852532
16402,-0.02645499323184605
16403,0.18073687555855805
16404,-0.16310799796140868
16407,-0.3397931496485876
16408,0.05791084728920408
16409,-0.01804926883115111
16410,0.26407915412311983
16411,0.1865263929007135
16412,0.3244698590666716
16413,-0.09813693252004416
16414,0.1597274979489237
16416,0.2086535604155989
16418,-0.01617628045457726
16419,0.1254691156797495
16420,0.6194414983754886
16421,0.05019738057889095
16423,0.03903443911178085
16424,0.22085651607323303
16425,-0.5948761324146923
16426,0.6391187694045897
16427,-0.01860142183241523
16428,-0.11432301046439476
16429,-0.01348349673664096
16430,0.4565690443409032
16431,-0.2044152490090216
16432,0.01571408017730961
16433,-0.00883052597961404
16434,-0.2976189827099208
16438,0.00440341288825892
16439,0.0961278631941227
16440,-0.12884422857274472
16443,-0.09424963687511537
16447,-1.3105787968332931
16449,0.5570025203664422
16450,0.30986271684337807
16451,0.03104262839517546
16452,0.01013797640120578
16453,0.04578122448694631
16467,0.8189438977156207
16468,0.2148919550317791
16470,-0.21793019787370987
16475,-0.26612679608155587
16476,-0.16267692836823333
16477,0.723486657508737
16478,0.14661933931265625
16490,-0.16726244852977207
16491,0.3891059967416059
16492,-0.20260729080277712
16493,0.43067250043893135
16494,-0.8195340918469016
16495,0.09936972563342228
16497,-1.043206182002682
16498,-0.1492263610165109
16499,0.1301036307156231
16500,-0.5245359876733638
16502,-0.0873908783096489
16504,-0.5291263619187916
16506,-0.05660908792409724
16508,-0.2679303133045281
16509,0.2046212122053879
16510,0.3838000788438811
16511,0.08492979980581689
16512,-0.24570979005469695
16513,-0.037982128483556483
16514,0.4626089003035083
16515,0.10864489191652071
16516,5.862500781187371e-4
16517,-0.31487720636187716
16518,0.3392006907944861
16519,0.401217164544091
16521,0.08883348139820743
16522,0.2476357367702728
16523,-0.07839600669687796
16524,-0.670850754705953
16525,-0.4398933444176894
16526,0.00151702596848393
16527,0.07748283509812344
16528,0.3081773628713571
16529,0.2192636131970221
16531,0.1095930644811614
16532,0.02165059840028124
16533,0.27934727581008173
16534,0.06613735794068155
16535,0.24491224263151343
16536,0.15690159881020058
16538,0.2214237568203346
16539,-0.3127537550222888
16541,0.00121798986633821
16542,0.07520155279751854
16543,0.09007596727181676
16545,-0.03995196379316991
16548,-0.01617836497979245
16549,-0.06860015755683359
16551,-0.16769648702395712
16552,0.24022984513853243
16553,0.14356797364291013
16554,0.5531479320930273
16558,0.04441234657973175
16559,0.18502859843207192
16560,-0.15809488652164017
16561,0.04029551896442064
16562,0.0463529996791922
16563,0.23751356154119452
16564,-0.25260909409811544
16565,0.03563581695311482
16568,-0.17360698743128358
16569,0.18133305747223813
16570,-0.49029260937322944
16572,0.09276186455515058
16573,0.02523467841196339
16574,-0.31622986862367747
16576,0.38541831680831673
16578,0.08715221025997308
16579,0.29024617861595253
16581,-0.10449120755402366
16582,0.13567933254578465
16588,-0.10301726099291604
16589,0.11201346903636791
16590,-0.5687026750856504
16591,-0.34053591295359
16592,-0.16934370590225584
16593,0.1775382950557695
16594,-0.0341865999876892
16597,0.3350788714133591
16598,0.03474473730468332
16599,0.04205708019633104
16600,-0.08661040533403709
16601,0.07110060040317392
16621,-0.11998844749223642
16641,-0.2214941200121385
16643,-0.10771325429222751
16646,0.1890827000974345
16647,-0.05191814628554082
16648,-0.05397496742361299
16649,-0.2040634572349735
16650,0.1369062298720271
16651,-0.3185454406436349
16653,-0.04345938727085279
16656,0.35636965895176803
16658,0.03297189213729532
16660,-0.07249467500776893
16661,-0.7238830652564727
16663,0.22698983738099396
16664,0.4383620816675331
16665,-0.4543198500081974
16666,-0.0688237950736469
16667,-0.44239668086426986
16668,-0.3808382047002234
16669,-1.314092865500596
16671,-0.274207567403456
16672,0.06263502018134012
16673,0.42031480758960327
16675,-0.28473761868638214
16678,-0.3621181892399955
16679,-0.09528882159743168
16680,4.439846955775831e-4
16681,0.5194737317915867
16693,0.4127107230301861
16703,0.7331089144875378
16706,0.8821013403370273
16709,-0.19436797630121683
16716,0.7184771034113178
16728,0.5097296653992334
16763,-0.39001729577065425
16764,-0.2726604767736171
16765,0.09256769271921993
16768,0.5305301893063554
16769,-1.3700999178008044
16770,0.11239074332323702
16772,0.39138508890869095
16773,0.19592245056379423
16774,0.2271218731447762
16775,-0.2574189531494591
16776,0.01187897443093533
16777,0.24906180578103945
16779,0.2668077046536278
16780,-0.40919570348436063
16782,-0.07725735577462566
16783,0.02027454390503786
16784,0.2126796500236675
16785,-0.04472664925907828
16790,0.1247907047573206
16792,0.05562861983156569
16795,0.21557473384055387
16796,0.11691846593040275
16798,0.11993492727284814
16800,0.03682294739996375
16801,0.00128275810196954
16803,-0.03319647720516297
16814,-0.00807282086530901
16815,0.05388490019840808
16816,0.20879361046368183
16819,0.2769017877112451
16822,0.4238080527717012
16825,-0.11806057293120412
16826,0.27729040851567366
16828,-0.05207210322545368
16832,-0.11229621356383988
16833,-0.09678895067127329
16834,0.00999793788711361
16835,0.2092464774418003
16841,-0.05146119157521839
16842,-0.04126505676604485
16846,-0.02570952315694942
16847,0.17113880558032135
16848,0.05832429417761596
16852,0.08625320064720199
16854,-0.12458842130207144
16855,-0.03567480769064361
16859,0.10015539957367545
16865,-0.06214246989873258
16867,-0.1965086413347314
16869,0.4353185402437109
16870,-0.1858123115446285
16871,0.5867070198418032
16872,-0.20827420532773225
16873,-0.33416742431076474
16874,7.1760346857518975e-6
16875,-0.3874154371548392
16876,0.4849864656885018
16878,-0.5222112088478408
16880,-0.4186875762297833
16882,-0.03112244623433585
16885,0.06303419537162452
16886,0.1619138168340516
16889,0.11991046038339634
16890,-0.16668292202058357
16891,-0.6553668913274197
16897,-0.6217330651081172
16904,0.03944636067651082
16905,0.15372635285873687
16906,0.16502657548421
16907,-0.04819332169736963
16909,0.00348386178645214
16911,0.02700290020942212
16912,-0.06389920886372398
16913,-0.00264184554236514
16917,0.289764407284473
16918,-0.1885824916280565
16923,0.03564621733919657
16924,0.5539565035252961
16939,-0.39572607807935933
16948,0.4055925638588985
16949,0.530086874834318
16950,0.10914425423739332
16952,-0.09136536948053388
16956,0.23214486526502545
16963,-0.00935998515212732
16969,0.19579879528405195
16971,0.14405727676753852
16973,0.02998516555120498
16974,0.06727009845957531
16975,-0.5276003769236335
16976,0.14611923306041572
16977,-0.11417927394591848
16978,-0.17105913929463862
16979,-0.21206575219316143
16980,-0.7705377381377169
16981,0.14922551162677106
16985,0.01648942421736359
16987,0.2535085052598311
16992,-0.04352612946957279
16993,0.0109906452409495
16994,0.01145049061376336
16995,0.1397708240451964
16997,0.2325503763165333
16998,-0.00364675617676024
17001,-0.1088525088748233
17002,1.1072110372713262
17005,-0.18233364886597753
17022,-0.4269701441426378
17025,0.09990189083311492
17035,-0.2159479860749449
17060,-0.00870480665211204
17063,0.3331229554556227
17064,0.15250390314229156
17068,-0.06572679302260012
17069,0.11754761004671216
17075,0.0226232882621966
17079,0.24897695713031565
17082,0.02677948063340067
17083,-0.2115280726673848
17084,-0.04885653793246114
17085,0.28820477045605675
17086,-0.24747928844018952
17087,-0.1491245161152584
17089,0.5203010307345847
17095,-0.026787691318375412
17096,0.07821839464872114
17101,0.3926184517680644
17112,0.3144604412140568
17113,-0.10364048772942372
17116,-0.20873436980587545
17118,-0.01672419432315419
17119,0.15626033816338014
17120,-0.17809332006526363
17122,-0.11293358370900929
17123,0.7357173634751255
17125,0.6307708107164143
17126,-0.0252164363414627
17127,0.19089451114405287
17128,0.1061209440492398
17129,-0.03668196653872338
17131,-0.09640220125788952
17132,0.17446968681277142
17133,0.13157731999059974
17134,0.0897377438656198
17135,-0.04976911090607924
17136,-0.1755561023466391
17149,-0.13712763492683772
17150,0.34548792190866545
17151,0.05148296860842169
17152,-0.7682932047638158
17153,-0.588238752802516
17155,0.06769827402370263
17156,-0.05858479717517854
17158,0.12522823329286945
17159,0.1373634480493169
17160,0.6154554743433238
17161,-0.04481916682236284
17164,0.06680357210778302
17165,-0.01714606153179619
17168,0.02460666311792012
17169,0.09634091843886128
17171,0.10192561467180572
17172,0.19114987464118877
17173,-0.14849715008586006
17175,-0.18017806481805151
17179,-0.00165334394488026
17180,0.00314859741477113
17181,-0.12536135723347894
17182,-0.04203221298932988
17183,-0.6621675718057741
17184,-0.04104179034863961
17187,0.08461874500333355
17188,-0.7301747433750545
17189,-0.5957259639970011
17190,-0.13975087686932325
17191,0.05116276713843069
17192,0.04745235162649332
17193,0.01370664576991687
17195,-0.3045408151575585
17196,0.01529451037670379
17199,0.04202870919938747
17200,-0.5173309793873273
17201,0.2380728643535656
17202,-0.04595978593600117
17203,0.6206238579471978
17207,0.1539335558780639
17210,0.08819430375068218
17215,-0.0858983054796715
17217,-0.0537129161214105
17219,-0.05748146489038754
17220,-0.01879173909179406
17221,-0.9143495620502524
17222,0.06179278027083543
17228,0.117424430558491
17235,0.3480258497897015
17237,0.06104307803301041
17240,-0.7642808164438171
17242,-0.04223833916632343
17245,0.0412271228942277
17246,-0.06063440797686045
17248,0.18968781676782043
17250,0.24694000849174236
17252,-0.13691637545316493
17254,0.04987395382254674
17256,0.01233225900024006
17257,0.1281974646595148
17258,-0.27438190186333905
17259,0.32739052751180575
17260,0.19099616459366925
17261,0.07853338208747397
17268,0.15913405363641406
17274,0.06115598712421746
17279,-0.04397236564365107
17281,0.08781042514317473
17283,0.04792292769235243
17285,-0.5670923654984158
17286,0.6961143440173339
17287,-0.7474520028688388
17288,0.06714856307482692
17292,-0.5169890034602194
17293,0.17705204391206897
17294,0.02650010143326744
17299,0.13028279803759624
17300,-0.3760498137858738
17301,0.02215687864358623
17304,-0.13011931471243784
17305,-0.11768348285283804
17306,0.5631107939293545
17308,-0.09067419347777086
17311,0.2252971836765113
17314,-0.02936086022638286
17318,-0.549989204002751
17319,-0.03746634552883427
17329,-0.16133115709833454
17330,-0.00305745000372131
17339,-0.14968932166386942
17341,-0.06531490922504571
17342,-0.15175395286138305
17344,-0.03787695702083716
17345,0.22851793359875444
17346,-0.11004945736248532
17347,0.00985776962934815
17349,-0.09689308894719686
17350,-0.01376949961617248
17354,0.0592990179774923
17355,0.05737306903090638
17356,-0.93806173446219
17364,-0.5770955652301232
17380,0.6235648089713384
17381,-0.31556670925523356
17384,0.02413958334584179
17385,-0.6190049727292443
17386,0.3149549144555882
17387,0.148853083085167
17388,0.5842672218680207
17390,0.3700004164022471
17391,0.4868719273476247
17392,-0.20558427617990305
17393,0.12945215304092694
17394,0.1895314582206028
17395,0.17368863204664242
17423,-0.06623890780966041
17425,0.16805930025613536
17427,0.11677254766896113
17428,-0.02771903820727589
17433,-0.03704827495025833
17434,-0.06920414794527814
17436,-0.7013880292274506
17441,0.1395651538250583
17444,-0.01714836309124795
17448,0.03266699669873146
17449,-0.14678784584500387
17450,0.3418853368643139
17451,0.5293416337455723
17454,0.01022412004763344
17463,0.09385012870502396
17470,-0.27104509149265205
17474,0.01576814071069398
17475,-0.6312429705381353
17476,0.13398050415982687
17480,0.17814399194046832
17523,-0.31476811685768336
17524,0.08616506610587818
17527,0.0296565485081348
17528,-0.07245230929723781
17532,3.9853881157881493e-4
17533,0.7658928223511543
17534,1.5240642136271898
17535,0.0914004536502673
17536,-0.9453057285842252
17537,0.45931257713357065
17540,0.23226583060472372
17681,-0.6105026680659639
17684,0.09085347244248926
17685,-0.07489574175519256
17686,-0.07923799985385828
17687,-0.2277304611275862
17688,0.0211159051240458
17690,-0.01395970289747357
17691,-0.08197559420198526
17692,-0.08259988735921665
17695,0.2759408518132614
17698,0.03386465543503646
17700,0.6621946830267693
17701,0.1819744718617733
17702,-0.1337300219999479
17705,-0.06307022802726812
17708,0.02040120150683201
17709,0.02040120150683201
17710,-0.06307022802726812
17711,0.03045903640014469
17713,-0.03064641192975254
17714,0.10140661684767638
17716,0.01908403562162169
17717,0.01908403562162169
17718,-0.09944810455767338
17719,0.02885907158092482
17720,-0.09944810455767338
17721,0.1000552244531705
17722,-0.0041684765198184
17748,0.07073342707250518
17749,-0.2070070759165039
17750,-0.3207529989254218
17751,0.08427853554365874
17752,0.4545727072708795
17754,0.1270652652635446
17755,-0.07128863335817892
17758,-0.01499632372412804
17760,0.20962017105442293
17761,0.2416072575075215
17762,0.5830677539327451
17763,0.05478710536993268
17764,0.09932061284009154
17765,-0.1961385220745982
17766,-0.05333361071947404
17768,-0.2758963650118957
17769,0.08988280339028493
17771,-0.4001062341015604
17772,0.485221414051675
17773,0.24682406368616
17775,-0.00643228998300658
17776,0.2518271195335375
17777,0.17208522486013875
17826,-0.04574946916104976
17827,-0.03638410170315569
17828,-0.03890507555959121
17829,0.5388282695161741
17846,-0.08846884235962715
17847,0.06868249100094649
17850,0.06108296728084136
17855,-0.2732898285212855
17859,0.20835913486460864
17863,-0.42474317584959903
17864,0.09758017813761764
17865,-0.01404750969277809
17868,0.4912413439132888
17869,0.11284052569860928
17872,-0.06436587096914775
17873,0.03861513514452713
17874,0.00764826253820497
17876,-0.02798114617310543
17877,-0.3680763359824295
17878,0.6456267751356444
17879,0.05372827558181541
17880,-0.20720610762982244
17882,0.08367047469756145
17883,0.07864293095438048
17884,0.6156041670125869
17885,-0.4758059899598709
17886,0.19842145378643192
17888,0.06130241815699032
17896,-0.10684823440598244
17897,0.22405315632786388
17898,-0.39365899087161416
17901,-0.3843058486632423
17904,0.1218699086857784
17906,0.18559827980632665
17907,0.14726834413535334
17909,0.31770898096572425
17910,-0.02714152944429731
17912,-0.01942434185287597
17913,0.04839088848923035
17916,0.19413508484078495
17918,-0.03223391346949147
17919,-0.14705811276971598
17920,-0.0379437986765423
17921,0.01293211880938219
17922,-0.3844735994594762
17925,0.11039702034955565
17926,-0.3672055166276277
17927,-0.39548253969157415
17928,-0.497451198021017
17929,0.6105782148967169
17930,0.31234443266067735
17931,0.16467867216878168
17932,-0.19757032200883615
17933,-0.2445790399426476
17936,0.1339839221570156
17937,-0.16379299052494223
17939,0.45143570980056186
17954,-0.34669829001672864
17955,-0.08355319249904367
17957,0.13106418525788527
17960,0.5485563260504775
17961,-0.3455255851276719
17966,0.11300842541583256
17967,0.5078144381356547
17968,-0.02702237714728565
17969,0.27124278414335273
17970,0.05312269353730869
17972,0.00445324529106001
17973,-0.08884390785057936
17975,0.14618456886180148
17977,0.2076087553523699
17978,-0.03934227743428085
17979,0.06840352362180291
17984,0.2931095092812008
17986,0.30606120086476185
17988,0.14962304961840836
17991,-0.00437056549521172
17992,-0.00968668463170658
17993,-0.04574436888027525
17995,-0.03734304662237971
17999,0.134444806636274
18000,-0.00645357809348042
18002,0.02108639024087943
18003,0.090936539635794
18004,-0.43254896652352537
18005,0.00572172376304213
18007,-0.4897926635254593
18008,0.8180017927463336
18010,0.00157792726553678
18011,-0.08018510089083503
18012,-0.15079148381343976
18013,-0.5666870884009306
18014,0.4406847867888731
18015,-0.05960288733389073
18016,0.03162107759627815
18018,0.0066689414062196
18019,0.11751887966912028
18020,-0.01225641968485229
18021,0.15946989828005378
18022,0.08473472655248986
18023,0.23042597203477572
18024,0.04399487985650188
18025,0.5894203896737413
18027,-0.21008741653165416
18028,0.3403166858212968
18029,0.36075965683488986
18030,0.05394767065037991
18032,0.3245514227659686
18033,-0.05820017895089444
18034,0.12452567099537004
18035,0.02702093652307181
18036,0.07264235496536431
18037,0.04786517001491546
18038,0.01767152349446555
18040,-0.24481159412051473
18041,-0.194851552490791
18044,0.16253396623073232
18045,0.04202090534565334
18046,-0.01238039977818129
18049,-0.13879452994267885
18053,0.18845457691967596
18071,-0.3947114163196376
18072,0.07819115893503915
18073,0.3952064303304618
18080,0.13474054115305223
18081,-0.00806819660585674
18082,-0.22490120231585436
18087,-0.00471321052326997
18088,0.09273950508427475
18091,0.0750411724928012
18092,0.42119137247120375
18094,0.5751365923982552
18095,0.31156577519169837
18096,0.20067913734203735
18099,0.15065230443531813
18100,-0.0326135913904498
18101,0.1399667053378331
18102,-0.07690540899000155
18104,0.27359140643063756
18105,0.00284512411387002
18106,-0.16878804113461598
18107,0.00141436725648664
18108,0.17377376377360132
18109,0.7300873064942599
18111,-0.15951917666330714
18113,0.17435063062531203
18114,-0.02281389192811651
18117,-0.39363347961823514
18119,0.06127459014213149
18120,-0.06493280197832374
18121,0.35358385899996553
18124,-0.02199868051093444
18125,0.25543604416535703
18126,-0.33593540766702634
18127,-0.24487338492278063
18128,-0.3736566193123894
18129,0.04427428057050808
18130,0.2715378894872118
18131,0.4208104621528
18132,0.0088697562962409
18133,0.13298230802186187
18139,-0.27560395753581
18141,-0.03513416287200927
18142,0.30230086500845327
18143,0.275581060314474
18146,-0.5335769991863335
18148,-0.07036039576791796
18150,-0.6239679097360351
18159,-0.00462641282884632
18160,0.6513799240204917
18163,-0.7568363537670144
18164,-0.17740112201895683
18166,-0.0897899284092776
18167,0.4017395053407305
18171,-0.5343530136614347
18173,-1.325426852753185e-4
18174,-0.16500620180040315
18175,-0.00603323697584717
18176,-0.00757873028223945
18181,-0.02698472970090597
18185,-0.5370383300403174
18186,0.09090331245794256
18187,-0.29868409587644434
18188,0.2013542107078404
18189,-0.2060972055289387
18190,0.4649968981137347
18193,-0.0929451792831256
18194,-0.01209478681282099
18195,-0.07233074550419924
18198,0.2503472506743821
18201,-0.0574833261898386
18203,-0.06029850752146914
18205,-0.3989304243843522
18208,0.9235129723404932
18209,0.5690391724522693
18211,-0.00146189554264317
18212,0.11029921328554015
18213,0.3682814027268011
18214,-0.1103994112270661
18216,0.5067701981434334
18217,1.7337379778154665
18218,0.22197953103144671
18220,0.1483168507882888
18221,-0.07366967687911974
18222,-0.00733281626816643
18223,-0.08650480001416311
18226,0.08959918811802609
18227,0.6062578402874048
18230,0.746362035196471
18231,-0.5856524651631168
18232,-0.41331608074430465
18241,0.2578104559650104
18242,-0.03292838125922374
18245,0.00889745291671601
18247,-0.0128396183622807
18256,-0.014827898767412
18260,-0.4200050956929833
18261,-0.10147803660748368
18263,-0.06967745977168706
18285,-0.3952820846178932
18286,-0.02373751900069081
18291,-0.18571256329058655
18293,0.03300493660373312
18295,0.39930376842887744
18300,0.20708293270890515
18301,0.08707288528498922
18302,0.08591512531689768
18312,0.0412296679182975
18313,-0.7094398915973702
18314,0.3667070699374767
18315,-0.36691104931034346
18316,0.5248923567347243
18317,0.08874577021609116
18322,-0.01897742602833474
18328,0.1427018667469568
18330,2.014042607191081
18341,0.2657067109816263
18343,0.2782178050718284
18357,-0.40737314766075977
18365,-0.23635888102602864
18366,-0.23464386946014673
18370,-0.8235544189175803
18377,-0.04747167893020529
18378,-0.08500365996245088
18383,-1.7045029916855845
18386,0.4502265690011035
18387,-0.01034849903243156
18389,-0.0859811830994463
18390,0.01943359579466752
18391,-0.02815492971021085
18392,0.3785444344349923
18393,-0.2922025608074135
18399,0.7032506941077805
18400,-0.06582067731278367
18408,-0.5840272121921157
18412,0.06412336075410234
18413,-0.06335958356004995
18414,-0.28809993804890377
18415,-2.1834251273111956e-4
18416,-0.5968573176852836
18417,1.251585053241284
18420,0.3396598495880511
18423,0.8938848075243078
18424,0.11052168460215084
18426,0.4470088817600453
18429,0.8800466525672164
18430,-0.0543968747612914
18431,0.15410762788762644
18432,-0.04844572026740708
18436,0.32938020154525005
18438,-0.0586500379450884
18439,0.2009630873694536
18440,0.3920163332244083
18441,0.24878811578445495
18442,-0.12536456432534415
18451,-0.1366197467629995
18452,-0.2993852092523565
18457,-0.11590140767903064
18458,0.05270256188905598
18472,-0.00186020865545097
18475,0.28682975649587356
18476,-0.03116919436111466
18477,-0.03291719774383805
18479,0.07188053582830409
18481,-0.8834472111457425
18483,0.12258974151140316
18484,0.4648280158429751
18488,0.2240045356373037
18489,-0.06329596099326763
18491,-0.49816739092237183
18503,-0.02188981051052818
18504,0.1114817406061579
18505,-0.5760873615779876
18506,-0.5820445512170282
18507,0.16409665229926065
18508,-1.2624016813203207
18509,0.3697907480976575
18510,0.8839262500362729
18511,-0.2674932672198481
18514,0.05760566820920623
18515,0.01300852407016165
18516,0.02230761924273786
18518,-0.06273238070713405
18519,-0.02046283855564041
18521,0.04117106236575357
18526,-0.12186529468659764
18530,-0.02507335625508546
18534,-0.02918062853143428
18536,-0.03461646270127704
18537,0.02835063982600522
18541,0.0214972183313744
18542,-0.36154514867645743
18545,0.03216008367283111
18546,-0.22721515563919625
18548,-0.15715675803060075
18549,-0.5616596856913058
18550,-0.02532482901249136
18551,0.15219808664090478
18552,0.1884372756775331
18553,-0.4201607980742659
18554,0.1259242556686737
18555,-0.1030160333618392
18557,-0.5392143484675572
18559,-0.12286881029407257
18563,0.046038355489761
18566,0.20493211653337515
18567,0.00306233256015362
18569,0.01142992343795065
18570,-0.01981533307609531
18571,0.0544086853505829
18572,0.20684624639880247
18573,0.04626790993321775
18574,0.01775447486576465
18575,-0.6340949879280268
18576,-0.22875672611503195
18577,0.23374959170469628
18578,-0.01443104694383373
18582,-0.07598775272923303
18583,0.00871806090815468
18584,0.08675753390012378
18587,0.8407917671198633
18588,0.15876677289942598
18590,0.1825150100134005
18591,-0.0896376757038845
18595,0.06680029908464762
18596,-0.283403470436618
18597,-0.04424090377182935
18598,0.8385216091847283
18600,0.1268035826286706
18601,0.12008992173492952
18602,0.13012625098767128
18605,0.4928885556049152
18606,-0.4428702018184631
18607,-0.04668815036617182
18609,0.8005388560905164
18610,-0.1854429886597311
18611,-0.2886537943594598
18612,0.20751942229590695
18613,-0.0327913465171169
18618,-0.10579502322149847
18619,0.01425101290861126
18624,0.02350832546987385
18626,0.02145144258290434
18627,-0.1334373639514465
18628,-0.6418342330872983
18631,0.10367150561149097
18632,-0.26402158528406117
18633,-0.07271563084134772
18634,-0.4249143216868452
18636,0.13274539139497796
18637,-0.07080382548579246
18639,0.20453384656956256
18640,-0.41025827745178595
18641,0.117376748004578
18642,-0.23979104991670452
18643,0.07946551918813052
18646,0.07908983916005394
18647,0.20319190547379137
18648,-0.00659346683318736
18654,-0.18726104531984225
18655,0.03167698358150324
18663,0.5490934604243984
18667,-0.03365132124888611
18670,-0.02536615326904613
18671,0.5392007143279398
18673,-0.1844018833619646
18674,-0.1612060249055482
18675,1.2048903726533862
18676,-0.13148084728039808
18679,0.05004912226768567
18685,-0.05580077278614262
18693,0.05829452223289172
18700,-0.06314156828789663
18701,-0.14631065209621338
18703,-0.00673835263685897
18704,0.2803006354781262
18705,-0.1462492355931192
18706,0.07916292596535542
18707,-0.07768772131001062
18708,0.4112877011199374
18710,0.21142838927561447
18711,-0.34459603962401764
18712,0.01782760803823363
18715,-0.2837274980179545
18716,0.24705919635549561
18717,0.3257594708341605
18718,0.08744808587670347
18720,-0.12853191284761095
18736,-0.02998010968978888
18738,-0.01229522890460325
18739,-7.1374315852029e-4
18740,-0.3166001580838396
18741,0.2094784513999868
18742,-0.20946097438773023
18744,-0.01568989257727012
18746,0.0702275780406048
18747,0.5244660510557921
18749,0.02844651823510449
18750,0.15892973655180698
18751,0.0554145559072761
18752,0.16916767739689442
18753,0.15067805594099376
18754,0.1443331449120504
18755,0.06757526555945996
18759,-0.22741082096942788
18760,-1.0016785723381978
18761,0.07573957964510483
18762,0.08450403914792527
18763,0.07355980627350724
18764,0.17627706162227577
18766,0.2835515036966968
18767,0.5199044305860346
18768,0.01044634823768626
18769,-0.03403923211670019
18770,1.0347605356783671
18771,-0.13715405458203295
18772,-0.7935425965294067
18777,-0.3407875751592045
18778,0.11722434164232476
18779,0.03609587476730278
18781,-0.7969643173982897
18782,-0.08635795533725951
18783,-0.12607038514564806
18784,-0.01500418187544161
18786,-0.18200029304385976
18787,-0.23675730851379545
18788,0.08441564687161004
18789,-0.14388856225925323
18791,1.0412687549882358
18792,0.9716090571711766
18793,-0.08371132503885473
18795,-0.10717386488065124
18796,0.6606357268192935
18797,0.31028043964857
18798,-0.4620257860251049
18799,0.3331504139504209
18802,-0.05519649782403219
18803,0.11364470158923529
18805,-0.13916418176948958
18806,0.13754329535453474
18807,0.02446883270342355
18810,0.01371892596205021
18813,-0.04274228736928786
18815,0.08192499465740319
18816,-1.0137597474257192
18817,-0.8180583158078762
18821,-0.06258545196126301
18822,0.2804193622101123
18823,0.07130380779785779
18824,0.06185289925033876
18826,0.13897307394537337
18830,0.07060764475935195
18843,-0.16509828187834202
18845,0.3024898191556522
18854,0.01269718683483169
18857,0.18669619508243895
18858,-0.12619899253713118
18861,-0.22320286937951272
18933,-0.1478818068696032
18935,0.1025054580591654
18938,-0.1402980528932291
18946,1.192874342422215
18948,0.2901758382359984
18949,-0.2548569496188184
18951,0.02587657604098548
18952,0.30043415773791116
18968,-0.13270769061276516
18969,-0.03557547300076648
18970,-0.11890426130628066
18971,0.04315858609903073
18972,0.05873336741489164
18973,0.3202806715963161
18974,-0.04279395040584156
18975,0.0431157048753456
18976,-0.08451950831510968
18979,0.07330550966431412
18983,-0.10674361489769472
18984,-0.1003544913376878
18985,0.07632834283386819
18986,0.04525475964222561
18987,0.02810422692242186
18991,0.3309095279400515
18992,0.33331730543421556
18993,0.31256511135580206
18994,0.5353042894711044
18996,-0.19637571113842903
18997,-0.3384209934005393
18998,0.3172425261154368
19009,0.28416706166786876
19011,-0.16566046343786928
19012,0.7270916720798253
19013,0.02860537792504366
19014,0.02624794132699454
19015,0.08372554861380595
19016,-0.05049984493448305
19017,0.3443604038328194
19018,-0.01525446410499794
19023,0.2548982824088568
19024,0.06272389738037387
19025,-0.01818383777238507
19027,-0.12016139349753252
19035,-0.04497466768765736
19038,-0.166647715603905
19039,0.13110983865926218
19042,-0.01840165772213087
19043,0.01597899154063417
19045,-0.01374827966221952
19046,0.05984477879046715
19047,-0.0792546124194406
19049,-0.06373575744627702
19051,0.00303570434751512
19052,-0.0856898253709177
19055,0.17226358025901956
19056,-0.13955445818685225
19057,-0.1095401453438706
19058,-0.05801526293376181
19059,0.4651413109195023
19060,-0.3858724827275334
19062,0.04119916392930173
19063,0.05832386993831236
19064,-0.21978892064578875
19069,-0.12922106463177652
19072,0.08384516214351552
19073,0.01401742084915159
19074,1.1487654241831324
19075,-0.11077115304007218
19079,0.15000347042350537
19082,-0.21307950976341103
19084,-0.00323327558744149
19085,-0.49155056170521905
19087,0.6371342384628345
19088,0.07889925353330589
19089,7.451805640747693e-4
19090,0.03862476764934474
19091,0.2887204491750526
19092,0.1975701162247872
19094,0.0997370284827161
19099,0.03012405098089839
19106,-0.01340963508835846
19108,0.2595578163739842
19109,-0.6045860623104278
19116,-0.39793644084378854
19119,0.2917573997229809
19120,-0.3479460059634946
19122,0.23099553915298549
19123,0.1939179665278579
19124,-0.767888647021681
19126,-0.08683120921620828
19127,-0.02506357336196701
19128,0.1979879197103465
19130,-0.4251457637032758
19132,-0.363296108808851
19133,0.02524206724740343
19134,0.21147815069530837
19139,0.03201659264655909
19141,0.07001834128147595
19142,0.11258643862682537
19143,0.06911257416755268
19144,0.18847834067343433
19146,0.47212460886594954
19152,-0.08199713335757366
19153,0.07054352717588629
19155,0.08906680877233206
19156,0.14996505399151955
19157,3.205638195434915e-4
19158,-0.02212343342462268
19159,0.01556663509275113
19164,-0.08761098313394486
19165,-9.01744817715426e-4
19167,-0.05726255118846042
19170,-0.0702753678540664
19171,-0.01809713022135699
19172,-0.04805999654975185
19173,-0.01547386705284049
19175,-0.0219152064507501
19177,-0.07689391256152271
19179,0.00303730708598319
19181,-0.1676485929156461
19182,-0.01395583160289496
19183,-0.49728835555667783
19184,-0.04994781102622695
19185,0.01309189934982539
19186,0.02807973038291061
19188,0.05511163065056027
19192,0.10114521033047438
19193,-0.37417300474603904
19194,-0.14118963516437988
19197,0.18451475147845064
19201,0.23076465398575735
19204,0.027666728576015
19206,0.0344337878586224
19207,-0.08772799136994501
19208,0.0918118899410164
19210,-0.07758579465507037
19211,0.13981508408139287
19212,0.41584774747345465
19213,-0.03200475453026624
19214,-0.13689163158038756
19215,-0.37110876071172105
19216,-0.04738066413425543
19218,-0.1602540943823117
19219,0.175535275306479
19220,-1.0432248826911947
19221,0.06740732039602697
19222,0.09808006398941076
19223,0.0068404720997997
19224,0.0529791771856249
19225,0.17811628445058048
19226,0.3362988560193936
19227,0.11340522931354378
19228,-0.36699555172188536
19229,0.03438013590663551
19230,0.2125917646158045
19242,-1.5619814023462797
19243,-0.04285840798731775
19244,0.08288837545305561
19245,0.0825664726465592
19246,0.02586845603861015
19247,0.07433990353088558
19248,0.18692429993544496
19249,-0.5866130370358539
19250,0.1269186206774482
19252,0.5807803991906826
19253,-0.01573083325900243
19255,-0.19335742870615896
19258,0.21358855872301857
19259,0.1619895908887415
19260,-0.14860926463222746
19261,0.06638770202063335
19262,-0.07299539619609176
19263,-0.4669489214942404
19264,-0.00301975443810726
19265,-0.03015388920180875
19267,0.09057496190861132
19268,-0.6836224757453098
19270,-0.6617774422778535
19271,0.29077641697713286
19272,0.3237058790552667
19273,-0.5861967505754986
19274,0.3517271067787466
19276,0.4053076873383853
19277,0.03212210423279472
19279,-0.3381718024875662
19280,0.04162267086179318
19281,-0.4605789349164082
19283,0.13369293761348683
19285,0.05416603459175445
19286,-0.18757357833911095
19288,1.3437253592134963
19289,-0.031986147419750983
19290,-0.1047335021044562
19291,0.02139362195565588
19293,0.4553509468834649
19294,0.3711531553919095
19298,0.00221044440575723
19299,-0.1456340944256263
19300,-0.05690701079891353
19302,0.03415890496024605
19303,0.1243875141062658
19305,-0.0483255578224057
19309,0.5854139860521302
19317,0.06194102014790612
19324,3.0431865160948646e-4
19325,-0.00426888044570316
19326,0.02940631396837086
19328,-0.04577185226912083
19329,-0.14432195603455591
19330,-0.06549260658979826
19331,-0.1194905413013272
19332,0.3004158968102719
19334,0.1796679182598077
19335,-0.12290124348713811
19336,0.1125447150146152
19337,-0.8539285252594067
19338,-0.1287570506069605
19339,-0.101324747885544
19340,0.03794573751606069
19341,-0.13793275108421177
19344,0.098242155051549665
19345,0.04846547216616721
19346,0.1098894798168844
19347,0.15830210897546623
19348,-0.4198075532110035
19349,0.03340312510406544
19352,-0.15925643153373195
19353,0.02212060647484386
19354,0.04624251602733587
19355,0.00589364910296057
19356,-0.1984445896072045
19357,0.04258230127598536
19358,0.01916943542219883
19359,-0.4144056614190108
19360,0.09934044980591789
19361,0.20483861114070512
19362,-0.7034705836531439
19363,0.2320812957824234
19364,-0.15467228482842146
19365,-0.0911805498089071
19366,-0.05285773080503808
19367,-0.00416293481489418
19373,-0.03808534930157009
19374,0.23179819430377352
19376,-0.23453795552465012
19377,-0.1554475025221228
19378,0.5624978776103083
19383,0.272677812355747
19384,-0.02826186646812845
19385,-0.10870069275390376
19386,0.05341409410743555
19387,0.0567406954179797
19395,0.09776258117961643
19400,-0.17484231555762692
19401,0.05414529315454259
19411,0.05576777281021483
19414,0.00846177849461259
19416,-0.12333340495947002
19417,-0.5221657674165618
19419,-0.05883666689280058
19434,-0.07302034507495486
19645,0.05932156946401838
19646,-0.07536228600130324
19647,-0.0715699278384952
19649,0.22705020565517003
19650,0.08188953088707752
19651,-0.08269680063817006
19652,-0.12474985763488328
19653,-0.08671310717783391
19654,0.02802782098515314
19655,0.05942403058559549
19656,-0.12973354529231934
19659,1.1574406437239886
19660,0.1430870091457783
19661,-0.15648498301155603
19662,-1.2242917709882164
19663,0.13732103553075278
19664,0.3617324376932437
19668,0.3014996641493808
19671,-0.07300772623921806
19672,0.1355472195446944
19674,-0.22278324534301264
19679,0.1399285491661138
19684,0.02767223357994611
19687,0.02685880893256743
19691,-0.02272190697760908
19692,0.3187506101744222
19693,0.11411625402589748
19694,0.03965615768559161
19696,0.06772618219054496
19697,0.02597475861688934
19698,-0.00406004602146766
19699,-0.00112493230315628
19700,0.6379505537647342
19701,0.27000744020588235
19703,0.2495927948667132
19707,0.30046278168706897
19708,0.00856429521701388
19711,0.3399432052092804
19712,0.2071821426483133
19713,0.2578639721944338
19714,-0.09870234639364252
19718,-0.01681343565677474
19719,-0.10243303507599658
19720,-0.02760953531789034
19724,-0.00238823806455453
19725,0.6008670207479387
19726,0.18416456301995313
19727,-0.1392121238324289
19729,-0.10745852154923566
19730,-0.09399674654113654
19731,0.12619379002681191
19732,-0.01771465174234796
19733,0.32995460961670486
19734,0.585929679545774
19735,0.01005703161256205
19736,-0.20763930351143248
19737,0.4643060552906013
19739,-0.24751740086125523
19743,-0.06465856221127135
19744,-0.29702970335343293
19752,-0.11416960136715253
19762,0.7061130757076621
19763,-0.13422785895653133
19765,0.08233701137818775
19766,0.10198199419542436
19769,-0.05701926527078406
19771,-0.2723746826749712
19773,-0.7186664247062237
19775,0.08462287168179099
19777,0.12102916166188804
19820,0.32292631175880493
19821,-0.06740402989143175
19822,0.10844643944941657
19823,-0.06827480649551507
19824,0.045653838204707
19826,0.1892365699855903
19876,0.114510930714401
19877,0.02904047331779216
19878,0.09576959984681474
19879,-0.49412957057800905
19881,-0.04467463429505822
19882,-0.3634257972397723
19883,-0.03020006771519931
19885,-0.5825892640833586
19886,0.08861638122555232
19888,0.4854354312957838
19889,0.1138723223082185
19891,-0.01634793127887027
19892,0.7688845172939298
19893,-0.33813552280013304
19894,0.147247385959619
19895,-0.03108227616997284
19896,-0.00229436974622533
19933,0.31374605730439825
19934,-0.02499984380875568
19935,-0.1202597717575192
19942,0.00644723100154739
19943,-0.01543053049143229
19946,0.00442031479394258
19951,-0.02702608496270598
19981,-0.01603802483586359
20014,-0.02943884845317904
20016,-0.05242680137163673
20017,0.29786591016602204
20018,-0.1351686157810052
20019,0.09919313565814092
20020,0.04902019446750539
20021,-0.14884683882367658
20024,-0.07583024181978781
20028,-0.44850655012500185
20042,0.02459870491359292
20044,-0.04002650960879883
20055,-0.05324527171217122
20103,-0.02852029443756592
20111,0.01132831102404097
20112,0.06398814276688512
20129,-0.4978801509341671
20130,-0.03447141725940973
20132,-0.1563277722075929
20147,-0.12068563720669796
20148,0.04671340480449725
20163,0.12269417580941636
20166,-0.1241132779855855
20167,0.6195289052981242
20168,0.13880116857923402
20170,-0.02163449936565824
20174,-0.08274521132468199
20181,0.529972412938739
20182,-0.11481488993551452
20183,-0.06574568701786747
20184,0.20565867386998468
20185,0.18176733032828807
20186,-0.03045403364422168
20190,-0.06111234542085355
20191,0.42901279129044967
20192,-0.303951758460996
20193,0.06301118476057735
20194,0.10898472356879146
20196,0.06603591409104671
20197,-0.2759754576624025
20198,-0.07395445204219332
20199,-0.03813709029414995
20200,0.07213965062257069
20201,0.01262238038487575
20202,-0.01403233459769363
20203,-1.3711631118426122
20204,-0.2545299303222216
20211,-0.21958864165569755
20215,0.17568042893160746
20216,-0.5649848743246444
20218,0.06567932145695408
20222,-0.02966644518077697
20224,-0.0756730175269106
20226,0.03080117117925155
20227,-0.03141110629007886
20230,0.07689301304546847
20231,-0.3812184275558158
20238,0.31430596689422124
20239,-0.06091848591774083
20248,0.26528000985152517
20249,0.05202633912890959
20254,-0.22549491128317023
20255,0.2495712510470916
20256,-0.16283945929566582
20257,-0.04932418059586284
20259,-0.5947706479814839
20262,-0.623246617463834
20264,0.06528384765316567
20265,-0.10223109172829108
20266,0.3006387035991306
20269,0.06362156706546582
20271,0.1748199202239591
20272,0.2426330931418992
20273,-0.22143838901156404
20274,-0.3219601247753193
20276,0.15873291741196024
20277,-0.3187746820900395
20278,-0.22317537769628792
20280,-0.02628677041950889
20284,-0.24314248384495185
20286,0.11706782150700731
20287,0.5579015821502835
20288,0.25317052099180326
20290,0.40713110782168793
20292,0.17506553223084148
20293,-0.5869631163989018
20296,-0.18702157727283064
20297,-0.4469032878777984
20299,-0.12343520741840085
20300,-0.05870187868612281
20303,0.28951033936285175
20306,0.24332629981080064
20311,-0.6136839432348113
20316,0.01128196708658794
20317,-0.22353846966388272
20318,-0.01713485788528463
20319,0.5676853381514666
20321,-0.05874450167474784
20322,0.03869965284847884
20324,0.03822934324723465
20334,-0.2452480635913465
20336,0.40918177227965985
20338,-0.11431701434245184
20339,-0.7502542277885889
20340,0.03977808937337038
20343,-0.01794743826783552
20344,-0.04027209383155292
20345,-0.05852147772362617
20346,-0.04737677571108693
20347,-0.4434804630977017
20348,-0.7797860210628762
20350,0.659472633058119
20351,-0.03953180862006524
20352,-0.1368127036281865
20353,-0.1230736183683372
20354,0.04713833229708487
20355,0.0335801316714888
20356,0.12655459928084808
20357,0.30419868126752253
20358,-0.0048353797095341796
20359,0.32593581295039886
20360,0.24479722760884667
20361,0.17608039578195475
20362,0.1541989139623555
20363,-0.02428782183216709
20364,0.01669596630919261
20370,0.800637915735767
20371,-0.08700385642852682
20377,0.5878631726256774
20378,0.6204827172120684
20379,0.5673223258995882
20382,0.05015369522672065
20383,-0.07346596525899615
20384,0.04124664238211511
20387,0.17239069516329972
20388,-0.4660998157583416
20389,-0.5152683092168693
20390,0.00129687410173143
20391,-0.308262319754194
20392,0.07270434235994691
20393,-0.15200941508617383
20397,0.04055489042057463
20399,-0.00233974880488287
20400,-0.1671371181186425
20401,0.19936489850428216
20402,0.25209183778178074
20403,-0.02179796245665661
20404,-0.2146887732131207
20405,0.02111002383911011
20408,0.44499898642428193
20409,-0.07120201745163322
20410,0.5993368369213049
20415,0.2773190936344234
20416,0.01678612276817473
20418,-0.2549172429531141
20419,-0.434866178259805
20422,-0.04151660395992075
20423,-0.01702238365556601
20425,0.8058344779674953
20429,-0.18338613989625516
20430,0.08456107595235367
20437,-0.3578725132404687
20439,-0.2992913038828027
20440,-0.02922497205277414
20441,0.17178697283476896
20442,0.1315080442038453
20443,0.25586718544382836
20444,0.18508674406812697
20445,-0.4422386044164845
20447,-0.16440809633686962
20448,0.04090547336743099
20449,-0.06858558301578084
20450,0.20362511435872624
20451,0.3115410206779112
20452,-0.11177758304427458
20460,0.7969500000185423
20462,-0.2613948300111605
20463,-0.01181492185911875
20464,-0.8506535967293636
20465,-0.282766079411926
20466,0.08484038998442882
20467,0.04550272337954478
20469,-0.03915392741930261
20471,-0.7964144290042503
20472,0.5202964725614275
20473,0.15649019498513203
20474,-0.09538152840133617
20475,0.3548882351735355
20476,0.30862513798758306
20479,0.00768775546470804
20480,0.00117518639778104
20481,-0.17963148152740635
20482,-0.16660987863460974
20491,-0.00587875896035319
20492,0.05279592418374565
20493,-0.05208223927012233
20494,-0.09776955509789265
20495,-0.4648114382689917
20496,-0.12919587576036604
20497,-0.01862168923397228
20498,-0.1436985383233015
20499,0.06374101132995448
20500,0.7583443617875087
20501,-0.34680434053493603
20502,0.22340961143523108
20503,0.1475865166939522
20504,-0.03984996702720202
20505,0.6691599108324623
20509,0.0937439225798704
20510,-0.01649911535732137
20511,-0.660234073972078
20512,-0.31080075024863996
20513,0.1965153466650618
20514,-0.03277778501075713
20515,-0.11512186709537948
20516,-0.27776043633348046
20517,0.029258060404275
20518,-0.29676980808901077
20520,0.06045427281918716
20521,0.00644389157690755
20522,-0.21484571750768203
20523,-0.22678518291731775
20524,-0.07167197034436872
20525,-0.01022433052244593
20526,-0.6074597190546975
20527,0.19340440128128375
20528,0.23196165308951
20529,0.28805651166062307
20530,-0.119489661917837
20532,-0.21732180796093997
20533,0.17037056007498352
20534,-0.01819193162006035
20535,-0.0102854723516268
20536,-0.44091487593517453
20537,0.2840486419622702
20538,-1.4240035185902469
20539,0.2382972771592587
20540,0.19785706239262368
20541,-0.15850335342943989
20544,0.02888873062013319
20562,-0.05232611235635615
20563,-0.5167104107190558
20564,-0.1890374151334215
20568,0.05286427564689264
20583,0.03627938087951815
20585,-0.06712284128006635
20586,0.0198377313894382
20587,-0.16655046495015344
20588,0.02824529071764467
20589,-0.06406805724125722
20591,0.04022949912446431
20592,0.6990243203361693
20597,0.04328342867255772
20598,-0.30242845606568974
20602,0.07965834930661511
20604,0.3711963246351125
20605,0.4960529071686261
20606,0.3764250519407415
20607,-5.086032433848781e-4
20609,-0.10977345224482243
20612,0.23017890831729657
20613,-0.2125353025041054
20614,-0.04215745617763641
20615,-0.1111773827528488
20616,-0.2701955919859876
20617,-0.00509266611267771
20618,-0.08411321564600616
20619,0.03803359051544292
20620,0.2136675600341557
20621,0.04939989992963704
20623,0.11638756899909838
20624,0.0606407695647132
20630,-0.18132709067005143
20637,0.06542188451606122
20638,0.07749194543946634
20639,-0.0355931981790419
20641,-0.05338143727225653
20643,-0.07892220142785697
20646,-0.316630174511541
20648,0.00414914151499792
20649,0.02335663521431142
20650,0.14285729439058645
20652,0.353900758582249
20655,0.02162875338284493
20656,-0.08978710713695584
20657,-0.7791396929253809
20658,-0.0627767736893925
20660,-0.03111622057285973
20661,0.09184561199637968
20662,0.23437338678542444
20663,0.00923457491205997
20664,0.04924383835254552
20665,0.0682550419309458
20666,0.4966597844100621
20667,-0.7412346872701107
20668,-0.22616412811165915
20669,0.10276394707300472
20670,0.12466834861175968
20671,-0.1378965153176831
20672,-0.8674819409967123
20674,-0.6035632290896378
20675,0.2218485676561615
20677,0.32985876475660464
20678,0.08464945097121496
20679,0.8141090256789529
20680,-0.3331027496273007
20681,0.837902048843622
20682,-0.4554260203454522
20683,0.16579323534162038
20686,-0.03572300588730574
20687,-0.9423520182601726
20688,0.0812090102525864
20689,0.11496752364871414
20692,-0.7933803219919984
20698,-0.1867532687456861
20713,-0.256057513119897
20719,0.06687534174047081
20723,-0.07830814480130449
20724,0.33007039208905303
20725,0.03316448229509969
20728,0.05047994098789606
20729,-0.128221568388922
20731,-0.5167123842950112
20732,-0.07483349603463213
20733,-0.2005590286807538
20737,0.0110361079349766
20739,0.07757854386468886
20740,0.09332755629904566
20741,0.656817042225513
20742,0.0764118862307024
20743,0.00820823514881789
20744,0.05490204622369141
20745,0.5652749679209239
20747,0.02737449622174134
20750,-0.5213755551222239
20751,-0.0020159668074876
20754,-0.06564343580768932
20768,0.7454437329713064
20773,-0.1269404121204439
20775,0.228707791990648
20776,0.07800868075544638
20778,0.01546650760174453
20779,-0.04263749881449248
20787,0.05070023171449828
20788,0.0994275259909678
20807,-0.07588551722861278
20810,0.04159933235598793
20811,0.1566980380979267
20813,-0.03072421339764275
20815,0.07432404724366487
20817,-0.06404187430602828
20818,-0.320602068773315
20821,-0.1275131130588853
20822,0.24792660260817717
20823,-0.0937116031459604
20826,-0.14936285696018828
20832,0.0030583268832391
20833,-0.00789013607384067
20834,0.11630993412104418
20840,-0.04094306955923292
20841,0.17230456842507924
20842,-0.00271914817155127
20843,-0.06633813998548724
20844,0.08979381060732618
20845,0.15146890669968527
20846,0.20236116771258
20847,0.1231385860889185
20848,0.11314859458800414
20849,-0.05821576386906534
20850,0.1468029554324204
20851,-0.04410891779155949
20852,0.1458938052685056
20853,0.01755768260443873
20855,-0.02251354016518691
20860,0.1021963314193961
20866,-0.06143095842160885
20867,0.21305595514012304
20869,0.12878814321050236
20872,-0.12326797507723172
20873,0.12044523756431488
20874,0.28837483163490163
20877,1.4562794612197476
20878,0.1237872663705519
20888,-0.4962000387291186
20890,0.00374951153969679
20892,-0.119239050708269
20897,0.6478138813641994
20899,0.27321010549092073
20901,-0.07811472486612295
20907,0.07311246105360229
20908,0.01907038284196634
20909,-0.0513317327462114
20910,-0.10675578787728723
20911,0.04334619953504394
20912,-0.09994575314362636
20913,0.29645487195505904
20916,-0.12816174853498166
20917,-0.15215097101439912
20922,0.08708432503096501
20924,0.06519340169261648
20926,0.35439748553344974
20927,-0.16683981217145422
20928,0.3610671094071436
20930,1.0519698667680634e-4
20931,0.107143412883958
20932,-0.1168969622472086
20935,-0.0605036949494543
20937,-0.3326855659993906
20947,0.09472622734548028
20957,-0.3910969879895296
20962,-0.21349692451185387
20963,-0.03356833536265592
20964,0.5163448718439967
20969,-0.20871140923560644
20970,-0.02515300233761679
20971,-0.4149417611048326
20972,-0.1391054004565325
20973,0.01134399603373079
20974,-0.23943540372414096
20975,-0.2363109184560725
20977,-0.07207178523022247
20979,-0.342665279238592
20980,-0.01988603850759869
20981,0.43580070391010906
20983,0.41758928206277424
20997,-1.0689829716593668
21333,0.09966051494139933
21334,0.6162893878664889
21335,-0.12135559456546233
21336,0.27611730919774924
21337,0.00667906270330636
21338,-0.16432824782132416
21339,-0.107820723213439
21340,0.10354458857293763
21343,-0.09872389186150392
21345,-0.115433763437931
21346,0.04379696824320911
21349,0.03998205089048543
21350,-0.04071898110010615
21351,0.05479067836809263
21353,0.09007492399018782
21355,0.08227016822319408
21356,0.11134816646460796
21357,-0.07420282556823551
21366,0.03093110906556231
21367,0.2098043401768479
21371,-0.22500193503679616
21372,-0.05348270470903643
21374,-0.1564676427082723
21375,-0.49109782714416006
21376,-0.10083946149749316
21379,-0.1788660122660573
21380,0.04649048444425709
21384,0.4843728568962986
21385,-0.7544041311351422
21386,0.2198791617909133
21387,0.3144465777205534
21388,-0.14531465972593213
21389,-0.01190206127497818
21390,-0.10866006428222728
21391,0.20258261218506368
21393,0.120291570467053
21399,0.00643811217349503
21400,0.2557258481849416
21401,-0.2252727462085549
21402,0.0704927011820811
21405,-0.02802057504539502
21406,-0.07226251288424054
21407,-0.02873596800572134
21408,-0.5590249137906251
21410,0.03904613212033865
21411,0.08023828752263151
21412,0.5886722116519438
21413,0.24672045884078825
21414,0.06997869371172137
21415,-0.9691182653218832
21416,-0.30165866399179597
21417,0.15126269417397997
21418,0.5166023069318533
21419,-1.0206616353408795
21420,0.16451677586288005
21422,0.09503315728870015
21423,-0.00224780102203993
21425,0.04944384497555487
21426,-0.4251317758301192
21427,0.04333044986230505
21428,-0.09887067615523512
21429,-0.08710437316812496
21432,-0.4035485342761595
21452,0.17399844608653312
21453,-0.02785756326042864
21454,0.05341714720783178
21463,0.022744171568047
21645,0.3664473942348452
21652,-0.0968522322657431
21664,-0.5799485211044944
21667,-0.686113204699154
21672,-0.02665841682436136
21673,-0.33236994396804537
21676,0.596281937902202
21677,-0.0531242463278317
21678,0.26126638893154513
21679,0.6098596130132593
21681,-0.06893397571713947
21682,-0.05045723208044613
21683,-0.6299404126631298
21684,0.43632347135544247
21685,-0.1484823489153807
21687,-0.29916635472925684
21689,0.3230542101494597
21744,0.4958834585964894
21745,-0.01297012970258067
21749,-0.18366488680935905
21750,-0.04589779389760549
21752,0.17028309368546285
21753,-0.09751205801920476
21754,-0.03849650737859628
21761,0.00567855749978006
21762,0.00733868442405056
21763,0.1433320063498618
21766,-0.12333150610843048
21767,-0.04357338664477847
21769,0.0781577866639323
21770,-0.2369778782994505
21771,0.0376108624265337
21778,-0.3702390119018569
21780,0.01393279775934801
21781,-0.01485397191947468
21784,0.03656623915251306
21785,-0.3829395046251268
21786,0.5709718913239923
21787,-0.06097183469736662
21788,0.03610454867976667
21789,-0.19346441857973656
21802,-0.19820007688802832
21803,-0.107395867541575
21804,0.222739996441338
21807,0.00764185221640312
21808,-0.3616464075978718
21809,-0.2839800754622064
21810,0.11862363039577507
21812,-0.18599600555962603
21813,0.05592316891524612
21814,0.02199624364102546
21815,-0.06872766403786668
21816,0.2720952559502358
21817,0.13850648139805033
21818,-0.10619807753093956
21819,0.1786312754081517
21821,-0.1715167856979479
21823,0.02921713504904808
21824,-0.18934051895139695
21825,0.1939467974597799
21826,-0.22431300117161673
21827,0.15785370608565388
21828,-0.10451998448149084
21830,0.22124486884600383
21832,0.5618335742099443
21833,-0.02499557636035926
21834,0.06161173874889079
21835,-0.28206983983909956
21838,0.01892144971731035
21841,-0.29913085059225775
21843,-0.00660633291829225
21844,-0.26637205313123336
21846,-0.55611231930239
21847,0.10898034666618028
21848,-0.02382575762362857
21849,0.1730906790799599
21853,-0.08850351582369317
21854,-0.1661732491363579
21855,-0.07189824204985965
21856,-0.04202217089965193
21857,-0.3715093346678861
21858,-0.20237096520348063
21859,-0.5179033827136122
21869,0.10301026475059658
21871,0.09025628365449612
21872,-0.3940640893823505
21873,0.4369736352719521
21877,-0.2711174790691562
21881,0.03039929615059969
21884,0.5076432718282844
21885,0.03587157867994029
21886,-0.23773085005737893
21887,0.07796113751118952
21888,-0.2420542073701175
21892,0.5581006584504303
21894,0.13960480758382995
21897,0.08803109391808175
21898,-0.14846754317030134
21899,-0.10298114579798762
21906,0.2220464348628439
21907,-0.02743299115408787
21909,0.02258743325340602
21912,-0.7322928223193177
21915,-0.06740126640614655
21917,-0.10826869839742394
21923,-0.4120481164591758
21925,0.13316625160563983
21926,-0.2875786596583151
21927,-0.02159407358839515
21928,0.01822969124041666
21929,0.03515520137298188
21930,0.7538289037280761
21933,-0.4085340715603992
21934,0.51262682014584815
21935,-0.07689933086157061
21936,-0.144536096072274
21937,-0.06202755412639899
21938,0.23084902790467415
21939,-0.17817235709816126
21940,0.08841473158978423
21941,0.3221767160702147
21942,-0.02515264421559569
21943,-0.5064468322208516
21944,0.1726342248957186
21945,0.2348333149383362
21946,0.13757666232127405
21947,0.2411470378497177
21948,-0.1448971945523075
21949,0.08193828491537021
21951,0.49434621223650566
21952,0.6176556782857193
21953,-0.02542217378321942
21954,0.23575039004500525
21955,0.0804297689963759
21956,0.13145080756503957
21957,-0.04396547052099534
21958,0.1325022206033638
21959,1.7610523696529656
21960,0.2640672467246289
21961,0.18675086524658224
21968,0.40976015065575994
21969,-0.00641450494106468
21973,0.5282983007680511
21974,-0.04416350562483359
21975,0.05208394464899209
21976,-0.1206000297565063
21981,0.0610866157093978
21982,-0.10405162841475064
21983,0.17095445315824082
21985,-0.03694435152069081
21987,-0.10254146611728282
21990,0.03345660644460731
21991,-0.00681259893479821
22004,0.2620903412026091
22017,-0.5960570009381458
22018,-0.09013004468063272
22019,0.05576998335018011
22021,-0.7796755287040793
22022,0.0768190899032061
22024,-0.40708629207526015
22025,-0.04306501649306688
22026,-0.00393623616303646
22027,-0.02215597198749687
22029,0.126550863516865
22030,-0.01924083026988589
22031,-0.07044652442796814
22032,-0.25891406187805677
22034,0.2507686507633009
22035,-0.18887865474932325
22038,0.10664311256319046
22040,0.01703952511955466
22041,0.08609006141360251
22042,-0.06439571129280527
22044,0.2603089574240108
22045,-0.2821829176690566
22051,-0.17007544406447483
22057,-0.01479252543296709
22059,0.5784385031056222
22061,0.04007514333613103
22062,-0.00930156020824473
22063,0.30643403840325023
22065,0.7533253316594706
22066,0.4110727316539528
22068,0.23105035721184147
22070,0.01385856975441437
22083,0.18679637615706585
22084,0.07713501878721862
22088,-0.06049871181521259
22092,0.17772812785358943
22094,-0.20181650635114048
22095,0.08524135710822815
22099,-0.03784623792192419
22110,0.03372518119997668
22113,0.2788196498149033
22114,0.4400027032602256
22116,0.24677526891218227
22117,0.6175448138117214
22121,-0.13833377123547846
22122,-0.02570418597620072
22123,0.02055174546435153
22129,-0.05432258146067975
22130,-0.29169544982754414
22134,0.03685113105150789
22137,0.5601638283561889
22138,0.13214598561390606
22141,0.5484964259707391
22143,-0.02151203278952268
22145,0.09002133514291044
22146,0.02521750513643838
22152,-0.6057494095866885
22153,-0.04038881012449474
22154,-0.05045765928331401
22156,0.0095924068184957
22157,0.1655784918030986
22160,-0.1562586627966144
22163,0.08894659419819148
22165,-0.07307327063016196
22166,-0.10842007961923895
22169,-0.00891891608875649
22171,-0.21274302477240825
22173,-0.3231370959645348
22174,-0.39371506654068034
22177,0.01824746246290484
22178,-0.2945653644092834
22184,0.16311269918928534
22185,-0.11959523576487856
22186,0.00277859701813757
22190,0.06088228231726535
22192,0.07987239865771717
22193,-0.06028188010436429
22194,-0.10057348110605424
22195,-0.04369658909907881
22196,-0.04125579933346762
22200,0.25233016315013973
22201,0.09447459186059735
22209,-0.32048046670109825
22210,-0.07132247362409111
22213,0.13523851561876107
22214,0.24195125630246123
22215,-2.2716719292575904e-4
22217,-0.09101221180948058
22218,-0.08359021815500599
22221,0.29044731096501736
22222,-0.27786300667303965
22223,-0.11936325384890512
22224,0.01524060438755938
22225,0.01024400134450945
22226,0.0582634024590345
22228,0.11353648969716552
22229,0.0653812698441236
22230,0.02302147554854381
22232,-0.00935973382075243
22234,0.13868885005621062
22235,-0.03376476171340363
22239,0.2635330523822818
22241,-0.12929616390265122
22242,-0.19551735490984917
22245,-0.19244794637749615
22247,-0.06863825486694315
22248,-0.03773564524968247
22249,-0.534640787022273
22253,0.5443218779955106
22255,0.06374616863802232
22256,-0.04680769716757461
22258,0.11762115038679122
22259,-0.16665551007059942
22260,0.1291960551732026
22268,0.15777644405765562
22269,-0.475766996351308
22270,0.5054508544424455
22271,0.07275559965607542
22272,-0.01523641049413066
22273,0.04011982408994478
22275,0.03311889255039202
22276,-0.07153583891159854
22278,0.314800095098587
22282,-0.1504920889935356
22283,0.4595110082196332
22284,0.30374072522571666
22286,-0.11312164671587792
22287,0.5570435770658623
22288,0.16573548904964402
22289,0.2069472250906791
22293,0.34317036948361346
22294,-0.06042149404338964
22295,0.13196854994259025
22317,-0.13487402109074298
22318,0.02580430383969542
22319,0.21405047900055812
22320,-0.03321051514082542
22321,0.14229321602798706
22323,0.11796535218334878
22324,0.00697494399813231
22325,-0.1478067872030972
22326,-0.6129918066205546
22327,-0.01014356346547781
22329,0.46445964057466305
22330,0.3865935982224152
22334,0.0692452684402072
22335,-0.03141636596427222
22337,0.19155660596324783
22339,-0.3921031557871276
22341,0.03410157427365366
22342,0.13221256308693885
22343,-0.16561988386886217
22344,0.00588722036677258
22346,0.02654284138412327
22348,0.5797959954466554
22349,-0.01042963992104496
22350,0.074369115266643
22351,-0.10897977650381484
22352,-0.03376125867921956
22353,-0.2553298439173518
22354,-0.15535223577466026
22355,-0.2610136271784141
22359,-0.3010744081800271
22360,0.1153391360894031
22364,-0.09641693921811773
22365,-0.11051205174099173
22367,0.16850109925568046
22368,0.03275132280203103
22371,0.2452596486275619
22375,-0.00980117574363001
22376,0.07491425577435183
22377,-0.02326145088911132
22378,0.1037604487929834
22379,-0.0145017666733898
22380,-0.03840452318708717
22381,-0.20089461787297144
22384,-0.04441519643672351
22385,-0.19657347525274155
22388,0.0025436776171855
22390,0.28083923314537257
22401,-0.03212154875349385
22403,0.23057130955582447
22408,-0.03277558466271228
22409,0.09877007375904084
22410,-0.33010508983617837
22412,0.29976953624224095
22413,0.36912359674645856
22414,-0.1754178258153876
22415,-7.02596430538374e-4
22416,-0.16746016944248007
22417,0.12167837308129226
22418,-1.1150247734266467
22419,-0.08844124396149025
22420,-0.3829492664394438
22421,0.25041001385935735
22422,0.1781500837433903
22423,0.24068171759063084
22427,-0.00295015956794153
22428,-0.05416903712116672
22431,0.28566399719912805
22433,-0.0647548373030218
22436,0.2085722605863995
22437,-0.1482640530493468
22439,0.08886274254832184
22589,0.2728643913331498
22590,-0.05997548259272751
22591,-0.12156823079916736
22592,0.21332793344622952
22594,-0.04961132525325396
22598,-0.01360060745530916
22601,0.1841986893071681
22608,0.0934860368756805
22619,0.1706117518886689
22625,-0.00677202829017808
22626,-0.1021411045903352
22627,0.06951634477555524
22628,0.13804686699179644
22629,0.06872149659628086
22630,0.00918127093591752
22631,0.2448872975270977
22632,-0.16086265902329283
22634,-0.4822269071108296
22635,0.15904805643180456
22637,-0.01915304402615093
22640,-0.11155233211728764
22642,-0.7031408218440599
22648,-0.11951534140377432
22652,-0.2588990206689772
22654,-0.1138983213519756
22658,0.0042232635227118
22661,0.00479048747311351
22666,-0.03551014728440511
22668,0.14907916337048174
22670,0.00769179045090532
22671,-0.04957182238692534
22673,0.04680911305978873
22678,0.3011096930346094
22680,-0.02358359753485187
22682,-0.00147872129932919
22685,0.05917102757651237
22687,0.02648319264618778
22688,0.11970583623841675
22689,-0.16071495658119506
22690,-0.5733456488708764
22691,-0.21910710842071704
22693,-0.36644611015657613
22695,-0.8692082408316805
22697,-0.1579682402970834
22700,-0.5209113164194976
22701,-0.05067323531433411
22704,-0.09276915795049408
22709,-0.2999403389755645
22715,-0.2666296765270064
22720,-0.11262995423765346
22750,-0.1678071930425455
22751,-0.26359243842866853
22754,0.3143572187414063
22757,-0.0747651753204682
22758,-0.1468231952063606
22761,0.04348922689625048
22762,-0.2365557128066956
22764,-0.1493459941474774
22770,0.3726106768736363
22771,0.2968616707998391
22772,-0.5195284132523612
22773,-0.1286577036337359
22774,0.15681457333429727
22775,-0.33461912741145594
22778,0.06506006643170106
22779,0.17369763690303275
22780,0.2454499452810883
22781,0.18757575441352284
22782,-0.04743117528941474
22784,0.7065894479827572
22785,-0.2572666686863082
22786,-0.4310257145665131
22787,-0.1645044010206309
22788,0.29030343638295875
22791,0.14777998935862485
22793,0.06103431489718727
23789,0.08851656512519553
23790,0.00944963161371453
23792,0.04134165171321705
23794,-0.00731083071714872
23795,-0.24249489710448235
23796,-0.24555408242123417
23797,0.1653002011252177
23801,-0.527827347561715
23802,-0.07320894569944084
23805,0.06239650384130452
23806,-0.05204372094343098
23807,-0.09922868085617952
23808,-0.00284935264142253
23821,0.4418131024925906
23825,0.04001430725104318
23827,-0.603536024341401
23828,0.9004510512805933
23829,-0.478515379573446
23830,-0.15501668479340996
23831,0.5631924763213212
23832,0.1845869673189892
23834,0.19794334326764207
23836,0.35596440842195487
23837,0.01694259063770858
23844,-0.5257361159627194
23845,0.6148813752085682
23849,0.03228926953819924
23850,-0.18842163074042173
23853,-0.0758575305182516
23854,0.05193083235530084
23856,-0.01894718192496088
23857,0.2460373352101714
23859,0.31128392351015294
23863,0.17836457910951337
23871,0.05049430447297555
23872,0.0774665476646953
23873,-0.08709762986624872
23874,0.10890598970642872
23876,-0.2922671518726311
23877,-0.1571918982457141
23879,-0.0943258837082176
23880,0.19779421090834615
23881,0.0694522242057507
23882,-0.03382212939797052
23885,-0.10000766280854365
23886,-0.7685824870191749
23887,-0.01037622806706191
23888,0.4939555077170683
23890,-0.10486497545558958
23892,-0.28519593722141845
23893,-0.7250954055863122
23894,-0.2449885671148068
23897,-0.08932736249098568
23900,-0.00804404947634657
23908,-0.7723472181357032
23912,0.05923969707240727
23917,-0.02555221819962175
23919,0.10882568355710266
23920,-0.1859830139182041
23921,0.1453701053404041
23922,-0.01021532318823799
23923,-0.31514194124196243
23924,-0.0784184569423611
23925,0.04567601082902544
23928,-0.1577636495406834
23934,0.5755703405907335
23936,-0.16320631854525264
23937,-0.2973427697049143
23938,-0.0271667582503892
23939,-0.13450407342813334
23942,0.08461397085827352
23943,0.04222811572303806
23945,-0.05063834627613384
23947,0.45388384281750616
23948,0.3917538237498883
23950,-0.00749883700912129
23954,0.1098448575821618
23956,-0.31345380642226417
23957,0.4215374725696108
23959,0.15902298086106065
23963,-0.7410829857045746
23964,0.5238638413364393
23965,0.10718998967164764
23966,-0.0957273593246724
23967,0.25274943337182515
23968,0.486422662275913
23969,-0.08208961515487459
23970,0.09183417701935093
23971,-0.15770633412895835
23972,-0.11339383291767356
23980,-0.10931604966945473
23983,-0.03620122194972779
23984,0.589014467206817
23985,-0.8767290665234001
23986,-0.05512979360444518
23988,-0.0814714078069657
23989,0.04798055378242254
23991,-0.08673728713600808
23992,-0.03687231439802153
23993,-0.2713322632587216
23994,0.03740706068168439
23996,-0.03081978698723856
23997,0.00583378271373252
23999,0.01188318017776797
24000,-0.25149363696174837
24001,0.1920827706638809
24004,0.02818670743074364
24010,0.02361493683287749
24012,-0.5850109482513797
24013,-0.06128598992771766
24014,0.22582030785914992
24017,-0.07605145457272161
24018,0.1349612703799274
24030,-0.02494411172256531
24044,0.07257657336789596
24045,0.02489421326489701
24046,-0.25553682825032015
24050,-0.02658201669697819
24051,-0.16192776858295174
24052,-0.1788069402848229
24053,0.22627154677344125
24055,0.04141343489383925
24056,0.01289520444707606
24057,-0.0336558209570835
24058,0.00771864515783506
24059,-0.1380226557564263
24060,-0.22887725268815773
24063,-0.4187894858029202
24064,-0.4927601542340231
24066,-0.15576688317619702
24068,-0.0381298320214762
24069,0.3877890027952119
24070,-0.09853177200228092
24071,-0.09328276574836623
24074,0.30299163901618476
24075,-0.00268314005263268
24083,-0.05527723088884555
24084,-0.01046274596015649
24086,0.18333685918408815
24087,-0.3238874781781213
24088,-0.01631994322295392
24099,0.03109000939811435
24100,0.00171970976135295
24102,-0.09365399981416812
24105,0.02143182451294137
24108,-0.3466909751223471
24111,0.44732434582975034
24113,-0.4953770817025586
24115,0.04920656963542398
24116,-0.00271830689188057
24117,-1.011483404208544
24127,0.4448917099723469
24128,-0.10158272360855852
24132,-0.08448205719362606
24136,0.05643432842388626
26356,-0.08927584889244088
26357,0.09251601450553512
26359,0.15247866971816448
26361,-0.31598494083879763
26362,-0.24531188940389048
26363,-0.01464243371356521
26364,0.0619739304813953
26370,-0.06781865550833993
26371,-0.08692390493024849
26372,0.32264254516087404
26373,-0.30632899843970207
26374,-0.09842459277023176
26377,0.0544805791845106
26378,-0.00712957850123434
26379,-0.10748303231750708
26380,-0.06375265705975784
26381,0.01853222213187896
26382,-0.03787718499851944
26384,-0.14102922787982428
26385,0.01438106933185568
26386,0.40415553561575435
26394,-0.03638449608363083
26395,-0.06588744480038035
26396,0.05965907565809861
26397,-0.00703204539062544
26398,-0.14073413264517684
26399,-0.00665632568207657
26400,-0.4409516525619791
26401,-0.05717068954979158
26403,0.07492509503978224
26404,-0.22995696232016621
26405,0.3902149835896874
26406,-0.00269933250638892
26407,-0.03606920989360136
26408,-0.02505773086364868
26409,-0.1326026147240767
26410,-0.20199416878422904
26411,-0.00800295776641357
26412,-0.05891265603861855
26413,0.03645358122422142
26414,-0.04996568280179313
26415,-0.21430990578883463
26416,0.12205311910781314
26417,0.0638720983297335
26419,0.43761297359495255
26420,-0.05550080799190378
26422,-0.175547802370335
26423,-0.00667184983003345
26424,-0.387169927084746
26425,-0.0818655327078244
26426,-0.05050491513792969
26427,0.12763297675300564
26428,-0.00345523352578294
26429,0.792412389706626
26431,9.044613754352442e-4
26432,-0.45797071835042247
26433,0.04774085045035239
26440,-0.03784493463289005
26441,-0.07958750673028395
26442,-0.05472313340280577
26444,-0.05642411356672838
26445,-0.19192487976847483
26446,-0.05139087443659174
26447,-0.20018064372291583
26448,0.03597359906812279
26450,-0.0931065892544798
26451,-0.01358786175692997
26456,-0.404570252575207
26457,0.11914463430072712
26458,0.08983835318357777
26459,-0.30601672617121073
26462,-0.04487951234331413
26465,-0.01063857454509184
26466,-0.2523784952110424
26549,0.3305704535687984
26554,0.09155074555142388
26556,-0.00831878767707781
26557,-0.05966443877236191
26558,-0.05379060324982748
26559,0.48622847750736503
26561,0.11660722183348118
26562,-0.01543404690890652
26563,0.627095348246897
26564,-0.3842630182470635
26565,-0.06974309342239829
26568,0.03849283149898611
26569,0.32596348348370324
26570,-0.5872890975294804
26572,-0.05841376230448714
26611,-0.2861012196518741
26754,-0.0675941903875381
26757,0.3035363158260673
26875,-0.28257114433401975
26876,-0.14455854347152397
26877,0.22125095204631792
26878,-0.5592756660322659
26879,0.1344247573132043
26886,-0.16258418668737992
26887,-0.18571725648641743
26889,-0.1306765999804913
26891,-0.06497714284489078
26893,-0.0801124086353873
26894,0.0162320505211129
26895,-0.07621083093541095
26896,-0.1995160252709055
26901,-0.20401963345191615
26903,0.1405643022914118
26908,-0.39735662610370714
26909,0.2704846718250673
26910,0.5015020208544574
26912,-0.03271365936040323
26913,-0.2640043626375733
26914,-0.077182816393028
26918,-0.20060180567022337
26919,-0.20244996455678985
26920,-0.05032075518665713
26926,-0.12615958718392434
26927,0.11404420652621344
26932,0.1455094675235732
26934,0.476139996531866
26936,0.11185065905972084
26938,0.3082222189593011
26939,-0.20821085349939492
26940,0.02079065678970478
26941,0.20318267104110457
26942,0.6194125469677028
26943,0.07427753745882146
26944,-0.21359064485586496
26945,-0.868123967563428
26946,-0.14673432421238758
26949,0.17886790969298258
26950,0.08252510396133128
26951,0.10745153539477048
26961,0.02455869053753315
26965,0.26470981483195244
26968,0.46996280215300945
26970,0.08043260231327916
26971,0.4504653845006143
26972,-0.6215642502164432
26987,-0.04294419740857221
26992,-0.1018268369630698
27008,0.05744735607356057
27015,-0.23116147203596615
27027,-0.109667755895107
27028,0.17585745419744375
27029,-0.06831280049776083
27041,-0.09572754908804472
27045,-0.01657459194350847
27049,-0.07998987129712205
27050,0.04817607029843336
27052,0.2217531273284087
27053,-0.2799397774904711
27054,-0.01497029859870506
27055,-0.49541678643319553
27056,0.08410045274118
27057,0.05913515885764209
27058,-0.07587697567457363
27059,-0.7164238301739863
27060,0.10858993786503604
27061,0.14042020484149215
27062,-0.06378359904988351
27078,-0.3695362808137759
27081,-0.18230047032155455
27096,-0.04893720604196041
27103,-0.11441772602337826
27204,0.7884345252871308
27205,-0.24860157753842604
27215,0.0906822634663055
27217,0.754400187124467
27218,0.1356032357467794
27219,0.728459167162115
27220,0.3998263261822021
27221,-0.03363421104179381
27222,0.7646430024155082
27223,-0.11101048842856456
27224,0.19472890803990425
27225,-0.00267382995377835
27226,-0.03967334266144691
27260,-0.03430354511240528
27261,-0.01868508523074399
27267,-0.04347418408883975
27273,0.2798535140112332
27274,0.1687349135388978
27275,-0.09811638811440526
27276,-0.3546830356510663
27277,0.13066363102892528
27278,0.15477896713081662
27279,-0.19853002796689065
27280,-0.00434076183587089
27281,0.3796498731183921
27354,0.11889950009846362
27356,-0.06724215257574002
27357,-0.00148193516811912
27359,0.02819292886462405
27360,0.047159468487649
27361,-0.02350784062216193
27362,-0.01262398431989879
27364,0.1905280116140991
27366,-0.09688793243308322
27368,-0.19497764266456763
27371,0.2128008840351188
27373,0.04296956747684104
27374,0.04242062096910316
27376,0.6500642648174595
27377,-0.3050032323569576
27385,-0.27922347691977945
27386,0.5068136982405479
27387,-0.07479818732250575
27389,0.557307206986395
27390,0.3725103742871086
27392,-0.13532502478863775
27393,-0.0683760259732534
27395,-0.00613309572922584
27397,-0.02003247015229188
27398,-0.19398269889397568
27399,-0.03827864508952101
27400,0.4831935861937662
27401,-0.03662882493933671
27402,-0.645640154944236
27403,0.05724687796666035
27404,0.11650467361797937
27406,0.02334166115014134
27407,-0.08667126611603981
27409,-0.323129825809617
27410,-0.01635131392777514
27411,0.14438881806716963
27413,-0.6582534725939946
27414,0.14482077614956926
27416,0.16099516460046331
27418,0.07047723654128824
27419,0.02657287609217836
27421,0.3639305133981251
27425,-0.08840342128751434
27426,0.13062814235626502
27428,0.15328388973531126
27494,0.01107201938279256
27528,-0.7594359227257275
27632,-0.01187834318347439
27643,-0.08554036758019434
27660,-0.240035362688294
27681,0.01560694795589871
27756,0.06152097176750294
27762,-0.03849913516509049
27784,-0.1994843284365004
27878,-0.08225650710290616
27883,-0.03901357634939471
27886,-0.02261266924184759
27965,-0.17572208039110104
27966,0.02305085800356241
27967,0.05696800239532084
27973,-0.03744006084996053
27979,0.05892265617193938
27981,-0.1330150219841686
27984,-0.2102639636346966
27993,-0.07944836324981744
27998,-0.07663712595452965
27999,-0.08489723020550459
28000,0.31440956527673397
28010,-0.00485391562388788
28015,-0.00722147875627182
28018,-0.0447791793430999
28019,-0.1428087254605862
28028,-0.1953413464203851
28030,0.01816290125657371
28035,0.17719697180700933
28036,0.11997448251149964
28040,-0.03591046124913314
28042,-0.07673042428229744
28064,0.10449697978164396
28071,0.08699991612188025
28075,-0.01106027607724141
28077,-0.17005564375266882
28081,0.03685623135741724
28084,0.01117789887837495
28088,0.02513313995123669
28105,0.3997771143275692
28106,-0.01162285038464346
28109,-0.0321956345353256
28113,-0.09633780408882388
28114,-0.05769727318628009
28126,-0.04759556284833163
28135,-0.0907214837851623
28146,-0.024649648057831038
28169,-0.20218149041848327
28185,-0.18137436367915544
28193,0.23715595408611947
28199,0.01239744561937825
28240,0.4763983020053456
28253,0.09865262936441356
28295,-0.07548031995476455
29805,0.01352845248016279
29806,-0.02053958073865779
29807,0.1521897130277734
29808,0.21239038879117025
29809,-0.10894324704087088
29810,0.0760951279684716
29812,-0.06811423850626534
29813,0.6257908892809978
29815,0.15359879583608732
29816,0.11856510768430548
29817,-0.16323111724955197
29818,0.10344520439786704
29819,0.3830735031626127
29820,-0.15175679973047254
29845,0.2952134711494366
29856,0.28376522483356337
29857,0.29277599841088514
29858,-0.10838708599902604
29859,0.17732801600270923
29861,-0.562846666880301
29862,-0.24276678910697597
29863,0.26082313516020805
29864,0.02672487620269983
29865,-0.30068595770089845
29866,0.20030796914090276
29869,0.02542848893760084
29870,-0.22842921037172553
29871,-0.12987227798892215
29873,0.14160222283889623
29875,0.11105028776527628
29876,0.12846773148588453
30044,0.7417833497980855
30045,-0.1930972661035435
30046,-0.3031494568994376
30050,0.01781847930204121
30051,0.292376427925295
30052,0.08072459988060621
30054,-0.7971540574683345
30055,-0.04819332169736963
30056,-0.20481189563801744
30057,-0.06517715518358587
30058,-0.09058747680606331
30059,-0.1903234956632941
30785,-0.4558449513201206
30791,0.02269796751928877
30795,-0.0921716394226416
30800,0.4015895237676431
30805,0.08151889292917505
30806,0.08095326502644193
30839,-0.00108344158067557
30840,0.1211052923434733
30841,-0.11239518786967126
30843,-0.1359365191252735
30853,-0.02122779484182802
30877,-0.02893164286752259
30878,-0.3354931236873452
30923,0.6399412040620687
30924,0.09729663792591248
30925,-0.1046978538866407
30926,-0.04382288742012308
30927,0.08220631615132568
30928,-0.23088709014045689
30930,-0.05360294376265687
30931,-0.12055184713767134
30932,-0.08552454405483242
30933,-0.11875967868310232
30934,0.162614037124774
30935,-0.04544431598088494
30936,0.32506443835596593
30937,0.05313362299271716
30938,0.04485569664007483
30939,-0.0497549744341785
30940,0.05265349256407931
30941,0.05397191410597941
30942,-0.00994313284002177
30944,-0.6560884368932094
30945,-0.02095975754441198
30946,0.1267242055634873
30947,-0.0232991486158495
30948,0.09506243139514584
30949,-0.11013284453319026
30951,-0.3705123132485013
30952,-0.6025522910754737
30954,-0.15868561617321938
30955,0.2918585699874843
30957,-0.06776277535089716
30959,-0.3818015494897187
30960,-0.04201075491254644
30962,-0.18750150711092528
30963,-0.05914011225959493
50490,0.3015025141344076
50492,0.08757509484294528
50493,0.03683431637963559
50496,-0.2372436666271705
50497,-0.16403353069796522
50498,0.04755700542786651
50500,-0.01751018192188607
50501,0.3256591651369009
50505,-0.06772498359237719
50518,-0.00871755011326672
50523,-0.03797420092264263
50524,-0.03305259812906748
50527,-0.27884734809854905
50528,0.2565606974949043
50529,-0.08322210727073001
50530,-0.5073433118506117
50701,-0.1649890376436371
50702,-0.41141639913512096
50706,0.2543779690675991
50708,0.03616679942516357
50709,-0.18124700344440428
50721,-0.10020407363368566
50722,0.1066696285956478
50723,-0.03782751609865299
50724,-0.0202024777812465
50753,-0.0528193432243365
50754,-0.1293192261565425
50755,-0.11397062300991516
50758,0.0928500960970452
50759,-0.13916135242123073
50760,-0.08033295673618412
50762,-0.03132312912373861
50764,-0.21354778746215708
50765,-0.7923832923521211
50766,0.14756213529296855
50767,0.02920019312934248
50768,-0.6678396666292405
50769,0.15606171886785453
50770,-0.36217573012226
50771,-0.07022400258948903
50772,0.3191994181999257
50773,-0.01296456324453797
50776,-0.15725067479766033
50778,-0.2519492371297232
50779,-0.13489109016725528
50780,-0.07844021861118644
50781,0.2638636896623824
50782,-0.2555788220270048
50784,0.02523999499287096
50785,0.28110469037580693
50786,0.6836908537374274
50787,-0.32252331710355236
50788,0.1223892028155698
50789,-0.02986673455721886
50790,-0.06052393012348414
50791,-0.1538488083812759
50793,-0.12657955253825423
50794,0.16783384609451002
50795,0.18496609253306415
50796,-0.1185090342225966
50797,0.10883387944376152
50798,0.02833374770401699
50799,0.45376580680086537
50817,0.28327793762609593
50849,0.11881274748103818
50850,0.03513022000029506
50868,-0.01399312651212822
50873,-0.7499462824281418
50874,0.10689109120658404
50875,0.07734352470162055
50876,-0.1499594845163029
50877,-0.05948366979550663
50878,-0.37357434918498034
50880,0.04873869596034418
50883,-0.05186339803965228
50884,0.07717944413622424
50887,0.05050284575242657
50905,0.6770193775787595
50907,-0.06896238493659225
50911,-0.1057110630730275
50912,-0.1006445110904969
50913,-0.16599213086964837
50914,-0.11986942571615872
50915,-0.3952741844159572
50916,0.4746247047583657
50917,-0.06633352048389876
50918,0.0260799516759077
50926,-0.079845070147038
50927,-0.0809440554009219
50928,0.18235713765519815
50930,0.18274853941772065
50931,0.05342428293132979
50932,0.14905713790283673
50933,-0.41102725305728194
50934,-0.1392784343715279
50935,-0.06187922023380881
50995,-0.06493577839574668
50996,0.00533504378191965
50997,0.49134853088032726
51786,0.02282798774106105
51788,-0.01874696568655321
51789,-0.06765334972838176
51792,0.2173696927241294
51795,-0.00166337551492138
51796,0.00923214932879515
51797,-0.09549819083749404
51798,-0.01670194522741758
51799,0.28156526295849127
51801,-0.07737109397595045
51810,0.1870704447121247
51812,-0.0449192391536786
51813,-0.4619356185186093
51869,-0.25652042408107517
51875,-0.06804580041600806
51885,0.02861387130916041
51886,0.47197534278093833
51897,0.03894180449694234
51902,0.05843519541007971
51938,-0.5613061435373429
51944,-0.0141109103887207
51960,-0.19074651083981595
52004,-0.02969420408219746
52009,-0.1967131035549704
52013,0.06969926059119635
52014,-0.11500221062034165
52020,-0.05386155578656423
52023,-0.346130179624927
52024,-0.04823816099725298
52028,-0.07145607323645642
52033,-0.6088366945078221
52036,-0.00582001845253993
52040,-0.20457049061582092
52055,0.09334315111249092
52064,-0.03198366022755482
52065,0.095053241299415
52076,0.2573388300421515
52123,-0.0449914767104134
52132,0.15553074172953954
52150,0.09729220360307513
52163,0.19051549931845008
52174,-0.09029940737263292
52184,0.2497600660656245
52187,-0.3791606253873555
52202,-0.1252261893754521
52231,0.01441093137611115
52245,-0.17633846287640728
52250,-0.4773051870779906
52276,-0.09393870824057368
52323,-0.04702420015776534
52331,-0.6144263651289352
52335,0.08761721698466181
52348,0.10151594322271495
52357,-0.05123889983685048
52377,0.04742755414029073
52389,0.0541632423001429
52392,0.01269349979680123
52398,0.1033886060763338
52428,0.22962629159432815
52430,-0.06023090773447426
52432,-0.06722829464000883
52440,0.125122753404049
52443,0.00156174762260914
52463,0.0865928649572441
52466,0.11077957037662028
52468,0.07168280582175049
52469,-0.02013709746024246
52477,-0.1132979919240868
52502,-0.06494208875555367
52504,-0.07011551602206872
52513,-0.03572895686508647
52521,-0.02911026880992261
52530,-0.0430198031623135
52535,0.24896173862137772
52538,-0.06991771188114064
52551,-0.02140452503379683
52552,-0.06062562695215148
52563,-0.21186607758484813
52575,-0.3709316239207006
52588,0.08161925183646086
52589,0.824159959696057
52592,-0.31168475276405283
52609,0.710588551172453
52615,-0.0349800342563002
52626,-0.02778532902076876
52633,-0.1322950823579318
52635,-0.1021607551719486
52637,-0.10459696127308989
52639,0.10464912179147497
52662,0.45139967390716546
52665,-0.30380866928543293
52666,-0.50563542104324255
52668,0.01398188288041376
52670,0.8345173299726956
52679,0.16781037274639732
52683,-0.06157196253106496
52685,-0.05399368568886521
52686,0.0890460195352782
52690,0.1012355134935848
52696,-0.05556920629105775
52700,-0.0733304524461611
52705,-0.09528618841527024
52708,-0.06689179759508686
52710,0.1078650305601536
52712,-0.15753690595932074
52713,-0.0982958105540819
52715,-0.0315551483475328
52717,0.02496411108698808
52793,0.00392043427522879
52808,0.16705844268896874
52815,0.01876255178362108
52822,0.067255860195441
52829,0.09001468548167639
52830,-0.12441090547741657
52837,0.2891567789460234
52840,-0.20403847739244207
52846,0.4423483381213346
52850,-0.01998892013812886
52855,0.2417363855827562
52856,-0.07049098329138946
52857,-0.12790698847293205
52858,-0.02627954868841853
52864,0.07440411431576341
52874,0.21115817679379903
52882,0.3357414645666086
52892,0.6530193673921872
52897,-0.2656827131759777
52898,0.08806999351748535
52906,0.05932875227884739
52915,0.01767598554338573
53310,0.01140653056575651
53311,0.09985463490016308
53312,0.16227074574715455
53313,0.20615415904957105
53317,-0.15500583255820813
53319,-0.01491442726681671
53321,0.32669595665401613
53322,0.3050255311223265
53323,0.036043658637396
53324,0.48090814215481315
53325,0.03103863415887126
53330,-0.05279597138692624
53331,-0.04615063702856079
53332,-0.08821234279494318
53333,-0.17783865548677
53334,0.01041946063737131
53356,0.04053639140262455
53357,0.02818710690819519
53374,-0.02079672635408352
53375,-0.0748358008948255
53376,-0.02964454614487152
53378,0.02948705881075633
53379,-0.09509523065203555
53380,-0.01365417166459164
53381,-0.05937597765494525
53382,-0.2681010182212383
53404,-0.04953597189592282
53412,-1.7565824882006662
53413,0.42095278129396574
53414,0.00361602527540639
53415,0.02677021710956937
53416,0.08317329428610498
53417,0.35518689867694964
53418,-0.1077930971810621
53419,-0.2301069719935096
53420,0.06857299152014146
53421,-0.02844614204113472
53422,0.5836798851761461
53424,-0.1024040882503792
53598,-0.11252297007659418
53599,-0.03846594852674823
53600,-0.06928315609190716
53601,-0.0992957744067805
53602,0.00769114219916883
53603,-0.5072126752859536
53604,-0.4990946152018357
53605,-0.07501570074130028
53607,0.12955507273450362
53608,0.1583066360220609
53609,-0.06756157702289109
53611,0.08405081290186231
53612,-0.07813139254822447
53614,0.7570333528330062
53617,-0.03570754885111448
53618,0.1819412595116369
53619,-0.5033437937398255
53621,-0.15371645227345826
53623,-0.1029597420561349
53624,0.03971596672769335
53625,-0.17462382746470145
53626,-0.15080014359298735
53627,-0.7153530028649471
53761,0.00204201178149956
53791,0.4510506765597449
53814,0.07853232353016579
53817,0.04538399103129104
53856,-0.02019045845295472
53857,0.12649026464633376
53858,0.09367800101778598
53861,-0.0392481063154821
53867,0.5334650886734439
53868,0.23835384736867063
53869,0.00257635045136451
53870,0.4173434112231782
53871,0.06877077931040791
53872,0.19419589418043975
53881,0.137415163633438
53883,-0.2578166785201756
53885,0.04264715808430246
53886,0.21336182297881487
53890,-0.02702306103011125
53892,-0.33894970355547066
53893,-0.0746112732323247
53895,-0.2666370797195944
53896,-0.41358146692255854
53897,0.4049043082409991
53902,-0.0429587734858565
53951,0.03094838705210792
53970,-0.09687798974560954
53972,-2.9658218076471092
53975,0.08009106804044495
53978,-0.3214548926197572
54003,0.6907719381608122
54004,0.40808592967115104
54006,-0.03354865888932702
54120,0.15609483642517333
54122,-0.3250323572574796
54123,-0.02205510565723583
54124,-0.27535147482056166
54125,-0.22130337355177895
54126,-0.04092488415004913
54130,0.04823501862775707
54131,-0.00988517629975402
54132,0.1108101640983082
54135,0.05649243587964513
54137,-0.00790958721644891
54139,0.13035630883330251
54140,-0.2899572613891698
54141,-0.3930800826378472
54150,0.2409332854107996
54151,-0.19782538767044944
54152,-0.1649648496039216
54153,0.03136893314039223
54156,0.2948402053202764
54160,0.42292880411781353
54161,0.19685635312141017
54167,-0.07052609982120106
54169,0.073867191951642
54170,0.07704231990648842
54188,0.06942056996780646
54189,0.07077752021290107
54194,0.07183246652966556
54195,0.15312937123319895
54196,-0.01704383786948948
54197,-0.06730953138594306
54198,0.05576398029708546
54199,0.5277356465213588
54200,-0.01467985740948785
54204,-0.02549572083517634
54208,0.09528675613165702
54214,-0.06127752925523527
54215,-0.1989726044563197
54216,-0.2937672424205925
54218,-0.07372376460852449
54219,-0.08351695916930814
54324,0.27322325074660886
54325,-0.0147999657775133
54326,-0.6822878651102803
54338,0.2992926049166895
54342,-0.19718374850126427
54343,0.13850043029987905
54351,-0.28831839009723925
54352,0.10831125801892716
54353,0.10009458660723508
54354,-3.976888848443786e-4
54357,0.3603603578969557
54364,0.0436503126261623
54366,0.2723127888215756
54367,0.2791517755009384
54368,0.08774721613261502
54369,-0.054878587946235013
54371,0.266105833994093
54373,0.01668327625326812
54375,0.06129716952800833
54376,0.02097521157671914
54377,0.4026403263936513
54380,-0.0866595461171035
54381,0.03967623908051662
54383,-0.0719680909111422
54384,-1.2649743827545037
54390,-0.03204110940885941
54391,0.07769126565357672
54392,-0.3064281129082065
54393,0.5766291207798688
54394,0.00179297026954238
54397,0.17830358824315512
54399,0.02327932607486547
54401,0.1920002924537779
54402,0.09047144209826193
54403,0.06394447948152693
54405,-0.03495714687893657
54409,0.01117789887837495
54411,0.14235238554462618
54418,0.03752896299397311
54419,0.2233052179499617
54422,-0.176824924863226
54426,-0.11684425293563122
54427,0.296921727298161
54445,0.04675310391415219
54446,0.03577683251466522
54447,-0.29463840381854256
54448,-0.03387607947807153
54450,0.22740003052525604
54473,0.15214294938739348
54483,-0.02844159236823226
54484,-0.01197538875643654
54485,0.2525891581055812
54486,0.3933523712862918
54519,0.06684865632403683
54524,0.0175886946669895
54525,0.3166361422769379
54526,-0.8786680603772029
54561,0.8804111651244322
54563,0.06080401666802938
54598,0.20558219631239175
54601,0.09848913074806598
54604,-0.31214199131904197
54607,-0.02834884016992766
54608,0.3191340612966822
54609,0.092042243133197435
54610,0.4791833412667083
54611,0.08686736095490871
54613,-0.10994081894358256
54614,-0.2312633958277171
54615,0.0065392138173236
54616,0.02523463999298024
54624,0.1524584000947557
54630,0.01169804419212765
54632,-0.07160778321150336
54633,-0.04758942831836107
54634,0.6691051181444847
54635,0.01105051779043575
54636,0.14690714107885683
54637,0.1516764119265457
54644,0.02960439099236587
54645,0.15107524257902932
54646,-0.3963494968931337
54648,-0.7133930416238504
54650,0.14148617951329212
54651,0.30394291103645954
54652,-0.1250581230433884
54667,0.07538385343297638
54670,0.11681114326360476
54672,-0.0476451246534834
54673,0.10201264930724752
54683,-0.03032587132825444
54709,-0.1409379168291951
54710,0.48989320789384466
54711,0.1662732643721337
54712,0.13445709896370983
54720,-0.08474130677444854
54721,-0.13477511773499237
54722,0.02686044158363213
54723,0.0791986604339171
54725,0.19255499158404912
55925,0.6119181758493366
55927,-0.1015538284615865
55932,0.01599060214063657
55934,0.01488469710682863
55935,-0.37009006116343773
55936,-0.11383114870860114
55938,0.7737545146741363
55942,0.0977170690459484
55943,-0.02746057879775111
55944,-0.03763437949578453
55946,0.09562617393602074
55947,0.1454860618415449
55950,-0.1404156223658068
55951,-0.12834662184462323
55960,-0.09436780006066756
55961,0.22696930888152664
55963,-0.2420705005078631
55979,0.02653943371198938
55980,-0.21793100528403525
55981,-0.1366347675032204
55982,-0.3688474987509336
55983,0.02948212543241074
55984,0.00181875040522685
55985,0.5213298076254125
55987,-0.07991677804603733
55988,0.0530929832029715
55990,-0.6731592283920051
55991,-0.02320285455517848
55992,-0.03111708970175235
55993,-0.1322926812541958
55994,-0.24086723083169925
56012,-0.18268406861475453
56013,-0.04616065655769022
56015,0.3032425931032004
56016,0.275083254138608
56017,-0.13884573119791815
56018,0.06964714112565426
56030,0.06465462918870747
56031,-0.2483069759578714
56032,0.00373311409298272
56036,-0.08773626800402555
56041,0.0351922679213891
56043,-0.4089360111086327
56044,0.01411120747805237
56045,0.09447294770452412
56046,-0.1394544315921807
56047,-0.6734303149556253
56048,-0.00552481151219029
56050,-0.11188068764503464
56055,0.15052174946851213
56057,-0.14634957810216723
56068,0.1315405117070517
56069,0.02210102847326051
56070,-0.0181494651133377
56072,0.2074238793368716
56075,0.01283619563761299
56077,-0.7221854460534648
56078,0.07874516340590658
56079,0.260901164522614
56085,0.09591237463489158
56086,-0.01788761565955144
56087,-0.36563382027868463
56088,-0.11880188324171125
56089,-0.21222871815311992
56095,0.17371342730952277
56096,0.2431254802902875
56149,0.17908261187440289
56150,-0.2979181065118251
56174,-0.01852838585309774
56175,0.00763533091023552
56176,-0.08384636639358851
56177,0.09547041021295416
56183,-0.814775260985206
56184,0.6891644633574694
56185,-0.02949446344332949
56187,0.02139448977743076
56188,-0.08420218037185939
56189,0.06280776520929159
56190,-0.04190093505854923
56191,0.4280074300287318
56193,0.0750527087515515
56194,0.10055009720371276
56195,-0.1405399007166364
56196,-0.26269461775292613
56198,-0.27477762813204737
56199,-0.10685231620179542
56200,-0.10836689736253412
56205,-0.135509655561455
56207,-0.07336424530795069
56208,0.13869835950861703
56209,-0.17130693504411587
56210,-0.545598892482485
56212,0.14326190292759244
56214,-0.08431145534463724
56215,-0.14462760283208423
56216,-0.09105149443391652
56217,0.3639670530372586
56218,0.03037640957174912
56220,-0.17088148273841525
56221,0.61628316905654
56222,0.29951004056097613
56223,-0.16399389039171444
56224,0.07316376865265158
56226,0.24134182906533153
56228,-0.06044607926840794
56229,0.22950978695876567
56233,-0.04419437667532233
56248,0.07258157816046114
56249,-0.02661611029869698
56258,0.06328838797235348
56264,0.1229264986880271
56273,-0.4400722559954071
56274,-0.15183675863466856
56275,-0.00747663345681881
56277,0.5314063612396382
56278,-0.3756044474500736
56279,0.4021527985256176
56280,-0.07664291365726317
56282,-0.03933116560568111
56284,-0.06613798791293965
56289,-0.08176731493586104
56291,-0.08373149202506444
56292,-0.02853692318853058
56294,0.11713111561127527
56296,0.06452093696878182
56297,-0.518580922122188
56298,0.04148964134656201
56299,-0.02391938056334697
56305,-5.198689182591421e-4
56306,0.3207005632382356
56309,-0.1686082501783333
56310,0.0700907962171319
56312,-0.13041720582831923
56314,0.07447171312256366
56315,0.6478711446880393
56316,-0.1547258532057741
56317,-0.06605834649921344
56318,0.07385298485421758
56321,-0.09877881687948656
56322,0.2375015302016552
56323,-0.03869035909226968
56324,0.3277348685974273
56325,-0.12830490571413042
56327,-0.21067068018848337
56334,-3.12691734088745e-4
56335,0.05153508529154552
56336,0.02922166294266104
56338,-0.02029083079949217
56348,-0.01522727849796686
56349,-0.07573283881185233
56350,-0.01192259538281315
56351,-3.043189874296472e-4
56354,-0.02085069111259988
56356,0.03620602351263821
56357,-0.02585295252331747
56358,0.3923906179444535
56361,-0.05404468298043843
56362,0.11237866934533884
56363,-0.06578450417584568
56364,0.1752056829169678
56365,0.25694447577657675
56367,0.06758931386835246
56368,-0.14278523106206978
56369,-0.3097480627001062
56370,0.2153949120029715
56371,0.07641900316873565
56372,0.00848087232146452
56373,0.10766013591345788
56374,-0.11675245398977532
56375,-0.18101059347392628
56376,0.05921669361883132
56378,0.09813210098174464
56379,-0.3907943568728391
56380,-0.01551635843496062
56381,0.1640726283683217
56382,-0.10615795175071983
56384,0.06597341411909458
56386,-0.02556691167305292
56389,-0.02850245290429952
56390,0.04650178861944
56395,-0.04791996014287856
56397,-0.061561724429489643
56398,0.07360232092870045
56399,-0.2235666768083498
56401,-0.02738473403024
56403,-0.27328345136720444
56404,-0.02013256915838857
56405,0.0563828142983314
56406,-0.06975238215686061
56407,-0.02067402152336586
56409,-6.677670806685965e-5
56410,-0.20309927178154313
56412,-0.20664340431101413
56417,-0.1581734225687586
56418,0.14669502569184908
56419,0.01918575020343952
56420,0.03248798769931502
56421,0.02049376987294024
56422,-0.12073920047437044
56424,0.05337450831216844
56426,-0.22174563591757795
56427,-0.1358030778869761
56428,-0.4346026653326638
56429,-0.07002914886245247
56430,0.0835458830878502
56431,0.14987528743240652
56433,-0.1697478674862098
56434,-0.3298818453149057
56436,-0.08273006443448497
56437,0.3356520957305001
56440,-0.07856642763578109
56441,0.1355129851019359
56443,0.19168173964233948
56444,-0.11774358534302692
56445,0.08742061821362389
56447,0.0929269367665979
56449,0.04539969560382023
56451,0.08426577335338634
56452,-0.1796081832836821
56453,-0.12617505857074932
56455,-0.2979687084297381
56456,-0.01597370037666552
56457,0.00342993950581506
56458,0.08020505653084337
56459,-0.1339528733184996
56460,0.0670881233503224
56461,-0.10429030257390665
56462,-0.07986294416861213
56463,0.5905805014006423
56464,-0.10137168251269324
56468,0.1704516809625925
56469,0.16311794292746715
56470,-0.0197072526984943
56471,0.7915504874765898
56473,0.1521416535965197
56480,0.0640393641026779
56484,-0.04031839527268469
56485,-0.09861330241645576
56486,0.03986338921388906
56488,-0.1275342282540343
56489,-0.1077075845002461
56490,0.2179011421289137
56491,0.22398660885368168
56492,0.05614079512011042
56494,-0.02724807466479651
56496,-0.3199669613351821
56501,0.7154625417696525
56503,-0.14170867139871668
56504,-0.11337231035684976
56505,-0.03011281202184526
56506,0.00304309549537437
56508,0.02932789361406003
56513,-0.09129413113221044
56515,0.04692618820988253
56520,-0.12382886134109217
56522,-0.2688767821985759
56523,0.1146209501497518
56524,-0.08981391660779181
56525,-0.3925657133963959
56526,-0.01545046439559422
56527,0.10484964432052768
56529,-0.07435862215078372
56530,-0.08831129833080738
56531,0.005698646952756
56532,-0.08721617601854394
56533,0.4053650524540816
56534,-0.5207021012930442
56535,0.06429169004132321
56538,-1.1793874574071834
56541,-0.14956631108988763
56542,-0.4182746310984872
56543,0.3022218881655769
56550,-0.02030121340946476
56551,-0.05237421591065583
56612,0.03470893797105604
56613,-0.01736773306700557
56615,-0.03733986902521832
56619,-0.0256678995371942
56620,-0.2346384580459494
56622,-0.5893782463900306
56626,0.02989260600562152
56629,-0.42136576564837913
56631,0.3128000993362931
56632,-0.0931760677733201
56636,-0.6279213081918429
56637,0.1921289910087765
56640,-0.02418870555924925
56642,0.02583121894353992
56643,0.1818235986774181
56644,-0.00973466826953853
56690,-0.09107066937338816
56691,0.07060077785514901
56692,-0.14279978097092186
56693,-0.13058224886676878
56695,-0.2806005072067063
56696,-0.08573614664275007
56697,0.05292011593894025
56698,-0.32463700090647807
56699,-0.02265039368105179
56700,-0.01365758801073946
56702,0.17921479021077769
56703,-0.14189433888631053
56705,0.04243145326012435
56706,0.13164612945836487
56707,-0.8038459075505869
56708,-0.24520702553755375
56709,-0.01658137862459782
56710,0.9215034085220885
56711,0.18698446883962705
56716,-0.03984509799968773
56717,-0.2606664967285548
56720,0.3107345679030581
56722,0.16249727110716605
56726,-0.09093642368923271
56727,0.05951829212402868
56734,0.16511672802226657
56735,0.5753417721268761
56736,-0.00166620380037477
56737,-0.02032385611845219
56739,-7.552914132743643e-4
56741,-0.3856093732219638
56742,-0.4224407167566993
56743,-0.05053711127209427
56744,0.04351112288079183
56745,-0.2316096649953654
56746,-0.4673906094538151
56747,0.4923372650879856
56748,-0.14401810711395918
56749,-0.08184372937735294
56752,0.04990722820443917
56753,-0.15228015773950887
56758,-0.02994105847504409
56760,0.08575255065810493
56771,-0.05252522688983933
56772,-0.0659563159810859
56773,-0.3019356929357968
56774,-0.09312767814241069
56784,-0.0958564905132986
56786,0.01431968673330268
56787,-0.17764627614531775
56788,-0.00916211524939157
56790,0.09220329704032998
56791,0.05682401236072071
56792,0.01169241358803904
56794,-0.00627694708685523
56795,0.545688925359469
56805,-0.20026484976139264
56807,-0.09677775221306656
56808,0.2381919270748613
56809,-0.06468349252153394
56812,0.0101414339440553
56838,-2.7204298568818657
56839,-0.3305090521425237
56844,0.05820620402807459
56846,0.0342494430995121
56847,-0.06998922266308855
56856,0.7852629033066594
56857,-0.1164698184216272
56863,0.33425120287630483
56873,-0.7489192667821011
56874,0.5161186949321956
56876,-0.19644915200652505
56878,0.07461742027007659
57014,-0.3239750474770766
57028,-0.02185739453287488
57080,0.19108809809572488
57138,-0.11594012086779944
57170,-0.10926668728360492
57230,0.16963282539161384
57246,-0.17223773070207438
57247,0.04862918768040027
57253,0.21671455171268728
57254,-0.6206327230475032
57256,0.0843504165548202
57257,0.40387294192839807
57258,-0.00191263833178962
57259,0.13603742791078488
57260,1.4338772762597212
57261,0.02767057939626578
57264,-0.2459139756606146
57265,0.5770311205905672
57266,-1.127408558511234
57267,-0.0870699597148672
57271,0.3393854661536354
57272,-0.404755801746997
57274,0.6066406905075069
57275,-0.07080375776536603
57276,0.35981724304116736
57277,0.05647219700161937
57278,-0.13039642929482623
57279,0.12032754445744204
57295,-0.0179298548255901
57312,-0.00778496366652644
57314,-0.08844073594529481
57315,0.06057098650415409
57316,-0.6822337586340981
57317,0.03766219296567801
57319,-0.01737995028124148
57320,0.05642721886778997
57321,0.09986542412775896
57329,-0.2078280862444978
57330,0.10419660938605088
57339,0.1988155893691197
57340,0.5776699547748598
57342,-0.15668535246535825
57344,0.18721875846909455
57354,-0.00559034716763939
57355,-0.03977249370816911
57357,-0.07766353318999641
57370,-0.04133741512794768
57373,-0.13240784534415062
57376,-0.01316120535389496
57377,-0.04182028062232715
57385,-0.6805179254251648
57390,0.440677648521151
57394,-0.3190444879041992
57423,0.1184402446384424
57431,-0.07437492238314161
57432,0.04600304772210457
57434,-0.33267682535557386
57435,0.4476582242496827
57436,0.0754673147189939
57437,0.00359700588381253
57438,-0.00491486429935113
57439,0.06621542340565034
57441,-0.5084939908619165
57442,-0.26552761653257884
57443,0.08060758510844085
57444,0.0253410760722538
57740,0.5130829148671554
57741,0.08993926571976288
57743,0.03777293863702781
57745,-0.2055718464186226
57746,-0.21572586857786624
57748,-0.1862512920663787
57749,-0.3359843754110777
57750,0.01440129786095074
57751,-0.07997001463378717
57752,-0.28655467117182154
57753,0.06556379746296855
57754,0.9289405217373246
57755,-0.2733583488082175
57756,-0.19571805243643184
57757,-0.02271151454243708
57765,0.1199703231213314
57773,-0.1291238096386551
57775,0.06687757980198292
57776,0.07839493013674516
57778,0.4133506804912418
57780,0.2864726118005424
57781,-0.04608989263670909
57782,-0.0889142465203393
57783,-0.02603815139213322
57784,-0.03747294145091429
57810,-0.1314450955003934
57811,-0.12964738329487727
57814,-1.125086958105022
57815,-0.2140661428432834
57816,-0.04807244687467912
57837,-0.01491921549365818
57869,-0.09597941735537158
57874,-0.08572490364156046
57875,0.07749111150334508
57890,-0.502012904768919
57895,-0.2499199083366251
57896,-0.20847954616660436
57905,-0.05914301437810813
57908,0.00976839620443091
57911,0.2026507397078999
57912,-0.10613677191269558
57913,0.0401436777711063
57914,-0.04681075742292645
57915,-0.03177183849243979
57916,-0.09163994192191938
58170,0.03842217594405968
58172,0.17318580204307818
58175,0.02671708332588582
58176,0.4955296207641377
58178,-0.6329511146586991
58180,0.1007671063395793
58181,-0.2923286600882973
58182,0.24286850968828147
58184,0.10110249587401494
58185,0.10618188207594435
58186,0.06011560632710453
58188,0.44842971696146344
58193,-0.16702585681101567
58194,0.1103490899233548
58198,-0.4522631340357854
58200,-0.278100738795982
58202,0.00393711702948219
58203,-0.04055707499681564
58205,0.08581347185901193
58206,0.12095463552978708
58207,-0.00524759499176357
58208,0.14347788355999472
58212,0.48372800258701054
58214,-0.18727386103030016
58217,0.08956882541126372
58220,0.2838498491698791
58222,-0.0518800421175938
58223,0.39000372519309295
58226,-0.15692869134876236
58227,0.21128653350255777
58229,0.21674106897457793
58231,0.09718711190946185
58233,0.03139157864056136
58235,0.39928828289884183
58237,-0.09566264123350236
58239,-0.1317673680888702
58240,0.4095850671651448
58243,0.02070867981105739
58244,-0.05379959289072129
58246,-0.0840031701040603
58248,-0.2383070743924591
58249,-0.09342492042285712
58250,0.5390751891540256
58520,-0.07099521130400449
58521,-0.02016418537652221
58522,-0.7937610324781488
58523,-0.020281770502432
58799,-0.1473948781934949
58800,-0.21569930039051888
58802,-0.4808205070546357
58804,0.16202728775608916
58805,0.25815612165952934
58807,-0.01582998063641626
58809,0.12010260380326604
58810,0.00271456880472852
58859,-0.49268538526737415
58860,-0.12946484725268603
58861,-0.29549998505119135
58864,-0.4007874127830096
58866,0.14230968772994623
58867,0.14375099457118456
58869,-0.4218534305353099
58875,0.02189530149706602
58887,0.16793565531976612
58909,-0.5804732358029265
58911,0.00563756454015359
58916,-0.15005745203893245
58988,-0.05898570653397447
58991,0.07339242007927008
58994,-0.30198567033260065
58996,0.0969090802468063
58998,1.0141730173810464
59001,-0.19011040306673269
59002,-0.36877951529092945
59004,0.03561908215562073
59005,-0.03669593200718865
59006,-0.19454278029385505
59007,0.02529716413384175
59008,-0.03219546665645433
59009,0.2047719151258422
59010,0.09552434898163138
59011,0.21501623270542147
59013,-0.12244332917943956
59014,-0.05306978942403589
59015,0.17092777762561104
59016,-0.02353660898331636
59020,-0.00839052069652649
59021,0.06496862936053556
59022,-0.03065544492336031
59025,-0.06633688902480939
59026,0.0725719527904929
59027,-0.11404589058704397
59028,0.2234035439109676
59029,-0.0813285173225165
59030,-0.20359311653689544
59031,0.10890923463967338
59032,-0.14228204791517896
59033,-0.5057255234110625
59035,0.18609283928043124
59036,0.04746729420743731
59038,-0.103284031550063
59040,-0.14135891557147784
59041,0.05984440665939163
59042,0.05626830029043304
59043,-0.3888282440586299
59044,0.04889903203468127
59045,-0.076576365315805
59046,-2.200164928897047e-4
59047,-0.00965048362666902
59048,-0.14872992936094778
59049,-0.21385868495977356
59050,0.00103236438020423
59054,-0.1130523991290656
59056,-0.4025634185424092
59057,-0.1479036317968728
59058,0.19715269001272465
59069,0.07997556609999755
59079,-0.04742315593301356
59083,0.1773000067743416
59090,0.01540861611613508
59091,0.07395455551553426
59092,0.02212138330305824
59093,-0.00920251702999015
59095,-0.5216468923249774
59125,0.08091851476133968
59126,-0.2636110809578385
59288,0.0195730289214183
59289,-0.09821679792724744
59290,-0.05221762079281249
59308,0.02320772912774435
59310,0.28947576700108624
60315,-0.03482003384365265
60321,0.02607126751564262
60322,0.8046562796976205
60344,0.40771869493968926
60345,-0.5115858279464971
60363,0.2718048992588813
60364,-0.0273857792236801
60365,0.1382496011076529
60367,-0.26124800245299123
60406,0.0766276182192331
60409,-0.07387592306827104
60411,-0.07120757046186289
60441,0.18720319604631844
60455,0.0816841555232358
60504,-0.04430983944325165
60505,-0.13184568518291526
60507,0.38605142054614194
60510,-0.2830897802199185
60525,-0.0428688491909338
60527,-0.4915652356084846
60530,-0.12082596660253891
60531,-0.2352333960524485
60532,-0.1157038702108453
60533,-0.07619716195133558
60534,0.06429760886091357
60594,0.2251302594592775
60595,0.15391233858419723
60596,0.2146080571617286
60597,0.15555084228475627
60599,0.0175737038210932
60611,0.10250091666468092
60613,0.06787354647095012
63828,-0.16277198165506354
63856,-0.17923064234287675
63857,-0.5023245221864585
63859,0.0463598067785088
63872,-0.11360535948497012
63873,0.1391265082450603
63913,0.21925306020803392
63953,-0.02759462479329135
63954,-0.07422821755493611
63955,-0.3914807536867458
63958,0.2048954202368066
63959,0.06030760932042083
63985,-0.03286096002761266
63993,0.5031375480653186
64008,-0.0257667695233928
64009,0.11403350699369624
64010,-0.03722678684707545
64011,0.11104867627249974
64050,-0.1801676024955248
64051,-0.47603549266769246
64074,0.6480509939265685
64075,-0.8266247915270497
64082,0.40423164115048393
64085,-0.18402778238276443
64095,0.14982759577956087
64099,-0.09360567876822835
64103,0.0722061949084067
64113,0.24973782239774836
64136,0.02810991896027767
64138,0.02854972439150742
64143,-0.00439276183837696
64144,-0.16491845022043372
64176,0.05829147446079846
64177,-0.7388798823249649
64209,-0.09427005922280804
64213,0.03192227651513882
64214,0.06508728116949723
64242,0.1061607296341026
64290,-0.615635846298497
64291,-0.06929530833926954
64292,0.00972428164167462
64293,-0.09763364882818644
64294,0.07067077729846566
64295,-0.08365081743019517
64296,-0.09865154494394048
64297,-0.02305216158715757
64337,-0.3677744589904829
64339,0.2510891522741705
64340,-0.0259323208370466
64378,0.12349225037692872
64381,0.27024535412862727
64383,0.0263562683073261
64384,-0.04445912566034994
64385,0.38705417091160593
64406,-0.5595247520716783
64424,0.06427894347238028
64435,-0.157865518445635
64436,-0.01670080211381144
64450,-0.6993120561483754
64451,-0.24293797831782848
64452,0.5090277355103143
64540,-0.07253596692251568
64580,0.613067849828457
64602,-0.16628278062817958
64654,-0.01983418243343249
64656,-0.00707182389425854
64657,0.04341025199659514
64658,-0.01343323802150527
64659,-0.19545980790532713
64660,-0.0742648240210967
64661,-0.3874333051194076
64685,-0.0968566642834423
64704,-0.117653174254853
64705,0.05739407681280623
64706,-0.7370405356870393
64707,-0.19294995310425123
64817,-0.08181002564300921
64818,0.2750993034092992
64898,0.2685046220684564
64899,0.16030201063387886
64918,-0.4392569547507011
64930,0.07549171506627687
64931,0.01292622781198447
64933,0.11092583305368107
64934,-0.15202188037855752
64945,-0.4557343269831938
65019,-0.03039426826543335
65079,0.18882817888044232
65098,0.13864551758869728
65099,0.17352651128380853
65100,-0.5174433760414189
65102,0.07214781426307121
65103,-0.00264712989352084
65105,-0.03784434146368254
65106,0.00134102648381759
65107,0.05897281948680398
65111,-0.02969772887392948
65112,-0.2783670523986223
65113,-0.090218858372334
65114,0.02007055628122718
65115,0.14202309231247706
65116,-0.11518757179239952
65221,0.09718936511484286
65246,-0.04989026095574502
65247,0.12894875534670636
65254,-0.11895059615138816
65255,-0.0036093900586881
65945,-0.2778742588195757
65960,-0.06095570033934848
65961,-0.14266425788999393
65962,0.37173043874737577
65963,0.05292324721639085
65967,0.01486633970112708
65969,-0.2917763009323025
65970,0.21156028992574216
65971,-0.06913052642351222
65972,0.04438895598333726
65973,-0.17859737785763558
66011,0.797497834271513
66039,-0.17212320846477794
66042,0.43435985507180375
66043,0.01823945732390508
66044,-0.19803826540406275
66046,-0.15701491162825823
66047,-0.1100974796471799
66048,-0.12290740423697168
66049,-0.05016587588085618
66052,0.03893509792233006
66053,-0.07574026154394864
66054,0.0019886794145457
66056,0.11705870068105598
66058,0.8140966949976186
66059,-0.01148668644068932
66060,0.29732232093976113
66061,-0.08250674798773679
66065,0.00402400599131024
66066,0.02293433814008873
66067,0.2167488640036765
66069,-0.05002807235853891
66070,-0.01681378678849606
66071,0.10097359380935732
66072,-0.09593658469075109
66073,-0.09458765106591376
66074,-0.1497355499181532
66075,0.0320377481637517
66077,-0.09580540878488376
66078,-0.1201701266458758
66079,-0.08164839783959503
66082,0.0830496640783091
66083,-0.0231188451631745
66084,-0.07812110944263703
66085,-0.03359349938593792
66086,-0.0613390338305564
66087,0.00324565986808211
66089,-0.02572885436934308
66090,0.09462160473322162
66091,0.001467548211152
66092,5.052420239892788e-4
66094,-0.07834003861878672
66096,0.03837618674135756
66098,0.00482785549594817
66102,-0.06583910614024638
66105,-0.0187913064100283
66106,0.26023363563695734
66108,-0.06200825694778226
66109,-0.00876510595002901
66111,-0.12748576823378324
66112,0.3152225054964247
66113,-0.11636139991019843
66117,-0.13577476726875215
66118,-0.00202969583036426
66120,0.07229175891572599
66121,-0.11869435819195633
66124,0.12805660812679656
66125,-0.01791055157242258
66126,-0.14771445067680974
66128,-0.01617375353033236
66129,-0.08800163929322427
66131,-0.2436068363684128
66132,-0.0560411784378394
66136,0.02746318686486078
66138,0.0746815512545812
66139,0.1224327144367281
66140,-0.8992224410902044
66141,0.10799642287403244
66142,-0.09139121050920918
66143,-0.19118788051881636
66144,-0.03817800624093127
66146,-0.09039248023986116
66147,-0.10331410841079368
66148,1.4595634618084184e-4
66151,0.06218268271702815
66152,-0.07753966470188942
66153,-0.321872022099264
66154,0.04876262583898809
66155,-0.05795743349861188
66156,-0.10778914190567646
66161,-0.19489969724730707
66163,-0.06554535891205493
66164,-0.1814750159015624
66165,-0.04431406517185329
66166,-0.12370670703032052
66167,-0.03967394164262422
66168,0.07205916332973088
66169,-0.07433296160002854
66170,-0.1777268834695667
66171,-0.9346497210547892
66172,-0.16469096494890578
66174,-0.1497525278805109
66175,0.6396464973319078
66177,0.03786463543623533
66179,-0.01168834784547125
66180,-0.7184674773860222
66181,-0.01937363801641409
66183,-0.4936272294714468
66185,0.23805599232795072
66190,-0.05792284932367296
66191,-0.04522433698029497
66193,0.099975877244199
66194,0.11810877226002107
66196,-0.15974341183239735
66197,-0.5082472635761535
66198,-0.02035697853345414
66199,-0.02693465051954097
66201,-0.04957440510440234
66202,-0.116030015269518
66204,-0.4524687046266645
66206,-0.03438955232135284
66208,-0.13074406437570069
66209,0.12468348862853022
66211,0.30274173097723456
66212,-0.05564918412264284
66213,0.0398149738092424
66218,-0.05274845372927166
66220,0.2236662922897762
66222,-0.06502195917376843
66223,-0.11598596440111542
66229,0.1018047765073722
66230,-0.03382815895127971
66231,-0.18008107089269443
66233,-0.104825705034605
66234,-0.017644005492028
66235,-0.08530044214642359
66237,0.15303044853022882
66240,0.4647393926047157
66241,-0.26580100257806877
66242,-0.06089876960850325
66244,-0.0795099781317575
66245,-0.07450891692647499
66248,-0.07635780896236848
66249,-0.03896865373725234
66251,-9.420328196095008e-4
66253,0.1069087052254151
66254,-0.06625834159695743
66255,-0.00971181657476442
66256,-0.02581880920469414
66257,0.077976788294336
66258,-0.00532183127110538
66259,0.3855514561167993
66260,0.636252776551465
66262,0.15961008605536706
66264,-0.1927586770864273
66266,-0.01382672681253066
66269,0.46547093990245125
66270,6.931387189728008e-4
66271,-0.10484185213469854
66272,0.00254512670438082
66273,0.137480792116198
66274,-0.3280207249903079
66277,-0.3802553411093387
66278,0.0331014859857489
66279,-0.2133267376365197
66282,-0.3322314697246239
66283,-0.9704430084916912
66284,0.09879987574149109
66286,-0.07478084565882198
66290,-0.01385956857549322
66291,-0.26482359983239684
66292,0.00432967246084323
66294,0.22811531756547923
66296,-0.09465423144306002
66300,-0.00199276257828583
66302,-0.21812506856391756
66306,0.06689446215032233
66307,-0.12126778947237192
66308,0.07710387499126733
66309,-0.1219142078909496
66310,-0.18138005629485177
66311,-0.21318837832724064
66313,0.02032963888710852
66314,-0.0735906405295464
66315,0.13671353780940954
66317,-0.08230198211207898
66320,-0.07533458171778874
66326,0.3436014053151314
66329,-0.2754830303926398
66330,0.05070510228248144
66333,0.5486348061703648
66335,-0.02467956764054634
66336,0.34568885477959277
66337,-0.17249474325103892
66338,-0.29024083728650774
66340,-0.00868350563799808
66343,-0.1119632535991338
66344,0.1338117668920426
66349,-0.1594663144074199
66350,0.14395309350192423
66352,0.15587795590074527
66353,0.06383812299896598
66354,-0.01800070749310341
66355,0.11493603461361585
66356,0.00211258748772687
66357,-0.03637026982348553
66358,-0.06274306733235918
66359,-0.10962641711343274
66361,-0.12620192660196897
66362,-0.21123003049367245
66365,-0.00789934526210753
66366,0.13278857147094186
66369,-0.0329373767760182
66371,0.18728297243529168
66373,-0.254253013517313
66374,-0.0654876196770226
66375,0.012141249555953861
66377,-0.06132020795928026
66379,-0.05232723288851466
66383,-0.00306370620305598
66385,0.03294501896117003
66388,0.1832984116754013
66390,-0.11545199540741156
66394,-0.12223711124812782
66395,0.16517775027593384
66396,-0.18249160392836383
66397,-0.12736808357655494
66398,-0.18364877869749277
66399,-0.07530449346227275
66400,-0.02918905925845954
66401,-0.5416696227852946
66403,-0.28335324003131585
66404,0.01206140817370252
66406,0.02873402589513451
66407,0.02423768470870359
66408,-0.03792635748610758
66409,-0.16527941470384933
66410,0.10628915956058392
66411,-0.03564919240926741
66412,0.06436945387141921
66413,-0.00994391506830186
66416,0.01738705778870245
66420,-0.06637794224222293
66421,-0.4032119684282603
66422,-0.11262839990744686
66423,0.930594989353666
66425,0.06641105405149791
66427,-0.03185847395091506
66431,-0.20307129217174769
66432,0.04335324545992834
66433,-0.07185484783622273
66435,0.4305651662715453
66437,0.00718960403347023
66440,0.2626594398973381
66442,-0.27148762823728134
66443,-0.2931478871810166
66445,-0.1304474378149571
66446,-0.10049297469565438
66447,-0.04503381896382392
66448,-0.08643630389755726
66449,-0.10127545461674392
66451,0.23869823928961037
66454,0.4828190511023704
66455,-0.08122955750012192
66462,0.22836905165834737
66464,-0.19185654778199293
66467,-0.2287748059265989
66468,-0.2876386095809461
66469,-0.1517441973541418
66471,0.19095235448326103
66473,0.3868858483759967
66480,-0.02617765060076447
66482,-0.08341552722294199
66489,-0.02632318555395626
66491,-0.04405033190238351
66492,-0.13467334359521865
66493,-0.0239455506376981
66494,0.00409470653041669
66495,-0.0644775410913371
66496,-0.05635192495503656
66497,-0.07274847600139261
66498,-0.00561761516343894
66500,0.08618987652857764
66505,-0.02790654425033129
66506,-0.0097264594318167
66508,-0.03320975121159354
66510,-0.07670272136978662
66511,-0.09518178901904566
66513,-0.05630761287464062
66514,0.4819408092420074
66515,-0.19398269889397568
66521,-0.04899330919321178
66522,-0.21882721924376625
66523,0.03117575141506868
66525,-0.2646887348649384
66526,0.138826267662732
66528,0.3281913198178872
66530,-0.03814134744884526
66532,0.223478437728845
66533,0.07860045882767294
66536,-0.2759340890506476
66537,-0.180024809398365
66538,0.06065284049610221
66540,0.0525960385646328
66541,-0.3237168648367017
66548,0.5951579829220601
66549,-0.00663366480740064
66552,0.10098654474842694
66556,-0.04171463023408594
66557,0.3190769197935832
66559,-0.3781035384790352
66566,-0.11293628768165452
66568,0.1734029276027084
66569,-0.23252422189021155
66570,0.15851873027933258
66573,0.1195560820673126
66576,-0.02659587357927869
66578,-0.16445792177272894
66580,-0.11786852196413083
66583,-0.19862353640792857
66585,-0.26043996209511966
66586,-0.17701486594463794
66587,-0.16871962737068327
66590,-0.1052428101560951
66592,0.06029033314642134
66593,-0.12807132084825698
66594,-0.04857818984053631
66595,-0.02603579635304779
66596,0.05441971382228764
66597,-0.31822102817789966
66599,-0.0223600799852723
66601,0.04957931145379007
66603,-0.3766432543247309
66605,-0.20642523336791865
66606,-0.34454910993811994
66609,0.150667072454661
66610,0.4525944006736351
66611,0.4381787813248573
66612,0.01074026272538218
66614,-0.03180615146649263
66615,0.02310466621974361
66616,0.12839839744428644
66617,-0.05150713317561911
66618,-0.10085655615342526
66622,-0.00750396331456686
66624,0.25142595745635454
66625,0.15378976822177742
66626,-0.10195757364334136
66627,-0.05813391283885621
66628,0.10705263507644548
66629,0.04271662076168065
66631,-0.02353389526216717
66632,-0.05751705097563022
66634,0.2720591905969376
66637,0.04711936427159201
66641,-0.05528756537198842
66642,-0.05027249458577224
66643,-0.8807410590704126
66645,0.1696358567834331
66646,-0.0575250444603151
66647,-0.11977817624320625
66648,0.01737210301868524
66653,0.3696307515532502
66654,0.18861748471985368
66656,0.09697710010659204
66658,-0.06478548862397918
66659,-0.02642243255307525
66660,0.0118183006503466
66661,0.01335706528060938
66663,-0.04869741676272343
66664,-0.03933510217182926
66665,-0.41726936862777886
66667,-0.12493028322952268
66671,-0.33079252593913516
66673,0.9065142321458076
66674,0.20034619981114027
66676,-0.03805403656295967
66679,0.05627750247263641
66680,0.26916031185326617
66681,-0.3647169938838031
66682,-0.10521449875684775
66684,-0.12722249367501673
66686,-0.04747730401592831
66687,-0.03980105155172406
66689,0.13614037494397352
66690,-0.0025317251034157
66691,0.16726631156743468
66694,-0.09555719119378772
66695,0.00606992529284104
66696,-0.24579577522569712
66701,0.07601539268957444
66704,-0.01816814399160096
66705,-0.02194073722922895
66706,0.06114757649368051
66707,0.618355398023986
66711,-0.16341518735478577
66712,0.4789342581072241
66714,-0.7330175248089392
66715,-0.2548949760166347
66716,0.5493343936442041
66717,-0.03223428719222315
66720,-0.1842551970954536
66722,-0.3878135458809063
66724,0.1001649489529085
66725,-0.01160434816349915
66727,-0.18826542695922105
66733,0.7559507042965239
66734,0.00103069620942487
66736,-0.1397124270942477
66743,-0.13080468746559765
66745,0.13991206622399127
66748,0.24473515552104003
66753,0.0701354413430748
66756,0.03314557991158284
66757,0.26424725187990983
66758,-0.3581280224400677
66761,-0.48689017794773687
66765,0.2851699871749653
66766,-0.05382175033790625
66768,0.30403975431936925
66771,0.01850514072671446
66775,0.18342041631787293
66787,0.06309347741228523
66789,0.4426795106832256
66790,0.2703208362479453
66793,0.3750180335678947
66795,0.1860933641105229
66797,0.31116164459695544
66799,-0.3878097109341787
66801,0.00581406382948484
66805,-1.0682220820546722
66809,-1.2020093021535287
66810,2.0262980480051377e-5
66811,0.3560393744109661
66812,-0.2728358366729051
66813,-0.1905129830084981
66815,-0.0587111765342301
66816,-0.35299011620487497
66817,0.46155576990712166
66818,-0.05208957572336096
66821,0.12632378874702632
66822,0.00762977865952155
66824,-0.08372181513952723
66825,0.8930489210568442
66826,-0.10595546087123468
66827,-0.10793923075920343
66830,0.00588014647116711
66834,-0.03537475619043459
66836,-0.06713749602419025
66839,-0.05712444017501411
66840,-0.2402365538445365
66841,-0.08452477451850732
66844,0.08473224976957869
66847,-0.17172395695888054
66848,-0.5794272600636545
66849,0.4348729579722177
66853,0.07891828759638198
66854,-0.0706008092974309
66855,-0.03905786509468981
66857,0.0866881507187503
66859,0.3257896592195765
66860,-0.18428565239084643
66861,-0.07079141838365914
66863,-0.04599075260558525
66864,0.2074516911255744
66865,0.06054553381824752
66866,-0.1510618204256609
66867,-0.042079160788653903
66868,-0.1449197883772453
66870,-0.02490739061784173
66871,-0.3359406394249825
66874,-0.2707998944911586
66875,-0.15880843339687423
66877,0.00938546467536062
66878,0.07167254991962026
66880,0.22233266294228513
66881,0.2034019380775554
66882,-0.03197508854214857
66884,0.01444350383364522
66885,0.4695827926949826
66887,-0.08798051064807769
66889,-0.01759009134452588
66890,-0.10474960037406732
66892,-0.12716576298288018
66894,0.06884123759898801
66895,-0.424782879090195
66897,-0.5237052474636376
66898,-0.4843011431013937
66899,0.06162413894981134
66901,0.2075261881279571
66902,0.14206476668584464
66904,0.24626114979198951
66905,0.0102692769352014
66910,0.4332864924812934
66911,-0.0779885691254027
66912,-0.08529204046434471
66913,-0.20207889446037489
66914,-0.03922241593967418
66915,-0.04935853811413177
66916,0.00105113551450977
66917,-0.07907532076723772
66921,0.17483901233906762
66922,-0.19454786865601295
66923,0.01217268907425916
66925,-0.16987334947032617
66926,-0.02119143910953975
66928,-0.05446419066371302
66929,-0.1535857598789368
66930,0.3572869934449717
66931,-0.24384318504347263
66932,0.14301391464820978
66934,-0.2763199986558628
66935,-0.12815009661269036
66938,0.04549197742319837
66940,-0.01177818058197782
66943,0.10413729284281233
66945,0.02380338904930849
66948,-0.8537952718121644
66949,-0.17058804488256032
66950,0.07358813395832803
66957,0.31564870882852214
66958,-0.04007894617400481
66959,-0.12128359090093448
66960,-0.09689284774551092
66962,0.11241330381539892
66964,-0.02693409514034148
66965,-0.07384656403872647
66966,-0.12657988742685303
66967,-0.538937545548463
66968,-0.30122996183872003
66970,0.14882933556489458
66971,0.22455033051561157
66972,-0.3985043350322989
66973,-0.01131907338956184
66975,-0.08666528445900731
66977,0.15117210189414404
66978,0.11131576365609984
66980,0.14961455179435446
66983,-0.3746671264749764
66985,-0.0972907309272227
66988,-0.04756967185765963
66989,0.09495550638410756
66994,-0.16609372241849615
66995,-0.15604795276608957
66997,-0.00403451575815717
66998,-0.01767119687216053
66999,-0.105489122129876
67003,-0.03407961918850842
67005,-0.13798509958830366
67006,-0.04049089199025139
67008,0.0192329479151187
67010,-0.04515915274938462
67011,-0.2043147826431113
67013,-0.03532997954640617
67014,-0.07918030707945321
67015,0.12184806637040212
67016,0.01778266297991588
67017,0.11391226157430376
67019,-0.34171977253831565
67020,-0.25911930452463516
67023,-0.01430714517352502
67025,-0.12700083164877213
67026,0.07111116667996661
67027,-0.03271128010176297
67030,-0.00377529424071206
67031,-0.00429248175758872
67035,0.3034422255265775
67036,-0.02627626404483764
67037,0.23587185842226105
67039,0.00866657089324373
67040,0.02482228705659561
67041,0.12626129235237762
67042,0.10055200453905298
67043,-0.1102707620112319
67044,-0.01466103531697006
67045,1.8901185249113608e-4
67046,0.8369201095910779
67048,-0.07340105174519479
67049,-0.2673381218419597
67050,-0.29297703500698535
67052,-0.06447965701734781
67053,0.21090274366743603
67057,-0.10945301916779074
67059,0.01964730113454611
67062,-0.6538289379873301
67063,0.03653166965903164
67064,-0.06087843984778304
67065,-0.3813725177212499
67067,-0.10487186077399724
67068,0.00806009579288052
67070,-0.09171725378615928
67071,0.2057717852122564
67072,-0.07236150453647716
67073,0.05241350706439307
67074,0.1500011132947648
67075,0.1049398430169858
67077,0.1276323925880213
67078,-0.16381672302828632
67080,0.400455249900444
67082,-0.8382311619864993
67085,0.5218447097198894
67087,-0.36036978884796855
67088,-0.09390947115099343
67089,-0.23011743516867508
67091,-0.09893962391407736
67092,0.06444635830531892
67095,0.1378503992050047
67096,0.11462705438773484
67097,-0.1713555431122199
67099,-0.14932988006856068
67102,0.14431623885549133
67103,-0.1902711608043992
67105,-0.20879807659461844
67106,-0.1070236059116546
67109,-0.1557548516500912
67111,-0.153966534506268
67112,-0.06470978506366845
67115,-0.03404132756262553
67117,-0.17432110613919835
67118,0.04676429038851473
67119,0.14355292612437295
67120,0.06660475678324201
67121,-0.6102084435739199
67122,-0.2096955127580608
67123,-0.00538396445334791
67128,-0.1575802152524408
67130,-0.055873551047453
67133,-0.00756955411581023
67134,-0.07830551433775784
67136,-0.1181278232335268
67138,-0.1182194721106556
67139,0.09130233927294933
67141,-0.09210084176257954
67143,0.00208409772557605
67145,-0.01857047079883796
67149,0.09461077080115383
67150,-0.01411024138671552
67151,-0.00272246542717372
67153,-0.2243196460222546
67154,0.07110703708431547
67155,-0.02198016145466855
67157,-0.3977505334712485
67160,-0.08671920576763453
67161,-0.18733109816569657
67163,0.1000971801855487
67164,0.2198664884990766
67166,0.04830118059982043
67171,0.0190541927599973
67177,-0.05640486836696867
67178,-0.0694740999422839
67180,-0.03406715065890405
67181,0.05035432451758311
67182,0.00635880643829371
67184,-0.06297707719794171
67186,-0.00648002151450858
67187,0.09503752071900289
67196,0.43216694518205967
67197,-0.2487308895754164
67198,1.1376508729972723
67199,-0.06839845456223469
67200,-0.1805385849455735
67201,-0.10113247496598024
67203,0.00643057953845471
67204,-0.0821685005902201
67205,-0.17224050658566023
67207,-0.05802286806452197
67210,0.03454081423925072
67211,-0.11337703864382397
67212,-0.07075263956872596
67213,0.02277163247875855
67216,-0.12286016563437972
67217,-0.7955947672896775
67219,0.17470962310438906
67220,-0.01495906646210973
67222,0.30124168173117033
67223,0.07185245534902232
67224,0.07466268571736395
67225,-0.13382392731023904
67226,0.0586383988588561
67228,-0.00686800658704282
67229,-0.109406864032572
67230,0.02223990344618218
67231,0.06634315464031927
67235,0.13936095244397737
67236,0.11926768122740786
67238,-0.02665751915207509
67239,-0.17993268207137847
67241,-0.04501663195572751
67245,-0.10398203114808796
67246,0.1176333941306658
67247,9.437153392912128e-4
67248,-0.00933479875310748
67249,-0.1552083029081314
67252,0.01292380169226064
67254,-0.30716529975842105
67255,-0.1210890651396718
67263,-0.0698285269112844
67264,-0.02006046422152896
67266,-0.1388125046968172
67267,0.00744176818706504
67268,0.03861083153689709
67269,-0.12486446527279006
67270,0.0220776385463573
67272,-0.04270016633379682
67273,0.0396967090922141
67276,0.02747802571195368
67278,-0.06434229966873535
67279,-0.12597646655410982
67282,-0.16554765031184446
67283,-0.10543598144437828
67285,0.3597174232445147
67287,-0.15613075948312988
67288,0.01458465234484767
67290,-0.21395693621310907
67291,-0.03914942606345615
67292,0.01029088636717259
67295,-0.0325733889817823
67296,-0.04910718589966645
67298,-0.01710470164972067
67299,-0.08906683128139761
67300,0.02842859306238849
67302,0.15097672885157104
67305,-0.24379846117273052
67306,0.0678365811674539
67308,-0.02950092963244076
67311,-0.3860659913192732
67313,1.1074365153415833
67317,0.7589474353791157
67326,0.0297714170056277
67328,-0.11183815501567242
67331,1.1044842996925273
67332,0.05432075095576873
67333,-0.122084215787615
67337,-0.03711555420154999
67338,0.01550794295403882
67341,-0.4803041279474404
67343,0.6149315352355509
67344,-0.2409746407817477
67345,-0.0818883923755035
67356,-0.06715531537352346
67358,0.4079799546707138
67365,0.183358971969528
67367,-0.15470549481871318
67369,-0.166622488609582
67370,-0.3802578618955147
67371,-0.03374969053218593
67373,-0.7957802963137752
67374,-0.32038371402862287
67375,-0.09583497391183853
67378,-0.697490848922363
67379,-0.04169670596671681
67381,0.03076664666507343
67382,0.262381258359874
67383,-0.13269183604904458
67384,-0.05086830826376355
67387,-0.04883114986980805
67388,0.02426220776509761
67389,-0.1852801592311126
67390,-0.05721699127216116
67391,-0.06064118685172488
67392,-0.11069124036623285
67393,-0.02860482662090728
67397,-0.06549091379041366
67398,0.1163601192932795
67399,0.09231774096005677
67402,-0.1569678725248339
67414,-0.09549707747194176
67416,-0.0395173155500028
67417,-0.28658950495560886
67418,0.04779588243976696
67419,0.21912543412739588
67420,-0.361837243842866
67422,0.04812964254142705
67425,0.779253462367685
67426,0.10452312218305036
67429,-0.18038456005404924
67430,0.9349752746385236
67432,0.21650430772874893
67433,-0.07909135524514613
67434,0.07844723194235921
67437,0.03650632042102184
67439,0.08125481059554615
67440,0.1425680005407029
67443,-0.0258954096767153
67444,-0.05095429084652841
67445,0.29057127318779824
67446,-0.12034896287355924
67448,-0.7283077023841924
67451,0.03394328472002418
67452,-0.02176493350002102
67453,-0.0246158590437242
67454,0.0836598423108534
67455,0.25507012210938884
67456,-0.06027620343859902
67457,0.05904607733697075
67458,0.212723418629516
67459,0.4862861077687094
67460,-0.07887051914555976
67463,-0.11710790213721728
67465,0.06690651780624243
67466,-0.01546539304760073
67467,0.05049441386450229
67468,0.07504781693732844
67469,-0.14810117097269992
67470,0.208686576066234
67471,0.01327405304874362
67472,-0.12193702827181896
67473,-0.4140985805707338
67474,0.1361401160061623
67475,0.01773485601123459
67477,-0.6033048804218337
67480,0.2512861024922864
67483,0.28581287165711505
67484,0.8558075218510401
67486,0.15339683703974918
67487,-0.03090885797498633
67489,0.02975469747995188
67490,0.01335949757241545
67492,0.168230944425349
67493,0.04755119596140131
67495,0.184679092211105
67498,0.21530893423035213
67500,0.00421137134140185
67504,-0.31985975097090474
67507,-0.25997704496091556
67509,-0.3094051076571479
67510,-0.48188209858863984
67511,0.07049742776587327
67512,-0.08729592488311567
67513,0.00916101668704403
67515,-0.0646398812050803
67516,-0.2335148073721055
67525,0.5782306010331371
67526,0.0662679091390388
67528,0.00283995593681398
67529,0.00809136989426298
67530,-0.1672060091276054
67533,0.223478437728845
67534,0.32571527935200095
67537,-0.6048662046917209
67538,-0.05932976631537887
67544,-0.35640756053206774
67547,0.03673621041840205
67553,0.38132526415731594
67554,0.372578907133857
67556,-0.19940930226449033
67561,0.00379227998040773
67563,-0.02086669078041076
67564,-0.650171383024401
67568,0.2507223700233112
67569,-0.2250865745542609
67573,0.4193688267194629
67578,0.5727204327102016
67579,0.6054487520112078
67580,0.03710919997053193
67586,-0.01713141320363392
67588,-0.17866937066225422
67590,-0.10636736567038232
67591,0.02135801852715442
67592,-0.506530414728115
67596,0.0265664818224109
67602,-0.3200154085809108
67603,0.01682164092890323
67604,-0.1437643378033132
67605,-0.20862875735639488
67606,-1.7836849455442376
67608,-0.05035763266291664
67609,0.05486166198129276
67610,0.11216537617215362
67615,0.01577053563328429
67618,0.00468581995435968
67619,0.09377326141805711
67620,-0.15377865535835317
67621,-0.1004689658333154
67622,-0.00374375987824246
67623,0.08970520600401477
67628,-0.00305389303411303
67629,-0.41775252503483074
67630,0.6288419022914119
67634,0.01384135252740065
67636,-0.12288991115447148
67645,-0.49965041269282207
67646,-0.1436718630607014
67647,0.11751894314835198
67652,-0.36711894983511384
67655,-0.07427587091121958
67657,-0.07948642543846673
67661,0.5187625805290711
67663,0.01688997872869402
67665,0.01642924390360744
67666,0.33459266321483777
67667,0.257636111806134
67669,-0.04356101930999771
67671,0.02887072646340591
67673,0.02306953595576756
67674,-0.02268206673839648
67675,0.02642230023446284
67676,-0.07195043198548856
67678,-0.01248197741718205
67680,-0.0860281079633835
67681,-0.2100570062746826
67683,-0.00718703319730923
67684,0.06150819008730453
67685,-0.2811292972559578
67687,0.2229132710465916
67689,0.01735526443244647
67690,-0.02516240210136474
67694,0.22841528705737216
67698,-0.23037623714491776
67701,0.00326368619080008
67702,-0.02021986420202213
67703,0.48134651629423975
67706,0.02042251391147095
67707,-0.03438597744244538
67709,-0.3020948911492073
67710,-0.06958560184337215
67711,-0.11394843549998676
67712,0.07414636966674105
67717,0.5820428957287074
67719,0.12768302019030395
67724,-0.2944997037015229
67725,-0.11900534392351791
67726,-0.04487257576966235
67727,-0.06174126387457716
67728,-0.01774227263039772
67729,-0.248967217738718
67731,-0.07357268794878802
67732,-0.04331304461052301
67733,-0.07690536913873254
67736,0.4337467018210526
67738,-0.1271712219763471
67739,-0.02366884401562859
67742,-0.10595098677429324
67747,-0.30303033690741754
67749,-0.989546112503986
67750,0.3564572558207414
67752,-0.07521980228034249
67753,0.8210211165433461
67755,-0.15022804729636463
67758,-0.5275845081325932
67759,0.06607122013519867
67760,0.07666418666570549
67763,0.01225327651075411
67767,-0.05877082216879829
67768,0.20683143606875357
67769,-0.3028712418664764
67770,0.10844879187627088
67771,0.04133729152384725
67772,-0.05646444858314482
67773,-0.1033652580796592
67774,-0.14806407843065106
67775,-0.10220647994855188
67776,0.19016516749424264
67778,-0.06428692257974393
67781,-0.0629441303954547
67784,0.071913977193521
67785,0.0102187723168718
67789,0.02341462548240236
67790,0.03989768644147015
67792,0.01271613106738419
67795,0.19879772640038673
67800,-0.1502523471066556
67801,-0.8248014330769311
67803,0.00515458385749741
67804,-0.01274440535111393
67808,-0.01396626027043106
67809,-0.4485108100545237
67811,-0.08578698199101054
67812,-0.8552291656408314
67815,-0.06842427901826778
67819,0.09243625435608348
67821,-0.3783051820638624
67824,-0.11906752262536358
67826,-0.01277293394676145
67830,-0.06600060605953655
67832,-0.035584692494683
67834,0.07118450802145104
67836,-0.148886506737228
67838,0.00363042611424727
67839,0.07164032755117672
67840,-0.07155240285148384
67841,-0.06316657086965126
67842,0.18565621276766592
67843,0.0153606525686202
67844,-0.03658910738376986
67845,-0.02348871012902337
67846,-0.552121754245809
67848,-0.20991459496545695
67849,-0.05697221368650217
67851,-0.04249677272613041
67854,0.463940360457328
67855,0.01468106057523358
67856,-0.22117083603766105
67857,-0.05981033984679872
67859,0.5295851028123013
67860,-0.10029546652115082
67862,0.27018558795847136
67863,-0.05665637459176615
67864,0.04251971120104464
67865,-0.03910026426453297
67866,-0.04981459152873785
67867,-0.03168526479493502
67868,0.3298555779897613
67869,-0.04342995860031783
67870,-0.1836007019973439
67871,-0.03448084898036355
67872,-0.17804918394944907
67873,0.08053794035298897
67874,-0.21846357583948459
67876,0.32713061671175964
67877,-0.2417339759686643
67878,-0.3632435380459873
67880,0.1042889890350964
67881,-0.27099138718997035
67883,0.26388174414250687
67884,-0.16469705254955988
67886,0.1599856021121761
67887,0.00353584654439466
67888,0.1087087747505921
67889,0.05042134937653106
67890,-0.15208072343573772
67892,-0.3597862586188988
67893,-6.18579513152577e-4
67894,-7.725912250838018e-4
67895,-0.06304912936886803
67896,-0.45192758591358995
67897,0.07174952529749767
67898,-0.07360435778817205
67899,-0.1486100730045273
67900,0.45353752268407543
67902,-0.12063999669789709
67903,0.2098848790594016
67905,-0.0884961126853464
67909,-0.21536664061056457
67911,-0.27210400626645087
67912,-0.1296192085858141
67914,-0.44861999411584985
67916,0.2079294461630991
67917,-0.554539580966397
67920,0.14152768319808592
67921,-0.01004303686632915
67922,-0.00598557537235776
67923,-0.02038561459175328
67926,0.36355524468005246
67929,0.3629404610946272
67933,-0.30233383480692333
67935,0.21295041115792843
67936,-0.10335600581770946
67937,-0.081305054194334
67938,0.0823764682264479
67941,-0.1570093603919399
67942,-0.04272174213697656
67943,-0.0553490336336663
67944,0.4779271906422392
67946,-0.2127322572288389
67948,-0.01037456298587125
67949,-0.02923702182876896
67951,-0.00909795138569264
67952,-0.1296378147383502
67955,0.01161659697072134
67956,0.16505419529414883
67958,-0.18427249421400088
67959,0.12430946563065289
67963,-0.13860818833835706
67966,-0.2592603345143133
67967,-0.0333408452472069
67968,-0.47252420284740215
67971,0.0599332156002956
67972,0.1877220943964091
67973,-0.1485574446651393
67974,0.44526922021736853
67976,0.01627651000831052
67978,-0.42286639803038034
67979,-0.06408835717921764
67980,-0.2368810209534725
67981,0.0737579289582199
67983,0.13350481876043593
67988,-0.02041140830158046
67991,0.2634156619550556
67993,-0.27164091782419536
67994,-0.3038373660603182
67996,-0.1429042317880672
67997,0.10424100245790652
67998,0.2675160451419666
68001,-0.14369444112129504
68002,-0.1167080047883385
68011,-0.0284651544948841
68014,0.2735460010889948
68015,-0.10568397332394096
68016,-0.12952829254373394
68017,-0.19889294869412477
68018,0.4072405456108399
68020,-0.05540938017629841
68021,-0.05152917292211416
68023,-0.18205367891926152
68026,0.09449172346316063
68027,0.29959030757407806
68028,-0.1723061531648402
68031,0.4653821319251993
68032,-0.1894519429277286
68033,-0.01890667229336016
68034,0.1112602359358159
68035,0.05097902604279097
68036,-0.0920182888172028
68038,-0.07420476845479182
68039,-0.12412822281638015
68040,-0.08717636866682155
68041,0.0853785819692391
68043,-0.00394928788451531
68044,-0.11542029196864592
68045,0.00963541889766012
68047,-0.01779985469914518
68048,-0.09905450322010403
68050,0.09727454611851524
68052,-0.01063813897083446
68053,-0.30850251184827604
68054,-0.632677359301185
68055,0.1235674136612718
68058,0.00888115174984567
68059,-0.05249835431524312
68066,0.00558732045261604
68067,0.24829904876997624
68070,-0.25590425220242796
68073,-0.09389890551897644
68075,-0.0050144064380527
68077,-0.12890996496258852
68079,-0.1149842361265904
68080,-0.3343329311819213
68082,0.03525853867303506
68090,-0.08634579946922902
68092,0.32149617550474197
68094,0.5865070826809512
68097,0.12023168030430534
68098,-0.04598053972378957
68099,-0.3778055123145818
68106,-0.2765070176401268
68107,0.10413948183730662
68112,0.00573272098310949
68114,-0.13336239270706068
68115,-0.12171673121326974
68117,-0.24286325295632727
68118,-0.0800798827588592
68119,-0.09206212689618506
68121,-0.19156095676726864
68126,0.00908949431483091
68133,-0.10455923380091434
68134,-0.14943795012899552
68135,-0.05157985459697852
68137,0.13368519635815973
68140,-0.03884237279111596
68142,0.12234281351947106
68145,-0.30466895953325035
68146,-0.10131811725947454
68147,0.04659703030928476
68149,0.05071184565640906
68151,-0.06572943427349369
68152,0.01813185010846342
68153,0.08579481550216236
68159,-0.19361965927023564
68165,0.05100018949798569
68166,0.2176777495004672
68169,0.39989034588225175
68170,-0.2284701473700265
68172,-0.14226661066450452
68176,0.9005515128086028
68177,-0.08148743284151591
68178,0.1870730402606296
68183,-0.03766576185264878
68184,0.03657646533208514
68185,0.03415984195054391
68187,-0.6375241926913547
68188,0.05511813163000582
68192,0.22119916854773553
68196,0.06159294560264797
68198,-0.09338457744235489
68201,-0.11038484082910197
68202,-0.12156023791169414
68203,0.1860874557707531
68205,-0.07745546362028559
68209,-0.07156807912503907
68212,-0.05462435998148465
68214,-0.40251091478666895
68215,-0.3497857394734123
68219,-0.02165000086191958
68222,-0.1801511712931953
68223,-0.6351653880253252
68226,-0.16668410873374484
68229,-0.21297625098931605
68233,0.08713887957000714
68236,0.24543752080498224
68240,-0.2790093896539564
68241,-0.01591132760825089
68243,0.6184892941708016
68250,-0.02783673387594037
68251,0.00763497534746471
68255,-0.1659167924523774
68259,-0.16837639606961868
68260,0.11855860126413484
68262,-0.03366521833132562
68263,-0.16020937273580343
68267,0.0401436777711063
68268,0.05744869115212386
68270,0.1486267382459302
68273,-0.1622678990767261
68275,-0.10667284018754036
68276,-0.4189949111057931
68277,-0.35178827667384954
68278,-0.03831945590554228
68279,-0.05896529322143806
68281,-0.11331988185665295
68283,-0.02430125071438381
68291,0.1192050826177826
68292,0.12334332564718106
68294,-0.13171882059936071
68295,0.00906182460267828
68299,-0.08562649978702327
68303,-0.2492276683726897
68304,-0.2358122537500691
68307,0.1453431265071539
68310,-0.04965485924895498
68311,0.2579938485717969
68312,-0.09143598862403608
68316,0.33076510846001084
68323,-0.12765050624968233
68327,-0.0291902597166505
68328,0.962527186248222
68332,-0.10724532832246823
68337,-0.1484141392894452
68338,-0.7163017868677524
68339,-0.0208209083440152
68342,-0.05982108908270182
68344,0.3613518461060106
68346,-0.10057409758046852
68347,-0.00615117185930511
68349,-0.00440457240552861
68350,-0.1020433930627601
68352,-0.01771206680517693
68364,0.04961231730337917
68365,-0.07640087949995895
68366,-0.09757984412505565
68375,-0.19392994278329323
68379,0.1146931042316934
68385,0.38532288811055193
68393,0.1187872177094736
68396,0.08901491446732787
68401,0.00789636591010977
68404,-0.1386795337647603
68416,0.28237264344304525
68420,0.03967243776299067
68421,0.22194691742878184
68423,0.15103192316827171
68427,-0.06299141766606965
68428,0.2937695649583632
68431,0.05994720760791181
68440,0.02133151136005326
68441,0.11593707802562968
68453,0.3579175458715897
68460,0.3255125165321273
68463,-0.02628444636919374
68465,0.0268040492028367
68468,0.02756403241626494
68472,-0.08003648755317402
68473,-0.08898402642116246
68475,-0.04061937456089374
68477,0.33641918674009064
68479,0.05702572354608639
68480,0.08411874304081318
68481,-0.04602466312258789
68487,0.04380096010030352
68490,0.06685544236434013
68493,-0.13417856638119313
68497,-0.01596527189253691
68498,-0.6241500891539322
68499,-0.2177642383971787
68501,-0.04338966960923703
68505,0.30513819654692387
68509,0.17876331870906623
68510,0.05432029102376742
68515,0.1809567744130311
68519,-0.13327520330401413
68520,-0.01480110859428701
68521,0.02489421326489701
68523,-0.03223369856062071
68524,0.08265393318440434
68525,-0.10047569128379714
68526,-0.01807901556142534
68527,-0.4435524239471791
68533,0.3129685142802494
68537,-0.08847628385809134
68539,-0.06259085830597447
68544,0.05588642411194383
68545,-0.8426647833961571
68550,-0.553143551228388
68552,0.0300673840139608
68556,-0.05492925844343849
68558,-0.1329637371950529
68559,-0.08965909435137807
68563,-0.06246329115193951
68564,0.07853780908209826
68565,0.02466232214364445
68566,0.40073592993026097
68567,0.1652939907620184
68572,-0.04546490125234433
68576,-0.01187081797958703
68585,0.1098796454550485
68588,0.06016540123764902
68591,0.16800806828945758
68592,-0.04206557787088572
68597,0.00128714622785924
68598,-0.08847605175870271
68603,-0.04322275166669442
68606,-0.02525051762952311
68607,-0.0533034707172802
68611,-0.00379838663347912
68612,0.10971642852240789
68614,-0.02233302043901376
68616,-0.6503193995679255
68617,-0.00507208553044655
68625,0.01633895817775452
68626,0.10088931543298447
68628,0.1939566740192907
68631,0.03436543273112515
68632,0.15594565354308756
68634,-0.1863633178791433
68636,0.1917344397310502
68642,0.04811686232690533
68644,-0.04167929983696467
68646,-0.07264197945527148
68652,0.01807847679146838
68653,0.19898225129035563
68655,0.00832476596107578
68659,0.3685916783602085
68662,-0.2127848846539061
68666,-0.2610287750682585
68667,0.02060303705022219
68668,0.14651888469793964
68671,-0.02966447796123963
68675,-0.00109561749224651
68678,0.08026561707691199
68680,0.15499819576333573
68682,-0.00694784390302463
68691,-0.1704016827548403
68693,0.1630795369864413
68701,0.40234581445334583
68703,0.5569632964096329
68705,-0.0955305831992388
68709,0.23839926718029408
68713,-0.03098494714962746
68718,-0.1241454325938468
68721,-0.18032729215091647
68723,0.7605049467225153
68724,-0.03031644086497502
68725,-0.25169012401005664
68728,0.08842530144207791
68729,0.431480659637254
68730,-0.05885105709722753
68731,-0.23948732505552517
68732,-0.25837935540754253
68734,-0.19798800771376288
68735,-0.13198505720799902
68736,-0.3927902635055155
68737,-0.00236709004003918
68738,-0.03572321155207479
68742,-0.1272281302370134
68743,0.00258768282245586
68750,-0.04984812109404588
68753,0.02502472507036943
68755,-0.2173910904609482
68758,-0.01859599250191366
68760,-0.09091459290289672
68764,0.1222433268189618
68770,0.02633430225602414
68774,-0.15118122625308716
68776,-0.16201506544245675
68778,-0.00174047480729495
68792,-0.09269249843019683
68794,0.2129406995710356
68795,-0.24493421691077755
68796,-0.06169861626293373
68797,0.729263049796701
68799,0.2105273096486855
68800,0.1265936413345597
68801,-0.02752570015221088
68802,0.02223066052275314
68810,-0.15672729742337124
68813,0.32275218970642217
68815,-0.11914238430223716
68816,-0.25702221987988283
68818,-0.07383207092394187
68828,-0.11456863884334642
68832,0.03120667430227081
68833,-0.33555597851992924
68836,-0.02338375460775679
68837,-0.00244844387243288
68839,-0.14167608404350196
68842,-0.09913628371107584
68845,-0.09749049200642632
68846,-0.03445737155141596
68854,-0.522329407480049
68857,0.4704895461566758
68859,0.10705056564221724
68861,0.00782416084334763
68865,-0.2607310122057984
68867,-0.20162383431863945
68874,-0.5043347486304699
68875,0.1279671946455574
68876,-0.07357436075173918
68877,0.0205527361644117
68879,0.09373323284312658
68889,0.00756208185487186
68891,0.00666906660402845
68895,0.4375087161216349
68897,-0.26820165393382256
68904,-0.01751539736099914
68910,0.1254971744920306
68911,0.00726842641160867
68915,0.22370184355314868
68916,0.05651139430021015
68917,-0.07372124518770659
68918,-0.05343159150499821
68922,-0.10494631481862826
68925,-0.02256361331603447
68926,0.00159098169266455
68929,0.03399405460604082
68938,0.03086915363427547
68939,-0.33463926649657993
68942,0.07055225941189304
68943,-0.02980773194061347
68944,-0.02723754635124043
68947,0.5754360397186473
68948,-0.2403716428612607
68952,-0.2233463533353901
68953,0.1000398107780493
68955,0.0506555140111326
68957,0.3399036517592063
68961,-0.04633337773597218
68964,-0.03997053565046599
68966,-0.02892220024610988
68968,0.11272699693072336
68969,0.03519963372877163
68970,0.0908372329939662
68971,1.2399188970961617
68972,-0.11138926353500891
68975,-0.1852042544082563
68977,0.03884202545535552
68979,-0.02469150738958441
68980,0.02108822381779693
68981,-0.1773059701883189
68988,-0.01343471151379383
68991,-0.02354572160240248
68992,-0.00336905375548594
68995,-0.09406664181090928
69008,-0.10037261662600656
69009,-0.14168367685457847
69010,8.739360817008879e-6
69017,-0.00447518975471825
69019,-0.04576069040255315
69020,-0.1457311118580577
69024,0.09120559116609052
69028,-0.08203366925556856
69029,0.01411233447273734
69032,0.148607775453075
69034,-0.13211033449739118
69035,-0.19929908207735
69038,-0.04936100954565346
69046,-0.00423099983332618
69047,0.6772083324089444
69048,-0.22133047248198465
69051,-0.09156676504258442
69053,0.21769007310291147
69060,0.02001186362377235
69064,0.4129237507400677
69065,0.19989208335980416
69068,-0.20297480424457495
69069,0.18212810035453725
69071,0.07951403486607683
69072,-0.09301528886419368
69073,0.1575832076621094
69076,0.00881365850893476
69077,0.05208517384221825
69080,-0.08956363491466583
69082,-0.0251639599725101
69083,-0.0369955341046293
69085,-0.06375706707004947
69089,-0.04868564747836432
69090,0.03123411196564443
69091,0.2556141112156176
69094,-0.09253156841527138
69097,-0.46547498723692193
69101,0.01233441959432919
69104,0.05146299172866762
69106,-0.09878380316766984
69109,-0.06555195144730884
69113,0.02847871701324336
69116,0.17470485793127533
69121,0.5017506342036396
69125,0.08558769609254503
69126,-0.06808460272028431
69129,0.41044850226507623
69131,0.07785592593859592
69136,-0.09839970903655162
69137,-0.2949530948848057
69146,-0.06104217330177412
69149,-0.1470405456394786
69151,-0.30367810661913264
69155,0.19418716662703375
69156,0.05820558976017221
69159,0.04531647461686496
69161,-0.02703117379516164
69162,0.08393869973417455
69163,-0.17585036358796938
69168,-0.15003097976155244
69171,0.02601551661191652
69178,-0.05890949292428121
69181,-0.01160174460773821
69185,-4.32164145393375e-4
69186,-0.00133817083557472
69187,0.06021622679276586
69188,0.05554945557622287
69189,-0.03743737366960062
69190,0.25959357782327525
69191,0.2530803821302379
69195,-0.2726657519905362
69202,-0.09408772412887764
69207,0.04896441920793819
69215,-0.07290471629606496
69216,-0.130034658678029
69217,0.341428864804345
69219,0.01695882737134342
69225,0.05665308567225474
69226,0.3483134417017673
69228,-0.03631539266867532
69232,0.05193629718044813
69234,-9.02292958893344e-4
69237,-0.12141624823606542
69241,0.02892069791637889
69253,0.22279226487588957
69256,-0.31076881224836905
69257,-0.0660603803224306
69259,0.12434146816203892
69260,-0.39299803439764824
69263,-0.08977095063658697
69270,-0.4061084963114281
69274,0.42530539556166824
69276,0.00653288513060254
69281,0.35756440872594003
69287,0.3182094034529789
69288,0.3032636115586569
69297,0.5351198655601903
69299,0.45907454559882344
69305,-0.11319231770760572
69306,-0.00300638547163961
69309,-0.19730817680540264
69310,-0.3599498334575508
69312,-0.01325087971612457
69317,-0.5910106268186418
69327,-0.12478176579936404
69329,-0.24926472123991944
69332,0.27723396522018606
69339,-0.2507149958159205
69349,0.06853885238157693
69351,-0.2048804359598416
69352,0.40067387796362863
69354,-0.2486877428469808
69363,0.22017365427672783
69364,0.03115457286514972
69367,-0.23462735039469507
69368,-0.07070595030991404
69371,-0.38789594473172273
69376,-0.2632966300398173
69379,0.22917100931967097
69384,0.34513650794301887
69387,-0.7062774650424157
69389,-0.12027903105116385
69398,-0.06543771938543666
69399,0.16819841433517502
69401,-0.6632008509166535
69428,0.24913560842514493
69440,-0.08153467704913198
69444,-0.3295789041106048
69453,0.23390038627739543
69454,0.8501080797821619
69456,-0.03902483991167911
69459,0.19128909891628185
69469,-0.5249907405347
69470,0.03058520136780136
69473,1.325183843279208
69478,-0.13447306416383553
69479,0.6204010257121686
69480,-0.23109296934480628
69481,0.1365366053553172
69482,-0.08940301100749264
69487,-0.13096619126136863
69496,-0.11606798928498235
69499,-0.26422387899542316
69511,0.271608404510539
69519,0.14496458579824767
69527,-0.0685095117445531
69528,-0.08850229834233832
69533,0.2837274042790912
69534,-0.17355765374030482
69535,0.00906941106473486
69536,0.4381845025342084
69537,-0.05494621832363526
69538,-0.1256540437738856
69539,0.07843461535685026
69540,-0.2487704265414057
69541,-0.34750312409563194
69542,-0.29274914590308654
69543,0.24752220812885867
69544,-0.25768695845624745
69547,0.646569153938074
69549,-0.23709300946644163
69550,0.01575761633293121
69551,0.8781078064273691
69553,0.8026091691106745
69554,-0.0491662492255604
69556,-0.09847909182306304
69562,0.05532252857454069
69564,-0.14774975188438558
69568,-0.03558262835621089
69572,-0.18751106537962348
69573,-0.4447317610325532
69574,-0.7704444088975565
69576,0.40280841685995505
69577,-0.30928918859908533
69582,-0.07091551406790092
69583,0.09443050868170856
69587,-0.46190262420528494
69590,0.02039833810686292
69592,0.04860202525758922
69596,-0.1480079402363148
69597,-0.0243966499950862
69601,-0.01144666916725968
69602,-0.08297454728455278
69605,0.05503233543841711
69606,-0.2270636677119564
69608,-0.15636280801564
69612,-0.16512197610498158
69617,-3.7730166821486194e-4
69627,-0.257008813060844
69632,0.4186669575295891
69634,-0.264921726567397
69635,0.253744074631739
69638,-0.167806415823454
69639,-0.04641872775241579
69640,0.3885940371472006
69641,0.15159599939434712
69642,0.2210566670116983
69654,-0.12659513806830508
69655,0.28068706837871216
69656,0.3750148722108757
69660,0.2310827859917496
69662,0.13380871054219762
69663,0.13875646662595256
69666,0.00914185408773855
69671,0.30973008283090986
69672,-0.07321584496725374
69674,-0.05659092953674413
69675,-0.21665447496437995
69677,0.5036897963408177
69683,-0.0903168065227952
69692,-0.03530750633832988
69693,0.06437834438258155
69694,-0.5160843750617972
69697,-0.13479264681037012
69698,-0.4123718988130124
69700,-0.03040642022585815
69702,-0.04445113865071497
69706,-0.06957305428731482
69707,0.02266886347288622
69710,0.08384809311257181
69714,-0.01191939442265364
69716,-0.2893342285459717
69718,0.06699614207948008
69719,-0.03166015509735578
69721,0.3332506744156354
69723,-0.1563566531482539
69724,0.01941570504105275
69726,0.2656649141998696
69727,0.3277069705172342
69731,-0.01443355056686854
69736,-0.09708193261796336
69737,-0.01859245393233795
69740,-0.08859826216430078
69742,0.32143153372763206
69743,0.0657813590880151
69745,-0.1639822439041509
69747,-0.20360734929287017
69748,-0.07860059193968019
69752,-0.19068768399978353
69754,-0.08904768659090155
69757,0.03658648012733725
69769,0.02018823471169634
69770,0.06460350616655773
69772,-0.956793705370602
69773,-0.04656093111930946
69780,0.07170415052938715
69784,-0.2865103224210508
69786,0.03806005545791425
69790,-0.1178293814282989
69792,-0.09364010008296032
69802,-0.11384006663679808
69804,-0.01754453128219756
69806,-0.13087588104832215
69807,-0.14166334852152168
69809,0.16974616285994334
69815,-0.2547200997498209
69816,-0.097041674531066
69821,-0.04500505043992642
69823,0.17435291330166006
69824,-0.3582697283847427
69826,0.7088155833115524
69833,-0.03210016517821601
69834,-0.08188168022954168
69836,0.39615336844218585
69837,0.02757471829499315
69847,0.5271319943034299
69852,0.30135464284108787
69860,-0.06130900169427199
69861,0.5735004250639681
69863,0.08052170338491416
69865,0.28128489531744194
69870,-0.1354617713451819
69876,0.01932194778727494
69878,-0.06743168136371984
69882,0.1948390295682542
69885,0.909023663822193
69890,-0.02401440062231552
69893,-0.3234653340652765
69900,-0.07939014677970538
69906,0.24944484284892404
69908,-0.29494376568093605
69912,-0.18175922572416656
69917,0.01112383876055758
69920,-0.05348041796612426
69922,-0.03204180487264496
69923,-0.12136640244068408
69926,0.40081211116365706
69928,0.6345142653254234
69934,0.14107144924451936
69938,-1.1158227533227254
69940,-0.06645402138070519
69942,-0.21441854113951703
69955,-0.02686939796644176
69956,-0.00907726983834018
69957,-0.09735973377914033
69961,-0.0840780910771369
69962,0.01427738573965079
69976,-0.18721928127071663
69981,-0.2015559581235038
69982,-0.03891349437810524
69983,-0.15177089229801485
69987,0.07951814494115099
69993,0.1454727506028819
70008,-0.11916716461958456
70012,-0.17113202943969635
70020,-0.3046154142591442
70024,0.09598254319143876
70026,0.00313985103612389
70028,0.18013561711577775
70031,-0.2513239717103281
70044,-0.00621036683304297
70047,-0.11455833815311064
70052,0.20524822688408512
70054,-0.3441683863580962
70059,-0.2858705710675315
70060,0.13001662825825566
70061,-0.384742963258385
70069,-0.2722914924167962
70078,-0.19013038422441192
70080,-0.05192652006430828
70082,-0.09740721605198306
70083,-0.2252740296507004
70086,0.25118785771950075
70088,-0.00489891799228389
70093,-0.09632929968783244
70097,0.03248347643016761
70099,-0.08036624596915286
70103,0.05113843153202327
70110,-0.08035244380596182
70113,-0.5259612484909926
70118,0.0621204632735746
70120,-0.06002448556723901
70122,0.0801446167541021
70127,0.7021844923093208
70129,-0.38064486225244054
70144,-0.4769046179014448
70152,0.1838795091417286
70153,-0.14070607592633422
70155,0.02748294399584848
70160,-0.02955852705634394
70166,-0.3999824808025989
70178,0.0712937563512556
70186,-0.16418957616143326
70207,0.1946823501248796
70208,0.03208686730017766
70209,-0.0151268057969061
70223,0.0623860776755307
70225,-0.05734892652240613
70231,0.17541985919689643
70233,-0.00570334225863574
70235,-0.1787956245097866
70237,-0.03341703189221257
70238,0.03089315661378698
70239,-0.0734500140268491
70240,0.2752216339385888
70248,0.05453761146275176
70257,-0.08471118150260072
70266,-0.1022522271218248
70285,-0.00903334876346096
70291,-0.8789044662701554
70294,0.03861953409345604
70296,0.07417391541024039
70297,-0.00914986776853558
70300,0.3308332130757677
70310,0.25091485084213655
70312,-0.08590273107731258
70314,-0.03047352928767964
70315,-0.11864956259591015
70316,-0.16982527158532068
70317,-0.1242164537464227
70325,-0.7500820753124497
70333,0.15675077941362592
70335,0.01676178320617312
70348,-0.2130829546496024
70349,0.03191121254323453
70350,0.18494326458887772
70351,0.03722060259412672
70354,0.15636933436687275
70355,-0.05493466365152937
70356,0.07487382094402771
70357,-0.3340436755161573
70358,0.3624159646487636
70359,0.05902114258867909
70361,0.10321030662539755
70362,0.5186215432750417
70363,0.5211846162812461
70369,-0.21315916101944232
70370,-0.05885691365659386
70373,0.21553756986720152
70375,-0.07340974171367694
70380,0.06190348305086747
70382,-0.11049996363965964
70383,0.06850416936483698
70385,0.3205188522271954
70387,0.1279321127420901
70394,-0.05910460047994394
70396,-0.05227295112653454
70397,-0.09474583423805036
70405,-0.2745743312707272
70408,-0.17203344627703548
70417,-0.13511283763770163
70422,-0.8327925082899503
70423,0.33051202043959793
70425,-0.08023600963090011
70426,-0.00199960394929406
70427,-0.2382991199166984
70428,0.0988745804341369
70430,0.13511899747407574
70432,-0.17009409231131536
70433,0.30678399543427354
70435,0.13377134244716266
70439,0.2822221947881328
70445,-0.7015861760841793
70450,0.00710301450781913
70451,0.1300618619144911
70454,-0.06115125717248616
70456,-0.03338906592311464
70461,0.07629925401243648
70465,0.02240278521748415
70466,0.30592785659818944
70470,0.07432276986704311
70472,-0.07653168002396915
70478,0.43240497027205144
70481,0.280491558332189
70484,0.02438961836646953
70495,0.00299995344085356
70497,-0.00731982336746747
70503,1.3788448134074467
70508,0.18669798666699688
70510,-0.09546992890375014
70511,0.12439543895695113
70527,-0.2322063418481477
70530,0.28589062706989915
70533,-0.31620481905116987
70536,0.07207694403101361
70544,-0.2184617478569423
70546,0.07276696636256522
70549,0.10917365251299004
70551,-0.2926074585576945
70552,-0.02482724336803717
70556,-0.10885176794112553
70560,-0.05197795896139613
70561,-0.08399514187695288
70564,0.06246952778541387
70567,-0.07622974018900867
70568,0.08396426606568569
70571,-0.05727458109791371
70572,-0.08347915129520495
70573,-0.19763592562694107
70574,-0.08156230616883096
70575,-0.1603216682128434
70579,0.02040588784481654
70584,-0.03354419047876986
70591,0.11654027423080586
70598,-0.15671199212772877
70599,-0.12504401061805429
70601,0.06356747801527789
70603,-0.07628842504707464
70604,0.2687134515596552
70605,0.06673179933986514
70611,0.14309852550977686
70612,-0.1726870498837079
70615,0.3831296651078144
70616,0.04482715639673412
70617,-0.13083195398350098
70625,0.05235890363175499
70638,0.02043544665599077
70640,0.616352775053297
70645,0.11617128060782544
70650,-0.37343325640799974
70652,-0.11511688612576967
70661,0.0797455832008004
70673,-0.00821265364120315
70675,-0.0138784754510603
70681,-0.04675266286519353
70683,-0.16731254328147036
70686,0.19244446150374456
70693,-0.6312010398055934
70699,-0.04315460306794388
70701,0.21906044024765675
70713,-0.5264178595145053
70717,-0.03123520999865109
70719,0.01251248855527932
70726,-0.2923288799909996
70727,0.369952640887298
70729,0.3595846591948918
70747,0.14831175589582885
70750,-0.06122671231356222
70757,0.00567200620942991
70762,0.06777606898155795
70767,-0.00924369078058586
70769,0.09694715985528798
70771,0.5002378240997226
70779,0.1369873567934018
70784,-0.06514571080509687
70785,0.04846409691971307
70788,-0.06476633933099375
70789,0.12887383342886208
70790,0.06787563215307982
70791,-0.05248301029629769
70796,-0.12892392752170506
70797,0.1040292283655487
70799,-0.06786254601203076
70802,-0.00103813730844904
70804,-0.18675774109691032
70807,0.03874512481793592
70810,-0.22070041165536416
70821,0.04280925927084656
70823,-0.0968622122767269
70827,0.2601554133595113
70829,0.11273167917593167
70834,-0.2644435019584078
70835,-0.02269183121575349
70840,-1.3253047058711425
70843,-0.2938137472717722
70859,-0.328702730549327
70864,0.20237551057726083
70873,-0.00192754011744101
70881,-0.2368884724755162
70882,-0.1202682712200122
70884,0.15834155106331843
70885,-0.01147214773298691
70891,0.35513498655945536
70892,0.33777370506619153
70893,-0.29375050455537816
70894,0.6985061975058544
70897,-0.8264611269598572
70911,0.13717632576449648
70918,-0.40234240250741304
70920,0.00342266489543006
70925,-0.1604346332523319
70928,0.11877337744810916
70930,0.03499936645283651
70941,0.3394676630418546
70945,0.17888137838166454
70950,0.2602153878751302
70967,0.1818818017302823
70974,0.00745875680256611
70976,0.5755246434959143
70977,-0.09047163112348364
70979,-0.372008898094189
70984,0.2149121511116784
70989,0.04974571243712385
70993,-0.04457090717582811
70997,0.05013327558280733
70998,-0.02522815319679932
70999,-0.2983566304109657
71007,0.10893731150921984
71020,0.07801630773527021
71037,-0.09105116722585366
71041,0.05448093728234202
71046,0.2119103053644389
71059,0.00851656907269653
71063,0.17072418058444958
71069,0.1307148482847557
71078,0.12324081319583352
71089,-0.31557277151077234
71091,-0.0500925189244301
71093,0.695128111004843
71096,-0.24204271330283267
71099,-0.17019406581872248
71101,0.12081109410789768
71103,-0.2976541109783846
71111,-0.4964550137588559
71116,0.01278424270934514
71130,0.07475484859858371
71131,-0.00294361280808495
71132,0.676341008970877
71137,0.05086597776769638
71138,-0.3965854586817455
71145,0.5068655011534844
71146,-0.3751447157265031
71147,0.07372080951459978
71148,0.13005205071152154
71151,0.10572533179602092
71156,0.27004468945664706
71164,-0.09859505087644573
71169,0.3078775612045513
71175,0.13222367071848012
71176,-0.11593574819817778
71183,-0.7674296413771085
71198,-0.22714523644944337
71200,-1.2972413322477738
71206,-0.7045384581993948
71207,-0.12730386821178016
71213,-0.21565648945929863
71223,-0.17093718567718288
71228,-0.546966013064922
71233,-0.11789223743462396
71236,1.951005918980801
71238,-0.7178516477800051
71240,-0.07217038641018234
71241,-0.9979870952414096
71254,-0.08081243650046548
71263,0.3852030871291118
71275,-0.08974669481221725
71276,0.218601824951733
71279,0.6192523105459349
71281,-0.14865338089155566
71287,-0.15297799767525683
71300,0.00121875995181165
71302,0.00625157595053899
71306,0.22066491235667376
71310,-0.16766884274554775
71313,-0.2488308916071763
71323,0.3740965313130627
71325,0.2691989632384561
71326,0.03968660774325929
71330,-0.08024358916129479
71336,-0.08513527716087112
71338,-0.7080574555994044
71340,0.24747144930853543
71345,0.2873861632780484
71354,0.0913140822447978
71355,0.659381871078396
71361,0.31842119961551585
71365,0.4731576347335508
71367,0.07133144577511118
71371,-5.977616567274524e-4
71373,0.1473689695134718
71375,0.03345660644460731
71382,-0.5322293246328896
71389,0.08304382096830501
71393,-0.27242685432108277
71398,-0.14782444881511528
71405,-0.00755000720069903
71409,-0.34372255122053674
71421,-0.41305999026187673
71435,-0.22407014121779825
71436,-0.14821348034390674
71446,0.6277857560417777
71448,-0.0587375958527874
71449,0.0685403162018856
71452,-0.0678808326300333
71458,-0.0783182639825766
71461,0.3875621400655999
71472,0.07963150650200737
71474,-0.09585920064600773
71481,0.3607981004079278
71492,-0.3632925803002808
71514,-0.06783666926746262
71517,0.08633604766415473
71519,-0.05872419358449508
71520,-0.03201925425286345
71521,0.19101991597826976
71522,0.9373550671596396
71529,-0.32348600027545255
71532,-0.3838422813394105
71538,0.08851826233128575
71544,0.06388262362775034
71562,0.03569111111003525
71564,0.1821896609492509
71566,0.13531857639730077
71567,-0.0043195336707735
71583,-0.16285971243616995
71584,0.05652653100341796
71586,0.04637973354436504
71591,-0.14857519080497822
71592,-0.17622624773422077
71597,-0.11111511471737914
71599,0.3043853550367927
71602,0.1630202689848472
71607,-0.07310496307962829
71609,-0.09372156920310848
71617,0.14484070771321025
71619,0.2331752830203317
71643,0.00587905886079428
71648,0.217571667775033
71653,0.4398282955721361
71660,-0.26849211977071097
71664,0.11367614844973684
71665,-0.03990529157318655
71667,0.09992687608705096
71670,0.42299371386441864
71673,-0.17625768626765292
71675,-0.08250663492604948
71682,-0.2587311365331184
71683,-0.05365454029282306
71684,-0.06786465198435072
71685,0.1407161868407724
71687,0.3271003946281184
71690,-0.07089315962334776
71691,0.1675535487445135
71693,0.00471257178865294
71699,-0.06879331628784796
71701,-0.07920416327728752
71702,-0.2876089232348759
71703,-0.1928092773992996
71704,0.1026566670202124
71706,-0.07953430351687055
71707,-0.1863583714724874
71709,-0.2665191108991162
71710,0.07880958212019858
71711,-0.115496094728928
71712,0.12463398493522657
71713,0.03918859191233531
71715,-0.07296007448669464
71718,0.05755358825667363
71720,0.4553073300382228
71721,0.23301920518647923
71722,0.1190841292920828
71723,0.07968372885738449
71726,0.05387584481501802
71728,0.2913808951078124
71729,0.24551693822076076
71732,0.09983984672013851
71733,0.0698882412270627
71735,0.04889624904095553
71738,-0.08176829162817713
71740,-0.14287649807079403
71742,-0.09930450341133344
71743,-0.10655127967018715
71745,0.13571978393454404
71746,-0.48179218016993375
71750,0.13188613013923123
71751,-0.12528972136351732
71752,-0.00605105153952979
71753,0.6888072571538515
71755,-0.11936681620592396
71756,0.03218074048202191
71760,-0.1084108471113699
71761,-0.30839321078713156
71764,-0.08312574021680617
71765,0.04366071140282468
71766,-0.10777370218001656
71767,0.09311889897075104
71768,0.03914438613015289
71769,-0.4827617783025535
71770,1.2871669342612977
71772,-0.12049322926800296
71773,-0.00436545842281127
71774,-0.1346339467042795
71777,0.0408313703792792
71778,-0.06684733262256969
71779,0.09130755401018488
71780,0.05887396817910634
71781,0.3863061816259216
71782,-0.06530917634268257
71785,-0.1267382194337861
71787,-0.13102062391535527
71790,-0.10868171737315724
71791,0.21948912974594031
71793,0.19818712741231428
71795,0.08636878872476761
71797,1.2578547560235152
71801,-0.1079171882764321
71803,-0.7794442331096458
71804,-0.03471100089641055
71805,-0.0956282746709545
71807,0.00883967124437182
71810,-0.17471326230442114
71816,0.07947072000258659
71817,-0.0464497400968154
71819,-0.30511976319073786
71820,0.05489136782145346
71827,0.0627690313608053
71829,0.14004752540016885
71830,-0.19290922945465497
71833,0.4276737459574015
71834,0.00625480580491701
71835,-0.05636006908855041
71836,-0.3222936760234775
71837,-0.6163758583482842
71838,-0.01061430211210023
71839,0.2066133127463865
71840,0.2649816932774387
71843,-0.0829729408344404
71844,-0.00212221219055697
71846,-0.16560901090550717
71853,0.01020284102673676
71854,0.31894173521899405
71860,-0.1448872210139832
71861,0.02077615211811511
71862,0.03495109280876216
71863,0.03052647659185388
71864,-0.2146852802928152
71865,-0.03256182518582708
71869,0.3481966973377736
71870,0.3683299528884773
71874,-0.1487542134811852
71876,-0.3693206329397879
71877,0.20033610679774944
71878,-0.17276254492152962
71881,0.16492446520487986
71883,-0.08565386676964615
71884,-0.20822216654294107
71885,-0.0390241585180401
71887,-0.02012491339728013
71888,-0.5632342054198887
71889,0.03373181236270176
71890,-0.0593055504330587
71891,-0.03812928886193215
71893,0.19183912226620264
71897,-0.3090542488084269
71900,-0.09810250292670492
71901,-0.03525931185706868
71902,0.07954471943022538
71904,-0.21523648301895912
71907,0.19535976323993903
71908,0.30599464443749524
71909,-0.05325383060645004
71910,-0.00631324218810643
71911,-0.09154154225677
71912,0.16150271816654768
71913,0.1615141845525593
71914,0.01327990628594541
71916,-0.3204854880565845
71918,0.081520206465629
71919,-0.03343847533090536
71923,-0.0795050501777289
71924,-0.4095813625956611
71927,-0.05732111718021943
71929,0.02273178892185001
71932,-0.03187918673049273
71934,0.5949106613550658
71939,0.3142589739756357
71941,-0.11090183311751307
71943,-0.24199085884005284
71946,0.1564753830077239
71947,0.00144289778281189
71949,-0.19710805829383105
71950,-0.00226869636378158
71951,0.28720236727740756
71954,-0.01087776329830897
71955,0.05951107438480382
71956,0.2176391078427734
71957,-0.01624730820190212
71960,0.06637702330215364
71962,0.00729314348434105
71963,-0.2249491971418462
71966,0.07333257971928803
71967,0.1213110858143323
71968,-0.08514729612732228
71970,0.30201686713978315
71971,0.04554315214789414
71972,-0.01773609509072603
71973,0.167100354667984
71974,-0.07224357371343368
71978,0.07815170696746297
71981,-0.2872392723690896
71982,0.0898281130717277
71983,-0.05084680423736934
71984,0.2896722777126475
71985,-0.03825514676945589
71986,0.23672314300047356
71988,-0.21643308569064656
71989,-0.01354878454983032
71990,0.07001147628121386
71991,-0.3544419342621439
71994,-0.10079491552378608
71997,-0.0981224849275121
71998,-0.14577627643904412
71999,-0.06794944036903068
72000,0.2670853286764209
72002,0.6361288616275169
72003,-0.2868750591599423
72007,0.687973996229992
72008,-0.1950798011030987
72016,-0.6536552852854001
72017,0.23521673573750845
72020,0.3118951605642973
72022,-0.22525017503962325
72023,0.05882646157655327
72026,-0.11486389849262972
72027,0.05249176426096787
72029,-0.03147789810307042
72033,-0.4445044378646807
72039,-0.16925396763717523
72040,0.281046510089313
72041,-0.06650845481023057
72042,-2.551031027198964e-4
72043,0.20169703900957137
72046,0.136662746318541
72049,-0.05252628070805276
72050,-0.25684154456584163
72053,0.09412699645894104
72054,0.02899830021079144
72055,0.4440360519772011
72056,-0.2852233238807512
72058,-0.27634451865586435
72065,-0.42881646592897993
72068,-0.16752365931362112
72074,-0.25876254476977173
72075,-0.02954403719982825
72077,0.24822067533352
72080,-0.1632837092313567
72082,-0.6199826019759538
72084,-0.14104768770640472
72085,-0.20325675980645264
72088,0.1401716053702271
72090,0.4004705214032952
72094,0.0518878505536257
72096,-0.06581750394935053
72098,-0.09011919050848084
72102,-0.0101654675302089
72103,-0.04938582251357797
72107,-0.6001664154849706
72108,-0.3334889243118929
72112,0.1834114433278688
72113,-0.17810189323512007
72114,0.11655111685814948
72117,-0.18024874920289108
72119,-0.3769540369999626
72121,-0.04514906312424336
72123,-0.14469670205072122
72124,0.13817948188189969
72125,-0.14493471248323483
72129,-0.1924163887240863
72133,0.4248605174892408
72136,0.11994719047130475
72137,0.11610936331656056
72140,-0.12545442066313078
72141,-0.1208317254272585
72144,-0.193746940571129
72145,0.5462298509679318
72147,0.5409768030745421
72148,-0.17952442683628364
72149,-0.22675797213342072
72151,-0.03496841490970308
72155,0.3955732467646624
72157,-0.08917080288081619
72160,0.1303796779456353
72162,-0.06506631226810289
72167,-0.01535553343045137
72168,0.702570193703732
72170,-0.02623303509928504
72171,-0.4560511460101935
72175,0.26789752074016465
72179,0.02539064498260167
72180,-0.3091967145331163
72181,0.14160774234528634
72183,-0.01146242838366449
72184,-0.03629134076550541
72185,-0.22591692376144096
72190,0.3323130606588041
72193,-0.0631485151331715
72194,0.11712377996314856
72195,0.3865418345814219
72198,-0.00778235080908467
72199,0.4207484637789668
72201,-0.18611994871616333
72205,0.3745948235547753
72215,0.48857777081102893
72221,0.7226698275549313
72230,0.01668722559798344
72236,-0.1932749043939656
72238,0.11128145469296402
72244,-0.07688362664505083
72254,-0.176866684432187
72258,0.2691126399557294
72265,0.0069353811150338
72267,0.19673228308577947
72269,0.1120022748285636
72273,0.10806119909741028
72275,-0.07981734309907654
72278,0.11267613285989304
72281,0.1250644231887475
72284,-0.1155399653266909
72290,0.01283223385715155
72293,0.0289001162211853
72297,-0.567234240057654
72301,0.5512281444552871
72306,-0.18595986561686023
72307,-0.17324132774539178
72308,-3.359042452229211e-4
72309,-0.0028800209611508
72310,0.04362197735084199
72313,-0.16856033817815771
72318,-0.04231365249999874
72320,0.02984481319002104
72322,-0.08426639792908772
72323,-0.03321927654213674
72324,-0.23207638824448248
72325,-0.09134001228818445
72330,0.6654396219884441
72338,-0.00648002151450858
72341,-0.2773421696402285
72344,0.5106517883235007
72345,0.06626212832063583
72349,0.06384181076936082
72351,-0.09332517905741693
72354,-0.01235354016684321
72355,-0.19247071008756256
72357,-0.09322668942617886
72371,0.05651276695583923
72373,1.1058745263330128
72383,0.7957761867535793
72388,0.403388936642061
72391,-0.13666906683098334
72392,-0.1955753471125272
72393,-0.17802824266911274
72399,0.12615682137329665
72400,-0.4615276223940014
72401,0.09410609978324694
72404,0.02511180576628977
72413,-0.4377207564751727
72415,-0.42758485857706463
72416,0.00780940714567445
72421,0.15004070776116735
72425,-0.11840022031851388
72429,-0.00417970963826595
72431,0.2877790693097519
72432,-0.03679334576554457
72433,0.5269361279812679
72434,-0.3742306895929172
72446,0.02926355357026714
72454,0.32234976698947415
72459,-0.03313686135916358
72461,-0.01748590070292524
72462,0.20104326388479565
72465,-0.29714066979693077
72469,-0.8256515723784563
72472,-0.0710779733803072
72475,0.14150559064832524
72477,-0.28105390511596134
72479,-0.0539061161776191
72480,-0.1488787766764415
72482,-0.10959790867926536
72486,-0.5444420149750754
72500,-0.8462331908978655
72502,0.3798684834144995
72503,0.10541362046043268
72504,0.36893220495637974
72507,0.18443228125204983
72508,0.00922063469654574
72512,-0.03232763108610138
72514,0.4631478904592167
72515,-0.01840689423692724
72519,-0.29766876058137703
72522,-0.03425454708770169
72535,-0.04616983659297831
72536,0.02123643513178243
72542,-0.02537181412904768
72543,0.01636241920965159
72549,0.07510353836199737
72552,0.01677928207054809
72554,-0.05727110826154817
72555,0.2948194457562668
72556,-0.12667454115893412
72560,-0.05040783632078022
72562,-0.00988705074610911
72565,-0.4756214700078472
72567,-0.1189508400879198
72568,-0.40682276091725805
72569,0.31460639341991015
72572,0.8650326082419292
72580,-0.17599489647942346
72584,0.07262423959515575
72585,0.997508486974797
72587,0.07955058488946248
72590,0.02589780601482702
72599,0.12159553321132674
72605,-0.3879417226808223
72607,-0.8053614713449715
72611,-0.05530363415493111
72612,-0.0967114724130998
72614,0.6655012037543837
72615,-0.5088850155410751
72621,0.5440238925515285
72630,-0.00984653318338828
72634,0.39583768025242194
72635,0.05762453721144083
72640,-0.04991723228239259
72649,-0.0914085592370718
72650,-0.05772664008610157
72654,-0.01113742333183954
72656,0.2018892545072642
72657,-0.09715531620713802
72661,-0.24969024634804332
72662,-0.04065368430383285
72667,0.523433754483597
72668,-0.03156798817980691
72672,-0.24496769368431148
72674,0.01990477779055859
72685,-0.1312547213568557
72692,0.02687617885315055
72693,-0.8263274770982524
72699,-0.06374137754578264
72701,-0.02162658989995334
72713,-0.954120688634724
72720,0.06306346370056809
72722,0.04206982956599248
72723,0.05914232212748588
72726,-0.04530180052701268
72727,-0.1813791821388731
72729,0.01493677142908615
72736,-0.07686226926875667
72739,-0.02516991654341655
72745,-0.21677201415023353
72747,0.180793310287664
72748,0.42054367537948734
72749,-0.02164186456255654
72750,0.10492356948506294
72754,0.1014884403475624
72759,0.12654123701421358
72772,-0.14631844203668817
72774,-0.09236079377316166
72775,-0.20637147235936923
72778,0.05369018131445982
72780,-0.02552959037213887
72787,-0.06917170576079426
72789,-0.5481247059368246
72792,-0.07216829895920596
72795,-0.10915906207248915
72805,-0.7591254888296408
72821,0.909460464355338
72823,0.2718352526609841
72825,0.1320576043368349
72826,-0.16412094495593996
72828,0.10465120742002694
72831,-0.01519614386599238
72832,0.03457775977563539
72843,0.15832128556430952
72844,0.10395678206955825
72852,-0.5534545602269043
72865,0.05919463562000947
72873,0.0900954634446737
72881,-0.01960179697997987
72886,0.07126265247049493
72895,0.11929025442285122
72898,-0.39693761071760986
72899,0.14662642262853037
72900,-0.07927298121388295
72902,-0.4078147116626285
72925,-0.04332468120225644
72927,-0.3782019085063836
72930,-0.5071142570649997
72931,-0.06698796760141655
72938,-0.2751450981506085
72946,0.06121889934640091
72947,0.13398872240574686
72948,0.2064725686837093
72949,0.01835763073563076
72960,-0.05702263158842248
72961,-0.04910017851231892
72962,-0.19427878019378236
72972,-0.00769748811125033
72973,0.6039973849171055
72978,-0.11592180490226812
72981,0.0264813609937383
72982,-0.04576273934403589
72993,-0.0464186715148514
72999,-0.2692518316712485
73010,-1.1469515006519877
73016,0.09862187473701658
73024,-0.02395383519207693
73032,-0.08743418488416822
73046,0.06382949750930866
73047,-0.05517374596835393
73062,-0.01100933538481093
73067,-0.0907509628914265
73068,0.01588104742711466
73075,0.3211560478141801
73078,-0.007407577178448
73086,-0.35713747024863823
73090,0.22080156680749863
73094,0.16065773351574453
73095,-0.18933907988980012
73102,0.26020933720227957
73103,0.07139336601255412
73106,0.03269291378907486
73112,-0.15842136224249487
73122,0.17720075281996575
73124,-0.30960190897749873
73130,0.0925464300194646
73132,-0.4165788922340003
73137,0.1937499729782323
73139,-0.07879886961278737
73158,0.0974708367525276
73162,0.1837922952695823
73166,0.30513819654692387
73172,0.00443814629522314
73173,0.44786592874101633
73174,-0.10692514630865169
73178,-0.01900192937120648
73181,0.5484534996566133
73182,0.2539431403321004
73191,-0.4064185641913709
73192,0.4643451373223116
73205,-0.01167950084233385
73212,0.2146723377614227
73225,0.05096407990428354
73230,0.39137147062836214
73234,-1.2702651891767722
73242,-0.287116062748582
73246,0.15588279144151554
73247,0.11699077047122652
73251,-0.05561285893671897
73254,-0.215341476228534
73259,0.15209994501619067
73261,-0.2003549920789182
73274,0.03807257464900494
73284,-0.4734564224317975
73287,0.12980506533897557
73296,0.2167651182994525
73301,-0.38556166780334145
73314,-0.26554550999707843
73316,0.17046649916268436
73324,-0.9310614459106724
73327,0.10243518933780882
73332,0.6227588935911407
73338,-0.2748628125187241
73340,-0.7686556492361969
73341,-0.00986540416061699
73344,-0.7716597014310731
73353,1.20353524493235
73360,-0.5796697403915023
73368,0.4813294072572406
73373,-0.11033539466102382
73376,0.24327015493309712
73379,-0.2837496372868277
73388,-0.3079977357508258
73389,-0.1073065746011307
73398,0.4288953616885153
73407,-0.02752209041376407
73412,0.47937672002525333
73419,-0.27014415953077087
73420,0.08816748458196419
73435,-0.12213751272102397
73447,0.08563553528446391
73453,0.6714325866553182
73456,-0.09945490245137084
73463,-0.4481890529636496
73466,-0.2247007450472412
73467,-0.08208293418173944
73469,0.12511318607887065
73472,-0.33959242468548095
73473,-0.34106499414298913
73490,0.0176384215378914
73503,-0.36992476409952735
73545,0.00729859995632504
73569,0.46778209713920565
73582,0.19020209991088335
73598,0.14293860592346486
73634,-0.5990810138169738
73647,-0.8704530931080479
73649,-0.1264657207705932
73658,-0.21035983931369845
73660,-0.17999389403687818
73666,-0.08371992294163993
73667,-0.1193715900013693
73668,0.16510723094078328
73671,1.386597355224319
73673,0.03149898824950659
73674,0.0915190068073631
73677,0.05339869601937738
73680,0.08366842428559285
73681,-0.11079161761600212
73683,-0.20817340351423488
73689,-0.0585316346110694
73690,0.0650874116456008
73692,0.27154981351311136
73693,0.4579015598522382
73694,0.04734471602655307
73699,-0.19729415365849184
73703,0.16817792212588104
73710,-0.16764963767320606
73711,-0.08259517231343969
73713,0.4743726646113229
73720,-0.09165316731182949
73721,0.2085239299274532
73723,0.0906572808864532
73724,-0.3702518378184107
73728,0.15034648628137945
73737,0.04977361315283467
73738,-0.27222853697787924
73739,0.45696161648028144
73744,0.00792827080032455
73747,-0.08873346180028287
73748,0.3424736502978979
73750,-0.03804204770476409
73754,-0.00114952479076631
73779,0.7023780470850118
73804,0.04381283115598981
73808,0.32967306866749146
73809,0.5459815602833451
73813,0.3424824718290642
73822,-0.1637059380830556
73825,-0.07834840597053708
73826,0.03824162676873562
73828,-0.10910463985383316
73830,-0.04718968532565348
73833,-0.05568937833493636
73834,-0.08094280360945
73835,0.24078283206095985
73836,-0.05715174607252484
73844,0.2572235789209696
73845,0.3791697819515868
73847,0.17919702421530778
73852,0.09842009002267298
73862,-0.3777799435815335
73873,-0.9961627614239718
73884,0.1679292548382317
73893,-0.13529236480254686
73902,0.4082772935942556
73910,0.3267253449786627
73914,0.1034602624349532
73916,0.05174484806998353
73919,-0.15382667688002238
73936,0.05399230759413998
73940,0.16735687805884847
73942,0.23043618540275956
73945,-0.08838030043080175
73991,0.1416291372736279
73998,-0.23692465443712213
74002,-0.6330046940497954
74004,-0.07760628500997735
74006,-0.0566297313873408
74007,-0.02724122904670329
74008,-0.29860209358927836
74011,-0.04249682377407661
74012,0.27857201591810765
74013,0.07332751800955847
74015,0.04638641938852094
74018,0.24008718393120865
74019,-0.2624666477204965
74020,0.12396988448016492
74022,0.00887412771593426
74023,-0.2595241586710023
74025,-0.2617110911192825
74026,0.05390047391573082
74030,-0.08602976740125856
74032,-0.13999937588336775
74035,0.24630457191419217
74039,0.03067496952950413
74043,-0.07279819810540135
74044,-0.21802120257343371
74048,-0.08289501873119667
74051,-0.16746364236076822
74052,-0.3402705151089863
74053,0.04028960732015448
74055,-0.434338393319216
74068,-0.1404190942965681
74071,0.2538907837936767
74075,0.6525047966060058
74080,0.08093780811519898
74081,0.10816916266030796
74087,0.00838524116853517
74090,0.11308831487498427
74091,0.04861499166141175
74094,-0.14215852709774743
74096,-0.00243325172932839
74097,-0.11839300001648874
74098,0.02928860268053221
74100,-0.04566336431096972
74102,0.23398716453549284
74104,0.10129074569092332
74105,0.10010084967504423
74106,0.08791441246120357
74107,0.32593202921620523
74108,0.01457426953610631
74111,0.03736057810338775
74112,-0.10406206113666291
74114,0.05526737002007514
74116,0.10904832260561542
74117,-0.03973176962284476
74120,0.01464391035299126
74121,-0.10867121155526346
74123,-0.04554579295883933
74126,-0.10651817281151056
74127,0.2381487062410998
74129,-0.4063984168254617
74131,0.05404948966629152
74132,0.00587112332350221
74133,-0.1408295766282763
74134,-0.1421488970766486
74136,0.01741382362431102
74137,0.22676515856161775
74140,-0.2467653354422388
74142,-0.08132729931415601
74143,0.11979872601958276
74144,0.12800280257462418
74145,0.09990314601126858
74147,0.06915925054598339
74148,-0.01438904651875635
74150,-0.08567304360744608
74153,0.02761556995710142
74154,0.20528020210701775
74155,-0.05538205514461378
74156,-0.13398234331751682
74157,-0.03847774250633413
74159,-0.1451101672918525
74164,0.03890106091612027
74167,-0.05287466086822054
74174,0.08198126377778304
74175,-0.4535021265188848
74176,0.6860658403981978
74178,0.05623633290396625
74182,-0.02749519689909961
74185,0.014602748185576
74186,-0.21580500480507409
74187,-0.0781676586103764
74189,0.0040484065534842
74190,0.7600483395512172
74191,0.3353976851457365
74192,-0.09774203886522984
74194,0.27403366622802594
74196,0.06201284161800669
74197,-0.0841292237880471
74198,-0.08153540881436566
74200,-0.16012445397576147
74201,0.11561328427093104
74202,-0.6091291298641727
74203,-0.06490090936191548
74204,0.00639435348172884
74205,-0.34377666221899295
74206,0.10170604730641242
74211,0.26017703376377893
74213,-0.19817341658732596
74218,0.03618466566979943
74221,0.1741508916745677
74222,-0.1110808819894264
74229,0.07879037646891576
74230,0.07423513185886542
74237,0.16881368194174853
74238,-0.2659620389386208
74239,0.15872833530569452
74241,-0.00879646147021197
74243,0.13381215699466725
74244,0.03643854202267963
74245,0.46177373214968015
74246,-0.07899954776734963
74249,0.0366584552305087
74251,0.2702986713472336
74252,0.07295873142605853
74253,0.8159807370965171
74254,-0.1946041750366488
74255,-0.1342182992264414
74256,0.02747142357866171
74257,0.07867887043824684
74267,0.3058548539621148
74268,-0.01414669029236502
74270,-0.1275734866333216
74276,0.5972187560876453
74277,-0.06355342627212766
74281,0.11067976947860886
74286,8.971748036177563e-4
74287,-0.01884213448013176
74288,0.00669636155698082
74302,-0.03262960753786814
74306,0.4589861548782641
74309,-0.00756507531612671
74315,-0.01082288209481236
74316,0.00861951319419246
74318,0.01320624194780155
74320,-0.02258501660814129
74322,0.08244427757152992
74325,-0.15688568116164883
74326,-0.06816031949775087
74330,-0.1507631730922846
74334,0.1681067008845084
74335,0.35156454803381976
74337,0.29594962235207783
74338,-0.5912747441287922
74340,0.16836097269211103
74342,0.20737486969059665
74343,0.05180384469022076
74347,-0.16224677023624312
74349,-0.18635156119417265
74351,-0.08879658759872641
74352,-0.2084679794415254
74354,-0.2664969917039097
74355,-0.06628885173946317
74356,-0.32699134631946547
74359,0.34923195365917803
74360,-0.32489691173527174
74362,-0.587675305139822
74365,-0.11630099742115912
74369,0.17916964143097536
74370,0.0039143564824919
74374,0.25440955585084446
74375,-0.06794776542654098
74376,-0.13202479588827878
74377,0.03972762541762174
74383,0.44998569151151
74385,-0.05321775855770274
74386,-0.16321502704028978
74387,0.4871350918864429
74388,0.22201680137895
74392,0.16551792261379783
74393,-0.2732935211154804
74401,0.1858009402601835
74405,0.01235941337480406
74407,0.1794097679137494
74410,0.02180578815642502
74411,-0.1441625424022448
74412,-0.07928139540261758
74413,-0.4362214267243407
74414,0.10384562325017171
74419,0.32899415792220116
74424,0.12099590822423048
74427,-0.08087774440234743
74430,0.5820551656696427
74434,0.01660492772347243
74435,-0.19018449631393272
74438,-0.14036619180266313
74440,0.16917496746809296
74442,0.2030706323743729
74443,0.6392594314175911
74446,0.07344369781798876
74448,0.8027460824877605
74450,-0.21013436315051787
74451,-0.0504612726254124
74453,-0.15796236760170748
74455,-0.18639990489899008
74463,0.30977886899144585
74464,0.22673619023503175
74467,-0.05693846084052242
74468,0.38390460070519505
74469,-0.04981641235850743
74470,0.13737819679988536
74472,0.15879717287495454
74477,0.01587180342796604
74479,-0.11377531999448218
74480,-0.8061220123746846
74485,-0.1384211189898438
74486,0.4760626353309386
74488,-0.13144417492714816
74490,0.5076010869355065
74492,0.6727684619897665
74493,-0.07957497373958901
74498,-0.6004385313118721
74499,-0.23752668797072013
74504,-0.10881402199482818
74511,0.3870145328358795
74513,0.4787936847182376
74521,0.5592742959479491
74522,0.12023997172241538
74525,-0.3230299152039876
74528,-0.35009754127645176
74549,0.1802048750468634
74551,0.01586156211744325
74552,0.12370115901099682
74559,0.03623884847576223
74563,0.01645069499652227
74568,0.46301679537030455
74569,0.16744470055745883
74570,-0.22358437955765756
74571,-0.3993837046931415
74577,-0.1304021877158461
74580,-0.00546582949713904
74585,0.05508063745289353
74589,0.5493788167105821
74591,0.30285284891543496
74596,-0.02440182818311315
74600,-0.09023723017948582
74610,-0.17608714706806974
74614,0.07993613572074243
74616,-0.08351114166209497
74626,0.08998879093220727
74637,-0.08861623474579484
74645,0.1232313323086552
74646,0.03275004830784469
74648,0.17392096422992123
74649,0.01853457421885164
74653,-0.06516930528244659
74663,-0.5001255987501698
74665,0.01428111323351174
74666,0.05518781930434867
74673,-0.051061672876166433
74675,0.38278661823161264
74682,-0.2940710216600778
74691,-0.0399912390933209
74694,0.09573376104479894
74703,0.2639824984436182
74711,-0.2847552627736675
74716,0.7834971861878989
74717,0.3645935124162506
74718,-0.13063230730372238
74720,0.3692244585609303
74732,-0.04415847867438492
74734,-0.33551262767362233
74735,-0.02833800665560745
74737,-0.02503515732017418
74741,0.4063098459686999
74747,-0.19577566992588816
74748,-0.11087347808807896
74753,0.0870466182028641
74754,0.26265053323567283
74760,-0.01359494742179381
74761,0.21918387319359
74762,0.35902656097710733
74763,0.06615922118307699
74764,-0.07554550769291593
74766,-0.14555531456829346
74769,0.30420247842108133
74770,0.3993440925700268
74772,-0.06391502004741494
74775,-0.00494197873507952
74776,-0.07900562661849522
74777,-0.00655053748153691
74778,0.25056676149597745
74781,-0.03024349572390824
74782,0.05686369762980944
74840,0.00345098372745026
74841,-0.03728475743811488
74843,0.06484862882027552
74868,0.11905888170648891
74890,0.1574083780704283
74895,0.02458584492105622
74901,0.10964359486448444
74914,-0.14501037142403392
74915,0.6357226417966235
74918,0.13654701984594506
74919,0.2010369966648202
74934,-0.8604744242870324
74978,0.36694754064973334
74996,0.0710551768662793
74998,0.29698896488680837
75002,0.3401651571577899
75007,0.04246587590397371
75013,0.24114915443737464
75019,-0.28136091481599157
75029,-0.08414605298269204
75050,-0.2411990421406585
75062,-0.02816233370700492
75079,-0.312667886242072
75083,-0.04405033190238351
75087,0.00404207911165815
75089,0.11136484585642824
75097,0.35802708190138555
75099,-0.7765608476781102
75104,0.31909217281718283
75122,0.08733880655971216
75124,0.15456979034988708
75137,0.5004977080478267
75141,-0.05696363045306905
75146,-0.04755407016809862
75172,0.18332837591329135
75173,0.2477439539955168
75178,0.4937561649532137
75180,-0.7390410694511516
75196,0.01894519398412265
75209,1.129319683441945
75210,0.03485881539640559
75212,-0.04298215043230671
75216,0.21836856068926036
75219,-0.5334267305209287
75221,0.07180797415393916
75234,0.02627410489513311
75266,-0.00292348294663546
75273,0.2526339790508371
75276,0.348694901046263
75284,-0.1816947517822856
75288,-0.48163841442147914
75291,0.4346713062178929
75292,0.00352675979607577
75296,-0.08295975219766402
75302,0.08097321321436785
75305,0.5805073052856604
75311,0.2135875647764408
75316,-0.2551129311870524
75317,0.13517640388440588
75320,0.0666217411843188
75329,-0.23230967681951145
75338,-0.7761718436190432
75339,-0.00788126236040498
75345,0.2564237836668561
75368,-0.3558509605771257
75387,-0.14186250989477642
75388,0.18284168747814095
75396,0.33929477060973146
75398,-0.0175498545476956
75400,0.00869192566626167
75404,0.24235015749461417
75406,-0.02921536696023506
75409,-0.03585305241956447
75415,-0.21979063279548103
75416,0.0938563877571198
75420,0.13989825202361444
75422,-0.11265375128556844
75423,0.0664141737347506
75425,0.0140602210463104
75426,-0.02729082068111824
75430,0.41460017179413217
75434,0.5159936197468958
75437,-0.18838083512542148
75452,0.15223986978746282
75454,-0.14478817596153876
75456,-0.11631186646095285
75458,-0.1327767208618429
75459,-0.20305154059545097
75465,0.14064370153687353
75467,0.7665660474294362
75469,-0.00195392938597314
75470,-0.02177423810806713
75472,-0.11075913090164408
75475,0.23661601522955625
75477,0.0863824941889286
75480,0.05147733054785684
75482,0.1715214935907584
75495,0.08002985765467865
75497,-0.3662479539633823
75502,-0.01767583986781809
75504,0.1500930348922675
75507,-0.01238515860393177
75510,0.03275112872821265
75512,0.28723547677742456
75516,-0.06054964319677381
75528,-0.58443371883441
75530,-0.1946153216035577
75533,-0.24601803669877337
75538,0.2908806571500317
75540,0.16990568643100945
75547,-0.00144711620820189
75552,0.14323504096207298
75553,0.00792065048990466
75556,-0.14219765716674126
75558,0.36799095408067134
75560,-0.11488958147446292
75563,-0.16896477017941583
75564,0.13859667794773414
75565,-0.0622816625659067
75568,0.19649589189773237
75570,-0.06984065366567463
75571,0.25956287525831223
75572,-0.04907244317367904
75578,0.4691035412227397
75580,-0.02141857718219971
75581,-0.7755811595849611
75590,0.30457257115896663
75593,-0.07965929384306637
75597,0.06674740431835438
75599,-0.06991718948930731
75600,0.3246090372433333
75604,-0.4313329387911907
75605,-0.03756431291605967
75607,0.22258981210309575
75608,0.0130290395503508
75612,0.11042942309627972
75613,0.02720854119191003
75616,-0.16710186103949032
75617,0.02402475050441429
75619,-0.5122165407103514
75620,0.00277859701813757
75622,0.09745542886751764
75623,-0.34427896067473074
75624,-0.254577399404021
75625,-0.00651196983584714
75627,0.2587355366200745
75641,0.0751821737508095
75642,0.6332903816137577
75645,-0.05776241178864091
75646,-0.1659126461343245
75647,-0.05224080430275667
75656,0.06184335383989627
75659,0.7768268257322524
75660,0.01784796483950086
75665,-0.15030274976357227
75667,0.2822060794726885
75668,-0.6493349993979369
75669,-0.01446009995508079
75671,1.442746945146086
75678,0.1766723868620399
75686,0.01664498028228098
75687,0.03650227205075767
75689,-0.0598825125700743
75690,0.09080474433313672
75691,-0.17702656164972996
75692,-0.07887160346379982
75695,-0.536952519317804
75697,1.603127818519845
75698,0.34596158090739043
75705,0.04882158732102334
75706,-0.3334061484127893
75710,-0.116290036301988
75712,-0.04696434368236423
75717,0.11911661543460324
75718,0.4328299610275376
75723,0.5288234797464402
75725,0.14604175662056382
75729,-0.5457537613585818
75731,0.00336486182197779
75734,0.0406752784991653
75735,-0.13270052521003303
75736,-0.12395795537930346
75739,-0.08941274249566535
75744,0.2132693752861167
75746,0.04006059957717892
75750,0.26910384026495343
75751,0.08372894542428458
75753,-0.1957277850152324
75758,-0.0800327740872506
75763,-0.0983921908640693
75766,-0.13278969905148952
75767,-0.15506224421671808
75770,0.23598941677132088
75772,-0.439527143130099
75773,-0.4174414818079282
75777,0.6502242655167161
75778,0.04102107557200488
75782,0.14863244139771967
75784,-0.15985807073386293
75785,-0.2337209219397437
75786,0.0925169920512806
75788,0.3745355678907603
75796,-0.31284112344002546
75801,-0.2252731091665885
75805,-0.02000489367456941
75811,0.2199739940926509
75812,-0.513240598047797
75820,-0.22079941946051668
75823,1.113162411702295
75826,0.0810439581517258
75828,0.28260001907498156
75841,-0.25291532077319595
75847,-0.6761171734734968
75860,0.44706943624208817
75863,0.27516138208636093
75869,-0.1249565240644685
75871,-0.07560236116487999
75894,-0.12480738540043794
75901,0.01439502306801696
75905,-0.5314003305322563
75909,-0.06351506717927274
75914,0.16626955743804642
75939,-0.8638711921377449
75953,-0.3733517433381714
75956,0.2162078593008652
75964,-0.03188034768660569
75965,0.3480541472720843
75974,-0.02862772338772137
75985,-0.08644607502523674
75986,-0.28966825930892026
75991,0.1712298997008445
76007,-0.08751691065239878
76014,0.06078772293808771
76022,-0.0283944385423113
76025,0.08502854189224923
76041,-0.12750818768243477
76051,0.17626040478412688
76055,0.4156123987624863
76071,0.1290299649412364
76072,0.21770464823787616
76073,0.20787505831202316
76080,0.04856068557296886
76088,-0.08332366683530208
76089,0.11365837164367856
76108,0.12732719076655574
76117,-0.1472814725490531
76123,-0.066557202371697
76130,0.19894113003629588
76131,-0.2028121905870704
76132,-0.11763875765353243
76137,0.10412844035635507
76138,-0.09257733835271648
76156,-0.42921625211819014
76157,-0.4249143216868452
76161,0.14510741676782357
76166,0.4722554472921496
76167,-0.15583179716748713
76178,0.18242423873844313
76179,0.03379168993751485
76183,0.12341100640466138
76184,0.449203005952331
76187,0.2445804177112723
76192,0.09830995849084576
76205,0.1722433907779447
76217,0.3365674572921227
76223,-0.13967640377906182
76233,-0.02218826956465189
76238,-0.15816139526042236
76246,0.5662796550734878
76251,-0.07585767460753598
76252,-0.04677133835321371
76260,0.4528178097731542
76261,0.00448211983458616
76263,0.01441620314706776
76265,-0.19261801383422544
76267,0.5276104500768862
76273,-0.5594399768304222
76281,-0.123598742693614
76282,-0.07347606753642037
76293,-0.15435355887992158
76294,-0.15283527601515084
76295,0.04224315779281546
76299,-0.16996197458633003
76302,-0.1361255171969565
76303,0.6087514449310845
76306,-0.21310745644608503
76308,0.0457080635368866
76332,0.10001044950601348
76338,-0.00546752210721005
76355,0.34783342590051597
76357,-0.19732368175726803
76365,-0.6001338435484639
76366,-0.05295973458132688
76375,-0.05169553744690187
76376,-0.323834970356504
76378,0.6689823717721641
76380,0.03617477069010115
76405,0.1951486574285446
76406,0.39876441904100074
76407,-0.23031617479634617
76408,0.11545570700567384
76411,-0.33800861896503565
76421,0.03977744380135591
76425,-0.09150493834286733
76429,0.12914311957970423
76438,0.02981435354744458
76441,-0.8288578381899134
76444,0.46736712928210306
76448,0.02239402340196025
76453,0.10172950607591104
76454,-0.04589130875959129
76457,-0.09010175720655111
76459,-0.526055120075736
76464,0.03163182377117646
76467,0.09999331344531533
76469,-0.8660505187676609
76477,-0.26995492845554303
76478,-0.11441980501337352
76479,0.11247888905582334
76482,0.15202717664285131
76483,0.07671135104443721
76484,0.08201493729580564
76485,-0.10901342611123284
76487,-0.03239445607627109
76491,0.27612334250918275
76497,-0.00494583498280317
76498,0.32326823288896883
76499,0.05740485665621716
76500,0.11001776088490577
76507,-0.20504811075109108
76510,0.25988571578378583
76522,-0.10241363714548544
76524,0.1094170044581117
76527,-0.0145548869988516
76539,0.04308130128276443
76547,-0.09622675671354314
76551,0.22814707998924977
76560,0.42915297207505
76561,0.24068055942596253
76563,-0.2361232938294689
76566,0.0233938295733257
76568,-0.00768810406171944
76571,0.05230796276414348
76572,0.5116770866602247
76573,0.21529093187666948
76574,-0.2157516340229113
76577,-0.18405904285160768
76580,-0.05887972039935525
76582,0.02388175982057389
76594,-0.07371771058351168
76606,0.6798330663247072
76608,0.1085918202991393
76612,0.19753972738307543
76614,-0.06385368093768232
76615,-0.2668315708339492
76626,-0.0596928209198569
76627,0.4011453145006971
76629,0.8757941966785503
76630,0.02030250307986343
76633,0.06537717933791061
76640,0.7275407319984103
76645,0.31980575162933145
76646,0.8169611798163346
76650,0.0522489160828023
76652,-0.8076656501206321
76654,-0.00238424547989761
76668,0.10631120477306556
76670,-0.11627188871645468
76686,-0.2642580308922178
76687,0.05313315023697672
76688,-0.09536965054644464
76701,0.14221157483118585
76707,0.00206242972186018
76709,0.03708174717070107
76719,0.0519729578130773
76722,0.05318114778031155
76737,-0.09976520718004069
76740,0.11214494936091726
76742,9.963522485552537e-4
76747,-0.07363799523741368
76757,0.10075288219508322
76763,-0.08216881742985263
76768,-0.23853637808037223
76773,-0.26281583302610845
76775,0.7363038468865959
76779,-0.14933870151789463
76781,-0.15078931909869964
76784,0.1078884631824697
76787,0.03536114821783656
76788,0.00450983624112199
76789,-0.06579031535988955
76792,-0.04885502823932522
76793,-0.01139874568928566
76795,-0.03344574966737986
76799,-0.02489879407590499
76800,-0.00410591180673474
76804,-0.05684255565247436
76808,0.6801068451055681
76809,-0.0830724729276861
76813,0.19352901377164164
76816,0.00252394302658919
76820,-0.03061955644712481
76824,0.03760276573998979
76826,0.08716291675867469
76829,-0.5281768809810221
76832,-0.35222737767272044
76843,-0.02306664448660356
76846,0.04980815991122991
76850,0.07651487482629678
76854,-0.02281066194769605
76856,-0.10030103999423468
76857,-0.7693612868779646
76858,0.317661654840948
76863,-0.1591955550427127
76866,0.3666440420843306
76872,-0.6000839603193058
76877,-1.6558698245521988
76884,-0.09524338130323892
76886,-0.12216507110304878
76889,0.08207540686407419
76890,-0.06134405691216264
76892,-0.1863128145845966
76893,0.13844006921156443
76894,0.0883067574620531
76895,0.17276311578764397
76897,-0.2557310593778384
76898,0.48448212304123256
76899,0.12093422366190332
76900,0.04471837431161526
76901,0.07422971676850713
76905,0.04626831300446622
76915,-0.5265403383746435
76916,-0.05071563483419973
76917,0.0730147812733727
76920,0.4519424868789254
76925,0.07767733616998593
76927,0.03877294746341952
76932,-0.0816827488323307
76933,-0.08745652022685976
76936,0.0288850737045586
76938,0.10892741933510912
76942,0.19573604173627895
76943,-0.2095816183754636
76947,-0.12731175827081995
76952,0.16072234946966138
76954,0.5430089688102196
76959,-0.01741272837445356
76960,-0.16761232304138493
76964,0.02496495218164685
76965,0.1713363502741873
76967,-0.11645555961361764
76969,-0.38721996930961655
76980,-0.19132099640286152
76982,-0.02373886999999999
76983,-0.08078400706746403
76987,-0.1979831909903294
77006,-0.06675484031678412
77011,0.364046373244731
77015,0.23635522402605524
77018,0.164237544321647
77031,-0.03187996581006638
77034,-0.04897972967526705
77035,-0.09791239572373504
77037,0.18536301046842335
77038,-0.13103330781186634
77040,0.01683063335008843
77041,-0.04483595816057296
77042,0.5163336426626242
77044,0.06036263315705414
77045,-0.2284566850369456
77048,-0.05063894628286658
77053,0.06930284828246067
77055,0.10113840419345033
77056,-0.15439707733127744
77057,0.20073346276165263
77058,0.069413151032478193
77065,0.2474486180062685
77087,-0.07050149856916113
77090,0.2449716000986371
77097,-0.21944759297045824
77106,-0.1499950463511095
77110,-0.11531245002070388
77116,-0.04033965005783285
77125,-0.41291282278965347
77128,0.04726188203147261
77134,-0.11388822875777242
77219,-0.09855173890220116
77220,-0.34407948603988525
77254,-0.09357919545455444
77264,0.06388571049130727
77286,0.396385820263867
77296,0.06746099071489323
77300,-0.26078147952173575
77305,0.06706404257521259
77318,0.27153156096534337
77371,-0.5031654940258586
77407,0.05367871338634906
77411,0.1245302799373536
77422,-0.5297852033426635
77446,-0.5149438100290432
77462,0.6309071873569124
77480,0.66754390637777
77485,-0.6725843291883511
77519,-0.5335474676922531
77521,-0.17712146889195285
77522,0.382233834664727
77531,0.0853357655280429
77532,0.25400354538331055
77552,0.48988750187114694
77559,0.21642881890043364
77569,-0.451849361266747
77573,-0.11026507139796442
77574,0.4032436657011099
77577,-0.0329974577766188
77578,0.2207342469352411
77579,-0.22845636942181052
77582,0.24179909672026376
77583,-0.14019168404573934
77590,0.1096739045393666
77591,-0.06168689721798274
77593,0.06046091628427959
77595,0.2353356653325589
77596,-0.1826289732119818
77609,0.3664607596498967
77613,0.0748679752996195
77619,0.01593085477146905
77622,0.33836998326582257
77626,-0.11358760027685522
77627,0.16962960144390588
77629,-0.8016294098512825
77630,-0.17627898075264023
77634,-0.17941137936439644
77644,-0.00933479875310748
77647,0.00120405732079158
77683,-0.2103998117840647
77697,-0.4602539564857338
77701,-0.04884120813893976
77704,-0.2666918329707547
77706,0.0380379196951006
77721,-0.03489128400799536
77727,0.24359244969319024
77733,0.2895092844003251
77739,0.12371684566681623
77744,-0.21823693874470224
77766,0.16132939642390648
77767,-0.2790076371479579
77771,0.43936078353450875
77772,0.02823523453910291
77777,0.0813104066766611
77781,-0.2891755187131624
77782,0.21845908326070057
77794,0.1704669895470261
77799,-0.15867900513080874
77803,0.7013377212127248
77805,-0.02360226724997093
77809,0.34037265693126795
77827,-0.25590165519593777
77832,0.06708282968613019
77836,0.21617558381063817
77853,0.13838530459192427
77862,-0.1187282748315414
77864,0.5607354869180204
77877,-0.0663055645295619
77889,-0.13292151452407883
77891,-0.14398768539695803
77914,-0.11300712687304826
77929,-0.28148430410792824
77938,-0.02570397473866501
77945,0.05318622458886802
77951,0.5092974545415219
77963,0.3556786486026746
77974,-0.24395419041436925
77975,-0.11813967062999749
77976,0.4402397796922584
77980,-0.07666250628995716
77987,0.00811215959550225
78004,-0.3474397049585975
78016,0.2210601904067956
78038,0.1978414253745124
78052,0.4312563584686361
78070,-0.29668330716979174
78076,0.18403080015644135
78081,0.454053776581458
78088,0.01411047342970979
78100,-0.0983502062852399
78118,1.610150463654353
78134,0.35895678604102144
78177,0.3021952136395555
78232,0.05269673270436306
78239,0.09107984389543872
78240,0.00867614422070878
78244,0.1385907424396614
78245,-0.5247626970770038
78246,0.0069185097107158
78248,-0.05621344479005271
78249,-0.17556179280076625
78250,-0.11724733038828827
78251,-0.4362130534737813
78255,0.00174461465301001
78258,-0.7644637192518394
78266,-0.08538296363934186
78267,0.3955419285299556
78283,0.15875831818256242
78284,0.2238184805961495
78286,0.16151653185029424
78287,0.0684129510162197
78304,-0.10812281143976211
78306,-0.2155126236361486
78308,-0.10741697471179568
78309,0.4163755971449705
78317,0.01889746636939893
78321,0.03785816825851193
78323,-0.14098033824958742
78330,-0.03080976721718056
78334,0.02833083539677914
78339,-0.04550812870957945
78369,0.09761708953810298
78372,-0.01432669032182947
78373,0.19759175755983344
78388,0.18552976120387604
78390,-0.5217224669598298
78394,-0.1841703095686328
78405,-0.233357709693487
78408,0.23800763989344104
78412,0.27707787674712425
78416,-0.06018839042616636
78444,0.09131760794753546
78455,-0.05495059031531896
78465,0.20655417380864907
78469,0.11399971030160085
78473,-0.06731193057243279
78506,-0.47384123984645055
78521,0.10674014732068246
78523,-0.17657480357460592
78541,0.03650218541418316
78558,0.24008965976631297
78560,-0.02871817356102161
78581,-0.10924916777274764
78586,0.2682925890149096
78593,0.2242138770184337
78600,-0.09616168311715494
78610,-0.03812555222393261
78618,-0.11096158742174753
78619,0.14978531619266
78634,-0.037545353326165
78651,-0.01069414363607139
78653,0.02166650371733938
78656,0.20500819363883732
78658,-0.16949892990370383
78670,-0.03761634667487885
78688,0.40415553561575435
78689,0.01674764351779276
78697,0.02935360564253963
78709,0.2683669647076506
78733,0.08010248000787201
78749,-0.03725448224639537
78751,-0.2428149429529229
78752,-0.02666024457678485
78753,-0.2445271706417489
78754,0.2615645573060435
78755,9.439283421212412e-4
78757,0.14442876882327793
78767,0.02580846660513652
78771,0.19673213410640697
78772,0.1771008581136656
78777,-0.07712633223427534
78779,-0.08424182840151777
78781,-0.06174419961977227
78783,0.01581314357069161
78785,0.19133693320485423
78787,0.3814944873243148
78795,-0.2738627590452278
78796,-0.00509793357878388
78797,0.01134183346538434
78798,0.0897308324068242
78801,-0.41656917931495474
78802,-0.3629314347225812
78803,-0.3642230513180671
78806,-0.02357869691075715
78808,0.1845687846844817
78809,-0.2706787126901879
78816,-0.00497949721063939
78825,-0.1443857001197567
78826,-0.17661171269023077
78829,0.06208385762655107
78830,0.02280557094622325
78832,0.03910196656460916
78833,-0.02597418154414438
78834,0.1398967744068494
78887,0.33966026612227884
78889,0.12636788120063952
78890,0.02707979357161252
78891,-0.02315449867735214
78892,0.14728886975690453
78893,0.2572345265239393
78894,0.07298939089620704
78895,-0.1475253666547482
78896,-0.7770882396479082
78903,-0.10336682338699356
78906,0.12258974151140316
78908,-0.3760855047134062
78910,0.9208653803428948
78911,-0.10756408623158442
78912,-0.05270624951982701
78913,0.5020177347632095
78914,-0.1941197576498739
78919,0.07987639429197324
78920,0.10563164872757284
78923,-1.5892112680383994
78925,0.04862198966675142
78926,0.05359304358820921
78928,0.1027178381449324
78929,0.04681400373649636
78933,1.11939357858786
78935,0.05735858119600259
78937,-0.12593191160064698
78938,-0.12952734249505532
78943,0.31902042920984397
78977,0.22408571593217985
79043,-0.08415647923330619
79044,-0.00976542258397552
79059,-0.0558247629477791
79196,-0.00397907721672513
79233,-0.4073868888723795
79235,0.2458696540670902
79263,0.07295534441921682
79264,-0.4258172246373181
79362,0.11226760921479416
79401,-0.5287405611337738
79455,0.1985042607367543
79456,0.2652999515196901
79464,0.00507570229879307
79554,-0.16127098526014388
79555,0.134248121095038
79560,-0.12141504516301668
79565,0.07160695442775175
79566,-0.07466583611014126
80280,0.01364582081934735
80281,0.3063007334353123
80283,0.00347311760916465
80284,-0.08046775884957713
80285,-0.04820446456980258
80286,-0.1720543037380537
80287,-0.0984312354617818
80288,0.3825860597559829
80289,-0.00481225983494341
80290,-0.1276668160058574
80291,-0.08954076686693101
80292,0.566633473501787
80294,-0.3361450650869895
80297,-0.10186537068096203
80334,-0.3419872945199921
80385,-0.11265052208970971
80509,-0.08822267760891994
80517,-0.01299953982950962
80707,0.2909028477234322
80708,-1.4955366545386064
80718,5.389782864219025e-4
80719,-0.00885444444112993
80720,0.3061274103660999
80732,0.02656113386655005
80743,-0.00918017917101877
80744,-0.23777959684398692
80748,0.00759932994220045
80749,0.09013437290668316
80750,0.02775281686414694
80751,-0.05366132305819543
80752,0.41175986389301866
80794,-0.162601242002411
80796,0.08079958849365479
80837,0.129935856177425
80838,0.3317532664279812
80857,0.15050905922212493
80859,0.27993581179233273
80860,0.2513456685845168
80861,-0.04873994600845138
80877,-0.16152935098631468
80879,-0.00850977685300391
80880,-0.3984264368496802
80883,0.10247150824663408
80884,0.09215821935034876
80885,-0.2654995761042557
80886,0.10666806994225096
80888,-0.2415269624230571
80889,-0.19283556163208848
80890,-0.4272096172885258
80892,0.05587369896002267
80898,0.3866180423925932
80901,-0.12214972434523982
80902,-0.3449755059049042
80904,0.22397964469032233
80905,0.4745661664280229
80907,-0.07069457170912963
80908,-0.06112508587739759
80909,0.03138840625240369
80910,0.5466105737173055
80911,0.0709258464461798
80912,0.08061321772549064
80913,0.03531538926731009
80914,-0.09761421947828496
80915,-0.11911689789847832
80976,0.02998129496217329
80979,0.503687430724721
80981,0.25946528905468175
80982,0.00109742522001386
80985,-0.04605686600659667
80986,0.2172598779729395
80987,0.04527823917848295
81000,0.27299990038096916
81003,0.2690807777311537
81004,0.23619958104547745
81006,0.23100521196384535
81018,0.01126985141623243
81489,0.00388882308179265
81500,0.03766411124278812
81535,-0.18837881877102555
81600,0.29603441186031304
81601,-0.04427827363745233
81630,-0.03415754992830105
81702,0.00648191947260633
81703,0.09801347086858334
81799,-0.0451148125353967
81840,0.30121740052890045
81845,-0.11882539045626088
81877,-0.04522231440391712
81879,0.01426530135558469
81896,0.03691940633859929
81897,0.09734119161768028
81898,-0.13437550927392292
81904,0.5720279425721687
81905,0.8741111399440982
81906,-0.02387086236416181
81907,0.23340023748703811
81909,-0.09908400795431328
83379,0.30629510470205723
83382,-0.07855656909070002
83383,0.03239642594620438
83395,-0.11986596263441274
83396,0.3437737013563004
83397,-0.0539190708987401
83398,0.10177111824097455
83408,0.03238795417280483
83409,0.00831085247152208
83410,-0.04188072358439893
83428,0.3935325160238778
83429,0.0156208850703467
83430,0.10757136670404076
83431,-0.0867468590364905
83433,-0.03454247107228653
83434,-0.094816007883591
83435,-0.29586096639929854
83436,0.01844966502727491
83453,0.17856996108402548
83456,-0.19149415514261584
83485,-0.08298799656149622
83486,-0.0280132768065841
83490,0.473413073962027
83493,0.01981320541739628
83553,2.6681027970082427e-4
83554,-0.06667112487744695
83555,-0.3750787950994975
83558,-0.5174841089873736
83560,-0.5913558341705412
83561,1.0320287826815986
83602,0.02335050141301943
83603,-0.3890382267740888
83669,0.169935992007395
83671,0.11520957039804296
83672,0.1312036235458488
83674,0.12748937145763445
83675,-0.6430253054407161
83679,0.0847942604878714
83691,0.7829585601777129
83702,0.2552112053541912
83703,-0.07346817282055355
83704,-0.1051275580481793
83762,-0.10741892520797708
83766,-0.4709760669244598
83767,-0.2998501890110419
83770,0.10426463173864622
83771,0.4746942104809308
83796,0.06409685453125542
83813,0.12664251079047562
83814,-0.17147629720177898
83815,-0.12231264268529247
83922,-0.3975727424259765
83924,-0.01674665469028193
83925,0.0784460453794939
83945,0.02033760200350006
83946,-0.44528617554229954
83961,0.01172852901307048
83962,0.06454633842111399
83964,-0.17725077919181637
83965,0.13313034206198288
83984,-0.04125404564980625
83993,-0.0677201691990928
83995,0.18577911658727975
83997,0.15032232193468284
84004,-0.1037261856095652
84035,-0.29184909923206614
84036,0.2730019764378626
84092,-0.8071973427051646
84094,-0.05361867022756816
84095,0.01505727358916897
84111,-0.41978269018660685
84112,-0.1098513836158016
84113,-0.04744536548077778
84505,-0.22209148234180143
84544,0.0366387670614511
84585,0.14010523237147332
84652,-0.01600110671610484
84653,0.06797813722107406
84682,-0.20165241324036817
85030,-0.198467511724356
85031,0.45228895015355247
85305,0.00432563658249332
85308,-0.04480627503718746
89867,0.00103271167907519
93671,0.4330987441941734
93672,0.07305244137347858
93677,-0.1497357165103829
93679,0.13057948824179533
93681,-0.15839320420229713
93683,-0.34958682462112683
93685,-0.28050520118108146
93686,-0.6640329916774932
93687,-0.04396990935554557
93688,0.14183570756045144
93689,-0.13933022041225576
93690,0.3955701626736752
93691,0.00426933169397496
93692,0.04671288512303972
93695,-0.3773021048242543
93696,-0.1990777242918771
93697,0.31192688145413494
93703,0.5749586251119527
93707,0.5749586251119527
93708,0.5749586251119527
93711,0.5749586251119527
93716,0.5749586251119527
93717,0.5749586251119527
93721,-0.1739367342565568
93723,0.5749586251119527
93724,0.5749586251119527
93726,0.08542846189510497
93728,0.9824365608741265
93730,-0.23834426343698
93732,-0.19918491500072835
93734,0.07660598084303036
93735,-0.0252389807644509
93736,-0.4428666989587387
93737,-0.03686051794198364
93739,0.0235432998313433
93742,-0.06220550096018722
93746,0.49552557656303375
93747,-0.0959480197902666
93757,-0.0870903141220827
93759,-0.07049993353449253
93760,-3.7591088417237434e-4
93761,-0.1673566292230377
93762,-0.13406387896994576
93790,-0.02898337161106855
93834,0.10066522001496912
93835,0.3883201065873123
93836,-0.05767214776512655
93837,-0.7731638405653984
93838,0.23977451204176603
93840,0.2349981752653211
93842,-0.06780704750382514
93843,-0.39782127003003104
93871,0.05572220694133703
93872,0.21182833434460155
93873,0.24035146212013
93876,-0.18474431550330653
93881,0.1402863938173006
93884,0.7676821098304998
93886,0.3227381790018986
93887,-0.21671902839426752
93888,-0.20086450073308565
93889,0.7241866355126668
93890,0.03257550030358228
93891,0.4071248516533874
93893,0.15766776493112386
93896,1.77281232713572
93897,-1.1396976538573371
93898,-0.14179127171807843
93960,-0.5376939752994356
93961,0.5572069719246802
93966,-0.04654227961670322
94041,0.22584934011337843
94043,-0.13384735156390448
94044,0.02236549471459927
94047,-0.11003531536738596
94061,-0.0536361693822331
94062,-0.110421177744184
94063,-0.09217742013241528
94064,-0.17976116156341648
94065,-0.0738658944114789
94066,-0.05692338816852595
94067,0.01073669270870713
94088,0.18720435826534987
94089,0.12404606592120172
94090,0.3192411299508233
94091,-0.13738326900183484
94092,-1.0230841667318529
94093,-0.19009255347478152
94109,0.15214186394483373
94111,0.326273761138617
94112,0.06890808344581881
94175,0.7360711239904688
94176,0.10472000477933494
94178,0.02920019312934248
94179,-0.01224877470001576
94180,-0.25322290054461793
94181,0.01034858891135856
94184,0.05547710034963289
94185,-0.10647772176879908
94186,-0.01122650333230224
94187,-0.4382991558303936
94190,0.1184625846528232
94191,-0.39462146932738984
94212,0.1836399233186318
94213,0.28620412132836287
94214,-0.17365353800043973
94215,-0.1320119599703514
94216,0.6554760674539708
94218,0.0241113222592917
94219,0.09381569512068648
94220,-0.30693610112090447
94221,-0.26475357426553825
94222,0.26439760796843814
94223,0.15689872368211064
94226,0.09017746357882288
94227,0.3112586172966033
94229,0.04636592882366915
94230,0.1861818367453593
94242,0.21279438804411024
94244,-0.8944413112034417
94245,-0.05531914067077827
94246,0.07923324654532204
94249,0.1814965276658679
94253,-0.07122785534937934
94254,-0.645914889254191
94275,-0.6591274273315975
94279,-0.00761274345280205
94280,0.04579409911035925
94282,-0.02123872632450821
94315,0.05781655654024536
94332,0.07872648463132141
94346,0.03855708266443988
94352,0.17863972429351382
96875,0.1564175722327074
96935,-0.7531847798058279
96957,-0.1949481446876008
96979,-0.05018746380146235
97031,0.231676372873076
97064,0.09798991041048612
97086,6.890675791279143e-4
97130,-0.49250703712018173
97159,-0.14016230095207244
97165,-0.01097364244436488
97212,0.5768478856291459
97287,0.12813293607230192
97387,0.11068301010645834
97440,-0.19747822670605597
97476,0.3806512616379707
97484,-0.18205367891926152
97487,0.24831923790834023
97541,-0.09862302726281584
97761,0.1039600249718784
97820,0.0765060723044946
97827,0.2487564149469912
97863,-0.1844154207523852
97884,0.01371062101683212
97998,-0.2073772628304384
98053,0.01208107181144383
98170,-0.02034552253562542
98193,0.01412958069865059
98221,-0.11230316829582396
98238,-0.01068888806302653
98256,0.006902712877577
98258,-0.0894495095907366
98303,-0.5998555218481911
98314,0.6740741565487082
98363,0.0032280975024832
98365,-0.14085673404485255
98366,0.010365583032554221
98376,-0.4525814513490023
98386,-0.05466168731666888
98388,0.12199575129171931
98396,-0.02200699496828824
98403,-0.2501211068948724
98404,0.11234121275917187
98415,0.1952357394215128
98417,0.00959536815717422
98432,0.04508142755990849
98488,0.18516205264584976
98496,0.22748455613548152
98558,-0.09342887678367189
98660,-0.2438623452317682
98682,0.16805598530144208
98685,0.05069581329378773
98710,-0.15141764603294738
98711,0.26540183895094877
98732,0.14857158443967206
98733,0.02004940082289887
98741,-0.29076575183437703
98752,-0.14288625976374472
98758,0.04190665120926705
98828,0.0870385825579564
98845,-0.9808422249870252
98878,0.17186857790461096
98910,0.1089309952848786
98932,0.08291095959196468
98952,-0.00123975122560984
98956,0.09474990652151828
98970,0.02885472621308331
98999,0.0973457303932603
99003,0.10429262271140502
99010,-0.8237254799238103
99011,0.24589478415842028
99031,-0.1652598776046622
99035,-0.20177507203341016
99045,-0.06540937210746675
99100,-0.18237773531193763
99138,0.01498142500789109
99151,0.42855388729386457
99152,-0.00876937509713054
99167,0.35390513209045216
99237,0.24998223632928804
99296,0.3189564056439819
99311,-0.00808813487399238
99326,-0.31578983914015746
99334,-0.11694939425107392
99349,-0.0634064965842726
99371,-0.21101123824802032
99375,0.07587835478138015
99377,0.01852765992327372
99382,-0.04859806124981435
99412,0.0539331057664181
99439,-0.0081001084601168
99470,-0.1863497625448325
99480,-0.01348070023340038
99512,-0.5120572762409391
99526,0.24737303235251357
99543,-0.32960808467515124
99571,-0.33329586299515257
99586,0.3557919656737471
99633,-0.18851247412598285
99650,-0.10525043636663584
99662,0.20771637433069368
99681,-0.7449630635983316
99683,0.03446980408377704
99712,-0.02863238065701818
99738,0.0396054317552646
99887,0.16201702508865123
99889,0.06709905776540298
99890,-0.4502958017629651
99899,0.0434304377589625
99929,-0.06452344219537424
99982,0.08555143919029796
100017,0.148020635564821
100019,0.5243493803452152
100061,0.00834687055932919
100072,-0.3046794317031154
100087,-0.12585865371743687
100088,-0.08635867382184173
100102,0.6738105383269508
100121,0.06780513829609788
100129,0.30408311770003554
100155,-0.4145820160901432
100163,0.24794796279562495
100169,-0.04126923787637567
100177,-0.2862838832521824
100198,0.19382929116354053
100201,0.07082245821380187
100206,-0.05051390690795693
100210,0.16031655331009967
100213,-0.26129186818651784
100226,-0.07809856346229757
100273,-0.06816070903927754
100317,-0.06800809064726211
100336,-0.24608622275005201
100340,0.6746076073872327
100342,0.41751767900931536
100383,0.0049024464308522
100434,0.19340603588440836
100465,-0.15779305100425353
100494,-0.11688706278074192
100515,0.5031862506213802
100532,-0.06955187628054035
100561,-0.06788865502964433
100604,0.2427147403557902
100608,0.09587671681938705
100609,0.16556884161871716
100637,-0.4626358007829616
100647,0.6091523979539535
100678,-0.07424921716526336
100683,-0.04898978626523921
100689,-0.06665884259909091
100705,0.21703338524716204
100710,-0.08136453657905762
100715,-0.11734930976942706
100727,0.00402363882182076
100732,-0.17085868457145045
100737,0.31871212938811144
100756,-0.09121901429280986
100763,-0.04108575198283398
100764,0.6487126617795762
100855,-0.07321597694669935
100900,-0.03006505668926924
100910,-0.02967606694652867
100929,-0.13206296351512695
100952,0.00511831898783304
100972,-0.11328898929887116
100978,-0.0044838061387696
100986,0.02620182454399396
101023,-0.19110384273001527
101095,-0.01871498600169472
101100,0.02994150901850827
101113,-0.1340895770618762
101118,-0.4725737930350068
101122,-0.09639521972358886
101142,0.02917732480024518
101148,-0.01502259280597402
101185,-0.26798945496802185
101187,-0.6168733062995904
101202,0.11895430843650756
101206,-0.10861513770183635
101214,-0.2090265906371103
101240,-0.09821043065536596
101314,0.08368286354794822
101320,0.03108094295114901
101359,-0.20461958018632737
101401,-0.27831773943202104
101437,-0.03958008353146636
101471,0.04908191793370157
101476,-0.10195168805020738
101488,0.3157954415317433
101489,-0.02414879868993192
101490,-0.0925747196541899
101497,-0.01625209969089635
101502,0.01450198811405184
101513,-0.01303638544589538
101533,-0.3115364930385286
101540,0.09890563788187325
101543,-0.4179502089130602
101544,0.17372427621940584
101565,-0.6231618494263038
101568,-0.02274556021242513
101592,-0.0440164684913336
101602,-0.14860487345774212
101612,0.1851207980131361
101613,0.00418325593178259
101631,-0.2961598766464695
101685,-0.12779027974010637
101700,-0.14978694814982688
101706,0.10230031069901951
101739,-0.03628543484492198
101772,-0.9983846737765
101809,-0.31717057184564457
101831,-0.48020868701712083
101861,-0.09604856617356802
101867,0.1969748191141881
101869,-0.02866899151501499
101883,-0.04818014724933277
101943,-0.02296365018035718
101985,0.1772988591592506
101994,-0.4131342418583163
102032,-0.03387680893530898
102058,-0.46370625173585983
102060,-0.00433254083565951
102075,1.0775456930763203
102093,0.03067403638245569
102098,0.19355457349054384
102103,0.4307904250231564
102122,0.14888055078961154
102124,-0.02453562185386429
102141,-0.1177293485109237
102182,-0.03422397346494502
102193,-0.05384084502313403
102209,-0.07269987064980153
102247,-0.02237497564281574
102278,0.14183737133501664
102294,0.21724850547446012
102323,-0.0892922205926783
102334,-0.07962940959487147
102339,0.01474110242433705
102371,0.1620756043120792
102414,0.03490456452335551
102423,-0.06922551393866327
102436,0.12373941371621586
102442,-0.0963290257734313
102462,-0.09899257552229598
102502,0.5966927832784098
102545,-0.03393059994101812
102566,-0.01675783355554597
102570,0.02682974184847024
102580,0.3124050323206372
102595,0.05716105349371907
102607,-0.12724455189193762
102614,0.04303377693174849
102626,-0.08611222220760896
102632,-0.04239035232437341
102644,-0.3512178423204342
102680,0.01020286389063603
102693,-0.9312118773604156
102747,-0.01415869680901567
102774,0.12980170088881754
102791,0.02618282984875974
102857,-0.45566813363157627
102866,-0.236706993154233
102871,-0.09763874726982164
102920,-0.21411810989547808
103080,0.41244238754079615
103098,0.8155476860739665
103135,0.07098922186208774
103136,0.2093544576514688
103149,0.03720642896340717
103161,-0.14352719885890133
103172,-0.01263288517997334
103199,-0.03003965524031024
103213,0.10932108148775048
103236,-0.00175162179854945
103266,-0.07648929642807617
103268,-0.19566921700883264
103284,-0.110421166800007
103406,-0.24340761687850068
103425,-0.07167383313805376
103466,-0.21917400010755295
103468,-0.05313095174300853
103511,-0.33499141787811704
103534,0.619047105497506
103537,-0.03288032498700304
103551,0.06287213307188753
103554,0.27811686317750095
103573,-0.20503840394782472
103583,0.04461604170042055
103655,-1.6192828765272915
103677,-0.04656506168691485
103694,0.2516869571361371
103710,-0.00945222980208894
103711,0.02843678272006616
103724,-0.15820925975355613
103733,0.03334753925295565
103737,0.00148470606742787
103742,0.01988365686124125
103743,-0.4045381556401025
103765,-0.04748254805832826
103768,0.10057250781755722
103775,-0.9828026212830384
103806,-0.02259094268934849
103836,-0.06802157522584537
103841,0.1952543139491596
103844,0.6476227293268915
103850,0.03782862514545664
103889,0.05635826435071514
103963,-0.02323554368086044
103967,0.341988640612529
103968,0.655315452488524
103978,0.8692929213896766
103988,-0.01663370606796346
104001,0.2588436743848398
104009,0.04238134325761467
104010,0.13840418515061495
104015,-0.03244948715496679
104027,-0.12863194208497283
104069,0.41129377924320576
104079,0.5080106338856374
104080,0.28593459316718745
104082,0.03545362983945395
104086,0.00901733622389686
104099,0.1321822261996709
104110,0.28186507781014764
104111,-0.13962751185733674
104112,0.0376217008039507
104130,-0.06144037089334368
104156,-0.05467101400206267
104174,0.5419124549075973
104175,-0.10339868772975774
104215,-0.0250951021741542
104245,0.34717880291909065
104248,0.1934131394398754
104252,0.01204091463543655
104263,-0.1720757266349487
104271,0.0778756020290527
104303,-0.03979310313852813
104318,-0.07545656843258425
104346,-0.06991330434090545
104360,-0.04917857745608105
104382,-0.33133675550011255
104383,-0.10577863995847106
104394,-0.248312221630161
104401,-0.09330975658005693
104416,-0.1132112361229966
104418,0.03543053141572202
104443,-0.4297867885346248
104444,0.02633370268830634
104445,0.30695751139688954
104458,0.2033581669930631
104479,0.04512018563841458
104570,-0.01285258912484695
104582,0.22316626934739228
104601,0.2848524530574836
104625,0.00244554210035673
104681,0.01284732533759327
104709,-0.03253824189561014
104718,-0.00220128151180669
104721,-0.01602974461771545
104725,-0.11434297810248736
104732,0.8247901610080497
104759,-0.00897619791900498
104771,-0.05523026497112213
104776,0.13142587059053457
104799,0.08113750141700023
104806,-0.01341995051837928
104816,0.12871809182743543
104831,0.08756924278964082
104836,0.17321590916902996
104859,0.31282365696524606
104871,-0.24452450558307445
104884,-0.02764056518554185
104885,-0.1907741774644562
104910,0.05439209846470377
104923,0.17253371889017433
104943,0.5115021873801262
105000,-0.7123439821193881
105005,-0.7545802614789339
105014,-0.17726552187581252
105083,-0.04418616647623862
105148,0.0154424102179403
105171,-0.04922163680427933
105193,-0.4106317668905455
105203,-0.14898029289433068
105239,-0.14666616655730053
105243,0.5770626978867157
105245,0.13250071674955063
105278,-0.2838078714592521
105298,-0.19766153099689035
105348,0.03508787829849687
105349,-0.00179855624695502
105351,-0.1137382134404538
105352,0.11737127483282504
105355,-0.11088063291298418
105372,-0.31193955579980803
105377,0.00973513963265146
105428,-0.42556568768107905
105439,-0.0361406831797432
105440,-0.03727737398220806
105445,0.23028829803315137
105446,0.00850889853653532
105450,-3.709157999808379e-4
105501,0.08943259629401057
105504,-0.03884059647610365
105511,0.633171037316443
105513,-0.03297912190642521
105522,0.00673962222556297
105559,0.15995333587537736
105638,0.16636508136955047
105653,0.3835315914649212
105663,-0.02238467483466078
105670,-0.11055099677408088
105675,0.08073384018881165
105689,0.11985131162903837
105722,0.08617102040071854
105727,0.025203376957927
105732,-0.32030280905187775
105782,-0.05141255994243069
105785,0.07406969819910497
105787,0.03149466330764018
105833,0.07634589318256495
105835,1.2478632109253623e-5
105837,-0.13175473653635283
105844,0.2331401927938762
105847,-0.01943677631395349
105853,-0.7226404830445987
105855,0.0473358128638815
105859,0.24979705758458004
105866,-0.7331932511272896
105988,0.08008614976206323
106014,-0.6192492463832332
106021,-0.1273523466613758
106025,-0.02935866188012392
106042,-0.01511794449528891
106052,-0.0400869146665843
106064,-0.00300914432817353
106068,-0.26315274032456343
106073,0.05109425158836764
106143,-0.11111687350576728
106200,-0.05275507055135102
106248,-0.7211836040762243
106298,-0.09295168306957334
106326,-0.0442880924843976
106338,0.03353875819764657
106344,-0.08652608930537446
106347,-0.1871888259595247
106369,-0.09115687240033254
106389,0.1983315282922039
106393,-0.5769207545219032
106407,-0.07405116977639487
106489,-0.22642044122422092
106504,0.05240078666576581
106512,-0.01711930360771373
106522,-0.1754812565485037
106529,0.03456359062270314
106564,-0.17495227930606216
106565,0.23555665757624356
106572,0.1531624603226325
106581,0.13707288704735157
106582,-0.02735321266237619
106583,-0.1132222027400198
106585,-0.00588072090663249
106618,0.33568438407565826
106628,-0.09330496242605382
106633,0.5704709169462403
106639,0.05070264132609463
106707,0.07557779825996831
106722,0.22690656106833615
106757,-0.17856972575496335
106759,0.04092108837916029
106763,0.5121595675009469
106766,0.26756428035909974
106794,-0.2237677742514016
106821,-0.09430113013527264
106840,-0.02824045690537131
106861,0.0484824713799912
106877,0.22351928701929136
106878,-0.01121330775865975
106894,-0.13203166445348943
106931,-0.13087206588282813
106947,-0.16395620822001838
106952,0.05467803478295231
106957,-0.02030172291417401
107022,-0.13292569201290422
107029,0.12198597290144868
107045,0.07258246832693241
107047,-0.20876862201407753
107065,-0.6214032817580664
107071,-0.08258658993520623
107094,0.11563919085791956
107146,-0.6199542887568149
107173,0.01283256090265913
107182,-0.00857600267276671
107197,-0.07324009738093923
107221,-0.2080274248210278
107227,0.04634720661526244
107239,-0.01794229318209698
107250,-0.23622192088728844
107260,0.0601020153620558
107271,-0.36173755467338
107272,-0.02952839361391
107305,-0.04159791858620633
107321,-0.07579023748167943
107328,-0.1149513809520889
107338,0.24730649471131003
107351,-0.4603317252682977
107358,0.02222930426726262
107368,-0.01696599483891836
107371,0.10787563443865446
107373,0.06238266864197803
107375,0.01586892864086346
107392,0.01392322997355406
107435,-0.16324889879264992
107448,0.07817026975861442
107449,-0.8974393918189283
107476,0.1770449257731006
107477,0.1211724949866205
107503,-0.05304392827131073
107508,-0.17809900834652634
107513,-0.03951020615531894
107515,0.23541483399442373
107522,-0.02096978562633557
107526,-0.00332161356841889
107527,0.1437470849417496
107528,0.01495785787612471
107566,0.1999139414955912
107568,-0.0058384428238837
107569,0.07999023065055952
107581,-0.5735720579306846
107585,0.381010425070652
107586,-0.07794954019902867
107587,0.01536849710738128
107589,0.29330595597326925
107607,0.04483566033406775
107650,0.2773740715990196
107652,-0.0037586014335583102
107656,-0.3348038448242385
107684,0.37734101595565306
107686,-0.0298824631319609
107701,0.06194254838865454
107702,-0.06624579049565968
107723,-0.05822804838004301
107732,0.08164490834815315
107733,-0.06624123526369971
107746,-0.06360237450985844
107747,0.07809131444124036
107753,-0.3396546727443197
107765,-0.15990994867038327
107766,-0.04397527091023641
107767,0.26794140854378173
107769,0.00685989552968289
107770,-0.15448302981013085
107815,0.547564922161285
107817,-0.00496218499989244
107823,0.7381581168428808
107829,0.08981725101291371
107831,-0.5074996120472057
107868,-0.5279562977820074
107869,0.9429622103932966
107895,0.14480926452543855
107932,0.12521216390681303
107934,-0.099047296136137
107951,-0.0519541248279811
107971,-0.9967497897196044
107975,0.08611801317915874
107976,0.03297900199471638
107986,-0.2383394316334576
107995,0.00766161377276456
107999,-0.09661202871534412
108000,0.17977475864796433
108011,0.1608448411877414
108012,0.1721021287325032
108013,0.22866211628693175
108014,-0.05967686347642256
108015,-0.41709819781693097
108017,0.47897948884733926
108030,-0.2831296256613964
108043,-0.35356467287743976
108052,0.03981981315955379
108058,0.11404109508180708
108062,0.2579355783449298
108067,-0.1651481340257525
108068,0.19964711825838233
108069,0.051084132899545213
108071,0.4059324031306002
108072,0.15396950615310376
108073,-0.8196244167477635
108075,-0.01985746562291205
108077,0.05051439557273192
108078,-0.5611718480912425
108079,0.7022924533007188
108083,0.02041112532997489
108086,8.176812831260441e-4
108089,0.09933798516531488
108096,-0.7213829072846049
108097,0.16427302266072408
108098,-0.08930553295981501
108099,-0.00116085250659937
108100,0.4755126276311706
108101,0.162050541273518
108105,-0.06944000766614421
108112,0.20713292994391969
108114,1.027488695561035
108115,-0.17027734287376164
108116,0.04651044042830166
108121,-0.06770315123840576
108123,0.02895825555695916
108124,-0.0177095891869451
108138,-0.16704868348780888
108143,-0.15823624560463398
108147,0.07032651265630897
108148,0.0089095964161609
108150,0.06378427673358814
108151,-0.7121111633266107
108153,-0.4456080733938768
108154,0.05725424805105153
108155,0.04815911312802888
108156,-0.0356569813710917
108160,-0.01932990348190224
108161,0.07168623068265345
108645,-0.113513063378453
108652,-0.11287874103032763
108653,0.4645507160421397
108654,0.3434522810427855
108655,0.04998968274154256
108657,0.04389010001392535
108660,-0.00548170366814262
108664,0.17500069924383294
108671,-0.05953476337353375
108672,-0.30375212349310454
108673,0.01604573094739546
108682,0.23052140582876868
108686,0.192093521707426
108687,0.13789064829666947
108689,-0.05064490811606337
108699,0.08047346995513677
108705,0.07278129281077086
108707,-0.09690235739272028
108723,0.02234270735462336
108735,0.04745760251669186
108737,0.18762984430508295
108755,-0.09522135079574576
108760,-0.34610787954540867
108767,-0.01319188842018787
108797,-0.5014169614201572
108800,0.4233374344778969
108803,-0.02783776930508656
108811,-0.09996207645175208
108812,0.5995687311201688
108829,-0.08453069018705521
108832,0.41975930054028093
108837,-0.05177171557968103
108841,-0.628440021364456
108853,-0.26057495058222135
108897,0.6576798105489637
108900,-0.01709597579380445
108903,-0.1734017516048393
108907,0.04250911303514446
108909,0.09200388141138673
108911,0.01913684519841882
108912,0.2098597599697282
108927,0.10093122834362613
108934,0.01381296661540346
108937,0.1013142280093808
108943,-0.481641305263621
108946,-0.14108951875658876
108954,0.13608260215053264
108958,-0.04674576705987051
108960,-0.09534841308472784
108961,-0.12023291808198398
108989,-0.10091636858288554
108995,-0.01906334192801588
109006,-0.03225138052237972
109019,-0.30622158997740395
109032,-0.09316779492795645
109042,-0.5934911531298142
109050,-0.6525450617160329
109052,0.31625200661312974
109054,-0.24551268634423845
109065,-0.21186509958044963
109075,-0.0675906323305295
109077,0.39095536867987624
109079,-0.10378669677510728
109093,-0.12366468320996632
109095,-0.04137897523066363
109108,0.0612677838061044
109113,-0.03956983039900429
109115,0.0510410178597198
109129,-0.10930430057737923
109135,0.05606201165641498
109136,-0.21262171583046272
109145,-0.11625567578893156
109151,0.1325261527997894
109154,9.20810316826344e-4
109161,0.04518517400053946
109168,-0.3526554532588254
109181,0.31688501668254465
109205,-0.33735772799414393
109212,-0.5680836499974754
109218,0.04846228845857814
109222,-0.02703985630241254
109225,0.217988449293034
109229,-0.1101485460045858
109232,-0.0297374812364389
109242,-0.07046861983978454
109245,-0.00126966978782797
109246,-0.16479076999817746
109254,-0.02405178110665215
109263,-0.01827779492638662
109264,-0.23317460626797656
109267,0.0481899853491809
109270,-0.07724385289850103
109272,-0.5928457324650029
109275,-0.04029756186656959
109284,0.34274040525982913
109294,-0.6024585132166126
109305,0.2043672141160137
109314,-0.14714026048646744
109323,0.1477520153325608
109331,0.04376858635673313
109332,0.03490974869794888
109333,0.05035632610741954
109342,0.1793249709820222
109346,-0.1287832000809203
109349,0.04064979760732466
109359,-0.04810723197152643
109552,0.01981535000345687
109575,-0.04684740168325282
109593,0.21818815905192213
109594,-0.08523375295883744
109620,0.04529707894466456
109637,0.04949445888123831
109648,-0.02396834010829873
109658,0.06403092044784504
109660,0.2855202913283666
109672,-0.03948083745812924
109674,0.07074467397370199
109685,0.3080553706243626
109689,0.1593761688093006
109697,-0.3462155315928474
109700,-0.5259124114668126
109731,-0.03801118031118458
109754,0.06258412671020326
109778,0.05642590413720082
109785,0.10022413141261574
109791,-0.13867582262113243
109815,-0.02274627105708278
109820,0.551265672348471
109821,-0.18066472463382688
109828,-0.11656635409089246
109857,0.10668571345786368
109880,0.18543428783990015
109889,0.19294316636571449
109900,0.08350951123074081
109901,0.11315757929223344
109904,-1.5783355946978643
109910,0.0079829015080093
109929,-0.01210959608356185
109934,-0.13160790748527754
109978,0.06710784326229789
109979,0.44764693766711505
110006,0.08406735784264496
110012,0.30522960286928746
110033,-0.1259537042292889
110058,0.01027518099483271
110074,-0.23720141045839924
110075,1.0902832670271734
110078,0.17042563399048988
110082,-1.022527568663032
110083,0.21507458180782643
110084,-0.2925001919960104
110094,-0.03445005710895199
110095,0.15626790847928895
110109,0.07432011215263863
110115,-0.10677095201508877
110119,-0.01502412601137445
110135,0.66884003541394
110147,-0.00633901410468137
110157,-0.07196071711322834
110168,-0.01814816560876136
110172,0.10820138226686656
110173,0.1052421281506871
110175,-0.01212508654571561
110196,0.134323034126086
110197,0.13974416469799744
110198,-0.02131138722678201
110208,5.958865767402496e-4
110213,0.1142118450046836
110253,-0.01380872589335187
110265,-0.05166177072232732
110279,0.1077834719816419
110304,-0.589447927581912
110308,-0.37878391501914394
110310,-0.17796177786800338
110312,-0.5880722118225397
110323,-0.142216018218153
110326,0.7685619888333637
110350,-0.27670737711142035
110351,0.10331218597748014
110355,-0.03046794352776978
110379,-0.07262970723738704
110380,0.06611932897667896
110382,0.25201747282483056
110385,-0.07988689877410443
110391,-0.03574406607794783
110417,-0.09772011409643697
110446,-0.04366920915119801
110521,0.4194099812622627
110524,-0.19056989291909252
110532,0.3002303261255921
110542,-0.01566295978411917
110593,0.099167201383591
110595,-0.14958532248229045
110596,-0.19976420123742356
110606,-0.09193303147912346
110611,0.19025821477200616
110616,0.6560992177145915
110637,-0.11574040861413042
110639,-0.2718096965429871
110648,-0.4404201032835319
110651,0.07489609505072509
110695,-0.182727175273589
110749,-0.01124999445465727
110750,-0.04992217751347752
110751,-0.2570422807821677
110784,-1.0383398542565068
110789,-0.05702220151884599
110794,0.02232760044967452
110796,-0.05587617352287447
110805,-0.3573727767965699
110809,0.061822023087774
110816,-0.05834044858094239
110821,0.15895297911314357
110826,-0.04655928012810249
110829,0.08068610133909093
110834,0.01435444513120565
110835,-0.10397526436654175
110842,0.02325099451130204
110854,-0.06196761326095062
110855,0.07013437881450912
110862,0.2587868287122323
110876,-0.01443354022226831
110877,-0.4581091920556716
110880,0.1450727851411297
110886,-0.3154904624866071
110891,-0.5518533504076707
110893,0.03753647692897786
110895,0.3033231364320801
110902,-0.2040054759645824
110911,0.20040810990205943
110920,-0.00211469773575383
110935,0.2703009438975474
110948,0.5297604692990205
110957,-0.19450886734554815
110958,-0.13460156087755104
110960,-0.1084717950446911
110962,-0.02335472896908991
111173,0.09980065949248006
111174,-0.4225967960871933
111175,0.06138457095748669
111241,-0.10363923025141852
112403,0.00656714049987197
112406,-0.09371299340508751
112407,-0.0035049431777491
112418,-0.16898919730821224
113868,-0.01703622864467261
114128,0.2841904166035109
114141,-0.7160779380684426
114142,-0.20015972214377803
114143,0.03928087526255286
114229,-0.0110419876807893
114230,-0.40210822481794184
114249,-0.06870970250528866
114255,-0.3481866713859087
114301,0.30457560183906485
114304,-0.43147066208423224
114332,0.7153589811841807
114565,0.00751673163034294
114566,0.229947200321981
114570,0.06736582799893852
114584,-0.00553915258232488
114585,0.09510988738821012
114601,-0.00327756355418919
114602,0.5202792503369487
114604,-0.0851377510958985
114606,0.1044645623341776
114615,0.04768089077630315
114640,-0.0355592873153233
114641,-0.09729904619728086
114642,-0.10405492188096609
114644,0.3015479232146956
114652,-0.41075285667133593
114654,-0.07322333592930563
114663,-0.00902694297330812
114664,-0.0538891945290979
114674,-0.07972985585225584
114712,0.35843634667139623
114713,-0.17635647864413212
114714,-0.17491638760885786
114715,0.341376064934993
114716,0.441221729606193
114741,0.23327300127995956
114774,-0.6028118095676841
114863,-0.15304245712703507
114873,0.2782464909923101
114874,0.02138857327296642
114875,0.2245955780861213
114886,-0.74978211901762
114889,-0.2264115088126766
114893,0.08462416793881217
116701,0.2126067938438164
116731,-0.29535090440779765
116732,0.22142072251787687
116748,-0.04247349120369369
116810,1.7638401314455976
116838,0.29918997541473524
116847,0.28708707570729874
116848,0.15182242909026894
116870,0.13464164306893914
116871,0.04814887326731308
116872,-0.2241314096366916
116873,0.02441383545441044
116891,-0.11824596964976394
116904,1.0038240877738382
116905,-0.03982826946480657
116914,-0.5849928279206165
116939,0.0199288291402015
116940,-0.13388040995058748
116972,0.2132411140231646
117004,0.01259040665453318
117109,-0.03706007988876879
117146,0.17213535888203887
117147,-0.10444432112575204
117148,-0.06227395818333973
117149,0.20274429926532336
117150,0.00789257374415857
117158,-0.5862518346765515
117160,0.36260418971887287
117167,-0.0842605487664616
117171,-0.04806617175252804
117197,-0.12291767282789198
117198,-0.04320991478869675
117229,0.01171620546471351
117586,-0.26317748983764094
117589,0.1631802612279771
117591,-0.16147742614899524
117599,-0.01391659255498772
117600,0.18119914251271152
117606,-0.4348611651448595
118445,0.26592055107557266
118446,0.1563748835646568
118449,0.7716281900983022
118451,0.2784522171780923
118453,0.42366085414244553
118454,-0.31338649369475247
121021,-0.19695286838043463
121022,-0.09804206456696068
140474,1.337365328823029
140475,0.11315221391056636
140476,0.5259358724203317
140477,0.43273598410277303
140481,-0.08753514782450682
140482,-0.20460499450306535
140483,-0.20782285613735985
140484,-0.02738623057395571
140486,-0.4492409604577919
140488,-0.6735321481382827
140489,-0.16140915434968223
140491,0.5020482744546427
140492,-0.07471131783223489
140493,0.15675739396345317
140494,-0.3715047103776723
140498,-0.16450514464950125
140499,-0.07052639538028546
140500,0.15243606854754405
140546,-0.06213977888471078
140557,-1.1629223567238984
140559,-0.01306069654520002
140570,0.08311534284639335
140571,-0.01852665438770276
140577,0.21245247765107567
140579,-0.08864160157034094
140580,0.40752942800252856
140629,0.01859273311227285
140630,0.2370639077438329
140703,-0.10349518102468223
140709,-0.0647183015394053
140721,-0.2016642355161059
140723,0.11264460515136392
140740,-0.02208594334074485
140741,0.2035864495029961
140742,0.02971415015815034
140765,-0.12180302496503714
140780,0.2867304235293066
140781,0.04464631583383232
140792,-0.6672393938844785
140795,-0.12631688758728554
140806,0.1901304839160334
140810,0.12275772263279926
140858,-0.08459463766469745
140859,-0.09207105689499973
140887,0.13314310601856202
140904,0.00881195687373612
140917,-0.4535285301602433
140919,0.4832912853454062
142681,0.01839321746189962
142682,0.6301770690941579
142687,-0.11732048213646508
142688,-0.3509579441828592
142980,0.10095360397734998
170439,0.05899827280215737
170441,-0.19233456237646185
170442,0.7576244926965696
170458,0.2158915155911408
170459,0.08518711794541522
170460,0.01684287991628012
170461,0.4701281761383358
170472,0.24557808873283657
170483,0.08283916054187145
170484,0.20829293526675283
170571,0.7952062579827589
170574,-1.918733661453176e-4
170625,-0.02520820520970155
170638,-0.25277861037689103
170639,0.20227562937733867
170643,0.25836809775381575
170644,-0.00197902392803068
170654,0.07651130782273699
170676,0.3123210567643239
170677,-0.728301474438483
170706,0.00606204560291218
170707,-0.04356418471799114
170711,-0.2727326163277795
170716,0.03472396669604364
170718,-0.09736027834488488
170719,-0.12613701999561402
170720,0.04235427934710248
170721,-0.23400463763925008
170725,0.07551720240686007
170728,0.3708992019675588
170729,-0.09029894716477271
170731,0.2198072003779807
170734,0.513727493573831
170735,0.5121437106863977
170736,0.2949876343677784
170737,-0.06294155552711148
170738,-0.6188238330991718
170740,0.0963505204130367
170742,-0.07059835255937957
170743,-0.139292786875582
170744,0.7224180350719489
170745,0.19147731188268463
170748,0.14922202161340142
170749,0.09173145387272834
170750,0.02359214830639919
170752,-0.1020153010861925
170753,0.49530713104673585
170756,-0.600948421286504
170758,0.07771329401008686
170759,-0.04403683304342058
170760,0.0363761669459724
170761,-0.00896753504910956
170762,-0.080930319870778
170765,-0.11788919796241563
170767,0.28156338488391064
170768,0.06879817880006672
170771,0.05514568232709867
170772,0.09263314470233244
170779,-0.01483929357551467
170780,-0.33862432894309485
170787,-0.00999532373569925
170788,0.3183153134041511
170789,-0.2448338524443665
170790,-0.9452087616545286
170791,-0.08980853829904335
170799,-0.3940718078784042
170813,0.10621390804978872
170822,-0.0929516551420016
170823,-0.22399149116101813
170826,-0.5435033941231642
170828,0.10626014193848046
170829,0.04898599807066227
170833,0.05183757196556576
170835,-0.00448696761841356
170935,-0.5243096414733788
170947,0.21832032236116103
170952,-0.0215546896672806
171095,0.1582107991560575
171166,-0.03204966480310183
171167,-0.01189683008845957
171168,-0.2627977113287411
171170,0.21008730133594655
171171,0.18651953414876588
171180,0.5314285399457149
171207,0.02464186176385695
171209,-0.03323311280585214
171210,-0.11785061191976334
171211,0.05659522074619513
171212,-0.045332280476529097
171234,0.35779153543180836
171281,0.00801935532999012
171282,-1.2071623998300676
171283,0.14410567449305173
171285,0.04881421745903085
171286,-0.2701130024299196
171382,0.3864020769354675
171388,0.2311400105760968
171395,0.4361170059061631
171463,-0.06165227035329586
171469,0.36687134855997067
171486,0.01713473505369458
171504,0.20983197297184883
171506,0.351800723784423
171508,-0.00461762148826963
171530,0.6726090093915325
171531,0.3833788608680688
171543,-0.00766777394825228
171567,-0.16410111486690335
171580,0.03710736432739474
191578,-0.12407951561604023
192113,-0.7615143717491986
192119,0.12583657142808735
192120,0.08157288820402755
192136,0.2773474667941222
192140,0.27535567593019095
192156,0.16268471789223524
192157,0.1349044267966482
192159,0.00368103739617916
192160,0.00921965452944855
192161,0.3482382539443448
192164,-0.09054787019279573
192166,-0.1109210796080681
192167,0.03805931052256359
192169,-0.05155726690789996
192170,-0.1505007397632507
192173,-0.05828162256038414
192174,0.07814661996962204
192176,0.11229259761050916
192185,-0.0678524948525126
192187,0.189329526593014
192188,-0.290169204159859
192190,-0.05745497714182442
192192,0.08750523431077342
192195,-0.08753300440749934
192197,0.42301138030557894
192198,-0.2277606759089789
192199,0.14806022261352764
192212,0.04849272250191609
192231,-0.02821339742728456
192232,0.06992381117498253
192236,-0.03690585787782818
192285,-0.0702943425035394
192287,-0.00136751609429636
192292,-0.05595076653736446
192650,0.08853991524214708
192651,-0.2014815228548525
192652,-0.0144262412248914
192653,0.6979449684443173
192654,0.37130848266407845
192656,0.2152390463021483
192657,0.23089502715031393
192662,0.08975710700449188
192663,-0.02461906902253555
192734,-0.0444068919130846
192775,-0.2689565669089109
192786,0.03074125996641792
192897,0.2852368322791593
192950,-0.06894337927766253
192970,0.09693184086612897
192976,-0.13548034601374037
192986,-0.01007677673193832
193003,-0.252551722613694
193034,-0.42072257967388793
193043,0.214127372989718
193116,-0.0019790342059559
193385,0.04180273405854382
193452,-0.06440171150025521
193670,-0.03072518908051341
193736,-0.03354360209183909
193742,-0.30720569696258965
193796,0.00308841955833792
193813,-0.11402079542496037
194126,0.8919486998005614
194219,0.2974747435284467
194231,0.4791601441234946
194237,-0.21523186389471977
194309,0.0926994332559114
194352,0.3443804535187085
194388,-0.14271638541528567
194401,-0.02002695715893709
194590,-0.04604711845960349
194597,-0.18060705316888737
194655,0.4397107674344405
194744,0.2831099510345709
194908,0.15307742510116662
194952,0.08333884213011444
194974,-0.463610988056533
195018,-0.1043928354300692
195040,-0.07141446685552183
195208,-0.12184470323570187
195209,-1.0393204029822414
195236,0.02232011086606923
195333,-0.6955306262651255
195359,-0.4205811104468463
195522,-0.02148502402871149
195646,-0.36659774138468815
195727,-0.375943881962111
195733,0.40545054308042694
207151,0.1307744558021266
207165,0.08869255034834561
207181,0.47133489019412367
207182,-0.2158132793777525
207209,0.4753972146073573
207212,-0.11327479193867004
207214,-0.09332488409067684
207215,0.09882537901665718
207227,-0.05640413748329569
207259,-0.4779068939001744
207278,0.15852980778008885
207304,0.02161474578674875
207352,0.09286161229661116
207375,0.11459873160771827
207393,0.6084862995121959
207425,0.40544446260191097
207495,-0.2841932582275617
207521,0.16019164670541178
207565,0.0269692288098634
207592,0.42206772181591934
207596,-0.4788754647978296
207607,0.19036972080319972
207615,-0.1042147791643099
207683,0.35555680732799366
207686,0.03565367426721431
207704,0.01061990335241279
207728,0.0517259903421548
207742,0.00167890692568468
207777,0.599677971050608
207781,0.1880911988373136
207785,-0.10699128869199656
207792,-0.9396706064550676
207806,-0.12682390398968785
207818,-0.03191048275606398
207839,-0.0620590533257935
207854,-1.0304484330576025
207911,-0.2492005480198805
207920,0.18699120043918505
207921,-0.3161787524884492
207932,0.3226963243304646
207952,-0.11361999343133106
207958,0.01108544754704418
207965,-0.1502198228228704
208076,-0.7293513881834175
208080,0.00742345344415806
208084,-0.0256555083887234
208092,-0.22337755136970433
208098,-0.15916447499961514
208104,0.27839697064401814
208117,-0.2916263327527243
208144,0.19420144676809104
208146,0.02476605356227009
208151,0.1881872355448455
208154,-0.08538449388494142
208158,-0.11114222382857286
208164,0.6078721239526785
208169,0.2876600347549574
208171,0.5170091705446154
208177,-0.8926931081762823
208188,-0.3381920720238487
208194,0.03408901558302421
208198,0.02623045561365701
208211,-0.2747383647224312
208213,-1.3936668871661322
208228,-0.01588563573236363
208258,0.3898637463909364
208266,-0.0340471976281822
208366,0.3016781723926525
208372,0.7162644904944199
208426,0.40600169073205183
208431,-0.27280320114979184
208439,-0.22601591149069897
208440,-0.25233602328358035
208449,0.11692231323637628
208501,-0.6648755690218642
208518,-0.10763554961962755
208583,-0.5693333932396256
208606,0.01984836786097649
208613,-0.04279795593050484
208618,0.13345334422581287
208624,0.04640058426843861
208628,-0.3571130847042021
208634,-0.04168964399106451
208638,-0.13211738730424427
208643,0.2320526979721675
208647,-0.4376146534860005
208650,0.19812130366879335
208659,0.4375427592374772
208665,-0.21479790532029064
208666,0.4603687008548235
208677,-0.20050215156124992
208691,-0.1165533534337668
208715,-0.01935413179676918
208718,-0.05664216550972724
208727,0.2907154260900898
208748,0.3818242161466348
208768,0.00436298089811417
208777,-0.08187247307812556
208795,0.1548773790884614
208820,0.4510067428157254
208836,-0.16692387551556492
208846,0.32220205753806086
208869,-0.1960608927386818
208884,-0.02233430780477553
208890,0.17689384910262515
208898,-0.6142707430565559
208908,-0.25741610556610217
208922,0.5522947793575729
208936,-0.04770892249955413
208943,-0.17961977351448516
208967,-0.3250401632506725
208982,0.27210866116262333
208990,-0.24743616514024905
208994,0.1175797532631489
209003,0.04473180565022747
209011,-0.01201916019508797
209012,-0.03223872134863339
209018,0.03119046404754094
209027,-0.2962786741953262
209032,0.33532853690695735
209039,0.1984156195229545
209047,-0.11176949138520996
209086,-0.18246268426641288
209131,0.11809830330662652
209176,-0.7714690957006964
209195,0.0950690988044888
209200,0.22639352613784783
209212,-0.00744668952343593
209224,-0.06316128607144471
209225,0.1819684455570177
209232,0.01648294490059859
209239,0.538891607541273
209268,0.21033779337649697
209318,-0.14337394325892414
209334,0.3397383046425786
209354,-0.08034411054153877
209357,-0.09662501727034588
209361,-0.07497339293346446
209378,0.01861853795362617
209416,-0.05277924179393675
209446,0.04373474323604533
209448,-0.09882494795440136
209456,-0.5674376280188023
209462,-0.0390612837719041
209478,0.07730845925420407
209488,-0.05422917651244806
209497,0.03665838452767059
209512,-0.2377450118670539
209540,-0.3366815989833399
209550,-0.3613110534528408
209558,-0.22970936996456676
209584,-0.5585336247309262
209586,0.04055578568924559
209588,0.11413044917295036
209590,-0.355764025381505
209601,-0.02385171648690547
209630,-0.06105147768227288
209645,0.09675065596953944
209692,0.5068809460854344
209707,-0.5001303164252912
209737,0.373705858028762
209743,-0.4359957099646644
209760,0.5197346919635514
209776,0.2544470104980774
209815,-0.06746196936938864
209837,0.05352890142190325
210004,-0.00381165932302063
210009,-0.11452529444889008
210027,0.24187712228757208
210029,0.08719233669812128
210035,0.02137431655356544
210044,-0.03013209623313423
210094,0.11553531737748136
210106,-0.14890007590853577
210108,-0.03394808400344846
210126,0.2198579246412979
210135,-0.05647868130522297
210145,0.10794445625670744
210146,0.06109184518568248
210148,0.28903426015333317
210162,0.34265145489525217
210172,-0.30230564634018653
210198,0.4014840239774371
210274,-0.5992381769218915
210293,0.14583947068238348
210297,-0.6347011433583667
210356,-0.9068343441748704
210376,0.09760952536185072
210417,0.4245479875964816
210503,-0.2893196456839786
210510,0.7327555255356144
210529,-0.1706338464190696
210530,0.06563555023929325
210544,0.07285276935817545
210554,0.6850975816355591
210573,0.5295881988690216
210582,0.1001074804207904
210622,0.12132912695982943
210673,0.36612125218855696
210711,-0.02621521443732297
210719,0.14651015078805427
210741,-0.0304372631334423
210757,0.01520337451679256
210762,-0.5117876252357044
210766,0.05010216866176516
210789,0.0855945777016161
210801,-0.29462901672114383
210808,-0.18075816712906212
210925,0.03680626098742896
210933,-0.03584294855851918
210973,-0.0178965071064808
210982,0.09331348157667804
210992,0.2665258222726064
210998,-0.09975521354585568
211006,0.05050652732931721
211007,-0.1204910571161934
211064,0.05951494208282575
211134,0.14622573929918614
211147,0.637284223389214
211151,-0.09193303147912346
211187,-0.18719446819748867
211228,0.28805100573156217
211232,0.094792952572487
211255,-0.08956213762440532
211286,-0.03738221001665957
211329,0.2213083167934231
211347,0.2043264064896669
211383,0.5073440591013382
211389,-0.2392279431364081
211401,0.11592615640841966
211446,0.3098813401404641
211468,0.5398810507000011
211480,-0.2887429897462428
211482,0.2807059709596393
211484,0.3329791230595133
211488,-0.2002707127666584
211499,0.20529242022531555
211535,0.03146847907517201
211550,-0.1009938762778084
211556,0.35087740859622374
211577,0.7970331536150836
211578,1.0359037772698176
211586,0.04051980587635798
211612,0.6928499577542705
211651,0.2342438660880644
211652,0.37109157117162633
211660,-0.5035100751639695
211666,-0.16183054051701062
211673,0.10812401488922645
211712,-0.08461113783743285
211739,0.34571300309081376
211770,0.09860119062235408
211798,-0.01219508423429013
211896,-0.16861290182082983
211914,0.8052911639742397
211922,0.09682366792075978
211936,-0.30561017184544564
211945,0.12852971410574543
211948,0.26100048210765775
211949,-0.04693476710234474
211961,-0.5173305501857879
211978,0.31208392036754856
211986,-0.11443801935312806
212032,0.1370541046367455
212070,0.3822583969882135
212073,1.4452471060329817
212090,0.02958186484020726
212108,-0.3692165171598569
212111,0.25025100811853906
212114,-0.19183983898970527
212123,-0.0539311822851366
212127,0.3190002377258389
212139,0.07716284752889102
212153,-0.18350773143602744
212163,-0.05991456102625144
212167,0.31149775172499417
212168,-0.0060666661656915
212190,-0.4206371739445294
212198,-0.525221191188874
212285,0.00768314339757922
212307,0.21336915983967147
212326,-0.01501929395685983
212377,-0.07052169441542752
212390,0.3964419845760412
212391,0.07905848610055011
212392,-0.3642413738859996
212398,-0.08785076900661004
212439,0.2135075675509955
212442,0.04555977520099463
212503,-0.19508000265942005
212508,-0.12096171317155108
212514,-0.14426952083324857
212516,-0.29859353268880395
212517,-0.4536057697377314
212518,0.37993553259541113
212528,-0.0992779150659624
212531,0.11244337538042046
212541,0.4166884581195816
212547,0.03325111966083929
212632,0.36803980799096286
212670,0.00810864997231809
212679,-0.2146757277737325
212706,-0.05069311966327913
212712,-0.12633103038049562
212733,0.22537569873765376
212772,-0.03931939346788229
212862,0.08641741746207525
212880,0.0082765654927931
212892,-0.42824036067315513
212898,0.17467571591540523
212919,0.0420449180729108
212933,0.6640678458957151
212937,0.30090437533014136
212943,0.10805431049652432
212974,0.09628990813128352
212980,-0.19720595522468665
212986,0.02171573706673787
212989,0.39935951099611766
212996,-0.00226560156907036
212998,-1.127666203065998
212999,0.3061467546268247
213006,0.29499730731470186
213011,-0.09357948396306091
213012,-0.05031541440402941
213019,-0.10698347141392796
213053,0.03041125048447202
213054,-0.03779958800202642
213056,0.12578161715368932
213068,-0.05667744405263483
213081,-0.1323428158345526
213084,0.3143923272856906
213109,0.089171901406733
213119,-0.00153562972091361
213121,0.02459395683902477
213171,-0.2794047618129031
213208,-0.2782030963892106
213211,-0.01339205541248943
213233,-0.11960731432195548
213234,0.5450094127459774
213236,-0.19030554617145168
213248,-0.4590962707669015
213262,0.7824293684940793
213272,0.30959096752955395
213311,0.8993665447708865
213326,0.06288693693215427
213350,0.16877431648912433
213389,-0.2892918691811308
213391,0.319240208085634
213393,-0.3125310884004462
213402,-0.03578119414846431
213417,-0.754547820573281
213435,0.4271309469570478
213436,-0.29728183096603905
213439,-0.34056011136175035
213449,-0.3166407117094189
213452,0.24220804196444085
213464,0.16346048069517624
213469,0.8906644253920935
213491,-0.2760857147022262
213498,0.0566945131460072
213499,-0.07411762449238524
213522,0.3750067865908373
213527,0.11800985409216042
213539,0.05427842490894857
213541,0.02485797699060246
213550,-0.07745706383925965
213575,-0.1305246254523045
213582,-0.0923629093311862
213603,-0.29707632004474066
213649,0.33893318817537255
213673,-0.11630047302811064
213696,-0.5583280359170566
213753,-0.09265252186012084
213760,0.05737018777674636
213765,-0.6477929597977454
213773,-0.22066027180137676
213783,0.1320192565747026
213788,0.3956795529586392
213819,-0.11315693189207542
213827,-0.09784424506105542
213945,0.42145670412899267
213948,-0.28713820527151723
213956,0.26803721488593807
213980,-0.243852235273454
213988,0.3656031026644322
213989,-0.6365790720629099
213990,-0.07062592950118857
213993,-0.02705681947383927
214058,0.3863540900756661
214063,0.28333662160206025
214084,0.23658892454539193
214105,0.00639077151243301
214106,-0.14430911904678284
214111,-0.0776776140198979
214112,-0.3949811149281162
214133,-0.06113299087938073
214137,0.47056327805029285
214150,-0.01046274596015649
214158,0.5370473339996628
214162,0.2986415489572742
214189,0.13596868344069984
214191,0.5827660800456212
214230,-0.4028877692878264
214239,-0.13074704836256748
214240,0.14501673101006984
214253,-0.4671362287014189
214254,0.14593176806205158
214290,0.04482079717708116
214301,0.3583032757035668
214305,0.37372699584708474
214345,-0.1907817160439788
214359,-0.05669931647725165
214384,-0.34361934571596986
214424,0.1683288712034111
214425,-0.12806852472203498
214444,0.06498801627422486
214459,-0.576405895323471
214469,0.00955207791504409
214489,0.02975884309138712
214498,0.13371553940846836
214505,-0.08318269554347381
214523,0.6894998288555356
214531,0.0132105787591494
214547,-0.14622672972992776
214552,0.05598932536414654
214568,0.06868415551439541
214572,0.01158688786342889
214575,-0.06729009911600745
214579,0.6694418239624734
214580,-0.03269850330490859
214593,-0.02800917795159997
214597,0.03158899001310928
214601,-0.06337898689929156
214627,0.05625203576195665
214642,0.08482302924473362
214663,0.23807049540255393
214669,0.1512759331460573
214685,0.5759733066010363
214704,-0.1581131422149107
214742,0.11021778901678944
214763,-0.0780857710473809
214764,-0.10861003700557668
214766,0.31287895530478327
214779,0.0834843097699357
214791,0.02012306699524062
214804,-0.22139117056325033
214812,-0.3035274342842542
214855,-0.08414397738814586
214895,0.02764936891113877
214897,-0.1088916323135872
214899,0.09442502377067646
214901,-0.2024625882462475
214917,-0.04434405785957394
214922,0.1869896032904757
214931,0.345647198581522
214932,-0.02146985489481782
214944,-0.07290029274323467
214951,0.3833553998780438
214952,-0.01731964147049487
214968,-0.10810658150853152
214987,-0.21679836264264069
215001,-0.04330052641826162
215008,0.10121818163107618
215015,-0.0259314932647896
215031,-0.3618866521276686
215051,0.22860630020552003
215061,0.658595897892681
215085,0.5765624467578822
215090,-0.4344880819904121
215095,0.0452250610259856
215113,-0.09372021713748806
215114,0.3788526366379542
215160,-0.00441748053342576
215193,0.11223394698286183
215194,0.00982003272440788
215201,-0.19252475581337547
215210,0.11942697236003316
215243,0.02584524517237771
215257,0.23486714986491908
215274,0.34995775169899684
215280,0.00695552429861275
215303,-0.35882741850157274
215332,0.2818535905957196
215335,0.04871917103360458
215351,-0.4612892612298426
215378,-0.18163199697174617
215384,-0.10556375359264623
215387,0.08631090881512221
215418,-0.14654674947017984
215436,-0.613818610949042
215445,0.08725692614080736
215446,0.4174484337193517
215449,-0.01998708852899047
215456,0.09279551444576987
215474,0.3806130227072284
215476,0.14465930594593926
215494,-0.14032525103428123
215512,0.10351801846875448
215627,-0.11577475221862862
215632,0.26410746430561466
215641,0.470096893362444
215653,0.05981734189234001
215654,-0.12637894118998166
215690,0.6763321225276496
215693,-0.06889004698828873
215705,-0.10066600743960152
215707,0.1243781364495457
215708,-0.27734890991699124
215723,0.8197251010684479
215748,0.2664887645471081
215751,-0.4505085526187764
215772,0.03657080992465419
215789,0.2322402053919048
215798,-0.5141070885999192
215814,-0.1718174998099457
215819,0.03028684422449176
215821,-0.33114643433706836
215854,-0.35238455800780943
215855,-0.24104738832097863
215890,-0.24288847926703225
215900,-0.1162567034211118
215929,0.09477213687694548
215951,0.26179243550533843
215999,-0.13197336860961328
216001,-0.00506528345510313
216011,0.2627936714162755
216019,-0.4886740265046214
216021,0.327964982302414
216028,-0.24166167839255673
216033,0.4793774048677955
216049,-0.2162549281123527
216080,0.8211861097184829
216119,-0.24667682010845848
216131,-0.02847482910808449
216134,0.02359010818847332
216136,-0.03015308646255128
216148,-0.2173073486892736
216150,-0.13300102114223278
216151,0.04839618297235888
216154,-0.05351652368754917
216156,-0.02178330661371708
216157,-0.17797581928391645
216161,0.24492933845369333
216169,-0.2355030462599874
216188,-0.10946282436041546
216197,-0.6596393884640348
216198,0.00844719957516321
216227,0.15715761466344666
216233,0.28019947461072015
216238,0.04704453214926329
216274,0.25289856478402817
216285,0.23057803361001783
216292,-0.11427671463948248
216343,0.4237502249527903
216344,0.3817972334608526
216345,0.01249870985396087
216350,0.08107633926117333
216363,-0.07352416963375774
216393,0.3039300315672616
216395,-0.0864958406557714
216438,-0.07956953028776453
216439,-0.00897199281522349
216440,-0.0057662323209027
216443,0.15376254483407037
216445,-0.03964610699429705
216456,0.21978616903568837
216459,0.1218699086857784
216505,-0.12821732238899852
216516,-0.10059249239747294
216527,-0.03430648557535673
216543,-0.15828192943529784
216549,-0.02991159450259802
216551,0.23374815929963316
216558,0.01236959994328378
216560,-0.05597523855926801
216565,-0.3371216471633217
216578,-0.2627170065323779
216613,-0.4485064624245136
216618,-0.14488716606555124
216643,-0.11751574699032702
216705,-0.02239095397593874
216724,0.17161047728205447
216725,-0.31789682167959177
216739,-0.19389497584214424
216742,-0.08708412579310648
216749,-0.30863629784216334
216760,-0.11480365673876997
216766,-0.00862306480760582
216767,-0.22487595557693957
216781,0.28497708075957773
216792,0.2635291541005947
216795,-1.1249229517165582
216797,0.14048746286887517
216799,0.14429979657019232
216805,-0.18595611687052588
216810,0.16220252397645687
216820,-0.2371541899959066
216821,-0.0892113440192436
216825,-0.3801187507533869
216831,0.4169683343546575
216835,-0.6530251800092344
216846,0.25973578379390405
216848,-0.01887212917146919
216850,0.10642323154180168
216853,-0.07231285438684412
216856,-0.8316880372514119
216858,0.03548564924132423
216859,0.03548564924132423
216860,0.04214423688139707
216867,0.2281651757376868
216869,0.11034532050670096
216871,0.10228648129372814
216873,-0.08741161121609116
216874,0.02490627451586701
216877,-0.16578203440836942
216881,0.07884635046890529
216892,-0.1483983560244444
216961,0.9039495867761852
216963,-0.02853544843456803
216964,-0.15588563273946832
216965,-0.01309595442527401
216971,-0.23961530602771175
216974,0.14699452492024662
216987,-0.06255735368524648
216991,-0.04327213704184701
217011,0.03880243398113604
217012,0.06022022742926945
217026,0.10095016486191634
217031,-0.4245974035505507
217038,-0.20109999003452425
217039,-0.00915383624813115
217057,-0.25998873303192915
217069,0.02694110635063998
217082,0.02915404046392389
217109,-0.3782854648184299
217116,0.34685806078044057
217119,-0.1108671616396782
217124,0.15026334450202208
217125,0.14031744559179218
217127,0.05116356360517987
217138,0.11688348887632384
217140,-0.12556690084685151
217143,0.2567964482541711
217149,0.17637190523448304
217151,-0.12062311317277528
217154,0.39431684862705263
217166,-0.2516580554915976
217169,0.3253582104001591
217194,-0.6178222938847866
217198,-0.0354414651118599
217201,-0.04698568142043008
217203,0.12253011383743276
217207,0.1450233216606357
217212,0.19649527229920624
217214,-0.0688184986865342
217216,0.259253969686041
217217,0.2542668199376452
217218,-0.17016796407601867
217219,0.09937637225036196
217232,0.1474606295691963
217262,0.09694780614499114
217265,0.15455866721194472
217302,-0.80906488310533
217303,-0.17392018838190043
217304,0.01722501639169046
217306,-0.22889977162973063
217310,-0.0494553078880913
217316,-0.2659937454435397
217325,-0.15268769089044618
217331,-0.13443381900954648
217333,-0.46890924618594737
217335,0.1637507051892535
217337,0.05030933172964677
217340,0.3217066233349809
217342,0.11117715758107288
217344,0.138558014059582
217351,0.11127489968584511
217353,0.13523876628391407
217356,0.14997985516894033
217364,-0.0365701468018027
217365,0.00696831130332204
217366,-0.16659176978153817
217369,0.00496531340033187
217370,-0.2037360128874795
217371,-0.2770461067161421
217378,0.4688181142853328
217379,0.15037280593834462
217410,-0.05525135955924566
217430,0.20378439504109075
217431,0.0583769842707182
217449,-0.04401331028500029
217463,-0.03786897597273864
217473,0.5197292979655947
217480,-0.01105034285802612
217517,-0.3714131588384396
217558,-0.1800400981699251
217578,-0.00910375863231267
217588,-0.296858545168825
217593,-0.04629454011914799
217648,-0.5080044054311107
217653,0.24211586229431992
217664,-0.1205125099330449
217666,0.1944452477888392
217682,-0.3900199643996702
217684,-0.00245569318404108
217692,0.041423425862931663
217695,0.2967134525449318
217705,-0.10934066388885327
217707,-0.48345986924064993
217708,-0.05814980179581203
217715,-0.01491872236186963
217716,0.07385222810793285
217718,0.05827969729550571
217721,0.4472486424730097
217732,-0.4411759670991426
217733,0.400119709446994
217734,0.4107243767929139
217737,0.01617707780154747
217738,-0.8659911911994033
217779,-0.14892100437515504
217826,0.1718977899998672
217827,0.13183879268791776
217830,0.08001629026488098
217835,-0.1454299423719272
217837,0.14523786652775927
217843,-0.19535264150226003
217847,-0.1691395205707535
217864,0.1436826533168001
217866,0.3530861129336708
217869,0.0991470245055302
217882,-0.03924092742690145
217887,-0.15195063390829547
217893,0.21262398406325664
217935,-0.0162715918114163
217944,-0.28227988588815917
217946,0.12273690261242837
217951,-0.7733158720134087
217980,0.118567626054732
218030,-0.01197035050121505
218035,0.2204361397058765
218038,0.2990540058701403
218066,-0.3941565853012886
218100,-0.02478942200437678
218103,-0.21047407975782528
218121,-0.08461090796790291
218138,-0.15769188052125696
218165,-0.12585738781420797
218194,-0.01836074409232711
218203,0.19327034861584672
218210,-0.08521456734549064
218215,0.2025023729506999
218232,-0.06526471022122635
218236,0.05545784922010838
218268,0.13135763990560062
218271,-0.12420312776893844
218294,0.09255753462739764
218314,-0.3312557437569611
218333,-0.07797155875472987
218335,-0.07869077275710623
218341,-0.4958939573537112
218343,-0.2013401154689492
218397,-0.8436728577535011
218440,0.31777419395756645
218441,-0.09787408749870743
218442,-0.24881849408193651
218454,-0.10300511919521022
218460,0.3392119610016271
218461,-0.05212527348468181
218476,0.4987004695201422
218490,-0.0206504691191705
218503,0.01140012142932325
218506,-0.1369285010803876
218518,0.5253009077563977
218543,-0.02759211804347477
218544,0.00956560153819055
218581,0.2932262360776853
218613,-0.08233430489264795
218624,0.21332056439116423
218629,0.15277578665161562
218630,0.09775687351905156
218639,0.1210303059657692
218699,0.02563866789441037
218734,-0.00696842827358732
218739,-0.42117907786670306
218756,-0.06250685253655441
218763,-0.4642012778136187
218772,-0.28506850593606503
218793,-0.1900119305249477
218811,0.01588104742711466
218820,-0.36720383804866136
218832,0.2849823779402131
218850,0.1697739634846895
218865,0.2940638468529998
218877,-0.20423097553847108
218885,-0.03294019387506928
218914,0.15036699004209564
218952,-0.29750807753744657
218973,0.20812393389502332
218975,-0.2494458050034828
218977,0.4630922174524208
218989,0.08657691632365488
219022,-0.06942445591737462
219024,-0.2960255131450984
219026,-0.6494620050133771
219038,-0.2799421008161989
219072,-0.09433087270471148
219094,0.09130088904593198
219103,-0.2432702804806705
219105,0.04484752736325784
219114,-0.44743921455538327
219132,0.05275744503086445
219134,-0.17994801008108038
219135,-0.03876307940431774
219140,-0.1494213336701264
219144,-0.3112928355061258
219148,7.948046113164936e-4
219149,0.07641078082216066
219150,-0.1275000220397992
219158,-0.09453008794326138
219170,0.8039564433757858
219181,-0.05334553754635049
219189,0.30193836915662897
219228,0.536936608540499
219249,-0.26737302571256905
219257,-0.7185152334849902
223227,0.4989898058873985
223254,-1.0496288465850334
223255,0.00486567893285994
223267,-0.06991770211532336
223272,-0.5636511204618698
223332,0.1956361841803457
223433,-0.3334802953560765
223435,0.34540900529666047
223455,0.10702314242973082
223473,-0.13824830504740945
223499,-0.00666029769391525
223513,-1.3235745474956255
223527,-0.13564277216369064
223593,-0.0325256644299219
223601,0.5874852160483265
223604,0.15288465676047602
223626,-0.24702574537645663
223646,0.00816810833870864
223648,-0.10326669405274272
223658,-0.07960152865823761
223664,-0.10824416765510007
223665,0.06294552779449568
223666,0.06294552779449568
223669,-0.09643023731181705
223691,0.02133826527509053
223693,-0.00465991345520964
223696,-0.0737014314008553
223697,0.05567882484946561
223701,0.0513886262733047
223722,-0.04903452590786239
223723,0.10995883279012428
223726,0.3236857334456561
223732,0.1419746485136421
223739,0.12334948071641344
223752,0.069051180659921
223753,0.04327844826070925
223754,-0.01061114861328491
223770,-0.09677757773421423
223774,-0.10453871259885092
223775,0.04318666719080898
223780,-0.12769376069169922
223825,-0.489439247767246
223827,-0.02601235527544635
223828,-0.12902276963199216
223838,0.911685275720823
223843,-0.36376295734864794
223864,0.1233103619700024
223881,0.07573826941765086
223915,0.14924769541635174
223917,0.01781268837654015
223918,0.22950099538310176
223920,0.02521222886873143
223921,0.12461274165980583
223970,0.19916473957811168
223978,-0.01773358897384797
223989,0.16372189338902712
224008,-0.04545823323332249
224014,0.5844916945379436
224020,0.00560587712538674
224022,-0.6207867338903874
224023,0.25809011227424183
224024,-0.215189405329746
224045,0.04796823467079764
224055,-0.03358284194588688
224065,-0.01739584161080385
224079,-0.4288492411868703
224088,0.2879461900806746
224090,-0.4692011649251554
224092,0.05005914552390818
224093,-0.13819436448787611
224105,0.133389862926017
224109,-0.03075935886513438
224111,0.1918798282672818
224116,0.1657805335933141
224129,-0.6262891475917081
224132,0.4203818478804338
224139,0.01159414903506787
224143,-0.2079034580493429
224171,0.22260745234933735
224224,-0.531186242446539
224250,-0.04033619355428378
224344,0.15134069926566415
224405,0.6038200679384639
224419,0.512406068612655
224440,-0.08450495937214272
224480,-0.09331339281596432
224481,-0.0940345556659165
224585,-0.13453303436769312
224613,0.2061713299713941
224617,-1.6257699082974093
224619,-0.01508040108085375
224624,-0.10152755907864353
224630,-0.04233762008154793
224640,-0.0643518822219187
224647,0.07466430680576025
224648,-0.10666935169084232
224650,-0.08212806899528462
224656,-0.2390195357535093
224661,-0.6402956935773043
224671,0.1705917487983306
224674,-0.11823026383902804
224697,-0.4787223786289262
224703,-0.0320924138068038
224705,-0.06928628032981109
224727,0.11744106372396217
224742,0.02559632881135262
224762,-0.6235711989108501
224792,0.5552702617020412
224794,0.02401894354213672
224796,-0.07691323101064301
224805,0.06547659355769112
224807,-0.0135120300554502
224813,-0.07942636858640814
224814,-0.23002028284230844
224823,-0.01184110419084904
224824,-0.0950414455196956
224826,-0.38414742216619147
224829,0.27832859654596037
224833,0.03589012771515489
224836,-0.23627920631851607
224840,0.10011925308262722
224860,-0.01735702736143848
224897,-0.30367577097038356
224902,0.0030438813075219
224903,0.01503572147962125
224904,-0.10687744466844454
224907,-0.11206715959058072
224912,-0.2467609447644009
224938,0.05655142745589089
224997,0.05328924174094429
225004,0.26467329753403995
225010,0.0776009226822688
225020,0.07366808817152465
225027,-0.2376964826304633
225028,-0.2074722736052775
225030,-0.06243918644302966
225049,-0.04641440855457645
225055,0.10241131444762366
225115,0.1996783183796644
225131,0.02513284509339681
225152,0.27579296982227774
225160,-0.2533382321727603
225164,0.14161878956837254
225182,0.04041560927400553
225187,-0.6238069736314026
225192,0.00585741542350852
225207,-0.5832171706733945
225215,0.17833424594155478
225266,-0.22133655205419053
225283,0.07335949164804112
225289,0.5199464037953736
225326,0.09893534963386652
225339,0.02793619657657407
225341,-0.28759627508219
225348,0.00476393896884376
225358,0.18217008745093596
225362,0.4345603885677569
225363,0.08051903831227736
225372,-0.08352318690213899
225392,-0.1533951783378999
225432,0.2477496550949808
225443,-0.870045768337207
225467,0.12498621549029865
225497,-0.6573644625248272
225518,0.05708382579150607
225523,0.28052456950596094
225579,-0.23337337144555417
225600,-0.2802416562246591
225608,-0.6431615580945869
225631,0.3026312115390452
225638,0.08770952905577784
225642,0.1121052456682599
225644,0.5022576636303615
225651,0.21809129944470887
225655,0.20528230533519637
225659,0.03283063444226777
225724,-0.3714423505977162
225742,0.20011423221588576
225743,0.14860048199568004
225745,-0.16639469127804396
225791,-0.06730799718157592
225825,-0.02422999791067309
225845,0.03345660644460731
225849,0.10063713399591032
225861,0.21534321906329265
225865,-0.12369104856316132
225870,-0.7761601886079665
225872,-0.01979071423227304
225875,-0.17661969701643693
225876,0.4905875663319452
225888,-0.38045129600242983
225895,0.2334907737215049
225896,0.02477228568955069
225898,-0.02271781962801516
225908,0.08785096347668629
225912,-0.0145709349663648
225913,0.28242896161852227
225922,0.05259612455162813
225929,-0.07411921900363617
225994,-0.24352266878301615
225995,-0.16306833896606945
225997,-0.2734728586188512
225998,-0.07640859278821116
226016,-0.12865313052907176
226025,-0.09638293947713512
226026,-0.11319597853960096
226040,-0.35868015995450964
226041,0.5076649152453874
226049,-0.26202937253473346
226075,0.3687756189663809
226089,0.21013596271144008
226090,0.1501945747476724
226098,0.11017808880317465
226101,0.13584971364221274
226115,-0.5993450400747178
226122,0.12031716994691392
226123,-0.0109522513091073
226139,-0.2119950092566213
226144,-0.183747976914936
226151,-0.17047552579869818
226153,0.27442805266012976
226154,-0.12210566273500356
226162,-0.07346371943198601
226169,-0.3459435408024607
226178,-0.03011765621492846
226180,-0.17633193525509971
226182,-0.01304249067814336
226243,-0.22349555301706547
226245,0.31502598811255444
226250,-0.32772535218226634
226251,0.22262874476318673
226252,0.02134833615590583
226255,0.5679677104630472
226265,-0.11537599644165931
226278,0.22184015428065212
226304,-0.00298080723316331
226352,-0.0812519454826765
226359,1.000372004357441
226407,0.15183144608639518
226409,-0.10242701822753908
226412,0.12538662694893823
226413,0.16118823425650372
226414,0.1250491822029069
226418,0.1821318236664224
226419,0.3276969498787428
226422,-0.14177986702546225
226438,0.980380847465982
226442,-0.13700111883213306
226470,0.0650517379021073
226499,-0.21631697956118717
226517,0.07776985043411622
226518,0.13709703592380254
226519,0.1569046561559264
226525,0.22183304655739575
226539,0.2062351399857159
226541,0.27870975415179733
226548,0.06405241958842359
226551,-0.33477720990459614
226562,0.03102607436469646
226564,0.39976405101177814
226591,0.00231997063314742
226594,-0.004473522617572
226610,0.2009788960969988
226641,0.1673132450810643
226646,-0.1834049274987103
226652,-0.04981803466151017
226654,-0.06577292012896807
226744,0.1965799607497679
226747,-0.08498815578754602
226751,0.31026681519728383
226757,0.16817261662283223
226777,0.22716481186732757
226778,-0.9278844161607896
226781,-0.6924144534819534
226791,0.6654931000688431
226823,-0.17080882343014492
226841,0.32799278237325924
226844,-0.40113895195862825
226849,-0.07729765669350888
226856,-0.02980521427831416
226861,0.5019254306292538
226866,0.16870853207863917
226896,0.4709118285352057
226922,0.02996374327174883
226970,-0.06042786117804952
226971,0.03298881536121458
226976,0.165653902871286
226977,0.2462474723518372
226982,-0.11945851867606185
226999,0.26456447289567553
227059,-0.10215954253977236
227094,0.08858032828883503
227095,-0.03055895858256622
227099,-0.1612344176283876
227102,-0.06019306175983779
227120,-0.6031042761109672
227154,-0.03897176379036103
227157,0.24008718393120865
227195,-0.07548725696740796
227197,-0.01367682452238553
227210,0.4271804538838402
227231,0.00869592008232872
227288,-0.2890979678497758
227289,0.5335316311505333
227290,0.08764415509559792
227292,0.05436755224677946
227298,-0.04222321396852137
227325,-0.41344026244551935
227326,-0.00257673831071344
227327,0.2446956916681142
227331,0.15634080100594133
227333,0.01849410222559193
227334,0.02871434648158676
227357,0.07446744345137962
227358,-0.11045617532182936
227377,0.6049093205641602
227394,0.10532959186465354
227399,-0.08238684739875543
227449,0.11641517297082923
227485,-0.21948086619460083
227522,-0.04564130461106062
227525,-0.04043220420849623
227526,0.31682609186536764
227541,0.10112896672525612
227545,0.19047105220784455
227606,-0.15996121982966413
227612,-0.08370405551110935
227615,-0.0998318315871998
227618,0.211222713824994
227619,-0.04684699324916829
227620,-0.06196644564777946
227622,-0.07699401665585534
227624,0.01991118810252065
227631,-0.00723767833363906
227632,0.09083313468982863
227634,-0.05851322165632812
227638,0.42989969078922075
227644,-0.07232532531587964
227648,-0.01670080211381144
227656,-0.03897742510814809
227659,0.00133257146345439
227674,-0.04624185215394445
227682,-0.1060906590953204
227683,-0.14178950114847882
227693,0.03991739031036241
227695,-0.04910072676925875
227696,-0.0849441267246146
227697,-0.143712077962332
227699,0.06928481402462372
227700,0.03021608231894948
227707,-0.09225475317143092
227715,0.02353160728340474
227717,-0.46871501389875114
227720,0.9564861612828056
227721,-0.07178372644453361
227723,0.1866561374808236
227731,-0.04586923849548476
227733,-0.22340484120150508
227736,0.02218004760915593
227737,0.04659370951136661
227738,-0.1659827664315802
227743,0.13873944465017118
227746,0.0216719938843039
227753,0.1532947142583418
227800,-0.7502578504254436
227801,0.08002033751896785
227835,-0.12464545584125276
227867,-0.06164683482775406
227929,0.00100525974317235
227933,0.35011159156506144
227937,0.10629120913064898
227960,-0.34327373079354523
228003,-0.4436241947905011
228005,-0.5131188935455702
228012,0.02039867050930346
228019,0.15437722833139716
228026,-0.29755991322555375
228033,-0.09133922008177016
228061,0.11412492784856904
228071,-0.2630944742208325
228094,-0.4621210324131608
228136,0.1145902359515982
228140,0.476077810380616
228355,-0.04542006652347576
228356,0.5832585816748821
228357,0.6109665881852215
228359,-0.02697486909593926
228361,2.515667799253829e-4
228366,-0.13606845862483874
228368,-0.03078051226453634
228410,-0.15067271273478772
228413,-0.235351273092687
228421,-0.20048553361920235
228432,-0.1221463883029612
228482,-0.21347457139551387
228491,-0.2428042069092059
228536,-0.01168964833027519
228543,-0.263601949527133
228545,0.01677515709971585
228550,0.03504316652011569
228564,-0.326417932369111
228576,0.09228538675033844
228598,0.45932751646320935
228602,0.11205168500343544
228607,0.0831157637099071
228608,0.04419406079168435
228662,-0.17658926748184245
228677,0.4648962249973143
228714,0.10748288828211217
228731,0.0880050255984286
228756,-0.2522620298933698
228765,-0.04991373310714113
228769,0.07901810624279897
228770,0.42371119309772687
228775,-0.1440214510352109
228777,0.05724255148008436
228778,0.6192426813097147
228785,0.5835572288974247
228787,-1.3822862895534302
228788,-0.1570090061296553
228790,0.02152918789187501
228796,0.07713437660176331
228801,-0.11416958088130404
228807,-0.07502035005111243
228812,0.05301163209649424
228829,-0.07211792321522709
228836,0.07201053118772656
228839,0.29368097736807064
228846,-0.09746783708956384
228850,0.16022887819085696
228852,-0.04297467749136033
228858,0.28824846926848235
228859,0.06442124369382031
228866,0.08868452400539496
228869,-0.1467780261396499
228875,0.08861486996120665
228876,-0.05052959867222198
228880,0.23733474774759877
228911,-0.7819581221486018
228913,-0.01131973415931356
228942,-0.7780895033671801
228960,-0.16488882318141368
228961,-0.13753870248756236
228966,-0.02417849133508235
228980,-0.2077043859069154
228983,0.08105917908706703
228993,-0.04533502825551178
228994,-0.02025694143896879
228998,-0.15997166479029634
229003,0.06241637744609417
229004,-0.04634576077307564
229007,-0.06374137754578264
229011,-0.01763786661638257
229055,-0.2828744051312506
229096,-0.19874702109179376
229211,-0.02393139836721788
229214,0.01087569923367437
229227,-0.4432358668824794
229228,-0.15795433555329202
229277,0.19707924196215
229279,-0.02811304768733401
229285,0.15795281376193146
229302,0.06288378759201103
229317,0.2735539751815744
229320,-0.0635164800489026
229323,-0.02534639476039375
229357,-0.0789516887829443
229363,1.9507808426596704e-4
229389,-0.393218985068699
229445,0.07066907401777528
229473,0.01016049753671552
229474,0.15199957657306157
229487,0.03507119214667988
229488,0.06509760091648199
229499,-0.1753204979733629
229503,-0.16852734909898265
229504,0.05057255454808404
229512,0.02261453185369013
229517,-0.4002661821042921
229521,-0.00712926659686098
229524,-0.00139981967508875
229534,-0.0147352557746618
229541,0.02661513933088475
229542,0.4017621313408983
229543,-0.22847803914394232
229562,0.00528174909494118
229574,-0.4107714509535541
229584,0.01281483563672054
229588,-0.31413239725934383
229589,0.2217962856639141
229593,-0.02117462890064554
229595,0.14751114196641754
229599,0.40705128020802006
229600,-0.02501788091146039
229603,0.3229929789347892
229615,0.3382457958469241
229644,7.803082081518711e-4
229658,0.00484331844552019
229663,-0.00757873028223945
229665,-0.08888393875445265
229672,-0.05584523669007509
229675,-0.19778155829953117
229681,-0.14351994474198496
229699,0.47401203284679994
229700,-0.12818610063264646
229706,0.02531770393800617
229707,-0.01472298623705
229709,0.12223634498930594
229714,-0.16420663808778335
229715,-0.3549733791911374
229722,0.10540389381668697
229725,-0.08367694161010698
229731,-0.06906736359707158
229759,-0.8505292826782078
229776,-0.4322934171024949
229780,0.09251695088616876
229782,0.03436758082735339
229801,0.3851381089369047
229841,0.15871498862190486
229898,0.088656308113221
229900,0.3139101676232893
229905,0.10193328841073283
229906,-0.07020494491204933
229933,-0.6343890317842326
229937,-0.05317831550866327
229949,-0.7433278105978345
230025,-0.3889400509324122
230027,-0.1617598142998926
230073,0.05117159960665195
230075,-0.108340374134376
230082,0.06409383223188397
230085,0.04741958574253191
230088,0.15360963036209033
230098,0.11079063109565204
230099,-0.39332356565708915
230101,0.03709795568503131
230103,-0.02632260288126937
230119,-0.12780877336080315
230125,0.04562688605115225
230126,-0.35316090418005053
230145,-0.00179309499188125
230157,-0.3459802118799154
230162,0.12396766506954124
230163,0.07924646443560625
230234,-0.07481086081730078
230235,-0.11197858079565932
230249,0.22137482207206688
230257,0.08115380797890288
230259,0.2466892887210114
230279,-0.17606166700369202
230316,-0.2686557611640101
230376,-0.2284942141195117
230379,-0.0717802187056944
230393,-0.19400757415137004
230405,-0.3635070408077656
230484,-0.08028488169398248
230558,0.15184798040119396
230576,-0.29807443119940535
230577,-0.11992016768001496
230579,-0.05413706310185087
230582,0.17346318492855117
230584,0.02276179413055749
230587,-0.2730597248837732
230590,-0.09651836187939908
230594,0.04341257866195822
230596,-0.0794322571085101
230597,0.744332749800128
230598,-0.04541245905464748
230603,-0.103365072669521
230612,-0.8495886318158095
230648,0.01786870481751996
230649,-0.46560851425525096
230654,0.32205213942857425
230657,0.1618285840422024
230661,-0.2416443226271216
230673,0.1122599409201714
230674,0.15384653735888143
230676,-0.02244476909486871
230678,-0.3643951700179752
230696,-0.1158828360552907
230700,-0.01912157456620306
230709,-0.00186244260014155
230718,-0.12395562097722436
230721,0.06487624216528794
230726,-0.2542579484935979
230734,-0.04715507623597239
230735,-0.10389057915158913
230737,1.4703536041060783e-4
230738,-0.2147188042875237
230751,-0.4256831295932083
230752,-0.12661790695216574
230753,0.01973612221593055
230757,0.22480685965323943
230761,-0.13946198516116654
230766,0.35458291679600906
230767,-0.19703769973707463
230770,0.24475643606811043
230775,-0.38300526852441086
230777,0.17829079871618683
230779,0.6515703259297745
230784,0.01397649587359277
230787,-0.01393985028263149
230789,0.02079381003505278
230793,-0.02792063885187957
230796,0.3227279763159824
230801,-0.05429610845057116
230806,0.2883965822782429
230809,-0.08458218147913345
230815,-0.3715029368611123
230822,-0.12413821807483232
230824,0.1277691008778137
230828,0.13061412659366853
230837,-0.21736071739155904
230848,-0.04000057949364296
230857,0.10761674561532414
230861,0.2988891357693239
230863,0.03849897000847831
230866,0.2810994380524804
230868,0.19562209369052583
230872,0.29219585822466426
230883,-0.14349376879609776
230895,0.26241784039910193
230899,0.16004615848502185
230903,0.1892955529262564
230904,-0.03052526457192251
230908,0.00483459917857529
230909,0.4914952338783357
230917,0.03508254642166566
230935,-0.13443757472912288
230936,-0.03284200537693159
230959,-0.1699263693339214
230967,0.4341565557658883
230971,0.7625311004365505
230972,-0.36829273896984466
230979,0.03912716966547963
230991,-0.02916115766109401
230996,0.06257125531243556
231002,-0.04892838880727188
231003,-0.04892838880727188
231004,-0.00864749583050401
231014,-0.10196097827846325
231042,-0.3235054135570611
231044,-0.45777524488578514
231050,-0.40491920356034294
231051,-0.2207745469327902
231070,0.2702285617057974
231086,0.09504595991831068
231093,0.2216711411136814
231098,0.1386834772554328
231103,0.7726304883218349
231123,-0.12002142669885596
231125,-0.06313896120001959
231128,-0.00239325912621654
231130,0.09255031852768988
231134,0.4991767491406207
231147,-0.12375354841961178
231148,0.5289660203628997
231151,-0.3858373213579044
231162,-0.6701757616446831
231207,0.33312005506379844
231214,-0.17246006739958433
231225,-0.03855437437128824
231238,0.3328502971638591
231252,-0.15290160808830444
231279,-0.26901441936892406
231290,-0.00892180591244599
231293,-0.6500042308868663
231296,-0.434848325136462
231326,-0.21865608346135196
231327,-1.8467759071292417e-4
231329,0.1185456731193586
231380,0.32904778030529835
231382,0.0884817908679446
231386,-0.034956589012635
231413,0.05139690959482541
231430,-0.3190084190479716
231440,0.499715209871975
231452,-0.09834905617224614
231464,0.06274101726785969
231470,-0.1372588985383182
231474,0.5587128666770426
231503,0.05193764536077082
231506,-0.24151132856618815
231507,-0.05194907598216738
231510,-0.17447273150924958
231532,0.2823606538695596
231549,0.06353795059498664
231571,-0.02660003421288271
231580,-0.03106882901602168
231583,-0.6323691130027582
231600,-0.00902143696213853
231602,0.09984738053728968
231605,-0.04430229284759954
231630,-0.04026124436383585
231633,0.7740025992289583
231637,0.04055267895846114
231642,-0.19162031565175447
231646,0.19639368190860368
231655,-0.02102641084905436
231659,-0.0748084352402917
231668,0.01839295670239134
231670,-0.11486767105358275
231672,0.13854435177605284
231691,0.09325723874024662
231712,-0.11710195062021338
231713,0.06179964662724634
231717,-0.16150100061144104
231724,-0.3869931013426597
231727,-0.1129008465279511
231760,-0.3678877308592272
231769,0.0589383807004003
231798,0.11670838656257589
231801,-0.2046386875497201
231803,-0.05131845304902342
231805,0.01993459046787032
231807,0.03879416975316989
231821,-0.02141620470086849
231830,0.3353399885254088
231832,-0.16243147299883842
231834,-0.02676145268387572
231841,0.0585198910281705
231842,-0.02651330248468184
231855,0.0947542098593282
231858,0.2673461444057286
231861,0.07739444035476685
231863,-0.3116097672784049
231866,0.9009140634290708
231868,0.06730786659237853
231871,0.11633996043102456
231872,-0.07978977762468512
231876,-0.28927870194967104
231887,-0.14840092931693688
231903,0.10896498304393212
231912,-0.18370429537371083
231915,0.02353357806628721
231931,0.02498842734707569
231932,0.04840614134625713
231946,0.47640821331048566
231986,-0.3376992228766782
231997,-0.02996673293517314
231999,0.03653967669928168
232016,0.1868401990861782
232023,0.04616064246163595
232035,0.4584791940784537
232086,-0.07069568919423797
232087,-0.01245604786019277
232089,-0.0837963305898923
232146,0.33557960186940305
232156,-0.07267460800771593
232157,0.06889594602103177
232164,-0.11220580728259974
232174,0.2503932846992355
232187,0.06889210680767299
232196,0.00885711607650105
232201,0.04430006789084712
232210,-0.11348213211553358
232223,0.05848965006590559
232227,0.07854145226634361
232232,-0.1776178995469255
232236,-0.1025728233826512
232237,-0.06433670646755445
232286,0.05149803169784536
232288,0.5358985511893523
232313,-0.2336069918054624
232314,0.08048266132448945
232333,0.48534361827735784
232334,-0.07751055423276992
232337,-0.11600683799180948
232339,-0.01180198045988725
232341,0.27031287328361353
232345,0.11581351861810714
232370,-0.2537163988286869
232371,0.7738593203361062
232413,-0.16336988008486938
232414,0.17645790313442583
232430,-0.01946547396548197
232440,0.02976599862052744
232441,-0.5265475380826139
232491,-0.1814548107841299
232493,-0.11591517128862716
232533,0.35735794205505955
232536,-0.1027928987822594
232539,0.15904131578167086
232560,-0.19458329186563933
232566,0.10445727924387783
232585,0.6947777523336411
232664,-0.14909720567172102
232670,0.08747159291624199
232679,0.13984122309450625
232680,-0.22344408546957809
232714,0.13320562879406345
232717,-0.18300670486835208
232748,-0.12586980307692164
232784,-0.07543278779431471
232790,0.2310268160171669
232798,-0.05455612257314849
232801,0.082568822762614
232807,0.09254146428957656
232811,-0.08246554790114446
232813,-0.302222552023827
232816,0.01527021536059725
232821,-1.1695354870292167
232827,-0.32573899134862505
232836,0.2359173397926159
232854,0.11165498331039107
232875,0.07081452518442116
232878,0.04526670166701142
232879,0.0741905690756694
232889,0.18709958200366855
232906,-0.03068405516677114
232910,0.00387386903994584
232925,-0.05683536282537943
232934,0.2802790099788718
232941,0.03997446021251841
232943,0.09079114556141492
232944,0.1877461388456378
232946,0.7666556477520838
232947,-0.08528780593509891
232969,-0.07394589441293696
232970,1.800971776870844e-4
232973,0.04250721376142735
232975,0.1560955915575765
232976,0.1440470707218694
232984,-0.05149614649596088
232987,-0.107395867541575
232989,0.19629112272397817
233011,0.07716419156090237
233016,-0.02806836561737903
233020,0.2205511792549268
233033,0.02975564595522889
233038,0.05271644467382726
233040,-0.4039598280445939
233046,0.26819870131414214
233056,0.36290209142880775
233058,0.2605621605387651
233060,0.2701729730476574
233064,-0.11720385677260704
233065,-0.01106217110505672
233066,0.07850654522122869
233067,-0.6621304130958169
233071,0.3407812007401834
233073,-0.05494020632540977
233079,0.6283664893671392
233080,0.5253129319724963
233081,0.5253129319724963
233103,-0.04078764936269305
233107,0.07274649577987216
233115,0.00448449712246097
233187,0.374311380363874
233189,0.2888935745690731
233199,0.07301976477230086
233204,0.09457830724186891
233208,-0.19057765115666825
233210,0.8732672893224107
233246,-0.36696740452267734
233271,0.19332852659347005
233276,-0.09284495252731192
233280,-0.02757939233710257
233315,0.19034673701652455
233328,0.12232081100107352
233332,-0.12015935753341908
233335,-0.16652783316384617
233405,0.03815294843806489
233406,-0.2611372889799794
233410,0.04525081768620444
233424,0.23414375308634572
233489,0.06313519209646534
233490,-0.10439360359357396
233529,0.00976552163162229
233532,0.16002095463525626
233537,-0.09447154311981874
233545,-0.03121175258886806
233549,0.0997742988486698
233571,0.1041979133552006
233649,-0.5127066951372248
233651,0.4745378692165316
233724,-0.19269176621565703
233726,0.17502737361927054
233733,0.28270668134489485
233744,-0.4319305223287848
233752,-0.05076039331516935
233765,-0.32413509236234694
233781,0.05927365863441644
233789,0.0352566652132049
233799,-0.5409200366357729
233801,0.00530769724537941
233802,-0.10591706968975163
233805,0.05495100622199864
233806,0.04136661133485263
233812,-0.02783435055546506
233824,0.01690115197716057
233826,-0.17624460523315327
233833,-0.04386386564196618
233836,0.05522677060421469
233863,-0.03231638114099185
233865,0.07464186789578871
233870,0.04708434589835195
233871,0.00864551859348311
233875,0.7721018689662802
233876,0.05365887077624422
233877,-0.18285724827814603
233878,0.07515236155184014
233887,-0.14234861519563735
233890,-0.03451351498734258
233893,-0.06103370899761209
233895,-0.0224492874418576
233899,0.09107934548605344
233900,0.08682087265978308
233902,0.0519673981007632
233904,-0.04763877431680471
233905,0.21474402548820137
233908,0.0320692389387154
233912,0.16360489042740728
233913,-0.01777668243401357
233918,0.02693988888366935
233919,0.3136628856557302
233977,0.29709494970205413
233979,-0.4924355751309318
233987,-0.258927178281787
234023,-0.05561644750294781
234072,0.09845510445309348
234076,0.17632239747220327
234086,-0.03583906813025053
234094,0.13696679775802467
234129,0.8925913717204645
234130,-0.24053731671723755
234135,0.1006099254189288
234138,-0.2132099310557072
234155,-0.2785307531857739
234199,0.01792271942004214
234219,0.5811242369017141
234258,-0.31845859821362243
234267,-0.246346575600252
234309,-0.05231044559330972
234311,-0.22440332866696824
234329,0.23164156796192248
234344,-0.15401966857685284
234353,-0.32392114626090546
234356,0.15782614660447097
234365,0.3412911213634191
234366,0.1787198176008647
234371,-0.16001352055201573
234374,-0.1418956773289052
234378,-0.03360770127916823
234384,0.01471035238889745
234395,-0.23140814500677284
234396,-0.16319405260903175
234404,-0.3751583429897686
234407,2.1544439424202655e-4
234421,-0.04730269050749027
234463,-0.19919270894738228
234515,0.08667683947474233
234542,0.5378183188129244
234549,0.1387881063996106
234577,-0.1599422370391456
234582,0.07129687101109196
234593,-0.4976716321039404
234594,0.0921050154651655
234595,0.3590027205104131
234663,-0.03004038474295615
234664,0.06423700475563322
234677,-0.05594673248774977
234678,0.01806335106766175
234683,0.03926732425289191
234686,0.10738304701361656
234699,-0.03237356167883338
234700,0.36791823857724903
234723,0.04939209972018055
234724,0.3907763541734528
234725,-0.19742823048892277
234728,-0.30587656657845097
234729,0.02311842512922973
234730,-0.13329720391447267
234733,-0.2280032938312944
234734,-0.09935074076920106
234736,0.06495812028642205
234740,0.016700577469462
234776,0.02891653629739396
234788,0.139282355618029
234796,-0.02251530327186002
234797,0.11355640572195572
234814,-0.3947992895433847
234825,-0.09294234258987666
234836,1.0468849822192468
234839,0.00404342044539225
234847,-0.05161138339216011
234852,-0.02523287692003525
234854,-0.0724913259969064
234857,-0.06282202933226988
234875,-0.07653143941598115
234911,0.6168480402123416
234912,-0.17581714458767797
234915,0.27442938369191505
234959,-0.18178427317307175
234967,0.0911813918398942
235028,-0.00933224855113834
235033,-0.13737492073499002
235040,-0.07181346618325427
235041,-0.6716050212834839
235043,0.04915445013516845
235050,-0.39223543285615137
235072,-0.10281714484107636
235086,0.6820500008869643
235106,0.9631136030654172
235130,-0.43298445634506433
235132,-0.15933818526202723
235134,-0.07810964859261593
235135,-0.16612051193142935
235169,-0.02787971759079361
235184,-0.09594397925836227
235281,-0.5981267800403178
235283,0.06209161972707791
235293,0.16564440895490048
235300,0.15376739578199497
235315,-0.10197426462171336
235320,0.16097303174567132
235323,-0.09612283297875587
235330,0.32015453369363134
235339,0.0315144789326167
235344,0.201634716893482
235345,0.09602220119907352
235379,-0.8726485712740214
235380,-0.08351824846250538
235386,0.2652283831390839
235402,-0.8918491646000071
235406,0.560738656814328
235415,-0.0972360074223204
235416,0.04149775209391614
235431,-0.120809046925678
235435,-0.16403470824473804
235439,-0.11102411479377688
235441,-0.01779589784488527
235442,0.01491129946889412
235459,-0.18366545596623368
235461,0.0812872382844761
235469,0.10211369219541344
235472,0.00730773791098605
235493,-0.31387720585873824
235497,-0.0957643977411164
235504,0.01680691327270947
235505,-0.900992056629106
235527,-0.24647045657156016
235533,0.08499694792077615
235534,-0.1807846404477267
235542,0.08518986747619017
235567,0.46185249585330584
235574,0.1118083185214784
235582,0.09617950686947382
235584,0.0766022429513964
235587,-0.01065075247407833
235599,-0.25344969988323157
235604,0.9945043771329252
235606,0.02091964136379618
235611,-0.8598450063398634
235623,0.09711433021487656
235626,-0.07502561409593193
235627,0.15405702216746048
235628,0.02247124117891703
235631,0.29981326019388066
235633,-0.06423907837791465
235636,-0.3684366638936648
235661,0.2631597712282645
235682,0.04168534442998946
235907,0.1720709735266164
236193,0.06376584465920798
236266,0.2640848418732951
236285,0.3252747549136835
236511,0.14711536899830358
236539,0.17194060334744266
236643,0.03060111783048659
236690,0.5530861177856587
236727,9.488267493480002e-4
236732,-0.03084083543893734
236781,-0.3584807468268975
236790,0.07333863310084415
236798,-0.13332750971785576
236848,-0.10206197315876842
236852,-1.231162647302939
236899,0.16783651506219116
236900,0.07214763343474573
236904,-0.09263398830813936
236915,-0.6168838008990003
236920,0.33959703472132147
236930,0.2618269896255093
237010,-0.2382562246970327
237038,0.7453074274502798
237052,0.19311259768551223
237073,-0.352074893687895
237082,-0.02143876804408474
237091,0.35050206391936345
237107,0.8047369038697054
237175,0.4516210456830073
237178,-0.3844492052775028
237211,-0.05327488250106221
237213,-0.4436609561076154
237221,0.1388142557086486
237222,-0.12821738186897524
237253,-0.31474832767947564
237256,0.1067750060241638
237310,-1.0888089006527324
237313,0.46169195645968386
237336,-0.07264533775818958
237339,0.0296865935534945
237353,0.02604863203161486
237360,0.01840020640569151
237362,-0.15128895085003052
237387,-0.03942557718607734
237397,0.3631378065368844
237400,-0.2772279160410433
237403,-0.08284025007512327
237422,0.01990499331108183
237436,0.26359931408799653
237459,0.171405435570049
237465,-0.5517656199455151
237500,-0.09049564430866136
237504,-0.33421058522866043
237542,-0.4827617783025535
237553,-0.35221393848853816
237560,-0.5222081049906988
237611,-0.3170136961599017
237615,-0.00498803995337695
237625,0.02631372443473484
237636,-0.16671834993788015
237711,-0.2236668069539035
237716,-0.8377278150749172
237754,0.6479758538091316
237758,1.2430730343259866
237759,-0.2921695298664273
237761,1.0435488978929408
237775,-0.4469082372129948
237781,-0.19420137648941205
237782,-0.00367634684291366
237806,0.2864457001762838
237823,0.33316408551369214
237831,-0.2836102033263876
237847,0.170803103978316
237858,0.5033505629228079
237859,0.34039073441360995
237860,0.167221840566814
237868,0.1481171742523985
237877,-0.19625215980201255
237890,0.24955176861653303
237891,0.2322334927992832
237911,0.07815802832342356
237926,-0.2223874667595273
237928,0.11591873075892783
237930,0.07380021110607077
237934,-0.06303870389726601
237940,-0.05498827263228932
237943,0.29651298563234196
237958,-0.03367912281369745
237979,0.08656736839308458
237987,-0.1964103568603676
237988,0.28028400569202494
238011,0.30968652656291284
238021,0.6075048029769581
238023,0.29409600715199
238024,0.3382688317002745
238037,-0.1734218396626444
238055,-0.27868582753040433
238057,0.3408871367959327
238076,-0.8761097016932793
238130,0.6995640088832886
238161,0.5316669349810872
238205,-0.12974855130851853
238217,0.05054208431557526
238247,-0.06864882593981932
238252,-0.4475270392837872
238257,-0.06133664120489125
238266,0.38609427712046
238271,-0.1196263764632082
238276,-0.00640010086990725
238317,-0.1588970782340594
238323,1.091671954991899
238328,-0.07051860843172565
238330,0.0988966305864932
238331,-0.02383025084486023
238333,0.2652088314740604
238377,-0.00949493409160816
238384,0.13136056128908571
238386,0.22711872968392624
238455,0.22105379262593008
238463,-0.12501540000258546
238505,-0.08627424796846031
238555,-0.4119144884048831
238564,0.12704989819074153
238673,0.5592348023466851
238725,1.1175181237847496
238799,0.03196901653311217
238803,0.17769211076940858
238831,0.31666797703680405
238875,0.08203418195706595
238880,0.08351023399145231
238896,0.5409810753543116
238988,0.18918988600232783
239017,-0.25022220921309457
239027,-0.08385527336323498
239037,-0.28387803456148736
239038,-0.4267028310667986
239083,0.03689274303477893
239096,-0.10283824331597367
239099,0.12151270390133306
239102,-0.7993892337224763
239114,0.10049447806148694
239122,-0.4493490872356769
239126,-0.32775231456523657
239133,0.13176553047474973
239157,-0.5131954838723312
239167,-0.137997807279532
239170,-0.1018627894139892
239188,-0.3997689746979875
239250,0.515669570545329
239273,0.0178489446823395
239283,-0.05394025487579493
239318,0.3318074434999384
239319,-0.08905880787104578
239336,-0.1821645291454598
239337,-0.254628459271373
239364,-0.110193209391688
239368,-0.04571301475254588
239393,1.1157372970179955
239405,-0.4536323661256583
239408,-0.6283408778220188
239420,-0.764459859166243
239435,-1.0093079749692837
239436,-0.6469621630355102
239447,-0.9677074977384776
239463,-0.1927199233037091
239510,-0.02713323108196834
239528,0.19847119524410375
239530,-0.4319980079676298
239546,0.17294799779127712
239552,0.2352239265038525
239554,-0.6751268911929966
239555,-0.14656752849257149
239556,0.08863158667895904
239570,0.00639452031910542
239606,-0.268417871438023
239618,0.2688971010111131
239647,0.03659363296420045
239652,0.34012729877245884
239659,0.38112768387220786
239667,0.2124544964013349
239691,0.5718675070725225
239706,-0.34355761959695874
239719,0.04426770531471624
239739,0.01886228226213706
239743,-0.03329767775568275
239759,-0.16983009402705
239766,0.45447895329664656
239789,0.16941482317359943
239790,0.17738164746855467
239796,0.4686008121137363
239827,1.0204342331623906
239833,-0.46431217669644775
239839,0.18582387239576004
239845,0.0813086706160867
239852,0.00558958079706523
239853,-0.5553252868336861
239857,-0.4235233572481163
239931,-0.761031396288939
239932,0.39371041671328955
239985,0.06448151436371416
240023,0.01323360761373186
240025,0.07303641844055775
240028,0.06995786602706788
240041,-0.1501142843757203
240047,0.7762662189411761
240055,-0.03412178960473136
240057,0.5687747856350325
240058,-0.0099702259637982
240064,0.2119676969551314
240068,-0.24300049938270615
240084,0.10215598508813582
240087,-0.06765381987100692
240119,-0.18740241462434196
240121,-0.3256016949947147
240131,0.06318642753790266
240168,-0.02812799985994172
240174,0.12352850168522214
240185,-0.26527802769133374
240186,-0.09136430750949134
240215,0.18952222007665903
240239,0.12967924966069239
240255,-0.06231784827202375
240261,0.6148393526018117
240263,-0.08196563206325104
240283,-0.09828182735928882
240322,-0.17474001453217983
240332,1.5396617216906596
240354,-0.05668620691935211
240396,-0.1993264787529776
240411,0.3672482294754233
240427,0.00669040131494359
240442,0.5153444197346851
240444,0.25442122406313417
240476,0.06186387002599904
240479,0.3686835641074771
240505,0.4701029430076238
240514,0.5555169858506436
240518,0.2544243614962581
240590,-0.5851125370161825
240595,0.2180029116124272
240613,-0.01704321429869264
240614,0.40545089408919016
240633,-0.2901107005840261
240638,0.3741607934890514
240641,-0.2078093384725131
240660,-0.15116961134465423
240665,0.16549920140384977
240667,-0.08532866027914413
240672,0.4349380776053787
240675,0.5754274255511936
240690,-0.12549344086671774
240697,-0.23017006447751864
240725,0.41644636290048653
240726,-0.481132340478717
240752,0.19039019181390984
240753,-0.229201806509964
240754,0.09294931831449448
240756,-0.0317862930912585
240776,0.25657942492200403
240816,-0.34940159649328806
240832,-0.01642447262892792
240843,0.15375286950757744
240869,0.2483972428714762
240873,-0.6296223056285442
240879,-0.1661916613701723
240880,-0.0196583077170752
240888,0.09850270298680028
240892,-0.3864572114798507
240899,0.12002256336587434
240913,-0.5925729876729917
240916,-0.4810986611993502
240960,-0.5567698056597833
241035,-0.09007636230958364
241062,-0.3710075224005483
241066,-0.01308088604767596
241070,-0.411146439008799
241073,-0.3673992182948796
241075,0.00886722572451289
241112,0.17784643411791198
241113,0.4165006929605149
241116,0.3308709402708167
241118,-0.0916589729860916
241128,0.30190976645986334
241134,0.22648025781173745
241159,0.20215913472071764
241196,-0.4042816759290536
241197,-0.11729032704819714
241201,-0.13354756098637963
241226,0.5650924089902002
241230,-0.01159263981217178
241263,0.05754944670930529
241274,-0.00316591098433694
241275,0.6417069081727357
241289,-0.1595672924281864
241296,-0.07971189893881647
241303,0.06212787862774981
241308,-0.04384557400512758
241322,0.08572464804697405
241324,-0.06106120956078053
241327,0.1514029871004597
241391,-0.3679126659996238
241431,-0.10790715064148292
241447,-0.07410275488307762
241452,0.30077939993474506
241489,0.1306250812928729
241490,0.1186154667972086
241494,-0.04108181417231477
241514,-0.5644345640603543
241516,-0.05734661934442026
241520,-0.9239336747633712
241525,-0.14369051295432606
241528,-0.1997964650252173
241547,0.43188622249098046
241556,-0.157278132667878
241568,0.1277187751562371
241576,-0.03892339535418485
241589,0.03843258228956515
241612,-0.35327843450461227
241624,0.5098282739780425
241627,-0.07780421250507374
241633,-0.05918465822056236
241636,0.8563412013281857
241639,-0.4921800722997649
241656,0.14629559687257843
241688,0.28160461507302303
241694,0.03527349139163904
241727,0.11839660490933249
241764,-0.05907597823544635
241769,-0.2036763399365974
241770,0.4500047305647219
241794,-0.7567177374850935
241846,0.1321143322889227
241850,0.13251515430588728
241877,-0.11821440569405356
241915,0.00986832442785595
241919,-0.17377450431353833
241950,-0.40659147571786297
241989,0.5718171107888581
242022,0.4875329255469537
242037,0.00924594198740327
242050,-0.21614268254866223
242083,0.07265811897057226
242093,0.4368463643046744
242100,0.06743078598650976
242109,-0.10128430695859844
242122,0.1426627422139404
242125,-0.3766899102629653
242126,-0.3905570358264635
242151,-0.48346630461845286
242202,0.0974880646924922
242235,0.22445827798579387
242248,-0.03560994880465196
242253,-0.3337097946822194
242259,-0.6667809143705256
242274,-0.33573538316626417
242285,0.26841256916720885
242291,-0.2273316901430968
242297,0.13564178077499478
242316,0.2651084448305474
242341,-0.21793880325763523
242362,-0.25132958888546175
242377,0.4503371183118897
242384,-0.06465773729605688
242406,0.0352388313893878
242408,0.07048108607015939
242409,-0.5094385457292547
242418,-0.02462112095615974
242425,-0.634059409154248
242443,0.4458531907150436
242466,-0.4960405503301298
242474,0.04288571023368285
242484,0.09111091263970993
242505,-0.40557164102586407
242506,-0.7868698909008703
242509,-0.07927884568671309
242521,-0.06321249183057409
242523,0.3584965103530601
242553,-0.05006817158019157
242557,-0.2563492307846747
242570,-0.3019628485430975
242584,-0.02444014955946401
242585,-0.00274551376436365
242594,0.09989486055842715
242602,0.1271195346009248
242603,0.8382222885537405
242607,0.16989880810349242
242608,-0.44309423133811854
242620,-0.10361467437225234
242642,-0.5422838466431251
242646,0.402563894470227
242653,0.20820138114448228
242662,0.3542372606189128
242667,0.06150134264604554
242669,0.6443194796321075
242681,0.9639522956744524
242687,0.08839158917772613
242691,0.15592395217823057
242700,-0.3907865429288064
242702,-0.5179634492622216
242711,0.868997028426038
242721,-0.11056061899837408
242735,-0.16654184333790334
242748,0.7298225725462678
242773,-0.27816655590293343
242785,-0.10265209028522602
242805,0.27283332712948305
242819,0.2260805175412984
242838,0.328520083744116
242851,-0.5516388694026886
242860,0.17941278325849191
242864,0.32228991630137466
242891,0.4706906729735984
242894,-0.25735570409542086
242915,-0.519816013012978
242939,-0.34398528683683993
242960,0.1536756731386607
243025,0.30122412929627307
243043,0.5496998740810929
243078,-0.2333785932962201
243083,0.7811282930105944
243084,0.23273332810901937
243168,-0.01544615285543241
243197,-0.1048724319731256
243270,0.14435965162332068
243272,-0.02547268723167387
243274,-0.3273425237100541
243277,1.085453469772543
243300,-0.2902175694715939
243312,-0.7079175976360229
243328,0.36184103867603656
243339,0.2707754594540789
243362,-0.3716936500128456
243371,0.07650279662260788
243372,-0.6731545637002873
243374,-0.04238858526578952
243382,0.02136171471050588
243385,-0.32428361124104643
243499,0.11376184068529936
243510,0.5488917169356149
243529,1.1026654227617818
243535,0.7580126632284838
243537,0.16839018867468764
243538,0.7223505063577562
243548,0.00866833243278583
243574,0.5643512958877799
243612,-0.07622330484974615
243616,-1.202367087206183
243621,-0.6145080003734733
243634,-0.8102234570123822
243653,-0.01519413414682203
243659,0.22312521034675775
243725,-0.24521295193711584
243743,0.38891174365330494
243755,-0.4452665559610345
243764,-0.9170670020289238
243771,0.17678934633258064
243780,-0.02207863094645923
243813,0.0281564067672743
243816,0.1303910120728716
243819,-0.1659167924523774
243822,0.05462599118408762
243834,-0.7245539530532514
243842,0.5862295882447042
243846,-0.00420814096911834
243853,0.22795007241314436
243864,0.7400377176798751
243867,-0.01006920366699629
243874,-0.27090915466991616
243897,0.18848303214302736
243906,0.2413268659299011
243910,-0.05677379451226258
243911,-0.06741587759086874
243912,0.08519988211856633
243914,-0.18006408845210237
243923,0.22175655377235243
243931,0.3727973760004634
243937,0.04709385870343564
243958,-0.00199366592699463
243961,-0.03249910101584793
243963,0.11339460203997684
243967,0.276593985381945
243979,-1.355054921352158
243983,-0.1413118412511576
244049,-0.09271332607496424
244058,-0.0424978065218158
244059,0.13151002995492775
244071,0.10891322091985708
244141,-0.08517184852967366
244144,-0.48275571833859704
244178,0.03850039236627753
244179,0.25581396071182216
244187,-0.0030571557246888
244198,0.3436961099533423
244199,0.08754189502678866
244202,-0.8773684147263285
244209,0.11678394409500936
244216,-0.07627715283182887
244219,-0.0390074548990996
244238,-0.04802214549557018
244281,0.1906308770909419
244310,0.01850046322615035
244329,0.3759167103627007
244349,0.06867750611303138
244373,0.01048172324392374
244416,-0.3849319093225825
244421,0.01601215035491945
244431,0.6361919258545274
244448,0.15686373356167402
244484,-0.3370553140074357
244486,-0.38951151550830826
244548,-0.11922333155036996
244550,0.12514353837794356
244551,-0.02789002132117102
244556,-0.19074809834242212
244562,-0.16003708889231996
244579,0.02222961283827122
244585,0.07915471187375958
244608,0.4156845019139629
244631,-0.37224094843756994
244650,0.27009110721417384
244654,0.7497964982749202
244666,0.24694383583912308
244667,0.04055767694742972
244668,-0.1212627232162665
244672,-0.5603889785694035
244682,0.5612066144543107
244694,-0.15643651766726893
244698,-0.24451899644771316
244701,-0.10656247217432337
244713,-0.07171956697580167
244721,0.48523983021119066
244745,-0.09510346644054592
244757,-0.02442448098538438
244813,-0.8032707021161785
244853,0.07007439402871987
244859,0.9026470496509738
244864,0.12951522175203878
244867,-0.16815046633700412
244871,-0.03293604647154315
244879,-0.04238387987229145
244882,-0.5610260047283159
244885,-0.2104550955981046
244886,-0.12085290299992443
244891,0.07856507785123218
244895,0.15195520028712936
244911,0.6005221410320741
244923,0.16947123091517327
244954,0.9059902337053414
244958,0.16963521182864383
244962,0.09382152687524994
245000,-0.0517949967834309
245007,0.3883293576384828
245020,-0.1061793803284918
245026,-0.6537789020913569
245038,0.01527167758492283
245049,-0.05915849625913731
245050,0.5678967493150016
245126,0.7868428180949723
245195,-0.05151164079704168
245308,1.8774141925652907
245368,0.5205156804401668
245381,0.01178720720665568
245386,0.2678036435288345
245403,-0.30190826539644966
245424,-0.29479415474689075
245446,0.05446740621475517
245450,-0.37224801894184434
245468,0.6066689011409374
245469,0.3241984484844037
245474,-0.01285653289432892
245522,-0.5895096099283302
245527,0.03999266467388326
245532,-0.5130679854923685
245533,-0.5159371927296316
245536,-0.30590308219435236
245537,-0.03706207235273897
245555,0.02472678824932467
245572,-0.6248104918366115
245595,-0.22743713762330825
245596,0.3029176464143354
245610,0.5379900046933254
245622,0.1397252713775038
245631,-0.12311517862746504
245638,-0.3011488318337048
245650,0.22699492804804935
245666,0.07102427331114902
245670,0.17503008062057096
245671,-0.02025940023135174
245683,-0.26092235020631455
245684,-0.28400292581677733
245688,-0.02135242978137474
245695,0.3428674275286768
245827,0.5275814619023788
245828,0.09163926924385504
245841,-0.06287637739821159
245847,-0.00250580789777533
245857,-0.17974362537280328
245860,0.0305986980394514
245866,0.039749544698023
245867,-0.16007640121283753
245877,-0.01101081605989556
245880,0.391438630603932
245884,-0.3922633006299075
245886,-0.21391794890202784
245902,-0.0756764739641815
245944,0.03395530786701224
245945,0.5390341992406353
246048,0.06829266517116594
246049,-0.29032085934267493
246086,-0.09600301504533448
246102,0.01941729709023343
246103,-0.06395912434861795
246104,0.4872757335120707
246133,-0.3256080651089658
246154,-0.38201413743207946
246177,-0.03072426987441027
246179,-0.07905535163886232
246190,-0.6841546585028542
246196,-0.02909886019903811
246198,0.17637190523448304
246221,0.13009175937077222
246228,-0.14571345149679735
246229,0.2304858066114032
246257,-0.03982826946480657
246277,0.04259599185937543
246293,0.2328144176002065
246313,0.5094553700029064
246316,0.6829414786527301
246317,0.8235277060280808
246691,0.30542428553378376
246694,-0.01479705124673938
246696,-0.05579926799996375
246700,0.2838904085954973
246703,-0.00788419375806425
246707,0.19501216649378253
246709,-0.0957668357470994
246710,-0.04212300658836637
246727,0.26015382399222164
246728,-0.10027577779182371
246738,-0.5804072531357447
246746,-0.07540716697339578
246747,-0.13143240166697043
246779,0.24174300023223955
246782,-0.00526811947340731
246787,0.21320838990354415
246788,0.13320681011238125
252837,-0.49383705212456064
252838,0.02826959949026944
252864,-0.05815270438311704
252868,-0.3437572100804306
252870,0.07436937316899596
252875,-0.3435120358492566
252876,0.07106386081751502
252903,5.669490232809676e-4
252966,0.2185604163142505
252967,-0.21118264184670693
252972,0.14064525282307627
252973,0.5358734272290333
252974,0.03581689589402616
257630,-0.5739702150380959
257632,0.07574083659206424
257633,-0.00824377249792809
257635,0.00918691254678323
257883,0.18210151558270923
257884,0.4218404016154026
257909,-0.2584170736566289
257916,-0.6607012311743998
257917,0.49417549255471505
257958,0.7466246144779305
257962,0.06197541975207382
258016,0.32958619098240327
258025,0.9667929595166552
258036,-0.13440456892970998
258039,-0.3603987200648955
258097,-0.755963369675811
258098,-0.02544826892824372
258105,0.8463543696531041
258121,-0.02378641337682169
258153,0.11355941292612431
258155,-0.9135624696147618
258160,0.3388425808018735
258178,0.4734309760299432
258196,-0.8198595206904729
258207,0.21879772713143192
258238,-0.03475921878253309
258246,-0.3644760058730669
258248,0.5879376600808379
258267,-0.3604721126367087
258270,0.02729428637161669
258271,-0.18208382932773337
258281,-0.34264891522868235
258287,0.037141936200154
258292,-0.3820150130362006
258296,0.2269097418694976
258302,0.02996988448719166
258303,0.2351263288666366
258305,0.12911495659386063
258310,-0.40548041508123805
258316,-0.5388896368039338
258318,0.04178922121909126
258319,0.6114596845318658
258321,-0.26004518533724746
258322,-0.1984342047069807
258334,-0.20390899943867136
258336,0.29229655902557
258347,0.27536097603736626
258350,-0.0918061939551442
258352,0.10215648995621726
258355,0.48471026169416864
258358,0.01692649961626413
258362,0.25894192309823894
258363,0.10039509304614835
258371,0.1971543017360149
258373,0.1905653986327031
258381,0.02226084937215764
258387,0.1582091366357583
258405,0.14113552111074967
258407,-0.3399207953338795
258408,0.17619866342897003
258424,-0.2754855217749743
258427,0.1317024306100286
258439,-0.4495318988955372
258443,0.17238523374937387
258450,0.18771371425415825
258458,0.12215228302667867
258469,-0.785504215775899
258470,0.23511616302212796
258478,-0.31130827825329993
258486,0.26202353468176875
258487,0.5510304475958083
258506,0.18749122339223273
258507,-0.13164860072279558
258515,-0.2795949690579357
258531,0.03157394625145926
258544,-0.12885114939897438
258562,0.1982519434268954
258563,0.06275425723935145
258568,0.4612196337344778
258569,0.10880589708270072
258573,0.07672455095157082
258575,-0.27372114711736895
258580,0.37478243050116233
258582,-0.5058503442747582
258585,0.158635226015451
258586,-0.6291614894618934
258587,0.4898167365933165
258598,-0.01260086755747999
258600,-0.04876888598326749
258601,0.17262036370446385
258608,0.3994165643576033
258614,-0.4966497928447035
258616,0.6214236314841892
258618,0.748608888583842
258620,-0.09253892314203488
258631,-0.6540468566118713
258636,-0.53123310780270006
258640,-0.6737013750348857
258656,-0.15522972009744218
258658,0.1944914229637525
258659,-0.5488671936674518
258673,0.11623481914728304
258675,-0.1125598346112124
258676,0.1375946852358118
258677,-0.6307268573276306
258680,0.3936320029981939
258690,0.17822817642955946
258696,-0.04065119371168346
258697,0.3917257764700962
258703,0.2520861692552846
258704,0.24219946044869697
258710,0.4600721871703033
258713,-0.2983502002076348
258717,0.3162655040223206
258720,0.10850588627014109
258734,0.02544060465215599
258736,0.2828408008238221
258746,-0.7064605250269361
258749,-0.3894127504324707
258756,-0.15199583574146536
258763,-0.2720457415197361
258764,-0.7838453342199927
258769,-0.06879423420397429
258772,0.11393702182705734
258775,-0.31443127664651876
258786,0.24502193287398785
258794,-0.39959754063272673
258804,0.5118889740920335
258814,-0.949611688592735
258819,-0.7530473628873171
258821,0.4095896742983773
258832,-0.17977917017398182
258836,-0.13562992022095274
258853,-0.8482985128376676
258854,-0.9228148578770043
258857,0.17405170700283004
258866,-0.31462449482054844
258881,0.14017910793031435
258882,0.3170288147699552
258896,-0.3379438869283255
258908,-0.684957300900711
258912,0.33421383419711065
258914,-0.23582003855266245
258924,0.4895730033516099
258925,-0.10427935097342332
258933,0.02918417969928453
258934,0.10013589988962028
258935,-0.1878583209410682
258937,0.11350138499880486
258939,-0.13001904021161312
258941,0.02217725337759324
258944,0.03794119703341857
258946,-0.5214109861023273
258961,0.5253841707500326
258972,0.08544357884083832
258979,0.00668968937115294
258980,-1.2163514364298973
258984,-0.22649039689430067
258990,-0.1757350498142685
258991,0.1435499068022946
258992,-1.0120033446642205
259000,-0.17527437641940458
259004,0.4158530146604416
259012,-0.08880413481005708
259013,-0.4282465987345485
259014,0.2555378910922444
259017,0.4908803696682681
259019,-0.3045409211270866
259034,-0.2559315246308073
259036,-0.1022730804053236
259045,-0.20377441300176444
259049,-1.3775129010786284
259051,-0.05247641370914029
259053,0.5035783499144304
259058,-0.00958831413254884
259063,2.180240827241998
259066,0.33219960058648434
259067,0.7195405195988624
259071,0.1741929057288195
259075,-0.06601372488744739
259083,-0.4012546679271799
259089,0.19128818482791923
259092,-0.08077877724958643
259095,-0.17071831532362067
259097,0.36957277253378334
259100,0.948457424346942
259106,0.08429335511290198
259109,0.5205377594675364
259110,0.06141236356087497
259112,1.0609668131327297
259113,-0.07963958088332099
259119,1.0219980234574344
259126,-0.5335869113725112
259277,-0.16398223136692414
259279,-0.1987021417196756
259300,0.30777564970250015
259301,-0.35170962695724006
259302,0.6734105724273378
260297,0.31745165552943566
260298,-0.3071914032355914
260299,-0.26493847620780503
260301,0.14267156858192342
260302,-0.01970217639831696
260305,0.2529112765438712
260315,-0.1964576407254164
260408,0.4198375151088165
260409,-0.01589463501235974
263406,-0.07118910773408893
263764,-0.24741998303007767
263803,-0.8335622846452133
263876,-0.1285882749948709
264064,-0.13965340121975592
264134,-0.20697527542039465
264895,0.07207854234001544
266614,0.6235780127541333
266620,0.10501414965683242
266632,0.08250134302606377
266645,0.10308857853522849
266690,-0.1231587862686978
266692,-0.11498325402147772
266744,-0.1588061833674274
266781,0.01355019830982545
267019,0.35762368245381204
268281,-0.3522698911484816
268288,-0.08571555247791435
268291,0.24505106383587605
268294,-0.2485246342391006
268297,-0.01275263446016678
268301,0.05911761038280566
268345,-1.043746084125945
268354,-0.9434272524127204
268373,0.02344269663872182
268379,-0.5808084563465158
268395,-0.05399459471665869
268396,0.22187789013096423
268417,0.02629363710652918
268420,-0.02317488636079123
268445,-0.12030443661432584
268448,-0.14823177886895889
268449,0.02626891580155316
268451,0.03012620658544375
268465,0.19425793371350952
268469,0.09140904922209848
268481,0.02795368483193426
268482,-0.10593724410897536
268490,0.190389869547334
268491,-0.11482715194443642
268510,0.05946873045990495
268512,-0.24231980349222093
268527,0.01358582038533398
268534,0.1849589310725566
268564,0.4229566676117502
268566,0.2448830436114664
268567,0.04207501313267373
268591,-0.2098952536104451
268656,-0.1737440809459757
268663,-0.10423405920579752
268686,-0.0957928029099588
268706,0.05100502563017417
268709,0.02516119268267824
268721,-0.02087420903240986
268739,-0.24935541332060557
268741,-0.43352773146560913
268747,0.24282270065835665
268749,0.0253774417758252
268752,0.11021746249891629
268759,-0.02265455184853326
268780,-0.2247756027125568
268782,0.07923682256590994
268783,-0.10902846822866324
268807,-0.3580699978383285
268822,-0.14690196748361817
268857,0.0989837546193738
268859,-0.09655032922580777
268860,-0.08628007969987708
268878,-0.20867939025828727
268880,-0.05773037297394368
268882,0.13367595251865994
268890,0.2867297179676191
268902,0.38068762646462584
268903,0.1310519853163596
268905,-0.08799735500935715
268930,-0.03722892987952352
268932,-0.1141526290784522
268933,-0.10485664037721154
268934,0.0513104197149724
268935,-0.5874355079562467
268936,0.17876726204385995
268958,-0.35307082721858574
268970,0.24643230252892925
268973,-0.1847319276147509
268977,0.16780700331205095
268980,0.12131237958980066
268996,0.01557292352769217
269003,0.10726129539375934
269016,0.13785927638032097
269019,-0.5237359667746536
269037,0.31112951232604247
269053,0.0253456837902986
269060,-0.5164720650485943
269061,0.0914788168859932
269063,-0.13260150047698763
269109,0.2545743170112825
269113,-0.03918821460043284
269116,0.1419063573057105
269120,0.24955094190222596
269132,-0.2360663402457338
269152,0.4825188434304312
269180,0.489071287085147
269181,0.04528850401182387
269198,-0.05844013029616986
269209,-0.00101808079972945
269224,0.08514666121765918
269233,0.2928890997698642
269252,-0.05042702612607978
269254,-0.00406488157746561
269261,-0.0090177194861242
269275,-0.05375017817715633
269295,-0.11612855555032175
269328,0.2350633642242803
269336,-0.15394495045436202
269338,-0.00552767642629486
269344,-0.22788898198274304
269356,-0.2878521992104893
269378,0.07221552626271346
269389,0.3394413999778262
269397,0.04942045405470522
269400,-0.08131137224470422
269401,-0.10747476555132662
269423,-0.0596679594213662
269424,0.00513284576541932
269437,-0.5730784718195053
269470,0.05439538375211876
269473,0.13458820568827692
269513,-0.15713108195336362
269514,0.05943759936978657
269523,0.0632630526125618
269529,-0.4175013649998884
269536,-0.07085875394715495
269582,-0.257140830195889
269585,0.2538148177884529
269587,0.09729970745227567
269589,-0.0475052699192669
269593,-0.03474787367253627
269604,0.17433933021978898
269608,-0.00107839380379563
269610,0.7142449700658475
269614,-0.16447119293548731
269615,-0.14966704187907637
269623,0.17982533154218044
269633,0.6221793759973675
269639,0.21965260373138223
269642,0.35864751718850835
269643,-0.04783631787625354
269682,0.0519830113092237
269693,0.6579159398188386
269695,-0.01889953326067643
269700,0.12909968940521707
269701,-0.1334514691673772
269702,0.07596588511843391
269704,0.02194006196839247
269713,0.4790662087974521
269717,-0.00725294352499151
269774,0.12752309224314398
269784,-0.1575955693514122
269788,-0.05697941017636943
269800,0.35163537752328133
269823,-0.05204931449142418
269831,0.06776000786073329
269854,0.12068346098782662
269855,-0.3357474215858144
269870,0.02174083989404482
269878,-0.34761391310591677
269881,-0.24842361807544264
269941,0.1127502708842496
269951,-0.06334816507047579
269952,0.01146565740404157
269954,-0.09025083356982153
269955,-0.26426063496051766
269959,0.21671449002357757
269994,0.06656189529987816
269999,0.01975039621722103
270004,0.2369800244026008
270028,0.12569657522558936
270035,0.06330376577760222
270049,-0.1391775480330667
270058,0.0198748060307181
270066,0.06069071077506693
270076,-0.03025544237399766
270084,0.25145904129542723
270086,-0.13667098141286443
270091,-0.3331709069484712
270096,0.15842513958066445
270097,0.6619167181663236
270109,0.3612617116812864
270110,0.00863043896148532
270118,-0.06140967863913697
270120,-0.24392727185268512
270150,0.3911779669967873
270151,0.2105756941105345
270152,-0.01448198617501867
270156,-0.06449628912004549
270160,-0.17292639100775406
270162,-1.4427093044487245
270163,-0.25288886804061217
270166,0.00797192025886789
270190,0.1910365646848434
270192,0.25196269801957905
270198,-0.04770251131101137
270201,0.09556989899690509
270210,-0.5123261284889657
270624,-0.9487469880647246
270669,-0.5906194420867492
270672,-0.3348049893344564
270685,0.06346950948858347
270757,0.0612229571118689
270802,0.08461952904273291
270893,-0.4099280238313222
270906,-0.0148192270929141
271005,0.28672930799683494
271036,-0.5698347258597395
271127,0.3521197391651111
271209,0.36619857996093386
271221,0.02572701273469913
271305,0.11278942526994684
271377,-0.07007609279434199
271424,-0.5125905826533271
271457,-0.03897973599515687
271564,0.19736984207324343
271639,-0.01337498334063011
271697,-0.4635680170844004
271786,-0.2191396752280211
271813,0.2262375173952597
271842,-0.3263732403302537
271844,0.5449422437988837
271849,-0.30208589603425406
271887,-0.17855961754999317
271944,0.8338431291086954
271970,-0.720337923443378
271981,-0.29771546937348886
272027,-0.17978829754940764
272322,-0.27525339901397344
272347,-0.02303711260551852
272359,0.11044427266370792
272381,0.08654496325463276
272382,-0.10849858079465788
272396,0.12101132090587556
272411,-0.28576551230401337
272428,-0.28594612164565314
272465,0.2988326372632386
272538,0.3477632964812142
272551,0.5303953210687539
272589,0.11884043830887613
272636,-0.2972497395573425
276770,0.00573384201469248
276829,-0.16177834459506454
276846,-0.04727903450418506
276852,-0.02855555598090567
276891,0.6458131967364529
276905,0.21530607399958415
276919,-0.23624206421884425
276920,-0.21521554204130353
276952,0.5155396024585656
277010,-0.05787475263208747
277154,0.28500858415601776
277203,0.17386178301322422
277250,-0.3263116898616048
277328,0.03089032444651715
277343,-0.11043454804590476
277353,0.1795712792494693
277360,-0.02231563063846922
277414,0.03861698507078576
277432,0.15097607462122237
277463,-0.01216841369968526
277468,-0.08219527952617535
277496,0.3238483758907136
277743,-0.763301714012493
277854,0.1706632995279232
277898,0.0303081797746737
277939,0.04754106652077541
277973,-0.09666831437574644
277978,-0.370949724706605
278097,0.05903373767409103
278180,0.28295332472119705
278279,-0.610828459214566
278507,-0.2795701833091514
278795,0.2961398190665644
279028,1.0944905098847746
279029,-0.4156957849278001
279499,-0.4838946297812221
279653,0.02154986848204655
279766,-0.2057552772697077
280287,-0.0051568182948929
280408,0.07545875823133039
280411,0.6262221396904664
280635,0.0540330732527569
280645,-0.37052406800852106
280662,-0.6795435606130936
286940,0.3266540564550221
286942,0.01866352433160498
317652,-0.2742323804567194
317653,-0.20814255357371725
317717,-0.23013250753557907
317750,0.6677302282021365
317755,0.7283534146447405
317757,-0.07114078105185351
319162,-0.0534180582587859
319163,0.4798525618681861
319169,-0.02924534339498069
319176,-0.02724962914181584
319178,0.28140939544921134
319186,0.09684598327562866
319188,0.0292643051689352
319189,0.1248594291816338
319196,0.18649308554756405
319197,-0.49145074230669294
319200,-0.20038922296982217
319207,-0.19521579276549553
319229,0.11175720029865636
319239,-0.31895054271696577
319259,0.5832031321356683
319262,0.11040452037974063
319263,-0.10321994382342696
319266,0.01023774269839837
319277,-0.0321956345353256
319278,0.02965666106729578
319322,0.06329742562499314
319352,-0.03409343562730038
319370,0.0220250481680813
319387,-0.14127403487481663
319415,-0.39786151208659304
319430,0.0556063640771569
319446,-0.26732672492139786
319448,-0.1326574389528835
319455,-0.23123732006802017
319468,-0.08164245214857871
319475,-0.34955427734719785
319476,0.22749006125122173
319477,0.25003939652138424
319478,0.02588648857661238
319481,0.0514390245219621
319504,-0.08758921209641474
319508,0.24557359303518125
319513,-0.10017303276962848
319518,0.26309550649518587
319520,0.2269181233821299
319530,-0.6259368265013896
319535,-0.2448151874281012
319554,-0.11478934235847084
319555,0.8649789019726434
319565,-0.20582007590059395
319579,0.7357909281946566
319582,0.24025914749465443
319583,0.1692444982341616
319586,-0.5100328968713663
319594,0.01517740958228007
319601,-0.13098246258097654
319604,-0.06604801008985366
319613,-0.407638818792427
319618,-0.03644844590545102
319622,-0.17847416368651786
319625,-0.42622493305866593
319634,-0.16279313319234878
319636,0.0934618997299634
319638,-0.0911572036073594
319642,-0.06804965887139167
319651,-0.5145125723789388
319653,-0.31177198950095575
319655,0.4305708595989167
319660,-0.3829410107245748
319670,-0.03174846327436326
319675,-0.00474506523205549
319695,0.1276938283398027
319701,-0.26131517487344447
319710,-0.3370377843310335
319713,-0.3481420249896776
319719,0.06125579864791831
319734,0.1830217252546321
319740,-0.11647318901321196
319742,0.6100213232258159
319748,-0.03706104116811441
319757,0.00499103260458007
319758,-0.49812351525338133
319765,0.07029999045483142
319767,-0.02298234404040118
319776,-0.8969089467014604
319801,-0.09990970156072224
319804,0.4044161270998874
319807,0.20073758563687671
319817,0.14555396995845443
319822,-0.00948392756133544
319832,-0.06986768003161856
319845,-0.1707966501072114
319848,0.283880582923016
319876,-0.02779001589914643
319880,0.04863335972379143
319885,-0.04214993932587527
319899,0.01802081160795429
319901,-0.04585863796205504
319909,-0.5752178772795031
319922,0.6723209959429639
319924,0.10983463666495
319930,0.18111406725879003
319934,0.6645386621816296
319939,0.23858813164601228
319942,-0.3896433655324246
319944,-0.0103156362709866
319945,-0.0943052317627142
319953,0.14933875453138495
319965,-0.00888463728501766
319974,0.2356317013868207
319984,-0.4054879933336964
319991,0.23667022418689665
319996,0.104194466991683
319998,-0.05016191478461306
320007,0.07242496588320184
320011,-0.02240664385265726
320022,-0.09388834172341654
320024,0.01546190103079399
320027,-0.518338868725096
320040,0.5691217470099623
320051,0.8301894600586504
320078,-0.4389372458439196
320080,0.07276201069538399
320091,0.44361082529538554
320095,0.01501753487408708
320100,0.09124346638221952
320106,-0.17116750890738824
320111,-0.05922486124112542
320116,0.21409159031133657
320118,0.2025730328288729
320119,0.45520965892128207
320127,0.2234075111172308
320129,-0.18413754954123096
320135,0.6571566452474693
320139,-0.22009882212689652
320145,0.2097518481700207
320150,0.4283304300225373
320158,0.2668738676673692
320159,0.292327688117923
320162,-0.16028592262146274
320165,0.04680032490291362
320181,0.34098532625569655
320183,-0.3730216116015021
320184,0.0459743981092109
320191,0.09553598722106613
320202,0.5986486277462586
320204,-0.07595011392991016
320208,0.10719413419984104
320213,0.01365769404817641
320214,0.18033053879047928
320226,0.3953797574318446
320234,0.02283680004240242
320244,-0.0379160973858519
320253,0.03037094094889109
320256,0.12446322809923056
320265,-0.16133113946485111
320267,0.14915620410171615
320271,-0.4575877704094152
320277,-0.16058294487763375
320292,0.02919204274263677
320299,-0.11391190963601508
320311,0.3464997126323675
320343,0.9309802181801964
320351,-0.1141778980541382
320355,-0.501663110009313
320360,0.16619960359934213
320365,1.2431462934406226e-4
320376,0.1755989935160217
320394,0.08519865360024147
320398,-0.204293652304722
320404,0.05110021263331131
320405,0.1127096071158834
320415,0.03226528855510259
320429,0.28343059577318186
320435,-0.05373829249329286
320438,-2.886977241185751e-4
320452,0.10563831500579372
320460,-0.0897612493783874
320472,-0.280921908911171
320473,0.17839984344074555
320484,0.1604120167086833
320487,-0.03800915371151567
320492,0.18399369330253895
320495,-0.06027780178732577
320500,-0.04076931254490404
320502,0.11795206080978052
320506,0.0766611248106045
320508,-0.09143775212150287
320522,-0.8214463351713139
320528,0.4593270185783044
320534,-0.23521449895051505
320538,0.07352346203088797
320554,-0.3375575352219067
320557,-0.23466410930616952
320558,-0.7671592457693998
320560,-0.01367730752844019
320563,-0.16637033008778654
320587,0.01068747340636135
320590,0.14057271723237869
320595,0.10766954527501396
320604,-0.3818318864648368
320609,0.6190751711843447
320615,0.05983817910659668
320632,0.04880650331108661
320633,-0.09542625018952992
320634,0.14641304513791453
320635,-0.00244436659958821
320655,0.2925982246752953
320661,0.08597959775350664
320662,-0.17412701708356693
320664,0.17148986250203913
320678,0.18576672312668785
320679,0.41086057313837576
320683,-0.12048557877793248
320685,-0.43269950443629634
320696,0.15967033457960203
320701,0.2073544215295886
320705,-0.1724808045002547
320706,0.6317745512905528
320707,-0.3117198007650958
320709,0.25619513051543397
320712,-0.0975664110954581
320713,-0.31000939878389805
320714,0.09295495650019955
320717,0.02011773090072095
320718,-0.8119842923687082
320720,-0.22819645646673617
320722,-0.9989584862121854
320727,-0.02753409439764773
320736,0.560607572246312
320747,-0.5825892640833586
320752,0.3438927025237297
320782,-0.21523292719633788
320790,-0.05047981286967409
320795,-0.0941015273702519
320799,-0.10502410350233332
320806,0.0970137702086269
320808,0.3894683152541986
320816,-0.22707015316809911
320817,0.02107083321317939
320825,0.4608546536850529
320827,0.29756052388852955
320840,0.3658675545418626
320858,-0.3496756947877382
320864,0.03545367664248998
320865,0.2579849373440487
320869,-0.368858978497279
320873,0.1888604974763224
320878,0.4142279773499584
320910,-0.0407999499666374
320916,-0.06301679922055288
320923,0.5489593468405216
320924,0.185940723079638
320938,-0.13259412194417247
320940,-0.24540249100136263
320951,-0.0133779695292535
320974,0.15375454612255418
320981,-0.28932212787192824
320982,-0.3032784654816167
320995,-0.5764057996587881
320997,0.8889963832239973
321000,-0.450889024134891
321006,0.03207148125091091
321007,0.05061328577553357
321008,0.09118659495740042
321019,0.00358378822985755
326622,0.2020650114827721
326623,0.2635987338690452
327655,0.5000407404644841
327743,0.4388636613413738
327747,0.2845693038486433
327762,-0.09271440363344371
327766,0.01954456855189165
327799,-1.34112067317873
327814,-0.25877195047249046
327826,-0.06039674004168843
327942,0.15354889682139028
327951,-0.04596033214700301
327954,0.1853780748281225
327956,0.11280319069187764
327957,-0.00346646624955471
327958,-0.920182229056904
327959,-0.00704474305244499
327978,0.09164601474102196
327987,0.2022001865720083
328019,-0.1210141824184468
328035,-0.1913952006346764
328092,0.2941212351062732
328108,-0.23850920776967005
328110,-0.03975558239659335
328162,-0.1484869492647738
328232,-0.1363330382182641
328234,-0.08339942620597623
328258,0.13004508285601923
328329,0.20179386608636396
328365,0.02755997429220171
328370,-0.09497632252277265
328381,-0.14990622347763893
328401,0.4233614763634779
328417,-0.04753363446857417
328424,-0.09127204330725948
328572,0.18046900572026525
328580,-0.04812353992590684
328643,0.17345364390157164
328778,0.7670153071906596
328779,0.20060820688995537
328788,0.3085347116835927
328789,0.05636357887989947
328795,0.07826737480903616
328801,-0.04494246144906454
328833,0.16333816221886227
328845,0.03748706738352292
328949,-0.01766743395847145
328967,0.03393547607191924
329002,-0.09204935641416533
329003,-0.06034688331805699
329015,-0.02739697693994348
329064,0.24463621816176223
329093,-0.6116758501140643
329152,0.6878610491876428
329154,-0.03850839709462545
329178,0.3466095859302133
329207,0.1429010606966676
329244,0.47925767407733977
329251,0.2152523435576707
329252,1.0904513255807808
329260,-0.15928679646251606
329274,0.0203218988164776
329278,-0.8801458969981971
329324,0.5075371995324143
329360,-0.3095301614890348
329375,-0.06975102118206927
329384,-0.22535678105914428
329416,0.05982057611182376
329421,-0.3644160945213007
329460,-0.4448892439234424
329470,-0.04878084170572343
329502,0.969360367686542
329504,-0.0498153900002414
329506,0.4730485548054678
329540,0.26759904686542013
329547,0.06085028898672413
329559,-0.22226157648188705
329581,0.5705010906323895
329628,-0.00878109796448825
329641,0.15561504179654995
329650,-0.04984660812132525
329659,0.366557575941422
329679,0.1991443130001089
329693,-0.07457013302952505
329727,0.7203166425959726
329731,0.710562063723567
329738,0.0693539769795003
329739,0.02077020311368985
329777,0.3006339958072599
329795,0.30719669477847844
329828,-0.4631484162979272
329831,0.1166052390499761
329872,-0.593795262564355
329877,-0.15414414922752834
329908,0.08804532164460036
329910,0.3337495622352941
329934,-1.0493811769817185
329941,0.519087396073257
329954,-0.7821307464427225
329972,0.13297316890194172
329977,-0.2290628926681664
330010,0.4245591116295336
330050,-0.17648742963692057
330064,-0.14209495717716958
330096,-0.43680519626535674
330119,0.202082343776147
330122,-0.13984669646156248
330149,-0.5074626432461474
330171,-9.776087226242153e-4
330177,0.27963642900825575
330188,-1.336838468174077
330189,-0.04266382511083574
330192,-0.01329982575302645
330216,0.27965645799167005
330217,-0.8074290301954372
330222,-0.0519457101353115
330230,0.22113974921215793
330260,-0.01920428118294411
330267,-0.4221342280181207
330277,0.841195456963161
330286,-0.4973739871770088
330301,-1.698743387703214
330319,0.19917670570825907
330323,0.03901194467072674
330355,-0.5045874481524908
330361,-0.4913773154475959
330369,0.04982820304657438
330401,0.05174657717323341
330406,0.28266811917437396
330409,-0.0083790496943396409
330428,-0.3946942498009901
330450,-0.35202812990209864
330460,0.04567449322804975
330463,0.10533628407288698
330470,0.3658359813608566
330474,0.07936526930189909
330483,-0.08931841027697465
330485,0.15980673050774302
330502,-0.1935331232362551
330554,0.26201463159713034
330577,0.1149280593910139
330627,0.07373265188142532
330657,0.05388303956056285
330660,-0.06930097565533036
330662,0.6308562451462201
330671,-1.2832201151529703
330695,0.06159479072002769
330721,1.0308059750114371
330723,-0.2002391367461596
330790,0.4239692716626876
330812,0.4037986648925646
330814,-0.14055444159628616
330817,-0.08102366474680234
330820,-0.02024273306217428
330830,-0.01978975758472614
330836,-0.2118214171771275
330863,-0.08058099923128537
330890,-0.16950810586207632
330908,0.01247701337714774
330914,1.4440922016825488
330921,0.42726642633214673
330938,-0.3337794173170129
330941,-0.02825639820933739
330953,0.5053022971220097
330959,-0.05441219835615101
330962,0.4404338192592508
330998,0.5136526641497613
331004,0.08066465105223201
331026,0.03445039211572903
331046,0.7172220894652936
331401,-0.063684685599201707
331461,0.13615323244929006
331474,0.01469129814868171
331487,-0.15857227571091878
331524,-0.1107834735515402
331532,0.30276082981891206
331535,-0.20085479227035383
331623,0.2521623932578879
332110,1.61445423795322
332131,-0.487385992991098
332175,-0.16431316199024457
332221,0.3905167279080556
332309,0.15017271615859462
332359,0.8917857692309146
332396,0.17987109118681852
332397,0.7059725715487851
332427,-0.5031281386679078
332578,0.611637382797235
332579,0.14809200152022614
332713,-0.43723633118728494
332934,0.06544004055608708
332937,-0.20039478693719187
333048,0.5110910724516134
333050,0.6730963243819518
333182,0.05462599118408762
333193,0.00277559756848713
333315,0.05382010450371138
333329,-0.1361242306349899
333424,-0.39224258358829733
333433,0.25891729598443153
333605,0.5166176865554867
333639,-7.187143155766365e-4
333654,-0.1036423772338978
333789,0.11265554308943015
333883,0.02483531715037791
338320,-0.144116306154294
338337,0.09592120647515416
338346,-0.20264831057520025
338348,0.05542027258715555
338349,-0.0361288446661958
338352,0.5601611883058669
338354,0.02150256894867844
338355,-0.03350025040134128
338359,0.2275048946468917
338362,-0.19964936925733492
338363,0.0223897356415388
338364,0.13508668938826757
338365,0.3041670688234253
338366,0.03714789179025017
338367,0.1919502330529574
338368,0.13716658329207734
338369,-0.03427100215122716
338370,-0.8912731693213292
338371,-0.03615615908526064
338372,-0.01808467097397793
338375,-0.4570456167003245
338403,0.9275679140361316
338417,0.18788914228112177
338467,-0.2931822000894005
338521,0.10614139757767124
338523,0.24245569740082873
347722,-0.48344152346381386
353025,-0.0638125490211593
353047,0.01068390969091347
353130,-0.220350820481706
353148,-0.4186908242513655
353155,-0.09422464747159394
353156,-0.8404540857312737
353165,-0.3559687566714701
353169,-0.08448019019616707
353170,0.00356672717947873
353172,0.01862386877739265
353187,-0.23988605664120533
353188,-0.22644144341173428
353190,0.450726180720428
353211,0.5807350361195119
353236,1.1567572123629768
353237,-0.29535090440779765
353242,-0.05584109555489246
353258,-0.1260879003047355
353282,0.17677167361964236
353283,0.29188856472699254
353310,0.2125142767578904
353326,-0.06976517110394173
353328,-0.7272130411905511
353344,-0.430543558206767
353346,-0.33452461474250805
353499,0.03658648012733725
353502,0.04298767748057428
360013,0.12728811897373316
360213,-0.4024198605273187
360216,-0.0292481760858178
368202,0.00794211654970853
373864,0.214357504887984
378425,0.213187346989099
378430,0.0837988361796947
378431,-0.11759452984037733
378435,0.1407097412360045
378460,0.15884800771023505
378462,0.23158151188983953
378700,-0.27126213844567143
378702,0.04886399401843572
378937,0.4850941142071482
380601,-0.09449470287214767
380614,0.2427140482203789
380629,-0.05404535047772481
380660,-0.36062429984797234
380664,-0.30593360199639713
380669,0.30949549151889916
380683,-0.04409077551889458
380684,0.05596107093927861
380686,-0.41922064374503265
380698,0.7733494968379357
380702,0.15956936139548572
380705,0.7433125902271643
380709,0.07905298401697582
380711,0.05382400777010429
380712,-0.11303249122964036
380713,0.24114932220355065
380714,0.06979568735452323
380718,0.03094043386369085
380728,-0.1223881715130512
380752,-0.05013077493498782
380753,0.1804035716816744
380755,0.15460137702712692
380773,-0.10018711642524218
380780,0.05957599660544065
380785,0.00362346772952933
380836,0.3299562442734174
380840,0.07956780933643444
380842,-0.1180006564014598
380863,-0.16496582370216206
380912,-0.10753373853883032
380916,-0.16517351153975163
380918,0.7911940496716449
380921,0.5605055404756693
380924,-0.04012735997569558
380928,-0.3881922051359754
380967,0.16834227804462473
380969,-0.11801737864613748
380975,0.00727679616520909
380993,0.21129145120456716
381022,-7.512176260041914e-4
381038,0.05500321294413738
381062,-0.12538855150383887
381073,0.9091270964220456
381077,-0.46745992219535626
381085,-2.1073016110778375e-4
381101,-0.3068673522522823
381104,-0.04169724151246227
381107,0.18030398962325783
381110,0.2722349700407292
381112,-0.38407361435384224
381113,0.10520365602369562
381122,-0.171336608485262
381126,-0.288006747491637
381142,-0.35755708568825123
381157,-0.1967119411596598
381175,-0.21862223600412417
381199,0.23675603037541887
381201,0.0263199027739322
381204,0.23879136636986137
381217,-0.23984328213538617
381229,0.1618647357644586
381246,-0.6363103043955135
381259,-0.3789976515759608
381269,-0.00463618707779582
381270,-0.4062172905968293
381280,0.3353242870874983
381290,-0.05344431889998514
381293,-0.02646723589128173
381305,-0.04338974260380691
381306,-0.1523234113597351
381310,0.6178721340116489
381314,-0.17542143918680525
381318,0.0466887130556174
381319,0.13077548447268372
381337,-0.14568420042302768
381338,0.07698786470051971
381339,-0.4492331074215192
381350,0.4548909612049621
381352,0.06679302020398564
381353,0.2348047284419384
381356,-0.13651642171586523
381359,0.32532698608480687
381373,0.2442077158436735
381375,-0.1472928472031414
381379,0.07642740544184093
381399,0.233417846625591
381404,-0.03174423067786611
381409,0.05794550478558488
381410,0.00860588425889441
381411,0.09743009588077874
381413,0.1929928973395024
381418,-0.5899705338055796
381457,0.33125944058838713
381476,-0.4061717338691028
381485,-0.132442300968654
381489,0.1562062072511346
381510,-0.2534040303708525
381511,-0.3656702242131368
381522,0.4762664033992713
381534,-0.4086674737636604
381538,0.7631792330947711
381544,0.6030518760123996
381546,-0.1077930971810621
381549,-0.28422274302569217
381560,0.05431892489013717
381580,0.1583842055636758
381582,-0.07878185901628106
381591,-0.212828054052932
381605,-0.07783469916909334
381626,0.13788851709440492
381628,-0.7516372369504501
381629,-0.14673475337113434
381633,-0.11613185141840814
381644,-0.24131609612451463
381651,-0.8875156647056409
381668,-0.01329865519505945
381677,-0.36655972521797553
381678,0.3867252232838719
381686,0.11569418362143948
381694,0.09605941748620234
381695,-0.09796009855739551
381738,0.06804002982446276
381741,1.0872900359158757
381760,-0.16530501072233772
381798,0.4227311679788711
381801,0.7581619120722718
381810,0.7692590407596487
381812,0.10411315128410628
381813,0.00156901267846776
381823,0.16760337833596728
381835,0.34327495787913553
381853,0.12337329891632924
381884,0.22653400304860336
381903,-0.07177929761835494
381921,0.3041369992115997
381924,0.1393518833367274
381925,0.13420409029104974
381974,-1.1452836563312492
381979,-0.2676610099594831
381983,-0.5912249254782823
381990,0.05768746085103463
382010,0.08768868156895357
382014,-0.08982276468053756
382018,0.3304737312317818
382030,-0.04069082031456687
382034,-0.01962262964246834
382038,0.08337371281371225
382045,0.04462297506133202
382051,0.14820938940846315
382056,-0.02820521457323456
382062,-0.0243872041067962
382066,-0.13603896169329757
382073,0.15746585775574012
382074,0.02671652344084604
382075,0.5081474621631806
382077,-0.10332617061693591
382083,0.277549272351016
382089,0.1621521092049205
382090,0.06881454753533492
382111,-0.30720914728028226
382113,-0.960323158380574
382117,-0.29659800643432893
382118,0.14116805168617189
382137,-0.33200735425125266
382207,-0.39683659179915975
382236,-0.333561026663831
382239,-0.27047875281510225
382252,-0.29282576468255495
382253,0.4512904448324677
382384,0.05138062650133904
382406,-0.13148983670144537
382423,0.08868963607088694
382427,-0.02591788146023396
382543,-0.333062792233186
382562,-0.28674031289844937
382571,0.2717646806676792
382620,0.05601213408903291
382639,0.4719477547253036
382793,-0.383040354635102
382864,-0.02795948573248735
382867,0.1466118431766496
382913,0.02512074458788042
382985,-0.4185508821859312
383075,-0.45998854813426426
383103,-0.2526461398754975
383348,0.2295437208253206
383491,-0.5828088784582146
383563,0.0727134033080035
383619,-0.04528268398626241
383766,0.27125532499883914
383787,-0.4675526953399189
384009,0.0523285199847549
384061,0.3626676691086519
384071,-0.6365790720629099
384185,0.5461584595314372
384214,-0.4140170042449657
384309,0.07926326839493988
384763,0.3191528853162756
384783,0.07135895512528533
384997,0.2556064108042776
385354,0.00784081626159366
385377,0.6066689011409374
385658,0.01419241707681134
385668,-0.2858839705081999
385674,-0.361357773546622
386454,0.1939659774519565
386463,-0.6135076748496879
386611,-0.5476342110886818
386612,-0.14308650991083313
386649,7.937488491929975e-4
386655,-0.3536171765290596
386750,0.37912836437731834
387285,0.253163404690884
387314,0.3376173666142962
387346,0.21708019581239765
387347,-0.3657386413733218
387348,-0.7828517925899817
387349,-0.42913052773175464
387353,0.3415514433849784
387355,-0.15274641113658605
387356,-0.04639006714026982
387510,-0.3612653787427801
387512,0.6320240365376016
387513,-1.177325918543004
387515,-0.4290820535270109
387524,-0.1981865600472988
387609,0.1566248327361393
387616,0.02898058197751104
394252,0.9511835974294852
394433,0.01137673073497235
396184,-0.31621285192276716
399510,-0.09187020392929074
399548,0.6623440779605564
399558,0.4785559436600556
399568,0.03700763527316247
399603,-0.4459469549088666
403171,0.0994690170498979
403174,-0.110436889584388
403175,-0.34327696387511175
403178,-0.094159877030112
403180,0.02203217543267302
403187,-0.03439573108545585
403205,0.27272709020778385
403395,-0.5753954166173768
404194,-0.2265636140009824
404222,0.08023909412752092
404242,0.17924662867702168
404317,-0.15367880681690343
404319,0.24470937527587389
404346,-0.3276732741338977
404545,-0.28565983693457714
404710,-0.0974810651067391
406217,0.15382916080493858
406218,0.238595361558928
406219,0.7358812250832949
406220,0.4169448688753975
406221,-0.25589557595259377
407243,-0.36345066331225206
407786,-0.08403208218536126
407790,-1.1628152879920115
407800,-0.4549209708665477
407819,-0.01535026452444194
407821,0.00770855289847925
407831,-0.2992639107211634
408022,0.6486091438894905
408068,-0.2214172367610978
408190,-0.15620322361539118
408193,0.3015581755155835
408198,0.00142849072843785
414069,0.18482685882036717
414077,-0.02835824282486123
414084,-0.2275234846420336
414801,0.06114680505231405
414872,0.09735763750235273
415115,-0.06454926949255176
431706,-0.24460698034115924
432442,-0.27237393964159085
432467,0.1729567835844591
432478,-0.7501439371891397
432486,-0.00792429498017483
432508,0.09382195393685969
432516,0.21797208725921385
432552,0.17214284037269623
432572,0.10539048754414462
432611,0.30497741673119644
432628,-0.03323860549725849
432677,-0.4591791379428467
432763,0.06993672098522533
432779,0.30748146390645553
432839,-0.04444492977216284
432879,-0.31957361290863406
432940,-0.04384337788506426
433022,-0.2927380035268556
433091,0.20630164669794343
433178,-0.1828267750419297
433256,0.07679212665635017
433292,0.02079524319236521
433294,0.09156477207299564
433323,-0.5479075409736883
433375,0.02651869508511256
433386,-0.5359754800840549
433470,0.0353573044477162
433485,-0.4005714343723776
433586,0.06340696196746828
433619,-0.04180022593737709
433638,0.1333405147455642
433667,0.10571216322264725
433693,0.02972000080070741
433700,0.2707226258827614
433702,0.1009768510313509
433759,-0.04951829680882611
433766,-0.07009949374604899
433771,-0.04890339727084653
433809,-0.6964251817740028
433813,0.07312044544361311
433864,0.08811310722367127
433899,-0.1877570113108172
433904,0.2437235113297374
433926,0.20176438883123704
433931,0.1841287908959792
433938,-0.26161403702339653
433940,0.01095914934631733
433956,-0.05108101718226579
434008,-0.6411541094062883
434128,0.5017113379317747
434130,0.6603354213151876
434156,-0.17201901288549754
434203,-0.01272504365352512
434204,-0.03348705021433115
434215,0.0153356382520082
434232,-0.0615730315678232
434246,0.06200459868409559
434325,0.11706459641822352
434341,0.09119023013026892
434377,-1.2144292448523166
434402,-0.03188448897497961
434423,-0.33451108597185053
434437,0.07481332632893611
434438,-0.4167805260211128
434439,0.27157710294957293
434484,-0.04304328814711877
434756,0.7369503249315363
434778,-0.4384097903984753
434784,-0.23804277001691257
434903,0.1547669217097783
435145,-0.6972880138224857
435285,0.1287725546519584
435286,-0.20017541796346405
435391,-0.00298692457865551
435528,0.00209968835972336
435529,-0.09507976798823922
435626,0.15585922185126788
435653,0.11031118677355896
435684,-0.2907223273608217
435811,-0.21064078056689775
435815,0.6018595964127542
435818,-0.19419408452015915
435965,-0.00232449497214504
436022,0.6078261128890048
436059,-0.15765311874088905
436062,0.08556634877545127
436240,0.49692979360284345
442801,-0.08703729907721144
442829,0.1381226275961484
445007,-0.17432452213046917
446101,0.14010626342811802
448850,-0.08445974968170841
448987,-0.7265880323803199
449521,-0.10073464988610722
474156,-0.19942748943219665
494448,-0.0963351925830704
494468,-0.2251869266761493
494504,0.5186095356297022
497071,0.4320245030532892
497097,-0.10866396991413856
497106,-0.273517839496549
497113,-0.6207442612358725
497652,-0.12674331589779828
503558,-0.5106834853375963
503610,-0.03229624777970287
503847,0.2306207270606317
504186,-0.6845640115155212
544678,-0.3707571098480128
544696,-0.4339867588010168
544763,0.1521471809756859
544791,0.3346816597431948
544817,0.37633792156125967
544963,0.05537526640027372
544971,-0.01002227469526126
545030,0.13600421020548542
545085,0.16046946770984635
545091,-0.10875395695130896
545136,-0.08326067967514236
545156,0.24802979558665583
545192,0.12134463278401653
545260,0.4525026150747965
545276,0.01821614125274679
545279,0.09577630080068789
545291,0.778978889756724
545370,-0.4329897227957899
545389,0.2814253934307892
545428,-0.05649565108187663
545474,-0.01702642159053325
545481,-0.1838364322024758
545486,0.24097819251920236
545527,-0.38635208656425624
545554,0.1254636310554575
545622,-0.367705853225345
545667,0.17192942339968964
545798,-0.20519619988943463
545817,-0.20199909234796776
545824,0.5153971915605725
545893,-0.6239567949725158
545902,0.7975675931510606
545975,-0.14426318506532024
546071,0.00977156458595229
546134,0.05668667221700339
546143,0.08941724152371831
546144,0.23520187897358785
546336,-0.19123209551163944
546519,0.3413204820776741
546611,-0.37731784743615593
546648,0.2843559579598978
546726,0.6624978224563031
546729,0.21551801703204815
546747,-0.0771944996899731
546840,0.3559069106755221
546886,0.12364537968656836
547176,1.3430135132342005
547253,0.07074833698850448
547431,0.22642439064956188
550619,0.03460820661302254
552899,-0.1320119599703514
574402,-0.04025138327949404
574403,0.3203328152640112
574417,0.07322137651357541
574428,-0.1894138737189976
595136,-0.04047061866196944
606496,-0.01070703761257757
619287,0.854295011752525
619288,0.0277805137690934
619289,-0.5190073396054572
619301,0.03140362583323637
619310,-0.14768441774972274
619331,0.04960377441332089
619605,-0.02688811606427615
619665,-0.04297254696862442
620235,-0.32651464077783365
620393,-0.5213853412517409
620592,0.14189002632793435
620709,-0.2945211652809069
620779,0.07063384649540513
621080,0.1823479548487862
621239,-0.03070325145183124
621628,-0.03567481341383112
621893,-0.7752237531982159
621976,0.27518788074241285
622117,0.08525325521201108
622320,-0.2705920554142427
622404,-0.04094114032913332
622408,-0.03835598760138643
622434,0.4821592025094089
622473,0.37547230481351657
622554,0.4028230858552436
622645,-0.6073046216186824
622665,0.05367055867293752
622675,-0.12106519404222252
622935,0.14522640698777484
623046,-0.1900514397812138
623131,0.11668762163891384
623230,0.15623556523767212
623279,-0.39041023457335794
623474,-0.29118362212478793
623503,0.26434400288213167
623661,0.2194878202365526
623781,-0.2061543552198439
624219,-0.18525235763858416
624224,0.7326110865359383
624866,0.10482329984110623
624910,0.46977318714093186
625098,0.370721275994101
625249,0.0333206610484255
625286,-0.08993907765420431
625638,0.4081126043645635
626359,0.7634772834254506
626596,-0.1573215779741027
626834,0.05185289547862663
626870,-0.25808074328302777
627049,-0.4651159178336231
627191,0.4037278977076585
627214,-0.6389362839538597
627607,0.04998018878628427
627626,0.13048312488522928
628100,-0.3724401832928887
628779,0.39645365808996247
628813,0.0495832641738396
628870,0.7308869106065373
629059,0.7856899257784956
629114,-0.31351897803916795
629147,0.07284519109792192
629303,0.5926173310978939
629378,0.39972709876952395
629499,-0.11010921861685372
629524,-0.1419346611904321
629747,-0.15607327612013663
629754,-0.7252073318055183
629761,-0.17174404894043904
629873,0.15771549905049934
630146,0.08175791638461172
631304,0.4336238073272656
631584,-0.04905473768769341
631784,0.5948854706438713
631797,0.4002625918589531
632126,1.0003412541535694
632687,0.5985429966457191
632778,0.39850607910199787
632971,-0.5381601508302126
633285,-0.1843820505651665
633640,0.3805644671709585
633979,0.5866380069745165
634731,-0.23651547945291937
635169,-0.01563750695602731
635253,-0.4073129156032616
636104,0.06058668485824228
636808,-0.649741463986489
636931,0.16330736737550774
639634,0.28553941526190235
640524,0.718367678647152
640543,0.6866202098741001
641340,-0.05890893426303899
641376,0.12131814715518846
654459,-0.19698542451663908
654460,0.29398537875194614
654470,-0.05167064720176378
654498,0.1936451486033686
654795,-0.04663328100663076
654801,-0.3175013370600346
654812,-0.17735543082294333
654818,-0.16561066793813395
654821,-0.1506231845232313
654824,-0.345027119773743
664799,0.1755128014451504
664805,-0.3248061948423772
664883,0.15804918780341015
664968,-0.3533477336919906
664994,0.577004033152698
665033,0.5789849581791586
665113,0.3490964687413315
665119,0.3789705473704612
665180,0.05798686872856109
665270,-0.8155957542918961
665525,-0.5058243097136272
665563,-0.09163822123672972
665574,0.48744823818285393
665775,-0.18804485090215384
666048,-0.14229467551735184
666060,0.5212344480166505
666173,-0.06577115562107241
666279,0.00823080687268428
666311,1.1796576982592666
666339,0.12971264540733415
666468,0.2542501355906027
666528,0.17882005479909713
666794,0.22557137483825213
666938,0.13892714527839428
667118,0.02040588784481654
667663,0.38698658047610546
667742,-0.07605142854357905
667772,-0.41807768748876856
668110,0.27304374325313296
668158,0.0988371339889309
668166,-0.16350198930966747
668173,-0.21501955861595
668212,0.1386302316831321
668257,-0.45222660430523226
668303,1.0056139281920171
668433,-0.03183583406667595
668501,-0.06677465670871123
668929,0.1483951531828942
668940,0.27735706917467795
671232,-0.14248580991402648
671535,-0.06889839322530761
671564,0.3247749971963149
675812,0.3291990970410037
677296,0.2368925104878452
692132,0.3238376705471662
751865,-6.99438718701182e-4
791260,-0.5880482304786299
100009600,-0.0726275800159628
100037258,0.08868679870074814
100037278,-0.26813952034981725
100038347,0.1473874581441143
100038417,0.30307544516486684
100038725,0.4813501319813346
100038882,0.06334118572899626
100039139,0.39038104027807474
100039596,-0.22364821971928628
100039672,0.1458821784844539
100039781,-0.7046669322632446
100039795,0.11482630867745004
100039801,0.43370854813493154
100039968,-0.09222115322950496
100040591,-0.29177519905654
100040608,-0.25553515772673185
100040766,0.5371506505564004
100040972,0.6348632694148255
100041096,0.11695566705957268
100041581,0.2847098768442159
100042150,-0.2477127157288283
100042450,-0.6524726823003206
100042480,0.05829093838796805
100043057,-0.00588982553265136
100043254,-0.3983685457338794
100043314,0.01288780544559336
100043332,0.3213631527919877
100043474,0.5857537606317702
100043597,0.4674992599485421
100043757,0.31903085161730405
100043861,0.20026420437313264
100043899,0.4420319003032547
100045792,-0.15667002792636112
100048534,0.15122736095536793
100048658,-0.22499100236326852
100073351,-0.5906194420867492
100113398,-0.12883584800018175
100126824,-0.19427878019378236
100216474,-0.35049929173108946
100233175,-0.05864637161942344
100233207,-0.30493976921425303
100416706,-0.23227128709999623
100502698,-0.04695677985781337
100502841,0.03967078882295411
100502861,-0.0289581163984965
100502876,0.3587207307787242
100503041,0.37038554776196375
100503185,0.4080873823264023
100503311,0.3773248030440467
100503361,0.8574469566277818
100503572,0.24043918623590735
100503879,0.12357316580700156
100503884,-0.05027742733493884
100503991,0.15661364648082568
100504156,0.5479570463899093
100504164,0.23494973395922383
100504183,0.1000922879197812
100504234,0.09251385725645458
100504285,0.5252463310478266
100504446,1.05451920412462
100504491,0.17676301201790962
100504518,0.5101480669428244
100504608,-0.20768237184864297
100504663,-0.04337252648155836
100504689,-0.5626864989459482
100505386,0.02721118772940967
