MM.Entrez,EffectSize
11298,0.4062963617243478
11302,0.02061473017511436
11303,-0.07035969537248288
11304,-0.09718647724756244
11305,-0.1219019799279714
11306,0.05987955495783832
11307,-0.04433673956744878
11308,-0.00344056716084023
11350,-0.03361705947538338
11352,-0.1599662951737263
11363,-0.01183689834337406
11364,-0.06870793588239346
11370,-0.05348558190727298
11409,-0.07430565472326031
11416,0.07398383536821049
11419,0.2282215663279596
11421,0.19280330130520903
11423,0.6746358468065721
11428,-0.4064412326872573
11429,0.06289529681301487
11430,-0.02688809928405747
11431,-0.00475806027837693
11432,-0.00614082479323227
11433,-0.1159025678554267
11434,-0.13590685073567407
11435,-0.6126519735190126
11438,0.34781091151845184
11440,0.12087620206371807
11441,-0.3130727637292144
11443,-0.03414652894090415
11444,-0.2569652497614736
11447,0.5714036748499488
11448,0.17231724797207676
11449,0.48563153400948
11450,-0.4835468814284224
11464,1.0148761386773653
11465,0.09855063286587697
11468,-0.2112614244812248
11470,0.9828526608045354
11471,-0.04483854335924568
11472,-0.17554866272294575
11475,-0.16502979471329093
11477,0.09409847264721316
11479,-0.04961080823579664
11480,-0.4953059363321374
11481,0.2562711017076791
11482,-0.20717311014407855
11484,-0.3403996165333536
11486,-0.1390406874728364
11487,0.09165788122985569
11488,0.0361162285001998
11489,0.15190804418298562
11490,-0.00703389976745129
11491,-0.3065720197692042
11492,0.3546363468502215
11495,-0.5588000838241874
11496,0.25618933944435873
11500,-0.29825132613077726
11501,0.00566628464537285
11502,-0.03871099206207258
11504,-0.11944221445122316
11513,-0.05693228942948794
11514,0.29042946316278956
11515,0.5569754604331055
11516,-0.5049187172405767
11517,0.6650384233336831
11518,0.02773542472225411
11519,0.09308003106913872
11520,-0.04543633694864363
11522,-0.2839464561694681
11529,0.3923276223615584
11532,-0.539875411446519
11534,-0.01792695232722892
11535,-0.35284392681963117
11536,0.541098748721367
11537,-0.7980345324353801
11538,-0.05653155878237134
11539,-0.7393306539128954
11540,-0.10681298276257906
11541,-0.1436437480613095
11542,-0.2896769773789786
11545,-0.01359812325883639
11546,-0.28207251610396683
11548,0.0178833099476448
11549,0.42693742473931073
11550,0.3099153983973299
11551,-0.11104437321164688
11552,-0.5748857243048222
11553,0.26988857196489446
11554,-0.23430865097792497
11555,-0.13967639156846776
11556,0.41266786055025523
11564,-0.20217175598825343
11565,0.05062682258476929
11566,-0.00809166789059995
11567,0.2507772428893122
11568,-1.0158060980685142
11569,0.2548153558068343
11571,0.3520113954266477
11576,-0.22405796039948633
11593,-0.3723582190988846
11596,0.2622480375451782
11600,0.18035792155135472
11601,-0.34621357361281097
11602,0.508424522480135
11603,-0.17289208891503993
11604,-0.19201146711936007
11605,-0.05183713473484862
11607,0.3536541493701522
11609,-0.23697360279907348
11610,0.19383167480501357
11614,0.28291905001966466
11622,-0.00681212564649411
11624,-0.46967916944446114
11625,0.3486304177345146
11628,-0.02174728849611579
11629,-0.14881504690474423
11630,-0.00655011019452128
11632,-0.05528057724554164
11634,-0.09491525983082014
11636,0.0873628971498131
11637,-0.05701061671756716
11639,1.4577575223244863
11640,0.03687175253686434
11642,0.3451741035562832
11643,0.4024744015241387
11648,0.162247074702498
11650,0.10020069331725225
11651,-0.11769534248609438
11652,-0.01538199404107157
11655,0.20707812165167905
11656,0.02592669773705128
11657,0.484118151913742
11658,0.19698693605939316
11666,0.1014552211025504
11668,0.12275287852277957
11669,0.12474622489635284
11670,-0.1264442625488223
11671,-0.02712952066100137
11674,0.0772870344004897
11676,-0.068107124857628
11677,-0.0576617403690355
11682,0.14553968684551422
11684,0.1564879623206096
11686,-0.470763964923134
11687,-0.348750676299473
11688,1.151597584539915
11689,-0.05070226072011201
11692,-0.1765637474382393
11694,0.19198840518876423
11698,-0.22038547439246625
11699,0.6140553393323901
11704,-0.6260791852383222
11705,0.17758713219150096
11717,0.4863961286077279
11720,0.07768875136415368
11727,-0.4131204440645274
11732,0.1220387905128797
11733,0.34312518365694394
11735,0.05434035441570033
11736,-0.16324669127448663
11737,-0.34222095731581426
11739,-0.16650917498810558
11744,0.09079155335676702
11745,0.04639910335294876
11746,5.053125238436724e-4
11747,0.08572545796837462
11749,0.01786752054280856
11750,-0.2405732936841936
11754,-0.01636532650198842
11757,0.00491015082439254
11758,0.05496350621634047
11761,0.16336433121829333
11764,-0.00279284161032305
11765,0.00630634499897697
11767,-0.06131680220848962
11768,0.15073456610652566
11769,-0.10900906081139
11770,-0.5213829017155348
11771,0.00897292422332486
11772,0.24173667995481565
11773,0.09904486510384317
11774,0.06730813028737379
11775,-0.14113601503864304
11776,0.12044590384143644
11777,-0.00238307639097383
11778,-0.05762904460177924
11781,-0.15699525806472614
11782,-0.03901859852572406
11783,-0.22607665555623127
11784,0.15009452763341344
11787,-0.20295809180041377
11789,0.0484724267912903
11790,0.2675430432682475
11792,-0.22574793639361457
11793,-0.17737428334519087
11796,0.0714004504284208
11797,-0.1262559664742816
11798,-0.14830039430753156
11799,0.03212956108304825
11801,-0.29942313076206717
11803,0.2258504214124347
11804,0.09076016213315063
11806,-0.09646402389411464
11807,-0.05758266928620927
11810,-0.01468532026237543
11811,1.9400734856897224
11812,-0.289824954622669
11814,0.17246808930263774
11815,-0.06502002924233168
11816,0.03310402947068677
11818,-0.02632197695972066
11819,-0.18632048682102592
11820,0.02800239492673252
11826,0.02331392527971027
11827,0.1106957227192298
11828,-0.11823988267273232
11829,0.20133740186918045
11830,0.02531438745827727
11831,0.922163375152859
11832,0.2850741056203535
11833,-0.26438727684814395
11834,0.04135531623344997
11835,0.21728031875858328
11836,-0.0527741822119268
11837,-0.02970524473715256
11838,-0.5449037527898837
11841,-0.02931411497303895
11842,0.08129519767152969
11843,-0.04229822336743012
11844,0.0098570457025174
11845,-0.06255808926830139
11846,-0.10755481123863804
11847,-0.18887786458072003
11848,0.12234929249025615
11852,0.00385277819375212
11853,0.22849199767301587
11855,0.27958969780685605
11856,0.18625191432473087
11857,-0.03072773912860398
11858,-0.5157469625241589
11859,-0.5339384867939301
11861,-0.01473257238715571
11863,0.07058052289110447
11864,0.28642256434631785
11865,-0.17718103984268938
11867,-0.03601062525850149
11870,-0.15360131961077866
11875,0.3500527734476424
11876,0.09064379212717022
11877,0.14799473346304276
11878,-1.021358400786098
11881,-0.20946173412402627
11883,0.07877930052956733
11886,0.06438109207963119
11889,-0.9280202122235156
11890,0.3814448239962903
11891,0.20866611798496948
11898,0.03591117798427713
11905,-0.4834281787022795
11906,-0.00957614152625755
11907,-0.01329984399972733
11909,-0.1640010255254286
11910,0.01918110488434024
11911,-0.01773057680863057
11920,0.14469885254092807
11921,-0.9529474952657686
11922,0.12007152056320104
11923,0.19664312881310303
11924,0.19578923612463073
11925,0.20197094359529588
11927,0.05937179448744443
11928,-0.2271876727410969
11931,-0.0270176712125707
11932,-0.248015412697751
11933,-0.127239942219401
11936,-0.2510427607934026
11937,-0.3931319474853452
11938,-0.44871108930371384
11941,-0.11269908589130637
11944,0.2401468617065088
11945,0.01414003279707498
11946,1.1482683313211034e-4
11947,0.03465442152141666
11950,-0.11842204965357088
11951,-0.03271806563282725
11957,0.4616676659438917
11958,-0.05793521582371233
11964,0.19094201617458872
11966,-0.43654398754876833
11972,0.02631405024732677
11973,0.00442679983285096
11974,-0.0941454954531972
11975,0.03326416056408408
11977,0.1967745960889341
11979,0.33542095048755394
11980,-0.03238712789626934
11981,0.2973854848862396
11983,0.04832443604181281
11984,0.11023890964931247
11987,0.1305255234474677
11988,0.16786471395721533
11989,0.12534553374361931
11990,-0.3686316438707986
11991,-0.04529646955779785
11992,-0.06116352684972478
11993,-0.04375028245026122
11998,0.9043022039723724
12000,0.0845847587887802
12005,0.14150797827839678
12006,-0.3324415162677405
12009,-0.02553793031544772
12010,-0.0213397888434771
12012,0.10972655271891477
12014,0.02437012751458344
12015,-0.1064928048886673
12017,0.02293663049907395
12020,0.11577072332234586
12021,-0.0769327066915972
12022,0.04037353036175852
12023,0.4530163457186819
12028,-0.100710958720356
12029,0.00945609458306768
12032,0.40277527780706546
12033,-0.33693787369466166
12034,-0.12886349747591214
12035,-0.7910805582125839
12036,0.04176914888239793
12038,0.12156203653193716
12039,-0.04311259047958223
12040,-0.11372737264352072
12041,0.01708617141872932
12042,-0.018884813539462902
12043,0.15736108461791748
12048,0.08009517836731245
12049,0.07480486039906088
12051,-0.10075259751331132
12053,-0.01559967439561477
12054,-0.08145201584370187
12055,-0.11472489947419086
12057,0.03006167008562528
12061,1.1057771425158736
12062,0.06783277347528135
12064,0.4407841288821839
12068,-0.24094770043289443
12069,-0.3442060851440889
12070,0.1165359026647115
12075,0.5001516375520794
12091,-0.09706283890380717
12111,0.37907743113147346
12116,0.160886890948876
12121,0.14261315118623594
12122,0.00527875750926088
12123,0.43940506779197447
12124,-0.08273927796653302
12125,-0.036682635460541
12140,0.4480034417624219
12142,-0.31398842161908325
12143,-0.2070529522974596
12144,0.03910021092550228
12145,-0.03726962580995081
12151,-0.1750140395238477
12153,0.2825568493970034
12154,0.10476082883028057
12155,-0.02504574141638853
12156,0.3009072662673118
12159,0.17916478876622938
12160,-0.28157014034895333
12161,0.3012043295255502
12162,-0.334318332536258
12163,0.2221602039988584
12166,0.2903608197330057
12167,0.24681744264286457
12168,-0.0381429241365727
12169,0.10078075076608184
12173,0.34191609647821886
12175,-0.026960083956122632
12176,-0.03278828122538448
12180,0.35131800438830285
12181,0.03173229559255155
12182,-0.12695541295562046
12183,0.09504416418809176
12190,-0.25495524117527235
12192,-0.03172926481133237
12193,0.0501845950800521
12209,-0.01911217838314856
12211,0.04537821793314206
12212,0.21080683017294624
12215,0.02048798994683739
12217,0.00187151996338843
12223,0.5712963688616004
12224,0.1934039009253412
12226,-0.03083182675669306
12227,0.00195687250033207
12228,0.03641888402315045
12229,0.15242370784800666
12231,-0.00462624949060797
12234,0.04087823388704695
12235,-0.08094069376239185
12236,-0.17090192381049407
12237,-0.05511253114633283
12238,-0.13147645177620987
12257,-0.02373912736226294
12258,0.48959715826011585
12259,0.2508363247860222
12260,0.5407840784000836
12261,-0.17492630413420118
12262,-0.0997258363782348
12263,-0.2131501873115721
12265,-0.22542068622149453
12266,0.29127356372993013
12267,0.10312102469775074
12273,0.6135380105075925
12274,-0.0258318898104838
12279,1.0170480739270735
12282,0.5969694073410889
12283,0.09406936257383466
12286,0.08644308876779869
12287,-0.13159262766443225
12288,0.00254956992975263
12289,-0.12246814307761884
12290,0.17052483339893404
12291,0.33631619538361124
12292,0.23535680607903925
12293,0.5860839961344334
12294,0.23958393065219763
12295,-0.08099932393901843
12296,-0.04255796645821952
12298,0.25518851775274276
12299,-0.9379827094808548
12300,0.02578992228118415
12301,-0.08303471410675052
12304,0.0687459156828274
12305,-0.6466614625663114
12306,0.03581654080704814
12307,-0.16051733748165734
12308,0.02526898970608093
12309,0.39314477450504826
12310,-0.1142922252251001
12311,0.2261961766079249
12316,-0.01757867231422653
12317,0.12622567793945813
12319,-0.04543075581806136
12321,-0.5065407590912869
12322,-0.0784354782405213
12325,-0.15309376215155424
12326,-0.19656925501645936
12328,-0.21932868689833757
12330,0.06186561532127051
12331,0.05890780543644951
12332,0.07357542484158291
12334,0.16157204596890845
12335,0.17226910600192774
12336,0.09141899707602032
12337,0.3970504451452114
12338,0.2976518110356486
12339,-0.03447203366063073
12340,-0.01736151270594332
12343,0.0619074814698092
12344,0.08848041274917488
12345,0.08810871335448964
12346,0.0396021111621907
12348,0.7343892250140962
12349,0.0701732792327528
12350,-1.1055463838755977
12351,-0.15795394757260425
12352,-0.07092030202654322
12353,-0.15933386048374815
12354,0.17753443642585487
12355,-0.20535370874320943
12359,0.1066410739024098
12361,0.02809385745474799
12362,0.07428536193698386
12363,-0.0892927949357868
12364,-0.0544239015579053
12365,-0.32627816345808835
12366,-0.07641404108922967
12367,0.20782817365473877
12368,-0.096176102928541
12369,-0.201521745176019
12370,-0.14113931427697843
12371,0.03905219204073865
12374,-0.0926186230100338
12380,0.04112005518860447
12385,0.13043982119768388
12386,-0.2195397228667768
12387,-0.1329479087075082
12388,0.48195320748248954
12389,-0.6362839382202683
12391,0.8451859165793099
12393,0.5354358887467221
12394,0.22250385965043745
12395,0.2682222810356413
12396,-0.09156035809717523
12398,0.15749150634761658
12399,-0.22896024522901495
12400,-0.20373736842322712
12401,0.11219986743984708
12402,0.3710113406578335
12404,0.3637003198452537
12405,-0.14944877099202833
12408,0.05105775844072412
12411,-0.17498270393341145
12412,0.17690804893956583
12416,-0.3218622131853304
12418,-0.02600069298367578
12419,0.2618003104041138
12421,-0.18272973612434004
12424,-1.1189384446155901
12425,-0.45783828643250835
12426,0.1369561972084889
12428,0.13286339797830216
12443,-0.537441748957627
12444,0.07266773199789955
12445,0.06102114899896201
12447,0.11260929839456228
12448,-0.2110053721068653
12449,-0.32564734354581265
12450,-0.17059180198299342
12452,-0.24352281142914953
12453,0.00727026888009521
12454,0.08136552596996739
12455,0.28996548141468503
12457,-0.00812958996137817
12458,0.07736664135610644
12460,-0.08607757878307568
12461,-0.07981258657871083
12462,-0.00186785037357277
12464,-0.13368443857134857
12465,-0.0219658376876539
12466,0.09857327478450088
12467,-0.17693994667940952
12468,-0.01320463319136803
12469,0.0513258762034464
12475,0.6695338333039171
12476,-0.1746049412578177
12477,0.362179348299857
12478,-0.05372195236303975
12479,-0.19801151059078909
12481,-0.06033530425106446
12482,-0.04211743479846384
12483,-0.00974975335243882
12487,-0.1767801039085981
12488,-0.02789153662334786
12490,-0.14293660162850597
12491,0.2583875954217
12492,-0.05120924250498435
12493,0.02184421784131806
12494,0.04948452933282275
12495,-0.14806750769268404
12496,-0.10112406064149784
12497,-0.4874590248376045
12499,-0.12699121759419876
12500,-0.0363765732130555
12501,-0.0064648791439017
12502,-0.1517171757541759
12503,-0.4062193071523791
12504,0.01175818202929843
12505,0.17302762286178772
12506,-0.16292940034487052
12507,-0.11617497636151349
12508,-0.101296487354841
12511,-0.08361107825820266
12512,-0.13370577174863668
12514,0.04389368777417755
12516,-0.01810359038303385
12517,-0.11125812021694843
12518,0.30618334548295645
12519,0.3184246930571708
12520,0.096338948247734
12521,0.03008808646817827
12522,-0.13189481205552742
12523,0.06125153311145694
12524,-0.212036184893804
12525,-0.25901255291155334
12527,0.12019269610132584
12531,0.07887224398200146
12532,0.01278720326792389
12534,-0.2960034905993203
12539,0.01935616900040504
12540,0.00906985649820102
12544,-0.20463299139881
12545,-0.3236556556369956
12549,0.3766023827469789
12550,0.02126508236566183
12552,0.35748548308749356
12554,0.4811903379932529
12555,0.1981508930891365
12556,0.23882609869303956
12557,-0.3123006833471976
12558,-0.2830490375886787
12560,-0.05026897151150754
12561,-0.5225902647869666
12562,0.1867937180401545
12563,0.6842634210252705
12564,0.3471396240011019
12565,-0.188809398122624
12566,-0.21662976365196496
12567,0.05651665037160484
12568,-0.08599644721924682
12569,-0.2528631986249917
12570,0.8705803583951097
12571,1.4649378183480608
12572,-0.14718285185725574
12575,0.1605983514981502
12576,-0.1394984364008896
12577,0.02764141244430493
12578,0.09394470391895056
12579,0.16617242428404086
12580,0.08118077718419485
12581,-0.11306166761821138
12583,-0.23740499816925187
12585,0.05008964757544962
12587,0.5838680614046765
12589,-0.4387119947346717
12590,-0.19344021629105493
12591,0.3516789738464307
12592,0.02692189604217723
12593,-0.19565996929486928
12606,0.17044969759214745
12607,0.1827144760948266
12608,0.0915871359956708
12611,0.03429825003819559
12613,0.12859359546772667
12614,-0.06105393633106708
12615,-0.24008713624800257
12616,-0.16353808270946624
12617,0.10530346168585258
12622,-0.4151626433202902
12623,0.15671309394795285
12626,-0.3605702587179396
12628,0.21579598794828828
12630,-0.23221454539946584
12631,-0.0434056212955062
12632,-0.26880862376980935
12633,0.00519178365644681
12638,0.27921118991897564
12640,0.1117552498438862
12642,-0.09342065471556396
12643,0.31111631568793807
12647,-0.3028089592898324
12648,0.2345879258484848
12649,0.12783604483302907
12651,-0.0535291379146867
12652,-0.41498943208493144
12653,0.01512343019345026
12654,0.2542869935391378
12659,-0.07675381494047684
12660,-0.49257832956876735
12661,0.05209086740426687
12662,-0.3173833094271174
12663,-0.210508793888166
12667,0.5499047155332325
12669,0.4974501493704804
12671,0.09939373009316683
12672,-0.4834754628759237
12675,-0.03458919082539902
12677,0.32971848392803305
12683,-0.6115665498235208
12684,0.1452036112085265
12686,0.01034820321078613
12695,0.08500958721874614
12696,-0.14267572411989332
12700,-0.13866806450484587
12702,-0.04480666648678717
12703,-0.15920221133962392
12704,0.6218801884328256
12705,-0.5153261952503465
12709,0.2071607599401695
12715,-0.3627912938018566
12721,-0.0653445962228284
12723,0.32681629786366734
12724,-0.04679762633553303
12725,0.1587069517883012
12727,-0.077008059967377
12728,0.2838213569268205
12729,-0.07589264375051022
12733,1.0801210274974566
12737,1.5924112658434917
12738,-0.07271415164857509
12740,0.46469336512346
12741,0.01480706239161432
12747,-0.16704265206397484
12748,0.00578408573169744
12750,-0.16721154106841554
12751,0.07721366091524105
12752,0.08208855515804096
12753,0.06576646045477622
12757,-0.00918979779244084
12764,0.1442531898801025
12765,0.23313252676885557
12766,-0.02042999793483201
12767,-0.06959103012119577
12768,-0.01652881582989859
12769,-0.1959263356788492
12771,-0.4121629007254086
12773,-0.15820135937165897
12774,-0.18207010126090095
12775,-0.02190169245941844
12776,0.05697937938367971
12777,-0.00167772484221109
12778,-0.4468864975417771
12780,0.18443016258955405
12785,0.00378986764333035
12788,-0.4679273680986772
12789,-0.03594205445484676
12790,-0.04023661578537621
12793,-0.07210616941971776
12794,-0.15420803123205598
12795,-0.13693096858763373
12796,0.4185865578841804
12797,-0.4739799930395222
12798,0.04740286226180892
12799,0.12178956223701344
12801,-0.00719142167911872
12802,-0.1555423251730962
12803,-0.1340603657685404
12804,0.14820672099228116
12805,0.01081988115272629
12807,-0.04732377622628433
12808,0.48815545643378944
12810,0.19353378554934017
12812,-0.4548729084309845
12813,-0.35611512793044037
12814,-0.730204277051135
12815,-0.3718603538551787
12816,0.30327636022283366
12817,0.4011300506427095
12818,0.5067135273369698
12819,0.5864036377791295
12821,-0.45550180582253785
12822,-0.15378677120186388
12823,-0.45213678196331486
12824,-1.6143410755684735
12825,0.27836018603269425
12826,-0.2179792108548953
12827,-0.11447535940336982
12828,-0.16650468824127432
12829,-0.01928161865128245
12830,-0.08588614287302898
12831,0.40137829629270294
12832,-0.39158463069814586
12833,-0.7014475944649703
12834,0.9370004823764756
12835,-0.5535644965471553
12836,0.13530395572765425
12837,0.37290832325247986
12839,0.1750467601185244
12840,0.32734830777947954
12841,-0.12220800305270312
12842,-0.7294925675981578
12843,0.06165465786335476
12845,0.193115168057487
12846,-0.08279917831131024
12847,0.06361917611538735
12848,-0.070111870659752
12850,0.13426074068006638
12854,0.14164860814337643
12856,-0.037472837319755
12857,0.04703187595889192
12859,-0.1102532431796842
12861,0.03041073452277493
12862,-0.10181388265420234
12865,0.28837592291560016
12866,-0.02235511505524189
12867,-0.20641576787688243
12868,-0.02507717344591786
12870,0.4707612304984714
12873,-0.16020648053945283
12874,0.4251584298524509
12876,-0.3644459045437368
12877,-0.03836158202061679
12879,0.00419032595180814
12889,0.6462880507248794
12890,-0.17120082069735315
12891,-0.6679507902882508
12892,-0.10102293131918055
12894,0.08915349613014331
12895,0.00259654140302847
12896,0.04538106022692394
12902,0.06353170398933684
12903,0.670549469098472
12904,-0.05901567642945092
12905,-0.16581232826731487
12908,0.2438003821139599
12909,-0.02666939194768163
12912,0.29159506410004643
12913,-0.02369305317008652
12914,0.02495142976226552
12915,-0.18749229724790575
12916,0.09283933740710278
12918,-0.22431858913067104
12921,0.10908335829828394
12922,0.6585700065045406
12925,0.06642658019185242
12927,0.3250284019711193
12928,0.07574295100306212
12929,0.23630492333144631
12931,-0.3343073276378068
12933,0.0824560327201394
12934,-0.04713287973309588
12936,0.14425104379963197
12944,-0.5984641243119427
12945,-0.3819334125398019
12951,0.49332494191202425
12952,-0.5710090380803374
12953,-0.29188529360633747
12954,-0.01536982740685911
12955,0.1818003296243848
12957,-0.29512682828454395
12958,0.3781699442323338
12959,-0.12113615835316262
12960,-0.12115489599401431
12961,-0.24435120987626785
12962,0.16374885132141098
12964,0.38238134269333623
12966,-0.26132943883729964
12967,0.10969790249789592
12970,0.18243487281298815
12971,0.5871800401013965
12974,0.01951050847791269
12977,0.3687792510101574
12978,0.02907249827599297
12982,0.05010828743511204
12985,0.5218182865669291
12986,0.1220649856055928
12988,-0.18526268380858513
12991,0.8379412163471585
12994,0.6846504982598467
12995,0.08691311132302314
13000,0.2621474119957671
13001,-0.1311032629887918
13002,-0.00222855579648644
13003,0.27799732069290944
13004,0.0788302224044157
13006,-0.03266153853512368
13007,0.02939124521709258
13008,-0.1714660773434324
13009,-0.42926205396737627
13010,-0.05462464521390374
13011,0.02293443199176854
13012,0.2734112672639028
13013,-0.16533719022655705
13014,-0.12123209617438502
13016,-0.07646336718331567
13017,0.14924937597362364
13019,-0.00769609085927713
13026,0.03615561658272198
13030,0.11953742793055772
13032,0.04604862273655535
13033,0.12455662622122184
13034,0.03057910294824466
13035,-0.00140515538804148
13036,-0.00687487264577891
13038,-0.2622327590660431
13039,-0.2443955739693518
13040,-0.03844012691791432
13041,0.0446935013727325
13043,0.36150822559194007
13046,0.04867910331255874
13047,0.18326397118165416
13048,0.1384298113299821
13051,0.0052110134476641
13052,-0.08275432843312297
13056,-0.8189979511258371
13057,-0.03682887516487543
13058,0.23885129715062425
13070,-0.1267554935727565
13072,0.01178321345268592
13074,0.21679615539834873
13075,0.4669480918890906
13076,-0.34187255624240503
13077,0.5215314098170315
13078,0.10691339413196012
13079,0.347870904791019
13081,0.5799875179274503
13082,0.16679371954764488
13088,0.16215604922758012
13106,0.5295848941713172
13107,-0.05594904400795177
13110,-0.2802829862397146
13115,0.36012571449034286
13116,0.548908995981543
13120,-0.2435083530638576
13121,-0.48460176109063446
13122,0.4888171683826271
13123,-0.3237768813056162
13124,-0.7831161668016198
13131,-0.02305155299997507
13132,0.11291191568295292
13134,-0.04944404917050705
13135,-0.06895152467242606
13138,-0.06142098049710948
13139,-0.03882298941186687
13142,-0.7514975286497536
13144,0.09586833643877182
13162,0.49798224346886455
13163,0.02335403384331359
13166,0.08608735197925863
13167,-0.07797567912180373
13169,-0.1223996611786614
13170,-0.1441255332200907
13171,0.29774360153311924
13172,-1.131514677047703
13175,0.3959657696972656
13176,-0.03223570368215314
13177,-0.00399937192863892
13178,-0.5263538745669765
13179,-1.0653382594324297
13180,0.33003238730079926
13185,-0.08658393008806953
13190,-0.3810118287910136
13191,0.11220600787510612
13193,0.35250326405631816
13194,0.01964926344365926
13195,-0.19062195661395084
13196,0.24296647944717364
13197,0.05093091266914058
13198,0.24921592273078613
13199,0.2063547662902222
13202,-0.04520160391219112
13204,-0.06019265067570102
13205,-0.14659888858375422
13206,-0.23818790975402016
13207,-0.013708267022221471
13209,0.2355010819527234
13244,-0.07301217641303206
13340,0.33299627387570946
13346,0.0604151917684001
13347,-0.03535392514725244
13349,0.1723757549626511
13350,-0.17720250880568314
13353,-0.2340350925782937
13356,0.00691643938615819
13358,0.07623894082113039
13360,-0.5821580331525489
13361,-0.1020645565318947
13363,-0.1557797298522006
13367,0.139316558574349
13368,-0.8450591895608415
13370,0.3634548454797033
13371,0.2701948756021416
13380,1.008851374667448
13382,-0.11443563876247692
13383,0.15034926678694532
13384,0.11305892014467384
13385,-0.27011469413311656
13386,0.34722126068558834
13388,-0.17099649195792377
13389,-0.25675133406439465
13390,-0.3918757350750228
13392,0.5437183461793174
13394,0.08602002874195103
13395,0.02755204323906241
13396,0.48025930348559953
13400,0.8216649058564617
13401,0.330487418811739
13404,0.02555486889935722
13405,0.00732754001609377
13409,-0.2538201659979598
13411,-0.18995872054105345
13417,-0.02187419012140537
13418,-0.06618229101187806
13419,0.2068940683666845
13421,-0.146129752535834
13423,-0.05863487059941196
13424,0.03986921183054641
13426,0.04714934988591654
13427,-0.06795480422314495
13429,-0.4597117106704349
13430,-0.00742105523409986
13433,0.24724150224161384
13434,-0.4567179400270088
13435,-0.06283135354932844
13436,-0.1125630209728589
13437,-0.05705439868371019
13445,-0.07397267000181756
13446,0.7864929888874359
13447,-0.32025502876916606
13448,0.00177515295543398
13449,-0.11421414767890128
13476,-0.1443513311401843
13478,-0.05789700374855051
13480,-0.02745567545585063
13481,-0.10504212776604312
13482,-0.06061171659422554
13483,0.76835612786352
13486,0.05578695428455181
13487,0.14587792242870845
13488,-0.2417231481334532
13489,0.7024441150005014
13490,-0.15703242518436444
13491,0.4652949582640158
13492,-0.04680832159853605
13494,0.02718611949877364
13495,-0.18534992798913136
13496,0.03805779989862608
13497,-0.11370370100882032
13498,0.301071429794542
13505,0.15177597635377893
13506,0.3221651632673511
13507,0.3643786974434887
13508,-0.5436702527775442
13511,-0.6375967367367439
13512,0.6952765442346561
13516,-0.07792295495801047
13521,-0.4345870576253277
13522,-0.17776813204126543
13527,0.5360428967501603
13528,0.2313835903583491
13537,-0.15948075397854594
13542,-0.1527842147230147
13543,0.14682115002935475
13544,0.2256977919109323
13548,0.2529432623459123
13549,-0.04011451861401952
13555,-0.14170279905266742
13557,-0.16509653449222195
13559,-0.40151187459711907
13560,-0.00339332355720303
13589,-0.03620381423156333
13591,0.08881660132732255
13592,-0.07737372680564128
13593,0.17973763311924038
13595,-0.1259563037757913
13599,-0.9011084088810324
13601,0.20454938695949845
13602,-0.21384451210223135
13603,-0.3661028094351448
13605,-0.6537244634647749
13607,-0.1461442711612233
13608,0.05439575957974867
13609,-0.02587768486709921
13610,-0.01985104545756429
13611,-0.09908845400283804
13612,0.16953596443751673
13614,0.2519846797389294
13615,0.2554698991562356
13616,0.22183239613936712
13617,-0.6511523034977398
13618,0.06526755583298205
13619,0.2209126632846955
13626,-0.08647039223204912
13628,0.42453898271590823
13629,-0.00243867276179398
13631,-0.22528267687355852
13636,-0.660954384209407
13637,-0.12036700048651038
13638,0.9710255053606428
13639,0.3283658917233356
13640,0.3758609643860251
13641,-0.01445551239868474
13642,0.31014317118757273
13643,-0.22719475261679556
13644,0.6772888598204444
13645,0.06112068987308677
13649,0.7817838661468964
13650,0.05446669373858375
13653,-0.29426780556344834
13654,-0.6240403598591588
13655,0.4064240777480791
13656,0.362711759026923
13660,0.03404583994346955
13661,0.6025268077682902
13663,-0.16645885569571767
13664,0.00439014717910004
13665,-0.10634864847202252
13666,-0.17439214230786537
13667,-0.03518954664367496
13669,0.00502986458992807
13680,-0.293593695160158
13681,-0.17163541158518442
13682,-0.12817986455653518
13684,-0.1562561319184715
13685,0.10905091559065608
13688,0.05832040671747059
13706,0.4134408004859417
13709,-0.11776338663827832
13710,0.3443616682080475
13711,-0.27235987576510845
13712,0.184385343992048
13713,-0.08148774835839967
13714,0.3636739676603876
13716,-0.0728198193063102
13717,0.3775716236302945
13722,-0.18099178659419285
13723,-0.02767825778671324
13726,-0.05921548823879311
13728,0.31392282634460744
13730,-0.4784557264315744
13731,-0.25524300039503295
13732,-0.0469133887930061
13733,-0.06997856440647388
13796,0.19167272331994867
13797,-0.18033149147427352
13801,0.2859730922131897
13803,0.14816710487601248
13804,0.15219991097377786
13805,0.03559333220495274
13807,-0.11121991524348862
13808,0.0295666189995707
13809,0.06841637105495191
13813,0.12265576016587028
13819,0.01442606375812107
13821,-0.05897823128604734
13822,0.6872450686320624
13823,0.6117304227881011
13824,-0.10136103356144058
13828,0.092284127179438
13829,-0.01325797697080995
13830,0.30204803316080997
13831,0.0225285149120198
13835,-0.4026279873746498
13836,-0.5102202784955475
13837,-0.2289643228038307
13838,-0.01026813230777443
13839,0.01260108241871794
13840,0.7744787345692083
13841,0.11510592351804834
13842,0.5429150136964145
13844,0.4917285417394799
13845,-0.0074752732886795
13846,-0.5806893875859698
13848,-0.09816786105708858
13849,-0.13130411530720387
13850,-0.6034155065249582
13852,0.02112617721266
13853,0.6995162333004349
13854,-0.00617229311023029
13855,-0.19925204032809551
13856,0.45962577541258887
13857,0.2773760416300043
13858,0.3051879913612995
13859,-0.11763987388186128
13860,-0.02841172247911854
13864,-0.04230407631013219
13865,-0.06851613436101678
13866,0.7959288941094667
13867,-1.3460299370248665
13869,0.38945638148211786
13870,0.2937810877712793
13871,0.04642874075563069
13872,0.1420411710931034
13874,-0.10136805912966988
13875,-0.11089511267381892
13876,0.3722695203437918
13877,-0.08746399136438174
13885,-1.0113022618676036e-4
13982,0.3326842312010288
13983,0.04515693037631553
13984,0.47295558712439945
13990,-0.1843891628782745
13992,0.19481178143272704
13998,-0.13645331218159026
14000,0.09858626486913492
14007,-0.00467346437919753
14008,0.30318227463867675
14009,0.5136329573660099
14011,-0.14395264848627362
14012,-0.2236691518282433
14013,0.18877820784982735
14017,-0.1216716518036905
14020,-0.18431040265448811
14025,-0.05104484964405613
14026,-0.0784893769348826
14027,-0.5546480106242375
14028,0.15748178815732333
14029,0.13973016527871748
14030,-0.03039969911960033
14042,-0.2578821844779157
14043,-0.6049412468331381
14048,0.00871766268037103
14049,-0.13916200155953343
14050,0.04171483496709997
14051,-0.3874934356465893
14055,0.0200128557018606
14056,-0.35919691865317827
14057,0.14071907479692403
14058,0.15158639766952275
14060,0.2587502421415748
14061,-0.13761213377874892
14062,0.04544774112069776
14063,-0.2568328262838617
14065,-0.5497903509392164
14066,-0.17474238978061576
14067,0.1885000696619915
14068,0.8015483531537344
14069,1.1157805547046815
14071,0.6711610220252836
14073,0.7073784344803378
14077,-0.02337552336155541
14079,0.25411441980206206
14080,-0.23401418646987088
14081,0.1692098398261097
14083,-0.05672570394066242
14084,-0.03351259953420945
14085,0.07972739316098833
14086,0.5736932816584495
14087,-0.3084523160225785
14088,-0.00513850909241872
14089,0.22180664721868976
14103,0.05197407158300285
14104,0.2373613396437505
14105,-0.5171683919117237
14106,0.14315087385254077
14107,-0.5121350757911723
14109,-0.01765646284289662
14113,-0.04011451861401952
14114,0.5118014127469505
14115,-1.0824861275612656
14118,-1.1482583085667408
14119,0.1002144992500881
14121,-0.14997816439717687
14123,-0.00830583067199488
14125,-0.2491950657847145
14126,0.03748821923798504
14127,0.09231520373511824
14128,-0.02062466120092729
14130,-0.08681599277228083
14131,0.02173429413898509
14134,-0.05010209353722011
14137,0.5289803906909907
14148,-0.16175967179231743
14149,-0.08200914021432223
14151,0.05192136631581631
14154,-0.08073509978675808
14155,0.00697614219838141
14156,-0.11680068763659116
14158,0.41619947633312104
14159,0.09992355857218886
14160,-0.6395968514086797
14161,-0.3571755293535685
14163,-0.30358212025017284
14164,0.3255908777320122
14165,-0.05963872779888263
14166,-0.01025701962882696
14167,0.20655790793516812
14168,0.29345214734328706
14169,0.25217454398846995
14170,-0.5868503638118272
14171,0.13204565246784034
14172,-0.32662518865341306
14173,0.07818171192006576
14174,0.47933190665430914
14175,0.27488429095497746
14176,0.19298937712854947
14177,0.5255369279644927
14178,0.00620711663747453
14179,0.5731696562861743
14180,-0.2838490183589446
14182,-0.227077185049003
14183,0.32340909168507526
14184,0.4988598742843949
14186,-0.4066684872756503
14187,-0.01541527099070867
14190,-0.09787645019237402
14191,0.15712168822374123
14198,-0.11744334513372852
14199,0.32561152806387683
14201,0.3925134838767211
14205,-0.08014150900107155
14208,0.10411612965685337
14211,-0.04701271396813174
14218,0.2569624915934448
14219,-0.32806809157081446
14221,-0.01982334785138539
14225,-0.03716999215806007
14226,-0.05285638677128657
14227,0.00776344690868024
14228,-0.17709466180579536
14232,-0.02701800226149484
14233,-0.6886182220426927
14234,0.2976445641649109
14235,0.3611712654195853
14236,-0.34210402191446804
14237,-0.463634963642121
14238,0.277852866075066
14239,0.5654345613575796
14240,0.8240514976673812
14241,0.04188205728081631
14245,0.11066984079081224
14247,-0.01108824040659373
14248,0.09325690450523688
14252,0.10743940005716728
14254,0.2186632590670957
14255,-0.18677222614433792
14256,-0.01781225652953232
14257,0.3715520737569704
14261,0.8349982556793949
14262,0.899142883728031
14263,0.0941619226797345
14264,-0.618006934431253
14265,-0.3631479612058077
14266,-0.7600848017588685
14268,0.12139555686965511
14269,0.03136839331441736
14270,0.20448292905535448
14272,-0.05723591863501211
14275,-0.08507733280339544
14281,0.34129290007081736
14282,0.19261572577937072
14283,0.1267629940978681
14284,0.16044555810311803
14287,-0.10753551539156588
14289,0.08900170584841278
14293,0.23441855419080249
14297,-0.18300329936144935
14299,0.1978433025703245
14302,-0.3766509542025369
14308,-0.06119792085872323
14309,0.6755533410134428
14311,-0.4511934553641135
14312,-0.25677661011845493
14313,0.06642247119302117
14314,-0.3629906450605088
14317,0.01991149928069405
14319,0.01883737098572643
14339,-0.28881437864509707
14343,-0.5102138558366676
14344,0.17373197900432966
14345,-0.2591499374864459
14347,-0.07865206689589589
14348,0.06661540559662438
14356,-0.02801077351611013
14357,0.08356505770092951
14359,-0.02773126129385661
14360,0.10872879399938495
14362,0.25420101143727347
14365,0.17520175958862763
14366,-0.01545641863417238
14367,-0.12679348399278348
14368,-0.7066914952638319
14369,-0.6113409026346943
14370,0.11926136653840431
14371,-0.27988515195345054
14373,-0.24654957061209773
14375,-0.04173961033929097
14376,-0.05996767660001582
14378,0.07926559360573182
14381,0.11703625890129048
14387,0.0293323072644725
14388,0.5565548895949791
14389,0.21581551777126728
14390,-0.34505817934556915
14391,-0.162628845118913
14394,-0.4927715575448355
14395,0.18779899441160727
14396,-0.4953402457189696
14397,-0.13346354810014394
14399,-0.675529472367659
14400,0.7563140061701397
14402,0.6369532497382561
14404,0.38293813927025266
14405,0.7354984993119639
14406,0.34663032141699524
14407,-0.33348457116542074
14409,0.14485611171479662
14411,-0.6795721384302662
14412,-0.05884236986710677
14415,0.01270458041232461
14417,0.8559711448588087
14419,0.00242161066137615
14420,0.3933692753556224
14421,0.06572918471903479
14423,0.21280758632902885
14425,-0.5832985603292147
14426,-0.33396662108609965
14427,0.48176138049649697
14428,0.20231712430517151
14429,0.04751778106895865
14430,0.41585095000551714
14431,0.0159741994256566
14432,-0.18575627498305888
14447,0.4790103938701966
14450,0.0901906388538085
14451,0.11344540215648014
14453,-0.5561316647498711
14456,-0.4040142937358644
14457,-0.2945916983810748
14459,0.03600481233136394
14460,0.07887902446796276
14461,0.1984153844577296
14462,-0.12780216323771795
14463,-0.4643122140637114
14464,0.04539618818978416
14466,-0.1393620911632124
14467,-0.25343985341355485
14468,0.2062026556186679
14470,-0.01801686722605879
14472,-0.06386690947460757
14473,-0.1587578679500733
14479,0.08461676482928582
14489,0.156088184180878
14525,0.3197611834738656
14526,0.02121244218889861
14527,-0.16167556076856876
14528,-0.04311977819110756
14531,-0.0326874496797121
14533,-0.10908462473441358
14534,0.06908343499339314
14536,0.13765384281066664
14537,-0.14529590055192004
14538,0.275555564105123
14539,-0.05430709767825342
14544,0.12245214906499977
14545,0.2709985403136498
14547,-0.14511632433888252
14548,-0.13552666945773184
14555,0.9160556862197792
14560,0.010614532564757
14561,-0.1933499745980503
14562,0.2760112797802014
14563,-0.31535669936550514
14566,-0.02230205797456508
14567,0.06189884528638971
14569,0.01784706874421711
14570,-0.31385560029859166
14571,0.03264754472687097
14573,0.24328856225513795
14579,-0.3263926648166493
14580,-0.25399208871294887
14581,-0.23538671322142213
14582,0.21650374376740672
14583,-0.11599219667572136
14584,-0.1761500699296877
14585,0.165651436470663
14586,0.06787133387113214
14587,0.1524847669055373
14588,0.04284214085707177
14590,-0.17456360015755765
14593,0.08849597212600117
14595,-0.01004434432030991
14598,-0.609294428836595
14600,0.15038041495914956
14601,0.0831704434301748
14602,0.5213501550242249
14603,-0.07614091065740645
14605,0.04564547798848089
14607,-0.00646314107972061
14608,-0.33357605665808376
14609,0.05848013625895033
14610,-0.556655443103247
14611,0.15360938783184522
14612,0.09229901569434903
14613,-0.1522764884509279
14615,0.5550937951988397
14616,0.1814621156464756
14617,-0.6928674693228802
14618,0.00424019933418722
14619,0.4184697437072351
14620,0.0192227853717516
14621,0.12389353703941804
14622,0.00672904153183787
14623,-0.2358741410088619
14625,-0.5368376271121295
14628,0.04664892075493754
14629,0.07010920203200297
14630,0.0038389286755871
14632,-0.24438638620260864
14633,0.30486945718157865
14634,-0.9093300307208796
14635,0.11921894392087148
14645,0.12113214287822265
14651,0.584146712325171
14652,0.239517098893875
14654,-0.07137812913428526
14657,0.38995032320084944
14658,-0.02365141635311988
14660,0.05355640782433244
14661,0.00646129848836232
14664,0.18033789278773377
14667,0.05954295501179797
14670,-0.14426507571837194
14672,-0.20524589362434317
14673,-0.03426852503115468
14674,0.1023976736026017
14675,0.1432258854431724
14676,0.06902233836572852
14677,0.31456397909991696
14678,0.03418355529063104
14679,0.06698572731614684
14680,-0.5201638682012915
14681,0.09152649895093204
14682,0.20198272453910276
14685,0.17258042603421628
14686,0.06921665946904049
14687,0.24391848474986444
14688,-5.472803655704669e-4
14693,-0.03194986204964412
14694,-0.03614427817005722
14695,-0.19917406934069895
14696,-0.4653840004245728
14697,0.1600701648053035
14699,-0.5947047411270396
14700,0.03185372561319508
14701,0.04642272253957848
14702,0.02921949853702101
14704,0.3314045728343961
14705,-0.06042356344163903
14706,-0.17902942357508528
14708,0.04513503873702434
14709,0.8520884989649669
14710,-0.12394103379507304
14711,-0.13013102081083533
14712,-0.09872754057391304
14714,-0.1115584149504322
14715,0.1299417620555571
14718,-0.06265312742580148
14719,0.11746615699166972
14723,0.30412438890585425
14725,0.14745473841242607
14726,0.07744117664072411
14729,0.34803407153386856
14731,0.06290838905734367
14732,0.4166859537510168
14733,-0.1101677907742967
14734,-0.6605269865273322
14735,-0.07173652228565165
14738,0.08129418390621307
14739,-0.7253435873147607
14744,-0.25263060208708654
14745,0.03514134934531714
14748,0.13200842540118224
14751,-0.06363986807512001
14755,0.0757923231315274
14756,0.7676291194956364
14758,-0.10102810361830952
14760,-0.22120551811665556
14761,-0.0527751844148086
14763,0.9225736019787796
14764,-0.67135203250953
14765,2.0156291929646923
14766,0.21499859367699903
14767,-0.03927972455509143
14768,-0.21012364842389303
14772,0.18033494755854748
14773,0.1670766829168462
14775,0.0556635929733885
14776,-0.06636313562382447
14778,-0.04545636255586667
14780,0.04504689637678069
14782,0.05556089605986063
14783,0.3000653197040595
14784,0.12590932964732346
14787,-0.00237865421840122
14788,0.01175818202929843
14789,0.23534047611039183
14790,0.00607344302667949
14792,-0.08337123454671977
14793,-0.15373219644516667
14794,-0.12396755022923016
14797,0.07099603715539521
14799,-0.10590189274315948
14800,0.5799461582231491
14802,0.582108312679236
14803,1.3658265553653122
14804,0.3816853463232638
14805,-0.6107062891751444
14806,-0.3874192542195812
14807,1.0367142931455502
14809,0.35067398487079954
14810,0.06986539516861766
14811,-0.2048833920065266
14812,0.38964542908013855
14813,-0.08668189940774504
14814,-0.7117892741676346
14815,0.05766712994125661
14816,0.2162068145530472
14823,-0.04831313735066124
14824,0.18422192530334808
14825,-0.05970335189774205
14827,0.1260322109687908
14828,0.00128477746999807
14829,0.19217889251037948
14836,0.27109344733092067
14840,0.05857722244538752
14841,-0.311512038454906
14842,-0.47988997690384744
14843,0.17341460579589335
14852,-0.09214457122772687
14853,0.32992824348667177
14854,-0.12006737874600867
14859,0.15977361314753546
14862,-0.00410309768083048
14863,-0.9545777893416714
14865,-0.20669344051846988
14866,-0.02072322665753616
14871,0.3236407447776697
14874,-0.10968450265012122
14884,0.16983767009163311
14885,-0.278114577837553
14886,-0.0691946313672703
14894,-0.04721473738770374
14897,0.00512446028541996
14904,0.01715866734371488
14911,-0.07495312439105009
14912,0.6785091873131552
14915,0.3788104773089804
14916,0.3341057477970783
14919,-0.6444828683936833
14923,-0.1840689811307319
14924,-0.2329915413636287
14933,-0.11285152588647542
14936,-0.01318019693395172
14938,-0.01166425853171263
14939,0.1693593507445233
14940,0.40482498979600035
14945,-1.2976440235164408
14950,-0.13589787464629657
14957,-0.15924832169185343
14958,0.13302839505059
14960,-0.06012592190761843
14961,-0.04504740121977593
14962,-0.2131501873115721
14969,-0.06028483067273092
14977,-0.0472083306907055
14979,-0.08111081726754274
14991,-0.13627120932814524
14998,-0.06843497300326147
15001,-0.14015003161655187
15002,-0.15146855562710393
15007,-0.11944952563207858
15040,-0.05345770583038998
15064,-0.7640925057183461
15107,0.04186646524846037
15108,0.0643208851094176
15109,0.3109159414437288
15110,-0.05275801723575971
15111,0.6975356248789708
15112,-0.4097574150143415
15114,0.39221561569949526
15115,0.03110431942559748
15116,0.3407261687594302
15117,0.3543653863904952
15118,0.14925307786302072
15126,0.1861954074709015
15132,-0.06081103127123209
15135,0.10071660138932584
15139,-0.0863973254230305
15159,0.05297492218199559
15160,-0.9213707752304934
15161,0.3048973721489727
15162,-0.04437334479993501
15163,0.10923718083209548
15165,0.01511731422445411
15166,0.09264065574840136
15168,-0.29827956880463813
15170,0.06507393397869611
15171,-0.6118301784352891
15182,-0.03111573141433039
15183,-0.1726685889995307
15184,0.01681909068380192
15185,0.01748456280661465
15186,0.15781629758094107
15191,0.06794504134519803
15194,0.02651832886781499
15199,-0.02592661070384462
15200,-0.2522157699070435
15201,-0.4219851510714509
15203,-0.4419166694526857
15204,-0.1424926291792663
15205,-0.1425170854418582
15206,0.00430456493242545
15207,0.6183606648738889
15208,-0.29024913586625406
15209,-0.5388159695255011
15211,-0.02262071933997406
15212,-0.09002508518409423
15213,-0.13862626841418918
15214,-0.5355427190980141
15216,-0.25485218704831847
15218,-0.06378347391437698
15220,0.18354866606568515
15221,-0.5418544381771562
15223,-0.1304297643627865
15227,0.4280893155756916
15228,-0.02110574020266581
15229,0.8966280357281896
15233,-0.5470314237610463
15234,0.2614624295592119
15235,0.11993012934109554
15239,-0.03873221588812768
15242,-0.13553842016274278
15245,-0.13559900515909562
15247,-0.15430722561664267
15248,-0.4334438573295819
15251,-0.05458243831579644
15254,-0.0597089605779164
15257,0.24318569169639712
15258,0.24951850973018336
15259,-0.1139864249698461
15260,0.11216843199199242
15273,-0.14309791330749932
15275,0.15468774952427283
15277,0.04708188332685751
15278,-0.2067144238476138
15284,0.5134040964168902
15285,-0.2254364368066892
15288,0.08203431082609221
15289,-0.05002465926353355
15353,-0.10707910814386654
15354,-0.18075353419451892
15356,-0.06144523133120169
15357,0.08328290186815886
15360,0.4249142253275131
15364,0.13132065153038092
15366,-0.10383195158463926
15368,0.2908600095772565
15369,0.01210143115644182
15370,-0.06420234384807588
15371,0.8874314639715343
15372,-0.29116996946695595
15373,-0.2110443191076413
15374,-0.08254109811224658
15375,-0.13121937040670906
15376,-0.16764524122820815
15377,-0.4466127129361188
15378,-0.14768791456678693
15379,0.07373723704494861
15381,-0.00429930439878721
15384,-0.01152199020540958
15387,0.0792407412087308
15388,0.26301262498826644
15394,0.22683980336031545
15395,-0.6165209231849869
15396,0.05810107997649327
15398,0.28891214898705886
15399,-0.5789423133355589
15400,-0.6421778031935546
15401,0.7515613437393498
15402,-0.15270325631019527
15403,0.02105661961923838
15404,-0.00307307888232886
15405,0.32510163067672343
15408,-0.10434601444179196
15410,0.5267437676733393
15412,-0.1903522517472526
15413,0.15346542969749316
15414,0.3434802868833003
15415,-0.07581524650642237
15416,0.0928445592469304
15417,-0.15854163489276885
15421,-0.01567649925410109
15422,-0.29115566569446033
15423,-0.19523289502638125
15424,-0.1522352260392882
15425,0.02297293120241667
15426,-0.1066072719586144
15429,0.4840118762755858
15430,-0.00666094077160876
15431,0.360311576757851
15432,-0.338506501421685
15433,1.245688900491294
15434,0.21707964719785303
15437,0.2880544589610255
15438,0.6001312887168426
15439,0.08099291638528253
15441,0.00202258919305419
15442,0.06724929988080382
15444,-0.3437035136703986
15445,0.19653377615015483
15446,-0.3493333253974481
15451,0.49742756572772273
15452,-0.25072891583566276
15458,0.7600359526084888
15460,-0.3771115877625602
15461,-0.10186346919846424
15463,-0.03345854358137045
15464,0.29618031317166693
15465,0.1571805772410513
15466,0.6841566537309614
15467,0.18301317576061185
15468,0.01046999994947328
15469,0.03336818799585973
15473,-0.00501264512225065
15476,0.14967280308752756
15478,0.2941680368748254
15481,0.00162741761259507
15483,-0.0623382817505098
15485,-0.791554521234527
15486,0.110032933090513
15487,0.9178101356976132
15488,-0.01969492173423631
15490,0.40654655270814694
15492,0.1452346732573609
15499,-0.1506552638468071
15500,0.04145923974418747
15502,0.02310500749430707
15505,0.2014780992744472
15507,-0.8962135735739789
15510,-0.09187637237269868
15512,-0.252624693004601
15516,0.05340326840724593
15519,0.2449947392885277
15525,-0.03478388430678356
15526,-0.02171210374919129
15529,-0.19938862386394304
15530,0.01054795095524334
15531,0.3260132187403889
15547,-0.07576788151471564
15550,-0.04471821018830137
15551,0.08050623285511513
15552,0.6939224879994474
15557,-0.01695015794060971
15558,-0.2250829702356923
15559,-0.31702219602064147
15560,-0.2062450918137224
15561,0.4132294309983125
15562,-0.42623861617371295
15563,0.6808685909196456
15565,1.2493175885606027
15566,0.19527176882294117
15567,0.2400681866015671
15568,0.07263493754253655
15569,0.28228890772765003
15571,-0.1728033461336829
15572,-0.32049658279854615
15574,-0.28069076795672804
15586,-0.08259659851978572
15587,0.24875242494212177
15874,0.2766923881107382
15891,0.05021393070677658
15893,0.5038418718041263
15894,-0.32631063905971724
15896,-0.07847351585384937
15898,-0.1367875484242598
15900,-0.05466894059306609
15901,-0.590203038847517
15902,-0.22269950656286017
15903,-0.34947997319738144
15904,-0.21750911888529095
15925,-0.1934811482590534
15926,-0.02101377957406949
15929,0.01471002109109525
15930,-0.8432300844431402
15931,-0.6573967158384588
15932,0.01767176539444859
15936,0.05135693380638332
15937,-0.10807102411474788
15939,-0.2070010865134879
15944,-0.157034336832316
15945,-0.22408850130208843
15958,0.24515565846046383
15967,0.6114436037955294
15975,-0.02744740562884236
15976,-0.02398305513080154
15977,-0.11600895330431676
15978,-0.04828686305867372
15979,0.02150138643991874
15980,-0.0658809494062943
15982,-0.04135251326895147
15983,-0.03240921562675477
15985,0.05087970735470801
16000,0.10884068571900854
16002,0.05424055747006887
16005,0.4995611281625366
16006,-0.33363841201879574
16007,-0.5556338521865329
16008,0.322455312627964
16009,-0.2617756268789303
16010,-0.2266829660877439
16011,0.12743008047524862
16012,0.23536520810479392
16068,-0.09596606754756212
16069,0.3017712790125895
16147,0.11743277308752678
16150,0.03416394011972283
16151,-0.08870888304257195
16153,0.09101929828232114
16154,-0.06537835890720128
16155,-0.13999495317430466
16156,-0.9332811565003838
16159,-0.3798406314348196
16161,-0.2276199852337078
16162,1.0861453533742411
16163,0.06736973878624454
16164,-0.4446695606209315
16165,0.4562250731745184
16168,-0.49424747369724387
16169,-0.0502620101896885
16171,-0.5182720671097671
16172,-0.03585643162387401
16173,-0.05694927459271008
16174,0.04932745371521349
16175,0.16183424102363847
16177,-0.5765779920454677
16178,0.21893579037543692
16179,0.05319931715077602
16180,0.08508831297759192
16181,-0.4564644855510532
16182,-0.00762775953398749
16183,-0.06798862704711742
16184,-0.2582984604906111
16185,-0.04462906845265147
16186,0.04572345410642324
16188,-0.03237667797528182
16189,-0.6426642811303631
16190,-0.02134834366746513
16191,0.8374291899331288
16192,0.02902718685676631
16193,-0.8870363432238564
16194,0.06053483223260545
16195,-0.05601741157457767
16196,0.00930339461857876
16197,-0.18323395624278627
16198,-0.04124660126243505
16199,0.10790147713128984
16201,-0.13712818408763697
16202,0.02368700286637214
16204,-0.8596398188376412
16205,-0.01059263434391956
16206,0.15773291207688445
16210,-0.2417275242564173
16211,0.1580604786886241
16319,0.1132703289378079
16322,-0.3629872396306426
16323,-0.1887755683638724
16324,0.04322690993381645
16326,0.00551976168710678
16328,0.1029841354798726
16330,-0.13522994856885823
16331,0.09467827670023388
16332,0.04349784250857241
16334,0.2565855179434958
16336,0.06269118474396959
16337,0.2226649456361578
16341,-0.04146964812862553
16348,0.09486398250819572
16351,3.2025973057080853e-4
16362,-0.01385302295173555
16363,-0.00607137699704878
16364,0.04027094560153964
16367,-0.02621596887222263
16370,0.3986727220339753
16371,-0.36318507210420825
16372,-0.9039524691462324
16373,-0.10271877802856912
16391,-0.02439281292777509
16392,-0.4971301691668061
16396,0.01292698858515667
16398,0.3250102191651967
16399,0.15353392558281762
16400,-0.02788628146491879
16401,0.05286619499307637
16402,-0.27168340208095937
16403,0.23086986768735665
16404,-0.05317628337807435
16407,-0.47867311806665513
16408,0.07634690426791729
16409,0.0091148402496316
16410,0.23464063701034743
16411,0.20129228013654488
16412,0.4082488584065489
16413,-0.20232630405966168
16414,0.12827833163738944
16416,0.2560079075665192
16418,-0.0365685393055853
16419,0.1816022589211206
16420,0.7068056976857038
16421,0.02156462818527731
16423,0.04271742725228748
16424,0.02921978564460252
16425,-0.3501253947690455
16426,0.4747209029965606
16427,0.13300664633985165
16428,-0.10922826909361982
16429,-0.02398076480316226
16430,0.42439660984817584
16431,-0.31633948280902824
16432,0.01000510862024506
16433,0.18600434584491707
16434,-0.32440055326838
16438,0.0212600234656885
16439,0.13321529356796863
16440,-0.11180869078266228
16443,-0.06183194668701319
16447,-1.0341250202551102
16449,0.1191789203526096
16450,-0.1215337877302114
16451,0.00586110790806767
16452,0.01273916881772994
16453,-0.04787778596592013
16467,0.5100969256611344
16468,0.25900948374932387
16470,-0.11106800918173054
16475,-0.07856643063676724
16476,-0.0474879625018616
16477,0.6928809698388029
16478,0.1840547752600988
16490,-0.276269333992183
16491,0.34031952423243583
16492,-0.18885028499296072
16493,0.5457925508062487
16494,-0.32300048356739897
16495,0.06335218557160835
16497,-1.0184987059811448
16498,-0.16288154095441185
16499,-0.07598600502396635
16500,-0.7211066568798873
16502,0.18391681732526863
16504,-0.5047712798818424
16506,-0.04070263996773126
16508,-0.6545477996877358
16509,0.3854768437186528
16510,0.3391584870964238
16511,0.0711478358459941
16512,-0.10356474401230314
16513,0.20601906395706204
16514,0.33730249300892945
16515,0.20594379591075543
16516,0.1178347819036474
16517,-0.3344911592377079
16518,0.06402564866545453
16519,0.6372003003171003
16521,0.03863776494560799
16522,0.06822596326320846
16523,0.16417333169557452
16524,-0.7124651450929427
16525,-0.389729185209192
16526,-0.0076971778590818
16527,-0.10109309630038003
16528,0.351264581645906
16529,-0.15622015825887237
16531,-0.6530408186421044
16532,0.2762964647376008
16533,-0.04569743247328761
16534,-0.00407424923250824
16535,0.18178780883035983
16536,-0.2217400206223738
16538,0.29674122529163804
16539,0.31489251069185237
16541,-0.02899656462789438
16542,0.19132151716907492
16543,-0.02894749643302152
16545,0.1386636159921573
16548,-0.03054381545211371
16549,0.06323953753068573
16551,-0.3875229311199847
16552,0.7245413585699774
16553,-0.01177218516626875
16554,0.5036603861041665
16558,-0.05896051254050925
16559,0.12717977146859616
16560,0.12533961680024056
16561,0.06454677799879367
16562,-0.01982971351313809
16563,0.30700284173273096
16564,-0.1487631063451141
16565,0.01920349893283134
16568,-0.07880021765823939
16569,0.3075607673230403
16570,-0.425308554280585
16572,0.2764120578231678
16573,-0.03806597552438103
16574,-0.1459516431219465
16576,0.423628411786305
16578,0.13725710521266363
16579,-0.05633905763939152
16581,0.00410961980231028
16582,-0.09323323547169528
16588,-0.15078568011456575
16589,0.10952386212146234
16590,-0.4694239776507605
16591,-0.6474225891978439
16592,-0.2547433819869697
16593,0.19664438489199848
16594,-0.10920930329846491
16597,0.13572379125638628
16598,0.03048429575225969
16599,0.07287386588210965
16600,-0.1359968854879178
16601,0.04787144343027901
16621,0.2408684073719222
16641,-0.5657826434119806
16643,-0.2208874864391423
16646,0.29154510750778995
16647,-0.0828068887712507
16648,-0.07344325587348284
16649,-0.2196973014939143
16650,0.2547065534144794
16651,-0.33969424573767604
16653,-0.3205046656652671
16656,-0.27812244234122935
16658,-0.15309360678952733
16660,0.18210394067255825
16661,-0.7763316355996976
16663,-0.11906449121738784
16664,0.0642538919648334
16665,-0.2080021711630163
16666,0.00105795959868547
16667,-0.7566153141866485
16668,-0.6706354033583445
16669,-1.221612027988982
16671,-0.3066366753709544
16672,0.5866233751012064
16673,0.31055926546714074
16675,-0.6171697734212689
16678,-0.4232304324619984
16679,0.02871412305049207
16680,0.11316097629163012
16681,0.6243189591898398
16693,0.02062430800998301
16703,0.4782380297491663
16706,0.79754800618423
16709,-0.1990462054214343
16716,0.7140639094405137
16728,0.5760131022689337
16763,-0.4569683197574918
16764,-0.1632826189131682
16765,-0.04495118821023925
16768,0.6425212541046484
16769,-0.5233785516427377
16770,-0.05423822697069636
16772,0.6984019814507902
16773,0.17681520929579075
16774,0.3022193450960525
16775,-1.0979834530899228
16776,-0.17092694921709262
16777,0.10052483062124104
16779,0.3889074889773443
16780,-0.5348876937830884
16782,-0.12368909756212688
16783,0.00483900905303617
16784,0.25787096191513065
16785,-0.04474789787490369
16790,0.17376201722120715
16792,0.09371557897137064
16795,-0.04468997167998848
16796,0.02956431680819304
16798,0.1785382829452433
16800,0.03748050497626066
16801,-0.04090749530673435
16803,-0.03972680053069052
16814,0.2227917680713357
16815,-0.11475322516107991
16816,-0.07707694397077623
16819,0.30609037450313176
16822,0.3119649103736934
16825,-0.14332537368623124
16826,0.534899776724212
16828,-0.1055703431395728
16832,-0.18393977746612605
16833,-0.6395694554722812
16834,-0.03058376988218508
16835,0.01489992353337926
16841,-0.01940476422037083
16842,-0.05108793251317622
16846,0.16353306537745269
16847,0.2929500737829641
16848,0.02814087162565682
16852,0.0356476462139239
16854,-0.16390132930842247
16855,-0.00677660520776121
16859,0.01641005809180019
16865,0.04118190396912336
16867,-0.06453041397261475
16869,0.38571930376922503
16870,-0.2876998620580903
16871,0.6437565898860377
16872,-0.0922041862907853
16873,-0.5968763241328365
16874,0.05330641599267066
16875,-0.07164295668691514
16876,0.32890086540529045
16878,-0.02838467398748143
16880,-0.8158029354073266
16882,-0.38798192401757536
16885,0.0066981632151504
16886,-0.03380786627991802
16889,0.1556626497946989
16890,0.2347269641776412
16891,-0.5045241356658056
16897,-0.788255557415347
16904,-0.05734334038575754
16905,0.2094814140149054
16906,0.22891570078085127
16907,-0.08501559119840504
16909,0.03744600059516155
16911,-0.04128193681190643
16912,-0.08488793276870374
16913,-0.04018856392708261
16917,0.19290598594757816
16918,-0.126214183508754
16923,0.0679234105614925
16924,0.45759930699089
16939,-0.4247354435839162
16948,-0.02318915957624168
16949,0.23631221594027985
16950,-0.13128246896944337
16952,-0.09160983859219762
16956,0.05143860517115269
16963,-0.04920399851580095
16969,0.28166977480251276
16971,0.15716506892428792
16973,0.17358348727722756
16974,0.12895703583615625
16975,-0.18208143110456287
16976,0.01692318129815927
16977,-0.11121991524348862
16978,-0.13541046701828297
16979,-0.33838243153520003
16980,-0.7705888822734851
16981,0.2102306526015275
16985,0.0145709550424999
16987,0.00171976525443519
16992,-0.16431022194823475
16993,0.01738310803430037
16994,-0.02748470391717993
16995,0.10318464156952294
16997,0.46557198844556225
16998,0.06951010207254983
17001,0.06147246867046554
17002,1.055679974419921
17005,-0.3702216119011096
17022,-0.19810287410270777
17025,0.08151277280187891
17035,-0.4131453870283591
17060,-0.01286485638702354
17063,0.34385927070667344
17064,0.26102355957704804
17068,-0.09986173574201568
17069,0.07588374532603778
17075,-0.3815643797172156
17079,-0.01158728092778259
17082,-0.14038153874679515
17083,-0.2439321502090392
17084,-0.06361294206303408
17085,0.25171553891855136
17086,-0.5372382282410555
17087,-0.20986161852551344
17089,0.9561074286590424
17095,-0.00819239406466142
17096,0.08137294619522999
17101,0.26685604299937477
17112,0.175912473286742
17113,-0.08120637327372922
17116,0.07782311566718313
17118,0.06934388491030144
17119,0.13609271220429098
17120,-0.21792240595762527
17122,-0.10229600951910708
17123,0.621346162573861
17125,0.20401354950066913
17126,-0.12488027415897689
17127,0.17127757255371867
17128,0.04329918830072707
17129,-0.0577144207559449
17131,-0.37776453643155944
17132,-0.27486518987433156
17133,0.204768040764712
17134,0.16136647639647622
17135,-0.10161879206668067
17136,-0.1231352733058331
17149,-0.19519863539864968
17150,0.24662160041232012
17151,0.08156463089488766
17152,-0.8420451882547797
17153,-0.48654605477334095
17155,0.04146038429975968
17156,-0.08594267290394716
17158,0.10250891825881638
17159,0.08080197405616824
17160,0.3502306220778403
17161,0.07238905640621814
17164,0.03640194440331019
17165,-0.06081921663641322
17168,0.05198209838962366
17169,0.15400881125830795
17171,0.49494152920377565
17172,-0.21479623848649815
17173,-0.6337782411373405
17175,-0.14308583313565065
17179,0.06034690166991368
17180,-0.18946657572889247
17181,-0.07073603402522083
17182,-0.04680267096876814
17183,-0.5381526917186144
17184,-0.05560547911233631
17187,0.0742573285509457
17188,-0.5330444397191911
17189,-0.7491447498310646
17190,-0.14460375338469936
17191,-0.0025209719283277
17192,0.06141222545524448
17193,0.01056287500563196
17195,-0.17541066019786783
17196,-0.02328483666384013
17199,-0.1613397214040939
17200,-1.0180597101294415
17201,0.25394117411642536
17202,0.5812344769780362
17203,0.23888729744888332
17207,0.2633106628734384
17210,0.07274462449417886
17215,-0.08587624168103423
17217,-0.061314819668221
17219,-0.03521324147941824
17220,-0.04047106297885988
17221,-0.7771503471900183
17222,0.05108335541400968
17228,-0.1996447186833707
17235,0.456920365274033
17237,0.01589594942394245
17240,-0.6962492644397539
17242,0.01206741370140199
17245,-0.1736243225989173
17246,-0.11105093762691703
17248,0.3418671019544989
17250,-0.3415755360063814
17252,-0.13552509977518137
17254,0.06096706288953001
17256,-0.01533818867963693
17257,0.07262334154230282
17258,-0.1775840556222723
17259,0.13949153385489313
17260,0.3699577002400963
17261,0.08603916179140955
17268,0.09725358112685611
17274,0.1151916040647354
17279,-0.2800586591176879
17281,0.01955406470683482
17283,0.10318726179624228
17285,-0.19569086056135757
17286,0.382866796940996
17287,-1.2670565528513884
17288,0.2529749439994559
17292,0.1386099054131129
17293,0.15459892805631892
17294,0.07540673350384075
17299,0.1016088255200758
17300,-0.3914910326403678
17301,-0.10838848697762044
17304,-0.06792262242699916
17305,-0.16716838952472018
17306,0.04794086511997228
17308,-0.1283350601770453
17311,0.02372575823007779
17314,0.05383150955651359
17318,-0.1799220423995515
17319,-0.04089582036165743
17329,-0.17169102090832358
17330,-0.06379646350833748
17339,0.3567459283509332
17341,-0.00995360536733503
17342,0.0031754155605793
17344,-0.22503471951812415
17345,0.361818446397171
17346,-0.110812019792476
17347,0.00610647705196985
17349,-0.27138568335549257
17350,-0.15435379859464476
17354,0.1353231162735141
17355,0.09529234133324883
17356,-0.45639128426188663
17364,-0.45984720871869383
17380,0.6999059059254022
17381,-0.04231809874655121
17384,0.2181701120045597
17385,-0.698590219797413
17386,0.4500797615260598
17387,0.1156885605757934
17388,0.7423300226040963
17390,0.33528749102078037
17391,0.5189759883980326
17392,-0.33495691663007554
17393,0.00419216165278979
17394,0.2365088986349656
17395,0.1205741136332988
17423,-0.15309376215155424
17425,0.0901290728152703
17427,0.07977404886899077
17428,0.0173063694156204
17433,0.02750492609203403
17434,-0.13275760561601418
17436,-0.859849408363629
17441,-0.02214495629712704
17444,0.020505563131041
17448,-0.03246106701095536
17449,-0.1988862544724933
17450,0.28629066561444827
17451,0.5918875076382946
17454,0.06095671002634364
17463,0.06275243092504464
17470,-0.30689896935948324
17474,0.04546281987018699
17475,-1.0381968002487094
17476,0.1317968424773457
17480,0.04556321789072816
17523,-0.12847973433582843
17524,0.12818819492391173
17527,0.10735216832179326
17528,-0.32250015699525875
17532,0.17365211839647068
17533,0.5432927304146262
17534,1.003549827579352
17535,-0.1746405044300069
17536,-0.5743989366577352
17537,0.6570178133207449
17540,0.31133432100080516
17681,0.3171067283076429
17684,0.05113986344173666
17685,-0.11912790224312313
17686,-0.1191449151985672
17687,-0.07971581093964414
17688,-0.0148276004115797
17690,0.01681221541130873
17691,-0.00376982068237655
17692,-0.15019851698103953
17695,0.16065614614481136
17698,0.0329002987223428
17700,0.6888698395604784
17701,0.15239077213595537
17702,0.12796187565093825
17705,-0.06827931917950082
17708,0.02173046602270147
17709,0.02173046602270147
17710,-0.06827931917950082
17711,0.00437529405222405
17713,-0.08407684461562417
17714,-0.03301796041736538
17716,0.03533159661931191
17717,0.03533159661931191
17718,-0.0831028657592329
17719,0.03024721647038509
17720,-0.0831028657592329
17721,0.10175859543693964
17722,0.14311941606648812
17748,-0.02078341457979153
17749,-0.23209676484370467
17750,-0.4550095844541746
17751,0.117694455620642
17752,0.1734191203976495
17754,0.12885503156559863
17755,-0.14005803152887816
17758,-0.05656657154748745
17760,0.33678976990369514
17761,0.1319523261251746
17762,0.2084619493095896
17763,0.30686034818469315
17764,0.02385464006932668
17765,-0.3047776384220606
17766,-0.1195675648854176
17768,-0.01835950359901558
17769,-0.12154612678545464
17771,-0.4517778622171033
17772,0.7537722372539131
17773,-0.0011775489897724
17775,0.02438170375113936
17776,0.3403856139135727
17777,-0.1482245391755882
17826,-0.06553664893525522
17827,-0.03923592808881387
17828,-0.1126370969266478
17829,0.315395273191371
17846,-0.0916831857345288
17847,0.01036541849015039
17850,-0.00245913378071852
17855,-0.22360518654983175
17859,0.07046099733501068
17863,-0.43127588409524664
17864,-0.11868665991425478
17865,-0.07192227322732163
17868,0.28835377164792536
17869,-0.0766471639058591
17872,-0.01714159459779411
17873,0.07329053961079085
17874,-0.01755777557262158
17876,0.02440217438233951
17877,-0.13406322514664254
17878,0.422569431521695
17879,0.09716511954395332
17880,-0.3174300275611435
17882,-0.2031670124531981
17883,0.1566603306228121
17884,0.5923075426087655
17885,-0.00828031709636858
17886,0.24292026219292928
17888,-0.17095458336057628
17896,-0.10944196535843728
17897,0.0943762324202526
17898,-0.4610977082148206
17901,-0.5435010490369352
17904,-0.3738229265689224
17906,0.04523500052674431
17907,0.13807157944419798
17909,0.09959018777092804
17910,0.03864946781979654
17912,-3.03977894176119e-4
17913,0.08075794472110687
17916,0.1792490175759152
17918,-0.00338558518423418
17919,-0.4527329341223135
17920,-0.2015926357799188
17921,-0.4790167824876164
17922,-0.6354589040478197
17925,0.12519800313971385
17926,-0.04541452187194519
17927,-0.06035700227135304
17928,-0.6224375260402794
17929,0.5373267483825824
17930,0.5394748524840518
17931,0.2274975613689096
17932,0.13541080785424792
17933,0.3051408202907827
17936,0.11276979342532666
17937,-0.2517784249357937
17939,0.19490283607075207
17954,-0.07397735686518082
17955,-0.10821174056537378
17957,0.14659631197275147
17960,0.5008663664105631
17961,-0.4762750795388317
17966,0.20889055160079428
17967,0.4905824412408819
17968,0.04696608419190849
17969,0.1881746966053102
17970,-0.05738501855856631
17972,0.00211052027654019
17973,-0.14111237520495126
17975,0.07994958185590383
17977,0.26223245159017455
17978,-0.0676355624871307
17979,0.06934136907738145
17984,0.32635878401985075
17986,0.06538364467578654
17988,0.17088461344377082
17991,-0.01310868577358452
17992,0.01036283250276814
17993,-0.08560091577148897
17995,-0.05227123393960337
17999,0.07149715298489626
18000,-0.0213102528421096
18002,0.01244529765212917
18003,0.00777373795274651
18004,-0.1561044253406776
18005,0.20940595915843968
18007,-0.6022119635251626
18008,0.4735937462041161
18010,-0.01307094514456909
18011,-0.07109689680238296
18012,-0.11363534343972648
18013,-0.5697668199306141
18014,0.3782450976577138
18015,0.07016926480284438
18016,-0.00482356848197289
18018,0.04718715277002656
18019,0.08866372723279732
18020,-0.0920609505994122
18021,0.1603800484589738
18022,0.11772873801263647
18023,0.01115838348820695
18024,0.032512733969278
18025,0.5045487873373682
18027,-0.20147375972681897
18028,0.15281011318637325
18029,0.4706191370528484
18030,0.04036067961224621
18032,0.2351542416288694
18033,-0.01279797088823796
18034,0.1377073285782348
18035,0.02894481039508219
18036,0.00377277981805997
18037,0.0371691292695181
18038,-0.01002920368736502
18040,-0.379143645883805
18041,-0.4515264103091779
18044,0.111921135077507
18045,-0.04655975289480332
18046,-0.01625236039899742
18049,-0.04270267552306846
18053,0.00390145620148205
18071,-0.5454318546573046
18072,0.4169717521564702
18073,0.19005333440192052
18080,-0.01904681934567244
18081,0.03562370659056787
18082,-0.40073700786848304
18087,0.05098295779429068
18088,0.12134891189116807
18091,0.5656608704861082
18092,0.525498334554953
18094,0.9031001630834834
18095,0.7968338154744842
18096,-0.11739572070307912
18099,0.18332341518707743
18100,-0.13348770537481158
18101,0.0012953749427351
18102,-0.08739133388565358
18104,0.34077626805389327
18105,-0.06068513063574158
18106,-0.12543885303885047
18107,-0.10584121031852886
18108,-0.01933683472504314
18109,1.0226048956322555
18111,0.14505657487696658
18113,-0.14979379024681394
18114,-3.446644759396529e-4
18117,-0.363649284080727
18119,0.07234191978609483
18120,-0.13407112738801807
18121,0.446505309604157
18124,0.07062047638868528
18125,0.1411675171811939
18126,-0.29113804841285784
18127,-0.32014716264706905
18128,-0.11925709150896208
18129,0.00861228023547379
18130,-0.01101988838634818
18131,0.23223654437472957
18132,-0.07496711952981516
18133,0.35492952039858194
18139,-0.2424014388251013
18141,-0.07843792140220615
18142,-0.191241218428232
18143,0.7085088092680779
18146,-0.8398745246757453
18148,-0.13287073733323596
18150,-0.6210926721175086
18159,-0.03375370537556213
18160,0.7509407672313071
18163,-0.4103756464505576
18164,-0.01911100030718466
18166,0.2075513477509508
18167,0.2583423610058763
18171,0.16292324530189606
18173,-0.02766319025369287
18174,-0.23098488945133716
18175,-0.28464730680950784
18176,0.04527669886153623
18181,-0.11838774530663092
18185,-0.15782163676287805
18186,0.3275478404675547
18187,-0.4071879878406592
18188,0.21133587885739352
18189,0.11864994966836911
18190,0.4369362738590751
18193,-0.07409696780284267
18194,-0.24653028191158757
18195,-0.12668223491632993
18198,0.4441268298480858
18201,-0.05235670741397084
18203,-0.06798862704711742
18205,-0.02857099062129078
18208,1.0986322004297706
18209,0.01744386083583783
18211,-0.02018225886602787
18212,0.09762686503295918
18213,0.2779536413606335
18214,-0.03715056401470956
18216,0.5673295484291916
18217,1.8057994241701731
18218,0.4574556301722835
18220,0.16033153805737876
18221,-0.05792271875152545
18222,0.16149996875824257
18223,-0.2789583793399135
18226,0.1144098619656128
18227,0.8058602607804471
18230,0.553538125467971
18231,-0.3427828237818996
18232,0.1968103581274789
18241,0.4869577992633791
18242,-0.08718560495413108
18245,-0.01129827237808403
18247,0.03139689335575336
18256,0.5490630938422929
18260,-0.24972889987894348
18261,0.04330099769605455
18263,-0.04500547295308571
18285,-0.03437689016453629
18286,-0.1474292682011556
18291,0.40119311922849826
18293,0.08101349881336452
18295,0.24546491488788225
18300,0.3356806283947202
18301,0.04550880860574206
18302,-0.06329226596392248
18312,0.19462102900001932
18313,-0.6529289272351502
18314,0.07122074885642644
18315,-0.4873379558606964
18316,0.18939930483718512
18317,0.10192557124198388
18322,-0.14750031981860395
18328,-0.08158813766688038
18330,1.7962476903013014
18341,0.2934933148021067
18343,0.47722643978352736
18357,0.14088960409662848
18365,-0.10284313132032226
18366,0.10442098672484176
18370,-0.24362793640193245
18377,0.48902181536531214
18378,-0.10656633025126493
18383,-1.1485196159473987
18386,0.3527076563261361
18387,-0.1093048082358258
18389,-0.01725242304831471
18390,0.04261810440556897
18391,-0.06764607529462968
18392,0.6663415716305586
18393,-0.30694261756934105
18399,1.046800504588007
18400,-0.3293043711559882
18408,-0.13485496848409867
18412,0.10311149433593551
18413,0.02326880166214245
18414,-0.23358480691547137
18415,0.03780097438710226
18416,-0.09936704294580807
18417,1.133309408474336
18420,0.4973349688540949
18423,0.977083991498738
18424,0.01317766523249557
18426,0.2969660416347237
18429,0.6170777055000601
18430,-0.04689820189143449
18431,0.3076532813816046
18432,-0.03938546092726812
18436,0.20563867733586683
18438,-0.11307282502400276
18439,-0.1204662618766177
18440,0.2716147697178757
18441,0.27052276235828826
18442,-0.2528066485192785
18451,-0.1887080500397483
18452,-0.2962456014330612
18457,-0.17258575672124746
18458,0.05744127786957626
18472,-8.747010306997026e-4
18475,-0.0069756306233458
18476,0.00206161563235471
18477,-0.05241332717302843
18479,-0.04595295497863817
18481,-0.08730615631492405
18483,0.1773811715870789
18484,0.9240397102733034
18488,0.23246615623955033
18489,0.16976062468834
18491,-0.11568734824882984
18503,-0.10834872206646418
18504,0.00142637718702861
18505,-0.4891584687916812
18506,-0.7245789240286299
18507,0.22063346106564935
18508,-0.3626108149080785
18509,0.4443562570721644
18510,0.9313022641322806
18511,-0.21953481553378548
18514,0.15107321095491844
18515,-0.03952396009803345
18516,0.02639061551447807
18518,-0.08267280313007185
18519,-0.273973674384335
18521,0.02543556984809684
18526,0.29536837114958686
18530,-0.03223413722334375
18534,-0.19415718357291337
18536,-0.24986174740347733
18537,0.07062772234487438
18541,0.1217959481984944
18542,-0.4861058421231247
18545,-0.00968157177551746
18546,-0.3373348824282876
18548,-0.10447697836342998
18549,-0.25271352234089184
18550,0.00711195260592195
18551,0.05736429951037357
18552,0.21345693254532405
18553,0.23108895924061404
18554,0.05956821188590808
18555,-0.33844709796608913
18557,-0.5831686404665029
18559,-0.6718321006960317
18563,0.08938904664209632
18566,-0.3241705979260887
18567,-0.03885117975736216
18569,0.04344047018908789
18570,-0.1235276679996544
18571,-0.00859596941344749
18572,-0.13724545592642415
18573,-0.06939178376060134
18574,0.04198880647871968
18575,0.0050691585701013
18576,-0.25640183219119606
18577,0.0850453773641058
18578,-0.13593006472177874
18582,-0.291307263432801
18583,-0.01066673016547399
18584,-0.14329900906858437
18587,0.6977354694360276
18588,0.14743595891041544
18590,0.26966201354986047
18591,-0.13880571586172186
18595,0.24669399368610628
18596,0.07044780458674003
18597,-0.0751888192324762
18598,0.3952526862629562
18600,0.17947955942912122
18601,-0.1902298438840711
18602,0.03964700407829069
18605,0.26375595534048113
18606,-0.1658410693245045
18607,-0.02077794660499912
18609,0.6239418192539656
18610,-0.016888441400126072
18611,-0.34486830538837443
18612,0.27012934175282927
18613,-0.00145941934127728
18618,-0.01469285734469413
18619,0.16106942967305216
18624,0.07699651407154029
18626,0.07970900058118784
18627,0.216181285616912
18628,-0.25836181862931495
18631,-0.08544393282336493
18632,-0.29739687444340646
18633,-0.18007934218541552
18634,-0.06998028349646748
18636,0.0964583775696153
18637,-0.05637968318341951
18639,-0.0860072943802481
18640,-0.493757852235316
18641,0.0935409415698098
18642,-0.33942296886649764
18643,0.06300583119593998
18646,0.02849722895871083
18647,0.09587238092845292
18648,-0.06580213912769292
18654,0.14934439923554013
18655,-0.04390551572960794
18663,0.3076776377719324
18667,0.16184859124282447
18670,0.05212530475350272
18671,0.416183227339855
18673,-0.24150557344051815
18674,-0.20314347531088053
18675,1.4008915445003904
18676,-0.3543657359962366
18679,0.03349997842599032
18685,-0.15187680982462895
18693,-0.01033023563392126
18700,-0.04111017096731834
18701,-0.2310692756970948
18703,0.06935425979945853
18704,0.376829082971484
18705,-0.02223107991273137
18706,-0.08596703061109642
18707,-0.11387625413481114
18708,0.3461126116478158
18710,-0.00826873095297741
18711,-0.42834510593812114
18712,-0.0335339680779979
18715,-0.4361926399052407
18716,0.5121219136175109
18717,0.3238404385598634
18718,0.1968246224326856
18720,-0.12918175395678044
18736,0.13526807339048127
18738,-0.02735225403827732
18739,8.87365138978094e-4
18740,-0.28388751038667026
18741,0.18330375174705144
18742,-0.3789260689558439
18744,-0.030256614161499
18746,0.08140261987210601
18747,0.5153419863116075
18749,0.02773629936371262
18750,0.19602907946996512
18751,0.02940732178379795
18752,0.06799009616763992
18753,0.068085787441667
18754,0.4414442797786876
18755,-0.14479395537136286
18759,-0.2626491143888545
18760,-1.2855078754016689
18761,0.05369537291154946
18762,0.1321933462251895
18763,0.0754254368549382
18764,-0.02185117893646114
18766,0.1095894606740161
18767,0.4474706250028174
18768,0.02054396041326521
18769,-0.03011298529001679
18770,0.4714956558531719
18771,-0.16967872075987808
18772,-1.0311581900766733
18777,-0.3721373500177012
18778,0.13338281201031643
18779,0.18248961120489632
18781,-0.975477822641574
18782,-0.14248187918493904
18783,-0.07297782198919077
18784,0.02842365764078137
18786,-0.1703974971410102
18787,-0.17892208825127537
18788,-0.12942735853582665
18789,-0.03657925681664591
18791,0.6583420456941464
18792,0.9297803884517628
18793,-0.0788036457000478
18795,-0.17112777059619688
18796,0.7668824438961234
18797,0.11832995811741742
18798,-0.4138753346841546
18799,0.3545387733435017
18802,-0.07666515019043124
18803,0.09969614086750948
18805,-0.3709614291665594
18806,-0.07249473630736335
18807,0.05013738707814489
18810,0.02209327519161801
18813,0.02266824867450436
18815,0.2092836814870157
18816,-0.8977752825476581
18817,-1.171707631320965
18821,0.09071797159675872
18822,0.23448428311854105
18823,0.15918314403709344
18824,-0.00278515504842812
18826,0.07541040833948949
18830,0.03270929609212628
18843,-0.26028467884171236
18845,0.6079757372767899
18854,-0.02103009348414482
18857,0.00481374347887968
18858,0.01846636004264773
18861,-0.33985684359522683
18933,0.3613606542685556
18935,0.4278812558586349
18938,-0.176584440752245
18946,1.0709285711673688
18948,0.28551550859894215
18949,-0.24083735225230685
18951,0.07392321686102288
18952,-0.08749637413352801
18968,-0.15699933995907384
18969,-0.16294102655154435
18970,-0.30881820610414945
18971,0.0487207764791566
18972,-0.13968778119414596
18973,0.36671500635483095
18974,-0.15245743838771478
18975,0.0495200948365893
18976,-0.4903481800683684
18979,0.14421490285125116
18983,-0.04210567143783109
18984,-0.07895533022935997
18985,0.03778428273309754
18986,-0.01436373588944908
18987,0.06010356747591871
18991,0.4580485608333726
18992,0.37555445686590033
18993,0.07106296517693218
18994,0.4777192489124646
18996,-0.3553871485198454
18997,-0.6298252701215656
18998,0.08326653932516534
19009,0.02968020689898347
19011,-0.19228054666107497
19012,0.3231764969885857
19013,0.09258575627321386
19014,0.07117296953550754
19015,0.06061487044943629
19016,-0.13917197752008903
19017,0.18770669320869365
19018,-0.01752471801553728
19023,0.4773820648253206
19024,-0.14964506443184977
19025,-0.02594807531468272
19027,-0.1618051458324809
19035,-0.08454888268947629
19038,-0.3602272588808687
19039,0.17572700601920818
19042,0.03524156934736339
19043,0.02121264916174591
19045,-0.03624843757696184
19046,0.09356894905353248
19047,-0.12069408183940863
19049,-0.1400326383146942
19051,0.0833591407507993
19052,-0.13069885132602338
19055,0.112757099623848
19056,-0.14726306758552626
19057,-0.2608151998612005
19058,-0.09926457075233806
19059,0.4661236253437998
19060,-0.5667261008534704
19062,-0.00142706394423051
19063,0.02305197978548752
19064,-0.5261325769475281
19069,-0.20101898138577337
19072,0.10432010619271814
19073,0.00125913378548826
19074,0.43268665782385823
19075,-0.1864538898559255
19079,0.25629536765768257
19082,-0.25976273164155134
19084,-0.01175605548020131
19085,-0.3107722544710869
19087,0.5890118505128258
19088,0.1314399610443432
19089,0.01199820266681677
19090,-0.05097316578619402
19091,0.28418101173260335
19092,0.07151576401689493
19094,0.12008302223134124
19099,-0.02057262817761856
19106,-0.09252740244010042
19108,0.2075755047289154
19109,-0.7344560341294921
19116,-0.9863710434275326
19119,0.1671269808988273
19120,0.1479556958887763
19122,0.284057309426604
19123,0.2084040129176376
19124,-0.4461454972313878
19126,0.3337607627469777
19127,-0.40299736630820926
19128,0.27214943337095776
19130,-0.30923624222037266
19132,-0.5120153752504933
19133,0.09419948470324994
19134,0.11082986497738875
19139,0.06654382941863886
19141,0.05962576220642879
19142,0.16267454119610328
19143,0.05925352201698924
19144,0.28207677335044984
19146,0.5732278882939967
19152,0.13404017063875226
19153,0.07605687222284589
19155,0.0858297885520286
19156,0.1332244586365489
19157,-0.01364413403655427
19158,-0.02451826703416881
19159,0.02344487310292049
19164,-0.0983690948053802
19165,0.02094163219974378
19167,-0.10422576756305746
19170,-0.10763338083220744
19171,-0.03613347042074525
19172,-0.0929017091328742
19173,-0.00582044191636088
19175,-0.05790631895791191
19177,-0.15867753193576656
19179,-0.00258910494670463
19181,-0.18116396036012583
19182,-0.02483107901097451
19183,-0.21628656159262205
19184,-0.08219392126479329
19185,0.03988739105476616
19186,-0.01483059209945673
19188,0.0149625897414736
19192,0.15685660584116853
19193,-0.29438713938251826
19194,0.02188319642731494
19197,-0.34722429069402316
19201,0.21997626518305255
19204,-0.04771363561224949
19206,-0.11901323947598136
19207,-0.0927198306732023
19208,-0.01104543642896678
19210,-0.1315712467758564
19211,0.1684039330805019
19212,0.16289112373631737
19213,-0.22661810160951504
19214,-0.2126297552837731
19215,-0.05032348130193367
19216,0.08309320882179948
19218,-0.315674419171545
19219,0.04612879065037417
19220,-1.117227564562905
19221,0.3058219407306427
19222,0.15869422180717124
19223,0.6091780073747591
19224,0.13694861462064667
19225,0.2792503504602567
19226,0.5252362836231546
19227,0.24724672943436304
19228,-0.3901417077961915
19229,-0.0170850979235755
19230,0.26176912490933
19242,-1.459108928363166
19243,-0.05659714125143305
19244,0.09019707049213577
19245,0.09195602186512866
19246,0.07081313006502313
19247,0.11064236499117014
19248,0.22409310701621576
19249,-0.8025580289383838
19250,0.08735363019020279
19252,0.20197651367175265
19253,0.00850418811712476
19255,-0.26724730537046243
19258,0.29264434899371705
19259,0.28137033348406193
19260,-0.19361377918608583
19261,-0.00361221927446768
19262,-0.08377652989041301
19263,-0.18671965312062047
19264,-0.04054786009544366
19265,-0.10752117910968571
19267,0.03621673383099828
19268,-0.1788931459502471
19270,0.3272898803850406
19271,0.3569172126617697
19272,0.6830125690516996
19273,-0.561793549270708
19274,0.23131504950503431
19276,0.3837757828505912
19277,0.05015248736931019
19279,-0.13992322924476236
19280,-0.05947569956124026
19281,-0.2217548448667599
19283,0.43181205842465753
19285,0.13474365040123176
19286,-0.1944665645841916
19288,1.085418639178604
19289,0.02244267075169865
19290,-0.03328410615289054
19291,0.02089622373783143
19293,0.6534849440786024
19294,0.26232756617837644
19298,0.06353499819223427
19299,-0.2169011044375131
19300,0.00141744233894996
19302,-0.15210332336096602
19303,8.758675372371912e-4
19305,-0.17079449831263935
19309,0.5598958287865553
19317,0.10237359756103268
19324,-0.08495830669399138
19325,0.02243380220646798
19326,-0.00782706513357753
19328,-0.08985643590513717
19329,-0.2399427866612479
19330,-0.09733522271202125
19331,-0.10758781696638817
19332,0.17640144037292477
19334,0.21144669717617093
19335,-0.1370166227216029
19336,0.16457885556759724
19337,-0.5372244738642356
19338,-0.17356223308321322
19339,-0.10099103806216846
19340,-0.09411362170711184
19341,-0.1931630782066086
19344,-0.13083885872258946
19345,-0.10366059412572956
19346,0.15888792621697478
19347,0.14690225262426726
19348,-0.4874734900480815
19349,0.06761419405023517
19352,-0.5159728505906165
19353,0.02776793083957593
19354,-0.00977712171520212
19355,-0.13046237071694455
19356,-0.34414106926714416
19357,0.04288411375570979
19358,0.115930037538871
19359,-0.2986681383480518
19360,0.1061709738716584
19361,0.5244246866536462
19362,-0.5690263768857342
19363,0.13544765986150462
19364,-0.4087094928870185
19365,-0.20711458237285835
19366,0.2539375705157665
19367,-0.03150846958028704
19373,0.01549718159270048
19374,0.3545267474008727
19376,-0.27095785183929233
19377,-0.17159803447788516
19378,0.7656247989106874
19383,0.054316694545066
19384,-0.07089782629338202
19385,-0.21573218207626232
19386,0.0351449083581712
19387,0.08036429553786631
19395,0.13915108066799592
19400,-0.10380408053235608
19401,0.03449265193119874
19411,-0.03250752924597686
19414,0.00104739102835968
19416,0.01788715024034268
19417,-0.11198216591423436
19419,-0.11223538381559618
19434,0.09387482925381016
19645,0.16201999042256712
19646,-0.09972292258364995
19647,-0.08883384265346846
19649,0.2468912480791983
19650,-0.2146529323586737
19651,-0.1965249794188828
19652,-0.16350903349836876
19653,-0.04089243307376343
19654,-0.01441991201238867
19655,-0.11394750656868372
19656,-0.14709097557179313
19659,0.7243185582727214
19660,0.14362337180159415
19661,-0.16329527544046046
19662,-1.3862509100741414
19663,-0.08236498726164496
19664,0.2791024376894733
19668,0.3837922326577859
19671,-0.1029996867558166
19672,0.00471741051770691
19674,0.1073729673123652
19679,0.14489091521061823
19684,0.09521255363901404
19687,0.00611578400084332
19691,-0.05029390759565795
19692,0.18116088355384088
19693,0.13505096610965836
19694,-0.13024739594781137
19696,0.08030598832473368
19697,0.01900419605697927
19698,-1.1782577088637752e-4
19699,0.03346227321774144
19700,0.570563399353455
19701,0.18033328710598953
19703,0.08261342621498054
19707,0.08640549349931424
19708,-0.05137667237915764
19711,0.4213287634220605
19712,0.16307918502619567
19713,0.2321581501055868
19714,-0.11356689065552102
19718,-0.06819692444674322
19719,-0.11421644090638904
19720,-0.08359102373834565
19724,0.00781174894184999
19725,0.8212453436817021
19726,0.32773710078909324
19727,-0.13003572221822585
19729,-0.1277065725018447
19730,-0.07233443727513814
19731,0.04662322260565164
19732,-0.07287800459144074
19733,0.0583222798964754
19734,0.5755313583258792
19735,-0.02324831406447813
19736,-0.00489640832622936
19737,0.7269732750124929
19739,-0.1879832237924816
19743,0.13527616425550285
19744,-0.6278330372066443
19752,0.07167574376194794
19762,0.551608672663985
19763,-0.3273687923455162
19765,0.08548440587006
19766,-0.03463405889731066
19769,-0.04792006771120334
19771,-0.32788770291266783
19773,-0.729420635869107
19775,0.03245676198557621
19777,-0.09861630954343624
19820,0.3627985663213388
19821,-0.12855574312335266
19822,0.13432026739054814
19823,-0.0901205090603442
19824,0.06885747785736301
19826,0.0663997328966752
19876,0.3298300930976806
19877,0.03186553266722806
19878,0.09278342005208154
19879,-0.04798464339696277
19881,-0.07841374443948416
19882,-0.30810647907957833
19883,-0.06444991724444432
19885,-0.17388920377983758
19886,0.17063932763163597
19888,0.8042978358347168
19889,0.1935426469424151
19891,-0.03091728188001974
19892,0.9531186441688866
19893,-0.4973339906520601
19894,0.21335993805577136
19895,-0.17031416478219444
19896,-0.03344262430126669
19933,-0.16998070916571076
19934,-0.03874514732209962
19935,-0.12412763834543956
19942,-0.02298765125099379
19943,-0.0133651343722314
19946,0.05023323870168422
19951,-0.0403633510563547
19981,-0.04268673997554912
20014,-0.09511657638988538
20016,-0.13879292585187503
20017,0.00969048422093365
20018,-0.12441413261736166
20019,0.04985123586920588
20020,0.16535140100887877
20021,-0.10230971413902216
20024,-0.0947643105889788
20028,-0.7157644120108076
20042,0.01200082201957728
20044,-0.04161290987366465
20055,-0.08794814091264147
20103,-0.06133317287275774
20111,-0.01601629765161082
20112,0.04824640418057312
20129,-0.3652111279528325
20130,-0.07263649696007404
20132,-0.10754706906288326
20147,0.04683359449092758
20148,0.12123665299193875
20163,0.13529596337021288
20166,-0.08644479518293915
20167,0.43627161377889145
20168,0.22993162098993752
20170,-0.0039071322953149
20174,-0.03267129967403162
20181,0.133377307295929
20182,-0.12713150804343926
20183,-0.13463975521166366
20184,0.3200122617388483
20185,0.21734136743415716
20186,-0.07227142219336087
20190,-0.1562543671584575
20191,0.3481640081753642
20192,-0.2574976648693155
20193,0.04364480454913756
20194,0.08494532206700854
20196,0.07248020241641762
20197,-0.4624665819939665
20198,-0.05662929036948568
20199,0.10925417601324595
20200,0.02739734966900716
20201,0.05921472035441585
20202,9.737732048193812e-4
20203,-1.292263441651579
20204,-0.08390322686154501
20211,0.0937337522102954
20215,0.14813256620985918
20216,-0.4333841018425616
20218,0.03090989395206359
20222,-0.02711516083658005
20224,-0.12789941162015145
20226,0.0294764960080715
20227,0.06042157334554525
20230,0.02950739612532613
20231,-0.20281197029846657
20238,0.21851276849035445
20239,-0.05624540403435693
20248,0.17155258935212275
20249,0.04090586050300025
20254,-0.0992927199761341
20255,0.22612334562099265
20256,0.16245697937347214
20257,-0.1426461389720764
20259,-0.3738609463342936
20262,0.19595376856190555
20264,-0.0813568924631449
20265,-0.06012939411401681
20266,0.31265577451996573
20269,0.03517910242290059
20271,0.13821702495436922
20272,0.6223300178075948
20273,-0.17271577626322646
20274,-0.24610504456250923
20276,0.2178397595862197
20277,-0.3283466418795049
20278,-0.4257174383252876
20280,-0.0730673491857913
20284,-0.3296192596164158
20286,0.121452816811008
20287,0.449059806082603
20288,0.11957850843766558
20290,0.45041729618211407
20292,0.506977212373892
20293,-0.47643843010317755
20296,-0.02175908126357381
20297,-0.367851227133003
20299,0.01102103717882822
20300,0.02077576057640089
20303,0.10051005228696484
20306,0.5168889935511679
20311,-0.2878866393643508
20316,0.04052714197667339
20317,-0.3645396980063085
20318,-0.06494804926758538
20319,0.13754178242303325
20321,-0.27236123034315257
20322,0.11977157296402488
20324,0.0652476572836192
20334,-0.17417632041667935
20336,0.49234516576738874
20338,-0.17936143177647526
20339,0.5275210630836682
20340,0.07101075921560378
20343,-0.06585297555432654
20344,0.08418507084039398
20345,-0.1223617803785036
20346,0.24915447855936432
20347,-0.3171465147518882
20348,-0.3947920133851528
20350,0.3056698462994021
20351,-0.02725247960097546
20352,-0.2755607756242414
20353,-0.0832418380987015
20354,-0.05361144964764085
20355,0.2517763527425385
20356,0.25305103964092923
20357,0.4935561610515803
20358,-0.09289641098116222
20359,0.3898516086376417
20360,0.3962586903644322
20361,-0.05937191915856182
20362,0.16098322673348753
20363,0.00361857122350666
20364,0.04958478495698951
20370,0.9141291150167664
20371,-0.0435758928585491
20377,0.1820951075313545
20378,0.8107839619646633
20379,0.5160030250435336
20382,0.135413762847129
20383,-0.08584917601394063
20384,-0.00964139273648352
20387,-0.3806403659386188
20388,-0.208664929958011
20389,-0.1954701775374143
20390,0.0615565694184769
20391,0.02199935790215208
20392,0.12628064592653104
20393,-0.20847225300391825
20397,-0.03416998607059752
20399,-0.04694310848534724
20400,-0.27201475305898004
20401,0.3005200432931868
20402,0.05816836482227151
20403,-0.05603803846565727
20404,0.16987703335245868
20405,-0.03346775811397037
20408,0.26647246168427385
20409,-0.0979503245276626
20410,-0.08798556344448843
20415,0.1965822008448092
20416,-0.00613630616749711
20418,0.05766480903293328
20419,-0.6395610436622281
20422,-0.07537993608402394
20423,0.134659412636778
20425,0.7159984387512879
20429,-0.10832424159477912
20430,0.12871849625099088
20437,-0.03214681845224557
20439,-0.3370711298785757
20440,-0.1141470862205075
20441,0.04906676944716805
20442,0.14504399472320317
20443,0.20205877232258823
20444,0.2146902064693765
20445,-0.1296693482773764
20447,-0.1691834290962289
20448,0.05063835111067876
20449,-0.08753616192299063
20450,0.6174692483822143
20451,0.5531617581930128
20452,-0.11434272271192827
20460,0.39299085897822533
20462,-0.4365573722575437
20463,-0.03927648749725299
20464,-0.6151108653290134
20465,-0.08733646299055087
20466,-0.06787344034581126
20467,0.06406993257679659
20469,-0.05280804311736942
20471,-0.5741348325710708
20472,0.6291206122669775
20473,0.4241112516237721
20474,-0.03453101117019101
20475,0.15323836598026866
20476,-0.1911096761922671
20479,-0.03253500090359534
20480,-0.11031150392546651
20481,0.13268409509771015
20482,-0.1547261622958407
20491,-0.06929741001699856
20492,0.11332274310006334
20493,-0.3229548686675384
20494,-0.07030430276117144
20495,-0.3391975030380723
20496,-0.24902894543236004
20497,-0.03022764125651704
20498,-0.19166052351384727
20499,-0.05414285611141826
20500,0.2980731773126264
20501,-0.300933897011105
20502,-0.0261418977595893
20503,0.1746657992809323
20504,-0.28107926868280775
20505,0.29115704645812696
20509,-0.01956996565648936
20510,0.1035188227454383
20511,-0.20321313782155545
20512,-0.020263316650729
20513,0.20938159411973717
20514,-0.04884196668925866
20515,-0.10404551479283666
20516,-0.4278737580556082
20517,-0.12096787590884882
20518,-0.1967368522293084
20520,-0.11109006842013122
20521,-0.03352019155578815
20522,-0.00103638579442658
20523,-0.29898702514688547
20524,-0.1564739689545925
20525,-0.15925382563237833
20526,0.3093503687650541
20527,0.20862746108000524
20528,0.294575287340632
20529,0.27637461548931797
20530,0.18082431698901352
20532,-0.0944254560878327
20533,0.2507225613914984
20534,-0.01956400512375337
20535,-0.00957755128974476
20536,-0.4514103790549898
20537,0.16888724489549614
20538,-0.8342014983561833
20539,0.35666268244566646
20540,0.25409523187253247
20541,-8.244466931276173e-4
20544,-0.01662719125123288
20562,0.04482725837760559
20563,-0.1333489616778774
20564,-0.3885678450420144
20568,0.02992992680454936
20583,0.1418774102823828
20585,-0.1311041434404881
20586,0.01641333582539008
20587,-0.1910683412482287
20588,9.32001453126774e-4
20589,-0.12132275552968684
20591,0.07227015081109664
20592,1.6076639639513004
20597,0.06160107844906849
20598,-0.4593558203914672
20602,0.17480991176027805
20604,0.15156618727496396
20605,0.27753409981028426
20606,0.5316608036061883
20607,0.04688478450544733
20609,-0.09194679733348754
20612,0.05833380606839288
20613,-0.289372527211493
20614,0.0053853358321273
20615,-0.1088546617496534
20616,-0.5747725714672867
20617,0.0201756957420824
20618,-0.1078324905292567
20619,0.0737805384204116
20620,0.13397266591950846
20621,-0.01401627953930333
20623,0.05128488039229162
20624,0.00417681392783721
20630,-0.21759490070508908
20637,0.08811479810202016
20638,0.05145475230081416
20639,-0.10461754455154904
20641,-0.15240103541612676
20643,-0.11119285190415278
20646,-0.03291074147610258
20648,0.01564114296800095
20649,0.04529666494773526
20650,0.2832997071920432
20652,0.4481146588175089
20655,0.02463724363440313
20656,-0.07690781699173094
20657,-0.22124954051562387
20658,-0.10155263393368733
20660,-0.02302809738127062
20661,0.3771445384110989
20662,0.4460372656939807
20663,8.639443976727786e-4
20664,-0.08024193586246181
20665,0.04488501868188931
20666,0.29817573307735434
20667,-0.7601129760097918
20668,-0.1961880580000397
20669,-0.13094152613565138
20670,-0.03348420465839926
20671,0.00300134747856688
20672,-0.5265743715174324
20674,-0.6534604172820131
20675,0.6934584037860898
20677,0.2695014809967523
20678,0.19470641810340697
20679,0.8381200914126994
20680,-0.18103581714484385
20681,0.750900727330987
20682,-0.19883330611271297
20683,0.097191413344235
20686,0.06015537645833353
20687,-0.9319022693153922
20688,-0.07747846022304608
20689,0.3280859903096682
20692,-0.6597127213200584
20698,-0.09923784436766332
20713,-0.6319139338351827
20719,0.1063960227128732
20723,-0.2483821180793529
20724,0.22485174089889748
20725,0.1001655707765904
20728,-0.01635110267818995
20729,-0.1799599878476529
20731,-0.42484706715933945
20732,-0.2818052195219419
20733,-0.0850145342163743
20737,-0.00276559084048665
20739,0.1988112976834355
20740,0.048691352875614
20741,0.5511106103790435
20742,0.09965224974322467
20743,-0.3090734152102291
20744,0.00698481403287262
20745,0.6338691765805321
20747,0.0901722488506871
20750,-0.6988838289789512
20751,-0.07346289077068846
20754,-0.1006668842747301
20768,0.6378108436044162
20773,-0.11063184454136384
20775,0.10871759431395164
20776,-0.17511182446553483
20778,-0.05845649994316199
20779,0.08022857505443633
20787,0.24201211705649625
20788,-0.16265239122634317
20807,-0.06968310138142114
20810,-0.05133581874854062
20811,-0.00156356119815974
20813,-0.01777427120005159
20815,-0.065184293471756
20817,-0.0295457522416394
20818,-0.24381081511760788
20821,-0.12384741168490732
20822,0.2855234307608021
20823,-0.08616080580642488
20826,-0.2203821340352433
20832,-0.02970341632994849
20833,-0.01516688591326011
20834,0.06677916394287602
20840,0.08829444028151795
20841,0.07556212342969085
20842,-0.07885430059967355
20843,-0.109875619350572
20844,-0.10994000799066068
20845,-0.19937252053279247
20846,0.11926965375024084
20847,0.11634630764016562
20848,0.16170552717007605
20849,-0.07794463442622215
20850,0.04863707827483289
20851,-0.0668067935799196
20852,0.05776577520421577
20853,-0.3356831215256917
20855,0.30878024206917526
20860,-0.1164604090627811
20866,-0.01742145881108872
20867,0.27168777450113
20869,0.1845745297529723
20872,-0.22363742367843265
20873,-0.1501802047280159
20874,0.0335748781958976
20877,1.244842842848077
20878,-0.32369472701059615
20888,-0.03225865022663723
20890,0.27976278063746784
20892,-0.15497260699679835
20897,0.35532720630615544
20899,-0.01314868804477291
20901,-0.13357297206998003
20907,-0.46937852999378393
20908,-0.2384431360776984
20909,-0.06949116705017355
20910,-0.4221180280191807
20911,-0.00443200733540245
20912,-0.13500502456199245
20913,0.515758774773809
20916,-0.18150468284143667
20917,-0.4211053457696716
20922,0.0556536741095369
20924,0.0870717924993848
20926,0.2217671705982295
20927,0.12622720341322846
20928,0.1907493748140429
20930,-0.07433635530815877
20931,0.04250878213213416
20932,-0.13871283705495413
20935,-0.0791772760100254
20937,-0.07017152094101121
20947,0.07923809457690983
20957,-0.1737782722020864
20962,0.02549802677128074
20963,-0.03472493680147012
20964,0.506609722053446
20969,-0.4651270684855008
20970,-0.1897791396166378
20971,-0.4473768366024734
20972,0.03617411379103926
20973,-0.01184714511859233
20974,-0.44661331974455576
20975,-0.31262595897142964
20977,-0.03444895457489985
20979,-0.2085731620686372
20980,0.05539329187699492
20981,0.35333944290861474
20983,0.2007059981024096
20997,-0.964512248559204
21333,0.39187841506900234
21334,0.33567110170496806
21335,-0.13570827429767557
21336,-0.4256884061649873
21337,0.02733553162357514
21338,-0.6254136073009866
21339,-0.07210131799978181
21340,-0.01272020915546191
21343,-0.1627728163994166
21345,-0.00868989823946025
21346,0.05509062203258437
21349,0.1370139403240308
21350,0.26309606302327315
21351,0.0660372845908353
21353,0.16831371745167034
21355,0.04827662059381511
21356,0.0879738125997015
21357,-0.07648531368450534
21366,0.09474719436269936
21367,0.1186895791842833
21371,-0.26418180803674973
21372,-0.00964745403739725
21374,-0.3355917415069039
21375,-0.46230331949422343
21376,-0.11536364236759825
21379,-0.16048811893102286
21380,-0.04778755684800723
21384,0.7116182984346763
21385,-0.4396377753617542
21386,-0.2880450981521387
21387,0.8744952752856118
21388,-0.1910857620828477
21389,0.05228590909168125
21390,-0.15966426033082456
21391,0.1483420102410533
21393,0.18639932747323107
21399,0.06330514977558682
21400,0.20262360642812657
21401,-0.41607926584255206
21402,0.04960670026894479
21405,-0.22387975577178165
21406,-0.04075244212860568
21407,0.06808396605542565
21408,-0.47402660230895965
21410,-0.01016510013755104
21411,0.06098212668668466
21412,0.1768275260750369
21413,0.27476421216769914
21414,0.03301885369445229
21415,0.1451954478373828
21416,-0.14353708855995434
21417,0.12128877460508404
21418,0.37911838080369137
21419,-0.9368610271076468
21420,-0.15396298312979886
21422,0.31367213761476176
21423,0.0219918231354998
21425,0.03760473972969261
21426,-0.40128108281261377
21427,-0.33526725757632936
21428,-0.25180025627323566
21429,-0.02285262065930854
21432,0.0983557660810624
21452,0.20334724328142095
21453,0.08739279722954077
21454,-0.01953594297955256
21463,-0.07233818800828908
21645,0.5892292329175435
21652,-0.16027681600486007
21664,-0.8816127131646089
21667,-0.4520767088932174
21672,0.01937393948563083
21673,-0.3285582990735748
21676,0.6148741361742849
21677,-0.3246986389016057
21678,0.2970847271462787
21679,0.3625342152008134
21681,-0.15214494622725594
21682,-0.1318762182625937
21683,-0.2847863311099625
21684,0.4228650379113736
21685,-0.14316371194704397
21687,0.12337065462870224
21689,0.38272752364151186
21744,0.4752277295467789
21745,-0.04759298876426474
21749,-0.22987257347682244
21750,-0.03290529301366004
21752,0.21858326599185127
21753,-0.12214490482411676
21754,-0.02647393154160639
21761,-0.01062022414180212
21762,-0.0443912848573779
21763,0.12270190403840948
21766,-0.12138068279463518
21767,-0.06600272038322541
21769,0.0775080015128428
21770,-0.07763979368049317
21771,0.04199262595226468
21778,-0.4153795575984854
21780,-0.07657719755560098
21781,-0.3868472594216953
21784,0.04035744299979482
21785,-0.6205340467657787
21786,0.5611542946246117
21787,-0.09460508350311383
21788,-0.01632144593948701
21789,-0.09089575652273084
21802,-0.13443226544029135
21803,-0.10952781909018604
21804,0.1785641721562828
21807,0.00807606407703485
21808,-0.5099850481956667
21809,-0.28383618672970334
21810,0.09247437459353922
21812,-0.18930406426126037
21813,-0.01013615000453619
21814,-0.19815830421529143
21815,-0.01705293249162431
21816,0.30250265631794515
21817,0.1662904870677298
21818,-0.07478570323321393
21819,0.23217077498713432
21821,-0.22746302993839623
21823,0.07659887178429907
21824,-0.35235496383175546
21825,0.19801357267428377
21826,0.00992304128664151
21827,0.1354299366045297
21828,0.0974976422724742
21830,0.27090281513015857
21832,0.47267934880437146
21833,-0.322508677819185
21834,1.2106931748539331
21835,0.1795213041591608
21838,-0.03785173096393993
21841,-0.2375102306011345
21843,0.05401579235335999
21844,-0.29726920575343024
21846,-0.5969157865298436
21847,0.03104430463184998
21848,-0.05824447923131651
21849,0.1315699366010182
21853,-0.12742024079302938
21854,-0.232842301692374
21855,-0.07639973769381139
21856,-0.10458454517237832
21857,-0.1447710847395297
21858,-0.16464315497775386
21859,-0.6199161205909954
21869,0.2552597999990003
21871,0.08161311944006135
21872,-0.02808529085852866
21873,0.4855943638136771
21877,-0.3688768123170957
21881,0.02118003520108552
21884,0.2698442093164933
21885,0.05288186245423106
21886,-0.10727796010480842
21887,0.117311474897007
21888,-0.30076120302475784
21892,0.33079150217806086
21894,0.17329329945503155
21897,-0.00801555448636342
21898,-0.1369800998314884
21899,-0.12433991623343256
21906,0.23261418935856243
21907,-0.11856008044280272
21909,0.21760293544321943
21912,-0.4563063804868337
21915,-0.10934506621598772
21917,-0.15387734418425902
21923,-0.16888272266687843
21925,0.35496024565720263
21926,-0.7668297086369253
21927,-0.07535255646009888
21928,0.04748824651002423
21929,-0.03339972694461532
21930,0.6348362552437927
21933,-0.6706753627965961
21934,0.4733149297593745
21935,0.063634413075201
21936,-0.19059242787433753
21937,-0.04694420936879026
21938,0.21965317274007584
21939,-0.25721714236605825
21940,0.15020998926812562
21941,0.4434376459375048
21942,0.06838958194755031
21943,-0.5839286143680866
21944,0.28917507355551614
21945,-0.02187513544289525
21946,0.02374327968276837
21947,-0.1456116440891402
21948,-0.09128160472160442
21949,0.1323087557275247
21951,0.349059241917665
21952,0.23992446472079537
21953,-0.04761868409611807
21954,0.12690362899538324
21955,0.11546689825539327
21956,0.36527439417883056
21957,0.12860913826851206
21958,-0.01387203508735536
21959,1.682925626091884
21960,0.2873322907181869
21961,0.25072710452982383
21968,0.3976283598620203
21969,0.05495680150232097
21973,0.31251646349809736
21974,-0.03477528343326339
21975,0.12689073270929302
21976,-0.01403569381090995
21981,0.10743041885857474
21982,-0.1884390900171264
21983,0.4616830970502379
21985,-0.05248031959074724
21987,-0.8117881224100739
21990,0.04426998770187118
21991,-0.00909898066665367
22004,0.33085493985561276
22017,-0.6235929556296049
22018,0.14416269463498194
22019,0.02828836234022139
22021,-0.8411498844970144
22022,0.02033693943424851
22024,-0.7414534404844279
22025,-0.2697485942006842
22026,-0.03550805690121112
22027,-0.0887546386996434
22029,0.13941794204636346
22030,0.00235933697343992
22031,-0.08746519376701317
22032,-0.23357600703293585
22034,-0.23494914089953256
22035,-0.26253323605207673
22038,0.01386627732694361
22040,0.00816810184576593
22041,0.1224901518226298
22042,0.16979858028068628
22044,0.4472665032048677
22045,-0.2883337421949411
22051,-0.1246266671424992
22057,-0.05939228010018382
22059,0.4868074970853491
22061,0.08226569810478432
22062,0.14420659318283832
22063,0.42856979841202303
22065,0.4669024156950739
22066,0.4866786716693163
22068,0.2670605508398791
22070,0.00555824488217752
22083,0.00644043406413748
22084,0.19794748335130544
22088,-0.11878396195820332
22092,0.5785389157878625
22094,0.23319835898313773
22095,0.10435152847564372
22099,-0.04077172944087508
22110,0.09829313361990756
22113,0.00475803552967886
22114,0.33868317879177323
22116,0.02096845404751167
22117,0.5868483238234533
22121,-0.15966899843670096
22122,-0.0834924557528628
22123,-0.03846517121939195
22129,-0.01319949077324617
22130,0.39534340082565
22134,0.02067146875379236
22137,0.3201189872260222
22138,0.03164957632929768
22141,0.8679836970009545
22143,-0.07009194378306483
22145,0.0821058919768258
22146,0.03067101095527506
22152,-0.37440818450088686
22153,-0.16305720960844353
22154,-0.09340285226943695
22156,-0.311952137133537
22157,0.3155972919515532
22160,-0.17050189546588243
22163,0.15992944834774997
22165,-0.11391869791125576
22166,-0.13251791882746528
22169,0.06507224564769915
22171,-0.4472043730648043
22173,-0.38831880747803216
22174,-0.605384002609737
22177,-0.00887490542072584
22178,0.09764214010564148
22184,0.1995195005144463
22185,-0.10763322428452604
22186,-0.00596505140770462
22190,0.06752297057455478
22192,0.1431369938737802
22193,-0.03738573691918381
22194,-0.12096093314968738
22195,-0.04001984199721713
22196,-0.10783415352512338
22200,0.16045495927430956
22201,0.0874518834561896
22209,-0.34491989188766503
22210,-0.02801506225237697
22213,0.25748822164005836
22214,0.37490608478743026
22215,-0.11292504500627426
22217,-0.0484947638510058
22218,-0.12260072769862568
22221,0.2616933417983228
22222,-0.517654959591202
22223,-0.26486461187753707
22224,-0.01472688450606482
22225,0.01166541824698115
22226,0.6078875714529398
22228,0.16010289615706275
22229,0.11438949162627322
22230,0.03119776538775281
22232,-0.07598334170246751
22234,0.02838820115565306
22235,-0.04242262709771863
22239,0.3534603110460622
22241,-0.04981465661840961
22242,-0.0927995251974812
22245,-0.178606837224198
22247,-0.12559070345790208
22248,-0.10245696100753862
22249,-0.20041131071503276
22253,-0.03054159237458009
22255,-0.0844990287833965
22256,0.00242258972699165
22258,0.14637522965787017
22259,-0.2860230879728379
22260,0.15798557890503395
22268,0.3804454401788753
22269,-0.06086197104929874
22270,0.0941595401992169
22271,0.01616577983727611
22272,0.01943861335823029
22273,0.01734570143626275
22275,0.02434687040883063
22276,-0.01233780596592504
22278,-0.07061193857261101
22282,-0.1877494153503651
22283,0.1867812737898647
22284,0.03375840341009652
22286,-0.02165812780297867
22287,0.4569409003929533
22288,0.2090324601232355
22289,0.22110379390651436
22293,0.41162166503671016
22294,-0.01210601131344626
22295,0.4994026574737089
22317,-0.09828561177125655
22318,-0.04484992064341421
22319,0.14213386332066688
22320,-0.07074743839067918
22321,0.10524630171895936
22323,0.04982863745071752
22324,0.01613848191276324
22325,-0.3111651650898309
22326,-0.4921432708899076
22327,0.06922865084849776
22329,0.6082270317712544
22330,0.47599532186571303
22334,0.01279454337626867
22335,-0.03778431241451342
22337,0.2206101223602071
22339,-0.30068180326323346
22341,-0.18063894136094433
22342,-0.1432467931608982
22343,-0.33983455925661576
22344,-0.02869725920325696
22346,0.00790095530453838
22348,0.47023254068809656
22349,-0.16891722559796157
22350,0.08816452384575948
22351,-0.13652372592950104
22352,-0.06538008093757729
22353,0.4202897285710553
22354,-0.21352112824330893
22355,-0.16244461975309216
22359,-0.462627882420744
22360,-0.24551200728227016
22364,-0.12227742538649296
22365,-0.221807838461651
22367,0.088751121769858915
22368,0.03280353514799129
22371,0.31434987397111563
22375,-0.01575556998553994
22376,0.01425086470408427
22377,0.00877777332694022
22378,0.12704508018382696
22379,-0.11950200348845552
22380,-0.19850223130026273
22381,-0.30568775191350644
22384,-0.09428899356790676
22385,-0.19648488338378664
22388,-0.00564726545747844
22390,0.36321732711675137
22401,0.00586468987906442
22403,-0.08763281282951807
22408,0.07972685230197248
22409,-0.04454072057866536
22410,0.07701906647555834
22412,0.0947970174706438
22413,0.30822259295865095
22414,0.15532540818574916
22415,0.0904766314165857
22416,0.3688259980577975
22417,-0.0266130574598269
22418,-0.7628899984873346
22419,-0.1053857306668277
22420,-0.20035798706283545
22421,0.00515012220315648
22422,0.04584902471220725
22423,-0.15644358136273362
22427,0.15009411673129097
22428,-0.05317815409343852
22431,0.6613833931971496
22433,-0.07730159437423274
22436,0.14393285322024718
22437,-0.18017265005854377
22439,0.129615587753288
22589,-0.07470551603441059
22590,-0.06401189674007858
22591,-0.12267523823402075
22592,0.14256302492334305
22594,-0.03302422885461997
22598,-0.00663845344993883
22601,0.21581471692711668
22608,0.03827909552623493
22619,0.05911526414648942
22625,0.21071821843012123
22626,0.03118400290293459
22627,0.01786574582923701
22628,0.0792739731770107
22629,0.089755159572732
22630,-0.02851855622062976
22631,0.3680680947180361
22632,-0.17017447785919154
22634,-0.5177792480915123
22635,-0.21073021294210137
22637,-0.03848478850250131
22640,-0.0873010973639706
22642,-0.3887582798080682
22648,0.184501973483505
22652,-0.3652705579001033
22654,0.10505003384264774
22658,0.23591973060634752
22661,-0.01728997789190226
22666,-0.1396663076963134
22668,0.14731435189752973
22670,0.01447394005718644
22671,-0.00858919227584489
22673,-0.01718543124418918
22678,0.10510827847539148
22680,-0.07459914106504438
22682,-0.01691374561394345
22685,0.04107036791179335
22687,-0.02129978740763047
22688,0.10962407718622055
22689,-0.470767773139752
22690,-0.6527655393803059
22691,-0.4431264112261269
22693,-0.3892163583179507
22695,-1.1472630119775704
22697,-0.19100939736108036
22700,-0.5749426794602235
22701,-0.4672508662823911
22704,-0.13468945049304107
22709,-0.387680369610957
22715,-0.18710312674615515
22720,-9.433907806461056e-4
22750,0.01382370216847386
22751,-0.3158571059266789
22754,0.2403025336294786
22757,-0.10656907856517338
22758,-0.2012611249812932
22761,0.11063026404734425
22762,0.2477891418166761
22764,-0.29336044483359425
22770,0.12321483508674808
22771,0.4244117232025196
22772,-0.29291436585361486
22773,0.5476740983176326
22774,0.32826350537240434
22775,-0.4314231137021931
22778,0.01791550966652506
22779,0.15119950918901562
22780,0.35221463917004325
22781,-0.2100996718272568
22782,-0.06321487037597175
22784,0.4781398655052627
22785,-0.2959592240376207
22786,-0.05058382532226399
22787,-0.1386899775536043
22788,-0.20207435441500468
22791,0.03205445403655853
22793,0.1004108000036368
23789,0.07212745382604795
23790,0.01614092030209153
23792,-0.04075666977720071
23794,0.1463484707641492
23795,0.01165177300455147
23796,-0.1273736407686294
23797,0.22189389402912135
23801,-0.3803340296985951
23802,-0.08494022250925157
23805,0.088040738157287
23806,0.04329543436937193
23807,-0.10858631196868676
23808,-0.04703717454581169
23821,0.00404142447907533
23825,-0.09116489797285256
23827,-0.8428088680389403
23828,0.15326467790861228
23829,-0.08907881645379023
23830,-0.2959844654981454
23831,0.26272198526381085
23832,-0.12586519359038137
23834,0.23281738631080415
23836,0.31893419891730135
23837,-0.06369732569064637
23844,-0.01557951842552438
23845,0.384816985689288
23849,0.03279852844749061
23850,0.0802932334854016
23853,-0.09248166863235932
23854,-0.03736635470690008
23856,-0.07199781808567854
23857,0.15618298638805211
23859,0.5431991144247947
23863,0.09222233364902996
23871,0.06476551987925411
23872,0.09969275871199038
23873,-0.15784348371186352
23874,0.092048018387917
23876,-0.12780392650465328
23877,-0.2802707159327839
23879,-0.12640901178637132
23880,0.22378248768784817
23881,0.14822625632260503
23882,-0.0544798195962117
23885,-0.1703051902686186
23886,-0.6509268340954915
23887,0.0666402632691018
23888,0.40991992043276615
23890,-0.3283104582560778
23892,0.1573472331232644
23893,0.14602888151079538
23894,-0.32435896331627384
23897,-0.12375643658688196
23900,-0.01667770560911852
23908,-0.6947995224718299
23912,-0.01936871009320754
23917,-0.18259320461750428
23919,-0.25002292148868854
23920,-0.15064970544876122
23921,0.13149332087176305
23922,-0.07608009122327597
23923,0.1628984076496067
23924,-0.07101277573581032
23925,0.13091164371696803
23928,-0.26916222990101507
23934,0.3286493420561199
23936,-0.12025108084208004
23937,-0.3299650495205268
23938,-0.05728913615930546
23939,-0.14925312082714337
23942,0.04137031385425909
23943,-0.01076427712743219
23945,-0.18693317304371224
23947,-0.08559339211452288
23948,0.23607728825243096
23950,0.05669884201780764
23954,0.02220127680686709
23956,-0.02220410197263656
23957,0.327225242637453
23959,0.01679025877841154
23963,-0.5687286579592375
23964,0.15564904530410245
23965,-0.0985263707410895
23966,-0.05723189129587812
23967,0.10868856235276436
23968,0.7343033706965149
23969,-0.05870406384160399
23970,0.14383233162694195
23971,-0.16444052833840883
23972,-0.05646120707870047
23980,-0.14013673062661663
23983,-0.08534349821748544
23984,0.38028410879509467
23985,-0.7091208877106256
23986,-0.08638765456403175
23988,-0.13002408015008643
23989,-0.02414059653979335
23991,-0.11950707556581386
23992,-0.2053345744613322
23993,-0.18646046276759323
23994,0.04529483454675553
23996,-0.04209435161501583
23997,5.924132630595255e-4
23999,-0.04861976189076383
24000,0.1160418350091412
24001,-0.1902517730515786
24004,0.36135549841728654
24010,0.00261229655060114
24012,-0.6123155085604813
24013,-0.4612213683394047
24014,0.3171119001697165
24017,-0.15691085862099044
24018,0.2041177723449765
24030,-0.08358192235902734
24044,0.04522691716171687
24045,-0.04172777717574915
24046,-0.3447927141301521
24050,0.017698995500772242
24051,-0.2824483726551511
24052,0.09608430382827904
24053,-0.6674174653532106
24055,0.02180762435259989
24056,-0.02341720837427586
24057,0.12844567245774335
24058,0.01126763453372426
24059,-0.11012344562769928
24060,-0.4150741963588735
24063,-0.4002102529770494
24064,-0.7849997442455139
24066,0.07428710225249266
24068,-0.09495754254892089
24069,0.2071083727201117
24070,-0.1475495854177132
24071,-0.08667371188585019
24074,0.4648282008198122
24075,-0.0474066590512703
24083,-0.08937231340781232
24084,0.3636107127832862
24086,-0.01033585942642506
24087,-0.6226215695877163
24088,-0.00983847888256884
24099,0.06110526192047608
24100,0.23016068912568813
24102,0.04345863741395039
24105,0.00913731851878138
24108,-0.2853347531656027
24111,0.6074342022227324
24113,-0.5081018531918993
24115,0.36262073117742655
24116,-0.0914550797926863
24117,-0.2741861345239366
24127,0.503534884460203
24128,-0.11635738643611614
24132,-0.04552867545548206
24136,0.08939102409790942
26356,-0.06735044773094168
26357,0.08694522176229298
26359,0.3610064042668621
26361,-0.1866036825061923
26362,-0.5332290908163657
26363,-0.13316352118721791
26364,0.06906944904711161
26370,-0.03668437388025437
26371,-0.1348702745463733
26372,0.26563888981924477
26373,-0.46553232872790345
26374,-0.11550472175353932
26377,0.07337011160386986
26378,-0.0699775598584396
26379,-0.13480823504301584
26380,0.16485427174790868
26381,-0.4737324491934616
26382,-0.07239968484838223
26384,-0.2061895233259785
26385,-0.0641970114394953
26386,0.0865111386463728
26394,-0.06747469143997592
26395,-0.14471209391469417
26396,0.10292421694699304
26397,0.04993787166820217
26398,-0.36662287973428664
26399,-0.07186631513849229
26400,-0.1113947998000164
26401,-0.04303203222695387
26403,-0.03429416963884156
26404,0.00303449975657324
26405,0.07257753105530249
26406,-0.05912676271478831
26407,-0.02131988343131369
26408,-0.04257456873809841
26409,-0.11564995902826794
26410,-0.5810472510464991
26411,-0.04266512928516399
26412,-0.08596002433342892
26413,0.00171944801133404
26414,0.09710963633056234
26415,-0.1865272276302629
26416,0.14497185526443362
26417,0.06392402353825752
26419,0.6201050379860347
26420,-0.07250671857613417
26422,0.30963843513827166
26423,0.08940809372392255
26424,0.2932235211983184
26425,-0.13796953015891594
26426,-0.0909316970436208
26427,0.2655555607651904
26428,0.0145746957658681
26429,0.136134173018386
26431,0.06601870948568694
26432,-0.3308108751556271
26433,0.03720442909100088
26440,-0.04336597702695324
26441,-0.07931050228300067
26442,-0.06714444032282185
26444,-0.08040718559078584
26445,-0.23019710025482176
26446,-0.06560719553771636
26447,-0.27482857707283853
26448,-0.3274607765870552
26450,-0.472392023932735
26451,-0.03316985763199821
26456,-0.3070902563273611
26457,0.15978116870895284
26458,0.1623394053230755
26459,-0.20932436474735053
26462,0.03238062387873342
26465,0.12311829067517512
26466,-0.2804145073293145
26549,-0.07190456672160574
26554,0.10413676141621732
26556,-0.12036636748488976
26557,-0.369912166474306
26558,-0.04790342685074547
26559,0.5656671819224401
26561,-0.0364940468363541
26562,-0.05234625361293133
26563,0.6840122872089134
26564,0.37508942686792257
26565,0.14759391120717794
26568,-0.3885475023474543
26569,0.29189090254074723
26570,0.1905976392261742
26572,-0.19133609127509457
26611,-0.5508670693566686
26754,-0.14265264783370368
26757,0.3886799641953214
26875,-0.2686363464339911
26876,0.2990832946911597
26877,0.44298285284403927
26878,-0.4668116899801349
26879,-0.29176230156679517
26886,0.1385412338934905
26887,0.4162166126586771
26889,-0.07266681766425963
26891,-0.13651788319155336
26893,-0.10859068975397844
26894,-0.04184769114359505
26895,-0.08395496307933456
26896,-0.23553369898604332
26901,-0.31668894422018784
26903,0.17686968897560515
26908,-0.5026815696884909
26909,0.256761814424315
26910,0.4470279872882079
26912,-0.15509646557917814
26913,-0.12687946415364296
26914,-0.14422740269320897
26918,-0.5727643121199415
26919,-0.4481070479040847
26920,-0.06316255051453223
26926,-0.1791084971576663
26927,0.3154508801651986
26932,-0.10937024835595135
26934,0.269780985075474
26936,0.0460221888869452
26938,0.4458815563476308
26939,-0.36635253447913385
26940,0.01769891883531543
26941,0.10740672993984944
26942,0.3640436068547279
26943,0.0961237612069383
26944,-0.1912352579466125
26945,-0.8951405208124682
26946,-0.1400643938356257
26949,-0.1756998877687352
26950,0.2485729533684846
26951,9.828664927970347e-4
26961,0.01202860266999705
26965,0.07179123836149896
26968,0.39886499361421274
26970,0.095635876065431
26971,0.28991453076199686
26972,-0.3055543675442727
26987,-0.0741771038730675
26992,-0.13970277525110045
27008,-0.02018734021939328
27015,-0.29928066347247767
27027,-0.12734358634949605
27028,0.2624726348250073
27029,-0.02293040222772694
27041,-0.0758708505756985
27045,-0.08089684775312209
27049,-0.2153475755026955
27050,0.09299180466836618
27052,-0.00126579962706765
27053,0.09568331886077017
27054,-0.02990429217951006
27055,-0.28723297261277203
27056,0.03415606159569702
27057,0.11788388882357156
27058,-0.16496448723306034
27059,-0.2818074574945586
27060,0.15353261606919358
27061,0.08065288247061832
27062,-0.01188536527107411
27078,-0.42811968445665544
27081,-0.2959421753027117
27096,-0.01126285885496381
27103,-0.21157699250032924
27204,0.5632054571083338
27205,-0.05017360751401106
27215,-0.14541146057742074
27217,0.9172891912906986
27218,0.1865897369761214
27219,1.052508106278659
27220,0.43153953269092427
27221,-0.2631245642177811
27222,0.06060644172880172
27223,-0.3016555653538632
27224,-0.3923548138394406
27225,0.00448510945642276
27226,-0.03272124955545518
27260,-0.09900538725948936
27261,-0.04328905330854443
27267,0.00804831272806687
27273,0.30850366040608074
27274,-0.20846902754132832
27275,0.05536847264301269
27276,-0.20693496550755153
27277,-0.01038846969350024
27278,-0.22757934787177989
27279,-0.2035776070426854
27280,0.09816284481011578
27281,0.4740897930927628
27354,0.02124292161482805
27356,-0.2030810378740688
27357,-0.00589217231115596
27359,0.07043456263417962
27360,-0.0025911902177508
27361,-0.03588280570051641
27362,-0.04609501964891279
27364,-0.01874934794008696
27366,-0.11742319320220455
27368,-0.08145201584370187
27371,0.08267900259934846
27373,0.06199186827002128
27374,0.00448419604579599
27376,0.3917967517022447
27377,-0.450230012309906
27385,-0.19184180822944988
27386,0.5333252406115293
27387,-0.12751579109456823
27389,0.5093517763180413
27390,0.46160315723939527
27392,-0.08202984137768204
27393,-0.11195919429234424
27395,-0.07029923697161201
27397,-0.15464848449972177
27398,-0.2185952178637672
27399,-0.0640241113195637
27400,0.6285919572422503
27401,-0.07819392381899538
27402,-0.8806613397489577
27403,0.1016548746407064
27404,0.2599338163219338
27406,-0.01749129500048813
27407,-0.05427099118205918
27409,-0.04262256935266449
27410,-0.00936488548017449
27411,-0.20527315372304272
27413,-0.2243849045288029
27414,0.00242911675664647
27416,0.0929084776634123
27418,-0.09013266416642328
27419,-0.08305524564379549
27421,0.39161962084454416
27425,-0.01755767478918344
27426,0.17198573130843836
27428,0.302357693603106
27494,-0.2119652885820747
27528,-0.8257161355871656
27632,-0.08482336968319004
27643,-0.06454921185201248
27660,-0.5276641831023812
27681,0.01433647286802463
27756,0.02362969181628241
27762,0.09559112395189856
27784,-0.23975951118901973
27878,-0.16844837978002314
27883,-0.13154189719463555
27886,-0.07140648092505592
27965,-0.30323956997902957
27966,-0.01662258561977518
27967,0.00191640677616019
27973,-0.01988285771746865
27979,0.0474752330302191
27981,-0.13669577337450992
27984,0.20676433206377468
27993,-0.12632484546044442
27998,-0.0918141754488098
27999,-0.0696833462904288
28000,0.06468632876393293
28010,-0.0054301609601766
28015,-0.06518745518626949
28018,-0.08647630515939209
28019,-0.17565620213338615
28028,-0.26149684445404253
28030,-0.07233724904712187
28035,-0.03162799652495616
28036,0.06108644065153863
28040,-0.07908377972341038
28042,-0.4505799560706345
28064,0.06448648169899547
28071,0.0879937859254206
28075,0.07121242251148827
28077,-0.2224971702849408
28081,0.07094605594656257
28084,-0.04618722210280438
28088,-0.04130026991092443
28105,0.35576833872698244
28106,-0.04776231853463736
28109,-0.1444177776582197
28113,-0.2763449638334396
28114,-0.10249814501974563
28126,-0.07024776292674098
28135,-0.13945678551310045
28146,-0.05266727648186702
28169,-0.23828890247383577
28185,-0.241662924805802
28193,0.2440261583665524
28199,-0.01348371939212759
28240,0.30549936675182865
28253,-0.3303713500779072
28295,-0.12099572215269502
29805,-0.04175223659880571
29806,-0.05793822030929407
29807,0.03643388091991036
29808,0.1308476110482863
29809,-0.10892945515841168
29810,0.14655794104404082
29812,-0.10757984463838136
29813,0.2625749936817596
29815,0.06525348475201556
29816,0.03796407712048105
29817,0.11325387455721318
29818,0.11956539607618712
29819,0.3286388508327572
29820,-0.2273076047790909
29845,0.5857086389679953
29856,0.3620770133189588
29857,0.3340465744298818
29858,-0.20828955153250195
29859,0.3783614318380753
29861,-0.8816767047667301
29862,-0.2585411398987677
29863,0.04200368910427642
29864,0.08942618284663763
29865,-0.11604706906559936
29866,0.4349654142354692
29869,0.00336799346460064
29870,-0.24039507269434268
29871,-0.2032988256597848
29873,0.2414049023748059
29875,0.11437748983180462
29876,0.17253682765206324
30044,0.408520991098508
30045,-0.23209881938110072
30046,-0.267594766465302
30050,0.03568522041032334
30051,-0.07984624797674311
30052,-0.06389815388300508
30054,-0.18805773441025503
30055,-0.08501559119840504
30056,-0.29158092816323916
30057,-0.07384769483683067
30058,-0.15326364777113102
30059,-0.1683624939021826
30785,-0.24634300053814423
30791,-9.263145960118346e-4
30795,-0.17432659493246846
30800,0.5344742635154454
30805,0.05678981009874091
30806,0.11912054821821567
30839,0.02650423999162433
30840,0.1184994504016637
30841,-0.12855165111431857
30843,-0.1768771116520639
30853,-0.05599003778378123
30877,-0.436607916884357
30878,-0.19015149565562828
30923,0.5295415106898511
30924,-0.06567814712885382
30925,-0.220768205472698
30926,-0.06261293321643266
30927,-0.1283711456906364
30928,-0.25156615451339187
30930,-0.06200072107423739
30931,-0.1821293169893465
30932,-0.14615992625971386
30933,-0.16956961390592326
30934,0.11026219405007696
30935,-0.06702430879516535
30936,-0.21458905608504691
30937,-0.03454790579452592
30938,0.07845270162859781
30939,-0.00949286952345929
30940,0.10500380702208686
30941,-0.02238242958928694
30942,0.1988370742820321
30944,-0.6920288269263508
30945,-0.07898782364023602
30946,0.10886705076717258
30947,-0.00647545537685581
30948,0.11919666012732284
30949,-0.22307215168046235
30951,-0.7676890231275421
30952,0.3009429411567311
30954,-0.17207050242282407
30955,0.24547633383772033
30957,-0.08123861344353966
30959,-0.1645377086380883
30960,-0.07515914302783358
30962,-0.00897530606203384
30963,-0.00835494568425727
50490,0.3455678325271803
50492,-0.17592098486506352
50493,-0.03750478804019334
50496,-0.2646879088052061
50497,-0.22526442135812563
50498,0.01112977727071393
50500,0.2270733430868472
50501,0.29538051095351714
50505,-0.19463482142302985
50518,0.26920014537880804
50523,0.0107004429245101
50524,-0.13193462950892046
50527,-0.24457777147264775
50528,0.4688460167647864
50529,-0.10426879967242283
50530,-0.4176376297437016
50701,-0.16110373727853045
50702,-0.22851206464676072
50706,0.46493306310357385
50708,0.07873903004294706
50709,-0.1267828352124776
50721,-0.126028382931446
50722,0.1407484717817991
50723,-0.07587263911241418
50724,0.00103559726004807
50753,-0.06018347962835618
50754,-0.00100672049054097
50755,-0.12771549401169813
50758,0.05795845387054203
50759,-0.4286335433549413
50760,-0.1824238750620953
50762,-0.08088902012638358
50764,0.3935229151650622
50765,-0.6413442492069851
50766,0.5557636996270912
50767,0.04586042255736956
50768,-0.6413047838164891
50769,0.03943638464354707
50770,-0.4369991634555367
50771,0.01501121896356449
50772,0.2760752689976658
50773,-0.02796141451642012
50776,-0.2041132117575919
50778,-0.35575075689332786
50779,-0.17925382721694885
50780,-0.08321393056457523
50781,0.26640185151484375
50782,-0.21652418280999952
50784,-0.07833674283257946
50785,-0.01401386496623828
50786,0.47344457637895154
50787,-0.20133940330356348
50788,0.06903338447704166
50789,-0.17897520689672497
50790,-0.09355483360888175
50791,-0.13458162725369757
50793,-0.21664609480708824
50794,0.12056733929762026
50795,0.24835029224300267
50796,-0.22227373133036807
50797,0.01766961426104783
50798,-0.00242891484126535
50799,-0.04335347480009732
50817,0.07616591010905198
50849,0.16959267616270446
50850,0.05247491477047719
50868,-4.076403216159294e-4
50873,-0.7053618272520527
50874,0.05976973355071458
50875,0.05068856919601312
50876,-0.2289889794846789
50877,-0.3338702631279297
50878,-0.277396697063317
50880,-0.01825650888900691
50883,0.12042112518740691
50884,0.11912051234408592
50887,0.2204051079134831
50905,0.548596214219609
50907,-0.05630833249689172
50911,-0.09381685260968944
50912,-0.11081238733972934
50913,-0.06995791441526346
50914,-0.00818103134980503
50915,0.22337924472936663
50916,0.7013568820913393
50917,-0.0144748014413892
50918,0.11440210890149574
50926,-0.06466458357914578
50927,-0.11852556425390806
50928,0.06252839028207222
50930,0.16736266107891856
50931,-0.07538914353877711
50932,0.15287552840046387
50933,-0.5767177171949724
50934,-0.0961998073425466
50935,-0.09359588404952825
50995,-0.09435297332176068
50996,-0.1125843395410604
50997,0.23001945597981993
51786,0.03540634181872928
51788,-0.04666154230292793
51789,-0.08090647650159453
51792,0.16574529715715172
51795,-0.21568001036724288
51796,0.01182286898682479
51797,-0.13108231173551066
51798,-0.08601066700020568
51799,0.2904087439101807
51801,-0.04898211086988761
51810,0.16548878462542005
51812,-0.11916446288571032
51813,-0.4025205401978258
51869,-0.27810576567215856
51875,-0.02531414667785328
51885,-0.0204794626171735
51886,0.2129055890061688
51897,0.01343819816468412
51902,-0.1249859811780122
51938,-0.02282308899493504
51944,0.0777203389011936
51960,-0.01190783842473828
52004,-0.05721449000329527
52009,-0.4070808535184354
52013,0.05708888768068036
52014,-0.1178015594747958
52020,-0.4671656652135123
52023,-0.4587031853462659
52024,-0.14245685476421646
52028,0.31263787994497527
52033,-0.1864982227930162
52036,0.02932126546831589
52040,-0.3084003654102237
52055,0.2344087889166398
52064,-0.1662407585761205
52065,0.13282511720977597
52076,-0.04438381557826737
52123,-0.17564519596349248
52132,0.12617151679565936
52150,0.09714342754698724
52163,-0.12988433490919782
52174,-0.13286619080750978
52184,0.10761112110304429
52187,-0.5527253677198904
52202,-0.24295904981217703
52231,0.03005725784589365
52245,-0.30984105531285433
52250,-0.11022054895992596
52276,0.03556808826764968
52323,-0.3706250297149294
52331,-0.591023127778036
52335,-0.40030196200733714
52348,-0.0010903255072924
52357,-0.22258652969018097
52377,-0.02806055892790357
52389,-0.12004646096990794
52392,0.01703347362457537
52398,0.11978972737245086
52428,0.32313505918018587
52430,-0.23361464479609928
52432,-0.09578310210132024
52440,0.18496533041732388
52443,0.01795070392633642
52463,-0.09677197633230589
52466,0.01504556527853117
52468,0.14326643793970645
52469,-0.05718101890215017
52477,-0.16762342417866907
52502,-0.01133598835897867
52504,-0.15832579263772018
52513,-0.14379032543907733
52521,-0.03826648411500585
52530,-0.0961878014001606
52535,0.05940486234415404
52538,-0.10923074676364716
52551,0.01511383733622174
52552,-0.09151386078066218
52563,-0.03195794430837206
52575,-0.4011778234927351
52588,0.0459721775346949
52589,0.7420767132404773
52592,-0.3535115874963184
52609,0.4271216930552833
52615,-0.04996717310195361
52626,-0.07246927546185919
52633,-0.10583742783067868
52635,-0.20740203278342476
52637,-0.19714299673628144
52639,0.22438467644794144
52662,0.01419844596585551
52665,0.15023566744941708
52666,-0.6653826853240856
52668,0.03228406563313302
52670,0.8506777919131601
52679,0.1477725370978436
52683,-0.10738935284053776
52685,-0.0931555525802038
52686,-0.3832733288833059
52690,0.08350514156956526
52696,-0.04255622802461892
52700,-0.14070615923425192
52705,-0.18811847087832712
52708,-0.2171534012275078
52710,0.02914368129521305
52712,-0.19332800116755336
52713,-0.09316551133224166
52715,-0.08533013011160978
52717,0.01075823869234019
52793,0.3487651261408569
52808,0.14303026907091715
52815,-0.4459437968335587
52822,0.09008847174337556
52829,0.30728382054613534
52830,-0.14244921762646634
52837,0.13005536213679836
52840,-0.17386865025023893
52846,0.0718704155802376
52850,-0.24218333269340836
52855,0.35230038755792054
52856,-0.01726088837811304
52857,-0.13167336170992663
52858,-0.06573876775641058
52864,-0.02645756311632183
52874,-0.04696087673056796
52882,0.4558885474416662
52892,0.9407171566494889
52897,0.08938299733739896
52898,0.05413092739006656
52906,0.07353052079637734
52915,0.00319351954989506
53310,-0.18274869665867727
53311,0.1915635121474875
53312,0.15375394642448034
53313,0.2020904036392109
53317,-0.18294099484853552
53319,-0.06365954491058387
53321,0.5294299252386337
53322,-0.04535854759488295
53323,0.11746477864963847
53324,0.6788914504543171
53325,0.05371115842819451
53330,0.00535532121822848
53331,-0.07177373761443143
53332,-0.09182493058799412
53333,-0.17073561908506543
53334,-0.04655335613901232
53356,0.03086621139197922
53357,-0.07132717144682404
53374,-0.08502289612258095
53375,0.02227010081686897
53376,-0.49793315578696906
53378,0.07605921873532825
53379,-0.10018333786879574
53380,-0.05842720347117938
53381,-0.03266109784370757
53382,-0.5765143065126676
53404,-0.01611012395056345
53412,-2.030755898826344
53413,0.4803077482597614
53414,-0.03959526748239166
53415,0.00441103051112947
53416,-0.3754952079336093
53417,0.4913834781587806
53418,-0.01132218812814244
53419,-0.26842437204913105
53420,0.2719792850083481
53421,-0.0522281218696631
53422,0.44506306407543694
53424,-0.11145237177767148
53598,-0.1458603128701116
53599,-0.06130189488587637
53600,-0.14336518442035018
53601,-0.01413746977606168
53602,-0.04423417062112239
53603,-0.14663763579430894
53604,-0.56734741141709
53605,-0.09004131246157107
53607,0.06203827031344625
53608,0.01648887236221302
53609,-0.1080024533075559
53611,0.10499454197915586
53612,-0.12640850185072075
53614,0.5068919393704969
53617,-0.17293296165708372
53618,-0.43901003373952663
53619,-0.48672802633739176
53621,-0.1999314338686751
53623,-0.00289965423209936
53624,0.18572854812940304
53625,-0.20993990466053852
53626,0.2957082030285312
53627,-0.608460173256093
53761,0.01844962349543228
53791,0.2716832743420393
53814,-0.075580342550828
53817,0.01072112188917483
53856,-0.597405828619331
53857,0.15466691811056238
53858,-0.03980398013391813
53861,0.04171507990101233
53867,0.3627609380465164
53868,-0.20795460595103368
53869,-0.00696427428577146
53870,0.4715814363936829
53871,0.02809585791225037
53872,0.18612922232268816
53881,0.06607999550072312
53883,-0.1442196521932417
53885,0.05023734760777806
53886,0.3680628036429085
53890,-0.03363175297455423
53892,-0.4652654495823395
53893,-0.07206189311362186
53895,-0.31884911876074357
53896,-0.16840579025559044
53897,0.3787176433691002
53902,-0.20920065367998997
53951,-0.02804144373136236
53970,-0.01111186460280585
53972,-2.5924839476821933
53975,-0.0311403839807015
53978,-0.1153216797972883
54003,0.34585872553937014
54004,0.4626741699346279
54006,-0.06181666953165436
54120,0.01573523357601404
54122,-0.2773485599820518
54123,0.06194041471265117
54124,-0.3445230845266988
54125,-0.19584244349991028
54126,-0.02596849454489754
54130,0.00284972029603983
54131,-0.01609207688927792
54132,0.14988711573079036
54135,-0.25506915049375434
54137,0.01722893975242413
54139,-0.03677549802135516
54140,-0.1670362722391916
54141,-0.5044692975179002
54150,0.24931907127702785
54151,-0.24163995627519913
54152,-0.1825077889298368
54153,0.01269564677568516
54156,0.2941691135296761
54160,0.27731614143854755
54161,0.07608552268127926
54167,-0.1321533741532086
54169,0.0120658072362938
54170,-0.06002700093546655
54188,0.09222743127035464
54189,0.01816992062237366
54194,0.06357438495941932
54195,0.2249092308716496
54196,-0.0378958008617247
54197,-0.08056692176858664
54198,0.07216480327488015
54199,0.7442764834442437
54200,-0.2563784325398355
54204,-0.00413778696761356
54208,0.05979992874426425
54214,-0.02474363166489689
54215,-0.3409548041723538
54216,-0.45832145303404126
54218,-0.13277105482688378
54219,-0.04792137811117036
54324,-0.00241670856947692
54325,0.02258967584500068
54326,-0.4981874819165103
54338,0.30480497693043396
54342,-0.33700101453624154
54343,0.09944980921076174
54351,-0.3239094230200501
54352,0.25589060247274503
54353,0.14266945865438807
54354,-0.02781994996471853
54357,0.4325788330625788
54364,-0.18312306068016057
54366,0.30537964853593935
54367,-0.22005411193607036
54368,0.1222231486575742
54369,-0.12356508938993507
54371,0.22704965371800817
54373,-0.1086001544382844
54375,0.2002560993815725
54376,0.05655596479145865
54377,0.5210158897048199
54380,-0.05873269094470751
54381,-0.07766840860613655
54383,-0.10776727237771132
54384,-0.9332391775591454
54390,-0.03465596836913186
54391,0.11324540709252907
54392,-0.07718152392013694
54393,0.11826297191567144
54394,-0.00410352198041547
54397,0.11525890840442456
54399,0.02216134649004233
54401,0.13973488653920338
54402,0.07357120321477442
54403,-0.16393169063258817
54405,-0.0436830328049516
54409,-0.04618722210280438
54411,0.096623142556299
54418,0.11378161995236108
54419,0.6039620099685092
54422,0.1959349526206759
54426,-0.20660870441530252
54427,0.16433477099316823
54445,0.00448247174537436
54446,-0.02623090683906709
54447,-0.450281406472555
54448,0.6706391048636591
54450,0.36030661920468104
54473,0.15452269338563462
54483,0.12647326414164128
54484,0.01310104128578607
54485,0.08003805749077908
54486,-0.3247694305684694
54519,0.02257982571251154
54524,0.06651628372839692
54525,0.34138274333049945
54526,-1.0007829480852335
54561,0.07906840324797179
54563,0.0190844013534225
54598,0.24812810688168643
54601,0.4432818041262159
54604,-0.2026430446601275
54607,-0.3228437953202486
54608,0.03750262350101387
54609,0.04554026828940465
54610,0.3478971901015232
54611,-0.08385744572157239
54613,-0.13886443898569903
54614,-0.49963016752626127
54615,0.08776366802825443
54616,0.06337948398360066
54624,0.12422054208662868
54630,-0.04233665774864999
54632,-0.07958550335032566
54633,-0.05336389043034739
54634,0.2237404427207196
54635,0.21363511799789928
54636,0.06684100951796894
54637,-0.08370874033055363
54644,0.08314535912054931
54645,0.12799320771060196
54646,-0.4934551991934264
54648,-1.0010988159026877
54650,0.21832752904744673
54651,0.00128148127832071
54652,-0.18939512596981192
54667,0.0940759119658898
54670,0.18822156497699677
54672,0.02457000593314412
54673,0.1648771056129784
54683,-0.03696744255398382
54709,-0.19584105290202564
54710,-0.02025255983102058
54711,0.14493970837610295
54712,-0.04903434203542224
54720,-0.1341341022130965
54721,-0.18992580401344433
54722,0.03765669158354755
54723,0.07050442809558209
54725,-0.01009867711056924
55925,0.2668743212426208
55927,-0.14464320844867512
55932,-0.02326060359827488
55934,0.02645463866488018
55935,-0.4715150168656585
55936,-0.14330600218036782
55938,0.8019577734774304
55942,0.04916422267109478
55943,-0.13221928853472104
55944,-0.05092948545654451
55946,0.12077034501469812
55947,-0.00985467004799268
55950,-0.20063723903450725
55951,-0.1754898575225592
55960,-0.4319129098237213
55961,0.43939155573188227
55963,-0.12319992584157512
55979,-0.01851163677333057
55980,-0.26252475572210987
55981,-0.16152951080962644
55982,-0.11847429922979784
55983,0.07485599574006438
55984,-0.07620011226634235
55985,0.7152270867821511
55987,-0.09490042358276972
55988,-0.04245937601916425
55990,-0.3707202753617572
55991,6.556880630985175e-4
55992,-0.10731827921965292
55993,-0.39446699383548217
55994,-0.18871759599896035
56012,-0.5877683635308755
56013,-0.7993195316525554
56015,0.15058813521492673
56016,0.10845995282982372
56017,-0.11855903992914334
56018,-0.01334782861275785
56030,0.068487825405005
56031,-0.3705036848391413
56032,-0.07139135177804466
56036,-0.1279837848164612
56041,-0.03319283691679663
56043,-0.5079144409876771
56044,-0.00488045646550375
56045,0.09342202017026728
56046,-0.2063924276785786
56047,-0.43270379770616657
56048,-0.08344611464901845
56050,0.00713144861923374
56055,0.04798898823191872
56057,-0.1708248702703338
56068,0.2607724726796985
56069,-0.09930366344559584
56070,-0.4070136584668178
56072,0.269827070874378
56075,-0.12539926500938103
56077,-1.1825912717423042
56078,-0.07126076755105862
56079,0.26626420789553523
56085,0.1421373692366557
56086,-0.07520808095155211
56087,-0.06581643541732206
56088,-0.1677853414335102
56089,-0.32926955504919364
56095,0.01836678106287679
56096,0.2440599875134802
56149,-0.17992868222312408
56150,-0.38159964782664135
56174,-0.21558024365689063
56175,0.00781537244134777
56176,-0.2330841897032491
56177,-0.17940866489485688
56183,-0.4866232044111322
56184,0.8606065306388493
56185,0.1922727665871308
56187,-0.05145727848666547
56188,-0.01664222347414169
56189,0.4460111605915709
56190,-0.0055858820817427
56191,-0.02157122735970324
56193,0.10030914464559083
56194,0.1233466340628628
56195,-0.3273344397946287
56196,-0.4048552328544844
56198,-0.3804021028233317
56199,-0.08911065206467589
56200,-0.1584143047340342
56205,-0.1832204217493874
56207,-0.10871003255083916
56208,0.2173274483160372
56209,-0.25962363914644115
56210,-0.8150124416993989
56212,0.09404825113221645
56214,-0.09808834980628012
56215,-0.05068380171580652
56216,0.05284555691683547
56217,0.3451816673072716
56218,-0.11732151807448468
56220,-0.24455021147766492
56221,0.4666156113134649
56222,0.36935596528728776
56223,-0.1464459149344981
56224,-0.1199358432940937
56226,-0.04817134710262712
56228,-0.01975425975217223
56229,0.14215895104578857
56233,-0.04853600908702404
56248,-0.03358015212275513
56249,-0.07104959216656581
56258,0.10623880438187364
56264,-0.03079441142171007
56273,-0.39156663617313986
56274,-0.03708329243111347
56275,-0.00343647405552504
56277,-0.5378960679933042
56278,-0.5770953911777525
56279,-0.18355020414332895
56280,-0.40227783263935313
56282,-0.08206042616822773
56284,-0.13190293742642528
56289,-0.06753363517234831
56291,-0.09494313784902036
56292,-0.06755803104599561
56294,-0.17773314531367007
56296,0.24134978530216103
56297,-0.5301529623937379
56298,-0.3045742758802453
56299,-0.01977026725649948
56305,-0.23259124538136763
56306,0.26463132019954283
56309,-0.01873386132356004
56310,0.02272083541951166
56312,-0.14309594192827504
56314,0.06051626166287332
56315,0.24697311690246063
56316,-0.36064184293239865
56317,-0.0692289050549998
56318,0.1039043345983348
56321,-0.03887437484356783
56322,0.1360110386408695
56323,-0.26855004322636084
56324,0.5287987428797467
56325,-0.15031995587110858
56327,-0.1583889823188699
56334,-0.0783194867366423
56335,0.01936961849992028
56336,-0.04051791138857062
56338,-0.04112324077050151
56348,-0.03314280746645338
56349,-0.353920434735438
56350,-0.09200432837471596
56351,-0.02059632582905786
56354,-0.01238689558718736
56356,-0.07293635289832578
56357,-0.1326337062668144
56358,0.15459846437990354
56361,-0.07661568373725165
56362,0.6939907210984062
56363,0.04830212090597809
56364,0.1727068431111916
56365,0.04874374996443868
56367,0.263319859525113
56368,-0.2150752586449937
56369,-0.3057344306156303
56370,-0.06140342695505572
56371,0.15719606558483648
56372,-0.01712556235259127
56373,-0.01994112239858096
56374,-0.15332682656694527
56375,-0.2071845620101615
56376,0.08268926466755283
56378,0.05507562945581602
56379,-0.6152288574695909
56380,-0.02035227000243888
56381,0.06295611952813156
56382,-0.2067772876786471
56384,0.08465016180449214
56386,-0.05045747885270089
56389,-0.04070521476020083
56390,-0.06138987305314733
56395,-0.16516628676782005
56397,-0.08683727217908456
56398,0.09077923320215114
56399,-0.18649169797894133
56401,-0.0196865899160193
56403,-0.3990896921298016
56404,0.04000755506196609
56405,0.11176264871587904
56406,-0.11603833611481132
56407,-0.00429987169390175
56409,0.01457077342423212
56410,-0.18198950192181615
56412,-0.24395476323655324
56417,-0.12239770870096722
56418,0.06674850703102723
56419,0.1098943366842088
56420,0.03710483025401406
56421,0.06477100469933386
56422,-0.14516372254186877
56424,-0.02011885484467242
56426,-0.2893994791038951
56427,-0.11171998077295749
56428,-0.4724741792661393
56429,-0.02913159230862263
56430,0.08836117232610459
56431,0.2059711857257984
56433,-0.1923155951062651
56434,-0.4044030407042327
56436,-0.11533427469079728
56437,0.18657755590247008
56440,-0.11626704066807998
56441,-0.19048243339551865
56443,0.1894185308938895
56444,-0.14931776838542388
56445,-0.12651278457131565
56447,0.08055731336186286
56449,0.08931574072955488
56451,-0.03092224878884075
56452,-0.29496592325213683
56453,-0.19824974682028296
56455,-0.3831923872533428
56456,-0.15795062909713609
56457,-0.04177406334930283
56458,0.01898562049107591
56459,-0.12893037524214854
56460,0.04484567469974842
56461,-0.03569820562078295
56462,-0.08272420139705747
56463,0.11866547964676924
56464,-0.00549575271800175
56468,-0.2718966147549168
56469,0.06462406168936348
56470,-0.09392236969419993
56471,0.5304856115515962
56473,0.3664030034032159
56480,-0.13280490098445608
56484,0.03461805381409447
56485,-0.02567645198012597
56486,0.06222570517734055
56488,-0.18259920713777547
56489,-0.18463190933033505
56490,0.18299413653665533
56491,0.01819670653094825
56492,-0.19508039373846947
56494,-0.07022397824851506
56496,-0.4727816152624614
56501,0.9748040990398208
56503,-0.36294275313738267
56504,-0.10064815852272756
56505,-0.05334126345017354
56506,0.01518049509478363
56508,0.037789023731279
56513,-0.2046784879086348
56515,0.0848145656901501
56520,-0.1722537553432754
56522,0.06682012255812694
56523,0.3985876456918728
56524,-0.09529356863069732
56525,-0.7125238325250898
56526,0.06004582426232199
56527,0.15239991027013397
56529,-0.1321950700253649
56530,-0.1499695969472068
56531,-0.15222554635128502
56532,-0.11105997834504984
56533,0.14858809639968693
56534,-0.6836745756803397
56535,-0.2313023018869741
56538,-1.035118731801626
56541,-0.3211514933284182
56542,-0.35654688618326275
56543,0.1103693508479648
56550,-0.05356984580704979
56551,-0.01805840824340289
56612,0.02998972318944718
56613,-0.06199081286727654
56615,-0.1675905953715216
56619,0.03562866265704645
56620,-0.09405957273543764
56622,-0.628289518615595
56626,-0.03127838556106421
56629,-0.27504877506603387
56631,0.0380687820695694
56632,-0.07949700630754196
56636,-0.9059753171688996
56637,0.16733106354764732
56640,0.22821943583403587
56642,-0.18181596827277427
56643,0.4144192903631516
56644,-0.01821384161912245
56690,-0.09897824906509568
56691,0.31933753691797123
56692,-0.1509171327523987
56693,-0.23659150299479992
56695,-0.3024167611724469
56696,-0.074740468559094
56697,0.08107012796662746
56698,-0.3840830287337153
56699,0.0057611655321587
56700,-0.02708928090015722
56702,0.2664379185097141
56703,-0.16161354522582222
56705,-0.08326139673973443
56706,0.0589592352996881
56707,-0.0914563032242154
56708,-0.25275136107608065
56709,-0.12519150620798505
56710,1.219058678477025
56711,0.3802882351979792
56716,-0.0837822522426103
56717,-0.22978014503345867
56720,0.6008720691937721
56722,0.18414403653186703
56726,-0.04505866293919469
56727,-0.18808899712539684
56734,0.31583621566037295
56735,0.5887822195105497
56736,0.04970942062853745
56737,-0.1903473160386828
56739,-0.00560919863947272
56741,-0.4795245936771293
56742,-0.12707702066681217
56743,-0.20235215036982215
56744,0.03955826574866337
56745,0.01706031521220853
56746,-0.16459465680699642
56747,0.4620758247051955
56748,-0.2247460225332009
56749,-0.05599724253078646
56752,0.01417493343624541
56753,-0.1230884181089967
56758,-0.02066484561292191
56760,0.09217173375156978
56771,-0.15311949388128646
56772,-0.1822712047550773
56773,-0.0050532750662747
56774,0.19941014962040457
56784,-0.14991195346381378
56786,-0.07060042823713418
56787,-0.48775396391972736
56788,0.18724463801358776
56790,0.02121832784033586
56791,0.07367705296476307
56792,0.09651364671799048
56794,-0.18448663880553043
56795,0.5973681244113009
56805,-0.2776747031681955
56807,-0.4557773215734624
56808,0.31413932779662906
56809,-0.07881835208175114
56812,0.07750747186753945
56838,-2.3881539682800215
56839,0.03282500087426508
56844,0.02575839662789808
56846,-0.22386510529146747
56847,0.3219661503713563
56856,0.41723642080769713
56857,-0.17329583938529913
56863,0.22736275133043576
56873,-0.2153201824436843
56874,0.4754553920053306
56876,-0.20638990576021551
56878,0.01166753903396798
57014,-0.221977219906778
57028,-0.21993628926351969
57080,0.14527485258612322
57138,-0.37611674779544335
57170,-0.23823073956207055
57230,0.04283678004333439
57246,0.42495549531278554
57247,0.0635040937818939
57253,-0.05989706252608533
57254,-0.649005235117963
57256,-0.35206137274511573
57257,0.07720272643018529
57258,0.0103999570261803
57259,0.147035843958849
57260,1.3486719043264277
57261,0.1581007810944692
57264,-0.17289211033746235
57265,0.5823480680607162
57266,-1.786657776236371
57267,-0.00844195064089393
57271,0.5015552662732758
57272,-0.32007101429040574
57274,0.581266699101769
57275,-0.15654345212696036
57276,0.06243944755382259
57277,-0.09311211394444648
57278,-0.40318435368032374
57279,0.06036313816366273
57295,-0.01278781842439468
57312,-0.07164025683913539
57314,-0.04821037610436969
57315,0.05092200659744417
57316,-0.5588056224686281
57317,-0.00987910673768206
57319,-0.04998620235278708
57320,0.02598478923881533
57321,0.06387331099671888
57329,0.14812191581254902
57330,0.1752418019079978
57339,0.39205199776693345
57340,0.6016822050188317
57342,-0.08822776750321992
57344,0.2113021582245838
57354,0.02528807171915673
57355,-0.08595996322012217
57357,-0.16127287344561914
57370,0.00735174689448867
57373,-0.22267059193409225
57376,-0.0011354915473631
57377,-0.06230623154158774
57385,-0.5725250642724896
57390,0.1877889750258926
57394,0.06899734540455264
57423,0.12905832595058409
57431,-0.09191030168396754
57432,0.00859316642938867
57434,-0.5196668956776791
57435,0.591728158770543
57436,0.11663649004944517
57437,0.00509419890535807
57438,0.00738757318971698
57439,0.09344962416606575
57441,-0.5218506535663457
57442,-0.5430200606211203
57443,-0.11612405648686772
57444,0.03293915807437073
57740,0.6979234726916568
57741,-0.00127121093903174
57743,-0.08617474949392889
57745,-0.4858967243050972
57746,-0.0742145536353782
57748,0.0462336257892611
57749,0.062519540935159
57750,-0.31816521224491884
57751,-0.00319785977349885
57752,-0.641184432331531
57753,0.13036886997165514
57754,0.5565539024010172
57755,-0.272636724239004
57756,0.12680229437190568
57757,-0.2844191089189209
57765,-0.01261386128056339
57773,-0.1588011568109082
57775,0.15085100543628194
57776,0.19669370864782665
57778,0.31510105003711697
57780,0.34086477706132373
57781,-0.38677546830177745
57782,-0.4667573805789599
57783,-0.02913081050717488
57784,-0.05611784118356692
57810,-0.4894843803970236
57811,-0.5147194486611752
57814,-1.6906762970487192
57815,-0.2619087502103599
57816,-0.10006045943764716
57837,-0.09857791089242128
57869,-0.18142908514577263
57874,-0.10939338433333196
57875,-0.1984218995312327
57890,-0.6448578655974417
57895,-0.20941303077935353
57896,-0.27113295497602313
57905,-0.12586244775041278
57908,0.00729594555691416
57911,0.18789545236550187
57912,-0.12926201970989806
57913,-0.18308425443646137
57914,-0.03559085160956397
57915,-0.06617350264215624
57916,-0.15930652301446718
58170,0.46385717084700745
58172,0.14570803637218044
58175,-0.0128250436580425
58176,0.8723285874603328
58178,-0.5124935412974181
58180,0.18295416547612112
58181,-0.0292226127813171
58182,0.3232693402642672
58184,-0.06035513728892766
58185,0.14164469429869436
58186,0.18353184901190653
58188,0.1478137276126358
58193,-0.5208034804558592
58194,0.24540411487749417
58198,-0.4214446792499436
58200,-0.06099190452418397
58202,-0.01912643277600112
58203,-0.0060780469674417
58205,-0.07005750683963624
58206,0.16555865318621238
58207,0.22231926626290643
58208,-0.04257265936414796
58212,0.3520928181304991
58214,0.13095233484022853
58217,0.04199160796600666
58220,0.21543164275823817
58222,-0.05070730836579348
58223,0.6031285933925165
58226,-0.1146266852459036
58227,0.430240604867399
58229,0.09407553844533634
58231,0.08660085233751069
58233,0.133479890263642
58235,0.08010620473755756
58237,-0.5385061223490056
58239,-0.217208786647506
58240,0.37789266832559176
58243,-0.3498557369313674
58244,-0.17668945252757873
58246,-0.5213810809203255
58248,-0.29284522041826255
58249,-0.17569268111085934
58250,0.1922207525521149
58520,-0.14208118736313652
58521,0.0085265907188223
58522,-0.961547232789917
58523,-0.03767127041224975
58799,-0.3634629380720109
58800,-0.2343887733757098
58802,-0.5790341436575055
58804,0.17257483362811044
58805,0.3203922536742623
58807,0.1991757571705471
58809,0.0129186480887543
58810,-0.09702405910661092
58859,-0.39513021739202625
58860,-0.12533369941280442
58861,-0.3289093272024639
58864,-0.4365903457378909
58866,0.5065991217179631
58867,0.06566847681755514
58869,-0.8662266337818478
58875,-0.01054054986397303
58887,0.08277670398484234
58909,0.6784566427696215
58911,-0.06998101476729021
58916,0.00849154912379442
58988,-0.02901245493612005
58991,0.05040305330425432
58994,-0.540429244468866
58996,0.2350950318794047
58998,0.5619162662482996
59001,-0.1358657898990687
59002,-0.3303558187610962
59004,0.03229951259195125
59005,-0.04193287190424344
59006,-0.08460840567441542
59007,-0.05509052249758797
59008,-0.06492160037552779
59009,0.5585489705165645
59010,0.05260909822294832
59011,0.12648919746108517
59013,-0.16822435118621157
59014,-0.4432899575093183
59015,0.01465481446270492
59016,-0.16266710810162566
59020,-0.07941156703086537
59021,0.05562828328265767
59022,-0.05434497802221155
59025,-0.01978778787582513
59026,0.0750098725425754
59027,-0.12333371274063976
59028,0.08121773991888834
59029,-0.11144178751704412
59030,-0.2162393376295914
59031,0.1046571578929569
59032,-0.18440255510420997
59033,-1.007292528275774
59035,0.23230423074616896
59036,-0.20411972941961964
59038,0.09848400786668882
59040,-0.19790461207981935
59041,0.02319505669584298
59042,0.01680108981233372
59043,-0.3671488456903193
59044,0.00433576916528407
59045,-0.07167269192800182
59046,-0.342611796567093
59047,-0.00393302016652788
59048,-0.2873156027642276
59049,-0.10521966233982737
59050,-0.05767745025978566
59054,-0.1427069017317294
59056,0.36595327312206283
59057,-0.15575956241034564
59058,-0.11615217177738751
59069,0.05255067704415445
59079,-0.00399396826373259
59083,-0.09779007119234644
59090,0.04594649578857774
59091,0.40200259762585727
59092,-0.0149171951016838
59093,-0.01635102790095974
59095,-0.8523979655421252
59125,0.05719142220533545
59126,-0.05485435237972421
59288,-0.07069294256095351
59289,-0.16702713128685842
59290,0.02951618757534876
59308,0.08967280702176514
59310,0.1819018041506656
60315,-0.09907014985681507
60321,-0.00507428561515695
60322,0.3041335399584114
60344,0.33596531016134595
60345,-0.7096854099511647
60363,0.15943745905194687
60364,-0.09785653883989363
60365,0.2098755817345641
60367,-0.09119816139356247
60406,-0.07271888998888132
60409,-0.10310118162687835
60411,0.0526145320388205
60441,0.18271702139702256
60455,-0.21410498451592452
60504,-0.09624865456275794
60505,-0.1669257212623258
60507,0.1531261137395988
60510,-0.42160941826463383
60525,-0.1023125625980608
60527,-0.3927258389010691
60530,-0.0763640531046897
60531,-0.2136232250897359
60532,-0.12780556156347078
60533,-0.13382522676483183
60534,-0.21911631590717645
60594,0.2795633459677171
60595,0.24280605490591572
60596,0.21564987035481947
60597,0.23035678303629267
60599,-0.04743536417943422
60611,-0.0255383901900771
60613,0.11600913529599942
63828,-0.2275071475202461
63856,-0.18978538209507
63857,-0.17639727300646268
63859,0.0511394274979544
63872,-0.15465354617606558
63873,0.24723333152227567
63913,0.2195654993604535
63953,-0.19748603631995637
63954,-0.068186011700008
63955,-0.47808564718882374
63958,0.2434377753490993
63959,-0.05381626708221092
63985,-0.04359057064160261
63993,0.43166262213907813
64008,0.08482443870166573
64009,-0.01710890647751495
64010,-0.08618123335739479
64011,0.15092974356047997
64050,-0.25779213536860596
64051,-0.6422776600566749
64074,0.7825013861860761
64075,-1.1418796540746587
64082,0.21716885251481535
64085,0.3415358959543583
64095,0.1338413203992798
64099,-0.14977688878624035
64103,0.17300966094273065
64113,-0.15925247855898836
64136,-0.12038180325632926
64138,0.0033850871678161
64143,0.05446775458178617
64144,-0.18135649004198515
64176,-0.3467580718198455
64177,-0.5560836145703295
64209,-0.14615921080594932
64213,0.09028913112235684
64214,0.0690787429564569
64242,0.5063043275247064
64290,-0.3715242953732808
64291,0.1020397051645262
64292,0.00990293833704597
64293,0.14719726032328184
64294,0.01015819479976983
64295,-0.11696915458652288
64296,-0.15054160845948517
64297,-0.2621913061645572
64337,-0.389293080263708
64339,0.18331383306003263
64340,-0.0450051656609989
64378,0.3735801870497442
64381,0.26722932093001883
64383,0.02086120192731079
64384,-0.00299299835690747
64385,0.04325003156581554
64406,-0.40273553536748824
64424,-0.13456430359043745
64435,0.13241286778459405
64436,0.01930954790458252
64450,-0.7062766341009454
64451,-0.4543784552477077
64452,0.2423668894133657
64540,-0.09548822386196726
64580,0.5739423843296296
64602,-0.3214845560001871
64654,0.01999912212485079
64656,9.476033015633515e-5
64657,0.069466551137973
64658,0.00701058876336977
64659,-0.2498700857869438
64660,-0.1102517954491744
64661,-0.28372767603866267
64685,-0.10615803566808338
64704,-0.11874235089399672
64705,0.1286418607432866
64706,-1.001686854466257
64707,-0.1411541550848087
64817,-0.01892881402737881
64818,-0.16933994182385437
64898,0.34072229169167123
64899,-0.07259412906838819
64918,-0.2608625628984199
64930,0.07459727406163116
64931,0.07526480050686887
64933,0.05836928732195765
64934,-0.1816937628965331
64945,-0.31214160028289734
65019,-0.0573815816480644
65079,0.5918786851471182
65098,0.2247177184851753
65099,0.244833519708802
65100,-0.09621958671753111
65102,0.04362344571834156
65103,0.0482341613215414
65105,-0.0775404304901
65106,-0.12852219916829585
65107,-0.00314296332904795
65111,-0.04835576940037625
65112,-0.5194824366312248
65113,-0.06503962976768429
65114,-0.05569510655447912
65115,0.23789972228999537
65116,-0.02165815812544541
65221,0.07165336905466423
65246,0.16461744018229318
65247,0.21155047034783972
65254,-0.02956625227410288
65255,-0.34870307492404956
65945,-0.126256944954007
65960,-0.13177048393087293
65961,-0.18161821283066343
65962,0.4726038117492086
65963,-0.0752074470271865
65967,-0.0536265190774162
65969,-0.34436561340483507
65970,0.3425953461007507
65971,-0.09496541694225256
65972,-0.00887866329147728
65973,0.07220935426017985
66011,0.6616117459061179
66039,-0.14206818047101452
66042,0.4161604207514784
66043,-0.02129358462961589
66044,-0.2299005881546534
66046,-0.2140429166007484
66047,-0.12888410358523372
66048,-0.15336228746817046
66049,-0.1704392184474639
66052,0.00550681525081806
66053,-0.05411560357573498
66054,-0.0244449689542801
66056,0.07097433528244303
66058,0.03674319268528883
66059,-0.04215678889892804
66060,0.3077122126221882
66061,-0.06410870007133701
66065,0.04574970731176434
66066,0.030456849030959
66067,-0.46997807783265544
66069,-0.12783932079648508
66070,-0.04138686598422815
66071,0.07619999083739866
66072,-0.12710570151602618
66073,-0.20150186519072347
66074,-0.17480241872379476
66075,0.18889842746531493
66077,-0.09409428698181772
66078,-0.12529851691510807
66079,-0.05994610593660483
66082,-0.12580666542335273
66083,-0.10972265851835668
66084,-0.08517008386498269
66085,-0.11102152281717032
66086,-0.05815892990864665
66087,-0.09703548893404018
66089,-0.12194074628517024
66090,0.08594339599273555
66091,0.01601894288461985
66092,0.05810228851751772
66094,-0.11727069680711574
66096,0.03969204448129711
66098,-0.07016023437545019
66102,-0.3195337613296977
66105,-0.02937640270286827
66106,0.5851186649439777
66108,-0.1134679925208962
66109,-0.01669780268846306
66111,-0.1548322568352281
66112,0.3072117763216652
66113,0.14386768083660578
66117,-0.16688417486665025
66118,-0.03055276628764661
66120,0.3041049348533851
66121,-0.1466361341632716
66124,0.0812931168693415
66125,-0.06890073564706403
66126,-0.1581678225008262
66128,-0.02765792137842592
66129,-0.18817635017542267
66131,-0.37429902140856863
66132,0.18044566306172227
66136,-0.0298322820360128
66138,-0.04425720967083677
66139,0.06243178856315911
66140,-0.7270078223738341
66141,0.09365123857376172
66142,-0.0711792420378527
66143,-0.27421064883897023
66144,-0.00664067665180336
66146,-0.12159227746114376
66147,-0.0638838437330537
66148,-0.03818116540900388
66151,0.09448970431542043
66152,-0.05246873294475158
66153,-0.25059489431199566
66154,0.01649145088586124
66155,-0.05802710062425342
66156,-0.1221335615904468
66161,-0.3141745781859465
66163,-0.07268705479182236
66164,-0.2651359604609318
66165,-0.11483791860920176
66166,-0.28385654895052775
66167,-0.05190088425835375
66168,0.09080296193929792
66169,-0.07764184915949843
66170,-0.15954249539444282
66171,-0.9392370538527414
66172,-0.18638953197481223
66174,-0.170684335104047
66175,0.32539946593670555
66177,0.04392828773511158
66179,-0.02867956987106167
66180,-0.7473531472375925
66181,-0.03980118328405171
66183,-0.0131524391749811
66185,0.13903803839643342
66190,0.05314630329915276
66191,-0.08260711970501144
66193,0.14457884473022206
66194,0.1931972279277844
66196,-0.2663198761646419
66197,-0.8608734893555186
66198,-0.08041846407606261
66199,-0.04504697499081644
66201,-0.17317387569539996
66202,0.00571956161246664
66204,-0.6530579667174714
66206,-0.21968991703858892
66208,-0.13828658669377897
66209,-0.17508499580579862
66211,0.21797605990368707
66212,-0.09040721136632206
66213,0.02417480419051965
66218,-0.05037308704696587
66220,0.22246239708618684
66222,-0.09679873232758496
66223,-0.27055915604739966
66229,-0.27002598652133536
66230,-0.04773437073706802
66231,-0.2375119369436338
66233,-0.11161812630203236
66234,-0.10250496066260632
66235,-0.10141049365864845
66237,0.05523289890206087
66240,0.3926838072589301
66241,-0.33764100485584997
66242,-0.09608108814954291
66244,-0.11580091765346706
66245,-0.1062883481942763
66248,-0.19562523726216133
66249,-0.17322350395030822
66251,-0.111325602653809
66253,0.1370833213078252
66254,-0.10812954829342963
66255,0.1812163472748812
66256,-0.03999365357066972
66257,-0.17173327359568616
66258,-0.08955854447696784
66259,0.36022866095760087
66260,0.836912672779709
66262,-0.3553389099288691
66264,-0.11496849078904546
66266,-0.08002736793468762
66269,0.5375389707793163
66270,0.10376180253476336
66271,-0.12874992535480817
66272,-0.04051387416739369
66273,0.06684496413389904
66274,-0.25464253269547704
66277,-0.29332441416152977
66278,-0.03177468501575278
66279,-0.5276447386933921
66282,-0.30617781702772207
66283,-0.499118731813504
66284,0.1664549424692754
66286,-0.070378524074020593
66290,-0.00253108714099155
66291,-0.3858733724837093
66292,-0.04072942353935899
66294,-0.04353966589329994
66296,-0.13774415050242284
66300,-0.02257574754027838
66302,-0.3044733447171461
66306,0.10388628895623256
66307,-0.17332151951623265
66308,0.1515129486810075
66309,-0.1390027980646638
66310,-0.2236146538934596
66311,-0.4456342298633389
66313,0.11239881829409296
66314,-0.08522086432926775
66315,0.250727693445941
66317,-0.14280761557050498
66320,-0.09642473145586056
66326,-0.10087851836518456
66329,-0.2573640857290465
66330,0.01495607266206142
66333,0.9613333679528496
66335,-0.10050483486788454
66336,0.3478481178581674
66337,-0.4346784073091492
66338,-0.09035157647837258
66340,-9.353354418138456e-4
66343,-0.25711040964894094
66344,0.02089703599049644
66349,-0.1872969799388351
66350,0.27995668418285946
66352,-0.01677635233531537
66353,0.0423005776929242
66354,-0.05469491711564289
66355,0.11494248127528232
66356,0.13311738936581505
66357,-0.13355460809336822
66358,-0.093292610149097
66359,-0.09272324009748624
66361,-0.15053287201957852
66362,-0.25567575925953484
66365,-0.15404728346097005
66366,0.19438042942160055
66369,-0.03084412200762197
66371,0.2522132445855458
66373,-0.32138788024864684
66374,-0.0100846965875501
66375,-0.00883723994825368
66377,-0.10429218853700656
66379,-0.08640381498144731
66383,0.03964696639021565
66385,-0.01676780873342117
66388,-0.04196533680187742
66390,-0.12189814798306892
66394,-0.1246426967049425
66395,0.17506638331148722
66396,-0.2500602683400033
66397,-0.2510802958643711
66398,-0.22206093978495509
66399,-0.17488333898950487
66400,-0.08982417895494993
66401,-0.22242133415309687
66403,-0.7703972308714334
66404,0.06082125626265433
66406,-0.01976233840794791
66407,-0.06359090978606315
66408,-0.1242347323838554
66409,-0.18720035486134357
66410,0.01629893378216109
66411,-0.08779240443085103
66412,0.06580152201373053
66413,-0.08282601290196272
66416,-0.02496013513519257
66420,-0.07421795027997104
66421,-0.5587546824571503
66422,-0.1338325262982313
66423,0.6476503623656084
66425,0.0889635702515962
66427,-0.03676730405721533
66431,-0.3610111168246587
66432,-0.1083388979586104
66433,-0.06233270312013232
66435,0.43599587662857353
66437,0.03625577452643073
66440,0.21866456989214025
66442,-0.24654587814461804
66443,-0.356124983592659
66445,-0.13405236058672831
66446,-0.2110797552104509
66447,0.03467109134527708
66448,-0.11859831883367816
66449,-0.08317660099398136
66451,0.1762286663186524
66454,0.3368731640490741
66455,-0.40997503027184307
66462,0.14660269769527962
66464,-0.24877424186196956
66467,-0.17778530439444684
66468,-0.4061041786600772
66469,-0.2151875111598195
66471,0.3341895931846118
66473,0.32207039027981593
66480,-0.09570720416334368
66482,-0.12416089397334897
66489,-0.03957395652475315
66491,-0.06267117733474319
66492,-0.14121836500944868
66493,-0.10698799506276896
66494,-0.03041793784173155
66495,-0.09065863485882564
66496,-0.09769242042702388
66497,-0.26499158198630285
66498,-0.01414290725943273
66500,-0.10040344832047791
66505,-0.05075219042930671
66506,-0.0688006197945257
66508,-0.08027090861558422
66510,-0.0983403327152415
66511,-0.14051090301664437
66513,-0.0901409489538167
66514,0.3088388401122226
66515,-0.2185952178637672
66521,-0.00113373791299441
66522,-0.19564724550955245
66523,-0.04783541030605864
66525,-0.26447966018821534
66526,-0.02139994934771289
66528,-0.0796102292831575
66530,-0.00633632636687127
66532,0.34732875735207663
66533,0.07252258434851126
66536,-0.34953354908245593
66537,-0.2347901222664804
66538,0.100992851422391
66540,-0.00801567247021262
66541,-0.3207524112914729
66548,0.6043115290994507
66549,-0.01620879236911486
66552,-0.00216415849544791
66556,-0.06651372042273263
66557,0.39735228350131807
66559,-0.4862745262708581
66566,-0.26356684513193696
66568,-0.16725428150085825
66569,-0.08953955025043041
66570,0.25521444320344416
66573,-0.34560742012225476
66576,-0.02121646728986187
66578,-0.3097315385508317
66580,-0.1404057548333469
66583,-0.21595984197326365
66585,-0.3511420878058883
66586,-0.23478592834868495
66587,-0.19992090331185047
66590,-0.1490424176220243
66592,0.01833489558848242
66593,-0.21409756462237303
66594,-0.04394165857266637
66595,0.03159047587177054
66596,0.0300265539954063
66597,-0.4370648719693808
66599,-0.03259433613993179
66601,-0.04537717888670308
66603,-0.6946454874096786
66605,0.03780981745917437
66606,-0.27766610522080387
66609,0.06503140124473121
66610,0.31857786463064486
66611,0.4956240127646529
66612,0.03945183747470716
66614,-0.02622579646046517
66615,-0.11623123236594912
66616,0.21141872685953145
66617,-0.14099851238337113
66618,-0.12750463592925168
66622,-0.06627461727319926
66624,0.4423856379815819
66625,0.17699569556899003
66626,-0.0768772375694598
66627,-0.06843711209977676
66628,-0.3621397710141877
66629,-0.00306198471352884
66631,-0.07697761059747418
66632,-0.14062685405434394
66634,0.2774561099114023
66637,-0.11664020266241606
66641,-0.30614765689124246
66642,-0.06514036352637485
66643,-0.5336386789772234
66645,-0.15166494593662896
66646,-0.31514805872993024
66647,-0.13252325402663795
66648,-0.18293352584301792
66653,0.21498068143637472
66654,0.277706062130978
66656,0.13251689761422106
66658,-0.1167399182603198
66659,-0.09365048741395356
66660,-0.02736266710108184
66661,-0.03890995435271627
66663,-0.104519065212434
66664,-0.00398826634013024
66665,-0.4479304744078393
66667,0.10225577870102784
66671,-0.6003035441760718
66673,0.5362962178621504
66674,0.0106997725876145
66676,-0.00790864853808136
66679,0.05723380276986166
66680,0.1327951985220353
66681,-0.21301758895031053
66682,-0.11727794607448416
66684,0.13865009080743546
66686,-0.4095244408154458
66687,-0.18119396647268263
66689,0.20936992493966816
66690,-0.5196772714798145
66691,0.13254286321361153
66694,-0.16014381588362658
66695,0.3665634283920188
66696,-0.4077763100823401
66701,-0.2990742643029096
66704,-0.2947863882756925
66705,0.02507457111916903
66706,-0.12084586182693743
66707,0.8306942307100987
66711,-0.15651000638921708
66712,0.48442231257077806
66714,-0.606795617374028
66715,-0.8738868031776396
66716,0.08592150694166242
66717,0.2698921452237171
66720,0.03074870898066001
66722,-0.15158350388581926
66724,0.2257575310631193
66725,-0.08131746452529286
66727,0.27529502531220307
66733,0.7440266312050531
66734,-0.07967063996802401
66736,-0.2756786860567792
66743,-0.1527436606917838
66745,0.0803148074363907
66748,0.08538246879200088
66753,-0.13609572819246368
66756,-0.17338527644035973
66757,0.0888864260081
66758,-0.03457238430721139
66761,-0.2818652816041793
66765,0.4433466933143322
66766,0.00495109037446185
66768,0.13654217149863923
66771,-0.03377321551154187
66775,0.1870552326624771
66787,-0.01553597244175911
66789,0.3186329614824794
66790,0.28542193628105467
66793,0.46285655634924017
66795,-0.00291246542980091
66797,0.6283465647531147
66799,-0.515345450903417
66801,0.01486294227763644
66805,-0.8243906531196159
66809,-0.8280351483914038
66810,-0.6216700467158752
66811,0.626996305511801
66812,-0.22777550436005417
66813,-0.6244292192310806
66815,-0.30195942502565104
66816,-0.8355987589663211
66817,0.42423306330086
66818,-0.05891497534469215
66821,-0.00683438419909536
66822,-0.08304176576794209
66824,-0.13603684532036536
66825,0.8781763062457593
66826,-0.12136353265435672
66827,-0.13897708050778415
66830,-0.15789273970142542
66834,-0.06370940553644791
66836,-0.0947898208783003
66839,-0.24855571284684236
66840,-0.132898354839469
66841,-0.10681815649499828
66844,-0.2364851606838743
66847,-0.19597498048252643
66848,-0.5904364592298132
66849,0.4277339171811113
66853,0.1137734528603235
66854,-0.143879106807075
66855,-0.07187261055713304
66857,0.05910956359377491
66859,0.23130530532048993
66860,-0.16570762566662375
66861,-0.07534205088140372
66863,-0.09557433723580236
66864,0.01522774260674449
66865,-0.03259476687850998
66866,-0.26065205854699736
66867,-0.1462097161857524
66868,-0.23739278504901723
66870,-0.04053399412784143
66871,0.04376534490165879
66874,-0.340693015094085
66875,-0.21470996723591543
66877,-0.36709572393285966
66878,0.13904609415409683
66880,0.2743097599983192
66881,0.10054736941727332
66882,-0.03507793054039723
66884,0.02036241094333723
66885,0.2841539317485177
66887,-0.11241027176692316
66889,0.02458355145586081
66890,-0.13602454857211743
66892,-0.3750149069363298
66894,0.0300217144600406
66895,-0.7139092149747364
66897,-0.492857679816965
66898,-0.5699870265356191
66899,0.07145933033884512
66901,0.18911036444231655
66902,-0.18245553740875128
66904,-0.1364484881440607
66905,-0.01281548121051493
66910,0.48890655973259145
66911,-0.10869869062732404
66912,-0.11115899420219508
66913,-0.26456864432009286
66914,-0.07995227251757961
66915,-0.06722205033514204
66916,-0.02752054767572004
66917,-0.13627614639352623
66921,0.29433868609152797
66922,-0.19633918747214524
66923,0.09403579866252612
66925,-0.2243862739662616
66926,-0.04945166082105349
66928,-0.07902413730337499
66929,-0.1763257412736566
66930,0.34945606635891324
66931,-0.4793748573191175
66932,0.12735552276852646
66934,-0.4065676372759052
66935,0.02120430865927333
66938,0.06089934780878202
66940,-0.04363958519159004
66943,0.10870244846611772
66945,-0.02901965470258861
66948,-0.8052351674074971
66949,-0.17506840598055717
66950,-0.4354069653548012
66957,0.10960746580271533
66958,-0.11780656675441142
66959,0.20888044911268305
66960,-0.1279988128356493
66962,0.07333433293010921
66964,-0.37218789337891767
66965,-0.11801350223438352
66966,-0.12940397206327772
66967,-0.8357559227075959
66968,-0.41892256690824414
66970,0.05915639987740673
66971,0.0714183256519546
66972,-0.1391897063378973
66973,-0.04996432349753715
66975,-0.22965390542357483
66977,0.19720501545675712
66978,0.14792669608656153
66980,0.14223360515771494
66983,-0.394092928552725
66985,-0.15191577483662327
66988,-0.1914440160211517
66989,0.13446204013078766
66994,-0.1971491224010024
66995,-0.28558755926349083
66997,-0.02110924282743938
66998,-0.1296475645985428
66999,-0.1263517766056435
67003,-0.06697371596128458
67005,-0.15189929653283188
67006,-0.17739515123132307
67008,-0.1335501154158277
67010,-0.0486785570757174
67011,-0.2946975862583332
67013,-0.22444632303371093
67014,-0.18652601654104928
67015,-0.01635883464575639
67016,-0.16302019277444016
67017,0.2306518763850674
67019,-0.4146653267896497
67020,-0.17319380741533227
67023,0.012079842054930571
67025,-0.16500026972411952
67026,-0.07410422175271669
67027,-0.12177575440408228
67030,-0.05535147286995653
67031,-0.08318801460377642
67035,0.4907866934464693
67036,-0.03363687759549255
67037,0.170493673063371
67039,-0.04574765025078551
67040,0.00641391255319385
67041,0.07528967618900814
67042,0.04672740192194357
67043,-0.1426400541968608
67044,-0.08993522036182638
67045,-0.14047200309493665
67046,0.3875664050649218
67048,-0.07905239455057894
67049,-0.2389050310271177
67050,-0.4047699594055034
67052,-0.106202330199556
67053,-0.01313728433457794
67057,-0.08949561575769015
67059,-0.03178496910145002
67062,-0.831069851462
67063,0.0985442609131193
67064,0.00927084182802601
67065,-0.6254957275308152
67067,-0.12245138582578756
67068,-0.00420348475160939
67070,-0.0703375073081437
67071,0.33212165895688656
67072,-0.17601571265314128
67073,0.11432982935659708
67074,0.12130788153482829
67075,0.13112243037326154
67077,0.06447170966141406
67078,-0.17952043071024132
67080,0.6048689200142423
67082,-0.6092930834597486
67085,0.373533918252397
67087,-0.4153611212577415
67088,7.800140177916665e-6
67089,-0.29143429591695313
67091,-0.09009120345237326
67092,0.05730651649218588
67095,-0.01765292232048619
67096,-0.13084317176144034
67097,-0.18421526117304543
67099,-0.25036365609433175
67102,0.1175816079524071
67103,-0.45435142934569817
67105,-0.5492493271850558
67106,-0.21623941455095955
67109,-0.16016912446348158
67111,-0.2412635350789399
67112,-0.14950187334570356
67115,-0.06309887838730496
67117,-0.10547966164784088
67118,0.07536020015701764
67119,0.04902764480312419
67120,0.05748602278318624
67121,-0.17158774418597528
67122,-0.3539248517283729
67123,0.01060993245868549
67128,-0.4781497362585077
67130,-0.09350411154963116
67133,0.01417240713786553
67134,-0.05270066801829257
67136,-0.0972671168431094
67138,-0.01495264083793159
67139,0.02265181841909763
67141,-0.15994438908054115
67143,-0.0191200572013905
67145,-0.05709816131914214
67149,0.12034551265315668
67150,-0.05345075520311078
67151,-0.10469323982446396
67153,-0.15097034253786212
67154,0.1202466557248758
67155,-0.18349435328122005
67157,-0.4398898834144931
67160,-0.09877409894974154
67161,-0.33186773118804247
67163,0.01072780765698273
67164,-0.17226822999719513
67166,-0.02712735455425926
67171,-0.03306803735890956
67177,-0.07898236954503485
67178,-0.11354585439081036
67180,-0.08990229705570199
67181,0.07296204318226514
67182,0.02477139818430018
67184,-0.05763010902909372
67186,-0.0359970641422473
67187,0.14081286163521153
67196,0.10386617450499232
67197,-0.2957271644392702
67198,1.1007361162200169
67199,-0.07808986850355357
67200,-0.12597537382502455
67201,-0.15905676905745036
67203,-0.06205732496148483
67204,-0.09958537972054347
67205,-0.23934411426751503
67207,-0.14637928441519224
67210,0.08882589169902785
67211,-0.1749794748461952
67212,-0.1379084027516995
67213,-0.01514162213745994
67216,0.05808636935055734
67217,-0.4448063279217941
67219,0.07861090541169966
67220,-0.00913275288460694
67222,0.01979090510983918
67223,-0.29480157355578585
67224,-0.10439461923648488
67225,-0.11425595155057151
67226,0.04127618026437284
67228,0.08388222660448133
67229,-0.17798829261689558
67230,-0.06684400991571085
67231,0.099590443129511
67235,0.01073314755637258
67236,0.13806376230843442
67238,-0.01941613782926643
67239,-0.24464658388431615
67241,-0.05101355231339076
67245,-0.12434153396652116
67246,0.1271194245529058
67247,-0.05306082628246621
67248,0.00321203472204501
67249,-0.18939803829110555
67252,-0.03212608986676109
67254,-0.21807390426507944
67255,-0.49202829245133456
67263,-0.0840653222048975
67264,-0.03902802072580046
67266,-0.1642495801709724
67267,-0.00156049930314129
67268,0.00903724780725418
67269,0.00767585585955737
67270,-0.06742025645894009
67272,0.15445016685938714
67273,-0.04946283291611512
67276,-0.3953184889457224
67278,-0.09158173846733132
67279,-0.1869778043805348
67282,-0.20361461366481176
67283,-0.10435805498787828
67285,0.02750135521573638
67287,-0.1251127082043155
67288,0.1023697202882183
67290,-0.2006076890907494
67291,-0.00544873251989934
67292,-0.0154689923780663
67295,0.02708545219054816
67296,0.05127443254179137
67298,-0.04899917398184983
67299,0.0693911255800338
67300,0.04373076753226316
67302,0.30306329885134
67305,-0.34961397515523146
67306,-0.08435158166557107
67308,-0.05155116819309817
67311,-0.45153013812026294
67313,0.7150422438595119
67317,0.9322558615902314
67326,0.03775761007281306
67328,0.10688665231008589
67331,1.2186637399775897
67332,0.02528215178558172
67333,-0.26467753644033043
67337,-0.06909407221892354
67338,0.03137463275203427
67341,-0.12492680461364863
67343,0.5727579209677146
67344,-0.1701446889282558
67345,-0.0589354795142631
67356,0.4862869471242798
67358,0.3928457746875834
67365,0.34916818526012894
67367,-0.19633030124012665
67369,-0.12392223208462722
67370,-0.3711110516212698
67371,-0.06245132398688678
67373,-0.4689584324058238
67374,-0.3746481671554975
67375,-0.16976991408288158
67378,-0.8685029576642243
67379,0.0013827395990263
67381,-0.0976293484085294
67382,0.2700970172167673
67383,-0.1490364656922641
67384,-0.2964526427131966
67387,-0.10238669126124876
67388,-0.027131677287768
67389,-0.22490735210313917
67390,-0.18100544925624557
67391,-0.01419408817418551
67392,-0.08989225400750113
67393,-0.07084255899269903
67397,-0.0937295354760368
67398,-0.06576974902089264
67399,0.1061493790400673
67402,-0.3540479394603434
67414,-0.2822550177806503
67416,-0.11093488522486884
67417,-0.5433763505530588
67418,0.02570912735576507
67419,0.44119295229145405
67420,-0.4986893195285824
67422,0.1140789563264102
67425,0.5090184795367809
67426,-0.03692169296944303
67429,-0.10969000889171378
67430,0.3534708948436154
67432,0.21765401895651568
67433,-0.22241260146497743
67434,-0.0506391708688816
67437,-0.0450009285211663
67439,0.06575643902967647
67440,0.06476530243066027
67443,-0.02888444615108396
67444,-0.06439943633223094
67445,-0.10745272786072024
67446,-0.12991918406065123
67448,-0.6295810855082097
67451,-0.05200623225636244
67452,0.01398815594245582
67453,-0.09533579819360236
67454,-0.25834914360908867
67455,0.36366443723523106
67456,-0.06076806579918997
67457,0.01665180123900882
67458,-0.00234795157523922
67459,0.2328217745762904
67460,-0.13759692794186293
67463,-5.745450326736529e-4
67465,-0.0033417584847759
67466,-0.17920427055540028
67467,-0.00309777022280091
67468,0.09517027626089045
67469,-0.12247192754054052
67470,0.10358161028638846
67471,0.17007398518672429
67472,-0.1735328967413989
67473,0.05004326217610012
67474,0.13292010177780483
67475,-0.01999066898078414
67477,-0.7075283138947913
67480,-0.03841540714598767
67483,0.42582385606282586
67484,0.7637461831240926
67486,-0.13502116485981902
67487,-0.06849547621092245
67489,-0.16405430508745605
67490,-0.17264194705035443
67492,0.0731836669275813
67493,-0.00268630156910295
67495,0.20232002350168352
67498,0.3865968704345739
67500,-0.05871220841215689
67504,-0.0740046473685708
67507,-0.2598711328436698
67509,-0.6613658352129951
67510,-0.5802520282168584
67511,0.02288153092940247
67512,-0.14019372482936115
67513,-0.00940153374900367
67515,0.0323982788523926
67516,-0.22602135998518752
67525,0.31365928389089415
67526,0.13243610898186137
67528,-0.07255896697853233
67529,0.05128175697848037
67530,-0.18877387205468793
67533,0.34732875735207663
67534,0.02957943118418618
67537,-0.4236651035250697
67538,-0.0913641157759657
67544,-0.6794505157032502
67547,-0.45358852000428584
67553,0.3866302869336679
67554,0.19119955303660657
67556,-0.15211567898066705
67561,0.01847846317879579
67563,-0.03940583056098744
67564,-0.29058119151716993
67568,0.4741251793496717
67569,-0.01085100031138581
67573,0.2594343120862058
67578,0.5122835001885004
67579,0.7969639768349465
67580,0.07975446216330744
67586,-0.03142579510651915
67588,-0.269293598080156
67590,-0.5914841430714912
67591,0.32097451477319183
67592,0.00604911879185898
67596,-0.03429207358529936
67602,-0.4954342716505121
67603,-0.03653094627477532
67604,-0.26928905893988225
67605,-0.424572501980411
67606,-1.630827954974554
67608,-0.18977759115513032
67609,8.58252041125114e-4
67610,0.10575106965120568
67615,0.06744797673454994
67618,-0.07001793023108244
67619,-0.2849599114512943
67620,0.16811102006933593
67621,-0.06019243204110414
67622,-0.01335658427085687
67623,0.12350650858951076
67628,0.02835073670274878
67629,-0.36530729938122497
67630,0.4962511363773678
67634,0.1903860432855624
67636,-0.2795499270144698
67645,-0.2288586804214589
67646,-0.16949959270090362
67647,0.24807704702290576
67652,-0.503379738410186
67655,-0.09311119493673034
67657,-0.404611615821606
67661,0.38924389361346945
67663,0.4994047523179427
67665,-0.00308540605707677
67666,0.17866445632943947
67667,-0.02170399548683441
67669,-0.05526435853466562
67671,0.01816048340584346
67673,0.05796366299393068
67674,-0.09491769010775948
67675,-0.00711672793214952
67676,-0.10715321920815836
67678,-0.03159577788146319
67680,-0.12661413995742593
67681,-0.30822656828178696
67683,-0.07015924768664791
67684,0.09044766032504375
67685,-0.06056164713421534
67687,0.18894886177319617
67689,0.0068810736216975
67690,0.05565054116422842
67694,0.2621469140499133
67698,-0.2750788512036766
67701,-0.17477804338708905
67702,0.0206414217746938
67703,0.5702666550649154
67706,-0.03537223297931573
67707,-0.05297347510512065
67709,0.2607802036005709
67710,-0.1137569728472004
67711,-0.1839329649169803
67712,0.1108844790850122
67717,0.5129829289906194
67719,0.07112832105179868
67724,-0.359426382742476
67725,-0.1547974231612071
67726,-0.07636319343834866
67727,0.04040521919569241
67728,-0.00239292293539467
67729,-0.1620958653861417
67731,0.01095575127751008
67732,-0.05925269015562528
67733,-0.1455219709349705
67736,0.10793918319961296
67738,-0.17117336855428875
67739,0.05315069764008157
67742,-0.21808495502003883
67747,-0.1164490802506147
67749,-0.8955079912926514
67750,0.4504244028350789
67752,-0.04393732903932908
67753,0.36561845523485687
67755,-0.18348972474675868
67758,-0.08268459671234525
67759,0.01331636899046198
67760,0.02757585276075943
67763,0.01786785859298662
67767,-0.10862056906256856
67768,-0.17863203390336316
67769,-0.3610258957496733
67770,-0.13849850487766385
67771,0.01791670886249378
67772,-0.00842588192589715
67773,-0.09514732756912128
67774,-0.08355386954272596
67775,-0.09384272754184636
67776,0.1995491076083395
67778,-0.09268636965034675
67781,-0.07672190961572985
67784,0.06043432649044395
67785,0.14927982293552755
67789,-0.27484012994050283
67790,0.1951091464167176
67792,-0.21745186449878612
67795,-0.20349832060352735
67800,-0.05440381109572367
67801,-0.5893350112476178
67803,-0.01808420338719256
67804,-0.10381291665720876
67808,0.00328467216989731
67809,-0.5569981783330396
67811,0.01875892269684635
67812,-0.3156636039458033
67815,0.15064320156055477
67819,0.11481593157256456
67821,0.6979128389337295
67824,-0.08687341370464208
67826,-0.04513071660489985
67830,-0.12840700238235056
67832,-0.09300025241428796
67834,-0.09134116383371328
67836,-0.33422197147486027
67838,-0.06023271720471794
67839,0.00426649266122907
67840,-0.0999823327210721
67841,-0.14789358562869734
67842,0.00389109271430194
67843,-0.09485855267150768
67844,-0.06608582412405994
67845,0.04045105556909491
67846,-0.6751400601727457
67848,-0.02268136607320339
67849,-0.3145335221513194
67851,-0.09596035222448536
67854,-0.02919769254907332
67855,0.02148665844252164
67856,-0.3116737822295428
67857,-0.01177745370526656
67859,0.12051555126225842
67860,-0.15133262463817368
67862,0.17319650897581987
67863,-0.08719631109736166
67864,0.065809821053592
67865,-0.03404974910588837
67866,-0.25314414680808456
67867,-0.03918767420446049
67868,0.09867334090748296
67869,-0.05244717637361179
67870,-0.24807169520132377
67871,-0.09136896761954492
67872,-0.20231383121360208
67873,-0.00640337689632661
67874,-0.6797946725149746
67876,-0.01756719752495927
67877,-0.2768199618921086
67878,-0.4490603724795354
67880,-0.0041059746097103
67881,-0.29880056133304767
67883,-0.16792673637559186
67884,-0.27409558728122485
67886,0.3554330440500255
67887,-0.06351970796348262
67888,0.5722047318193336
67889,0.03068128042147647
67890,-0.19359712328324985
67892,-0.4325474209807571
67893,-0.14647752864039768
67894,0.05267240501811936
67895,-0.02071422192104459
67896,-0.11365476926865184
67897,0.0581856486399477
67898,-0.0505553517208587
67899,-0.22390608417517616
67900,0.4093689306822532
67902,-0.24360804282042833
67903,0.2129268846700653
67905,-0.1427926952491207
67909,-0.11809807174209092
67911,-0.28385071505228887
67912,-0.15855683053011577
67914,-0.5542768520395783
67916,-0.08227069701150377
67917,-0.7843219886928319
67920,0.01948382554178085
67921,0.02982618480977313
67922,0.01259207763170108
67923,0.02003197381910386
67926,0.5886934965456491
67929,0.0931286901463158
67933,-0.33061358411022673
67935,0.4427621172363882
67936,-0.142480161974814
67937,-0.03352174934712285
67938,0.0582164703619434
67941,-0.1971320718720389
67942,-0.10413980765144136
67943,-0.14647819607800666
67944,0.02376161079124394
67946,-0.1937471548208168
67948,-0.03495515116241166
67949,-0.05271398843309714
67951,-0.05335311987947652
67952,-0.18106299556623084
67955,-0.05054197721402044
67956,0.19397787900792277
67958,-0.49612559934570666
67959,0.05605432318557206
67963,-0.1919919109755942
67966,-0.33302164952552793
67967,-0.01956192361692206
67968,-0.4360845265537949
67971,0.00753782238481651
67972,0.2508642295759326
67973,-0.11824046787495916
67974,0.8881345596752295
67976,-0.06010178382861004
67978,-0.5590384587944985
67979,-0.12874705964350272
67980,-0.19772937680912944
67981,0.6706618883969706
67983,-0.06698014571557107
67988,-0.01232636276598825
67991,0.35588022565414307
67993,0.00845251786621254
67994,-0.4594086264812669
67996,-0.17018200971980263
67997,-0.028322643515359
67998,0.25790231531763164
68001,-0.15514911400282555
68002,-0.23336735800206151
68011,-0.06605568620939843
68014,0.01233323110213104
68015,-0.21449669624771747
68016,-0.3568865087298539
68017,-0.5734875738094716
68018,0.4482704385333118
68020,-0.05497421895770119
68021,-0.13514013427294935
68023,-0.15504766479619703
68026,0.11965784538035654
68027,0.21854699847233564
68028,-0.16801789573377685
68031,0.1839211563530051
68032,-0.18436967535862056
68033,-0.07160435153828468
68034,-0.03767026989660352
68035,0.02411460744872338
68036,-0.11198877358347696
68038,-0.1564340569369943
68039,-0.12613293904988543
68040,-0.14883684824861704
68041,0.1610588914296259
68043,-0.11420617353893424
68044,-0.10775707932775996
68045,-0.04031460044808543
68047,-0.01900011954710294
68048,-0.10078106538002073
68050,0.04507532806434747
68052,-0.04233183660490598
68053,-0.45141275446485063
68054,0.12830062067004563
68055,-0.17978201621498818
68058,0.00576537882573204
68059,-0.03939074391519893
68066,0.08179291744033561
68067,-0.00746157111758513
68070,-0.15877164046818842
68073,-0.15394421728750074
68075,0.2224734485817126
68077,-0.14121496047079302
68079,-0.15252706611318276
68080,-0.4182895594415495
68082,0.19020477098422917
68090,-0.2175957118221961
68092,0.3456975710639735
68094,0.3367503326617015
68097,0.0668570259726187
68098,-0.07210350697648865
68099,-0.6416652409858636
68106,-0.3320629186448904
68107,0.1506130203551645
68112,-0.03034041987727193
68114,-0.14818338663551506
68115,-0.1616953546669757
68117,-0.3447333867569279
68118,-0.03796261765831112
68119,-0.1946197079873742
68121,-0.12763652356564875
68126,-0.05177542915575617
68133,-0.1062524189105023
68134,-0.24665034174912065
68135,-0.05110290079416797
68137,0.09653101530616644
68140,-0.16532979915970158
68142,-0.08761700817130383
68145,-0.2774107634246885
68146,-0.01068498022014614
68147,0.00518152457438996
68149,0.08128310487334117
68151,-0.14543959542122706
68152,0.17704632980935858
68153,0.09994691162650474
68159,-0.054956240233851233
68165,-0.05221243323584097
68166,0.2620015001694946
68169,0.20685700803583307
68170,-0.4124884210040313
68172,-0.6405296163806568
68176,0.8935034116176308
68177,-0.12087672025351412
68178,-0.17276744933355934
68183,-0.02443609856942067
68184,0.02698468324257208
68185,-0.18949924038672783
68187,-0.3612037305725066
68188,0.05229188028207627
68192,0.12387131318934362
68196,0.04595864079289093
68198,-0.12704611434205482
68201,-0.10050551673421763
68202,-0.08337240499645346
68203,0.2634909804220304
68205,-0.1060423716227359
68209,-0.07918923063022157
68212,-0.07527051939611741
68214,-0.3297375173646625
68215,-0.423082853066747
68219,-0.09096794371850266
68222,-0.7420101547651803
68223,-0.15014381204021615
68226,-0.38741092052052034
68229,-0.15305843690399323
68233,0.4910158443480191
68236,0.2748956704361399
68240,-0.3707985868390796
68241,-0.32847947022678003
68243,0.5628720207969344
68250,-0.10887430982132244
68251,-0.01789491535819286
68255,-0.06887720960057522
68259,-0.19391389118936336
68260,-0.20049237514325255
68262,-0.04254091868910955
68263,-0.17989275083547207
68267,-0.18308425443646137
68268,-0.02242768897866807
68270,0.14235777962056015
68273,-0.18894215654471147
68275,-0.14231029042843538
68276,-0.5020779899661598
68277,-0.4441586789261543
68278,-0.09003142692611853
68279,-0.00891628364832219
68281,-0.5474293875101942
68283,-0.06389003991818892
68291,-0.15750245330833146
68292,0.0929208692858432
68294,-0.19150029024699008
68295,-0.05528846061306385
68299,0.20449678563621915
68303,-0.5857010207673512
68304,-0.2623605223984325
68307,0.23253305001267055
68310,-0.04761019280026268
68311,0.34930198774456445
68312,0.24832314116579207
68316,0.4583978566330493
68323,-0.3149000502610917
68327,-0.02817336473547528
68328,0.7516509147982887
68332,-0.19809579946248584
68337,-0.04411501129446299
68338,-0.5760956315849733
68339,0.12112478772801336
68342,-0.06916239964032767
68344,0.23787983539528884
68346,-0.2913357899377955
68347,-0.09663299726995278
68349,-0.01447167003423254
68350,-0.1894259891886987
68352,0.08000405322837206
68364,0.02322413338674752
68365,-0.1295081899278062
68366,-0.19126338662583448
68375,-0.26478880571085106
68379,0.13967240788572455
68385,0.14891678251771773
68393,0.4834636208831377
68396,0.09173735813170542
68401,0.00298582864653528
68404,-0.3344124951888187
68416,0.11980107782790894
68420,-0.00244650799905485
68421,0.17332731484902797
68423,0.1831779357350432
68427,-0.17101598219219646
68428,0.2316366883327391
68431,0.1407332349510147
68440,0.08044885156525332
68441,0.03313249597623841
68453,0.52266797903861
68460,0.2127743844181447
68463,-0.03330977115442878
68465,0.00246205960313989
68468,0.04917665071412834
68472,-0.2656092490900757
68473,-0.24588102520742383
68475,-0.04691365340748835
68477,0.4252214500736631
68479,0.00314230854388667
68480,0.08983127322858368
68481,-0.12348146900645668
68487,0.12393400840803528
68490,0.01075446256219035
68493,-0.177124311326075
68497,-0.06569399016873247
68498,-0.5061629172476345
68499,-0.2982849585899801
68501,-0.06822567659670976
68505,0.27912066413953324
68509,0.3360705881879526
68510,0.07948295228905075
68515,0.18819264226599292
68519,-0.06449511645294438
68520,-0.08572246042904685
68521,-0.04172777717574915
68523,-0.07974665101344067
68524,0.06507262404036594
68525,0.22111865942639616
68526,0.00877719724255346
68527,-0.5243764151560735
68533,-0.00106533974080752
68537,-0.14695742784949578
68539,-0.11041219683264952
68544,0.08117610101976727
68545,-0.6143359378582949
68550,-0.7663075676000508
68552,-0.12091868378639124
68556,-0.1089406987037233
68558,-0.1871583672952902
68559,-0.08614521049655646
68563,-0.11126113728188032
68564,0.13009536966230498
68565,-0.02825343043883317
68566,0.320897629485793
68567,-0.07895724972782302
68572,-0.08538644166029136
68576,-0.07222680033855353
68585,0.13319697671293046
68588,-0.0165942463385825
68591,0.11084560421377192
68592,0.08439549321879983
68597,0.03608936137074697
68598,-0.1145952878540051
68603,-0.06912359835620804
68606,-0.02405283169720205
68607,-0.1658169666982299
68611,-0.0170440693456369
68612,0.13683184801392004
68614,-0.06297204783011515
68616,-0.712414078126679
68617,0.02965604193309175
68625,0.10926065250035318
68626,-0.02208247209538844
68628,-0.06477935138023783
68631,-0.10640009301863872
68632,0.26341799163289026
68634,-0.23411306297334283
68636,0.3013264251347814
68642,0.04720297590156817
68644,-0.10268442832848364
68646,-0.00774832423374028
68652,0.0548141311467302
68653,0.10034668672196864
68655,0.03516142896314393
68659,0.26828193311746423
68662,-0.14713875782239835
68666,-0.1172064223106472
68667,0.04551471818480093
68668,0.0712810322008636
68671,-0.02720802597343645
68675,-0.04795426836782422
68678,0.04251157521525736
68680,0.00658021830924586
68682,-0.04298855601453101
68691,-0.08685472491486802
68693,0.00336074428273521
68701,0.5672923652549152
68703,0.7188947736201416
68705,-0.22136981435761752
68709,0.17088730291120807
68713,0.09002939400106746
68718,-0.13727350733493365
68721,-0.08145516208087275
68723,0.8481865368304757
68724,-0.10737930077301992
68725,-0.4751967230151861
68728,0.12855635339349647
68729,0.48282523906084773
68730,-0.06004576203507471
68731,-0.2661660996978205
68732,-0.540849752758234
68734,-0.3764264724483566
68735,-0.13727633000601305
68736,-0.5055392065508536
68737,-0.09722577464186832
68738,-0.06349172780640336
68742,-0.13478097925736365
68743,-0.4221343770859224
68750,-0.18425948374081544
68753,0.07330653782117175
68755,-0.2521484726860748
68758,-0.04980604219860414
68760,-0.01692600751015419
68764,0.20929698020220536
68770,0.07301943519983209
68774,-0.20034645155075304
68776,-0.18766029749128071
68778,-0.03089250848265104
68792,-0.11237208510603013
68794,0.28497424888245226
68795,-0.40569765811694486
68796,-0.0494732535996981
68797,0.2739037549911326
68799,-0.00784360390513516
68800,0.4496344884933975
68801,-0.09216744768969422
68802,0.1451344641834571
68810,0.34801207065946604
68813,0.2662489718673697
68815,-0.1207592891523081
68816,-0.2863154546959083
68818,-0.0784960449390635
68828,-0.4234812311129253
68832,-0.04306605256658374
68833,-0.4015207203674042
68836,-0.07802838486345788
68837,-0.0737595763439468
68839,-0.27452427483372516
68842,-0.15080563210452586
68845,-0.09328746304047018
68846,-0.3266282791947023
68854,-0.5949646972195275
68857,0.21280813517210537
68859,0.05209849545026986
68861,-0.2391021627551978
68865,-0.42555856827607064
68867,-0.250447872732727
68874,-0.07463748889651298
68875,0.20936183921800317
68876,-0.17894947815212298
68877,-0.0240506668006876
68879,0.07744166134364679
68889,-0.03402895505362217
68891,-0.06119502816953726
68895,0.6950192659965142
68897,-0.4267691327463948
68904,-0.04871644585354817
68910,-0.02678187640754049
68911,-0.00980409058208778
68915,0.13699871212887202
68916,0.00403255639996026
68917,-0.19007921143756995
68918,-0.26013558507071016
68922,0.04884607019738213
68925,-0.02120054851195845
68926,0.00471217811527169
68929,0.04049504905641257
68938,0.01328208994780306
68939,-0.6294280199084749
68942,-0.0266094370640285
68943,0.01829766348245677
68944,-0.12073152059517384
68947,0.8901107351307486
68948,-0.35243033277359076
68952,-0.1693278499593723
68953,0.04091190893974168
68955,0.20894506585418063
68957,-0.11856101014698546
68961,-0.05830464980093197
68964,-0.02877297143948902
68966,-0.04939057485552163
68968,0.10357543732458908
68969,-0.04237327952270242
68970,0.17701170365563415
68971,0.7586455313996882
68972,0.02335750328379569
68975,-0.40327368624660953
68977,0.02299529253979465
68979,-0.13497123429833963
68980,-0.05731782545033564
68981,-0.19814454492447892
68988,-0.07295177052774923
68991,-0.08105590413676846
68992,-0.3616422255388314
68995,-0.15242030792478228
69008,-0.14862341587801092
69009,-0.14213619879182
69010,0.05221462269754701
69017,-0.05942981634847819
69019,-0.06616046608539075
69020,-0.11420437104222958
69024,0.11544302997424466
69028,-0.16913938038688248
69029,0.02897659661149588
69032,0.0698045025843482
69034,-0.04798255949656159
69035,-0.3756217562942177
69038,-0.05819566746654842
69046,0.05232862177489535
69047,0.6964702356976352
69048,-0.3109169421553436
69051,-0.1166009026691105
69053,0.03848919846349581
69060,0.04474548389010524
69064,0.34653978554506976
69065,0.1864370245513262
69068,-0.1180055339554193
69069,-0.2951238950139112
69071,-0.06140335648805809
69072,-0.08556932249278798
69073,-0.16348782845441603
69076,0.02112135578033061
69077,0.0233120304334539
69080,-0.05433951767110374
69082,-0.00315151080799971
69083,0.21625529678227876
69085,-0.0031121264481537
69089,-0.09976903759636167
69090,-0.4341368073573942
69091,-0.16835881517056073
69094,-0.11407001972574182
69097,-0.2484797585502909
69101,-0.0784113141626195
69104,0.1155452905585081
69106,-0.15102622632969032
69109,-0.2091059555655922
69113,-0.06783679692869726
69116,0.17955757115829143
69121,0.45031306587957864
69125,0.0098853231660174
69126,-0.06366560596920483
69129,0.24274258520112696
69131,0.20598689714998591
69136,-0.05161587587224927
69137,-0.22833215634535067
69146,-0.09582136024583864
69149,-0.07745318691264644
69151,-0.6992082189091056
69155,0.09465378062312436
69156,0.05447518457421878
69159,-0.1596620429080432
69161,-0.07244560985115767
69162,0.02791967944501723
69163,-0.19193157000386904
69168,-0.4415572217622675
69171,0.01948235992527488
69178,-0.06414790766762649
69181,-0.16214083017343142
69185,-0.3712495766707414
69186,0.03196297576751088
69187,0.05115837572813418
69188,0.1273079346622761
69189,-0.06183855309370981
69190,0.2517402161316833
69191,0.31342699939140795
69195,-0.18213958427260615
69202,-0.07167481535635643
69207,0.1262119564200621
69215,-0.14389192926425087
69216,-0.10939113045650192
69217,0.30592543077290724
69219,0.03146184193336022
69225,-0.0299638787940058
69226,0.6696167306076155
69228,-0.04432155816312171
69232,0.08147078612009387
69234,-0.02451215983115531
69237,-0.08536258901188624
69241,-0.1470489351132498
69253,-0.36283357435375385
69256,-0.345579400394639
69257,-0.03526737549490758
69259,-0.25303200926657854
69260,-0.6657509243396232
69263,-0.264575255016194
69270,-0.3744716427249425
69274,0.6116001327968014
69276,0.00825782289706048
69281,0.4305076508179237
69287,0.44980217742796696
69288,0.0060328822446526
69297,0.3741119774251267
69299,0.06212025188642142
69305,-0.13050713952052645
69306,-0.40196135706631625
69309,-0.23514112072173476
69310,-0.2548041683238269
69312,-0.00544666849318387
69317,-0.2261614712826485
69327,-0.11196458061995776
69329,0.06477235172482536
69332,0.35727269954855984
69339,-0.2581766211244799
69349,0.08488921106740427
69351,0.14177226831046053
69352,0.48134612813268146
69354,-0.22101162463014423
69363,0.1200384162478038
69364,-0.46865351956356216
69367,-0.3112292966320901
69368,-0.0820213558896897
69371,-0.3990307612325846
69376,-0.5708448690356404
69379,0.17411796622328285
69384,0.14245887307187943
69387,-0.8655215306864921
69389,-0.10491023728334134
69398,0.17444419053426174
69399,0.05254686939840469
69401,-0.5952615408220134
69428,0.2891892698909676
69440,-0.4489697072591228
69444,-0.05111705637721075
69453,0.01088891634941214
69454,0.6596859690131338
69456,-0.0810973494254951
69459,0.1981481150881128
69469,-0.12215052447547116
69470,0.02756862198198434
69473,0.4714420564681051
69478,-0.25142288577909655
69479,0.6243868328783213
69480,0.01716609443247894
69481,0.3822723092240852
69482,-0.1235434414297053
69487,0.07482502035014993
69496,-0.0067637301100521
69499,-0.3918301933551843
69511,0.4166041245293884
69519,0.18903159498649752
69527,-0.1960490654264994
69528,0.4341602608253471
69533,0.5700797135757463
69534,-0.15512396453004798
69535,-0.19974358042397825
69536,0.34022488542091167
69537,-0.0073169037724958
69538,-0.03254116188196888
69539,0.07990861067224446
69540,-0.3918445705254621
69541,-0.04736262917889067
69542,-0.26119476451695167
69543,0.27615058849540447
69544,-0.5793222770325361
69547,0.6270691014770948
69549,-0.3048849231943035
69550,-0.00695366558479972
69551,0.4488622767979942
69553,0.6589956105336476
69554,-0.10305028182501064
69556,-0.11841523206296106
69562,-0.09109699391515023
69564,-0.03828068946731514
69568,0.02805972799494386
69572,-0.31089219874430013
69573,-0.5654975179241686
69574,-0.18411608860685388
69576,0.20658663810151265
69577,-0.3621048137490557
69582,-0.08213811669077462
69583,-0.0370633830534153
69587,-0.6465348802446731
69590,-0.14004905208953164
69592,0.3049881143772212
69596,-0.08374236803695487
69597,0.00232491532211907
69601,-0.03105642892856553
69602,0.18588286747078325
69605,-0.01596972796111558
69606,-0.2785146434366424
69608,-0.28481193629487195
69612,-0.23579558438694903
69617,-0.02511107696849403
69627,-0.308794509089192
69632,0.531736944734508
69634,-0.45283200513597954
69635,0.3416716015500278
69638,-0.05251766652278847
69639,-0.08609112992901863
69640,0.2537743900004176
69641,-0.2108747807965694
69642,-0.3179595219111387
69654,-0.0911533156007611
69655,0.25123428805678416
69656,0.271736124570078
69660,0.26184201314883593
69662,0.16880034684192208
69663,-0.0344647300668218
69666,-0.02549841684654653
69671,0.3572628793133519
69672,-0.09125390815749848
69674,-0.08483281022190929
69675,-0.33129405804394074
69677,0.2735204944836329
69683,0.01085881611385142
69692,-0.14874349751447274
69693,-0.26069318590865076
69694,-0.30351724405241653
69697,0.02343579805565483
69698,-0.05909366290440741
69700,-0.36046067959571026
69702,-0.16351390570530813
69706,-0.17508535956940524
69707,0.20360614180334455
69710,0.08672829153187908
69714,-0.09011795988121069
69716,-0.6079928045265897
69718,0.00805731559857728
69719,0.00201420231798188
69721,-0.21544782750453373
69723,-0.18022915721259863
69724,0.00264711023534288
69726,0.13357619517492247
69727,0.26464595437093247
69731,-0.00994344176348278
69736,-0.2685256911528228
69737,0.06240252335245657
69740,-0.12339336473190277
69742,0.3505491582317851
69743,-0.31464222616236825
69745,-0.17102617053233
69747,-0.19257202072402804
69748,-0.0637677076189912
69752,-0.14708273114892062
69754,-0.03965545847161749
69757,-0.01218533703867152
69769,-0.01037084292622726
69770,0.03756405984094146
69772,-0.5981516117911514
69773,-0.44096609399829934
69780,0.00938666031179368
69784,-0.4196401401010096
69786,0.04052445499090804
69790,-0.16715165714817412
69792,-0.09146736969377192
69802,-0.1961771217344851
69804,-0.02553396593265098
69806,-0.1896735451494808
69807,-0.24688072433863376
69809,0.08120022132595078
69815,-0.24276400225233696
69816,-0.12295311624028273
69821,-0.0874984981052246
69823,0.13793953000938197
69824,-0.3934947340203769
69826,0.7150569466561231
69833,-0.05641569789563558
69834,-0.07471378340739139
69836,0.954303072054774
69837,-0.2449508033494202
69847,0.662775189317548
69852,0.14549114644774971
69860,-0.03914458347940986
69861,0.6830194058493033
69863,0.1256263006593961
69865,0.4043445189419866
69870,-0.1082726040300558
69876,-0.01346722034788766
69878,-0.11442192031816704
69882,0.03211933207347908
69885,1.1158189031159635
69890,0.07715766309846071
69893,-0.6740559971337594
69900,-0.3644596539112493
69906,0.3384144576778658
69908,-0.2715842499862473
69912,-0.23275865283456068
69917,-0.03764725861244976
69920,-0.05667529204766958
69922,0.00585106964818788
69923,-0.42841565252863995
69926,0.2957833089799701
69928,0.29264441725441537
69934,-0.1808136325347556
69938,-0.8147328969398719
69940,-0.09319818426543168
69942,-0.4112148363409549
69955,-0.009616077249767
69956,-0.07441878735863716
69957,-0.15383643167607097
69961,-0.10932156951405576
69962,-0.12318091245453916
69976,-0.2449039369727442
69981,-0.20930372093001837
69982,0.19614978911918413
69983,-0.28002207863715856
69987,0.0164256806357278
69993,-0.06503253253378015
70008,-0.0377014468710579
70012,-0.3152612222399823
70020,-0.10325341101659669
70024,0.0843829793339659
70026,0.08022528346548752
70028,0.2028598198290213
70031,-0.5498101840020757
70044,-0.21877463655354268
70047,-0.1928775744445137
70052,0.01588706912274245
70054,-0.2440397039227981
70059,-0.05420646985219959
70060,0.18220636048678795
70061,-0.1892752785650602
70069,-0.3335058573527199
70078,-0.40306521098535697
70080,-0.5976656226978857
70082,-0.5000320649758614
70083,-0.1574716421431362
70086,0.20686165760217184
70088,-0.09683177138312854
70093,-0.10376819154453704
70097,-0.09656333269421132
70099,-0.0789323148522055
70103,0.02684511830825618
70110,-0.0983160819216954
70113,-0.7773190046095717
70118,-0.1919314503669803
70120,-0.16430406905455572
70122,0.1758066542235991
70127,0.5921048051028136
70129,-0.1464643474385206
70144,-0.5651866296605074
70152,0.0495975153499633
70153,-0.05866112330788933
70155,0.09014920966347384
70160,-0.03741037225919808
70166,-0.07682049998698873
70178,0.00696493863072821
70186,-0.1877091338129696
70207,-0.19474438754690215
70208,-0.14429875355099983
70209,0.05366472521696956
70223,0.09075905990480268
70225,-0.0351150459694507
70231,0.3423554751691841
70233,-0.07487301082183095
70235,-0.19619949043336807
70237,-0.00178145769893622
70238,-0.04416628442127368
70239,-0.10698475024514836
70240,0.29504686719316653
70248,0.02704039560131662
70257,-0.07109713002975392
70266,-0.12202523075809736
70285,-0.10888442596816632
70291,-1.2314200000786977
70294,0.03861810599060123
70296,-0.00945629940377369
70297,-0.27696914164536607
70300,0.16081633726475633
70310,0.1902347733836016
70312,-0.1245028669797216
70314,-0.01219836637271909
70315,-0.27251399329155906
70316,-0.2299984301226526
70317,-0.12393332951063556
70325,-0.365415749744962
70333,0.17739183614746487
70335,0.15195081794936627
70348,-0.5042297032664954
70349,-0.02133116265147044
70350,0.236739211647138
70351,-0.01146871857270603
70354,-0.0047884149052547
70355,0.04513967830944377
70356,0.00731157364461585
70357,-0.282968850486469
70358,0.30453454980150574
70359,0.01963271715585356
70361,0.07370794594766575
70362,0.317967533940435
70363,0.3548636216998259
70369,-0.290957979407628
70370,-0.25445338281704094
70373,-0.2296356031463156
70375,0.1497924425813147
70380,0.12677175918496056
70382,-0.1512956974949616
70383,-0.11553707324979552
70385,0.11543163881587731
70387,0.08571575627939307
70394,-0.04684307196606573
70396,-0.05066714557956834
70397,-0.24075684446089857
70405,-0.3158085777824805
70408,0.00324948384108132
70417,0.2676099566840356
70422,-0.8343519844902365
70423,-0.09968298139846822
70425,-0.112569200970219
70426,0.09028344946719996
70427,-0.15685640491399314
70428,0.1203008924708198
70430,0.0030737571156907
70432,-0.07669296028105814
70433,0.18165731860237663
70435,0.19264717339601897
70439,0.03180853894429751
70445,-0.846663664945007
70450,-8.404606423864421e-4
70451,-0.3995322462378332
70454,-0.02007927675155198
70456,-0.00566625860627811
70461,0.03607128171126506
70465,-0.2590156387279464
70466,0.32797605173520183
70470,0.1884842613612953
70472,0.17254157812318033
70478,0.4463939744422406
70481,0.15101182324872134
70484,0.04361485481598407
70495,-0.04814624413455486
70497,0.02369954623825313
70503,1.101202956354445
70508,0.04907354413543442
70510,-0.08987405218969761
70511,-0.13169191364714944
70527,-0.17437782674694446
70530,-0.06274588513291218
70533,-0.43589616127852865
70536,-0.12667013391412324
70544,-0.18990948143339512
70546,-0.14612947299338833
70549,0.13013955460363533
70551,-0.5099215336970494
70552,-0.02381664295840242
70556,-0.5088192849686684
70560,-0.2992045092846487
70561,-0.1811385867761818
70564,0.11888082799162648
70567,-0.24165851536747543
70568,0.10208435109471373
70571,-0.06204688310498385
70572,-0.15742730347892878
70573,-0.38217017309655094
70574,-0.11211448696924822
70575,-0.04305800964004624
70579,-8.525143819377475e-4
70584,-0.00445600123037002
70591,-0.1370485331641251
70598,-0.21479889939754376
70599,-0.05395222861899315
70601,0.0673695791258884
70603,-0.1556239146654293
70604,0.2944412479564272
70605,-0.12203802829120862
70611,0.09837687837573596
70612,-0.23451493310334576
70615,-0.04108935751741122
70616,0.02933431316574422
70617,-0.17426740054568862
70625,-0.03859099370682199
70638,0.21883445322706124
70640,0.34633244210096287
70645,0.20115143282414696
70650,-0.575177588653753
70652,-0.26319658719292716
70661,0.06958047728871719
70673,-0.04823609764922589
70675,0.02571155631847595
70681,-0.08721457492164618
70683,-0.00417206772855656
70686,0.24625668861831965
70693,-0.33863245976245643
70699,-0.05824201531197512
70701,-0.10510776058007872
70713,-0.2708947424722806
70717,-0.03600366852961737
70719,0.02623224867960099
70726,-0.38403759677273386
70727,0.26959290142335945
70729,0.24472745062692097
70747,0.216297362302183
70750,-0.14576331803657663
70757,-0.07051981225059609
70762,0.02300830008959429
70767,-0.05378769284559148
70769,0.09117522080148524
70771,0.41878886183437025
70779,0.22160795162878097
70784,-0.166382559952597
70785,0.0181256911078681
70788,-0.32149033768747065
70789,0.05683895064372449
70790,0.11133075012049092
70791,-0.0518087598432489
70796,-0.3369717482952549
70797,-0.0362111905136727
70799,-0.2537172723148926
70802,-0.2945562592770837
70804,-0.4261316579322546
70807,0.08063271042750667
70810,-0.3387062257932829
70821,0.3680080920898036
70823,-0.2091674809158166
70827,0.2891378923219794
70829,0.03668356286487606
70834,-0.2867667554064238
70835,0.02716378620366777
70840,-0.9854735589895758
70843,-0.4352362733091324
70859,-0.28583683933408327
70864,0.18356261014108788
70873,-0.28499051500235184
70881,0.01513506962766689
70882,-0.15189460825327528
70884,0.6593045103175758
70885,-0.11161209875475853
70891,0.1913243621644826
70892,-0.06138053889840059
70893,-0.1573274006351683
70894,0.03734695823697831
70897,-0.3678126085871809
70911,0.3156644964664085
70918,-0.33669194530777075
70920,0.11550161389194775
70925,-0.37575016197641775
70928,0.231563345410274
70930,-0.13201150068021444
70941,0.38408806443289223
70945,0.181582309350865
70950,0.3011017139836843
70967,-0.1869283483000514
70974,0.13557600839096018
70976,0.5596823052471416
70977,0.05694149945215051
70979,-0.1638904129363851
70984,0.02224510801727401
70989,-0.04357992163619556
70993,-0.547256475823891
70997,-0.11115285799290232
70998,-0.07855411546186855
70999,-0.2392748655467946
71007,0.0879814658165653
71020,0.01299251149369939
71037,-0.0063232713044652
71041,-0.24400154756669573
71046,0.0397823367244256
71059,0.03624216638047194
71063,0.15970780483224858
71069,0.3192902952383634
71078,0.2965690590838735
71089,-0.33283881130857856
71091,0.07545995612743789
71093,0.5217126521755308
71096,-0.3689622270743366
71099,-0.2116993862472983
71101,-0.14222405126203397
71103,-0.27975351356617767
71111,-0.07912581554638506
71116,-0.0457427333063601
71130,0.06880443820438935
71131,-0.075323222662916
71132,0.8427977294374861
71137,-0.06298962067029612
71138,-0.04367534824049346
71145,0.32526261609530316
71146,-0.2884050993114879
71147,-0.1805998719304554
71148,0.2445989377623763
71151,-0.35802314916146427
71156,0.35629972460658726
71164,-0.04271189473104697
71169,0.18073270566690505
71175,0.04839096085999785
71176,-0.3315076614350073
71183,-0.9947170102631372
71198,-0.30528631283285934
71200,-1.0283777767544549
71206,-0.22585418542448965
71207,-0.08738065798853023
71213,-0.11140136315554958
71223,-0.15661959476944015
71228,-0.17900659126488597
71233,0.06877644059172458
71236,1.252439473265571
71238,-0.8157449946036852
71240,-0.05002079595463403
71241,-0.7107716943463147
71254,-0.5963321630434337
71263,0.3342861494858833
71275,-0.16594297643620848
71276,0.2825076269379785
71279,-0.4158876998382677
71281,0.03970426383121309
71287,-0.0677697219523547
71300,0.09701261383031892
71302,-0.3423140029018611
71306,0.2886450791932436
71310,-0.2796392025929736
71313,-0.3036287241179786
71323,0.1831240746954576
71325,-0.12109553570483676
71326,0.07847168900917337
71330,-0.17916778003500644
71336,-0.1960425935941643
71338,-0.6338010086319026
71340,0.15038449897618886
71345,-0.1282474592685604
71354,-0.09381375611079552
71355,0.5108003255864236
71361,0.21414712314652157
71365,0.09859196403335578
71367,0.4384603710122822
71371,0.06563367341855401
71373,0.01072384126899088
71375,0.04426998770187118
71382,-0.4980252892183496
71389,0.2233132696191477
71393,-0.6788221351041214
71398,-0.5873575631632202
71405,0.31567768386032863
71409,-0.24791480881570305
71421,0.06492797786609161
71435,-0.11698060306365268
71436,-0.11409570245849336
71446,0.4461328751845719
71448,-0.04629073975623248
71449,0.08354874927760633
71452,-0.10379382792133104
71458,-0.08327454612191014
71461,0.47066024905845505
71472,0.02270933600284213
71474,-0.19597316777727455
71481,0.29075869143430677
71492,-0.4195860962679968
71514,-0.05981343713555211
71517,0.08463526202300539
71519,-0.04433875369637942
71520,-0.05652998336654812
71521,0.34243240067186465
71522,0.6086477795082046
71529,-0.33508204301899797
71532,-0.3709752876278839
71538,0.138846013037196
71544,0.2063532098136899
71562,0.00196355834770704
71564,0.1886935184819471
71566,0.14475304359259974
71567,-0.36883443248218006
71583,-0.49937498512710127
71584,0.17129056092371853
71586,0.0946131712203762
71591,-0.20558387757239535
71592,-0.2431009450174743
71597,-0.8614781934183877
71599,0.23135429732629031
71602,0.07268233276403901
71607,-0.05921256599698085
71609,-0.12190290262203864
71617,0.29741714099684274
71619,-0.09556216444252567
71643,0.2902628552640145
71648,0.3863177144516683
71653,0.43763610459596286
71660,0.0363734975496926
71664,0.3213388807648696
71665,-0.12560664190070336
71667,0.04769583023458733
71670,0.700476885000407
71673,-0.2082673573488018
71675,-0.25047226621373175
71682,-0.5308124118041079
71683,-0.03698533141082599
71684,-0.10964279259854426
71685,-0.0545472478965818
71687,0.4065625435059339
71690,-0.3353174620755862
71691,0.1060130264371262
71693,-0.581495955634552
71699,-0.18939477719639683
71701,-0.15986105690202582
71702,-0.2447552958805435
71703,-0.35681855891340386
71704,0.01490575473528533
71706,-0.0931197102463038
71707,-0.19126199181460896
71709,-0.45079099268291867
71710,0.1595103457696318
71711,-0.16441178871021322
71712,0.24401532029141468
71713,0.17549854212639304
71715,-0.1473032238985734
71718,0.01758441411297529
71720,0.21190752525159107
71721,0.2820347300281064
71722,0.13699171586069475
71723,0.04240742498801575
71726,-0.21728563435885467
71728,0.4650721626217221
71729,0.26081784711382094
71732,0.05061148366261535
71733,-0.4149914333894994
71735,-0.03758583238182297
71738,-0.3029205416339811
71740,-0.0796819720968594
71742,-0.1446728586292944
71743,-0.11633231208839546
71745,0.06525779505356723
71746,-0.3956439269700789
71750,0.14560431526143208
71751,-0.00567338885609659
71752,0.01097910720683774
71753,0.793294162965285
71755,0.00163148690716073
71756,0.5194400179379864
71760,-0.173169101596548
71761,0.04133462540256427
71764,-0.07646044802020402
71765,0.00982842661134309
71766,-0.09832658096637686
71767,0.0837272597677217
71768,-0.04425089188196594
71769,0.04419835700222223
71770,0.9854558509252284
71772,-0.17546873955782188
71773,-0.02194668815801327
71774,-0.01109015407875258
71777,-0.08889047905855937
71778,-0.0834274635235533
71779,0.1215005189638858
71780,0.0453733181199661
71781,-0.12389491389532736
71782,-0.08995883038695128
71785,-0.20349401864511357
71787,-0.15205719667380696
71790,-0.07718456611955002
71791,0.07945997831161353
71793,-0.04957009276859663
71795,0.1525579383619092
71797,0.6087002043381524
71801,-0.12433873401725286
71803,-0.16935307200489216
71804,0.01952084045241047
71805,-0.10488165506908144
71807,-0.03064643945603672
71810,-0.22580996292066363
71816,0.0472969695546419
71817,-0.06686435087958063
71819,-0.394246969103212
71820,0.04553292690963396
71827,-0.12290933571333448
71829,-0.22023671409606996
71830,-0.07004350604526768
71833,0.21898920147897452
71834,9.244232656026828e-4
71835,-0.05001648356866894
71836,-0.2301691731104555
71837,-0.9123081022744286
71838,-0.01024841308268208
71839,0.2077135446202327
71840,0.2933050155493183
71843,-0.17144441521811077
71844,-0.03704168178931028
71846,-0.0768599725094821
71853,-0.03958004456470192
71854,0.17086017011419652
71860,0.05252417081845921
71861,0.2064619706836273
71862,-0.3324101443594226
71863,0.06782658615600978
71864,-0.21194664911770833
71865,0.08429968966249152
71869,0.31638422641609815
71870,0.346804736396983
71874,-0.3888056297617526
71876,-0.3749708247150258
71877,0.20843570320003216
71878,0.42375131020899975
71881,0.01902518125778282
71883,-0.1513575763344308
71884,-0.15226027931526068
71885,-0.23113508034785252
71887,-0.20580650719788748
71888,-0.4665837039105375
71889,0.10381932542995642
71890,-0.11171236700331078
71891,-0.11363224015851107
71893,-0.05420642291405803
71897,-0.44030821522241814
71900,-0.1465002502393687
71901,-0.3437314670501364
71902,0.00622052437673723
71904,-0.2977240960170251
71907,0.01800543989149358
71908,-0.23412272468172293
71909,-0.04072374543490804
71910,-0.3191734910769525
71911,-0.1849848030809117
71912,0.30186152687731405
71913,-0.06545835096062627
71914,-0.05305576577053132
71916,-0.3545078641676854
71918,0.12519563089230276
71919,-0.08419972691460671
71923,-0.0172864167711798
71924,-0.7589219934129845
71927,-0.12356217967293116
71929,-0.01252528098186796
71932,-0.00876930660267399
71934,0.27123177756942624
71939,-0.03610410229939696
71941,-0.30863598324793506
71943,-0.1168817674809984
71946,0.2866714005421118
71947,-0.08678786688504589
71949,-0.25059020526604076
71950,0.0723283676017175
71951,0.21841351957022723
71954,0.02905395111118871
71955,-0.03046727740230651
71956,-0.2562602769837706
71957,-0.06045752641288819
71960,0.119298129730449
71962,-0.3087142628651694
71963,-0.3231583178256042
71966,0.05131070601508644
71967,0.5151626801871155
71968,-0.13198086873122708
71970,-0.15211661885217087
71971,-0.2534683874936727
71972,-0.00627992885420647
71973,0.21440969592712236
71974,-0.15940265628078765
71978,-0.02961824354693159
71981,-0.23205296330040504
71982,0.06410424294507239
71983,-0.11312649147187194
71984,0.13947216277403285
71985,-0.01970954288130609
71986,0.21930542779002063
71988,0.0800488822678167
71989,-0.07366468469218156
71990,0.0679497491482842
71991,-0.4238675306378756
71994,-0.09934905624888953
71997,-0.13144775700334224
71998,-0.06530544391738208
71999,-0.1021894076161303
72000,0.3650343491774797
72002,0.7173261372317988
72003,-0.4236554358973124
72007,-0.20031287365081973
72008,-0.19083795392986036
72016,-0.8222509877594437
72017,0.13461176223999613
72020,0.2126549814645541
72022,-0.42005230121469506
72023,-0.03795877380692896
72026,-0.17761394314796444
72027,0.1128578616112378
72029,-0.1840581947759532
72033,-0.29778913930632567
72039,-0.03698253899649234
72040,0.2653002741059985
72041,-0.14557564488224162
72042,-0.05437221560133658
72043,0.06980207007543368
72046,-0.06237612857700084
72049,-0.06633013377159658
72050,-0.25376776234613474
72053,0.06619074059524085
72054,0.00258530727696148
72055,0.4151698254254322
72056,-0.49878364724472934
72058,-0.48206051588591775
72065,-0.15634274982463914
72068,-0.14695670738462432
72074,0.03880843343411633
72075,0.01283730743769782
72077,0.7013880616153068
72080,-0.17157468274397977
72082,-0.3869333912759429
72084,-0.19078011320514351
72085,-0.27758695580069415
72088,0.24466796053468823
72090,0.15174025543330383
72094,0.22087666959502156
72096,-0.27486351752160987
72098,-0.1688689536935548
72102,-0.14735717167906717
72103,-0.03694160233593017
72107,-0.5113737995974076
72108,-0.2771523634366261
72112,0.4392778397835184
72113,-0.30292931633181075
72114,0.21133835018199895
72117,-0.17523279111900755
72119,-0.4119707405493519
72121,-0.11393914370808836
72123,-0.10735440876486792
72124,0.08209468151626731
72125,-0.36981676207471503
72129,-0.2791894052555373
72133,0.3094573631743709
72136,-0.2770175842001211
72137,0.08351721323865066
72140,-0.00434396555634293
72141,-0.11104056014896506
72144,-0.287717992983553
72145,0.5060980610909428
72147,0.428034729010834
72148,-0.20046420130279544
72149,-0.2879695867013694
72151,-0.01401462137824991
72155,0.12378344723711654
72157,-0.10456429258978414
72160,0.0136636971335335
72162,-0.16493691709350328
72167,-0.12226387697960696
72168,0.9036542565718132
72170,-0.18869349528615828
72171,-0.3081025190220757
72175,0.1254911785880226
72179,0.1725590836577911
72180,-0.3761806704009356
72181,0.1818523997703033
72183,-0.08049062078560959
72184,-0.5978896553594963
72185,-0.5995214458794325
72190,0.3901726432523382
72193,-0.08543157346803745
72194,0.14960081803106626
72195,0.3701363015724072
72198,-0.04928208610232843
72199,0.18285457221129675
72201,-0.5503769096810673
72205,0.31757807813292327
72215,-0.05181729929534527
72221,0.8451571223222407
72230,0.2370921221801294
72236,-0.09849952715828428
72238,-0.03138666599123155
72244,-0.3299581279068596
72254,-0.257090465663219
72258,0.13079811312643996
72265,-0.06598062200106403
72267,0.2015400684755405
72269,-0.1319062110444692
72273,0.1150587382467404
72275,-0.01706954370471444
72278,0.03387862916709747
72281,0.05708049203328966
72284,-0.19926223972698132
72290,-0.31605532974413214
72293,0.08927976640590904
72297,-0.47802559420469853
72301,0.3071232488427538
72306,-0.19279469299381
72307,-0.17345429429969214
72308,-0.07844391669049874
72309,0.03821689169273458
72310,-0.03748384870260271
72313,-0.1759838319770634
72318,-0.04309462354220645
72320,0.03692753152445381
72322,-0.1469490162386356
72323,-0.03181810601747202
72324,-0.5256390816838019
72325,-0.12800155754434037
72330,0.8670973235072266
72338,-0.0359970641422473
72341,-0.5428751060728199
72344,0.2862118702714958
72345,0.01882162782080998
72349,0.13174329394252887
72351,-0.11767830415200876
72354,-0.07428420884043693
72355,-0.2135690720717922
72357,-0.15438612137220306
72371,0.397605058227176
72373,1.047117089147298
72383,0.9455709562284792
72388,0.2380084949491298
72391,0.02345262279958307
72392,-0.20992803219795353
72393,3.4411286147757736e-4
72399,0.10321554351228142
72400,-0.36485232575515647
72401,0.1869265091017433
72404,-0.20152419233902388
72413,-0.29679467953005373
72415,-0.10966201316936032
72416,-0.0504818616243915
72421,-0.06056771715940107
72425,-0.08443940890586106
72429,-0.432693766356209
72431,0.01079118951038608
72432,0.5067198859917538
72433,0.8221105790252998
72434,-0.866361598674206
72446,0.11049430200464042
72454,0.1745577537010782
72459,0.14704021503517178
72461,-0.03872052438192257
72462,0.04242457484771424
72465,-0.29422730727212676
72469,-0.6441225665323801
72472,0.00328890705147965
72475,0.20663585357568787
72477,-0.06110530257122295
72479,-0.01835137906533308
72480,-0.14743456564790736
72482,-0.17592397558139755
72486,-0.824398807430498
72500,-0.7508367377623586
72502,0.1228111148361836
72503,0.1475085126286909
72504,0.20362654436507807
72507,-0.17798491116997894
72508,-0.01124297296144501
72512,-0.05940441133614918
72514,0.36993424177280687
72515,-0.09075350003021512
72519,-0.06745909298971854
72522,-0.02958269890638934
72535,-0.168572277276798
72536,0.03481250083790021
72542,-0.03606075857097501
72543,0.04013429304567285
72549,-0.05997068109150162
72552,-0.10226642229085404
72554,-0.0776142021590065
72555,0.20666365550303503
72556,-0.2742735035093105
72560,0.2465314378109552
72562,0.02444879965737917
72565,-0.6670130337748159
72567,-0.1561330110613684
72568,-0.4303950899580654
72569,0.3458558840058591
72572,0.5999005232529939
72580,-0.22780155855615355
72584,0.07703536300449632
72585,0.5330775086588333
72587,0.05887925771265498
72590,-0.14931010249771137
72599,-0.00346961248961327
72605,-0.0400062068459095
72607,-0.8109113333123623
72611,-0.02096323878172716
72612,-0.0982706321165662
72614,0.1319321192331751
72615,-0.6970887163117279
72621,0.05174851437776801
72630,-0.02048516613686404
72634,0.4204687762505852
72635,0.05522699552539512
72640,0.13845301798694598
72649,-0.3995400559136283
72650,-0.00177239019833794
72654,-0.00371152721397587
72656,0.032976803002271
72657,-0.16846694973690163
72661,-0.41581798892171695
72662,-0.04188809695125051
72667,0.04854040252365399
72668,0.2170197027780043
72672,-0.1034379947347292
72674,0.03277993491500453
72685,0.07306153615260776
72692,-0.01241112730103463
72693,-0.4802065817634258
72699,-0.10002551746990516
72701,-0.15810700559499138
72713,-0.6591397145568353
72720,-0.24342653208781656
72722,0.01468592493788689
72723,-0.02283874695842426
72726,-0.07242586904601675
72727,-0.17052301138328685
72729,-0.07260109844221455
72736,-0.06298536369987091
72739,-0.02086192656781772
72745,-0.09823336010450946
72747,-0.21541201502525265
72748,0.13242412378252605
72749,0.0281226936643831
72750,0.10193189359824407
72754,0.0225837382996564
72759,-0.04137786599520431
72772,-0.13724139438227553
72774,-0.12824182459034988
72775,-0.23796963270717184
72778,0.04300557636206648
72780,0.01021463695659006
72787,-0.2617621492760208
72789,-0.35736757564653343
72792,-0.03652298659214141
72795,-0.07565719974554558
72805,-0.413491886633084
72821,0.3437788649575441
72823,-0.01571222382244288
72825,0.14552840949065246
72826,-0.2522031931272047
72828,0.170618826940109
72831,-0.03673987510988299
72832,0.17935688551026427
72843,-0.3572239684845512
72844,0.06720132348650694
72852,-0.3569734356924935
72865,0.12660716765148777
72873,0.06223458057236654
72881,-0.04544397194115215
72886,0.10216066454662964
72895,-0.02236386170537131
72898,-0.36590280583937584
72899,0.1891416991144237
72900,-0.14270181672975
72902,-0.0339978801075086
72925,-0.02917181523370828
72927,-0.6504509909478959
72930,-0.1375442599523537
72931,-0.04339092375921606
72938,-0.3771074752163772
72946,-0.02164525011705189
72947,0.05332338256191175
72948,-0.2708953397982169
72949,-0.45090179436907096
72960,-0.16647186293675637
72961,-0.38212970533424784
72962,-0.34791854725233895
72972,-0.09218695326993775
72973,0.664853831923524
72978,-0.17318778333718288
72981,-0.12591320950619944
72982,-0.0966976525930705
72993,-0.1841891003175152
72999,-0.3761579378016887
73010,-0.04833088486202535
73016,0.02446549400410357
73024,-0.09903168757929344
73032,-0.3711207232635889
73046,0.08543367249944085
73047,-0.23758576584782687
73062,-0.0597095936735886
73067,-0.13026984394464244
73068,0.01860589541620496
73075,0.5185085037609344
73078,-0.11193305675996376
73086,-0.34171505804895425
73090,0.2344583914128152
73094,-0.04118231415083545
73095,-0.3542744514961702
73102,0.3442661993244214
73103,0.01978491532447111
73106,-0.14101893948649996
73112,-0.21930806777798903
73122,-0.03976362831387235
73124,-0.5024410100692347
73130,0.0607618983103762
73132,-0.35206438654388333
73137,0.28500324290061707
73139,-0.05532727289404312
73158,0.10382457389635458
73162,0.17090032026248358
73166,0.27912066413953324
73172,-0.11351226215873264
73173,0.4224235195904607
73174,-0.04197175667611712
73178,0.00591394190247978
73181,0.24159876634971403
73182,0.2906227269325483
73191,0.15220045945588992
73192,0.6901800793392923
73205,-0.1565112675942009
73212,0.33892892798658414
73225,0.08668093266572091
73230,0.6896548134597267
73234,-1.312738726586531
73242,-0.6530320825344706
73246,0.12736198324746914
73247,0.30496190569864623
73251,-0.03782744478739798
73254,-0.09805490959326972
73259,-0.23747793858158567
73261,-0.2906268365968803
73274,0.09506681977403322
73284,-0.3300148903149838
73287,0.37554366037034015
73296,-0.3449121086760375
73301,-0.09906914923236694
73314,-0.3864315237693946
73316,0.00753044203553421
73324,-0.6368317817463783
73327,-0.08451017245697937
73332,0.3698981481432731
73338,-0.511136814070291
73340,-0.6957932053865118
73341,-0.02513628298747023
73344,-0.43535391708998655
73353,0.5959185924235813
73360,-0.5240038529394191
73368,0.5243033563404701
73373,-0.19890747596586905
73376,0.09859530839320949
73379,-0.00885465322430283
73388,-0.4767381722743167
73389,-0.13855718733074676
73398,0.8496912127651731
73407,0.06651411306589625
73412,0.391494017383223
73419,-0.3014024312376488
73420,0.04234554610194745
73435,-0.07312176657953025
73447,0.14318545821066858
73453,0.6736143220320647
73456,-0.02374047958307576
73463,-0.1512048066630003
73466,-0.04231600988368557
73467,-0.03623531424064597
73469,0.09696373671393008
73472,-0.298872905057807
73473,-0.42653999001137766
73490,0.12656410319008282
73503,-0.36821904136796646
73545,0.00143266101248567
73569,0.2456401074038991
73582,-0.1627225691257418
73598,-0.22152090208181988
73634,-0.26389498502577974
73647,-0.8621551169442998
73649,-0.20206446137193795
73658,-0.19670383396652805
73660,0.08095594631336879
73666,-0.1481209314150458
73667,-0.00182633888175859
73668,-0.5196893382423154
73671,1.1729518139743598
73673,0.17600117874743682
73674,-0.08433070778769859
73677,0.01889231862642769
73680,0.16298516120235076
73681,-0.32095195677653904
73683,-0.22863321147535545
73689,-0.07482928971430337
73690,-0.04037862328318235
73692,0.2719033227518364
73693,0.4332871076525652
73694,0.1527141012896972
73699,-0.4248936695246569
73703,0.2679424269374838
73710,-0.15349723751755626
73711,-0.110848849488509
73713,0.5433216390532691
73720,-0.20457741045704209
73721,0.4402274493451994
73723,0.08767886351419096
73724,-0.4896211822146794
73728,0.04372660915672195
73737,-0.03103093625620607
73738,-0.2541487207923754
73739,0.29185587122527373
73744,0.00864130383032029
73747,-0.0313560854250793
73748,0.5423812394404808
73750,-0.08013684524712583
73754,-0.2831386492940763
73779,0.6821548658796318
73804,0.24470393324180456
73808,-0.09095079603442084
73809,0.4642239460623214
73813,0.09944514950682284
73822,-0.18051249364405236
73825,-0.05589787856293321
73826,0.00404209673742203
73828,-0.20246985842936796
73830,-0.0262776193045934
73833,-0.0615172102815074
73834,-0.113235675336358
73835,0.13809965307277677
73836,-0.13539899173655573
73844,0.579461765474082
73845,0.1434222567565313
73847,0.0547933404148863
73852,0.2177500618417707
73862,-0.05435010625535426
73873,-0.5740453532258721
73884,0.5736718776956242
73893,-0.09517023080813428
73902,0.3011201870636639
73910,0.3345477982430787
73914,0.04732784514321205
73916,0.03901190327669582
73919,-0.6758148568837319
73936,-0.0739762914744571
73940,0.3602175971205323
73942,0.3718465082893538
73945,-0.1178639575231182
73991,-0.04404028360835732
73998,-0.3655066934019056
74002,-0.20300027878410548
74004,0.1956474837861258
74006,-0.03915764594280216
74007,-0.02977988630078659
74008,-0.25551180198589246
74011,-0.2537819414569345
74012,0.379769171025445
74013,-0.02124253272025373
74015,-0.01629581613054472
74018,0.22899260091884063
74019,-0.07079870214575114
74020,0.163875845583147
74022,-0.01090784103912863
74023,-0.03269538263411013
74025,-0.03354443323390747
74026,0.13698355401282605
74030,0.343258572798784
74032,-0.19747350995743643
74035,0.14890288887252143
74039,-0.0150996066657804
74043,-0.06764560550702392
74044,-0.3549327357506531
74048,-0.15060552857340642
74051,-0.07445000925258147
74052,0.30210554768326325
74053,0.26638397366052147
74055,-0.01828306518124296
74068,-0.01131085297890083
74071,0.2898485816676647
74075,0.6760387244379172
74080,0.12105051487255453
74081,-0.07474126864054138
74087,0.43015041541621674
74090,0.20641340546529643
74091,-0.09533177320409252
74094,-0.2463791725163607
74096,-0.00202828334590745
74097,-0.1600955007146482
74098,0.04751434304474669
74100,-0.17048478156253483
74102,0.23610087441903152
74104,0.11863085523466732
74105,0.09628330100164167
74106,0.2721006654324166
74107,-0.03969486360643408
74108,-0.17031624500553744
74111,0.04803237126648382
74112,-0.10637597197122443
74114,-0.07430864074513466
74116,0.1399179048743877
74117,-0.07682764478466181
74120,-0.00620311410121366
74121,-0.21285747657399692
74123,-0.04010221459552871
74126,-0.13057524623397013
74127,0.28209582283019974
74129,0.06460152241152628
74131,0.01682773943226278
74132,0.00149917557300876
74133,-0.04447689342598838
74134,-0.11726976034480122
74136,0.05946402211419385
74137,0.00343800685739081
74140,-0.1825422234924605
74142,-0.05623877326989915
74143,0.03455678377328668
74144,0.18802465371651955
74145,0.15237640870283617
74147,-0.11844704475534468
74148,-0.01631146646685079
74150,-0.31810964014556603
74153,0.04916137590395279
74154,0.26649071673248304
74155,-0.27491208830745395
74156,0.46274005061844786
74157,-0.02455179716958264
74159,-0.14567273403132486
74164,0.10199469336633683
74167,-0.07412148157121017
74174,0.11912861447826374
74175,-0.5313039151327261
74176,0.7639198695034731
74178,0.12378807368450498
74182,0.0547973000632886
74185,-0.10567374249113468
74186,-0.0551967252435095
74187,-0.1356750564800365
74189,0.1629685862613962
74190,0.7640821873608157
74191,0.09877082426203876
74192,-0.14446236137140453
74194,0.36589863556574376
74196,-0.03635326191756485
74197,-0.16805194963355713
74198,-0.06137670859741154
74200,-0.18031755165728303
74201,-0.08941871990466219
74202,-0.4520152615310607
74203,-0.1061352872819031
74204,-0.05114755441049304
74205,-0.33393556397536
74206,-0.00203557659928207
74211,0.01961319102397423
74213,-0.24954374269130253
74218,0.34282394368749
74221,0.3256323940279985
74222,-0.5020893502001429
74229,0.02359334353313285
74230,0.24806228985346712
74237,0.02049917455945094
74238,-0.4350675174502444
74239,0.0860533504251633
74241,-0.0257291923500656
74243,0.01439295650801428
74244,0.05675165010765193
74245,-0.09329499166415456
74246,-0.14136379801502016
74249,0.27770921778042995
74251,0.1911096705381128
74252,0.03087298023647021
74253,0.6031442454742872
74254,-0.2758001446663767
74255,-0.18677380371021168
74256,0.00447115308833528
74257,0.11990948678344931
74267,0.12394114442165448
74268,-0.04725974709108651
74270,-0.1224807367947953
74276,0.6363446067780053
74277,-0.03116625447479145
74281,0.13977426023618672
74286,0.38828210002115227
74287,0.00666456888179829
74288,-0.20389171466764636
74302,0.00317732163172764
74306,0.4729994616039141
74309,-0.1532998919853486
74315,-0.09340158926649356
74316,-0.03104803254913616
74318,-0.08055376680848815
74320,-0.15696704313102292
74322,-0.06985767656585877
74325,-0.23966424778963824
74326,-0.07426980455145404
74330,-0.04174425224274832
74334,0.22286330079072436
74335,-0.3189653203168734
74337,0.3430626747676404
74338,-0.47324565582797007
74340,0.07870533030637925
74342,0.08226117681705973
74343,0.06660522843286039
74347,-0.15396620076521622
74349,-0.14854076450393827
74351,-0.2022290499146545
74352,-0.21230630968373335
74354,-0.3828419048884638
74355,-0.09638975874257882
74356,-0.44510466695011486
74359,0.5515063356931704
74360,-0.44890046984274534
74362,-0.3225306262851948
74365,-0.23255022652983637
74369,0.18087558242820104
74370,-0.10667222208311627
74374,0.08689935214887287
74375,-0.2667922319969196
74376,-0.09186047106933463
74377,0.13527315155609873
74383,0.3162772676835115
74385,-0.3055926043895379
74386,-0.24368186334633535
74387,0.7483342433921882
74388,0.1979357375361963
74392,-0.13166034264153298
74393,-0.21290664395241304
74401,0.3500452745762632
74405,-0.09180185064964393
74407,-0.01141902793671379
74410,0.0817006678320296
74411,-0.365343584773413
74412,-0.2110204867627555
74413,-0.2426978443072849
74414,0.04422116199961718
74419,0.7868721332143311
74424,0.5555151584176695
74427,-0.07339644806038537
74430,0.4155734423757416
74434,0.23191241488662695
74435,0.0788934572326233
74438,-0.14793396493623395
74440,0.197446398282109
74442,0.08643076566254736
74443,0.5219591663328852
74446,0.0705344922355034
74448,0.7315598243709314
74450,-0.18975571653592813
74451,-0.04295724389962983
74453,-0.22869272112800065
74455,-0.6409761992113358
74463,0.47170744509327106
74464,0.07030269526568703
74467,-0.23995515346686605
74468,0.32014609718953163
74469,0.00335292350776551
74470,-0.00666364291184365
74472,-0.37013113217333793
74477,-0.03734154511968893
74479,-0.1465202409069592
74480,-0.3886641750612795
74485,-0.17426335477375338
74486,0.3338410027894645
74488,-0.35518423817840905
74490,0.1919791723087063
74492,0.30056691785677164
74493,-0.0793060932647324
74498,-0.5857733384716421
74499,-0.23678278444290668
74504,-0.1853502411495795
74511,0.30447398946417575
74513,0.852433974265399
74521,0.6784024262848374
74522,0.07258750514288159
74525,-0.2918105011720266
74528,-0.3369979770135372
74549,0.01566555998454051
74551,-0.09667939264799465
74552,0.13072765692258956
74559,0.13202334358560355
74563,0.17063157622543756
74568,0.37380190842359834
74569,0.1881732562502834
74570,-0.19440941592485428
74571,-0.28461626846191734
74577,-0.14362193389386924
74580,0.13993235831833944
74585,0.02996396232934722
74589,0.607693687273202
74591,0.4844595971733524
74596,-0.2308169630604114
74600,-0.15040653196446713
74610,-0.15563560844576396
74614,0.0853813085940896
74616,-0.02315884064842535
74626,-0.14478340362197736
74637,-0.11049482378930311
74645,0.19260030625158603
74646,0.1733040829764867
74648,0.08785635320223267
74649,-0.139704301918707
74653,-0.16435066510085283
74663,-0.30586370552919906
74665,0.07173982122758432
74666,0.2649692218448882
74673,-0.15017730328253226
74675,0.4419895474234068
74682,-0.01011400310145359
74691,-0.38934061282912
74694,-0.09245879396554592
74703,-0.701958106983776
74711,-0.6113750952598829
74716,0.3446127709394846
74717,0.41141867950062927
74718,-0.3043652626860609
74720,-0.2611055776023623
74732,-0.07207058973574292
74734,-0.2056555037352507
74735,0.08076572821841572
74737,-0.06312542505007755
74741,0.38801321738035705
74747,-0.07484561519238313
74748,-0.44314843301286394
74753,-0.02129659768958569
74754,0.3292442226340194
74760,0.09239111807886398
74761,0.11862755202373532
74762,0.2407674706662928
74763,-0.02198457838144465
74764,-0.0045384880349329
74766,-0.15283031294218125
74769,0.17210339448737813
74770,0.2492315880110879
74772,-0.05052210779373685
74775,0.03754825583482027
74776,-0.13074547422568528
74777,0.02994296381065288
74778,0.10570147062848408
74781,-0.04363181889092159
74782,0.3453280093237572
74840,-0.04948771766257752
74841,-0.11514765700269428
74843,-0.10903972598143943
74868,0.04009887365498278
74890,0.13894817210647337
74895,0.06657242955129246
74901,0.16247704560318388
74914,-0.1011382164180442
74915,0.8032813774654819
74918,0.17206088611965856
74919,0.15889469286175656
74934,-1.209907721745232
74978,0.02733279450491196
74996,0.01419610887019019
74998,0.14075261694404154
75002,0.3793633240910398
75007,0.05806968425006702
75013,0.61278743610179
75019,-0.2585629514058765
75029,-0.32645566075535415
75050,-0.38108435454573825
75062,-0.0748579192331156
75079,-0.12679105761811907
75083,-0.06267117733474319
75087,0.1733583249376759
75089,0.06473823193823762
75097,0.27804871056146446
75099,-0.7207115665882977
75104,0.49643078594139
75122,0.14438386299267386
75124,0.210084595837664
75137,0.3796037599254664
75141,-0.06329306839417148
75146,-0.2796348207596735
75172,0.20007936876103777
75173,0.29084599981266446
75178,0.5998812282191197
75180,-0.832391881186483
75196,0.1489817234801793
75209,1.4971177817479595
75210,-0.1033496528869902
75212,-0.09596606754756212
75216,0.42169896327132383
75219,-0.35173214858038326
75221,0.01629603370842077
75234,0.04108178639183385
75266,0.39470523601200735
75273,0.08220476751355739
75276,-0.42136987689286953
75284,-0.22474030492832792
75288,-0.0860542104851239
75291,0.05775945143979456
75292,0.01193394972684742
75296,-0.10468796323305685
75302,0.26330210005081395
75305,0.5739881830561868
75311,0.3105918601648027
75316,-0.19729664766677155
75317,0.3863471418797031
75320,0.07623188690685684
75329,0.28732184862948734
75338,-0.684366022507154
75339,-0.09601946161676277
75345,0.0983326615685058
75368,-0.23452671751747717
75387,-0.03268607122939447
75388,0.17328313201952766
75396,-0.02133392476052016
75398,0.00977137693523688
75400,0.04684844988919682
75404,0.8156327829446114
75406,-0.05745221186193501
75409,0.17750467577523224
75415,-0.3159633261964375
75416,-0.15699460397282572
75420,-0.04281201207521133
75422,-0.23014676063004363
75423,0.08298282380130417
75425,-0.03580311573038963
75426,0.8209709735729502
75430,0.06467418685019519
75434,0.11089811949453508
75437,0.40861746368025914
75452,0.19008116465796293
75454,-0.16571704334430196
75456,-0.5773653326368128
75458,-0.24142133148674183
75459,-0.6787085112574681
75465,0.4240588274843225
75467,0.97953303932948
75469,-0.15202794010991888
75470,0.0278933764436619
75472,-0.246599619774916
75475,-0.09149346579772918
75477,0.1547937854651637
75480,0.0831553012464784
75482,0.09150198531011224
75495,0.1750260300212048
75497,-0.07765143683419765
75502,0.05875359032092156
75504,0.1591930851115655
75507,-0.06944953788035929
75510,-0.0723234544199468
75512,-0.06997169938043611
75516,-0.3023577009514174
75528,-0.44717436863128823
75530,-0.2635651477374611
75533,-0.2947207368735316
75538,0.3976027597980083
75540,0.049668671940885
75547,0.09560787943534244
75552,0.19824101794503285
75553,-0.0613969109803513
75556,0.42878780969471286
75558,0.4633005173045499
75560,-0.11825393870514468
75563,0.09794020868923972
75564,0.03907428219525753
75565,-0.087112554558131
75568,0.14158469175081476
75570,-0.12277043417187856
75571,0.6080944079686015
75572,-0.10096172888459272
75578,0.5126914357199379
75580,-0.03979036158385933
75581,-0.6510118098179529
75590,0.2740141376105094
75593,-0.1219370712818678
75597,0.02810775643818936
75599,-0.00866752473773966
75600,0.1383591299790448
75604,-0.27886737582619653
75605,8.329575180418963e-4
75607,-0.01036370422765443
75608,0.07664539226369217
75612,0.03392527203975179
75613,-0.02718191876264873
75616,-0.2122320424813631
75617,-0.22755032638717343
75619,-0.04839290860727964
75620,-0.00596505140770462
75622,0.1614135143834941
75623,-0.5087385725830196
75624,-0.3800487657395504
75625,0.24094235020878144
75627,-0.102534142330629
75641,-0.03118575540505993
75642,0.47316403151353736
75645,0.07727040187811669
75646,-0.05162578487693482
75647,-0.02351846258115372
75656,0.5112597218505859
75659,0.816901619697334
75660,-0.03905080801820877
75665,-0.21231741726132364
75667,0.40219416727708823
75668,-0.6238935052459982
75669,-0.10444089379352998
75671,0.7893763129954028
75678,-0.16560761871741764
75686,-0.08172093105205766
75687,0.08135374607567374
75689,0.06533810408790154
75690,-0.06262298034828209
75691,-0.02008561664147043
75692,-0.16453960790916958
75695,-0.5393510018722315
75697,1.351888057993996
75698,0.278780563990216
75705,0.00416494947528153
75706,0.08383788900567463
75710,-0.02949308076485693
75712,-0.03906920942067584
75717,-0.3021811760187913
75718,0.1485032975768559
75723,0.8046375764567246
75725,0.10478191973508454
75729,-0.3741097288030296
75731,-0.06394049185733514
75734,0.06410960719143219
75735,-0.21556813914784673
75736,-0.15851321762918
75739,-0.03396376830438445
75744,0.301083646506245
75746,-0.1928874407921357
75750,-0.156798382244959
75751,0.04054526600315356
75753,-0.0571303802617384
75758,-0.09779027027966244
75763,-0.21067250877781493
75766,-0.14661010232722246
75767,0.20179586972140795
75770,-0.2179676820684197
75772,-0.5826893592607564
75773,-0.378832251085278
75777,0.49581782074163583
75778,-0.15649488596332958
75782,0.1689824615404236
75784,-0.39930077596376456
75785,-0.2649802864688877
75786,0.01870029056762919
75788,0.6286034092518606
75796,-0.27397214603657283
75801,-0.306987533062981
75805,-0.23060559506952685
75811,0.3561691972643195
75812,-0.7076702751750001
75820,0.07826418253528773
75823,1.546129508705259
75826,0.0445396401479485
75828,0.3491352169886272
75841,-0.28009750594186844
75847,-0.5179444965945541
75860,0.5522445579241138
75863,0.1222577844117438
75869,-0.09553379619788845
75871,-0.09188827507006776
75894,-0.22716824155399745
75901,-0.01014623560012656
75905,-0.15990524928535652
75909,-0.08346685594727536
75914,0.02550053767624014
75939,-0.7136929781338294
75953,0.20157820936131723
75956,0.33139502475088145
75964,-0.1846317412053696
75965,-0.10446452296459352
75974,-0.04331384427807171
75985,-0.12220139110688408
75986,-0.13907485748282455
75991,0.11539180531195783
76007,-0.13829028336683036
76014,0.05022151470945563
76022,0.02591315707984425
76025,-0.42591397195087416
76041,-0.21160054516635357
76051,0.10555287537384414
76055,0.49450425046089275
76071,0.03554138322219964
76072,-0.11313042411981328
76073,0.28030829994488293
76080,0.03350221858629679
76088,-0.0344748857788395
76089,0.03716181717179598
76108,0.12444340870035468
76117,-0.22133561583437303
76123,-0.14423345140088675
76130,0.19686044923409468
76131,-0.08418596017665292
76132,0.15066913986880817
76137,0.16674703109558278
76138,-0.05062295444680151
76156,-0.6890143329846734
76157,-0.06998028349646748
76161,0.37909325142857225
76166,0.4803272781243149
76167,-0.18056769904756356
76178,0.17386469393604337
76179,0.2732531018231796
76183,0.09534490989849528
76184,0.14082577652328593
76187,0.2570119752040223
76192,-0.0947191370743661
76205,-0.00861911990590785
76217,0.16528396566109718
76223,-0.3081708473027699
76233,-0.0122104547087114
76238,-0.14909764293926775
76246,0.4760317833269504
76251,0.02088095379260837
76252,-0.0954654871705477
76260,0.3347311092563733
76261,-0.0788218835924811
76263,0.01070918731978671
76265,-0.13850547071483688
76267,0.6624272091267701
76273,-0.7536708530687491
76281,-0.08095134194373235
76282,-0.09029183574446126
76293,-0.2967488332389076
76294,0.27505481377403973
76295,-0.12145029556422644
76299,-0.334095846472367
76302,-0.13199847816553184
76303,0.30936634143255926
76306,-0.2773934779249057
76308,0.0614782756444884
76332,0.1607087765847583
76338,-0.02555349008587694
76355,0.4029065576699523
76357,-0.38020353075901414
76365,-0.24694164230856225
76366,-0.37266460630286297
76375,-0.1881612404337901
76376,-0.3148838000999554
76378,0.6973222383896269
76380,-0.07391389751386512
76405,0.11873924896104704
76406,0.3750676022781392
76407,-0.19666282985798247
76408,0.2808960195891802
76411,-0.1849412390844356
76421,-0.13182377206876872
76425,-0.08610569201623346
76429,0.1687682571511841
76438,-0.03475436693225301
76441,-0.30437651467175575
76444,-0.05460805255888248
76448,0.03134613968664974
76453,0.07761671885721522
76454,-0.01312748286849494
76457,-0.15608356765415024
76459,-0.7177183861860148
76464,0.2448049379492065
76467,0.05702630113930086
76469,-0.5747570436033143
76477,-0.4144700986335398
76478,-0.10166230783287152
76479,0.07495492391659697
76482,0.1536132957545785
76483,-0.01116858901290179
76484,0.40076807986322927
76485,-0.12892822855020178
76487,0.22519016258231664
76491,0.25521453102418207
76497,-0.02343457014508062
76498,0.04529662994290168
76499,-0.12768624742425105
76500,0.25629040976805184
76507,-0.4437731414512305
76510,0.2506179073038086
76522,-0.2204883055467797
76524,-0.09693369615921084
76527,-0.1566106414520781
76539,0.17441015764355464
76547,-0.2168210743096909
76551,-0.03954082959596061
76560,0.2293304000660146
76561,0.192108060976986
76563,-0.3555663208256692
76566,-0.03452603649272023
76568,-0.02315618693209702
76571,-0.21808138406771213
76572,0.841699579156452
76573,0.4356329382961541
76574,-0.23878975485946924
76577,-0.3272295691609123
76580,-0.02427563344460207
76582,0.04529846707428285
76594,-0.11520266892212006
76606,0.9319581536549566
76608,0.0724867409798808
76612,0.16729814525038905
76614,-0.10049075298595964
76615,-0.4560658837222511
76626,0.0540381449168274
76627,0.3747114977857968
76629,0.3646541413078072
76630,-0.01688138113360626
76633,-0.23174337678579351
76640,0.6989085613028048
76645,0.4592748804722151
76646,0.8485259786302091
76650,0.07803470835962381
76652,-0.35881423994683803
76654,0.03475928901946687
76668,0.4030008197138325
76670,-0.1985690922791259
76686,-0.12746664916640596
76687,-0.01704934520275942
76688,-0.14661899328039185
76701,0.2511576754753486
76707,-0.08566417815661262
76709,0.04336068557205213
76719,0.16404368611320785
76722,0.28217236586872774
76737,-0.14469185965876005
76740,0.00883793520533394
76742,0.05188482966515999
76747,-0.11007550479185708
76757,0.3107187655654924
76763,-0.16011069550048684
76768,0.333749711338322
76773,-0.36712132119639135
76775,0.3496523572797719
76779,-0.20519977273293677
76781,-0.3375046966198485
76784,0.11921507763313977
76787,0.0799000728503286
76788,-0.00116607237883939
76789,-0.01727983230700779
76792,-0.572706878350543
76793,-0.16654368177281484
76795,-0.04008688240844289
76799,-0.00907638763436793
76800,-0.04065838661214621
76804,-0.19377549742164837
76808,0.8508064174058367
76809,-0.14608476327632308
76813,0.09427725579886952
76816,0.18682265400493128
76820,-0.00749866349539555
76824,-0.03299265769336711
76826,-0.09873238693364604
76829,-0.5313543290288965
76832,-0.259364350765623
76843,0.049027777552171
76846,0.05199503392543896
76850,0.17306537798306187
76854,-0.29158190509200166
76856,-0.6676385676705532
76857,-0.8302791671956008
76858,0.3267787985755472
76863,-0.2507020652585107
76866,0.14193272614215952
76872,-0.4647716979217774
76877,-1.0844417727161932
76884,-0.12209226322299332
76886,-0.10466032551153392
76889,0.03831124046476904
76890,-0.02342451386315834
76892,-0.43405291975546656
76893,-0.0434355292055569
76894,0.04930706867943564
76895,0.22953454478459384
76897,-0.38686564917014343
76898,0.7674431022927772
76899,-0.06858140794518633
76900,0.05118924062699531
76901,0.08051191388473344
76905,0.09630060748023515
76915,-0.2348990188083207
76916,-0.13782320384743113
76917,0.04269488862999428
76920,-8.879949683036322e-4
76925,0.3513862796945804
76927,0.06148234847193049
76932,-0.11488748415037012
76933,-0.06817783838061028
76936,0.02467098954473804
76938,-0.0257174675466002
76942,0.0820261266720185
76943,-0.10116424148572656
76947,-0.32590408065700593
76952,0.1751221530088659
76954,0.2296416772443055
76959,-0.04520981674805867
76960,-0.2381791861783894
76964,0.02238229217291671
76965,-0.15165692668809813
76967,-0.07428311899956036
76969,-0.5688785863719819
76980,0.10694334152913904
76982,0.297967032499856
76983,0.04174941412139667
76987,-0.18589827581449317
77006,-0.01745358287214917
77011,-0.04045047981704488
77015,-0.07537375674123031
77018,-0.1920765516987975
77031,-0.01228912146350617
77034,-0.1031437359338202
77035,0.05425687453651316
77037,-0.33681650670349494
77038,-0.12119562328914266
77040,-0.06095766735955364
77041,-0.2784068117521388
77042,0.7203566034639264
77044,-0.06065827813897895
77045,-0.20023606436905483
77048,-0.02414327268911836
77053,-0.14168455329474108
77055,0.01467203654244832
77056,-0.1896951663570151
77057,0.336138867363553
77058,-0.19291073522574984
77065,-0.08055487341511879
77087,-0.10812696663796573
77090,0.09693077968698643
77097,-0.34523295115756375
77106,-0.1545886074353217
77110,-0.07107489091949026
77116,-0.26044655359879354
77125,-0.14296761988771314
77128,0.3154225645905536
77134,-0.16610797720011125
77219,-0.24273161846985655
77220,-0.6244108487225323
77254,-0.1596962950621551
77264,-0.2842699330418288
77286,-0.00540645634530626
77296,-0.12469231931157726
77300,-0.08940667937832857
77305,0.03218784680345688
77318,0.2677196094489564
77371,-0.46525400874589734
77407,0.03270504384953281
77411,0.4047401371266889
77422,-0.5751988487026094
77446,-0.3071444166991947
77462,0.8501141322226651
77480,0.6497742288511079
77485,-0.6244332735108683
77519,-0.5773368418316456
77521,-0.36964807705217345
77522,0.01704715729367895
77531,0.5150549158525987
77532,0.16099424707933704
77552,0.27393825027944335
77559,0.1777013551088355
77569,-0.7260065628191488
77573,-0.23129292957757897
77574,0.2216327869335044
77577,-0.26997575562124804
77578,0.2396921901686523
77579,0.07032395995687538
77582,0.17185993186737653
77583,-0.0804713065486592
77590,0.05778415313010703
77591,-0.2180487464609161
77593,0.03158871736096816
77595,0.09995118561540511
77596,-0.378842952088163
77609,0.4895446493909567
77613,0.07024866573733476
77619,-0.1187015190365879
77622,0.23962835522854495
77626,-0.15480456708533835
77627,0.10142849978259232
77629,-0.407185624480791
77630,0.09356879248314304
77634,-0.30340261123939366
77644,0.00321203472204501
77647,-0.02186932958599368
77683,-0.1712341371837697
77697,-0.5250390297479167
77701,0.06479701570994614
77704,-0.4274104940240549
77706,0.1284178665166263
77721,-0.28266741809068113
77727,-0.0308257267687689
77733,0.33255466297426944
77739,0.16921845637528157
77744,-0.3983378082510005
77766,-0.14902406644248062
77767,-0.07496896072608261
77771,0.4106988694765712
77772,-0.16936303379627596
77777,0.06258468827081376
77781,-0.38462071345700066
77782,0.02681443429799365
77794,0.3359934910157636
77799,-0.19007520797051025
77803,0.7618946560712794
77805,0.10617664572244656
77809,0.07450210064087986
77827,-0.28037242009409424
77832,0.04862823933547416
77836,0.20015324405552964
77853,0.148510929498902
77862,-0.14953717731691665
77864,0.3497620367688722
77877,-0.13387954431529356
77889,-0.10337803790382306
77891,-0.1160110422712263
77914,-0.27397818628060927
77929,-0.4623401130132791
77938,-0.04232679394168399
77945,0.03102193036273425
77951,0.23512807142977843
77963,0.5981281687762431
77974,-0.21487449716081475
77975,-0.13307136204848713
77976,0.7242341534161142
77980,-0.05944161181836771
77987,-0.01205568265616481
78004,-0.27539729041243377
78016,0.05009993706832369
78038,-0.01228154372222091
78052,0.4406388441069166
78070,-0.32710371246066755
78076,0.31025167345800075
78081,0.7282665552190164
78088,0.4026412182278393
78100,-0.1760073903240829
78118,0.5551501413259078
78134,0.5724950136041057
78177,0.4876900690184155
78232,-0.00442831277050406
78239,0.25807394559587066
78240,-0.9272872229027248
78244,0.19045985864937748
78245,-0.10366215271067256
78246,-0.096188833795917
78248,-0.12049653750330772
78249,0.4545144826779772
78250,0.04959927726137828
78251,-0.7092023242761711
78255,-8.341908213908775e-4
78258,-1.1620430458078912
78266,-0.11866696458997604
78267,-0.0989443511800738
78283,-0.2920595285598758
78284,0.1947274403085052
78286,-0.22413050455698613
78287,-0.24726683039902955
78304,-0.10962317780822456
78306,-0.3444555361812709
78308,-0.08648724860799518
78309,0.33799059243987234
78317,0.03323037692447619
78321,-0.07897738695102499
78323,-0.11357221561495125
78330,-0.03198275839880378
78334,-0.01038530454686586
78339,-0.0302121125857589
78369,0.11642987333517364
78372,-0.05123594364580818
78373,0.2024769874903199
78388,0.11638196186758644
78390,-0.5369583515124547
78394,-0.20856521623259844
78405,-0.18334599350460265
78408,0.05225646662429884
78412,0.15418214361459698
78416,-0.1335647163953541
78444,0.4578355342915658
78455,-0.1296028557411787
78465,0.13600066833002783
78469,0.4512541048870128
78473,-0.1101356434320806
78506,-0.38658510900995147
78521,0.10806503525109346
78523,-0.11606639144425882
78541,-0.03433532617449353
78558,0.3566664863030973
78560,0.0190813906033578
78581,-0.197155727334618
78586,0.3235495122261881
78593,0.13025731646456323
78600,0.03243350491800191
78610,-0.1070265907118531
78618,-0.16332407908140806
78619,0.4397922868544197
78634,0.01881587348841522
78651,-0.0106250743759059
78653,0.05893383965961457
78656,-0.07643043099540349
78658,-0.09178642753875892
78670,-0.13752011437252384
78688,0.0865111386463728
78689,-0.03165720018403737
78697,-0.12426528465898186
78709,-0.02081905891273694
78733,0.02274861910612119
78749,-0.1037806909430148
78751,-0.11538166008615088
78752,-0.16408523805753067
78753,0.08244369182226359
78754,0.11320911862851654
78755,-0.28833402815047626
78757,0.09879569137918792
78767,0.13407294809166184
78771,0.2705059331040596
78772,0.535248293544036
78777,-0.0646677181261427
78779,-0.4034063412495481
78781,-0.06525641737689059
78783,0.08029818540857431
78785,-0.1088884895348808
78787,0.2164402904388952
78795,-0.35370468563278185
78796,-0.04175735196689967
78797,0.02545677204089964
78798,0.1559762802423103
78801,-0.01693117088486203
78802,-0.6205887017079992
78803,-0.33012803769607946
78806,-0.0222607366450905
78808,-0.23784416492637236
78809,0.40771841621472793
78816,-0.0220603770504764
78825,-0.31132578489595136
78826,-0.1289309496207413
78829,0.08103627155587044
78830,-0.08141251683160163
78832,-0.01482064537580778
78833,-0.05502596940451699
78834,0.00339747809287185
78887,0.2584974904511343
78889,-0.06476204298308794
78890,-0.31902125917531066
78891,-0.05998325473465678
78892,0.2173191919504118
78893,0.3083713956771307
78894,-0.02615746537542364
78895,-0.2673578086217082
78896,-0.969077046861013
78903,-0.17860189973863017
78906,0.1773811715870789
78908,-0.7296285443560373
78910,0.984067262980406
78911,0.01376874634422466
78912,-0.1067652496798553
78913,0.22866414917357297
78914,-0.2514451033642296
78919,-0.2368206182445625
78920,0.03298471028397215
78923,-0.7290428857667577
78925,-0.3447172399613834
78926,0.08555445198920694
78928,-0.17303213961881922
78929,0.13068573093525154
78933,1.0471273089800754
78935,-0.21341219233689335
78937,-0.2388754514103404
78938,-0.18613243500066273
78943,0.24577557453236024
78977,0.2704647398828627
79043,-0.08856396377420396
79044,-0.04896527514465362
79059,-0.10616536344831629
79196,-0.00669834453005977
79233,-0.579815805389512
79235,0.2759512419776978
79263,0.03267183342049718
79264,-0.4886571267071086
79362,0.09421446490054394
79401,-0.5345594834911849
79455,0.5505331607131393
79456,0.25473561796767064
79464,0.01654788558730104
79554,-0.2015579090879054
79555,0.15500755291216034
79560,-0.15686171292108714
79565,0.14327383920554165
79566,-0.06290144400428833
80280,-0.04890013318190521
80281,0.371712284550884
80283,0.04441522991214147
80284,-0.08507813324316366
80285,-0.09033548384962894
80286,-0.29259015101241403
80287,-0.06630348806640975
80288,0.1502998144493095
80289,0.11303500866829694
80290,-0.16289592014173243
80291,-0.12662818533667136
80292,0.35084131244185185
80294,-0.4756373075246142
80297,-0.2829528478645701
80334,-0.24768268098599985
80385,-0.08939844348527849
80509,-0.11283202925598956
80517,0.00463739984632447
80707,0.3268455455802218
80708,-1.399748899290702
80718,0.03809987980445537
80719,-0.00275720186672493
80720,0.37918187271237425
80732,-0.14576521395457118
80743,0.02038278655558086
80744,-0.04072182435441267
80748,-0.01227579414964192
80749,0.1196179793987928
80750,-0.1376045853616939
80751,-0.10942624412072918
80752,0.00750022326036446
80794,-0.13065615491506918
80796,0.2007070029462496
80837,0.16004168670980506
80838,0.3486601841830378
80857,0.3183579429993603
80859,0.21094587768876927
80860,-0.3061028085743523
80861,-0.0988784866444128
80877,-0.1321385583567151
80879,0.05334726617380625
80880,-0.2735199272595359
80883,0.19362809726808328
80884,0.1365915417289874
80885,-0.26542519747558635
80886,0.1859187341104315
80888,-0.9237297594032612
80889,-0.4271462097436983
80890,-0.32180045465081347
80892,0.33691225307550215
80898,-0.00799999910697307
80901,-0.19217361826625529
80902,-0.3802688307115358
80904,0.09484574004761462
80905,0.16076479968558885
80907,-0.14942552918845553
80908,0.1399026069180991
80909,0.08551697140066435
80910,0.5945964846036103
80911,0.231809714166486
80912,0.05139235025491726
80913,0.0886404120315929
80914,-0.14406831660498057
80915,-0.18953013481289588
80976,0.06486557301754882
80979,0.6223567051345984
80981,0.1957123961764984
80982,0.2183576017891247
80985,-0.03307574502053411
80986,0.2984456260121322
80987,-0.415558949296907
81000,0.22574463573403636
81003,0.26942171158333955
81004,0.2278961546240017
81006,0.19013172188259425
81018,0.04225760175780124
81489,0.0528038256163901
81500,0.05091627871125409
81535,-0.21100510662747235
81600,0.37148064247820584
81601,-0.03785366613585744
81630,-0.10555206979459336
81702,0.02509278058754992
81703,-0.05579373297595903
81799,0.12803473336305296
81840,0.3067987561315936
81845,-0.12191748667911896
81877,0.12737982968796133
81879,0.13734930608718937
81896,-0.00452768869387001
81897,0.14551212765472774
81898,-0.30390463661170897
81904,0.6430838776823582
81905,0.7545951171212504
81906,-0.06994091156275417
81907,0.3923983335766074
81909,-0.15025984800978737
83379,0.5489299364490059
83382,-0.13076049692152342
83383,0.215545215006328
83395,-0.1955141297130099
83396,-0.26688114430464066
83397,-0.15408443561698787
83398,-0.18238770546942737
83408,-0.00461469481314854
83409,-0.00893617104531449
83410,-0.0740594111212443
83428,0.4800436206996149
83429,-0.3111608028016865
83430,0.0440672679219392
83431,-0.10519839379761171
83433,0.07021431331941537
83434,-0.11507023781978708
83435,-0.32565666960041484
83436,0.00711213006821166
83453,-0.09387160036635608
83456,-0.4820573771596729
83485,-0.09263502411977642
83486,-0.0730156127564109
83490,-0.1428137530483281
83493,-0.20831063385143095
83553,0.13104412679900848
83554,-0.2973891386703047
83555,0.01991722993705437
83558,-0.535232040951193
83560,-0.546243379422976
83561,0.97855582732206
83602,0.02350974271529173
83603,-0.579737340895488
83669,-0.07045977260241516
83671,-0.18202752899340569
83672,0.13141944029602887
83674,0.4309540291473381
83675,-1.1506814551761602
83679,0.01299014118735521
83691,0.19665525439048248
83702,0.0767477712357838
83703,-0.23104047330807184
83704,-0.21513180382218897
83762,-0.12121332799980264
83766,-0.546648548584941
83767,-0.13774825508297858
83770,-0.15442561105975147
83771,0.38494030292028886
83796,0.03947367228882874
83813,0.10088645731791727
83814,-0.2745810903029494
83815,-0.14676735272020497
83922,-0.2271520752748475
83924,-0.3647068193060605
83925,0.12312760719078794
83945,-0.0239164526975393
83946,-0.638118790528745
83961,0.2317829908324955
83962,-0.00570639831350761
83964,-0.45735928434734807
83965,-0.206594420070421
83984,-0.10759035769376674
83993,-0.1292293234154654
83995,0.4118936723369384
83997,0.14613186677281487
84004,-0.05839634020934848
84035,-0.5108858680604909
84036,0.1255067243077301
84092,-0.42365859665432487
84094,-0.3851896267800547
84095,0.02896657730766303
84111,-0.2220118421085247
84112,0.26831597756328807
84113,0.01982153773432653
84505,-0.41146583267284575
84544,-0.10949728250282084
84585,0.15167143139244044
84652,0.23228813781650764
84653,0.17230359217363955
84682,0.07067264102279276
85030,-0.19390630753391905
85031,0.3264396260928193
85305,-0.06483951672885126
85308,-0.08730081353331148
89867,-0.31263629673632104
93671,0.36112400642198417
93672,0.23140704761814615
93677,0.2339283254057602
93679,0.1676503084084286
93681,-0.3283401919165874
93683,-0.6063096414661387
93685,-0.2612240088732511
93686,0.5012923950429107
93687,-0.04511536346314773
93688,0.02904123542362658
93689,-0.21170208271976387
93690,0.11836395633412236
93691,0.02189281959169508
93692,0.06919080152083992
93695,-0.33945961655454915
93696,-0.2772129178598708
93697,0.3411453852908746
93703,0.36233964949210873
93707,0.36233964949210873
93708,0.36233964949210873
93711,0.36233964949210873
93716,0.36233964949210873
93717,0.36233964949210873
93721,-0.1756193988559389
93723,0.36233964949210873
93724,0.36233964949210873
93726,-0.08507059972967777
93728,0.661355574172105
93730,-0.2710699636345269
93732,0.0426865766651237
93734,-0.18688836025051248
93735,0.24042457756962565
93736,-0.5072294576433075
93737,-0.05700539862341072
93739,0.05724021619173904
93742,-0.2661127052476826
93746,0.8493965451497046
93747,-0.30500412030385676
93757,-0.05677464261837404
93759,-0.06784996612156395
93760,0.00572564806665704
93761,0.2034767439397353
93762,-0.12924766819131783
93790,0.01963455022088671
93834,0.09036700527195088
93835,0.12762555410353188
93836,-0.07431633640634244
93837,-0.4977229085996944
93838,0.20550394912184836
93840,0.1664778237339644
93842,0.01719992268664397
93843,-0.1172202050462361
93871,-0.03635539034571948
93872,0.17603333009598915
93873,0.19278683780821929
93876,-0.5300855023313875
93881,0.39821000165963305
93884,0.4092761508841128
93886,0.2882999722067537
93887,-0.21410453380322111
93888,-0.02881135567220211
93889,0.5512489390113153
93890,0.3337617329586168
93891,0.21605067737287464
93893,0.2344588338642197
93896,1.029955274175702
93897,-0.438492718821648
93898,-0.09143788656614736
93960,-0.4002797611154108
93961,0.3087068082311403
93966,0.01647495196966622
94041,0.13704812902344715
94043,-0.14885192905425731
94044,-0.00228639186602728
94047,-0.1243722226193491
94061,-0.2610608671529959
94062,-0.18236752722395516
94063,-0.12803306212852322
94064,-0.25927521588154
94065,-0.11866540809959088
94066,-0.1334055648753601
94067,-0.0100233548084684
94088,-0.0685849994992895
94089,0.01226511187056774
94090,-0.01569741425904054
94091,-0.12706043405661815
94092,-0.8215455388527861
94093,-0.20841187570446024
94109,0.40779161375215667
94111,0.410452572277865
94112,0.03204094263673
94175,0.4740305702079961
94176,0.15828511568648682
94178,0.04586042255736956
94179,-0.4380610854752088
94180,-0.30344138084543076
94181,-0.02648059016597995
94184,0.1545348268201746
94185,-0.15994236422162983
94186,-0.13447647122748865
94187,-0.35215256631138414
94190,0.2731077672669693
94191,-0.7022571847628367
94212,0.5504229806493078
94213,0.20986068724702175
94214,0.4015800947578192
94215,-0.15340903280743115
94216,0.7643165500362638
94218,0.06516303506050994
94219,0.1977372299041958
94220,-0.34432385982201663
94221,-0.2403622398605595
94222,0.03455584921860843
94223,0.01795673698302855
94226,-0.01018222824339124
94227,0.2484715956933902
94229,0.2438226611722492
94230,0.08877377346477727
94242,0.227749586189534
94244,-0.9150797250533154
94245,-0.14392709893605607
94246,-0.07616151932259406
94249,0.2465433809981585
94253,-0.01485707088687363
94254,-0.7565498759691789
94275,-0.6971598783614325
94279,-0.02468159241923679
94280,0.05577237837060905
94282,0.03014578442679878
94315,0.00807710208155923
94332,0.1723757549626511
94346,0.08217417415852561
94352,0.11507866591420492
96875,-0.2785953197976539
96935,-0.9203703073443124
96957,-0.2140812830288962
96979,-0.1386777556263692
97031,0.20756994165696616
97064,-0.04169354846924174
97086,-0.08291675080133343
97130,-0.27162227270265504
97159,-0.1581370416845309
97165,-0.04298802417792381
97212,0.6049496109322992
97287,0.12435819374173668
97387,0.05304561912872804
97440,0.10066964945257492
97476,0.8417803573791425
97484,-0.15504766479619703
97487,-0.26147722899798986
97541,-0.13300589876084715
97761,-0.0930109081062652
97820,0.09023319241867668
97827,-0.21164643391982496
97863,-0.2072748287040846
97884,-0.04495981865557291
97998,-0.5104255462251592
98053,0.01841158558066274
98170,-0.2781232244572551
98193,0.0169917352885613
98221,-0.14453612605141636
98238,-0.04247659296902681
98256,-0.01891312447109197
98258,-0.14010938542500723
98303,-0.7587307619762104
98314,0.7801681869235404
98363,0.25488051989939337
98365,-0.05409361473864715
98366,0.06303532982110527
98376,-0.8506580602252565
98386,-0.05827669498288147
98388,0.19437910440845488
98396,-0.5082003509495416
98403,-0.5019778122751248
98404,-0.0171540612095824
98415,0.2249028742929825
98417,-0.01714356021209671
98432,-0.3019004227278151
98488,-0.21153916315623483
98496,0.04010564617083426
98558,-0.03239367191958779
98660,-0.07119314030333856
98682,0.1995691306407416
98685,-0.03467383151067831
98710,-0.16398823450310426
98711,0.01315717534589488
98732,0.12641303510044424
98733,-0.03605705987442118
98741,-0.2936139348653759
98752,-0.17097980333975452
98758,0.0152918515348871
98828,0.11183260064172484
98845,-0.9188071589417282
98878,0.19305964194816944
98910,-0.04338769827812112
98932,0.10559740197954104
98952,-0.02917422120587086
98956,0.08061655340022633
98970,-0.17164576433114423
98999,0.1082887117107008
99003,-0.14866309383094983
99010,-0.6509415521312417
99011,-0.15922431313517676
99031,0.16994790395474957
99035,0.07913851235834085
99045,-0.0897042098080177
99100,-0.4431116897333642
99138,-0.03570474073388702
99151,0.47703844766343295
99152,0.050780509260171
99167,0.4580831535907457
99237,-0.1345751443542391
99296,-0.104133641098008
99311,-0.00853740743536278
99326,0.04724613491213994
99334,-0.17542226996437474
99349,-0.12807227330612153
99371,-0.0135784321230121
99375,0.16493516442819542
99377,0.10968159214758928
99382,-0.05298427404852479
99412,0.05573606599535446
99439,0.01874671156294471
99470,0.02574110761202747
99480,-0.04685430574074164
99512,-0.5307669952844153
99526,0.09421667346365628
99543,-0.25977228964380933
99571,-0.1564161458464743
99586,0.14527094312329858
99633,0.563632112771154
99650,-0.13002366329458742
99662,-0.1503638386554131
99681,-0.8641102274222063
99683,0.02301293501929332
99712,-0.06033522486738971
99738,-0.08728418703764379
99887,0.38341530444058336
99889,-0.00959346697652069
99890,-0.7633446176303436
99899,-0.1198560876817849
99929,-0.1389881583910304
99982,0.00945888459526465
100017,0.1330700153034459
100019,0.7308403873809018
100061,-0.02502202447153186
100072,0.07290357079404998
100087,-0.25962624588633604
100088,-0.11220696512808263
100102,0.2858919936413419
100121,0.13047807385042576
100129,0.8341696999864179
100155,-0.64631608557709
100163,-0.06869822386135782
100169,-0.21016467221314075
100177,-0.3874906114899976
100198,0.177950128300983
100201,0.05523136356702592
100206,-0.1552365377654661
100210,-0.12282616439525854
100213,-0.1026195037780232
100226,-0.2921190968772678
100273,0.04780796305931498
100317,-0.14398837093396916
100336,-0.0145167235104999
100340,0.4301940673070701
100342,0.3499175870081498
100383,0.06003760706873295
100434,0.2964915589615154
100465,-0.03905561744147927
100494,-0.14136088951648693
100515,0.617001769560114
100532,-0.01581338565664931
100561,-0.08316289261811173
100604,0.4391833407021599
100608,0.00461668834509446
100609,-0.07256069525600188
100637,-1.00314604243517
100647,0.7250237543578574
100678,-0.1818157078610274
100683,-0.04369663162660218
100689,-0.24661307976694555
100705,0.11709218177813058
100710,-0.23600670451146427
100715,-0.15480086375528368
100727,0.384875077412878
100732,-0.28828005085949804
100737,-0.02579300843757553
100756,-0.14104009471547743
100763,-0.2022810819845784
100764,0.6609260944807309
100855,-0.07399181720232256
100900,0.02686184654275412
100910,-0.04744037941742683
100929,-0.1360351449339178
100952,0.11431894271761368
100972,-0.27599293456102486
100978,-0.34863492196713164
100986,-0.0013019269742495401
101023,-0.20002504432409351
101095,0.05833256457907238
101100,-0.01663144699829792
101113,-0.16450362254377182
101118,-0.4562674136335051
101122,-0.10224040090049358
101142,-0.11343368416559108
101148,-0.12489190265047843
101185,-0.20632535104127372
101187,-0.6135605336588661
101202,-0.033461057557267
101206,-0.19530934729450877
101214,-0.195284677218851
101240,-0.15159561402496363
101314,0.05358591945434485
101320,-0.26130456174209066
101359,0.00880021171177139
101401,-0.19783138243623463
101437,-0.03919737216710914
101471,0.02410214462199977
101476,-0.10072550037089616
101488,0.3925076451860776
101489,-0.05408246721190541
101490,0.07126401517380794
101497,-0.01547694648142221
101502,-0.0377971750390783
101513,0.03405954494000321
101533,-0.04497065421881117
101540,0.06120390595595061
101543,-0.13262748719952155
101544,0.0777264954868098
101565,-0.7618791073457934
101568,-0.05062627716828411
101592,-0.05396158398627801
101602,-0.24695985533007175
101612,0.137043045947716
101613,0.2245039597676077
101631,-0.17839402372289972
101685,-0.06886692025153884
101700,-0.3353695997819561
101706,0.09120320026744784
101739,-0.10116364975878792
101772,-1.084290313886858
101809,-0.32548069422671877
101831,-0.5535953895334829
101861,-0.110465810055297
101867,1.265794646655732e-4
101869,-0.00879075158373771
101883,-0.04563515321430782
101943,-0.04410014658609437
101985,-0.08727121268991636
101994,-0.36481346748939103
102032,-0.08004687653308169
102058,-0.13434361024487515
102060,-0.00458218004506307
102075,0.8812948100752389
102093,-0.4473719819174138
102098,0.15085383560449014
102103,0.3403054201596417
102122,0.04405410217369213
102124,0.13791432460736475
102141,-0.230883303062826
102182,-0.07434608907571824
102193,-0.1005862926303492
102209,-0.14115377193745698
102247,-0.03268214371870254
102278,0.16893733128281774
102294,0.1769437848830014
102323,-0.2096893952615644
102334,-0.19627134223800272
102339,0.06767191306361628
102371,0.3171915391979543
102414,-0.04427692443114321
102423,-0.3012446030812773
102436,0.05431952060983552
102442,-0.05004987389059953
102462,-0.14339452133492264
102502,0.5351982827055659
102545,-0.09465109969016548
102566,-0.2611483194622617
102570,0.02914112018638484
102580,0.3921801096396599
102595,0.08047386139716682
102607,-0.2809248788969621
102614,0.04591155709845113
102626,-0.20849504285321824
102632,0.00898511972009003
102644,-0.2288987464490589
102680,0.00166465580964365
102693,-1.2697049346776557
102747,0.04699986932094208
102774,-0.13175784771775062
102791,-0.32326450558354736
102857,-0.6059609198742406
102866,-0.47487805998792854
102871,0.07035710722134936
102920,-0.10547817838968944
103080,0.3618204134927496
103098,0.8334213532873548
103135,0.00849610840988974
103136,0.1204531458205031
103149,-0.01493538222303733
103161,-0.1367827478666271
103172,-0.00785105761187953
103199,-0.04030619741472058
103213,-0.14318655926675983
103236,0.00751045061094652
103266,-0.21453671028378185
103268,-0.4917680871694032
103284,-0.08463725595316231
103406,-0.5358934343704403
103425,-0.09816123710786882
103466,-0.20553748127632143
103468,-0.09759123916367096
103511,-0.2088246074504478
103534,0.05776678805550553
103537,-0.03598167251071465
103551,-0.06893449164064425
103554,0.4533407608558524
103573,-0.25124240560581923
103583,-0.00761351178491547
103655,-1.196620227922708
103677,-0.03234134263272027
103694,-0.0641747536782946
103710,0.03171552220711324
103711,0.0815103591773919
103724,-0.21984548935827575
103733,-0.09975528752538064
103737,-0.33924405373755945
103742,-0.00682851287316656
103743,-0.6211054485447725
103765,-0.010361741513052
103768,0.18997814137895672
103775,-0.5354738971767782
103806,-0.01604425671647073
103836,-0.13986919711511742
103841,0.26018261174967205
103844,0.5841630750120202
103850,-0.02567047812025193
103889,-0.22033618697024765
103963,-0.068092785604067535
103967,0.6742631618660107
103968,0.7564173915196354
103978,0.6780751581873379
103988,-0.18778397892673057
104001,-0.19569475595441527
104009,0.14069933445504698
104010,0.07389179446279046
104015,-0.07011703083657296
104027,-0.2256602535514576
104069,0.4070433872396826
104079,0.25692250707408937
104080,0.2667500999231006
104082,0.10859441932927393
104086,-0.2368314991916481
104099,0.1510098231708263
104110,0.13732699935688364
104111,-0.30518043653173194
104112,-0.00210247291193028
104130,-0.06409194847117944
104156,-0.07267589459804698
104174,0.32925714336264617
104175,-0.18452284330382063
104215,-0.12597674036012138
104245,-0.03348611980146988
104248,0.14942423648300018
104252,-0.01903441018923591
104263,-0.1976696065395833
104271,0.3483667376168276
104303,-0.08909805211233053
104318,-0.05690723007323405
104346,-0.26674229260207305
104360,0.10622042955845856
104382,-0.00567329699875248
104383,-0.17606964795631186
104394,-0.38417628983346275
104401,-0.11008481524751726
104416,-0.17474179585713606
104418,0.05713041455434737
104443,-0.2617130463219591
104444,0.06416278825338792
104445,0.06364939673332329
104458,0.17537778909089297
104479,-0.04709746564542165
104570,-0.06281251534199367
104582,0.41581796965600193
104601,-0.02065906576940508
104625,0.00815591945163183
104681,0.05604546688169708
104709,-0.05423002914977486
104718,-0.09940724006327424
104721,-0.03965640166650741
104725,-0.1338387192317093
104732,1.0013049317891511
104759,0.0168460881708288
104771,-0.08927722570677579
104776,0.00784027696828779
104799,0.05853124312938231
104806,0.02088545676699303
104816,0.3738248631820328
104831,0.13123495016097553
104836,0.2566302518198
104859,0.29853711638877706
104871,-0.07440848337774582
104884,-0.10512308837495753
104885,-0.09200211189610026
104910,0.259059916620598
104923,0.0940522406906398
104943,0.42813770467623424
105000,-0.7110263752336274
105005,-0.4809746799371708
105014,-0.33809900241063184
105083,-0.0724893234821127
105148,-0.06723474578275329
105171,0.0473761897196182
105193,-0.2594225788197997
105203,-0.24925736265912185
105239,-0.21042346066289344
105243,0.6850163285244282
105245,0.0463857561725558
105278,-0.24386068378159367
105298,-0.35420493188060626
105348,-0.03770045685907192
105349,-0.09023041157156748
105351,-0.2918097945803583
105352,0.13492220047852288
105355,-0.08093028445320083
105372,-0.6009313775448732
105377,0.11782049423283587
105428,-0.4144037668309752
105439,-0.1394930170035312
105440,-0.03534067360307334
105445,0.2116774671792079
105446,-0.1159386783588296
105450,-0.07966021053689334
105501,0.14626064337699396
105504,-0.0463695314416736
105511,0.7622399417086585
105513,0.02306237887523275
105522,-0.02431375808415799
105559,0.15445844025844252
105638,-0.01773914685705095
105653,0.1308253444295399
105663,-0.08747723669460516
105670,-0.10344970064753214
105675,0.13309215736857902
105689,0.1142793853577948
105722,0.1937690902414181
105727,-0.01871426250627041
105732,-0.2785431457690535
105782,-0.08179714371085006
105785,-0.0943466235523622
105787,-0.02954427203518855
105833,0.2820576786766971
105835,0.02676923580048273
105837,-0.4059284344025544
105844,0.27535555353063085
105847,-0.10979314135466324
105853,-0.3218202916365519
105855,0.0413976562696386
105859,0.573631220034441
105866,-0.6970842079309703
105988,-0.02319134088402078
106014,-0.520499264360416
106021,-0.21164660975492375
106025,-0.06735463940526237
106042,0.08632273701583462
106052,-0.080857952308331
106064,0.1497386885802404
106068,-0.1598772092115963
106073,-0.03044540905160413
106143,-0.10715915824629066
106200,-0.07088680143284722
106248,-0.9375475013832636
106298,-0.0672618341574558
106326,-0.03741424123493007
106338,-0.04189148595507053
106344,-0.1860768212579408
106347,-0.1738572784431892
106369,0.2228720789510985
106389,0.17960247347551955
106393,-0.32325304590182546
106407,-0.15790182391094298
106489,-0.28744177113759106
106504,0.04211500788414775
106512,-0.05423544939618154
106522,-0.4183977514928385
106529,5.445656936136946e-4
106564,-0.2097320560560656
106565,0.17063287004641314
106572,0.00804813172879578
106581,0.0650404592104439
106582,-0.06254750768508544
106583,0.06625793410176721
106585,0.09493668390575814
106618,0.12253780743343402
106628,-0.125231630442471
106633,0.25134223963521446
106639,-0.377121260956843
106707,-0.13016882324496018
106722,0.31167153998946245
106757,-0.09713269950682066
106759,-0.01571688233876191
106763,0.32277852711809674
106766,0.03086978096839922
106794,-0.2745195737079731
106821,-0.0749217403935766
106840,-0.19103249272679831
106861,0.37516184644596
106877,0.3394982271038339
106878,-0.00240659147196058
106894,-0.11030880702086349
106931,-0.03395522073441297
106947,-0.12554988507471385
106952,0.01004241277968234
106957,0.06252031624717229
107022,-0.18408009842172407
107029,-0.04959291745658566
107045,0.0528772528935512
107047,-0.3207155596823675
107065,-0.3578917218391888
107071,-0.1291701554672163
107094,0.2755171751342076
107146,-0.1336567660962802
107173,-0.0089660580203568
107182,-0.07049536129990312
107197,-0.09382670239221276
107221,-0.2248812323216491
107227,-0.03725460519595251
107239,-0.05412260322626514
107250,-0.06380074511121042
107260,-0.01716823601231275
107271,-0.3494691959323767
107272,-0.07777239898304136
107305,-0.2983467506505717
107321,-0.1371662432472413
107328,0.02235404409211509
107338,0.2720858139089639
107351,-0.46035530052392265
107358,0.00466680046529713
107368,-0.07042763685868304
107371,0.10454320115869228
107373,0.02938381658522116
107375,-0.1610930623320587
107392,0.01824736092044459
107435,-0.32853200037370756
107448,-0.02783281576258495
107449,-0.9078271875083116
107476,0.1375498507022329
107477,0.24831479359371167
107503,0.0352079367517696
107508,-0.37094824996461934
107513,-0.02357273630255982
107515,0.5624074927920479
107522,-0.0161496636234885
107526,-0.08109007679757407
107527,0.2638229700831962
107528,0.17808954181238257
107566,0.11851804254859032
107568,0.01099007774264604
107569,0.12076038249711955
107581,-0.21908435713155003
107585,0.11668567647629946
107586,-0.06675500450585445
107587,0.08105325490930775
107589,0.4611096828872792
107607,-0.01991697608484154
107650,0.07061437846699341
107652,-0.07667177568195417
107656,-0.23367316544108213
107684,0.04169459305431423
107686,-0.02198113729216757
107701,0.04384835786576154
107702,-0.12982055799247152
107723,-0.12533124080303756
107732,0.02508733978481189
107733,-0.07369281728573929
107746,-0.1094001486632923
107747,0.21659636856079273
107753,-0.44401966712573865
107765,-0.04383697723695998
107766,-0.07055576616968204
107767,0.3407804816934046
107769,-0.06129273930940712
107770,-0.06660768750824478
107815,0.3749006653055603
107817,-0.0693373778260957
107823,0.943374840059687
107829,0.02747752155129173
107831,-0.2281099415878925
107868,0.07035358971195352
107869,1.0526552561128373
107895,0.33934003899589843
107932,0.16275998496248284
107934,-0.37507733933237875
107951,-0.0926244634187114
107971,0.5575417332375739
107975,-0.05297356827233063
107976,0.05705366793984456
107986,-0.29313767036708166
107995,0.00126974129705106
107999,-0.08982286797270433
108000,0.10919871789782731
108011,-0.25945631211580045
108012,0.06716442461372041
108013,0.09504941715368774
108014,-0.1240922359009924
108015,-0.2039762259718961
108017,0.27127408613620385
108030,0.36813435245410464
108043,-0.29237304895863975
108052,-0.00507629987155466
108058,0.06734847854817755
108062,0.06952612822696688
108067,-0.26205830059968155
108068,0.3871931221873895
108069,0.17771242690983827
108071,0.3669114854971475
108072,-0.08430515128348867
108073,-0.24409593629159432
108075,0.1528924029970819
108077,0.07013760201105547
108078,-0.419255976518601
108079,0.7959254430320053
108083,-0.00537462597539935
108086,-0.00306756900669066
108089,-0.00608587411341653
108096,-0.682723175550547
108097,0.22696250249104577
108098,-0.10920498253364364
108099,0.02484999494401184
108100,0.4104535316771447
108101,0.20236108649424872
108105,-0.08615762782683199
108112,0.15126853246837482
108114,0.4517558450761494
108115,-0.5430306129768594
108116,0.13740351056143832
108121,-0.1007478777546986
108123,-0.05561033404184633
108124,0.03208569963180941
108138,-0.14657856048735654
108143,-0.21269351550535215
108147,0.00362031324925991
108148,0.01590281070060864
108150,0.11955897232489043
108151,-0.5268503026919125
108153,0.08136107788275056
108154,0.1996249998481717
108155,0.01999123482982858
108156,-0.10702981120852637
108160,-0.02080299443644727
108161,0.0059150602509602
108645,-0.11787212588854772
108652,-0.16657533102341346
108653,0.5575937345342338
108654,0.05149320965293626
108655,0.08364732910789052
108657,0.00763127211140543
108660,0.01571488532808249
108664,-0.33471603791065535
108671,-0.09070003027538737
108672,-0.1974974829936216
108673,-0.06909560393404003
108682,0.04833572201085358
108686,0.02800576920622644
108687,-0.16121280030960583
108689,-0.0418680612454046
108699,0.4056571171032287
108705,0.06812809500593053
108707,-0.11063236894609953
108723,0.04022024338829656
108735,-0.01128413952923915
108737,0.03261983086949658
108755,-0.12146646707347568
108760,-0.3080584743822106
108767,-0.07620664351785972
108797,-0.5257703754085102
108800,0.6269078184013497
108803,-0.3792061590719462
108811,-0.03302089165983823
108812,0.4324509021433904
108829,-0.07533639179708947
108832,-0.1537751075839484
108837,-0.00562205885318303
108841,-0.929716819043128
108853,-0.25458162313016197
108897,0.43188332302000826
108900,-0.511330415382809
108903,-0.22072148263521768
108907,0.12414197366229708
108909,0.07750304301220498
108911,-0.01710938286861799
108912,-0.06762650547691677
108927,0.19637231466859328
108934,0.04508594007414429
108937,0.08837373793082356
108943,-0.457561318842352
108946,-0.17981517700029245
108954,-0.00956203561151935
108958,-0.1268507195282562
108960,-0.01789763891496155
108961,-0.04239871563426115
108989,-0.1894991024674813
108995,-0.05607416504002875
109006,-0.15502438093577053
109019,-0.340813523865068
109032,-0.07607402559734573
109042,-0.493625767837359
109050,-0.2314383541312366
109052,0.17753389008163897
109054,-0.7144192992204002
109065,-0.27111459195904664
109075,-0.08398815413500207
109077,0.2096208341739874
109079,-0.4604939375591653
109093,-0.18842123514691728
109095,-0.08109423650045534
109108,-0.31864203315923095
109113,-0.11206088337200756
109115,0.0460216949804236
109129,-0.14763922632053922
109135,-0.01536832809626167
109136,-0.2118253948034756
109145,-0.16612961853596409
109151,0.02377050201053569
109154,8.71268859156251e-4
109161,0.0120362655542818
109168,-0.04897880120528884
109181,0.25637667911864537
109205,-0.4077680031418885
109212,-0.6243858857637646
109218,0.3460060429017011
109222,0.16048675349317287
109225,-0.12169696215010112
109229,-0.1875467491466456
109232,-0.20448191097347365
109242,0.22623853273925715
109245,0.04659988910128073
109246,-0.1143170032151882
109254,0.2706658444912447
109263,-0.1505875688063521
109264,-0.05131088729429622
109267,-0.07445228199214302
109270,-0.0524301285102283
109272,-0.1365133942126153
109275,-0.02960189805095017
109284,0.3408790620832688
109294,-0.3791071640566014
109305,0.21363296750832833
109314,-0.21699582354352664
109323,0.2323857505547641
109331,0.11930881769701372
109332,0.07926225143822375
109333,0.11543804312618236
109342,-0.05930099026220398
109346,-0.24264146588698252
109349,0.00144017706918207
109359,0.04713130738132815
109552,-0.04263088934074158
109575,0.08771515548150768
109593,0.2526530420625391
109594,-0.2834632084897034
109620,0.19927585208026496
109637,-0.1759677068230679
109648,0.00636894388473518
109658,0.08056370605020292
109660,0.514902365258526
109672,-0.03853632560192631
109674,0.02306558800927821
109685,-0.04889144627904074
109689,0.2163589175241487
109697,-0.4327474119720347
109700,-0.14654742146722455
109731,-0.03720346577614815
109754,0.0561937974855593
109778,0.02959220584233
109785,-0.02440914427161972
109791,-0.14663942351804374
109815,-0.06661997459175392
109820,0.2817511566620545
109821,-0.1415809863701964
109828,-0.3086311534851373
109857,0.1407327649371128
109880,0.11398011830808832
109889,0.1227737327532933
109900,-0.02384899722199701
109901,-0.2994085571197971
109904,-1.8183993406113652
109910,-0.1620947497423618
109929,-0.06042137329084596
109934,-0.14626854576107237
109978,0.0137115021132611
109979,0.3635430571935586
110006,0.00307218719192242
110012,0.39041690643843874
110033,-0.2246207211166336
110058,-0.09219282448270504
110074,-0.225839439993873
110075,1.3120926613689532
110078,0.19194776311818043
110082,-0.934306497131125
110083,0.5307320077425617
110084,0.1770530616438994
110094,-0.01046663016862959
110095,0.13151229331106387
110109,-0.01777408418923406
110115,-0.20833093600826227
110119,-0.2153130676482677
110135,0.7405960905569474
110147,-0.01481460559894495
110157,-0.15224256620473484
110168,-0.15722292508566357
110172,0.12026254486231223
110173,0.07355438989031833
110175,-0.1609449209706426
110196,0.03958989350567483
110197,0.32264428224541447
110198,0.03674566875196231
110208,-0.05479319880037367
110213,0.08245539909377579
110253,0.01991822192536266
110265,-0.04163778304400564
110279,0.20378352536275757
110304,0.00636122491211967
110308,-0.1492862580302985
110310,-0.2797381428575012
110312,-0.3878210288468508
110323,-0.16692061501349417
110326,0.7518601185869254
110350,-0.4846174138645193
110351,0.01638229251694793
110355,-0.06235753541490913
110379,-0.07708923584633681
110380,0.12896388477736767
110382,0.34213438667819107
110385,-0.09176336970308308
110391,-0.09629149614656311
110417,-0.24411504197733175
110446,-0.1694862425283104
110521,0.29847300777491903
110524,-0.24483025875468992
110532,0.3382926280222314
110542,-0.15412008751329848
110593,0.09517168397553678
110595,-0.43726891076472896
110596,-0.1392772833226288
110606,-0.16583089569383658
110611,0.18764370725374185
110616,0.36823636537507054
110637,-0.05120410782730618
110639,-0.4224329411416304
110648,-0.37829976544558885
110651,0.08479758588904139
110695,-0.18613651835317435
110749,-0.00111780585857102
110750,-0.10256634866674812
110751,-0.2845191023120681
110784,-1.024080039224769
110789,-0.19079468471679817
110794,-0.21471079296355433
110796,-0.10697818970553208
110805,0.0478249636814991
110809,0.06207091729109659
110816,-0.03661453893335519
110821,-0.25943698098434925
110826,-0.05120960498341016
110829,0.1452075840353983
110834,0.1948447697100503
110835,0.00359390987613646
110842,0.01894067275027326
110854,-0.03203280086782871
110855,0.30112653772153497
110862,0.2678944332416532
110876,0.00915180040619958
110877,-0.27434263894785604
110880,0.14556027416845396
110886,0.25842446601996183
110891,-0.5463482689542118
110893,0.08331491018265354
110895,0.4988802798600277
110902,-0.12211854844347377
110911,0.215202318898043
110920,-0.12196586665011114
110935,0.22019313340920207
110948,0.4626178358666015
110957,-0.1195644315952063
110958,0.03653461822607637
110960,-0.12943484807114722
110962,-0.00540608548465194
111173,0.08217483598586925
111174,-0.31174729560705916
111175,-0.06306195970494995
111241,-0.06215022894649447
112403,-0.15935427175303435
112406,-0.078438411455003
112407,-0.5359872080127791
112418,-0.1216783877553749
113868,-0.03486222809491025
114128,0.07491494134126421
114141,-0.3664645625307287
114142,0.3045286479989986
114143,0.00310323615172168
114229,0.01156793506873037
114230,-0.21471523119533636
114249,-0.2565347345355707
114255,-0.6807993935714933
114301,0.3571827467321361
114304,-0.04818762139332175
114332,0.6388175139753601
114565,-0.03506285596677733
114566,0.12229897043520872
114570,-0.05155960595550524
114584,-0.00776757013737171
114585,0.16938075281989265
114601,-0.01783771419921662
114602,0.41347281493135135
114604,0.4711388817291591
114606,-0.01694380486495435
114615,-0.00320342105363734
114640,-0.01941409692536128
114641,-0.27743871864508063
114642,-0.10531528831680374
114644,0.46089099292371394
114652,-0.19736669992488148
114654,0.14204988065565685
114663,-0.07821807154322336
114664,-0.12353432126221142
114674,-0.1258826510153489
114712,0.10474509235181256
114713,-0.25887110763195836
114714,-0.10715885540742118
114715,0.01853619570538509
114716,0.2863126890266323
114741,0.2140787685551394
114774,-0.29585181553580114
114863,-0.21414245550314448
114873,-0.1545086714644468
114874,-0.2859503136439771
114875,0.16315720963233402
114886,-1.022491487972342
114889,-0.01451320705780219
114893,0.15596778606985778
116701,0.28195846779142275
116731,-0.05522976034646314
116732,0.10698458446614514
116748,-0.07710135209011246
116810,1.2484969565940345
116838,-0.0196777997033921
116847,0.5517494672005968
116848,0.15217354797819516
116870,-0.12875558242139967
116871,0.1040471773181476
116872,-0.15984788517122422
116873,-0.02300309163406343
116891,-0.11677979397573188
116904,0.8526779237855805
116905,-0.20574383247417216
116914,-0.7606390801074857
116939,-0.11784652222902056
116940,-0.06786867715561291
116972,0.31073391567794695
117004,0.03888515023357022
117109,-0.05931953097962829
117146,0.1964351059307768
117147,0.26383044211025986
117148,0.16804833009749742
117149,0.17285148901429098
117150,-0.04806431942883987
117158,-0.1408777501542158
117160,0.14070074688614703
117167,0.16370279188553627
117171,-0.11719352495118208
117197,-0.10143571761795755
117198,-0.05156426423647059
117229,-0.1019182319540858
117586,0.09361435176096772
117589,0.15136145077973373
117591,-0.2869278640365147
117599,-0.08274582963103937
117600,-0.0741595680966847
117606,-0.04895387828724046
118445,0.10836996639161936
118446,0.11071741853570628
118449,0.14859045436788604
118451,0.05437107397844505
118453,0.6490180868871258
118454,-0.12344772111831584
121021,-0.5562190945996217
121022,-0.14579053142966517
140474,0.9615541251459664
140475,0.32090051549686616
140476,0.35185415006773463
140477,1.0729319966168398
140481,-0.0289075199918025
140482,-0.17293981418710838
140483,-0.29678672737384476
140484,-0.04213372819636332
140486,-0.24801084029022236
140488,-0.5515895840855258
140489,0.18803137754665855
140491,0.3653709259990825
140492,0.09344522932692537
140493,0.28326502022281763
140494,0.11271877161107131
140498,-0.12416187534103848
140499,-0.10464033162863962
140500,0.2509309116797325
140546,-0.10834734427158442
140557,-1.068422566121564
140559,-0.06363182856894287
140570,0.03274636536333396
140571,0.24813178895366209
140577,0.21572640907785423
140579,-0.16806058233290802
140580,0.3466426005677024
140629,-0.1787835019012361
140630,0.2005782364059548
140703,-0.1223515297337112
140709,-0.507939005202612
140721,-0.1938154265245981
140723,0.2783260927802155
140740,-0.06235191182804305
140741,0.37857794472058465
140742,0.04244673310800792
140765,-0.07496403121219539
140780,0.3702949488751276
140781,-0.13785591630400218
140792,-0.4546585589412892
140795,-0.44505830460451307
140806,0.03896798714705035
140810,-0.17171384490991376
140858,-0.16346706035140715
140859,-0.08837823734706768
140887,0.00201391958617286
140904,0.06531313585402505
140917,-0.5420832633722716
140919,0.17054608939142302
142681,-0.661886446416364
142682,0.547255231613319
142687,-0.3083602324529835
142688,-0.3620507277605167
142980,0.4642604430198518
170439,0.08781766992520171
170441,-0.0768013578172935
170442,0.7210323051594622
170458,0.48269729731906486
170459,0.12434074912531266
170460,-0.1703185488843627
170461,0.4111262546089296
170472,0.28899259617057116
170483,-0.1130208343179872
170484,0.6217443885055466
170571,0.6797293737836811
170574,0.06858846797095369
170625,-0.05865233038381164
170638,-0.22873541644320583
170639,0.26452550894075666
170643,0.05503742885874882
170644,0.05502108747812823
170654,0.1754654100580742
170676,0.39318017385006215
170677,-0.02621270529007019
170706,-0.02628843159832368
170707,-0.15230541592668867
170711,0.023052409034244
170716,-0.11856656878563245
170718,-0.12177023291859088
170719,-0.17127180759051472
170720,0.1093282414763652
170721,-0.36727286588270946
170725,0.16306082734898764
170728,0.33442955123825313
170729,0.12860483275411014
170731,-0.00953770181869934
170734,0.2510561685465125
170735,0.7124540679354476
170736,0.46476355552350457
170737,-0.06764485898046002
170738,-0.12366101162508251
170740,-0.11741995885276596
170742,-0.17127150488054876
170743,-0.13290171056410663
170744,1.0096026620490246
170745,0.7709467583688732
170748,-0.406871161937705
170749,0.00389448675057168
170750,0.078023622790666
170752,-0.2921178701931675
170753,0.5107602304247871
170756,-0.5613818129270028
170758,-0.02592466680451488
170759,-0.03371491436822819
170760,-0.01106201094346437
170761,6.000046885452559e-4
170762,-0.24476427810144
170765,-0.34580014908255136
170767,-0.26584544102522806
170768,0.07602818802760797
170771,0.5490617774115243
170772,0.03442626634549072
170779,-0.07834001230653811
170780,-0.2612139358938212
170787,-0.05460840530518462
170788,0.44030047440927056
170789,-0.14712002963599366
170790,-0.41412748395411536
170791,-0.10158471060267649
170799,-0.5127613619562001
170813,-0.3110933915758093
170822,-0.15393868268318403
170823,-0.26543686779765574
170826,-0.6220365585233838
170828,0.1566761536537997
170829,0.2169641067396725
170833,-0.04686883866942394
170835,-0.19518654915513173
170935,-0.30857948265299395
170947,0.20270282005108883
170952,-0.2568775352252827
171095,-0.3592274464007948
171166,-0.5186590350395435
171167,-0.08760484058448109
171168,-0.2279044285440091
171170,-0.09635680010028388
171171,0.30569742668548344
171180,0.39176749215569007
171207,0.0090357843606624
171209,0.06452951852348762
171210,-0.03695247078897079
171211,-0.08537287034046862
171212,-0.06373322860111226
171234,0.8041545325848425
171281,0.2346329859198999
171282,-1.4294127026724823
171283,0.2533144103897178
171285,-0.03718952796659131
171286,-0.354799375962933
171382,-0.01467147207143346
171388,0.3975278422743268
171395,0.930635187985712
171463,-0.12379255559200818
171469,0.22498306272234092
171486,0.0869099993891217
171504,0.20349082649802483
171506,0.3252777374901385
171508,-0.15070685708815207
171530,0.4595503253494103
171531,0.608283743013748
171543,-0.00955641731068496
171567,-0.12678784057482329
171580,0.05521471570673799
191578,-0.24631843049468108
192113,-0.6592705707458595
192119,0.05710510068281638
192120,-0.11968387781562503
192136,-0.1541288090560047
192140,0.4307555751719573
192156,0.15010643275371227
192157,0.12679887785796107
192159,0.00519963068853887
192160,-0.01509967356615368
192161,0.25157838568876756
192164,0.3278360317509756
192166,-0.3559130622467209
192167,-0.2901025841468576
192169,-0.1204970897176418
192170,-0.1668739924022378
192173,-0.05994887663150635
192174,-0.3561754289776343
192176,0.1378684823617498
192185,-0.08031074876273246
192187,0.06614688332587829
192188,-0.06357728116443533
192190,-0.13496514222578662
192192,0.04040333886861236
192195,-0.15251312826384225
192197,0.27751707205252424
192198,-0.04870629146695116
192199,-0.10944740643147974
192212,-0.115244708290577
192231,0.02773405453505934
192232,0.09500819548069853
192236,0.04530053326047264
192285,-0.03092182739469296
192287,0.0846060278502857
192292,-0.1131645734037641
192650,0.29182846713798194
192651,-0.07865601168283025
192652,0.01309454783156623
192653,0.4034509857645291
192654,0.1183166615097219
192656,0.11765339413789833
192657,0.2814620709198559
192662,0.08877944852134903
192663,0.03564602732784762
192734,-0.1970669331376736
192775,-0.4334847020192275
192786,0.01995717227532258
192897,0.4676020742412419
192950,-0.06862896196122359
192970,0.13581825358345662
192976,-0.16448399343181624
192986,-0.07124277201197747
193003,-0.17195527509728986
193034,-0.329618662758423
193043,-0.3149025624210205
193116,-0.02486427587343316
193385,0.07825687664060389
193452,0.2487533098758049
193670,-0.08978724963487
193736,-0.00451704699501616
193742,-0.37636175922570986
193796,0.0408746025782916
193813,-0.15149105890006004
194126,-0.00983846946458695
194219,0.95493399186921
194231,0.936504749053118
194237,0.09371571987078368
194309,0.0015610101154143
194352,0.22393668294576208
194388,-0.00520686948248022
194401,0.3818370761327141
194590,-0.4269197757379431
194597,0.13297237851527224
194655,0.1599624939167041
194744,0.04475711501403739
194908,0.09337330711788312
194952,-0.4085628761955905
194974,-0.17957097348961792
195018,-0.18398498795066492
195040,-0.395226873941787
195208,0.1956825931310049
195209,-0.969239353143158
195236,0.2300578528984528
195333,-0.09684558689360252
195359,-0.24285840435598444
195522,0.04514563785696648
195646,-0.7859896773056755
195727,-0.2605341707514756
195733,0.3806424555498463
207151,-0.08056227660239568
207165,0.08193534632511085
207181,0.2604221921246323
207182,0.3603548275215115
207209,0.5616405093327979
207212,0.02573074307592477
207214,-0.07706712432768031
207215,0.03895167673447322
207227,0.0445698489096029
207259,0.32812250698976786
207278,0.09221704876865684
207304,0.00622237576666315
207352,0.11820645534477342
207375,0.38696888928195494
207393,0.3378206959192956
207425,0.33889091673758726
207495,-0.20277787530483865
207521,0.030881692957167
207565,0.03290122482476755
207592,0.04678057965153166
207596,-0.46686303293419634
207607,0.3631449796730288
207615,-0.2998389585496635
207683,0.6610874108736364
207686,0.08845415380074126
207704,-0.01380370567432269
207728,0.02603567998784175
207742,-0.27519146313211856
207777,0.7935784994655503
207781,-0.1564114959719176
207785,-0.33931888392471443
207792,-0.5242775349443998
207806,-0.03250977979132841
207818,-0.00711479073955537
207839,-0.11489154715953112
207854,-0.8072569179789648
207911,-0.05464668265597749
207920,0.36088922381706473
207921,-0.24233334131992865
207932,0.17464478739422712
207952,-0.10019925575995738
207958,-0.15924066735860035
207965,-0.17392380165108323
208076,-0.5887262638616639
208080,0.29362474006450934
208084,0.05904245501372253
208092,-0.3312838672592219
208098,0.01485263250059878
208104,0.01524555759182463
208117,-0.3844151187615328
208144,-0.11966680463908971
208146,0.01653807984991797
208151,0.3910371701087538
208154,-0.19352378392486252
208158,-0.01771969850973472
208164,0.5948419016205003
208169,0.2227051080992002
208171,0.36115999440688373
208177,-0.2908624359766452
208188,-0.4312652982094675
208194,-0.3587637546424227
208198,-0.00948413895835153
208211,-0.3218025387439668
208213,-0.42193236351489893
208228,0.00960292661687345
208258,0.4162737334492223
208266,-0.04152872595755708
208366,-0.3861934044218696
208372,0.39413206665619954
208426,0.5348993227837352
208431,-0.04170477103871083
208439,0.1917078853507886
208440,-0.17573072976609194
208449,0.1622217582907603
208501,-0.8645981312786502
208518,-0.30240494442104277
208583,-0.8043164389037064
208606,-0.01336386528495152
208613,0.2670087343023501
208618,0.11443285503140052
208624,0.05806074193121712
208628,-0.1625479564304253
208634,0.4558975474677046
208638,-0.1064545857206836
208643,0.2639758202674788
208647,-0.2008261136598557
208650,0.01640660083865203
208659,0.24384324981901212
208665,0.2069646108343631
208666,0.1741940038779466
208677,-0.2865691580553773
208691,-0.06441026668745517
208715,-0.03462637644748138
208718,-0.02104543403562506
208727,0.35473432563304114
208748,0.2674112520469139
208768,-0.3553945994198629
208777,-0.0796109879828823
208795,0.07390728939062018
208820,0.19918330144004637
208836,-0.14185450676168593
208846,0.6601132313306769
208869,-0.1811874740466191
208884,0.00394761662938729
208890,0.15705011966817617
208898,-0.5547677112952359
208908,-0.05883866411992414
208922,0.4522029828287154
208936,-0.02772025131493341
208943,0.16667754749466474
208967,-0.22963409054470735
208982,0.2607581188410888
208990,-0.11541557141553944
208994,0.6362347994376125
209003,-0.02920604672839655
209011,-0.05517730446902904
209012,-0.0567466209298868
209018,0.02239903274823774
209027,-0.39467148497874105
209032,0.4366932876803645
209039,0.1152384180257137
209047,0.07705479014005885
209086,-0.2187311754379199
209131,0.12489813901415668
209176,-0.6055995265646379
209195,-0.03161569267541948
209200,0.2590923710654782
209212,-0.20580261682952325
209224,-0.07194754346824488
209225,0.12548810571971536
209232,0.00114092880669121
209239,0.666099691456195
209268,0.5351665324626836
209318,-0.1644749967260578
209334,0.2874857762503463
209354,-0.2159248006556999
209357,-0.18162427478481327
209361,-0.1562910451437146
209378,-0.19249924612606356
209416,-0.0911532338457966
209446,0.0412842329940757
209448,0.092721795264349
209456,-0.6227666615347931
209462,0.08949854694949332
209478,0.07888444126325579
209488,-0.17545373800160077
209497,-0.00669059567502078
209512,-0.4336659310617426
209540,-0.44476881097021975
209550,-0.3664755748331032
209558,0.03411992856633399
209584,-0.30414287714467075
209586,0.06341246652660508
209588,0.02476344264876282
209590,0.07416560915641561
209601,0.23198523614107855
209630,0.03675733451055898
209645,0.1701080092252682
209692,0.2966379678216907
209707,-0.8315842411591905
209737,0.4931653256193994
209743,0.03572789588734207
209760,0.31313346034937606
209776,0.01266647692459213
209815,-0.1240121355645373
209837,0.12626669585079509
210004,0.04425512958471019
210009,-0.19149861165970455
210027,0.07494248643739933
210029,0.00399748794526262
210035,-0.0155986973478678
210044,0.16512301097965368
210094,-0.08577230229430122
210106,-0.23741956613656567
210108,-0.02582895126479335
210126,0.2540763617977394
210135,-0.02955367389292009
210145,-0.00645686611137872
210146,0.00216328478818052
210148,0.04329497412572178
210162,0.14031215650420836
210172,0.30240727324516314
210198,0.4038505761303065
210274,-0.16449169659259888
210293,0.20134592297780307
210297,-0.41767978242742426
210356,-0.37959931152439497
210376,-0.08862087066965846
210417,0.5371045513935004
210503,-0.5395502801071489
210510,0.3576398678317151
210529,-0.25529172019509777
210530,0.35666591537392234
210544,-0.15991311433168948
210554,0.4528072170668755
210573,0.4772163326663474
210582,-0.08873661106358041
210622,0.07783084629761584
210673,0.28781246650936515
210711,0.0496271370042997
210719,0.14117451684290297
210741,-0.05163932244252568
210757,-0.09573718291050629
210762,-9.698868320456856e-4
210766,0.04944851072709539
210789,-0.07583721677348636
210801,0.11468423059050234
210808,-0.48388952806128904
210925,0.04472556377755501
210933,-0.2015129162826783
210973,-0.02821985460023455
210982,0.01718119793113218
210992,-0.00469716910990031
210998,-0.1197680975908087
211006,-0.3210980043607402
211007,-0.09574703963815331
211064,-0.1616727592276246
211134,0.01210011604471944
211147,0.6036649369136885
211151,-0.16583089569383658
211187,-0.23501830425929565
211228,0.26949278973827034
211232,0.1107319535426266
211255,-0.20479060878452876
211286,-0.0910100858806556
211329,0.38155780032538855
211347,0.09789992954315715
211383,0.814031592059637
211389,-0.27148247356758204
211401,0.07924343276009492
211446,0.257179143559198
211468,0.5447152000466836
211480,-0.5669079602211249
211482,0.0635765231747432
211484,0.22500576457024685
211488,-0.26424854990680235
211499,0.02382025754274894
211535,-0.05308987499366615
211550,-0.0389246195837528
211556,0.4186742671189787
211577,0.28517849148440766
211578,0.6397307667048604
211586,0.06523948920109993
211612,0.5235804227683002
211651,0.3611035383293605
211652,0.16096035404249337
211660,-0.5130273836754928
211666,-0.1683902664626254
211673,0.13801635292062306
211712,-0.4172694292623559
211739,0.28595333663698763
211770,-0.1285857902703974
211798,0.06685212907438068
211896,-0.0048102907243798
211914,0.656667564960081
211922,0.06013604393408333
211936,0.09334194138930749
211945,0.08401497554893407
211948,0.08011166450292981
211949,0.05101037422269542
211961,0.09613655395405074
211978,-0.10617060644165174
211986,-0.16977371055728405
212032,0.15432876039510612
212070,0.31036347743030746
212073,0.7467084453429735
212090,-0.09940527290588876
212108,-0.081891713184047
212111,0.31447050034066076
212114,-0.13469326907452694
212123,-0.17242523297699994
212127,0.07948426584582406
212139,0.09630432326952476
212153,-0.33179536143994337
212163,0.04997068360339801
212167,-0.03604725662027347
212168,0.04627035921783691
212190,-0.20089957260901556
212198,-0.6355637751272608
212285,0.1843898152177172
212307,0.2648675261692512
212326,-0.02872489458193758
212377,-0.03719183339342381
212390,0.4680530092831052
212391,0.1785997289691899
212392,-0.4564863390977649
212398,-0.0858204191264131
212439,0.34542231701130016
212442,-0.2948386535770605
212503,-0.22532064473603153
212508,-0.2121098904388609
212514,-0.23820610314187
212516,0.0711371116647991
212517,-0.3043044881077229
212518,0.5575785612504376
212528,-0.1258116561854207
212531,0.13336215324683284
212541,0.13307663147381554
212547,0.4702020607135331
212632,0.2966593424698224
212670,0.00508695143675472
212679,-0.1390738633980826
212706,-0.03890238260284398
212712,-0.06482378826646837
212733,0.2437482431077665
212772,-0.15456291973683847
212862,-0.4066070696437408
212880,-0.0867714242723517
212892,-0.10575020246896018
212898,0.01415401158262339
212919,0.5152034452998485
212933,0.6174323493619014
212937,0.26005470072218834
212943,0.09581179247823832
212974,0.06468981214542839
212980,-0.1355444378293426
212986,-0.02079128315285187
212989,0.16616548777607332
212996,0.15879145770183828
212998,-1.2178002932515335
212999,0.3459160649419501
213006,0.01882124321164507
213011,-0.5901649715583512
213012,-0.13472190208292184
213019,-0.16351513901969714
213053,-0.2782669280868869
213054,-0.04398725266125495
213056,0.15573112865377145
213068,-0.32449662029849813
213081,-0.18161726077092816
213084,0.27710280724418673
213109,0.11589764785017592
213119,-0.2723839631127947
213121,0.14403935614660826
213171,-0.5787861941534161
213208,-0.3702917365193381
213211,-0.10125724151352183
213233,-0.17790242794453226
213234,0.8804783488949175
213236,-0.14073612685561748
213248,-0.08767851696164031
213262,0.7604143022690795
213272,0.3077946170059927
213311,0.5379109610195418
213326,-0.09105071834379644
213350,-0.0174366794557244
213389,-0.08873975847582528
213391,0.13188884421767594
213393,-0.12658553633068717
213402,0.15596361368856335
213417,-0.5503215278344893
213435,0.7413022306729218
213436,-0.517309186315804
213439,-0.4189439979096401
213449,0.05395383397909845
213452,0.0583239104294804
213464,-0.13310218243534555
213469,0.6597907610935676
213491,-0.3733113649044637
213498,0.10994131901764442
213499,-0.08364101516130296
213522,0.3215731659751684
213527,0.2175835438971735
213539,-0.1481685375263037
213541,-0.00757479048392037
213550,-0.1562837655689635
213575,-0.13409982314060268
213582,-0.02328592833569385
213603,-0.5049389881144146
213649,0.08210265719002872
213673,-0.1423511856765492
213696,-0.4630976387207797
213753,-0.19923920577496185
213760,0.22226438425527967
213765,-0.18475328589068216
213773,-0.3908217254692111
213783,0.3210794691412793
213788,0.09426082320367808
213819,-0.05074986522247814
213827,-0.13555924776743905
213945,0.5174771696567918
213948,0.2117355731139408
213956,0.26673197985000674
213980,-0.1993062672150807
213988,0.4585547185082449
213989,-0.387299306851242
213990,-0.02745475777493183
213993,-0.01131738118993387
214058,0.3940414333985182
214063,-0.04820644688082368
214084,0.2973569210326557
214105,0.30100895405952666
214106,0.6376910602113353
214111,0.13915313309344335
214112,-0.8115473157371498
214133,-0.1856357808828996
214137,0.19558509302404295
214150,0.3636107127832862
214158,-0.22404604089777377
214162,0.03827216198394642
214189,0.1799347781486327
214191,0.48372130513990064
214230,-0.15136477440750312
214239,-0.2450225682571819
214240,0.1338720031235301
214253,-0.1821706652277773
214254,-0.22417414770449545
214290,0.04638544883515784
214301,0.4874257332444087
214305,-0.28833850465217087
214345,-0.3607917472416743
214359,-0.16583100127244071
214384,-0.1947044097847645
214424,0.12663407388030928
214425,-0.15410241386549492
214444,0.11113986957661597
214459,-0.37779947102848
214469,-0.04556313432335922
214489,-0.30287179838686357
214498,0.00763644493277881
214505,-0.08178124210184054
214523,0.7383148372387703
214531,0.00788438112969383
214547,-0.2238922427578578
214552,0.1459688939035777
214568,-0.06694021393238542
214572,0.01699972280930563
214575,0.28442915434100935
214579,0.4242779676855129
214580,-0.06640988313296549
214593,0.1527059991966396
214597,1.5903906280555495e-4
214601,-0.16060053213795347
214627,0.09160609142172955
214642,-0.33840920169796607
214663,-0.26932885040369875
214669,-0.16540982650887315
214685,0.14429009875916618
214704,-0.08231445085489378
214742,-0.03495934922945368
214763,-0.08395960427365297
214764,-0.2741581149624583
214766,0.4234238078123927
214779,-0.18828163311181295
214791,-0.19027963373954548
214804,-0.05607783031535237
214812,-0.2686330509188225
214855,-0.04659686929198537
214895,0.02430571798849853
214897,-0.16097106183032855
214899,0.15790825708224215
214901,-0.04259308823630017
214917,-0.04469341029006633
214922,0.2410137174034847
214931,0.16748125399243924
214932,-0.4689611584038622
214944,0.24517419805649335
214951,0.09202829432265162
214952,-0.02190016691435382
214968,-0.00888613973715708
214987,-0.2617413546057383
215001,0.01309961253900678
215008,0.21007010934238848
215015,-0.00998211357915586
215031,0.12881902036123433
215051,0.06726657615668677
215061,0.7312197532814497
215085,0.1601858092875428
215090,-0.3837568707937845
215095,0.3303282801523907
215113,-0.10333110940264804
215114,0.14930549167660176
215160,-0.2555075529977747
215193,-0.05071893022690678
215194,0.03804773065023818
215201,-0.26390068435764263
215210,0.06572500662282216
215243,-0.07733568635652223
215257,0.07050142230553413
215274,0.1042248463666424
215280,0.00925121746279856
215303,-0.26754640966533794
215332,0.1615938655523858
215335,0.0754852045095564
215351,-0.4422832108094707
215378,-0.23819502969719752
215384,0.120165852964758
215387,0.07172869554605692
215418,-0.13181876867595116
215436,0.02553455794760883
215445,0.1373744910301225
215446,0.2542549897801752
215449,-0.02450669866875158
215456,-0.486265269962416
215474,0.30373542496238815
215476,0.19359293451539153
215494,-0.3507107368959921
215512,0.18259829511718295
215627,-0.22553206811106136
215632,0.04498742729895522
215641,0.708319337800253
215653,0.03364424855142087
215654,-0.15023304265763548
215690,0.6113809702054631
215693,-0.3079982490637453
215705,-0.119008174322937
215707,0.1727746746187533
215708,-0.37430964725032434
215723,0.531466097124923
215748,-0.0223303193278725
215751,-0.3293207784091704
215772,0.23289836394743
215789,0.3798279991450806
215798,-0.9397897769433798
215814,-0.1638880252566687
215819,0.1481671346252306
215821,-0.1960044706491235
215854,-0.7556938227837642
215855,-0.08684230009521676
215890,-0.3493793920253371
215900,-0.20703887277940977
215929,0.1703252792244586
215951,-0.15318276714332033
215999,-0.10879647107276304
216001,-0.00217152707073994
216011,0.05158710748043271
216019,-0.18791266643570484
216021,0.4936495303987427
216028,-0.04534519244665327
216033,0.641676540034738
216049,-0.29115652256175345
216080,0.699085152074786
216119,-0.38824791848903345
216131,-0.19063003519822252
216134,0.05275429091739547
216136,-0.22845810374458692
216148,-0.09746261498124062
216150,-0.11542638227642532
216151,-0.06765738692464039
216154,-0.04137618219261379
216156,-0.1272127072038361
216157,-0.21939786760441785
216161,0.04649554470718805
216169,-0.24322183264444308
216188,0.3163882251194628
216197,-0.6901082255288793
216198,-0.02622890132856735
216227,-0.1124443696104386
216233,0.29938798910714215
216238,0.00798622865688523
216274,0.10395690022601288
216285,0.23311535000164657
216292,-0.0738767889249251
216343,0.3675823620927243
216344,0.08170129615679998
216345,-0.08379711456759482
216350,0.20541409557979856
216363,-0.10874841838711674
216393,0.2895287290512532
216395,-0.14878433782308514
216438,-0.01365693885413698
216439,-0.02912304817121986
216440,0.04056600523459976
216443,0.13290108821518026
216445,-0.06412846319998809
216456,0.2880596518163032
216459,-0.3738229265689224
216505,-0.05249932048515725
216516,0.06570587543236336
216527,-0.05158579558881502
216543,-0.14346359829391458
216549,-0.05402534638850903
216551,0.2496014031982946
216558,0.00529965884886058
216560,-0.1310625431000982
216565,0.10054850954944897
216578,-0.35462231863728444
216613,-0.15477609377004353
216618,-0.1441444611840721
216643,-0.2976991482851129
216705,-0.01279992196873784
216724,0.0259353773361478
216725,-0.7611037353248125
216739,-0.05826640821754057
216742,-0.1153651188473489
216749,-0.1879774517828908
216760,-0.1483839901719384
216766,-0.0746803743742519
216767,-0.2376082230685753
216781,0.3182073686088595
216792,0.10861845746108369
216795,-0.8012559181676522
216797,0.00419763760875928
216799,0.16665316113516632
216805,-0.22789640377157375
216810,0.3009345151854705
216820,-0.35153448402004556
216821,-0.10622877123849712
216825,-0.09551566858303062
216831,-0.3799220786923402
216835,-0.6469556894319997
216846,0.00494776536139009
216848,-0.03063616502948223
216850,0.1562839819947731
216853,-0.04924182018848948
216856,-0.6331932488617266
216858,-0.00386321881007649
216859,-0.00386321881007649
216860,0.1051383827253378
216867,0.2449154965013235
216869,0.04282103852144588
216871,-0.0833567121249314
216873,-0.06393509032002112
216874,-0.00455638572017262
216877,-0.03584946598643158
216881,-0.1381423009771472
216892,-0.21663880485585144
216961,1.0303235713087986
216963,-0.08716527099595947
216964,-0.13933868053973145
216965,0.01288066953250461
216971,-0.13955304606825925
216974,0.1657868182945199
216987,-0.06118530531868409
216991,-0.38605154576071093
217011,-0.05843189401737036
217012,0.1663235132168626
217026,-0.14341605226003873
217031,-0.45196637654122834
217038,-0.20331542351346
217039,-0.07245582617927843
217057,-0.22434611872899812
217069,0.0481775398478696
217082,-0.03872058546207345
217109,-0.07521176409663231
217116,0.12108500348569616
217119,-0.17711205373137873
217124,0.13567178233367788
217125,0.20411103400711475
217127,0.02839185921624322
217138,-0.1537569318950205
217140,-0.16380927988967034
217143,0.1938312484858064
217149,0.1536412760447433
217151,-0.17974090010674837
217154,0.1241139220121446
217166,-0.5160878113777971
217169,0.16399908415331954
217194,-0.03649440994225093
217198,-0.2838502923766639
217201,-0.42480335388779145
217203,0.09817919776191648
217207,0.2814280635018102
217212,-0.15628817665730332
217214,0.04443832854468016
217216,0.32401694201629094
217217,0.00148826735163164
217218,-0.22410328867432228
217219,0.2988518610040478
217232,0.28097740854338427
217262,-0.2799782271509895
217265,0.18591165671454793
217302,-0.661774518059461
217303,-0.12726494105200453
217304,-0.093326015326891
217306,-0.17290210136240078
217310,-0.07821546830321743
217316,-0.4066730888390425
217325,-0.19586081353609347
217331,-0.14898344072959863
217333,-0.5124251248105485
217335,0.08054752713824793
217337,-0.05444911766858514
217340,0.09262574243677356
217342,0.18133305737377825
217344,0.13903218766196493
217351,0.11053630046667726
217353,0.2066684561821454
217356,0.15999011866799967
217364,-0.06538869452348973
217365,0.02435558370083153
217366,-0.15394310443586698
217369,-0.1131633572749059
217370,-0.2083847530827827
217371,0.03964135594721007
217378,0.01375125397807283
217379,0.202685827378147
217410,-0.19257079197654392
217430,-0.07982685507387739
217431,0.06848782261096338
217449,-0.0566882761666066
217463,0.09187696485244529
217473,0.2826305595072888
217480,-0.06822250580584742
217517,-0.4667495701778135
217558,-0.01501003277063367
217578,-0.02867022484259791
217588,-0.7675859249866341
217593,0.05762829427424074
217648,-0.7855250286824669
217653,0.10415158307974866
217664,-0.2105500232284004
217666,0.2358957919694887
217682,-0.099640350424985355
217684,-0.03888797997054211
217692,0.01046239559272453
217695,0.11378367137807824
217705,-0.329971403786636
217707,-0.49090371357220774
217708,0.1351431517260223
217715,-0.00441710771087441
217716,-0.5223982066907893
217718,0.06125103256069748
217721,0.2248147776084
217732,-0.2976034547996327
217733,0.13569293261312426
217734,0.5805355298402279
217737,0.0071195166932399
217738,-0.807722362941534
217779,-0.15590054489990934
217826,-0.11702944492730448
217827,-0.21683412520346723
217830,0.0484933235211413
217835,-0.3778570177405419
217837,-0.0274288634443419
217843,-0.04367640611024206
217847,0.09236190609820964
217864,0.13434145388069954
217866,-0.03326335197447425
217869,0.14929895845730534
217882,-4.5619985769112387e-4
217887,0.09530412854445452
217893,0.37082517046495794
217935,-0.2778035299935891
217944,-0.26704245365748314
217946,-0.35799707865903774
217951,-0.30157629811114317
217980,0.1447442252644157
218030,0.14470198517187977
218035,0.05368053166853778
218038,0.16479210073209766
218066,-0.03296890674689129
218100,-0.07056922655167738
218103,-0.07126927966295951
218121,-0.2251580434262062
218138,-0.34350206133258004
218165,-0.2315949192577153
218194,0.44273465375866233
218203,-0.09151089759750589
218210,-0.1427386265676083
218215,0.199296135529802
218232,0.01047133441641542
218236,0.00754540994086214
218268,0.6151494675310089
218271,-0.1683179141178081
218294,0.04926311741225713
218314,-0.32296935611143723
218333,-0.1544527426198886
218335,-0.1396201356405049
218341,-0.3142687111924808
218343,-0.07999432725831801
218397,-0.9892573795441412
218440,0.5018313066336723
218441,-0.4285439846294136
218442,-0.2176394738982965
218454,-0.2730875606048411
218460,0.00101781102587782
218461,-0.11001972868201527
218476,0.4372946272535475
218490,-0.04426909481502177
218503,0.205941287948047
218506,-0.0881858091801672
218518,0.2350046178834982
218543,0.06670232712959126
218544,0.12409408474802158
218581,-0.2126641387115729
218613,-0.11853847584889772
218624,-0.155975534491073
218629,-0.3071096579571244
218630,0.00318549283094493
218639,0.08852762444289307
218699,0.2313100809237894
218734,-0.14402499659028836
218739,-0.33710073349255215
218756,0.05292312824025123
218763,-0.29555229207595796
218772,-0.4519152820010797
218793,-0.421670144257801
218811,0.01860589541620496
218820,-0.05489217408138866
218832,0.06767025954008463
218850,0.13447664610587018
218865,-0.25219975471696415
218877,-0.24214830969476503
218885,-0.2148797898308703
218914,0.20772708012790023
218952,-0.00467139820267518
218973,0.2899527099166226
218975,-0.3281324756243547
218977,0.6480339492507092
218989,-0.06499752301595993
219022,-0.17307408169274086
219024,-0.4812118801261862
219026,-0.2816813987535861
219038,-0.07527677633624677
219072,-0.1421698459772957
219094,-0.00693509419399134
219103,-0.4872195744533723
219105,0.03286461533207532
219114,-0.4617659295144433
219132,-0.04692925972288912
219134,-0.07651342313266395
219135,-0.10098603576418502
219140,-0.1219811770348841
219144,-0.29487196131147464
219148,-0.4183996891658134
219149,0.06360078589594105
219150,-0.1170517619744139
219158,-0.10162137991661804
219170,0.95915825660972
219181,0.0151736770943263
219189,0.38306244710167503
219228,0.4267212794063796
219249,-0.2443787937185005
219257,-0.6890616563105416
223227,0.638324289463017
223254,-0.8407336075596952
223255,-0.03423084560151906
223267,-0.16043001497145482
223272,-0.5027957529763635
223332,0.6112151359136639
223433,-0.4861213430784881
223435,0.5066340485839445
223455,0.16638073439444823
223473,-0.14098969419016033
223499,-0.05555722437052549
223513,-1.2614889587949358
223527,-0.1658264795443479
223593,-0.0864054809857906
223601,0.11965026783331852
223604,0.4908930430378019
223626,-0.3665012852527567
223646,0.01679041954752296
223648,-0.2030339479430234
223658,-0.3248150937304296
223664,-0.3728820570995367
223665,-0.00254153232724214
223666,-0.00254153232724214
223669,-0.14105938244362373
223691,0.00557245573161686
223693,-0.04505972532169609
223696,-0.13490253476141936
223697,0.07681126628264592
223701,0.03147543237012994
223722,-0.06056383598479413
223723,-0.01747550934408662
223726,0.1009235233192206
223732,0.33180196531655715
223739,0.39332326995601097
223752,-0.00263779301001755
223753,0.0566734003382418
223754,-0.02002992744889734
223770,-0.0936452436442172
223774,-0.327716556359609
223775,-0.00780892228689083
223780,-0.12507543981670455
223825,0.3359591583949128
223827,-0.05951945247098425
223828,-0.09887231434136431
223838,1.2842390698604866
223843,-0.06586296019777915
223864,-0.3860367286225332
223881,0.0828093964217547
223915,0.11195516155639149
223917,-0.13450743800069187
223918,0.2206752517254164
223920,0.02806525994054226
223921,0.03344706242962428
223970,0.30777818566043946
223978,0.07342084262232494
223989,0.08972868261271758
224008,-0.2028434210684224
224014,0.18445250734595453
224020,0.01594448572563604
224022,-0.4338587588017085
224023,0.4533758290245984
224024,-0.2069197788733722
224045,-0.06424194814191643
224055,0.08752197016393251
224065,-0.10630578005438708
224079,-0.25607750531892576
224088,0.24057672989277712
224090,-0.35232820542315174
224092,0.02799687109426304
224093,-0.35985735680895375
224105,0.11406892218203996
224109,-0.04220115661444616
224111,0.00752532349995449
224116,0.2713418197956419
224129,-0.4648206314337115
224132,0.5238058554634164
224139,0.01950774348275154
224143,-0.4679203258590675
224171,0.5909374412995319
224224,-0.48499591185713
224250,0.02044515597899651
224344,0.23238407063703947
224405,0.713075884366577
224419,0.8078228593999556
224440,-0.07076929023276217
224480,-0.0694593971826329
224481,-0.2766631962820358
224585,-0.09766274962247289
224613,-0.03935872879746404
224617,-1.081207563359689
224619,-0.01680802641341898
224624,-0.16924426186350644
224630,-0.19298985260406587
224640,-0.0637338242206755
224647,0.09124536350309748
224648,-0.02121231104234582
224650,-0.13812133882648103
224656,-0.24317223100094593
224661,-0.5589208525893254
224671,0.18000286513086144
224674,-0.21340221452676855
224697,-0.6829187662591651
224703,0.05942583751584194
224705,-0.06332017464328596
224727,0.1096004637120375
224742,0.04392992254091325
224762,-0.34936427967395933
224792,0.4941686327801824
224794,-0.0318635842749251
224796,0.15122486348070333
224805,0.00464682243132119
224807,0.02590314492471507
224813,0.14808430408638296
224814,-0.30233882383553
224823,-0.04813405005123664
224824,-0.16399501885108028
224826,-0.35500075141566567
224829,0.14038978624882337
224833,-0.06716064902677031
224836,0.17779263034426676
224840,-0.16800248212429814
224860,-0.00594953818911281
224897,-0.3067538072625024
224902,-0.00335387103795303
224903,0.01194011256825054
224904,-0.10675661474588324
224907,-0.0852183151849839
224912,-0.41375833870226464
224938,0.00593041704949921
224997,0.1907117981292926
225004,0.14240164067605085
225010,-0.1990584455007451
225020,0.11867208950450274
225027,-0.2543109953208398
225028,-0.24101061145074565
225030,0.22479641735917563
225049,-0.0848692192476131
225055,-0.00852940080527003
225115,0.19588692716208125
225131,0.01330334314592864
225152,-0.02592025962328623
225160,-0.4553715530700871
225164,0.09382749333831893
225182,0.00310276892069941
225187,-0.6415994354504305
225192,0.08743520791153682
225207,-0.0384560937776022
225215,-0.01255686657778618
225266,-0.14562450718186457
225283,0.03486138105087528
225289,0.4267708004950363
225326,-0.00915632759464387
225339,0.00278509057784183
225341,-0.2167050833830058
225348,-0.19107625521675903
225358,0.22239887108014544
225362,0.44326670938766255
225363,0.0812683550595769
225372,-0.12736223137954072
225392,-0.2312606355537679
225432,0.10512462252177984
225443,0.188980033380881
225467,-0.19104159445432023
225497,-0.535286146778447
225518,0.2861640410576004
225523,0.01505003852808022
225579,-0.32101832018576304
225600,-0.20739615823555613
225608,-0.12116726312876616
225631,0.3903399164504253
225638,0.32465963796926284
225642,0.3385683945824053
225644,0.5238396571446358
225651,0.02308524369811707
225655,0.1443383638774524
225659,0.12446598357472435
225724,-0.43735681594343745
225742,0.3821931737894163
225743,0.20248501232301855
225745,-0.2464363479987052
225791,-0.06344256803327847
225825,-0.00800438618962919
225845,0.04426998770187118
225849,0.18848983145183373
225861,0.15447073814666046
225865,0.1565828357535462
225870,-0.08855668057738206
225872,-0.0975739224267258
225875,-0.0753286794179138
225876,0.5617164475235183
225888,-0.2652212739669239
225895,0.2446931408110402
225896,-0.00523506825857278
225898,0.00110903657136162
225908,0.03008633958231427
225912,-0.03730143186776986
225913,-0.12823772132040834
225922,0.15521641936896707
225929,-0.19260110566775104
225994,-0.5605163199014763
225995,-0.1652998461009557
225997,-0.39469514191801025
225998,-0.15242185771664293
226016,-0.17555533993371988
226025,-0.13205945626603635
226026,-0.1109876730409852
226040,-0.2300080461136177
226041,0.17164165276850782
226049,-0.01031153456159625
226075,0.3705255344854923
226089,-0.00468075010214664
226090,0.12256934960932592
226098,-0.16454156827071206
226101,0.12606424912785766
226115,-0.3756023726261065
226122,0.187214829046428
226123,-0.18487181386120383
226139,-0.05142838866053585
226144,-0.1925067080511473
226151,-0.18466037109578623
226153,-0.13908478284321155
226154,-0.18575093066700785
226162,-0.15886649799651983
226169,-0.09191572970734038
226178,-0.04557651540530007
226180,-0.07657088002465053
226182,-0.395176658969646
226243,-0.04136769580623288
226245,-0.4697437483624048
226250,0.2536295780321419
226251,0.13322959110056304
226252,0.02945415162468156
226255,0.5316406870316267
226265,0.3090815251210605
226278,-0.1006712060303722
226304,0.07767392831575189
226352,-0.2909004483916273
226359,1.1242526221341425
226407,-0.06442172910250642
226409,-0.05549974207890251
226412,0.17253283101548575
226413,0.3805877631188585
226414,0.09050952124099788
226418,0.24004717667387637
226419,0.1651579752853379
226422,-0.14446395099657527
226438,0.9337579897671152
226442,-0.2000162473519128
226470,-0.06914149037891844
226499,-0.28858394805470816
226517,-0.04133054379302937
226518,0.2620838844583938
226519,0.05852366039671493
226525,0.2476274123935525
226539,0.06704530002778435
226541,0.28631924649491164
226548,0.19353243256109823
226551,-0.7031263562368513
226562,-0.09120906116466455
226564,0.3821296655712969
226591,-0.26099353559659544
226594,-0.05900488504023037
226610,0.15436161649223293
226641,0.00196852817060527
226646,-0.22921646581047256
226652,-0.0611527896923127
226654,0.02826728414373217
226744,0.27814130915255414
226747,-0.06932710710748524
226751,-0.1795566216919836
226757,0.22656063937797488
226777,0.03065334766299142
226778,-0.33316689030818497
226781,-0.44303530828123383
226791,0.6025695546494948
226823,-0.18073221071295956
226841,0.3877284906875738
226844,-0.3518447512701287
226849,-0.10251042637118624
226856,-0.04627965175934675
226861,0.6420180493566373
226866,0.7804370529272924
226896,0.5271281922723698
226922,-0.26614621787755743
226970,-0.4556846933213639
226971,-0.1784253020378555
226976,0.129870229426568
226977,-0.13150489577539726
226982,0.16859671191868478
226999,-0.02969813049981873
227059,-0.15624708365856194
227094,-0.06679025881569653
227095,-0.107418141687654
227099,-0.4067660880903197
227102,-0.1731003936095361
227120,-0.6293223624770817
227154,-0.02507894215538858
227157,0.22899260091884063
227195,-0.10317486368460596
227197,-0.02216543513169173
227210,-0.08564725163174824
227231,-0.31473862595527036
227288,-0.06577833177154357
227289,-0.01756287847794836
227290,-0.0017841920755
227292,0.04690373651327084
227298,-0.09689380431236122
227325,-0.19994397152037208
227326,0.04305932993700024
227327,0.7802219239106123
227331,0.22719596486625257
227333,-0.03061804775623161
227334,0.07661028780507759
227357,0.12480577475850686
227358,-0.1226054512708416
227377,0.06479664724561995
227394,-0.6368822881712924
227399,-0.03908923112384627
227449,0.07015169327267447
227485,-0.5047552778760124
227522,-0.183430966413424
227525,0.03480551077887959
227526,0.4377544841637571
227541,0.03849454051346909
227545,0.28138768775541373
227606,-0.03530808757873958
227612,-0.17014625395665095
227615,-0.1570146492281335
227618,0.49229359514126625
227619,-0.05546002064101264
227620,-0.13504877196018622
227622,-0.08083986773838207
227624,0.0092713955213751
227631,-0.16981080868559986
227632,0.08833123095933074
227634,-0.06725413427914347
227638,0.31961566296459104
227644,-0.03840428572566588
227648,0.01930954790458252
227656,-0.0943351743838885
227659,0.03723518989461703
227674,-0.16962651549038393
227682,-0.15208071194293596
227683,-0.5275983611031112
227693,0.02468703362167268
227695,-0.03125521614162509
227696,-0.0884697699067635
227697,-0.3267282484820178
227699,-0.3425162632030774
227700,0.0090901424156258
227707,-0.13146429103773552
227715,0.01584844339460573
227717,-0.3044688117160307
227720,0.5496617866821873
227721,-0.3145484535173315
227723,0.18150634374583835
227731,-0.2049023076603934
227733,-0.2768136812097818
227736,0.34098254493389635
227737,0.0572065328280785
227738,-0.10662858465406118
227743,0.11210717385878016
227746,-0.03625058133307961
227753,0.2027536124865751
227800,-0.4714610560201482
227801,0.06956879334217639
227835,-0.1596484170181729
227867,-0.0159008867620059
227929,-0.0561533020468218
227933,0.20224977119139795
227937,-0.1722920999848328
227960,-0.10364667611805856
228003,-0.39300820794457714
228005,-0.48926239845601727
228012,0.04979001963919706
228019,-0.02325251179430036
228026,-0.354558630065099
228033,-0.11161426360424478
228061,-0.00862451602392417
228071,-0.3411817468766979
228094,-0.3231437335537093
228136,0.10433874432759031
228140,0.20189085205000004
228355,-0.00789349217969603
228356,0.5107104287304813
228357,0.3111388994894562
228359,-0.007925037814425
228361,-0.03105784686695321
228366,-0.05794627881376379
228368,-0.03244572933747876
228410,-0.20142058126573653
228413,0.01442397748814886
228421,-0.1464338406717064
228432,0.3744354264961619
228482,-0.21172217302344315
228491,-0.4329074482811469
228536,-0.14355875799242906
228543,-0.2538074675469396
228545,-0.08233285577072551
228550,-0.04183885030703638
228564,-0.32712497183544986
228576,0.20550407540608925
228598,0.5014919335541272
228602,0.05019426618575674
228607,0.07127765436720473
228608,0.1036080791221815
228662,0.09495063832631752
228677,0.26351945538057886
228714,0.06113821196928027
228731,0.10745055615267848
228756,-0.1439336822507089
228765,0.00741544872243333
228769,0.14274757712800448
228770,0.2322269630492339
228775,-0.30368141539626353
228777,0.036316401157642
228778,0.602446902073133
228785,0.5194110570728938
228787,-1.324957745605808
228788,0.06130907647036994
228790,0.031318892338555
228796,-0.16829335111274565
228801,-0.11489033723968702
228807,-0.10163866871479305
228812,0.01572272111756727
228829,-0.1502229874493713
228836,0.0744656838239818
228839,0.20061055507451891
228846,-0.01333903143177431
228850,0.14017258499395818
228852,-0.14345289748515166
228858,0.11732818836550674
228859,-0.06368392947660505
228866,-0.070538000222063
228869,-0.11656526485339416
228875,-0.01800326910809668
228876,-0.01145108432576449
228880,0.24509586499708164
228911,-0.9156674663792655
228913,-0.06828294193571287
228942,-1.182014635552307
228960,-0.290278830218951
228961,-0.21821119551803791
228966,0.01989841132509123
228980,-0.2500312395364095
228983,-0.01032022945916017
228993,-0.13530792036507092
228994,-0.02988070395274742
228998,-0.1968270650675421
229003,0.05297418591529699
229004,-0.16296600644134518
229007,-0.10002551746990516
229011,-0.00432196462096643
229055,-0.2561366302330007
229096,-0.2527515675502934
229211,-0.15119472279175228
229214,0.1684452665461958
229227,-0.5726652903005026
229228,-0.23175193274612388
229277,0.08172014999374075
229279,-0.02348402827750012
229285,-0.2159932438352855
229302,0.05043276110920235
229317,-0.2840090036967265
229320,0.11505767801667996
229323,-0.04086375172585432
229357,0.00419077110800576
229363,0.02035977641823968
229389,0.1494685979600698
229445,0.0650435513085199
229473,0.00979313905682679
229474,0.32790746991410746
229487,-0.33297522069961927
229488,-0.05624359970076668
229499,-0.2856790265388739
229503,-0.08457082929013447
229504,-0.0915455830292352
229512,0.01202975834952074
229517,-0.6122977708901356
229521,0.13715776578490846
229524,-0.05423465536578796
229534,-0.00152186758116862
229541,0.02070296599435691
229542,0.4587273806914715
229543,-0.31768722450487136
229562,0.09134135571159084
229574,0.09764871882151396
229584,-0.17370115676349615
229588,-0.20546424154823628
229589,-0.2281586015412004
229593,-0.0664607435969065
229595,-0.22959754493262735
229599,0.9671251515310022
229600,-0.02438534360145213
229603,0.6449442784659343
229615,0.5651527609584468
229644,-0.25598024086092547
229658,0.08970717194545806
229663,0.04527669886153623
229665,-0.01299430262878765
229672,-0.3340675975472057
229675,-0.294875936118389
229681,-0.22894362764387216
229699,0.4950266615765627
229700,-0.13946420007702692
229706,0.6608425423874735
229707,-0.05247884936197771
229709,0.01666708546521474
229714,-0.24657086765766345
229715,-0.3784987763168129
229722,0.19216358615802087
229725,-0.11965449285942714
229731,-0.14557592455767393
229759,-0.182024530382602
229776,-0.4400762190375568
229780,0.05188138844654979
229782,-0.01484642593263059
229801,0.593153552494702
229841,0.4740900079077161
229898,0.16612116765066146
229900,0.3562504030808247
229905,0.02846707023819145
229906,-0.17755082568630473
229933,-0.04052182825764969
229937,0.0110788558358919
229949,-0.3620542539503953
230025,-0.359509046060854
230027,0.233440565975501
230073,0.04523220468974648
230075,-0.13540101807399174
230082,0.01640439939483037
230085,-0.07218347964661313
230088,0.22047581139670783
230098,0.05161124490107255
230099,-0.4250230661901715
230101,-0.01638179378962152
230103,0.06751445387389376
230119,-0.11181287362346748
230125,0.0867892709113155
230126,-0.309701583618756
230145,-0.00443960948588231
230157,-0.335520077277248
230162,0.07659350575832068
230163,0.32110229391503486
230234,-0.04712286457344745
230235,-0.21287053462733083
230249,0.2868279465256218
230257,0.13310593435533744
230259,-0.01573784251058987
230279,-0.12788641480781038
230316,-0.21711442440963816
230376,0.09245272743532958
230379,0.08017705495593319
230393,-0.1973474832704915
230405,-0.01384528752883575
230484,-0.0642957821169575
230558,-0.7399504313673815
230576,-0.12068901143507188
230577,-0.21072992114652064
230579,-0.10796889952326874
230582,0.11625082228497344
230584,0.03358883947198306
230587,-0.07386361412361234
230590,0.0939846385527726
230594,0.05920772560724529
230596,-0.16652444787842732
230597,0.39400392679498375
230598,-0.06108428792162929
230603,0.03205901119106648
230612,-0.7550496685388752
230648,-0.05921271637202066
230649,-0.2642069179057227
230654,-0.20899898388126265
230657,0.2309973568579811
230661,-0.2956667587235934
230673,0.036206453458424
230674,0.1150060276485387
230676,-0.03356682611037359
230678,0.0660667282015009
230696,-0.1878271272804304
230700,-0.00800201273259112
230709,-0.04684071479574014
230718,-0.1903217254557364
230721,0.1621935290690883
230726,-0.5415875020839118
230734,-0.12961084236017845
230735,-0.15054092294961186
230737,0.3758740045970272
230738,-0.3565884184115969
230751,-0.3735329250703543
230752,-0.13607687381583045
230753,-0.03729010759613639
230757,0.07635956950674586
230761,-0.1364115701124934
230766,0.14914665584567183
230767,-0.18510130587987447
230770,-0.1924040111581688
230775,-0.3046681851089109
230777,0.25064790005360604
230779,0.17359192713534907
230784,0.09258012144599637
230787,-0.01784623173660586
230789,0.06707853478353415
230793,0.03185985176981186
230796,0.28635839913055644
230801,-0.06794592211165068
230806,0.10325073969576049
230809,0.03997791722806808
230815,-0.4996438831153732
230822,-0.1517296742831138
230824,0.08029433464410163
230828,0.541360022986449
230837,-0.4176581412056504
230848,-0.04388947915140681
230857,0.06846062158716139
230861,0.2770710763739751
230863,0.01667238885438285
230866,0.2592998913741513
230868,0.14746834320156077
230872,-0.00852857176540732
230883,-0.01460424007252758
230895,0.08136992524822176
230899,0.00618109972279659
230903,0.4221402561952382
230904,0.06002363080429285
230908,0.00693428838476558
230909,0.08849245393508143
230917,-0.178054771108938
230935,-0.2625243330626043
230936,-0.00669211327189154
230959,-0.20169718099883885
230967,0.34241105892112944
230971,0.8273650627081436
230972,-0.6129578398640334
230979,0.03697134156737336
230991,-0.09911893964538056
230996,0.01931280042251252
231002,-0.04665645794964311
231003,-0.04665645794964311
231004,0.134225711036381
231014,-0.3492962453010645
231042,-0.30065462808866905
231044,-0.29797179001443475
231050,-0.8287928356680361
231051,-0.18013708046811505
231070,-0.14000950383893657
231086,0.07449154608667703
231093,0.12474507546980168
231098,-0.1336321346257321
231103,0.578585282812593
231123,-0.17296214102707197
231125,-0.00732206584841536
231128,0.06445584241372981
231130,0.01738741747208413
231134,0.3485593336496924
231147,-0.05081125424332939
231148,0.4914278504118872
231151,-0.31952834443637546
231162,-0.6396937934167832
231207,0.2210739661128635
231214,-0.15712377830300903
231225,-0.1387930065048535
231238,0.3809008096605509
231252,-0.13051114992864787
231279,-0.35172852187234677
231290,0.0943585096553851
231293,0.11140436483306004
231296,-0.296090943267429
231326,-0.252161533368415
231327,-0.15734563672464474
231329,0.01723914847301459
231380,0.08247303563910215
231382,0.4543499811962992
231386,-0.02171854505060794
231413,-0.02790705867395512
231430,-0.4296790917295056
231440,0.47976621271972375
231452,-0.06585340042342024
231464,0.02130804330091163
231470,-0.4305608708340332
231474,0.5353949904485833
231503,0.01336950540172338
231506,-0.2325806713806737
231507,-0.0522550160641465
231510,-0.13830436217216774
231532,0.5163858505992467
231549,-0.053416491028654
231571,-0.1327983598392295
231580,-0.04582405383334445
231583,-0.43609133534898736
231600,-0.04731660357534412
231602,0.1664059465239455
231605,-0.14718789354058442
231630,-0.3662042751419448
231633,0.720865337673216
231637,-0.14399801238463947
231642,-0.2340462988304265
231646,-0.0250764596676345
231655,0.0542905477312132
231659,-0.06888329814578581
231668,-0.2184773202205242
231670,-0.15504101112868157
231672,0.08457351929452281
231691,-0.19411443243221063
231712,-0.06928096941242445
231713,-0.17089716784709358
231717,-0.21329658718520828
231724,-0.5260603977762778
231727,-0.01035413480899467
231760,-0.2818756051557817
231769,0.11968585556423902
231798,0.08527364438445603
231801,-0.1201976742288201
231803,-0.07256924755076338
231805,0.02603983900455868
231807,-0.1667319006323712
231821,-0.01412670004715823
231830,0.17978741254675304
231832,-0.00125095073613298
231834,-0.04212244777649197
231841,-0.00628110829007944
231842,-3.924549957677265e-4
231855,0.1154832957945563
231858,0.35515041688381943
231861,0.1435322734764041
231863,-0.7306199669955348
231866,0.5691757820972757
231868,-0.2583767368143622
231871,-0.02344189299931173
231872,-0.08647594844485028
231876,-0.4595567229529708
231887,-0.1824345641397329
231903,0.18721136305264427
231912,-0.08657725622879091
231915,-9.86044909548477e-4
231931,-0.02865936391683754
231932,-0.08306870697094393
231946,0.3851870072400657
231986,-0.3991944594436494
231997,0.16046833177206915
231999,0.00794480130787878
232016,0.11394423776778134
232023,0.07772572926619184
232035,0.3169426600124836
232086,-0.03021626300969317
232087,-0.00980006503727154
232089,-0.09518943066118964
232146,0.19744653514779675
232156,0.01661373924752737
232157,0.01255133600577687
232164,-0.1660121796902087
232174,-0.07517341405861191
232187,-0.04283772899023989
232196,-0.07943865012199525
232201,0.01091095795354201
232210,-0.10683824733048378
232223,-0.171876952707067
232227,0.07814708160589098
232232,-0.4159779164735488
232236,-0.12924195371243108
232237,0.0641935429301113
232286,0.04637319803732183
232288,0.5224770370466417
232313,-0.18630492663907017
232314,0.06886044971386385
232333,0.3173963099934153
232334,-0.04212758357381129
232337,-0.14224834683928717
232339,0.00715684065590931
232341,0.29455789980873853
232345,0.3478066949832136
232370,-0.00835148635812622
232371,0.4632599071814372
232413,0.1493487857306317
232414,0.2262487083076651
232430,0.01506599454998871
232440,0.06039984969768078
232441,-0.5413170544008732
232491,-0.2952278185846141
232493,-0.2029575195445656
232533,0.4368425570771922
232536,-0.2296509704450478
232539,0.17683763951461412
232560,-0.1229161317191952
232566,0.11110306858932573
232585,0.4984818679963223
232664,0.02068280262528295
232670,0.15813007666292175
232679,0.11915491930538794
232680,-0.0132921873578009
232714,0.3398710146460952
232717,-0.1659049282782915
232748,-0.0899840434163652
232784,-0.11816865087502526
232790,0.25921365917100747
232798,-0.01567765639835513
232801,0.22583922351061492
232807,0.10416445989739506
232811,-0.07696671931340582
232813,-0.1976744031572827
232816,0.02218121381371839
232821,-1.4937648885624268
232827,-0.25801551041015647
232836,0.06323784311148749
232854,0.1842771432634038
232875,-0.0776273402605074
232878,-0.321972726854748
232879,0.03712429233054687
232889,-0.022036347221262
232906,-0.11280272891587605
232910,-0.04985051229662542
232925,-0.10206111242997049
232934,0.5144814198838703
232941,0.06710326679994708
232943,0.06171656412321402
232944,0.10195606737407506
232946,0.7961530457495377
232947,-0.03784058438483768
232969,0.3054804214041983
232970,0.017655402474198
232973,0.02330249955330923
232975,0.21667564754205235
232976,0.01226388625074024
232984,-0.14587532937299932
232987,-0.10952781909018604
232989,0.3135390356741923
233011,-0.00574351893739622
233016,0.03533097631019597
233020,0.3545040480405399
233033,0.05516660577641356
233038,-0.1989751586273946
233040,-0.5417794673807256
233046,0.3376943962305546
233056,0.5487653630164087
233058,0.3625595045566387
233060,0.3045170010363955
233064,-0.11597329935281822
233065,-0.01854816196370693
233066,0.38288090020542104
233067,-0.45095733889742007
233071,0.1803748826699587
233073,-0.0937298879160233
233079,0.3500426212361156
233080,0.5272977431386602
233081,0.5272977431386602
233103,-0.03411053240781519
233107,-2.1423816167868287e-4
233115,0.05130979521738979
233187,0.12540967025327393
233189,0.23562354938183183
233199,-0.01026701827725893
233204,0.0567184132450089
233208,-0.12917761573250638
233210,0.4373479440465596
233246,0.2935356753369278
233271,0.07023456605635862
233276,-0.0475379031334653
233280,0.11661301745008604
233315,-0.30273461514312466
233328,0.17757664932301556
233332,-0.5295126336782277
233335,0.2891287440756325
233405,-0.17759231771993428
233406,-0.2991507249538837
233410,0.07872847298200628
233424,0.1986836451618374
233489,0.06746227934010915
233490,-0.08816909891800741
233529,0.01795164866165258
233532,-0.05284453669104382
233537,-0.1369399125269477
233545,-0.02586871565369958
233549,-0.2356267028661234
233571,-0.03430326173972715
233649,-0.2636934118968437
233651,0.2485737008617194
233724,-0.28680862250675415
233726,0.0554780255426523
233733,0.13587043255853115
233744,0.08405327521692782
233752,0.1333304166855073
233765,-0.3225832318954026
233781,0.06118879666361774
233789,0.0086332372258736
233799,-0.2008937757288709
233801,-0.04169278854729406
233802,-0.14932515466705948
233805,-0.3259028982688156
233806,-0.11035377920097272
233812,-0.03643829542635155
233824,-0.43024541407514816
233826,-0.04734453297373844
233833,-0.06544921738600822
233836,-0.3970628383231268
233863,-0.10397828886496197
233865,0.10678661862463584
233870,-0.02509384959176994
233871,-0.00268368059773738
233875,0.9532055511161236
233876,0.07530036025917342
233877,-0.29058390515087107
233878,-0.0350173411766191
233887,-0.1606909936038448
233890,-0.09151667469470068
233893,-0.08818916809273607
233895,-0.05071031648118505
233899,0.1614602632524399
233900,0.013104516085691
233902,0.13505282282478023
233904,-0.07637340161959712
233905,-0.09913728922617944
233908,0.02742193152697013
233912,0.07669700574590498
233913,-0.03898084795179976
233918,-0.33832069333629433
233919,0.3590939193148063
233977,0.00876642987069278
233979,-0.9509328561592764
233987,-0.3870477531978931
234023,-0.04207593124241096
234072,0.31092221630895506
234076,-0.3902515412878014
234086,0.05616537844713411
234094,0.12325105808502625
234129,1.1581143867816994
234130,-0.46347181345765953
234135,0.16717719799365147
234138,-0.24017724896416792
234155,-0.3703739101833949
234199,-0.07522287814419923
234219,0.9858558976462316
234258,-0.33094560057119426
234267,-0.1539262423266058
234309,-0.23668375417144208
234311,-0.519471915643812
234329,0.41423959233103
234344,-0.14825567084291294
234353,-0.20499367144231737
234356,0.250369445674406
234365,0.6365978835452697
234366,0.18515278254101492
234371,-0.1835642465144399
234374,-0.04383611048128676
234378,-0.22135364931793636
234384,-0.1053319680324114
234395,-0.1024721100045497
234396,-0.20558310362012605
234404,-0.24489864944799183
234407,-0.00243227667692087
234421,0.08911840049956318
234463,-0.20823557370396936
234515,0.04494837333721768
234542,0.3905133531114299
234549,0.17947620878885606
234577,-0.074397032066233
234582,-0.02012491823615929
234593,-0.5388053279423106
234594,0.10173801960286888
234595,0.07462871119889652
234663,0.14742930018964095
234664,-0.04682553588396675
234677,-0.30233412568506535
234678,-0.13726294775398568
234683,0.02576861166223333
234686,0.08149464059290992
234699,-0.00100453433793054
234700,-0.14070745974626417
234723,0.05313487267451104
234724,0.2602596914999494
234725,-0.34182952892226626
234728,-0.4227917636071792
234729,-0.18162122419268625
234730,-0.0936945921145158
234733,-0.255435018650557
234734,-0.12963595128978986
234736,-2.282848400081668e-4
234740,0.09802418979714392
234776,-0.04262500842098308
234788,0.37105493511899645
234796,-0.213727262146717
234797,0.15048597058171953
234814,-0.4339617301580789
234825,-0.12830707032518435
234836,0.757317167517082
234839,0.00978509505602589
234847,-0.08635200919560534
234852,-0.02761852987106032
234854,-0.08275593983981082
234857,0.5413447821277764
234875,-0.07682275939600078
234911,0.5605588253435518
234912,-0.1670642044293261
234915,0.16323168884951963
234959,-0.3896469220227483
234967,-0.04926541304455185
235028,-0.06657451422787096
235033,-0.1569190436839949
235040,-0.09062776878739671
235041,-0.13720080763837522
235043,-0.3707661033274629
235050,-0.45208410540853183
235072,-0.09640985577199648
235086,0.5983262376786633
235106,0.8002591858047232
235130,-0.29601636394388703
235132,-0.12692574407281926
235134,-0.2684273966507043
235135,-0.3948809366810783
235169,-0.05379439982400461
235184,-0.4208996280179193
235281,-0.30327195799866163
235283,-0.02321477279603657
235293,0.01837371277260539
235300,0.24194963480699072
235315,0.05143346484147496
235320,0.16969629673222503
235323,-0.08618904050342664
235330,0.3739932080018204
235339,0.0841860119110852
235344,0.00992029062649121
235345,0.11117426759861698
235379,-0.6918552261577251
235380,-0.06673355779733679
235386,0.09141299060898005
235402,-0.3274188142592525
235406,0.2389336599380826
235415,-0.08259415267883402
235416,0.1153828811775228
235431,-0.07467585735323529
235435,0.10153888845986456
235439,-0.08744534833457823
235441,-0.0748933277941889
235442,0.02969478615351547
235459,-0.23261897440133383
235461,0.00419229996877804
235469,0.12508901484716067
235472,0.08434566522970616
235493,-0.4382402440726283
235497,-0.02127418359066572
235504,0.05227782613892538
235505,-0.904039347697026
235527,0.26110229241753335
235533,-0.23805483569683217
235534,-0.28215997149237615
235542,0.3616978256594307
235567,0.20108373311454625
235574,0.1936241978129334
235582,-0.02480179318746779
235584,0.03673249407776431
235587,0.02525043023969656
235599,0.08940534257797927
235604,0.4289309835133229
235606,0.02260636504938415
235611,-0.8959674055553581
235623,0.06643018299747816
235626,-0.11157702168564824
235627,0.15300281882484443
235628,0.01402867779365142
235631,0.18599692005932972
235633,-0.15868153023904408
235636,-0.02286088012188265
235661,-0.04500404095034607
235682,-0.08260373580161928
235907,0.02834715968080881
236193,-0.41977190110170715
236266,0.3568137740031545
236285,0.47379785994568047
236511,0.08658008439368176
236539,0.16258740590778503
236643,-0.15140094751950953
236690,0.6146072963304481
236727,-0.11092621248907374
236732,-0.08118738962309555
236781,-0.11710177876125076
236790,0.15294546519890492
236798,0.05954754031870016
236848,-0.2204805359133033
236852,-0.40885997603000496
236899,0.24610102408281567
236900,-0.0384039180260045
236904,-0.189857627975534
236915,-0.8727791589528324
236920,0.16854328450373152
236930,0.14974118959738475
237010,-0.2826154729622784
237038,0.4926228772727758
237052,0.4765371620959665
237073,-0.17849790712830715
237082,-0.07367502594812815
237091,0.1230860292210897
237107,0.6220618983369677
237175,1.002413631933785
237178,-0.05753884966645228
237211,-0.14345063678471412
237213,-0.45097411291555506
237221,-0.23338688949480957
237222,-0.21287738340171633
237253,-0.07819246437481345
237256,-0.00248678205954163
237310,-0.8363925494565598
237313,0.3509605529689622
237336,-0.09853103068992376
237339,-0.0318664916270856
237353,0.02530416658701372
237360,-0.01768660718743159
237362,-0.18283159055287335
237387,-0.08147591270155999
237397,0.5391945874967569
237400,-0.5018858066834911
237403,0.06358467944284074
237422,-0.2103732955520501
237436,0.4095354113648857
237459,-0.10122722195311504
237465,-0.27518071145796374
237500,0.10222324058923454
237504,-0.9176324555813664
237542,0.04419835700222223
237553,0.03551799241758453
237560,-0.3306462695772046
237611,-0.09480444669315675
237615,-0.09157804557088332
237625,-0.1999862564994536
237636,0.20116077981811603
237711,0.19986337615879185
237716,-0.5579313820654458
237754,0.6797974943655554
237758,0.60860243478451
237759,-0.5095434358696063
237761,1.046549172746873
237775,-0.3840320633988179
237781,-0.364733515867795
237782,-0.00856558450288258
237806,0.3165807797172442
237823,0.3512807438803405
237831,-0.7920376239448997
237847,-0.11568425295441416
237858,0.5217607361802024
237859,0.2624872491737713
237860,0.15664244070534333
237868,0.02425061310274314
237877,-0.4044951105520274
237890,0.3321492881507384
237891,0.08473043262426191
237911,0.25867350478984263
237926,-0.08333112250451478
237928,0.3715142732107749
237930,-0.17820996480582493
237934,-0.1545578138948299
237940,-0.04743014171454102
237943,0.41606512818601626
237958,-0.08585810945061013
237979,0.0682595328785967
237987,0.1864595787803925
237988,0.20938461562232663
238011,0.31976585946178127
238021,0.5074997858635084
238023,0.30161360423618816
238024,0.31383878087143174
238037,-0.18028488057888772
238055,-0.27516294045050727
238057,0.13975866772994208
238076,-1.0203915100265453
238130,0.2582804432716049
238161,0.09244301225014762
238205,0.02803674178099357
238217,0.4355961749870658
238247,0.1171883717780164
238252,-0.7439006560942856
238257,-0.3252983263539805
238266,0.4300203983357645
238271,0.04690540995217379
238276,-0.00495198704189022
238317,-0.08896901127533294
238323,0.7494792773758111
238328,0.12503713319724535
238330,0.1380018415461276
238331,-0.02048813827716502
238333,-0.0264628095980065
238377,0.02569404462223576
238384,0.1967946771989821
238386,-0.09675758096270493
238455,-0.00188521630529625
238463,0.09331508787082678
238505,-0.03464415308746325
238555,-0.207672028647005
238564,-0.06964754431817773
238673,0.7381500799769453
238725,1.4189576759652505
238799,0.04211723121599096
238803,-0.33779992019276595
238831,0.17724617956344446
238875,-0.2209399053871737
238880,0.4252978627167418
238896,0.25383820791811534
238988,0.2090094878710461
239017,0.11320054217459424
239027,-0.28069930179861724
239037,0.00766911028364955
239038,-0.2892014002743856
239083,0.01049718312621822
239096,-0.2933264733361853
239099,-0.12091609047561291
239102,0.01675249152593119
239114,0.17929780906492215
239122,-0.5987029350687668
239126,-0.46690483335220045
239133,-0.5240778087230855
239157,-0.19342165609018608
239167,-0.06590020986406667
239170,-0.03421461937504638
239188,-0.393522255174482
239250,0.5346636330082707
239273,-0.14996889801603874
239283,0.6481556469303172
239318,0.17737028900403473
239319,-0.02715666096497618
239336,-0.46767845747160386
239337,-0.2208675051270105
239364,-0.02206490793487214
239368,-0.04033663818502132
239393,-0.1713243502573649
239405,-0.4136779421254237
239408,0.35657696034709746
239420,-1.3391596742849594
239435,-0.9983701890982856
239436,-0.4609320982447642
239447,-0.37511266677917854
239463,-0.19478742007148164
239510,0.02004071445671399
239528,0.2827896610699776
239530,0.0700941757429568
239546,-0.15644956407067295
239552,0.20570955690140033
239554,-0.7170881092323362
239555,-0.02890250981867472
239556,0.0715996967226562
239570,0.01474366141755578
239606,-0.09713241492703138
239618,0.2690144869215234
239647,-0.01442902082221322
239652,0.6561884986636564
239659,0.3504118996088268
239667,0.04507904205823389
239691,0.1917656888316592
239706,-0.5257096686831182
239719,0.03169539313830164
239739,-0.02114562159417888
239743,-0.04593816867075477
239759,-0.05158505890014304
239766,0.5190240418093431
239789,0.41113055905788337
239790,0.47409495318149686
239796,0.03473949845904302
239827,0.9047293687943742
239833,-0.13878958118199863
239839,-0.38630093526385734
239845,0.16418645743976323
239852,0.33747151042105344
239853,-0.45974592200491293
239857,0.1411069174005779
239931,-0.6971240708907923
239932,0.1292470317768076
239985,0.08555278298947433
240023,0.00819230055133034
240025,-0.08635691020341757
240028,0.10109211971506424
240041,-0.19032149946150112
240047,0.1524942739170413
240055,0.01173955446846124
240057,0.481473684043613
240058,0.11004005212438756
240064,-0.1845820057991429
240068,-0.30739214239986407
240084,-0.09126990620608652
240087,0.02398625635403676
240119,-0.47348694473577735
240121,-0.2389995938863119
240131,0.4018888989040213
240168,-0.0522619552096004
240174,-0.1522518664462012
240185,-0.1102358921657629
240186,0.1121723119061517
240215,0.28242232575472676
240239,-0.3315596594232729
240255,-0.15599899769340464
240261,0.42746186906164185
240263,-0.1616067118477635
240283,-0.13263364394807975
240322,-0.1127788834032466
240332,1.6879992731220512
240354,-0.1153972270439733
240396,-0.3087421367857656
240411,0.4500262920641712
240427,-0.00442413922322377
240442,0.4180771396537209
240444,-0.13319855787046933
240476,0.02450803008569095
240479,0.01508522702448637
240505,0.4092884887256496
240514,0.15179161522978638
240518,-0.03258862523254977
240590,-0.07923534581050234
240595,0.3629887057105128
240613,-0.01929894120752615
240614,0.13857612783110063
240633,-0.11186706385661103
240638,0.23956778941391005
240641,-0.2501261093202391
240660,-0.4557924017190509
240665,-0.20517303697542
240667,0.01582459556919359
240672,-0.0679255095701611
240675,0.1834338698346114
240690,-0.15181769461495576
240697,-0.3800098564825305
240725,0.5057660570485738
240726,-0.6725639652866092
240752,-0.00236459289276998
240753,-0.07885983246094116
240754,-0.11884586180778658
240756,-0.04893712685884573
240776,0.5169366734028499
240816,-0.263024503634086
240832,-0.06509686196493161
240843,0.1814240696300962
240869,0.3350256944658526
240873,-0.5781124410186735
240879,0.02736247606434277
240880,-0.28236368257330535
240888,0.5139685495161277
240892,0.08537012854254977
240899,0.43097784013524354
240913,-0.5099700124698482
240916,-0.5829040942624648
240960,-0.7345148152419956
241035,-0.01031156890722891
241062,-0.4224324281251264
241066,-0.27494396187268416
241070,0.2886179110570703
241073,-0.1998366387648796
241075,0.0984852734194902
241112,0.2603194093843272
241113,0.6196152481124808
241116,0.6783030936056774
241118,0.185218991242786
241128,0.30913593280909196
241134,0.2218354213906532
241159,0.350319436343274
241196,-0.15838913753312978
241197,-0.20762701459581043
241201,0.3925453346320749
241226,0.14992038787376033
241230,-0.03524829010126738
241263,-0.14010297596292784
241274,0.01773460951101441
241275,0.28048553354635547
241289,-0.08372964426868668
241296,-0.12087417220273282
241303,-0.01463964305612701
241308,0.02403714966458961
241322,-0.10752584362708864
241324,0.2039622863840344
241327,-0.08616879722893325
241391,-0.17460228861939536
241431,0.19115493503573136
241447,0.02343869478005782
241452,0.3445212807129885
241489,0.20013507317322532
241490,-0.3020575341065715
241494,0.3239964914956599
241514,-0.19304063775705432
241516,0.29577737721084046
241520,-0.5241574901685829
241525,-0.12025044278159736
241528,-0.7197579188227594
241547,-0.06543221899396966
241556,0.05133844758310239
241568,0.01795418646029629
241576,-0.00421713427395021
241589,-0.00810344901769491
241612,-0.6214429171867647
241624,0.2064992453408928
241627,0.11206792438164968
241633,-0.0155958315484174
241636,0.867442295685422
241639,-0.03848202672529488
241656,-0.00599828919978442
241688,0.12896674932457533
241694,0.04431016388885805
241727,0.7233787601192414
241764,-0.1876189195143887
241769,0.1797414650030101
241770,0.09994191198439684
241794,-0.6896567120555219
241846,0.07014411339738107
241850,-0.07539415727413422
241877,-0.04604103558988073
241915,-0.09322275892448958
241919,-0.4695778816962155
241950,-0.699868485965181
241989,0.3962290951360742
242022,0.25514405094783943
242037,0.24667205144179463
242050,0.23003624863862415
242083,0.0876394533339514
242093,0.1644565387756989
242100,0.1868396846157561
242109,0.03742003561764964
242122,-0.07283561099778477
242125,-0.1542505608278467
242126,-0.5510906984513315
242151,-0.1991300138750618
242202,0.2498765575775049
242235,0.2507269617208382
242248,-0.07563169893681626
242253,-0.26129977542958377
242259,-0.10469971169529035
242274,0.03678368023083378
242285,0.00226216912751359
242291,-0.25846992795643287
242297,0.31002148961797116
242316,0.5159721637676331
242341,0.08159821152614269
242362,-0.4597957422599509
242377,0.6194832516207148
242384,-0.11022986446585492
242406,0.14453794598491937
242408,-0.1709506597755303
242409,-0.08294612024927334
242418,-0.10376975920658373
242425,-0.07209146662870655
242443,0.5024127346999225
242466,-0.26331309198444813
242474,0.10815859280705203
242484,-0.1857118147854765
242505,-0.4723408688502359
242506,-1.274647183022683
242509,-0.07182921175058243
242521,-0.1464225392306977
242523,0.2880394933606388
242553,0.15944775385409865
242557,-0.5197226483447437
242570,-0.23776246892348504
242584,-0.0854135758115041
242585,0.12989017723285595
242594,0.11251401940856672
242602,-0.0770254614931418
242603,0.6687502986127929
242607,0.3813552074782384
242608,0.0961131202034426
242620,-0.12634695678260527
242642,-0.33441088019205173
242646,0.24477062343192785
242653,0.0217168080580468
242662,-0.18479886747656105
242667,-0.05946390635470819
242669,0.6508032653703011
242681,1.0798967151043972
242687,0.15725768153282435
242691,-0.30830390298818094
242700,-0.635203704022868
242702,-0.2185440825748115
242711,0.5894402790321704
242721,-0.07169170073307292
242735,-0.2533472360851021
242748,0.9220058733915292
242773,-0.03892425611209529
242785,-0.11677118195885676
242805,0.4076431747698504
242819,-0.3625067031346644
242838,0.09838982955098192
242851,-0.6027840978779078
242860,-0.04408247271030319
242864,0.06213070495779753
242891,0.550006088917148
242894,-0.1682867373958872
242915,0.07381140665651752
242939,-0.04340192913956654
242960,0.0893808025519311
243025,0.18263701532006071
243043,0.35276371913321775
243078,-0.0082494997557528
243083,0.9904314599103766
243084,0.9021674875265622
243168,-0.22826730113655364
243197,-0.17100443753515462
243270,0.1168000235326486
243272,-0.06941686173077326
243274,-0.596204555511039
243277,1.040073517670762
243300,-0.25709797006265656
243312,-0.48769723421269046
243328,0.10314769879705156
243339,0.3472317593742057
243362,-0.04513933995294486
243371,-0.01019646767039718
243372,-1.0745711106023226
243374,-0.0829363450581366
243382,-0.06127219552856812
243385,-0.5391941921664991
243499,0.485322646816456
243510,0.8169614801193396
243529,1.2227839626928565
243535,0.5393955233904799
243537,0.382782436784013
243538,0.4550326631331981
243548,-0.12761557729961648
243574,-0.3001733088731232
243612,-0.11949582277726598
243616,-0.7672078414284111
243621,-0.6115167306200796
243634,-0.1937812482034311
243653,-0.04836381691196059
243659,0.13873584643311834
243725,-0.32354770611631367
243743,0.5913644472634888
243755,-0.3124374040433301
243764,-0.3889431953980393
243771,-0.00238776132755117
243780,-0.5494718551209895
243813,0.01933898312694031
243816,0.18459791003253645
243819,-0.06887720960057522
243822,0.03869269232865127
243834,-0.5297410999815684
243842,0.8469262943631768
243846,0.13574988132637994
243853,0.08665113223095357
243864,0.7163236055728296
243867,-0.02195099987279117
243874,-0.6478252176195212
243897,0.13561447014834777
243906,0.00298393529876596
243910,-0.08540678671816786
243911,-0.18362180465931177
243912,0.12096951641819988
243914,-0.12060355373919956
243923,0.09504729380363516
243931,-0.16617134517372356
243937,0.32980131653481687
243958,0.00280669625998511
243961,-0.00362762354604337
243963,-0.165602875975343
243967,0.389720092775976
243979,-1.3017819138726394
243983,-0.2022416110771759
244049,-0.10147808572927453
244058,-0.09286982630523474
244059,0.29407411130129035
244071,0.09089144803746352
244141,-0.0512924956076863
244144,-0.4556694068493206
244178,0.04915370625406759
244179,-0.02930159519846345
244187,-0.0228778445999062
244198,0.398494845649087
244199,0.22335401179191824
244202,0.01197359408357212
244209,0.13312754894575385
244216,-0.04514047246486388
244219,-0.01770216401713667
244238,0.00860901229319138
244281,0.10952868595386003
244310,-0.00654408673353727
244329,0.07031133506837658
244349,0.10143630508622942
244373,-0.3305851670760753
244416,-0.26042667516227985
244421,-0.04687830202270578
244431,0.7063835865155049
244448,0.08172967262260854
244484,-0.2999019592219862
244486,-0.2044141212339582
244548,-0.23270977825083827
244550,0.13061961143623163
244551,1.4624864504680923e-4
244556,-0.12208494041477726
244562,0.4728259298530651
244579,-0.1268473174263775
244585,-0.06026741192595098
244608,0.3080430523698113
244631,-0.21645734977050063
244650,-0.04210295874984937
244654,0.6963888306830925
244666,0.17307913366183253
244667,0.1892176445690504
244668,-0.1688850472981071
244672,-0.7045927378604511
244682,0.415390029507179
244694,-0.3757592342852245
244698,-0.0325663769403515
244701,0.15174178803754343
244713,-0.4050651584755526
244721,0.5145553102746183
244745,-0.1574761088912617
244757,0.3042287562883971
244813,-0.610858173842465
244853,-0.08820247185326974
244859,0.5731675980872739
244864,0.04247154817790352
244867,-0.22417025144387495
244871,0.15298468722173708
244879,-0.20937478617116265
244882,-0.259751369292253
244885,-0.07820733789954207
244886,-0.20724994127610505
244891,-0.02000810130054897
244895,0.1523138276087916
244911,0.3761393020016635
244923,0.01395513338620065
244954,0.7822057491935912
244958,-0.11308727236387636
244962,-0.1249859606623514
245000,-0.09425826085144924
245007,0.27859874649209815
245020,-0.2095415751165969
245026,-0.7109681677431783
245038,-0.03319193684689567
245049,0.05827963132159308
245050,0.31578325518193096
245126,0.6641564421644237
245195,-0.1309044089218433
245308,2.0489502857130617
245368,0.27619772105951607
245381,0.5803316500061841
245386,0.2836996292691071
245403,-0.1783537009641294
245424,0.04771933823361179
245446,0.19214291727434377
245450,-0.3876164565512568
245468,0.610948604069028
245469,0.15439165762340576
245474,-0.04209930872867776
245522,-0.6385498780969638
245527,0.15195051803729448
245532,-0.1184703577396718
245533,-0.1932593208060763
245536,-0.46490608636394193
245537,0.04997853515269855
245555,0.02998819327240443
245572,-0.3019241903276707
245595,-0.11003823111262812
245596,0.303824737937444
245610,0.8671144393108108
245622,-0.01616942097504685
245631,-0.11885694769705105
245638,-0.4940176848118522
245650,0.5604953428901263
245666,0.12088019330999152
245670,-0.05062794324032053
245671,-0.19984161827884284
245683,-0.2230481761492315
245684,-0.09859242892209198
245688,-0.05434737586815426
245695,0.36521719200276304
245827,0.4908510517418945
245828,0.00130191768985304
245841,-0.1314363166422329
245847,0.0140779404087627
245857,-0.4956175069290388
245860,-0.0732210239994582
245866,-0.04097233154829159
245867,-0.10065940053490996
245877,0.02540184468809251
245880,-0.42531109710253495
245884,-0.49550806666603264
245886,-0.27929898323810115
245902,0.00887104892116903
245944,0.08357335855962163
245945,0.6079032031405981
246048,0.30618669676133153
246049,0.08173349226728871
246086,-0.15633838696285762
246102,0.14395730380158778
246103,0.04367675690850539
246104,0.3023706746583483
246133,0.29600924102235066
246154,-0.24656414085129905
246177,-0.03479942972464653
246179,-0.01000353848038476
246190,-0.13292572938964417
246196,-0.11883840621250226
246198,0.1536412760447433
246221,0.1710659484067292
246228,-0.06279337578904594
246229,0.10505590854298848
246257,-0.20574383247417216
246277,-0.09016698665805042
246293,0.30659726243779195
246313,0.32319413811765113
246316,0.6976533672391152
246317,0.9171433352068796
246691,0.27870714567886634
246694,-0.09161954210238717
246696,-0.07570760259409118
246700,0.44855925211053743
246703,-0.08568412307547044
246707,0.2104222146669893
246709,0.04728034520229121
246710,-0.11126892913043918
246727,0.32279173672515193
246728,-0.03901814555729438
246738,-0.2540111675195351
246746,-0.05977332375886631
246747,-0.16161028707613206
246779,0.4125407374906586
246782,-0.10406509136034836
246787,0.2392209584594876
246788,0.30105095043164043
252837,-0.4338227033833098
252838,-0.15592486025553154
252864,-0.2657088430464308
252868,-0.19407103506781376
252870,0.04703469351343488
252875,-0.4409712988152862
252876,0.08741368990654742
252903,0.01426821853495407
252966,-0.13566456496910473
252967,-0.2108993220702406
252972,0.10075697022750904
252973,0.5545905231498288
252974,-0.24560407336642257
257630,-0.422525356663834
257632,-0.00217254504861199
257633,-0.04094023984402416
257635,-0.03871684754049689
257883,-0.3515416734801494
257884,0.3640697506148991
257909,-0.00257813921258881
257916,-0.16562095622956435
257917,0.3901671818289903
257958,1.070664152803532
257962,0.28995752838343836
258016,0.15472632391154612
258025,0.7926191223969317
258036,-0.04356917890683721
258039,-0.2122114856208842
258097,-0.2701008628439035
258098,0.02674193000709465
258105,-0.01095921008433309
258121,-0.03488282754054967
258153,-0.04972946917093551
258155,-0.6236131720840101
258160,-0.07830087965538403
258178,0.5096367479148494
258196,-0.3059821078927493
258207,0.24309453809190937
258238,-0.12475125176342276
258246,-0.3083573072447664
258248,0.6012208239933686
258267,0.00749819446484228
258270,0.01036138011573091
258271,-0.381112992907976
258281,-0.09543982918769216
258287,1.099317013453346
258292,-0.3720809345210979
258296,0.5089905115575173
258302,0.10221968959497252
258303,1.162350891829076
258305,-0.1079736501043811
258310,0.10181401776382563
258316,-0.07627714785511455
258318,-0.00986194238935467
258319,-0.31885407733164584
258321,-0.1340107918447665
258322,-0.22393080250628256
258334,-0.220756480001242
258336,0.3640477866489429
258347,0.4672748165406593
258350,0.19677417907133216
258352,0.35253760974156434
258355,0.9356790565191028
258358,-0.435769838634924
258362,0.5469233733731201
258363,0.5912964680013512
258371,0.12981199973250537
258373,0.2796899473410481
258381,0.07706975394442762
258387,0.00421421793753439
258405,-0.03113231566718449
258407,-0.18850564333588565
258408,0.1401104037717434
258424,0.01905553155853306
258427,-0.38127685234731734
258439,-0.4439381972091247
258443,0.21829219506233305
258450,0.12351172574094382
258458,0.4394125631745587
258469,-0.29862030270229545
258470,-0.5668917045119659
258478,0.01516489036998465
258486,0.05547961909934081
258487,0.3353362888132805
258506,0.5396901870847539
258507,-0.5388001292870751
258515,-0.06107833386225346
258531,0.24112774576323912
258544,-0.12309034172572011
258562,0.4403375923467213
258563,0.17246454494097926
258568,0.37125562296116266
258569,0.3542663574557196
258573,0.20223321257565144
258575,0.26810689835243207
258580,0.412705499175321
258582,-0.38980569176489743
258585,0.1562614028124445
258586,-0.5999239969711061
258587,-0.00333458227072708
258598,0.30155568715140985
258600,-0.335240716187613
258601,0.4961722489857417
258608,0.5056808481287267
258614,0.1269689365086652
258616,0.9012274492581184
258618,0.1836298629725144
258620,-0.05997156544305786
258631,-0.44405019318961886
258636,-0.393623979494496
258640,-0.4255297567519383
258656,0.10221415295689698
258658,0.5101833043459124
258659,0.5511229313010939
258673,0.03427180933288157
258675,-0.12344663281292012
258676,0.48218223143804695
258677,-0.4682115301527036
258680,0.01136558276587512
258690,0.5760050829257071
258696,0.5061720244043384
258697,0.4625563818321462
258703,-0.01917040518763459
258704,0.2753105068945764
258710,0.5622507765508177
258713,-0.18497627654029303
258717,0.19838517675481931
258720,0.28716552555357505
258734,0.13022996350066554
258736,0.23408048545030613
258746,-0.8207298195660333
258749,0.14615321564048822
258756,-0.00396624662325489
258763,-0.4592355646170913
258764,-0.00892265260516234
258769,0.1287235688258058
258772,-0.00813254479349445
258775,-0.08712607999460306
258786,0.14254810653448108
258794,-0.1211803942539766
258804,0.46201896354810373
258814,-0.7571627963628851
258819,0.04524923460502303
258821,0.1742597064518743
258832,0.0684121247429514
258836,-0.04208186244266899
258853,-0.5936391340347602
258854,-1.0793965291467096
258857,0.05220442661583996
258866,-0.21687650933328728
258881,0.17403761674347404
258882,0.2107415093662588
258896,-0.04432868003748513
258908,-0.23678966378981023
258912,0.4180121025409978
258914,0.32286869748682134
258924,0.960701859718492
258925,0.06587309760376386
258933,0.04167194717026974
258934,0.105169473468813
258935,0.3609113681103012
258937,0.1957294242960764
258939,-0.4480031756044404
258941,0.17750201788384112
258944,0.2825018462968446
258946,-0.0556378699489917
258961,0.39266564942021986
258972,0.7886896636672581
258979,0.26835959890822725
258980,-0.6700701627278354
258984,-0.3987384743472845
258990,0.2578647259456689
258991,0.21563741164226247
258992,-0.3905604184817406
259000,-0.02767806074848154
259004,0.6186773308285354
259012,0.11850292672539164
259013,-0.2359513673257316
259014,0.6338362449066207
259017,0.20765452451772953
259019,0.09201651835295438
259034,-0.37777605329871194
259036,0.06822773016328595
259045,0.22243610890209956
259049,-1.3217116864174554
259051,-0.0162699900608774
259053,0.31449840347700064
259058,0.11329645296095342
259063,2.2046318516904195
259066,0.23254246830015513
259067,0.8531829427431681
259071,0.3328648437530768
259075,-0.3456740663882333
259083,-0.3792603866436338
259089,-0.07092186290063698
259092,0.12263243043176889
259095,-0.06947949541357618
259097,0.6070619282949883
259100,1.0702094676438167
259106,0.2081399852981101
259109,0.49629707560843983
259110,0.2119586899560021
259112,1.0300828953526555
259113,-0.06221635981312819
259119,0.8251893210483312
259126,0.09102127298699002
259277,-0.228023350632451
259279,-0.26012234387672345
259300,0.24629792598845565
259301,-0.5972804502790304
259302,0.5160364527678043
260297,0.16792194736536398
260298,-0.31978878046152276
260299,0.02156999407191103
260301,0.31647020168456963
260302,-0.04225156937478321
260305,0.24960767429853117
260315,-0.4242958615382031
260408,0.18950154310685488
260409,-0.01333888569946155
263406,-0.02403218676090476
263764,-0.2949209263095321
263803,-0.9092342810848582
263876,-0.1407523809996023
264064,-0.1029196069205628
264134,0.2505013850839071
264895,0.09125955503552818
266614,0.10008199341777942
266620,0.23451183021516153
266632,-0.14033583517102102
266645,0.1305552682128584
266690,-0.20895970346648668
266692,-0.20675922394678892
266744,0.38374351571205934
266781,0.01102513761376152
267019,-0.10683043592999984
268281,-0.4292494915703002
268288,-0.19487822915889497
268291,0.31012102735969493
268294,-0.26823080614114875
268297,-0.04050690784434825
268301,-0.1883579737022214
268345,-0.49581473178824487
268354,-0.6254620794485953
268373,0.0038389286755871
268379,-0.3690488419648362
268395,-0.09207588595008356
268396,-0.12180898174339272
268417,0.03301138042201546
268420,0.03924803819479381
268445,-0.07363824001213773
268448,-0.1875781204124184
268449,-0.02846456351870124
268451,0.11820155490835324
268465,0.03039540086306021
268469,0.08853740083580479
268481,0.07467685851941212
268482,-0.7176261186490923
268490,0.22006367418931033
268491,0.5267523803482743
268510,0.10603163982409168
268512,-0.32150366565478405
268527,-0.05166392609349622
268534,0.07379225428332557
268564,0.43405160036403534
268566,-0.01365378786613269
268567,0.03954848172293526
268591,-0.01432484189323434
268656,-0.26167485575227256
268663,-0.0786275907243615
268686,-0.04148419480389779
268706,0.01385264590868685
268709,0.09855485601852264
268721,0.00570503176134921
268739,-0.09302216164045111
268741,-0.37635584717018666
268747,0.14537730639549412
268749,0.01088875958531725
268752,0.34638507263669704
268759,-0.0741134873979188
268780,0.13552160676708336
268782,0.13265164536530982
268783,-0.16726652875045656
268807,0.05197735068479253
268822,-0.11076404397031842
268857,0.1523869531707161
268859,0.12279027063711544
268860,-0.3088023517966587
268878,0.07745197361097303
268880,-0.08221173355214509
268882,-0.2621964167204515
268890,0.7124249391368901
268902,0.14507805824921705
268903,0.16583710783572642
268905,0.24593430443383743
268930,-0.03696954604411642
268932,0.01103146108946009
268933,-0.13146888049578348
268934,0.19954174648430656
268935,-0.17129203749905228
268936,0.2751303393097347
268958,-0.20315019275037455
268970,0.3096452223088043
268973,-0.26517950984393296
268977,0.35957388222823256
268980,0.22088840056729728
268996,-0.00971948059225898
269003,0.10003956842194126
269016,0.3309859127190719
269019,-0.4349350363951869
269037,0.4837481767195232
269053,0.01796012996458287
269060,-0.3445021830800171
269061,0.07385763964672426
269063,-0.22557676774889568
269109,0.30746784770913804
269113,-0.07041318076431388
269116,-0.03370636154718612
269120,0.09254525235710433
269132,-0.25944541723616066
269152,0.7270951127158165
269180,0.04313245074837316
269181,0.06938526672250349
269198,0.21622011225972945
269209,-0.01144890354374714
269224,0.3317741845927556
269233,-0.1263000971848869
269252,-0.12923452956682965
269254,-0.04263098181148139
269261,-0.02729905568935191
269275,0.05406462780839099
269295,-0.01276905249912318
269328,0.32803752358589333
269336,-0.15604691771411333
269338,-0.19181090277985652
269344,-0.27983645897163056
269356,-0.5819138703251061
269378,-0.2307268761507583
269389,0.3051939585083791
269397,-0.24676448946915747
269400,-0.11937772159870602
269401,-0.20702036175890903
269423,-0.18193518209050735
269424,-0.02011304795095628
269437,-0.1270888583507652
269470,0.04471773937918151
269473,0.2545618384965126
269513,0.2543213584758399
269514,-0.2189301473221954
269523,0.10471952198336262
269529,-0.41457690082258714
269536,-0.02131385147211704
269582,-0.1229208133963006
269585,0.1267738793501617
269587,0.14282726020441355
269589,-0.1332989556228671
269593,-0.01137583804115836
269604,0.13854162025637096
269608,-0.3864262879682078
269610,0.4529084454800082
269614,-0.18231368065921685
269615,0.26009028270923573
269623,0.04142862225919921
269633,0.4669775220159077
269639,-0.2958560556191868
269642,-0.1086281502050699
269643,0.18903051329009496
269682,0.0446875980689326
269693,0.6630812692257613
269695,-0.1951936965758792
269700,0.21609660671422945
269701,-0.30027484767344126
269702,-0.05625918155018672
269704,0.03294492318929703
269713,0.4603511549028646
269717,-0.03686674879818085
269774,0.1854232509572497
269784,-0.4066610651106588
269788,-0.05516364822018697
269800,0.25921851489648506
269823,-0.19943433175818737
269831,0.04282876152998786
269854,0.11205995187713136
269855,-0.01906103009940282
269870,-0.1637968112191119
269878,-0.9953835905068488
269881,0.05124048543311753
269941,0.06615042111998576
269951,-0.11642071387852934
269952,-0.13127903488351625
269954,-0.03243972469668747
269955,-0.5739606539505602
269959,0.09257937496603996
269994,-0.04041056835015191
269999,0.0171682988196438
270004,0.01369666530704726
270028,-0.16955496482569293
270035,-0.22624145913441177
270049,-0.16429272854728116
270058,0.01519126522995451
270066,0.07616573733084225
270076,-0.2658546495521532
270084,0.16055016090198174
270086,-0.09395049538967204
270091,-0.13977805530905155
270096,0.13364368685797834
270097,0.6728638916879361
270109,0.26778708709153454
270110,-0.00489437339897755
270118,-0.14583328390894112
270120,0.15542428105283929
270150,0.6736705002810008
270151,0.2870737718567909
270152,0.04460067335818679
270156,-0.2634101723127172
270160,-0.9118317742951024
270162,-1.0926048237812287
270163,0.03179379191378108
270166,-0.17117920992066213
270190,0.5782289915368692
270192,0.47184287566776106
270198,0.02044693928081848
270201,0.04941886927291608
270210,-0.5535010267404206
270624,-0.17105419250446724
270669,-0.14496334589736218
270672,-0.3921980846891981
270685,0.08497997339190935
270757,0.05510229666318775
270802,-0.0550374708716497
270893,-0.17535797872783188
270906,0.12994429334614177
271005,-0.20510490208304089
271036,-0.1910649462814922
271127,-0.288901037643156
271209,0.14173457587307878
271221,-0.24255831730261077
271305,-0.16131954086261088
271377,-0.0224856542554774
271424,-0.4946634841986736
271457,-0.1017053303306262
271564,0.30978527113641857
271639,0.01601260509905427
271697,-0.14648968820159947
271786,0.17891281406621862
271813,0.2984403954784857
271842,-0.04101424252073182
271844,0.6573012127812539
271849,-0.12115517391793348
271887,-0.00868375214813027
271944,0.690832192898774
271970,-0.6891571460818886
271981,-0.2752960212518385
272027,-0.25571819587450795
272322,-0.19763565278587283
272347,-0.07828666623874658
272359,0.1048302617075994
272381,0.17249418210642575
272382,-0.1283696936504109
272396,0.02792060218117862
272411,-0.4300729155025167
272428,0.3957703734373657
272465,0.3363546880188391
272538,0.2774766999428485
272551,0.7015881603128821
272589,0.12090079862010376
272636,-0.19012090157290693
276770,-0.01636880501024784
276829,-0.4041464868281307
276846,-0.07553441773254144
276852,-0.0876026199759526
276891,0.23759184144943996
276905,0.1838088239161769
276919,-0.2915681077337875
276920,-0.01266528737817652
276952,0.06337820807860406
277010,-0.02002671788445094
277154,0.18055286011680305
277203,0.13182868177629473
277250,-0.4208846698783559
277328,0.24967094454347885
277343,-0.35370944375793245
277353,0.8884752045722906
277360,-0.00310907032889463
277414,0.00428207622549445
277432,0.32063831756115563
277463,-0.1085212951980898
277468,0.4065566781235806
277496,0.1253376075704724
277743,-0.8292341223247645
277854,0.2927490569134784
277898,0.22443338500417032
277939,0.1271663325431981
277973,0.37109132752346313
277978,-0.39541451620812895
278097,0.0539401901591327
278180,0.6268210307206071
278279,0.12569615039318216
278507,-0.2685978896463785
278795,0.4204836469723406
279028,1.227318754403437
279029,0.12796327350331765
279499,-0.47506554031424975
279653,0.08410518810013855
279766,-0.25418621982757533
280287,0.08347853331685609
280408,0.11268023130746437
280411,0.4632131852903676
280635,0.02951329750556476
280645,-0.6439270061019791
280662,-0.399274206548897
286940,0.07513929475852113
286942,0.01939854203546243
317652,-0.8025613602748294
317653,-0.27342477322627873
317717,0.00935218576928843
317750,0.5425396641062481
317755,0.7507313749249678
317757,-0.13288519497061524
319162,-0.01097356052793232
319163,0.27574004682553654
319169,-0.00762226893073805
319176,0.00929270236728695
319178,0.49506560853400855
319186,0.11747501073940415
319188,0.17066146592134396
319189,0.2347242732779892
319196,0.5022766742568961
319197,-0.9879876376484876
319200,-0.07096953375086813
319207,-0.15582090296232406
319229,0.06060556204311819
319239,-0.2729131566161951
319259,0.4563920359428839
319262,0.22313791578300296
319263,-0.10307640678602346
319266,-0.07406710803531055
319277,-0.1444177776582197
319278,0.1725497010415342
319322,0.06128760629748814
319352,0.04129406720793092
319370,0.02222438176107589
319387,0.32062497310831745
319415,0.20048751241887272
319430,0.14554239027308738
319446,-0.19487571590205227
319448,-0.04225254081055912
319455,-0.05333427030565111
319468,-0.14479870181978652
319475,-0.2519136527886935
319476,0.1898749000429653
319477,0.45708217564632975
319478,0.0067675224747508
319481,-0.2528479384371042
319504,0.20518012451741188
319508,0.4713677569953156
319513,-0.11728997850987503
319518,0.07663012628562231
319520,0.12622162047951407
319530,-0.4283430619876034
319535,-0.27243322875622517
319554,-0.16383594430078793
319555,0.7164911234358275
319565,-0.23868089173367496
319579,1.040746422446306
319582,0.5628499067579733
319583,-0.11326247817233978
319586,-0.2620094789755844
319594,-0.34152377377264287
319601,-0.10843955307965744
319604,-0.1078842216661259
319613,-0.4922059762304125
319618,-0.09844516047070616
319622,-0.11195129385222095
319625,-0.4704784455456543
319634,-0.03137956221040884
319636,0.33595620468928356
319638,-0.1610078142634415
319642,0.04000720368957873
319651,-0.5581026751221473
319653,-0.6188246995136926
319655,0.6300357820593627
319660,-0.27995264381792295
319670,0.1549913464210878
319675,0.07489939762282653
319695,0.3438908261117849
319701,-0.06927550787318909
319710,-0.2537833889331177
319713,-0.16115469844120534
319719,-0.01781379183906685
319734,-0.0849450519589789
319740,-0.15686561793296236
319742,0.04904870170857495
319748,-0.04652899039453059
319757,-0.20254742139530185
319758,-0.5037971802437236
319765,-0.2183989904177324
319767,-0.06952009434859084
319776,-0.9140787506392314
319801,-0.23782941288942872
319804,0.4955183528101695
319807,0.206501600551292
319817,0.18099285933611495
319822,-0.13701351224779906
319832,-0.6462261294104225
319845,-0.1990975455537412
319848,0.34413327480708944
319876,0.03012954083988888
319880,-0.03050528166647513
319885,-0.07856303101771489
319899,0.08173951913492108
319901,-0.18165224075714345
319909,0.00595525083770512
319922,0.7369369812685542
319924,-0.132441639940086
319930,0.3363902442022515
319934,0.0159965046389296
319939,-0.02046194546069761
319942,-0.4291526518901728
319944,-0.13726371920536243
319945,-0.1101724440925477
319953,0.2032241534976553
319965,0.04563312775352589
319974,-0.08458671517469368
319984,-0.2869972676162297
319991,0.22746648111680448
319996,-0.3040799744091762
319998,-0.07983835385802335
320007,0.10016831002781935
320011,0.0072736847813213
320022,-0.10242989613939953
320024,-0.12711026255873506
320027,-0.7856621289746002
320040,0.15306942925297007
320051,0.4977717178533354
320078,-0.2849068192402444
320080,-0.22982320622440044
320091,0.6040117048556015
320095,0.2697385500069413
320100,-0.08694070953752252
320106,-0.16853308370358722
320111,-0.1911309058493116
320116,0.02810904880396471
320118,-0.12636775993355323
320119,0.12974145578589177
320127,0.25511961373370584
320129,-0.29358527921937555
320135,0.17015712944365283
320139,-0.4932439265861196
320145,-0.2082697107028453
320150,0.15678387982657843
320158,-0.08244596051599438
320159,0.21685186152969932
320162,-0.21727034889142027
320165,0.04838426017216743
320181,0.2304832073356693
320183,-0.133436430688416
320184,-0.03319330869864286
320191,0.12034498783734957
320202,0.5883984266684998
320204,-0.13219780702536946
320208,0.1734965849574752
320213,-0.11934847817004483
320214,0.3876784458420691
320226,0.49665715606649513
320234,-0.11732547276139238
320244,-0.24455903850144275
320253,0.10215232907164584
320256,0.14922350429619488
320265,-0.2182453784359843
320267,0.00218133277622598
320271,0.1239754343986385
320277,-0.6866675915340381
320292,0.08078431009444548
320299,-0.1148418691639228
320311,0.35853300003603644
320343,0.6394971619740129
320351,-0.284502400256201
320355,0.08621936742277696
320360,0.315075430928994
320365,0.03296637728542896
320376,0.307190925421355
320394,-0.09165387102189788
320398,-0.4423523790004447
320404,-0.10983626707952572
320405,-0.10933491238307984
320415,0.04035831936468998
320429,0.4875093401483422
320435,-0.10569555651604544
320438,-0.13993657804609777
320452,0.08731229391946244
320460,-0.5538258216505886
320472,-0.5627517730369613
320473,-0.19054629237973825
320484,0.07620198127646122
320487,-0.07052393411865493
320492,0.19120315456772535
320495,0.05413810994733469
320500,-0.03684793501927363
320502,0.3179307368554644
320506,0.05786463716294071
320508,0.23521336214515776
320522,-0.6371605197104493
320528,0.3431481721801596
320534,-0.10648874811355062
320538,0.13277671685946105
320554,-0.5474178860541441
320557,0.01551639189443035
320558,-0.6252253110196375
320560,0.03719609749514722
320563,-0.36421394908279336
320587,0.30284796492861854
320590,0.23202564045520185
320595,0.16696770415304268
320604,-0.5106718330299345
320609,0.4234638082491272
320615,0.2208256164280037
320632,0.02462889623331712
320633,-0.09789929790466388
320634,-0.11557267061601006
320635,-0.03359701425216277
320655,-0.15459831683211997
320661,0.16583839586155397
320662,-0.5090317046217098
320664,0.3669083346743609
320678,-0.00894246290424191
320679,0.5167006328532214
320683,-0.10291499145206572
320685,-0.5884317496587465
320696,-0.00423160191916245
320701,0.24167482521720768
320705,-0.2702386326998876
320706,0.320598081303334
320707,-0.223798259353239
320709,0.5290197581642926
320712,-0.157899698889986
320713,-0.4456652450459061
320714,-0.01767090941035697
320717,0.01338426308107391
320718,-0.5162260408876069
320720,-0.23076139499114703
320722,-0.2215005761455356
320727,-0.03604253807814505
320736,0.5489550387254831
320747,-0.17388920377983758
320752,0.3875590395198255
320782,-0.28606284570217017
320790,-0.07365315369506592
320795,-0.13607846664998963
320799,-0.15128558301785505
320806,0.06820508448493551
320808,0.44678915574327344
320816,-0.26649196154482124
320817,0.1264943598116044
320825,0.10659464273626446
320827,0.27742796111745205
320840,0.41626254867396995
320858,-0.21575247305743775
320864,0.05489287956244967
320865,0.22392998703011477
320869,-0.23647561505989792
320873,0.35135388410304796
320878,0.29142729553537705
320910,0.1726354680966549
320916,0.11439057949198092
320923,0.16837320875920606
320924,0.2712401428687856
320938,-0.094754955270075
320940,-0.20986714356350028
320951,-0.01751331944556676
320974,0.2528951893416142
320981,0.21306341251983188
320982,-0.2607259878430169
320995,-0.08417745145492722
320997,1.2015767665049146
321000,-0.4883811830183743
321006,0.13994214127705665
321007,-0.05219789361496406
321008,0.09924338441836844
321019,-0.09556436260771764
326622,0.1144952093295077
326623,0.25095184946175586
327655,0.07088147703879816
327743,0.15245570175527873
327747,0.18329864109761568
327762,-0.805860235415883
327766,-0.49541195540628247
327799,-0.6927311719721196
327814,-0.22210565998484144
327826,-0.1215813250123115
327942,-0.08633773822716324
327951,-0.24205015608192937
327954,-0.02710322502155688
327956,0.10595334647073916
327957,-0.15485690089237983
327958,-0.8007824900139856
327959,0.00956150632591642
327978,0.19549846115331876
327987,-0.2080357479087721
328019,-0.19386142967483155
328035,0.3220170472576326
328092,0.3496157032845575
328108,-0.290352781527418
328110,-0.13123268230515306
328162,-0.18438058179276293
328232,0.0338351604376678
328234,0.0162321901512068
328258,0.585113467760028
328329,0.2839699864979568
328365,0.11534308676846536
328370,-0.14576584102093038
328381,-0.0270772816252451
328401,0.6200164034814193
328417,-0.08167608724497122
328424,-0.16252923327813162
328572,0.1698138666516713
328580,-0.29487014972670245
328643,0.16428849662543585
328778,0.8666821616978957
328779,0.27484145417149985
328788,0.4516653077961445
328789,0.5111303483808358
328795,-0.1124674035595271
328801,-0.04372743688269558
328833,0.20952404237292788
328845,-0.08037865095743907
328949,0.4047545691048472
328967,-0.08942056146448019
329002,-0.0880289469342902
329003,0.38012866249061333
329015,-0.00206895830425561
329064,0.3845319925448112
329093,-0.4375863396726676
329152,0.6080733553304045
329154,-0.04457648281390215
329178,1.447385659578606
329207,0.7969898609406809
329244,0.3840262349034137
329251,0.13730920011138642
329252,0.99329835583976
329260,-0.19616872362722823
329274,-0.05340940217418585
329278,-0.42830634893855857
329324,0.45969405069123626
329360,-0.31251019698281945
329375,-0.02504552111115728
329384,-0.27330004561244114
329416,0.2686730131829473
329421,-0.21889043578944592
329460,-0.5230857189134299
329470,-0.1451807825185401
329502,0.5978638584660012
329504,-0.25443129918530194
329506,0.4361052873781884
329540,0.3429968531885981
329547,0.08225632347777585
329559,-0.4487344696754562
329581,0.7366452666835812
329628,0.5431621264128164
329641,0.10168152911045164
329650,0.0725964999393913
329659,0.5655405772156954
329679,0.22997687193959868
329693,-0.06120483081122948
329727,0.48724643964883607
329731,0.01698899111533387
329738,0.3048121055150935
329739,-0.03280930799358853
329777,-0.04176915664244157
329795,0.19163056106311815
329828,-0.3764147402434858
329831,0.25378437734533926
329872,-0.29571720842047355
329877,0.01137573691639987
329908,-0.03687176778093747
329910,-0.09143692163177612
329934,-0.7068202505407666
329941,0.657183033962981
329954,-0.6156564705756045
329972,0.14179975520259633
329977,-0.12021244048984615
330010,0.2291740091798122
330050,-0.5114232113876372
330064,-0.216910370185547
330096,-0.25762585817082423
330119,-0.22723146134001893
330122,-0.28842847570294383
330149,-0.6464320318736807
330171,-0.10134859038032304
330177,0.3938480389212064
330188,-1.3524172151715197
330189,-0.02822530440403405
330192,0.00349988455093009
330216,-0.04938662837710625
330217,-0.7993251140039608
330222,-0.00874557888200539
330230,0.2416214031405673
330260,0.1492315540177381
330267,-0.2832445789708815
330277,1.0603384114012868
330286,-0.43242498573911503
330301,-1.3302467802762092
330319,0.8059071814229477
330323,0.20792510684531892
330355,-0.30201259647444345
330361,-0.6804892354266447
330369,0.07345399725166367
330401,0.08681902957452156
330406,0.2425587963949548
330409,0.0878697870665669
330428,-0.08172397272881185
330450,-0.2155070248619304
330460,0.13654714781566124
330463,-0.09890196347820011
330470,0.710311850772751
330474,0.07105450733663107
330483,0.00358384633961091
330485,0.18818247204237903
330502,-0.24230167560839017
330554,0.23540457351963384
330577,-0.04525462946719123
330627,0.27471162416226047
330657,0.10246481279290788
330660,-0.04739614669692316
330662,0.4616678887269588
330671,-1.2951136713093074
330695,0.03920901805020623
330721,0.7267166077990801
330723,-0.3086322358928105
330790,0.4875692107810613
330812,0.5963395501303977
330814,-0.38080219629381706
330817,-0.09990855099836672
330820,0.20561044614979784
330830,0.07921740394330887
330836,-0.5413940046961059
330863,-0.04577072640042362
330890,-0.09408503877713792
330908,-0.09586666415738544
330914,0.8621011518558062
330921,0.9790840038516108
330938,-0.3813125189955595
330941,-0.06187980499815212
330953,0.6355282278785346
330959,-0.10395464353618236
330962,0.3682474459248898
330998,0.5889718943946797
331004,-0.15825464105784182
331026,0.04546633224395099
331046,0.5748347989684266
331401,-0.00487614729409196
331461,-0.13930789266234123
331474,-0.3057954432462298
331487,-0.24881447269614448
331524,-0.1223025863340348
331532,0.14824533524654374
331535,0.8816088094901465
331623,0.13242188795506898
332110,1.3388286814549517
332131,-0.532073363004514
332175,-0.13593684936256897
332221,0.449025912924765
332309,0.03340682874841532
332359,0.4219981574468949
332396,0.2910112030121242
332397,0.4091917043921588
332427,-0.01817330449870297
332578,0.7181165298027766
332579,0.4163017202195107
332713,-0.16651805264128
332934,-0.20967699985545785
332937,-0.22002139594159853
333048,0.467821277165228
333050,0.26909593084451444
333182,0.03869269232865127
333193,0.02490842968231694
333315,-0.02325944005974158
333329,0.02292102179649269
333424,-0.4488628217020465
333433,0.25807264088838766
333605,0.5900537973056967
333639,0.02745534920963888
333654,-0.2052980493592441
333789,0.15874642329849548
333883,0.09824147919771996
338320,-0.2115042037542042
338337,-0.2522783558920012
338346,-0.16416586437614922
338348,0.10200840694324116
338349,0.1515806645596806
338352,0.3030200534697847
338354,-0.13987929596557003
338355,0.0187912751361363
338359,-0.06757877839787811
338362,-0.03787711569408532
338363,0.01156996195334058
338364,-0.2072712580663861
338365,0.25793640278587743
338366,-0.00360780904876778
338367,0.23943152704826992
338368,-0.17753129749844945
338369,-0.03319394118411724
338370,0.14538571568907108
338371,-0.02757841045771004
338372,-0.15822848355089172
338375,-0.4478147735132427
338403,1.1304969028615672
338417,0.18847490175402043
338467,-0.390612911452884
338521,-0.1334867336517762
338523,0.3999654017639674
347722,-0.42444550255609015
353025,0.17697286348890573
353047,-0.03879337735615681
353130,-0.14139765568479806
353148,-0.4271544370753505
353155,-0.0601044927743667
353156,-1.023862551731697
353165,-0.17266422861294425
353169,-0.14089985207973543
353170,-0.15525570718920237
353172,0.00639184124444142
353187,-0.26955447889648343
353188,-0.13444278910756466
353190,-0.1155022888549626
353211,0.5185775371477435
353236,0.7487867990717082
353237,-0.05522976034646314
353242,-0.10980888936177416
353258,-0.1741147741469472
353282,0.1860792732809308
353283,0.5741882231187085
353310,0.09902961981131034
353326,-0.0303467494603295
353328,-0.28680241380427185
353344,-0.32063785517423826
353346,-0.21106696470854924
353499,-0.01218533703867152
353502,-0.02291353628764716
360013,0.30605311855279893
360213,-0.20692651139499327
360216,-0.05683096217764768
368202,0.18800748070732323
373864,0.1286097769102718
378425,0.4484971585918587
378430,-0.03355668356137768
378431,0.1417355043473542
378435,0.14532280698444017
378460,0.16746387681779948
378462,0.04232238760425225
378700,-0.21065385122075225
378702,0.04764800622559845
378937,0.1977746851059788
380601,-0.05808019997317363
380614,-0.04060478000417339
380629,-0.07022729037029368
380660,-0.2549626466394852
380664,-0.35646357880893653
380669,0.8434767462126171
380683,-0.28504190681188907
380684,0.08945427833923698
380686,-0.563848437998962
380698,0.4853732574487954
380702,0.2169640808191717
380705,0.2637776058095048
380709,0.01425798269479216
380711,0.1735428758860755
380712,-0.2326221349984172
380713,0.3530261809298435
380714,0.12083769866499294
380718,-0.1930612702943545
380728,-0.03650032382299589
380752,0.05558225451483042
380753,0.3270656796395458
380755,0.10598207821360782
380773,-0.1205204380432806
380780,0.06334513126105361
380785,0.0723510679455441
380836,0.13850646596032312
380840,0.04586858629229941
380842,0.3248739017746519
380863,-0.5569139202576187
380912,-0.01054662986829849
380916,-0.23063852451096867
380918,0.4040846645898216
380921,0.1503635190208861
380924,0.02078252919911322
380928,-0.47025218197518287
380967,-0.1275817205712768
380969,-0.01664235217184731
380975,0.03023201401615661
380993,0.09157486284302228
381022,0.21439355413808697
381038,-0.07843790915282867
381062,-0.19129355143921983
381073,0.6565900345551647
381077,-0.2115245288695221
381085,-0.00905839311347851
381101,-0.21344273362354935
381104,-0.10257525708451452
381107,0.4897686769264432
381110,-0.12680569629179494
381112,-0.445304165022286
381113,0.06101577566459877
381122,-0.5656791793656838
381126,0.00613786555675364
381142,-0.05307542962077566
381157,-0.02003673357367538
381175,0.13760152666930317
381199,0.35907448612639575
381201,0.03086380205798431
381204,0.03910630157771973
381217,-0.25743853728322263
381229,-0.05224175149521508
381246,-0.8026809564155581
381259,-0.1543466981514699
381269,0.2366550299124832
381270,-0.17505139730449815
381280,-0.01273020645963708
381290,0.0658574839205074
381293,0.00408441475430551
381305,-0.04513575094414497
381306,-0.11622716682636304
381310,0.2595656286578098
381314,0.02765420232585118
381318,-0.09133786068487484
381319,-0.09491889579895146
381337,-0.06393227840673063
381338,0.3124983169801864
381339,-0.06378660985788151
381350,0.5589346859162695
381352,-0.3756596021012554
381353,-0.18126331654759503
381356,-0.1384882261865303
381359,0.19825961143123255
381373,0.17833703744121326
381375,-0.1007909468536258
381379,0.14476747977793009
381399,0.1691875409558768
381404,-0.2042721432685587
381409,0.08520284820186405
381410,0.01917601498234287
381411,0.26860913175260154
381413,0.23459293211376492
381418,0.00655398940530826
381457,0.9074032247056112
381476,-0.3653426169930654
381485,-0.0637457714865671
381489,-0.03005730451627873
381510,-0.03168282896995136
381511,-0.4921277037427356
381522,0.5929078859348645
381534,-0.09380264793319294
381538,0.8106575158839159
381544,0.3947093111682886
381546,-0.01132218812814244
381549,0.196490988561279
381560,-0.2181737085679273
381580,0.3753482334405843
381582,-0.17428160152577715
381591,-0.2627949181859164
381605,0.0133038273511771
381626,0.18167258805013609
381628,-0.7440996576247096
381629,-0.23036917921178016
381633,-0.28817224052141166
381644,-0.28120326458083444
381651,-0.5341397799041336
381668,-0.00502645715919174
381677,-0.20098161742146017
381678,0.11762270365854968
381686,-0.00557885053187105
381694,-0.03055274198613274
381695,-0.3245208227398491
381738,-0.0624993730795582
381741,0.4508847955985599
381760,-0.1042726445933804
381798,-0.09903139759524918
381801,0.4697398591185867
381810,0.694102121949632
381812,0.19104733404064028
381813,0.2185668618491036
381823,0.12036200049431044
381835,0.706156601891795
381853,-0.35949662892279044
381884,0.12372311219835744
381903,-0.1864118341741952
381921,0.11572937152311988
381924,0.3262503548949724
381925,0.4064009812142099
381974,-0.7307254644516614
381979,-0.25884742754222545
381983,-0.4702056393799634
381990,-0.00511063285114061
382010,0.31492030561507306
382014,-0.4195494359624021
382018,0.39866013854397686
382030,-0.08631528063871233
382034,0.0601454414125549
382038,-0.2058623909892636
382045,0.07510930792600143
382051,0.03975893995023315
382056,-0.11634293193897507
382062,0.00324790636108675
382066,-0.17747232659995757
382073,0.19599937196387832
382074,-0.07238102361329724
382075,0.5546502833222834
382077,-0.06803008127408566
382083,0.3753310446137626
382089,0.18921005761397397
382090,-0.16597529779901016
382111,-0.11250897835917144
382113,-0.30751467240846664
382117,-0.43807358769160576
382118,-0.28050702786214055
382137,-0.24139760180777875
382207,-0.14460474090859193
382236,-0.3125668531521043
382239,0.07671749045153975
382252,-0.36396803421825685
382253,0.5198095424306364
382384,-0.05018735955267269
382406,-0.07152102164681734
382423,0.07759225321591552
382427,-0.12882992228589907
382543,0.1475552185844165
382562,-0.3696751507702252
382571,-0.07788190351709223
382620,0.03658589848245252
382639,0.6531736912757168
382793,-0.3956061823997761
382864,-0.17882345599922417
382867,0.17881151204528006
382913,0.06685769505427132
382985,-0.1921448382875009
383075,-0.21936130084102037
383103,-0.0658078427977946
383348,-0.14831637396370068
383491,-0.2517087777314154
383563,-0.12060548989073208
383619,0.0010598473272885
383766,0.6361257468043905
383787,-0.28780813921936416
384009,0.00606851111374674
384061,0.5161139504606874
384071,-0.387299306851242
384185,0.7502040794410331
384214,-0.5090959973896658
384309,0.10934560268515751
384763,0.3676436004751298
384783,0.13056009964789853
384997,0.10038965908786918
385354,0.07850834009797622
385377,0.610948604069028
385658,-0.03565629117380389
385668,-0.38568326758180016
385674,-0.25180340802395196
386454,0.1800534952546132
386463,-0.6817658844134491
386611,-0.5275293176199223
386612,-0.2124375659943728
386649,-0.05290248374349384
386655,-0.6297178674984945
386750,0.7059869382166717
387285,-0.13877503104274003
387314,0.4624625241612653
387346,0.03394916483897232
387347,-0.6117822246307701
387348,-0.620977303373778
387349,-0.38073994801234895
387353,-0.065237667132827
387355,-0.1655025219101093
387356,-0.03142831807606195
387510,-0.535688408483962
387512,0.22399325025900385
387513,-1.1418296632823033
387515,-0.6743571348120289
387524,-0.3036712728081584
387609,-0.04997416233573661
387616,0.2504057903490143
394252,0.2421779287785452
394433,0.04489316574245738
396184,-0.1362686013743308
399510,0.02332536662022675
399548,0.24219210937881783
399558,0.21338256838040803
399568,-0.250940889403229
399603,-0.5147506174413329
403171,0.1748297893617823
403174,-0.19572070515211373
403175,-0.2904831307509657
403178,-0.09744849450329468
403180,0.5035687218098212
403187,-0.07378337156347474
403205,0.5321101994300432
403395,0.07270962480382903
404194,-0.23951420619978037
404222,0.295095387989736
404242,0.1985497915898138
404317,0.08001192133548385
404319,0.262560496512425
404346,-0.2402798151442371
404545,0.01652409136669902
404710,0.03053769607571044
406217,0.3040022507451455
406218,-0.12487595091640852
406219,0.8179700380368129
406220,0.16019960072321887
406221,-0.03927348825775341
407243,-0.5683646905288966
407786,-0.41746131661810737
407790,-1.1625195773749228
407800,-0.16198924770557244
407819,-0.0317085496028134
407821,0.04826109663516502
407831,-0.3576516615405614
408022,0.156672771940572
408068,-0.24865992654954372
408190,-0.19202441681661453
408193,0.12439965782690444
408198,0.06218717561122639
414069,0.2125474338851974
414077,-0.07508675567417375
414084,-0.5341318105663553
414801,0.09909906808633608
414872,0.14753165251440348
415115,-0.03920953699362944
431706,-0.2517935208458302
432442,-0.07314854718210859
432467,0.17301760993140286
432478,-1.0291732366866473
432486,-0.05330771433130676
432508,0.10184870129590226
432516,0.04174088742251684
432552,-0.5918777437490252
432572,0.21282994600179805
432611,0.5257606412625355
432628,-0.02380943083481013
432677,-0.5621099339688296
432763,-0.5047843345924541
432779,0.6551050582854936
432839,0.23507007162944407
432879,-0.11376535988081243
432940,-0.07980923824824651
433022,-0.34214191219423506
433091,0.19400207969325023
433178,-0.22608799668355173
433256,-0.06664702661968407
433292,-0.22742675319323405
433294,-0.5831045576220305
433323,-0.27232305381588734
433375,0.05117267348739711
433386,-0.33855781300627397
433470,0.11521236549842231
433485,-0.03298012191611241
433586,0.10245220954630856
433619,0.2940609717197348
433638,0.06274501106543284
433667,-0.02880385306452306
433693,-0.00781277464196629
433700,0.074497729896871
433702,-0.08383301374784458
433759,-0.06146998474151811
433766,0.15437976145979518
433771,-0.05935888243344985
433809,-0.3790286152513539
433813,0.08208587756546906
433864,0.16796671809574243
433899,0.17625277889337954
433904,0.37556811975339094
433926,0.421696573173693
433931,-0.06369298823238882
433938,0.16832596421023915
433940,-0.16999128175623612
433956,-0.1198985845818842
434008,-0.4866536884521353
434128,0.15918939561283854
434130,0.2216371159974414
434156,-0.33019632861679427
434203,-0.00147253631937054
434204,0.065316717987976
434215,0.14196524624819185
434232,-0.06803852718702912
434246,0.37742420909992086
434325,0.065640591673325
434341,0.09271805577454868
434377,-1.0337328748106047
434402,-0.02168751135994211
434423,-0.19908016789427868
434437,0.04971699796607672
434438,-0.1875796517679829
434439,0.3083095926398781
434484,-0.07908479648245881
434756,0.9021344759328482
434778,-0.3028618093580676
434784,0.01413891427155639
434903,-0.1523942685757398
435145,-0.8638870589915755
435285,-0.01825275694456367
435286,-0.22186764145280136
435391,0.3854241962177378
435528,-0.14861523233008872
435529,0.3025529083820968
435626,0.17440104701543868
435653,-0.28687905161748806
435684,-0.21054380734769537
435811,0.00850727859776803
435815,0.4625940576366615
435818,0.082898901968865693
435965,0.3589228158832586
436022,0.3679981008468147
436059,0.01402373500441615
436062,-0.04513771624385496
436240,0.2244342753580232
442801,-0.00135787272048328
442829,0.21149256381409756
445007,-0.21042775408367603
446101,0.05982608076079172
448850,-0.11206904377196908
448987,0.052185395853295
449521,-0.2323136734141884
474156,-0.2342699215903664
494448,-0.15527529992661454
494468,-0.2461446189470274
494504,0.5266634586405616
497071,0.00443402403764853
497097,-0.03824462635530527
497106,-0.6569569598492707
497113,-0.06691872883369177
497652,-0.17714882151370465
503558,0.29526831028141265
503610,-0.0308485256033974
503847,0.2811914284670368
504186,-0.5089720677627351
544678,-0.14876639840903677
544696,-0.17980282100794664
544763,0.09848641557214102
544791,0.6329773291938967
544817,0.43121176744557166
544963,0.04679411524811714
544971,-0.05950103030696189
545030,0.12684850791953803
545085,-0.03690970199288974
545091,-0.15763095658476262
545136,0.00818580281893424
545156,0.3084166509250822
545192,0.17503508315799526
545260,0.12870612687923377
545276,0.3524670631623355
545279,0.10680456160397646
545291,0.6037589388798661
545370,-0.5919648935275676
545389,0.2041873099989859
545428,0.22259092513145567
545474,0.08517171627772999
545481,-0.02976690934556523
545486,0.3826375347225811
545527,-0.1960658977322267
545554,0.323050850611479
545622,0.00699151222404803
545667,0.24110437808055543
545798,0.0444586661394513
545817,-0.2379611849807424
545824,0.30247501733036036
545893,-0.4654079974481255
545902,0.9961977998772656
545975,-0.10063721018779262
546071,-0.15947147345537666
546134,-0.04679774082983633
546143,-0.04967255641887812
546144,0.35927849771966525
546336,-0.12596877425892755
546519,0.31524435577927024
546611,-0.5933011407207043
546648,0.41642782183973504
546726,0.2305852219106981
546729,0.6571044501439189
546747,0.15668607577836402
546840,0.2535176177829924
546886,0.15915713660739117
547176,1.494291728563483
547253,0.04206004529115358
547431,0.24851041718854244
550619,-0.30286874074800735
552899,-0.15340903280743115
574402,0.07509593008428964
574403,0.15796596191147474
574417,-0.2116699798993888
574428,-0.01379694304820783
595136,-0.10449685659638416
606496,0.01653965705630192
619287,0.649577155707444
619288,-0.33951999068335753
619289,0.04449040729766058
619301,0.03585295409294466
619310,0.03241479745220951
619331,-0.29585921586977726
619605,-0.02366204218213418
619665,0.26813507408575077
620235,-0.6773889383615858
620393,-0.47328901488604824
620592,0.246808850262214
620709,-0.18490329126923785
620779,0.4837300494014769
621080,-0.28650740830393157
621239,-0.09044048491879204
621628,-0.11895177961717478
621893,-0.22863355365081325
621976,0.29647962226580815
622117,-0.04993234077680188
622320,-0.21823605703338955
622404,-0.06164830086350043
622408,0.01267434288832991
622434,0.4438712653054766
622473,0.49187367758450934
622554,0.2111975570649783
622645,-0.6384685663251761
622665,0.22010547866581365
622675,-0.348785325265559
622935,0.21930252317677476
623046,0.02091637920003654
623131,0.35959545769737755
623230,0.0157854633279432
623279,-0.2237734514960899
623474,-0.29291941722019893
623503,-0.04150944521810078
623661,0.09877040418455107
623781,0.1872942260250716
624219,1.6998015010051548e-4
624224,0.96352882588364
624866,0.17805431436764663
624910,0.4817506079089108
625098,0.33382900883210587
625249,0.0646452664263462
625286,-0.27415536226472476
625638,-0.3651442005013761
626359,0.619389216678693
626596,0.21508038891431416
626834,0.12221957208789994
626870,-0.08432269216048405
627049,-0.6300836555383025
627191,0.3814391280324566
627214,-0.2141320687672103
627607,0.0662063244663166
627626,0.12086969850067444
628100,-0.05074234101097938
628779,0.12465461352139834
628813,0.06170679723227339
628870,0.6992600982761634
629059,0.5449872409774827
629114,-0.31652182579403876
629147,0.16349090476581934
629303,0.5735230460291669
629378,0.5354926540531629
629499,-0.3385296779885756
629524,-0.13616245608318348
629747,-0.04615692099916521
629754,-0.4307075181401938
629761,-0.03957198335721094
629873,0.23263092442321648
630146,0.08718181294792177
631304,0.7030188889554658
631584,0.08807271847785614
631784,0.370328346514599
631797,0.7082245965063376
632126,1.30115797991593
632687,0.4457811982932291
632778,0.03113228676005769
632971,-0.26815308332172627
633285,-0.0720735294788314
633640,0.35057772658392683
633979,0.24433339128505777
634731,-0.06337646008324845
635169,0.12543458707305027
635253,-0.9348201816818684
636104,0.094326199111931755
636808,0.13192785211618183
636931,0.12352105317501624
639634,0.3948371978639288
640524,0.787669654628995
640543,0.5218433115538685
641340,-0.21549169803252147
641376,0.11204593851935386
654459,-0.30844427697281157
654460,0.2747347196383464
654470,0.02754212165926279
654498,0.4766138926278306
654795,-0.1254848611301493
654801,-0.5101887026389895
654812,-0.21490811411576055
654818,0.17706386917086075
654821,-0.06877147106214163
654824,-0.36844736714229087
664799,0.3150088542391933
664805,-0.3568102673845183
664883,0.37022223664555687
664968,-0.6348873764064716
664994,0.7168448106353245
665033,0.4644490645422357
665113,0.45539439692003314
665119,0.07439432762700042
665180,0.32184496632219534
665270,-0.5043315524759259
665525,-0.7061946876688316
665563,-0.11814569530103589
665574,0.596145753006762
665775,-0.02826724965962547
666048,-0.01326300390119729
666060,0.33820655409814465
666173,-0.1007383791462679
666279,0.04429438896315715
666311,0.8698629253812618
666339,0.1442525357121894
666468,0.4865995447634391
666528,0.799041220616144
666794,0.5537446866858796
666938,0.26148481672591295
667118,-8.525143819377475e-4
667663,0.2065099232767272
667742,-0.00859623964485684
667772,-0.14845146638122264
668110,0.3701685250253855
668158,-0.09665091795432625
668166,-0.4763192887087796
668173,-0.31809178609146943
668212,0.07643043255598386
668257,0.27268947063219
668303,1.2435393457806807
668433,0.01877414289765989
668501,-0.22363940121892303
668929,0.31689277261563487
668940,0.15776896781136202
671232,-0.0842460738651113
671535,-0.06984946300096631
671564,0.6900927838772979
675812,0.06376807299804965
677296,0.6095751506769764
692132,0.2553745230129689
751865,0.0128367159546478
791260,-0.10440655939844264
100009600,-0.05256731484606801
100037258,-0.0064190259325884
100037278,-0.21558892401825977
100038347,0.09474696880494617
100038417,0.5349552802136232
100038725,0.8122526355653739
100038882,0.1542817675363109
100039139,0.4632119921959994
100039596,-0.19863769327724465
100039672,0.15438548290506726
100039781,-0.7542993726495582
100039795,0.26835020048063274
100039801,0.4693298802642432
100039968,-0.06033554403102156
100040591,-0.5148577446766927
100040608,-0.4239682808777954
100040766,0.15820608878693165
100040972,0.5930257266918644
100041096,0.09966916260873428
100041581,0.30387662734729515
100042150,-0.3032074023201337
100042450,-8.270311971543265e-4
100042480,0.10834622317625882
100043057,0.08901448942110479
100043254,-0.3550332964146635
100043314,0.18033376043898797
100043332,-0.02526399652559726
100043474,-0.0775995204245093
100043597,0.13963068234449572
100043757,0.09315939895160193
100043861,0.22983978936152097
100043899,-0.1199366300802408
100045792,-0.1368369142215782
100048534,0.02424268070837004
100048658,-0.26559937806662676
100073351,-0.14496334589736218
100113398,-0.0470143665216345
100126824,-0.34791854725233895
100216474,-0.2135942881961415
100233175,-0.15469861379761235
100233207,-0.10542587684320052
100416706,-0.4022257464740137
100502698,-0.06067471505850289
100502841,-0.08404417924967955
100502861,0.04050341257488802
100502876,0.5552788909687892
100503041,0.1781300706167985
100503185,0.10713246279099416
100503311,0.3711162344150556
100503361,0.672872578281122
100503572,-0.20235063781377544
100503879,-0.11155603001795102
100503884,0.06007693251713166
100503991,0.35652644396561617
100504156,0.3169960003803889
100504164,0.4248289750395019
100504183,-0.073997617938592955
100504234,-0.257636073964467
100504285,0.7963425614315844
100504446,0.613829847047383
100504491,0.22084582954087975
100504518,0.2594054336048105
100504608,-0.3001928992254851
100504663,-0.05309795559856811
100504689,-0.6883370513006858
100505386,0.05614995686244124
